production_id,work_order_id,prod_date,shift,plant_id,line_id,product_id,scheduled_minutes,planned_downtime_minutes,unplanned_downtime_minutes,operating_minutes,ideal_rate_units_per_hour,total_count,good_count,reject_count,actual_run_rate_units_per_hour
PR00000001,WO00000001,2026-01-01,A,P01,P01_L01,SKU001,480,21,0,459,49.793,332,323,9,43.399
PR00000002,WO00000002,2026-01-01,B,P01,P01_L01,SKU007,480,37,6,437,69.9,461,455,6,63.295
PR00000003,WO00000003,2026-01-01,C,P01,P01_L01,SKU005,480,0,0,480,50.42,330,320,10,41.25
PR00000004,WO00000004,2026-01-01,A,P01,P01_L02,SKU004,480,0,0,480,56.693,409,398,11,51.125
PR00000005,WO00000005,2026-01-01,B,P01,P01_L02,SKU003,480,30,33,417,61.962,406,396,10,58.417
PR00000006,WO00000006,2026-01-01,C,P01,P01_L02,SKU004,480,0,0,480,56.693,366,351,15,45.75
PR00000007,WO00000007,2026-01-01,A,P01,P01_L03,SKU003,480,0,6,474,61.962,451,440,11,57.089
PR00000008,WO00000008,2026-01-01,B,P01,P01_L03,SKU002,480,0,0,480,72.0,494,474,20,61.75
PR00000009,WO00000009,2026-01-01,C,P01,P01_L03,SKU003,480,0,0,480,61.962,453,439,14,56.625
PR00000028,WO00000028,2026-01-02,A,P01,P01_L01,SKU007,480,33,0,447,69.9,494,486,8,66.309
PR00000029,WO00000029,2026-01-02,B,P01,P01_L01,SKU001,480,0,0,480,49.793,351,344,7,43.875
PR00000030,WO00000030,2026-01-02,C,P01,P01_L01,SKU004,480,0,82,398,56.693,338,324,14,50.955
PR00000031,WO00000031,2026-01-02,A,P01,P01_L02,SKU001,480,0,0,480,49.793,355,346,9,44.375
PR00000032,WO00000032,2026-01-02,B,P01,P01_L02,SKU008,480,0,0,480,60.302,386,381,5,48.25
PR00000033,WO00000033,2026-01-02,C,P01,P01_L02,SKU008,480,47,0,433,60.302,334,329,5,46.282
PR00000034,WO00000034,2026-01-02,A,P01,P01_L03,SKU008,480,0,0,480,60.302,430,423,7,53.75
PR00000035,WO00000035,2026-01-02,B,P01,P01_L03,SKU003,480,0,0,480,61.962,487,477,10,60.875
PR00000036,WO00000036,2026-01-02,C,P01,P01_L03,SKU008,480,26,0,454,60.302,383,376,7,50.617
PR00000055,WO00000055,2026-01-03,B,P01,P01_L01,SKU006,480,0,0,480,54.878,394,381,13,49.25
PR00000056,WO00000056,2026-01-03,C,P01,P01_L01,SKU001,480,0,0,480,49.793,314,304,10,39.25
PR00000057,WO00000057,2026-01-03,A,P01,P01_L02,SKU008,480,62,0,418,60.302,381,371,10,54.689
PR00000058,WO00000058,2026-01-03,C,P01,P01_L02,SKU004,480,0,0,480,56.693,374,357,17,46.75
PR00000059,WO00000059,2026-01-03,B,P01,P01_L03,SKU003,480,0,23,457,61.962,421,410,11,55.274
PR00000060,WO00000060,2026-01-03,C,P01,P01_L03,SKU006,480,0,0,480,54.878,397,382,15,49.625
PR00000069,WO00000069,2026-01-04,A,P01,P01_L01,SKU005,480,64,11,405,50.42,308,299,9,45.63
PR00000070,WO00000070,2026-01-04,C,P01,P01_L01,SKU001,480,0,0,480,49.793,326,317,9,40.75
PR00000071,WO00000071,2026-01-04,B,P01,P01_L02,SKU004,480,38,0,442,56.693,370,356,14,50.226
PR00000072,WO00000072,2026-01-04,A,P01,P01_L03,SKU004,480,0,0,480,56.693,421,406,15,52.625
PR00000073,WO00000073,2026-01-04,B,P01,P01_L03,SKU008,480,29,0,451,60.302,391,386,5,52.018
PR00000086,WO00000086,2026-01-05,A,P01,P01_L01,SKU001,480,0,0,480,49.793,350,341,9,43.75
PR00000087,WO00000087,2026-01-05,B,P01,P01_L01,SKU001,480,0,25,455,49.793,331,322,9,43.648
PR00000088,WO00000088,2026-01-05,C,P01,P01_L01,SKU005,480,0,0,480,50.42,361,349,12,45.125
PR00000089,WO00000089,2026-01-05,A,P01,P01_L02,SKU001,480,44,25,411,49.793,306,296,10,44.672
PR00000090,WO00000090,2026-01-05,B,P01,P01_L02,SKU001,480,42,0,438,49.793,316,306,10,43.288
PR00000091,WO00000091,2026-01-05,C,P01,P01_L02,SKU006,480,0,58,422,54.878,336,325,11,47.773
PR00000092,WO00000092,2026-01-05,A,P01,P01_L03,SKU003,480,37,145,298,61.962,286,281,5,57.584
PR00000093,WO00000093,2026-01-05,B,P01,P01_L03,SKU003,480,29,0,451,61.962,469,454,15,62.395
PR00000094,WO00000094,2026-01-05,C,P01,P01_L03,SKU003,480,0,0,480,61.962,451,437,14,56.375
PR00000113,WO00000113,2026-01-06,A,P01,P01_L01,SKU005,480,0,0,480,50.42,331,324,7,41.375
PR00000114,WO00000114,2026-01-06,B,P01,P01_L01,SKU001,480,0,0,480,49.793,355,344,11,44.375
PR00000115,WO00000115,2026-01-06,C,P01,P01_L01,SKU006,480,0,0,480,54.878,391,376,15,48.875
PR00000116,WO00000116,2026-01-06,A,P01,P01_L02,SKU008,480,42,0,438,60.302,396,389,7,54.247
PR00000117,WO00000117,2026-01-06,B,P01,P01_L02,SKU004,480,23,0,457,56.693,396,379,17,51.991
PR00000118,WO00000118,2026-01-06,C,P01,P01_L02,SKU002,480,0,4,476,65.2,433,413,20,54.58
PR00000119,WO00000119,2026-01-06,A,P01,P01_L03,SKU003,480,0,0,480,61.962,481,475,6,60.125
PR00000120,WO00000120,2026-01-06,B,P01,P01_L03,SKU003,480,54,0,426,61.962,409,399,10,57.606
PR00000121,WO00000121,2026-01-06,C,P01,P01_L03,SKU003,480,0,55,425,61.962,385,376,9,54.353
PR00000140,WO00000140,2026-01-07,A,P01,P01_L01,SKU005,480,0,0,480,50.42,349,339,10,43.625
PR00000141,WO00000141,2026-01-07,B,P01,P01_L01,SKU004,480,33,0,447,56.693,346,332,14,46.443
PR00000142,WO00000142,2026-01-07,C,P01,P01_L01,SKU007,480,28,16,436,69.9,438,429,9,60.275
PR00000143,WO00000143,2026-01-07,A,P01,P01_L02,SKU008,480,0,0,480,60.302,400,391,9,50.0
PR00000144,WO00000144,2026-01-07,B,P01,P01_L02,SKU008,480,0,0,480,60.302,403,395,8,50.375
PR00000145,WO00000145,2026-01-07,C,P01,P01_L02,SKU002,480,0,0,480,65.2,403,385,18,50.375
PR00000146,WO00000146,2026-01-07,A,P01,P01_L03,SKU004,480,36,0,444,56.693,402,388,14,54.324
PR00000147,WO00000147,2026-01-07,B,P01,P01_L03,SKU008,480,0,0,480,60.302,411,405,6,51.375
PR00000148,WO00000148,2026-01-07,C,P01,P01_L03,SKU002,480,0,0,480,72.0,476,453,23,59.5
PR00000167,WO00000167,2026-01-08,A,P01,P01_L01,SKU006,480,33,27,420,54.878,368,355,13,52.571
PR00000168,WO00000168,2026-01-08,B,P01,P01_L01,SKU006,480,28,0,452,54.878,362,347,15,48.053
PR00000169,WO00000169,2026-01-08,C,P01,P01_L01,SKU001,480,0,0,480,49.793,353,341,12,44.125
PR00000170,WO00000170,2026-01-08,A,P01,P01_L02,SKU004,480,0,43,437,56.693,355,341,14,48.741
PR00000171,WO00000171,2026-01-08,B,P01,P01_L02,SKU002,480,0,0,480,65.2,453,436,17,56.625
PR00000172,WO00000172,2026-01-08,C,P01,P01_L02,SKU003,480,21,0,459,61.962,423,413,10,55.294
PR00000173,WO00000173,2026-01-08,A,P01,P01_L03,SKU003,480,0,0,480,61.962,467,459,8,58.375
PR00000174,WO00000174,2026-01-08,B,P01,P01_L03,SKU003,480,0,0,480,61.962,456,450,6,57.0
PR00000175,WO00000175,2026-01-08,C,P01,P01_L03,SKU008,480,0,0,480,60.302,382,374,8,47.75
PR00000194,WO00000194,2026-01-09,A,P01,P01_L01,SKU005,480,26,20,434,50.42,295,289,6,40.783
PR00000195,WO00000195,2026-01-09,B,P01,P01_L01,SKU004,480,0,15,465,56.693,373,359,14,48.129
PR00000196,WO00000196,2026-01-09,C,P01,P01_L01,SKU006,480,0,0,480,54.878,379,366,13,47.375
PR00000197,WO00000197,2026-01-09,A,P01,P01_L02,SKU001,480,0,25,455,49.793,355,348,7,46.813
PR00000198,WO00000198,2026-01-09,B,P01,P01_L02,SKU002,480,36,0,444,65.2,405,387,18,54.73
PR00000199,WO00000199,2026-01-09,C,P01,P01_L02,SKU007,480,24,0,456,65.2,442,433,9,58.158
PR00000200,WO00000200,2026-01-09,A,P01,P01_L03,SKU004,480,25,75,380,56.693,303,294,9,47.842
PR00000201,WO00000201,2026-01-09,B,P01,P01_L03,SKU003,480,0,0,480,61.962,450,438,12,56.25
PR00000202,WO00000202,2026-01-09,C,P01,P01_L03,SKU003,480,0,0,480,61.962,459,449,10,57.375
PR00000221,WO00000221,2026-01-10,C,P01,P01_L01,SKU001,480,50,6,424,49.793,290,281,9,41.038
PR00000222,WO00000222,2026-01-10,C,P01,P01_L02,SKU003,480,20,4,456,61.962,416,405,11,54.737
PR00000223,WO00000223,2026-01-10,B,P01,P01_L03,SKU004,480,32,0,448,56.693,373,357,16,49.955
PR00000224,WO00000224,2026-01-10,C,P01,P01_L03,SKU004,480,0,0,480,56.693,384,368,16,48.0
PR00000236,WO00000236,2026-01-11,A,P01,P01_L01,SKU004,480,22,0,458,56.693,357,344,13,46.769
PR00000237,WO00000237,2026-01-11,C,P01,P01_L01,SKU002,480,65,0,415,69.9,382,364,18,55.229
PR00000238,WO00000238,2026-01-11,A,P01,P01_L02,SKU003,480,0,18,462,61.962,415,406,9,53.896
PR00000239,WO00000239,2026-01-11,B,P01,P01_L02,SKU006,480,0,0,480,54.878,387,371,16,48.375
PR00000240,WO00000240,2026-01-11,C,P01,P01_L02,SKU002,480,25,0,455,65.2,404,384,20,53.275
PR00000241,WO00000241,2026-01-11,A,P01,P01_L03,SKU003,480,0,6,474,61.962,473,463,10,59.873
PR00000242,WO00000242,2026-01-11,C,P01,P01_L03,SKU004,480,35,0,445,56.693,360,343,17,48.539
PR00000253,WO00000253,2026-01-12,A,P01,P01_L01,SKU001,480,0,46,434,49.793,323,316,7,44.654
PR00000254,WO00000254,2026-01-12,B,P01,P01_L01,SKU001,480,0,83,397,49.793,291,282,9,43.98
PR00000255,WO00000255,2026-01-12,C,P01,P01_L01,SKU001,480,27,22,431,49.793,304,294,10,42.32
PR00000256,WO00000256,2026-01-12,A,P01,P01_L02,SKU008,480,0,72,408,60.302,373,366,7,54.853
PR00000257,WO00000257,2026-01-12,B,P01,P01_L02,SKU001,480,0,0,480,49.793,390,378,12,48.75
PR00000258,WO00000258,2026-01-12,C,P01,P01_L02,SKU008,480,51,0,429,60.302,348,342,6,48.671
PR00000259,WO00000259,2026-01-12,A,P01,P01_L03,SKU008,480,0,0,480,60.302,411,402,9,51.375
PR00000260,WO00000260,2026-01-12,B,P01,P01_L03,SKU008,480,0,0,480,60.302,415,410,5,51.875
PR00000261,WO00000261,2026-01-12,C,P01,P01_L03,SKU003,480,0,0,480,61.962,459,448,11,57.375
PR00000280,WO00000280,2026-01-13,A,P01,P01_L01,SKU005,480,0,0,480,50.42,350,340,10,43.75
PR00000281,WO00000281,2026-01-13,B,P01,P01_L01,SKU005,480,22,0,458,50.42,350,339,11,45.852
PR00000282,WO00000282,2026-01-13,C,P01,P01_L01,SKU001,480,0,0,480,49.793,326,317,9,40.75
PR00000283,WO00000283,2026-01-13,A,P01,P01_L02,SKU002,480,17,0,463,65.2,448,431,17,58.056
PR00000284,WO00000284,2026-01-13,B,P01,P01_L02,SKU006,480,30,0,450,54.878,394,382,12,52.533
PR00000285,WO00000285,2026-01-13,C,P01,P01_L02,SKU001,480,22,0,458,49.793,332,324,8,43.493
PR00000286,WO00000286,2026-01-13,A,P01,P01_L03,SKU003,480,0,0,480,61.962,457,447,10,57.125
PR00000287,WO00000287,2026-01-13,B,P01,P01_L03,SKU008,480,37,48,395,60.302,331,325,6,50.278
PR00000288,WO00000288,2026-01-13,C,P01,P01_L03,SKU003,480,34,0,446,61.962,420,409,11,56.502
PR00000307,WO00000307,2026-01-14,A,P01,P01_L01,SKU005,480,0,0,480,50.42,367,358,9,45.875
PR00000308,WO00000308,2026-01-14,B,P01,P01_L01,SKU005,480,0,72,408,50.42,289,283,6,42.5
PR00000309,WO00000309,2026-01-14,C,P01,P01_L01,SKU008,480,18,0,462,60.302,382,373,9,49.61
PR00000310,WO00000310,2026-01-14,A,P01,P01_L02,SKU006,480,0,0,480,54.878,412,396,16,51.5
PR00000311,WO00000311,2026-01-14,B,P01,P01_L02,SKU006,480,24,7,449,54.878,357,344,13,47.706
PR00000312,WO00000312,2026-01-14,C,P01,P01_L02,SKU002,480,0,0,480,65.2,422,402,20,52.75
PR00000313,WO00000313,2026-01-14,A,P01,P01_L03,SKU008,480,0,0,480,60.302,398,394,4,49.75
PR00000314,WO00000314,2026-01-14,B,P01,P01_L03,SKU003,480,0,0,480,61.962,486,474,12,60.75
PR00000315,WO00000315,2026-01-14,C,P01,P01_L03,SKU003,480,0,0,480,61.962,479,469,10,59.875
PR00000334,WO00000334,2026-01-15,A,P01,P01_L01,SKU001,480,19,0,461,49.793,353,344,9,45.944
PR00000335,WO00000335,2026-01-15,B,P01,P01_L01,SKU005,480,0,0,480,50.42,346,339,7,43.25
PR00000336,WO00000336,2026-01-15,C,P01,P01_L01,SKU006,480,20,0,460,54.878,381,369,12,49.696
PR00000337,WO00000337,2026-01-15,A,P01,P01_L02,SKU001,480,0,0,480,49.793,339,331,8,42.375
PR00000338,WO00000338,2026-01-15,B,P01,P01_L02,SKU004,480,0,0,480,56.693,392,378,14,49.0
PR00000339,WO00000339,2026-01-15,C,P01,P01_L02,SKU002,480,26,0,454,65.2,386,371,15,51.013
PR00000340,WO00000340,2026-01-15,A,P01,P01_L03,SKU002,480,48,0,432,72.0,447,426,21,62.083
PR00000341,WO00000341,2026-01-15,B,P01,P01_L03,SKU002,480,36,0,444,72.0,445,425,20,60.135
PR00000342,WO00000342,2026-01-15,C,P01,P01_L03,SKU008,480,0,14,466,60.302,387,382,5,49.828
PR00000361,WO00000361,2026-01-16,A,P01,P01_L01,SKU001,480,0,0,480,49.793,353,344,9,44.125
PR00000362,WO00000362,2026-01-16,B,P01,P01_L01,SKU005,480,37,20,423,50.42,308,300,8,43.688
PR00000363,WO00000363,2026-01-16,C,P01,P01_L01,SKU005,480,0,38,442,50.42,315,305,10,42.76
PR00000364,WO00000364,2026-01-16,A,P01,P01_L02,SKU001,480,33,0,447,49.793,330,322,8,44.295
PR00000365,WO00000365,2026-01-16,B,P01,P01_L02,SKU003,480,0,0,480,61.962,449,440,9,56.125
PR00000366,WO00000366,2026-01-16,C,P01,P01_L02,SKU004,480,0,7,473,56.693,386,371,15,48.964
PR00000367,WO00000367,2026-01-16,A,P01,P01_L03,SKU003,480,0,37,443,61.962,455,445,10,61.625
PR00000368,WO00000368,2026-01-16,B,P01,P01_L03,SKU004,480,30,0,450,56.693,365,351,14,48.667
PR00000369,WO00000369,2026-01-16,C,P01,P01_L03,SKU003,480,0,0,480,61.962,432,421,11,54.0
PR00000388,WO00000388,2026-01-17,B,P01,P01_L01,SKU001,480,37,9,434,49.793,302,293,9,41.751
PR00000389,WO00000389,2026-01-17,A,P01,P01_L02,SKU002,480,53,0,427,65.2,384,368,16,53.958
PR00000390,WO00000390,2026-01-17,C,P01,P01_L02,SKU003,480,24,0,456,61.962,409,399,10,53.816
PR00000391,WO00000391,2026-01-17,A,P01,P01_L03,SKU003,480,24,0,456,61.962,435,424,11,57.237
PR00000392,WO00000392,2026-01-17,C,P01,P01_L03,SKU003,480,0,0,480,61.962,438,428,10,54.75
PR00000406,WO00000406,2026-01-18,A,P01,P01_L01,SKU001,480,0,0,480,49.793,358,352,6,44.75
PR00000407,WO00000407,2026-01-18,B,P01,P01_L01,SKU004,480,23,24,433,56.693,374,358,16,51.824
PR00000408,WO00000408,2026-01-18,C,P01,P01_L01,SKU007,480,52,0,428,69.9,417,412,5,58.458
PR00000409,WO00000409,2026-01-18,A,P01,P01_L02,SKU004,480,0,0,480,56.693,437,423,14,54.625
PR00000410,WO00000410,2026-01-18,A,P01,P01_L03,SKU003,480,0,13,467,61.962,463,455,8,59.486
PR00000411,WO00000411,2026-01-18,C,P01,P01_L03,SKU003,480,28,0,452,61.962,408,398,10,54.159
PR00000424,WO00000424,2026-01-19,A,P01,P01_L01,SKU005,480,0,0,480,50.42,376,368,8,47.0
PR00000425,WO00000425,2026-01-19,B,P01,P01_L01,SKU005,480,23,22,435,50.42,315,306,9,43.448
PR00000426,WO00000426,2026-01-19,C,P01,P01_L01,SKU005,480,26,0,454,50.42,312,303,9,41.233
PR00000427,WO00000427,2026-01-19,A,P01,P01_L02,SKU004,480,45,0,435,56.693,384,370,14,52.966
PR00000428,WO00000428,2026-01-19,B,P01,P01_L02,SKU001,480,0,0,480,49.793,363,354,9,45.375
PR00000429,WO00000429,2026-01-19,C,P01,P01_L02,SKU004,480,0,0,480,56.693,382,366,16,47.75
PR00000430,WO00000430,2026-01-19,A,P01,P01_L03,SKU004,480,13,0,467,56.693,396,382,14,50.878
PR00000431,WO00000431,2026-01-19,B,P01,P01_L03,SKU005,480,0,0,480,50.42,333,324,9,41.625
PR00000432,WO00000432,2026-01-19,C,P01,P01_L03,SKU008,480,26,0,454,60.302,378,372,6,49.956
PR00000451,WO00000451,2026-01-20,A,P01,P01_L01,SKU005,480,0,0,480,50.42,364,354,10,45.5
PR00000452,WO00000452,2026-01-20,B,P01,P01_L01,SKU005,480,0,0,480,50.42,361,352,9,45.125
PR00000453,WO00000453,2026-01-20,C,P01,P01_L01,SKU004,480,45,74,361,56.693,287,274,13,47.701
PR00000454,WO00000454,2026-01-20,A,P01,P01_L02,SKU003,480,0,37,443,61.962,447,437,10,60.542
PR00000455,WO00000455,2026-01-20,B,P01,P01_L02,SKU001,480,27,0,453,49.793,331,322,9,43.841
PR00000456,WO00000456,2026-01-20,C,P01,P01_L02,SKU008,480,28,0,452,60.302,387,378,9,51.372
PR00000457,WO00000457,2026-01-20,A,P01,P01_L03,SKU003,480,0,0,480,61.962,460,449,11,57.5
PR00000458,WO00000458,2026-01-20,B,P01,P01_L03,SKU004,480,0,0,480,56.693,390,378,12,48.75
PR00000459,WO00000459,2026-01-20,C,P01,P01_L03,SKU003,480,45,12,423,61.962,389,381,8,55.177
PR00000478,WO00000478,2026-01-21,A,P01,P01_L01,SKU005,480,40,0,440,50.42,334,324,10,45.545
PR00000479,WO00000479,2026-01-21,B,P01,P01_L01,SKU005,480,0,0,480,50.42,343,337,6,42.875
PR00000480,WO00000480,2026-01-21,C,P01,P01_L01,SKU007,480,37,70,373,69.9,381,376,5,61.287
PR00000481,WO00000481,2026-01-21,A,P01,P01_L02,SKU004,480,56,39,385,56.693,330,318,12,51.429
PR00000482,WO00000482,2026-01-21,B,P01,P01_L02,SKU004,480,31,0,449,56.693,376,360,16,50.245
PR00000483,WO00000483,2026-01-21,C,P01,P01_L02,SKU001,480,26,8,446,49.793,321,313,8,43.184
PR00000484,WO00000484,2026-01-21,A,P01,P01_L03,SKU003,480,30,0,450,61.962,441,431,10,58.8
PR00000485,WO00000485,2026-01-21,B,P01,P01_L03,SKU003,480,51,0,429,61.962,399,388,11,55.804
PR00000486,WO00000486,2026-01-21,C,P01,P01_L03,SKU003,480,63,0,417,61.962,381,373,8,54.82
PR00000505,WO00000505,2026-01-22,A,P01,P01_L01,SKU007,480,0,0,480,69.9,524,513,11,65.5
PR00000506,WO00000506,2026-01-22,B,P01,P01_L01,SKU001,480,45,0,435,49.793,324,316,8,44.69
PR00000507,WO00000507,2026-01-22,C,P01,P01_L01,SKU001,480,0,0,480,49.793,337,327,10,42.125
PR00000508,WO00000508,2026-01-22,A,P01,P01_L02,SKU004,480,0,0,480,56.693,409,396,13,51.125
PR00000509,WO00000509,2026-01-22,B,P01,P01_L02,SKU004,480,0,0,480,56.693,412,395,17,51.5
PR00000510,WO00000510,2026-01-22,C,P01,P01_L02,SKU002,480,0,0,480,65.2,426,409,17,53.25
PR00000511,WO00000511,2026-01-22,A,P01,P01_L03,SKU004,480,25,0,455,56.693,378,364,14,49.846
PR00000512,WO00000512,2026-01-22,B,P01,P01_L03,SKU003,480,32,0,448,61.962,431,422,9,57.723
PR00000513,WO00000513,2026-01-22,C,P01,P01_L03,SKU003,480,0,0,480,61.962,454,444,10,56.75
PR00000532,WO00000532,2026-01-23,A,P01,P01_L01,SKU004,480,20,0,460,56.693,392,378,14,51.13
PR00000533,WO00000533,2026-01-23,B,P01,P01_L01,SKU001,480,80,0,400,49.793,309,300,9,46.35
PR00000534,WO00000534,2026-01-23,C,P01,P01_L01,SKU005,480,20,0,460,50.42,313,306,7,40.826
PR00000535,WO00000535,2026-01-23,A,P01,P01_L02,SKU006,480,26,19,435,54.878,379,366,13,52.276
PR00000536,WO00000536,2026-01-23,B,P01,P01_L02,SKU004,480,0,0,480,56.693,423,407,16,52.875
PR00000537,WO00000537,2026-01-23,C,P01,P01_L02,SKU001,480,0,0,480,49.793,331,320,11,41.375
PR00000538,WO00000538,2026-01-23,A,P01,P01_L03,SKU003,480,36,0,444,61.962,417,407,10,56.351
PR00000539,WO00000539,2026-01-23,B,P01,P01_L03,SKU008,480,45,9,426,60.302,368,361,7,51.831
PR00000540,WO00000540,2026-01-23,C,P01,P01_L03,SKU003,480,62,0,418,61.962,362,356,6,51.962
PR00000559,WO00000559,2026-01-24,A,P01,P01_L01,SKU005,480,23,31,426,50.42,317,308,9,44.648
PR00000560,WO00000560,2026-01-24,C,P01,P01_L01,SKU001,480,29,59,392,49.793,270,263,7,41.327
PR00000561,WO00000561,2026-01-24,B,P01,P01_L02,SKU001,480,0,0,480,49.793,355,343,12,44.375
PR00000562,WO00000562,2026-01-24,A,P01,P01_L03,SKU003,480,59,25,396,61.962,387,377,10,58.636
PR00000563,WO00000563,2026-01-24,C,P01,P01_L03,SKU003,480,0,0,480,61.962,416,406,10,52.0
PR00000572,WO00000572,2026-01-25,A,P01,P01_L01,SKU001,480,0,0,480,49.793,361,354,7,45.125
PR00000573,WO00000573,2026-01-25,B,P01,P01_L01,SKU001,480,24,0,456,49.793,337,327,10,44.342
PR00000574,WO00000574,2026-01-25,A,P01,P01_L02,SKU008,480,18,0,462,60.302,406,395,11,52.727
PR00000575,WO00000575,2026-01-25,B,P01,P01_L02,SKU001,480,116,33,331,49.793,254,246,8,46.042
PR00000576,WO00000576,2026-01-25,C,P01,P01_L02,SKU001,480,19,0,461,49.793,330,320,10,42.95
PR00000577,WO00000577,2026-01-25,A,P01,P01_L03,SKU008,480,0,0,480,60.302,419,412,7,52.375
PR00000578,WO00000578,2026-01-25,B,P01,P01_L03,SKU008,480,0,0,480,60.302,393,386,7,49.125
PR00000579,WO00000579,2026-01-25,C,P01,P01_L03,SKU003,480,17,0,463,61.962,383,375,8,49.633
PR00000591,WO00000591,2026-01-26,A,P01,P01_L01,SKU002,480,30,23,427,69.9,433,415,18,60.843
PR00000592,WO00000592,2026-01-26,B,P01,P01_L01,SKU007,480,0,13,467,69.9,466,462,4,59.872
PR00000593,WO00000593,2026-01-26,C,P01,P01_L01,SKU007,480,40,0,440,69.9,460,454,6,62.727
PR00000594,WO00000594,2026-01-26,A,P01,P01_L02,SKU008,480,0,0,480,60.302,428,421,7,53.5
PR00000595,WO00000595,2026-01-26,B,P01,P01_L02,SKU006,480,32,0,448,54.878,392,379,13,52.5
PR00000596,WO00000596,2026-01-26,C,P01,P01_L02,SKU004,480,0,0,480,56.693,399,381,18,49.875
PR00000597,WO00000597,2026-01-26,A,P01,P01_L03,SKU004,480,23,14,443,56.693,368,355,13,49.842
PR00000598,WO00000598,2026-01-26,B,P01,P01_L03,SKU003,480,45,0,435,61.962,434,426,8,59.862
PR00000599,WO00000599,2026-01-26,C,P01,P01_L03,SKU008,480,0,6,474,60.302,377,371,6,47.722
PR00000618,WO00000618,2026-01-27,A,P01,P01_L01,SKU005,480,0,0,480,50.42,350,343,7,43.75
PR00000619,WO00000619,2026-01-27,B,P01,P01_L01,SKU005,480,0,0,480,50.42,340,330,10,42.5
PR00000620,WO00000620,2026-01-27,C,P01,P01_L01,SKU005,480,32,0,448,50.42,309,298,11,41.384
PR00000621,WO00000621,2026-01-27,A,P01,P01_L02,SKU001,480,0,6,474,49.793,362,351,11,45.823
PR00000622,WO00000622,2026-01-27,B,P01,P01_L02,SKU004,480,0,29,451,56.693,362,350,12,48.16
PR00000623,WO00000623,2026-01-27,C,P01,P01_L02,SKU003,480,0,0,480,61.962,458,443,15,57.25
PR00000624,WO00000624,2026-01-27,A,P01,P01_L03,SKU008,480,23,0,457,60.302,385,379,6,50.547
PR00000625,WO00000625,2026-01-27,B,P01,P01_L03,SKU003,480,0,0,480,61.962,453,442,11,56.625
PR00000626,WO00000626,2026-01-27,C,P01,P01_L03,SKU003,480,42,0,438,61.962,406,396,10,55.616
PR00000645,WO00000645,2026-01-28,A,P01,P01_L01,SKU007,480,30,40,410,69.9,463,458,5,67.756
PR00000646,WO00000646,2026-01-28,B,P01,P01_L01,SKU004,480,0,0,480,56.693,412,396,16,51.5
PR00000647,WO00000647,2026-01-28,C,P01,P01_L01,SKU007,480,27,0,453,69.9,460,451,9,60.927
PR00000648,WO00000648,2026-01-28,A,P01,P01_L02,SKU004,480,0,0,480,56.693,446,425,21,55.75
PR00000649,WO00000649,2026-01-28,B,P01,P01_L02,SKU001,480,0,55,425,49.793,291,283,8,41.082
PR00000650,WO00000650,2026-01-28,C,P01,P01_L02,SKU008,480,26,0,454,60.302,381,370,11,50.352
PR00000651,WO00000651,2026-01-28,A,P01,P01_L03,SKU003,480,21,10,449,61.962,454,446,8,60.668
PR00000652,WO00000652,2026-01-28,B,P01,P01_L03,SKU003,480,0,0,480,61.962,455,446,9,56.875
PR00000653,WO00000653,2026-01-28,C,P01,P01_L03,SKU003,480,30,0,450,61.962,404,393,11,53.867
PR00000672,WO00000672,2026-01-29,A,P01,P01_L01,SKU001,480,0,0,480,49.793,365,354,11,45.625
PR00000673,WO00000673,2026-01-29,B,P01,P01_L01,SKU007,480,0,0,480,69.9,468,461,7,58.5
PR00000674,WO00000674,2026-01-29,C,P01,P01_L01,SKU001,480,36,68,376,49.793,274,267,7,43.723
PR00000675,WO00000675,2026-01-29,A,P01,P01_L02,SKU008,480,16,0,464,60.302,448,441,7,57.931
PR00000676,WO00000676,2026-01-29,B,P01,P01_L02,SKU003,480,0,0,480,61.962,448,440,8,56.0
PR00000677,WO00000677,2026-01-29,C,P01,P01_L02,SKU001,480,0,0,480,49.793,359,350,9,44.875
PR00000678,WO00000678,2026-01-29,A,P01,P01_L03,SKU008,480,27,0,453,60.302,380,377,3,50.331
PR00000679,WO00000679,2026-01-29,B,P01,P01_L03,SKU006,480,0,0,480,54.878,407,394,13,50.875
PR00000680,WO00000680,2026-01-29,C,P01,P01_L03,SKU003,480,30,0,450,61.962,400,389,11,53.333
PR00000699,WO00000699,2026-01-30,A,P01,P01_L01,SKU005,480,26,10,444,50.42,330,320,10,44.595
PR00000700,WO00000700,2026-01-30,B,P01,P01_L01,SKU005,480,0,0,480,50.42,348,340,8,43.5
PR00000701,WO00000701,2026-01-30,C,P01,P01_L01,SKU005,480,48,0,432,50.42,283,275,8,39.306
PR00000702,WO00000702,2026-01-30,A,P01,P01_L02,SKU008,480,52,0,428,60.302,374,367,7,52.43
PR00000703,WO00000703,2026-01-30,B,P01,P01_L02,SKU004,480,0,38,442,56.693,353,341,12,47.919
PR00000704,WO00000704,2026-01-30,C,P01,P01_L02,SKU004,480,0,0,480,56.693,369,354,15,46.125
PR00000705,WO00000705,2026-01-30,A,P01,P01_L03,SKU002,480,0,0,480,72.0,489,471,18,61.125
PR00000706,WO00000706,2026-01-30,B,P01,P01_L03,SKU003,480,28,0,452,61.962,438,426,12,58.142
PR00000707,WO00000707,2026-01-30,C,P01,P01_L03,SKU003,480,0,0,480,61.962,450,439,11,56.25
PR00000726,WO00000726,2026-01-31,B,P01,P01_L01,SKU001,480,24,0,456,49.793,345,336,9,45.395
PR00000727,WO00000727,2026-01-31,C,P01,P01_L01,SKU005,480,0,0,480,50.42,321,311,10,40.125
PR00000728,WO00000728,2026-01-31,C,P01,P01_L02,SKU004,480,26,0,454,56.693,375,359,16,49.559
PR00000729,WO00000729,2026-01-31,A,P01,P01_L03,SKU004,480,0,0,480,56.693,399,384,15,49.875
PR00000730,WO00000730,2026-01-31,C,P01,P01_L03,SKU003,480,0,0,480,61.962,438,427,11,54.75
PR00000741,WO00000741,2026-02-01,A,P01,P01_L01,SKU007,480,0,0,480,69.9,496,483,13,62.0
PR00000742,WO00000742,2026-02-01,B,P01,P01_L01,SKU001,480,29,0,451,49.793,346,336,10,46.031
PR00000743,WO00000743,2026-02-01,C,P01,P01_L01,SKU001,480,0,0,480,49.793,339,331,8,42.375
PR00000744,WO00000744,2026-02-01,A,P01,P01_L02,SKU001,480,20,62,398,49.793,310,304,6,46.734
PR00000745,WO00000745,2026-02-01,B,P01,P01_L02,SKU006,480,0,0,480,54.878,399,387,12,49.875
PR00000746,WO00000746,2026-02-01,B,P01,P01_L03,SKU003,480,34,0,446,61.962,449,441,8,60.404
PR00000747,WO00000747,2026-02-01,C,P01,P01_L03,SKU003,480,0,0,480,61.962,469,457,12,58.625
PR00000762,WO00000762,2026-02-02,A,P01,P01_L01,SKU005,480,0,24,456,50.42,331,324,7,43.553
PR00000763,WO00000763,2026-02-02,B,P01,P01_L01,SKU001,480,0,0,480,49.793,348,338,10,43.5
PR00000764,WO00000764,2026-02-02,C,P01,P01_L01,SKU005,480,0,25,455,50.42,316,308,8,41.67
PR00000765,WO00000765,2026-02-02,A,P01,P01_L02,SKU001,480,0,0,480,49.793,368,360,8,46.0
PR00000766,WO00000766,2026-02-02,B,P01,P01_L02,SKU004,480,0,0,480,56.693,420,403,17,52.5
PR00000767,WO00000767,2026-02-02,C,P01,P01_L02,SKU004,480,23,0,457,56.693,341,325,16,44.77
PR00000768,WO00000768,2026-02-02,A,P01,P01_L03,SKU003,480,0,19,461,61.962,490,478,12,63.774
PR00000769,WO00000769,2026-02-02,B,P01,P01_L03,SKU004,480,0,0,480,56.693,397,383,14,49.625
PR00000770,WO00000770,2026-02-02,C,P01,P01_L03,SKU003,480,0,135,345,61.962,301,295,6,52.348
PR00000789,WO00000789,2026-02-03,A,P01,P01_L01,SKU005,480,0,31,449,50.42,322,314,8,43.029
PR00000790,WO00000790,2026-02-03,B,P01,P01_L01,SKU007,480,30,0,450,69.9,465,458,7,62.0
PR00000791,WO00000791,2026-02-03,C,P01,P01_L01,SKU002,480,0,115,365,69.9,344,331,13,56.548
PR00000792,WO00000792,2026-02-03,A,P01,P01_L02,SKU001,480,33,0,447,49.793,328,321,7,44.027
PR00000793,WO00000793,2026-02-03,B,P01,P01_L02,SKU008,480,25,0,455,60.302,392,386,6,51.692
PR00000794,WO00000794,2026-02-03,C,P01,P01_L02,SKU004,480,0,22,458,56.693,356,339,17,46.638
PR00000795,WO00000795,2026-02-03,A,P01,P01_L03,SKU008,480,22,0,458,60.302,405,396,9,53.057
PR00000796,WO00000796,2026-02-03,B,P01,P01_L03,SKU008,480,0,0,480,60.302,414,409,5,51.75
PR00000797,WO00000797,2026-02-03,C,P01,P01_L03,SKU003,480,0,0,480,61.962,436,422,14,54.5
PR00000816,WO00000816,2026-02-04,A,P01,P01_L01,SKU007,480,24,0,456,69.9,481,473,8,63.289
PR00000817,WO00000817,2026-02-04,B,P01,P01_L01,SKU001,480,39,0,441,49.793,331,322,9,45.034
PR00000818,WO00000818,2026-02-04,C,P01,P01_L01,SKU001,480,0,13,467,49.793,316,308,8,40.6
PR00000819,WO00000819,2026-02-04,A,P01,P01_L02,SKU004,480,18,0,462,56.693,387,375,12,50.26
PR00000820,WO00000820,2026-02-04,B,P01,P01_L02,SKU001,480,23,18,439,49.793,336,327,9,45.923
PR00000821,WO00000821,2026-02-04,C,P01,P01_L02,SKU008,480,0,10,470,60.302,375,366,9,47.872
PR00000822,WO00000822,2026-02-04,A,P01,P01_L03,SKU008,480,43,14,423,60.302,381,373,8,54.043
PR00000823,WO00000823,2026-02-04,B,P01,P01_L03,SKU004,480,33,0,447,56.693,380,367,13,51.007
PR00000824,WO00000824,2026-02-04,C,P01,P01_L03,SKU008,480,32,0,448,60.302,352,347,5,47.143
PR00000843,WO00000843,2026-02-05,A,P01,P01_L01,SKU007,480,53,0,427,69.9,442,438,4,62.108
PR00000844,WO00000844,2026-02-05,B,P01,P01_L01,SKU004,480,0,0,480,56.693,401,386,15,50.125
PR00000845,WO00000845,2026-02-05,C,P01,P01_L01,SKU006,480,26,0,454,54.878,362,350,12,47.841
PR00000846,WO00000846,2026-02-05,A,P01,P01_L02,SKU002,480,0,0,480,65.2,463,442,21,57.875
PR00000847,WO00000847,2026-02-05,B,P01,P01_L02,SKU002,480,20,44,416,65.2,385,369,16,55.529
PR00000848,WO00000848,2026-02-05,C,P01,P01_L02,SKU004,480,0,15,465,56.693,352,337,15,45.419
PR00000849,WO00000849,2026-02-05,A,P01,P01_L03,SKU007,480,0,0,480,74.2,532,526,6,66.5
PR00000850,WO00000850,2026-02-05,B,P01,P01_L03,SKU008,480,0,0,480,60.302,394,386,8,49.25
PR00000851,WO00000851,2026-02-05,C,P01,P01_L03,SKU003,480,0,7,473,61.962,428,419,9,54.292
PR00000870,WO00000870,2026-02-06,A,P01,P01_L01,SKU004,480,0,0,480,56.693,418,406,12,52.25
PR00000871,WO00000871,2026-02-06,B,P01,P01_L01,SKU007,480,0,0,480,69.9,503,499,4,62.875
PR00000872,WO00000872,2026-02-06,C,P01,P01_L01,SKU007,480,0,0,480,69.9,474,468,6,59.25
PR00000873,WO00000873,2026-02-06,A,P01,P01_L02,SKU001,480,57,40,383,49.793,290,283,7,45.431
PR00000874,WO00000874,2026-02-06,B,P01,P01_L02,SKU001,480,39,124,317,49.793,226,220,6,42.776
PR00000875,WO00000875,2026-02-06,C,P01,P01_L02,SKU001,480,16,11,453,49.793,317,310,7,41.987
PR00000876,WO00000876,2026-02-06,A,P01,P01_L03,SKU003,480,0,0,480,61.962,460,451,9,57.5
PR00000877,WO00000877,2026-02-06,B,P01,P01_L03,SKU005,480,0,0,480,50.42,342,333,9,42.75
PR00000878,WO00000878,2026-02-06,C,P01,P01_L03,SKU006,480,0,0,480,54.878,395,384,11,49.375
PR00000897,WO00000897,2026-02-07,A,P01,P01_L01,SKU008,480,0,21,459,60.302,412,403,9,53.856
PR00000898,WO00000898,2026-02-07,B,P01,P01_L01,SKU005,480,33,20,427,50.42,286,279,7,40.187
PR00000899,WO00000899,2026-02-07,C,P01,P01_L01,SKU004,480,20,28,432,56.693,371,354,17,51.528
PR00000900,WO00000900,2026-02-07,C,P01,P01_L02,SKU001,480,0,0,480,49.793,355,344,11,44.375
PR00000901,WO00000901,2026-02-07,A,P01,P01_L03,SKU006,480,0,49,431,54.878,393,383,10,54.71
PR00000902,WO00000902,2026-02-07,B,P01,P01_L03,SKU008,480,29,20,431,60.302,362,355,7,50.394
PR00000903,WO00000903,2026-02-07,C,P01,P01_L03,SKU003,480,0,13,467,61.962,426,415,11,54.732
PR00000917,WO00000917,2026-02-08,B,P01,P01_L01,SKU007,480,0,16,464,69.9,448,443,5,57.931
PR00000918,WO00000918,2026-02-08,C,P01,P01_L01,SKU001,480,0,0,480,49.793,339,329,10,42.375
PR00000919,WO00000919,2026-02-08,A,P01,P01_L02,SKU001,480,0,0,480,49.793,356,347,9,44.5
PR00000920,WO00000920,2026-02-08,C,P01,P01_L02,SKU001,480,17,0,463,49.793,323,313,10,41.857
PR00000921,WO00000921,2026-02-08,A,P01,P01_L03,SKU004,480,0,0,480,56.693,413,396,17,51.625
PR00000930,WO00000930,2026-02-09,A,P01,P01_L01,SKU001,480,38,0,442,49.793,344,337,7,46.697
PR00000931,WO00000931,2026-02-09,B,P01,P01_L01,SKU005,480,0,44,436,50.42,302,293,9,41.56
PR00000932,WO00000932,2026-02-09,C,P01,P01_L01,SKU005,480,0,0,480,50.42,321,313,8,40.125
PR00000933,WO00000933,2026-02-09,A,P01,P01_L02,SKU004,480,0,0,480,56.693,412,397,15,51.5
PR00000934,WO00000934,2026-02-09,B,P01,P01_L02,SKU001,480,39,0,441,49.793,342,333,9,46.531
PR00000935,WO00000935,2026-02-09,C,P01,P01_L02,SKU004,480,0,0,480,56.693,364,346,18,45.5
PR00000936,WO00000936,2026-02-09,A,P01,P01_L03,SKU002,480,0,0,480,72.0,501,483,18,62.625
PR00000937,WO00000937,2026-02-09,B,P01,P01_L03,SKU003,480,16,0,464,61.962,427,419,8,55.216
PR00000938,WO00000938,2026-02-09,C,P01,P01_L03,SKU007,480,0,0,480,74.2,507,499,8,63.375
PR00000957,WO00000957,2026-02-10,A,P01,P01_L01,SKU007,480,21,0,459,69.9,486,483,3,63.529
PR00000958,WO00000958,2026-02-10,B,P01,P01_L01,SKU001,480,0,0,480,49.793,363,351,12,45.375
PR00000959,WO00000959,2026-02-10,C,P01,P01_L01,SKU005,480,0,0,480,50.42,321,313,8,40.125
PR00000960,WO00000960,2026-02-10,A,P01,P01_L02,SKU004,480,0,0,480,56.693,429,415,14,53.625
PR00000961,WO00000961,2026-02-10,B,P01,P01_L02,SKU006,480,0,0,480,54.878,428,413,15,53.5
PR00000962,WO00000962,2026-02-10,C,P01,P01_L02,SKU008,480,0,0,480,60.302,424,416,8,53.0
PR00000963,WO00000963,2026-02-10,A,P01,P01_L03,SKU003,480,22,0,458,61.962,441,430,11,57.773
PR00000964,WO00000964,2026-02-10,B,P01,P01_L03,SKU008,480,0,0,480,60.302,411,405,6,51.375
PR00000965,WO00000965,2026-02-10,C,P01,P01_L03,SKU003,480,0,0,480,61.962,436,428,8,54.5
PR00000984,WO00000984,2026-02-11,A,P01,P01_L01,SKU007,480,23,0,457,69.9,478,471,7,62.757
PR00000985,WO00000985,2026-02-11,B,P01,P01_L01,SKU001,480,0,0,480,49.793,350,342,8,43.75
PR00000986,WO00000986,2026-02-11,C,P01,P01_L01,SKU008,480,0,0,480,60.302,405,398,7,50.625
PR00000987,WO00000987,2026-02-11,A,P01,P01_L02,SKU001,480,0,0,480,49.793,373,364,9,46.625
PR00000988,WO00000988,2026-02-11,B,P01,P01_L02,SKU001,480,0,0,480,49.793,354,345,9,44.25
PR00000989,WO00000989,2026-02-11,C,P01,P01_L02,SKU004,480,0,0,480,56.693,380,363,17,47.5
PR00000990,WO00000990,2026-02-11,A,P01,P01_L03,SKU003,480,0,0,480,61.962,487,477,10,60.875
PR00000991,WO00000991,2026-02-11,B,P01,P01_L03,SKU003,480,0,0,480,61.962,468,454,14,58.5
PR00000992,WO00000992,2026-02-11,C,P01,P01_L03,SKU006,480,0,0,480,54.878,397,380,17,49.625
PR00001011,WO00001011,2026-02-12,A,P01,P01_L01,SKU007,480,0,69,411,69.9,406,398,8,59.27
PR00001012,WO00001012,2026-02-12,B,P01,P01_L01,SKU002,480,0,51,429,69.9,424,405,19,59.301
PR00001013,WO00001013,2026-02-12,C,P01,P01_L01,SKU005,480,0,96,384,50.42,270,264,6,42.188
PR00001014,WO00001014,2026-02-12,A,P01,P01_L02,SKU001,480,0,0,480,49.793,366,357,9,45.75
PR00001015,WO00001015,2026-02-12,B,P01,P01_L02,SKU001,480,40,0,440,49.793,316,306,10,43.091
PR00001016,WO00001016,2026-02-12,C,P01,P01_L02,SKU001,480,0,0,480,49.793,340,329,11,42.5
PR00001017,WO00001017,2026-02-12,A,P01,P01_L03,SKU002,480,0,0,480,72.0,500,485,15,62.5
PR00001018,WO00001018,2026-02-12,B,P01,P01_L03,SKU008,480,25,0,455,60.302,407,398,9,53.67
PR00001019,WO00001019,2026-02-12,C,P01,P01_L03,SKU004,480,23,0,457,56.693,373,358,15,48.972
PR00001038,WO00001038,2026-02-13,A,P01,P01_L01,SKU004,480,25,0,455,56.693,397,384,13,52.352
PR00001039,WO00001039,2026-02-13,B,P01,P01_L01,SKU004,480,0,32,448,56.693,392,378,14,52.5
PR00001040,WO00001040,2026-02-13,C,P01,P01_L01,SKU001,480,0,0,480,49.793,343,331,12,42.875
PR00001041,WO00001041,2026-02-13,A,P01,P01_L02,SKU004,480,30,0,450,56.693,406,389,17,54.133
PR00001042,WO00001042,2026-02-13,B,P01,P01_L02,SKU008,480,47,31,402,60.302,333,326,7,49.701
PR00001043,WO00001043,2026-02-13,C,P01,P01_L02,SKU004,480,0,19,461,56.693,390,371,19,50.759
PR00001044,WO00001044,2026-02-13,A,P01,P01_L03,SKU004,480,0,0,480,56.693,399,387,12,49.875
PR00001045,WO00001045,2026-02-13,B,P01,P01_L03,SKU004,480,23,0,457,56.693,369,357,12,48.446
PR00001046,WO00001046,2026-02-13,C,P01,P01_L03,SKU003,480,0,0,480,61.962,430,419,11,53.75
PR00001065,WO00001065,2026-02-14,B,P01,P01_L01,SKU001,480,22,0,458,49.793,336,326,10,44.017
PR00001066,WO00001066,2026-02-14,A,P01,P01_L02,SKU004,480,0,0,480,56.693,421,406,15,52.625
PR00001067,WO00001067,2026-02-14,B,P01,P01_L02,SKU008,480,0,0,480,60.302,405,398,7,50.625
PR00001068,WO00001068,2026-02-14,C,P01,P01_L03,SKU004,480,0,0,480,56.693,356,340,16,44.5
PR00001076,WO00001076,2026-02-15,A,P01,P01_L01,SKU005,480,0,0,480,50.42,371,363,8,46.375
PR00001077,WO00001077,2026-02-15,C,P01,P01_L02,SKU001,480,38,0,442,49.793,312,303,9,42.353
PR00001078,WO00001078,2026-02-15,A,P01,P01_L03,SKU003,480,23,49,408,61.962,401,388,13,58.971
PR00001079,WO00001079,2026-02-15,B,P01,P01_L03,SKU003,480,0,0,480,61.962,447,439,8,55.875
PR00001094,WO00001094,2026-02-16,A,P01,P01_L01,SKU007,480,32,0,448,69.9,491,484,7,65.759
PR00001095,WO00001095,2026-02-16,B,P01,P01_L01,SKU001,480,24,4,452,49.793,340,330,10,45.133
PR00001096,WO00001096,2026-02-16,C,P01,P01_L01,SKU001,480,0,0,480,49.793,344,334,10,43.0
PR00001097,WO00001097,2026-02-16,A,P01,P01_L02,SKU004,480,32,0,448,56.693,423,407,16,56.652
PR00001098,WO00001098,2026-02-16,B,P01,P01_L02,SKU004,480,41,0,439,56.693,354,341,13,48.383
PR00001099,WO00001099,2026-02-16,C,P01,P01_L02,SKU001,480,24,0,456,49.793,320,312,8,42.105
PR00001100,WO00001100,2026-02-16,A,P01,P01_L03,SKU004,480,24,0,456,56.693,411,397,14,54.079
PR00001101,WO00001101,2026-02-16,B,P01,P01_L03,SKU003,480,0,0,480,61.962,455,448,7,56.875
PR00001102,WO00001102,2026-02-16,C,P01,P01_L03,SKU008,480,24,17,439,60.302,386,378,8,52.756
PR00001121,WO00001121,2026-02-17,A,P01,P01_L01,SKU001,480,0,0,480,49.793,372,361,11,46.5
PR00001122,WO00001122,2026-02-17,B,P01,P01_L01,SKU005,480,12,43,425,50.42,288,281,7,40.659
PR00001123,WO00001123,2026-02-17,C,P01,P01_L01,SKU007,480,0,0,480,69.9,467,462,5,58.375
PR00001124,WO00001124,2026-02-17,A,P01,P01_L02,SKU001,480,0,0,480,49.793,373,363,10,46.625
PR00001125,WO00001125,2026-02-17,B,P01,P01_L02,SKU004,480,44,63,373,56.693,320,307,13,51.475
PR00001126,WO00001126,2026-02-17,C,P01,P01_L02,SKU001,480,34,0,446,49.793,307,296,11,41.3
PR00001127,WO00001127,2026-02-17,A,P01,P01_L03,SKU003,480,18,25,437,61.962,425,415,10,58.352
PR00001128,WO00001128,2026-02-17,B,P01,P01_L03,SKU003,480,0,0,480,61.962,456,446,10,57.0
PR00001129,WO00001129,2026-02-17,C,P01,P01_L03,SKU003,480,0,18,462,61.962,437,429,8,56.753
PR00001148,WO00001148,2026-02-18,A,P01,P01_L01,SKU001,480,18,0,462,49.793,344,333,11,44.675
PR00001149,WO00001149,2026-02-18,B,P01,P01_L01,SKU008,480,22,0,458,60.302,395,387,8,51.747
PR00001150,WO00001150,2026-02-18,C,P01,P01_L01,SKU005,480,61,0,419,50.42,275,267,8,39.379
PR00001151,WO00001151,2026-02-18,A,P01,P01_L02,SKU001,480,0,0,480,49.793,388,381,7,48.5
PR00001152,WO00001152,2026-02-18,B,P01,P01_L02,SKU001,480,0,0,480,49.793,347,334,13,43.375
PR00001153,WO00001153,2026-02-18,C,P01,P01_L02,SKU001,480,0,0,480,49.793,329,321,8,41.125
PR00001154,WO00001154,2026-02-18,A,P01,P01_L03,SKU008,480,43,0,437,60.302,393,385,8,53.959
PR00001155,WO00001155,2026-02-18,B,P01,P01_L03,SKU002,480,0,0,480,72.0,505,482,23,63.125
PR00001156,WO00001156,2026-02-18,C,P01,P01_L03,SKU004,480,0,0,480,56.693,407,389,18,50.875
PR00001175,WO00001175,2026-02-19,A,P01,P01_L01,SKU007,480,0,31,449,69.9,493,488,5,65.88
PR00001176,WO00001176,2026-02-19,B,P01,P01_L01,SKU001,480,0,0,480,49.793,344,334,10,43.0
PR00001177,WO00001177,2026-02-19,C,P01,P01_L01,SKU001,480,0,0,480,49.793,335,327,8,41.875
PR00001178,WO00001178,2026-02-19,A,P01,P01_L02,SKU004,480,0,24,456,56.693,417,400,17,54.868
PR00001179,WO00001179,2026-02-19,B,P01,P01_L02,SKU008,480,0,0,480,60.302,415,408,7,51.875
PR00001180,WO00001180,2026-02-19,C,P01,P01_L02,SKU006,480,0,16,464,54.878,370,356,14,47.845
PR00001181,WO00001181,2026-02-19,A,P01,P01_L03,SKU003,480,30,0,450,61.962,440,432,8,58.667
PR00001182,WO00001182,2026-02-19,B,P01,P01_L03,SKU003,480,32,0,448,61.962,439,430,9,58.795
PR00001183,WO00001183,2026-02-19,C,P01,P01_L03,SKU003,480,23,19,438,61.962,367,357,10,50.274
PR00001202,WO00001202,2026-02-20,A,P01,P01_L01,SKU005,480,13,15,452,50.42,324,315,9,43.009
PR00001203,WO00001203,2026-02-20,B,P01,P01_L01,SKU004,480,27,0,453,56.693,365,350,15,48.344
PR00001204,WO00001204,2026-02-20,C,P01,P01_L01,SKU001,480,0,39,441,49.793,318,311,7,43.265
PR00001205,WO00001205,2026-02-20,A,P01,P01_L02,SKU001,480,38,29,413,49.793,311,302,9,45.182
PR00001206,WO00001206,2026-02-20,B,P01,P01_L02,SKU008,480,0,0,480,60.302,401,394,7,50.125
PR00001207,WO00001207,2026-02-20,C,P01,P01_L02,SKU001,480,48,0,432,49.793,303,294,9,42.083
PR00001208,WO00001208,2026-02-20,A,P01,P01_L03,SKU007,480,0,8,472,74.2,547,539,8,69.534
PR00001209,WO00001209,2026-02-20,B,P01,P01_L03,SKU003,480,0,0,480,61.962,463,455,8,57.875
PR00001210,WO00001210,2026-02-20,C,P01,P01_L03,SKU003,480,40,7,433,61.962,398,391,7,55.15
PR00001229,WO00001229,2026-02-21,B,P01,P01_L01,SKU007,480,23,0,457,69.9,466,459,7,61.182
PR00001230,WO00001230,2026-02-21,C,P01,P01_L01,SKU001,480,0,27,453,49.793,331,321,10,43.841
PR00001231,WO00001231,2026-02-21,A,P01,P01_L02,SKU001,480,0,0,480,49.793,340,331,9,42.5
PR00001232,WO00001232,2026-02-21,B,P01,P01_L02,SKU004,480,0,0,480,56.693,394,381,13,49.25
PR00001233,WO00001233,2026-02-21,C,P01,P01_L02,SKU004,480,0,131,349,56.693,295,280,15,50.716
PR00001234,WO00001234,2026-02-21,A,P01,P01_L03,SKU002,480,19,0,461,72.0,481,463,18,62.603
PR00001248,WO00001248,2026-02-22,B,P01,P01_L01,SKU005,480,0,0,480,50.42,338,328,10,42.25
PR00001249,WO00001249,2026-02-22,C,P01,P01_L01,SKU001,480,0,26,454,49.793,319,309,10,42.159
PR00001250,WO00001250,2026-02-22,A,P01,P01_L02,SKU001,480,0,10,470,49.793,366,355,11,46.723
PR00001251,WO00001251,2026-02-22,B,P01,P01_L02,SKU001,480,0,47,433,49.793,338,328,10,46.836
PR00001252,WO00001252,2026-02-22,C,P01,P01_L02,SKU002,480,0,0,480,65.2,410,391,19,51.25
PR00001266,WO00001266,2026-02-23,A,P01,P01_L01,SKU001,480,36,0,444,49.793,339,331,8,45.811
PR00001267,WO00001267,2026-02-23,B,P01,P01_L01,SKU001,480,0,37,443,49.793,328,320,8,44.424
PR00001268,WO00001268,2026-02-23,C,P01,P01_L01,SKU001,480,0,30,450,49.793,303,293,10,40.4
PR00001269,WO00001269,2026-02-23,A,P01,P01_L02,SKU001,480,0,0,480,49.793,378,368,10,47.25
PR00001270,WO00001270,2026-02-23,B,P01,P01_L02,SKU001,480,0,0,480,49.793,373,365,8,46.625
PR00001271,WO00001271,2026-02-23,C,P01,P01_L02,SKU001,480,19,0,461,49.793,306,295,11,39.826
PR00001272,WO00001272,2026-02-23,A,P01,P01_L03,SKU003,480,47,0,433,61.962,452,442,10,62.633
PR00001273,WO00001273,2026-02-23,B,P01,P01_L03,SKU004,480,0,0,480,56.693,400,389,11,50.0
PR00001274,WO00001274,2026-02-23,C,P01,P01_L03,SKU003,480,42,0,438,61.962,408,399,9,55.89
PR00001293,WO00001293,2026-02-24,A,P01,P01_L01,SKU001,480,0,0,480,49.793,380,371,9,47.5
PR00001294,WO00001294,2026-02-24,B,P01,P01_L01,SKU005,480,27,0,453,50.42,324,313,11,42.914
PR00001295,WO00001295,2026-02-24,C,P01,P01_L01,SKU005,480,0,0,480,50.42,320,311,9,40.0
PR00001296,WO00001296,2026-02-24,A,P01,P01_L02,SKU001,480,0,0,480,49.793,352,341,11,44.0
PR00001297,WO00001297,2026-02-24,B,P01,P01_L02,SKU002,480,0,19,461,65.2,434,417,17,56.486
PR00001298,WO00001298,2026-02-24,C,P01,P01_L02,SKU004,480,0,0,480,56.693,399,381,18,49.875
PR00001299,WO00001299,2026-02-24,A,P01,P01_L03,SKU003,480,0,0,480,61.962,442,428,14,55.25
PR00001300,WO00001300,2026-02-24,B,P01,P01_L03,SKU008,480,25,0,455,60.302,381,375,6,50.242
PR00001301,WO00001301,2026-02-24,C,P01,P01_L03,SKU002,480,20,0,460,72.0,433,415,18,56.478
PR00001320,WO00001320,2026-02-25,A,P01,P01_L01,SKU004,480,0,0,480,56.693,413,398,15,51.625
PR00001321,WO00001321,2026-02-25,B,P01,P01_L01,SKU001,480,0,37,443,49.793,300,293,7,40.632
PR00001322,WO00001322,2026-02-25,C,P01,P01_L01,SKU005,480,46,0,434,50.42,295,287,8,40.783
PR00001323,WO00001323,2026-02-25,A,P01,P01_L02,SKU001,480,0,44,436,49.793,317,312,5,43.624
PR00001324,WO00001324,2026-02-25,B,P01,P01_L02,SKU002,480,29,63,388,65.2,366,349,17,56.598
PR00001325,WO00001325,2026-02-25,C,P01,P01_L02,SKU006,480,21,0,459,54.878,356,343,13,46.536
PR00001326,WO00001326,2026-02-25,A,P01,P01_L03,SKU004,480,0,80,400,56.693,345,332,13,51.75
PR00001327,WO00001327,2026-02-25,B,P01,P01_L03,SKU008,480,53,0,427,60.302,381,373,8,53.536
PR00001328,WO00001328,2026-02-25,C,P01,P01_L03,SKU004,480,50,0,430,56.693,350,333,17,48.837
PR00001347,WO00001347,2026-02-26,A,P01,P01_L01,SKU005,480,0,0,480,50.42,360,349,11,45.0
PR00001348,WO00001348,2026-02-26,B,P01,P01_L01,SKU001,480,48,7,425,49.793,305,295,10,43.059
PR00001349,WO00001349,2026-02-26,C,P01,P01_L01,SKU007,480,29,0,451,69.9,459,449,10,61.064
PR00001350,WO00001350,2026-02-26,A,P01,P01_L02,SKU001,480,0,0,480,49.793,370,360,10,46.25
PR00001351,WO00001351,2026-02-26,B,P01,P01_L02,SKU001,480,0,0,480,49.793,364,354,10,45.5
PR00001352,WO00001352,2026-02-26,C,P01,P01_L02,SKU008,480,0,0,480,60.302,366,359,7,45.75
PR00001353,WO00001353,2026-02-26,A,P01,P01_L03,SKU004,480,0,0,480,56.693,413,397,16,51.625
PR00001354,WO00001354,2026-02-26,B,P01,P01_L03,SKU002,480,59,0,421,72.0,412,399,13,58.717
PR00001355,WO00001355,2026-02-26,C,P01,P01_L03,SKU008,480,29,0,451,60.302,376,368,8,50.022
PR00001374,WO00001374,2026-02-27,A,P01,P01_L01,SKU005,480,0,0,480,50.42,356,346,10,44.5
PR00001375,WO00001375,2026-02-27,B,P01,P01_L01,SKU004,480,0,66,414,56.693,367,355,12,53.188
PR00001376,WO00001376,2026-02-27,C,P01,P01_L01,SKU001,480,0,0,480,49.793,324,315,9,40.5
PR00001377,WO00001377,2026-02-27,A,P01,P01_L02,SKU001,480,0,0,480,49.793,388,376,12,48.5
PR00001378,WO00001378,2026-02-27,B,P01,P01_L02,SKU004,480,18,0,462,56.693,406,393,13,52.727
PR00001379,WO00001379,2026-02-27,C,P01,P01_L02,SKU004,480,0,0,480,56.693,394,376,18,49.25
PR00001380,WO00001380,2026-02-27,A,P01,P01_L03,SKU003,480,0,0,480,61.962,452,447,5,56.5
PR00001381,WO00001381,2026-02-27,B,P01,P01_L03,SKU007,480,0,15,465,74.2,504,496,8,65.032
PR00001382,WO00001382,2026-02-27,C,P01,P01_L03,SKU003,480,0,0,480,61.962,435,426,9,54.375
PR00001401,WO00001401,2026-02-28,A,P01,P01_L01,SKU001,480,27,0,453,49.793,335,328,7,44.371
PR00001402,WO00001402,2026-02-28,A,P01,P01_L02,SKU003,480,0,0,480,61.962,464,448,16,58.0
PR00001403,WO00001403,2026-02-28,C,P01,P01_L02,SKU002,480,18,0,462,65.2,408,390,18,52.987
PR00001404,WO00001404,2026-02-28,A,P01,P01_L03,SKU003,480,0,0,480,61.962,465,455,10,58.125
PR00001405,WO00001405,2026-02-28,B,P01,P01_L03,SKU003,480,25,0,455,61.962,422,412,10,55.648
PR00001406,WO00001406,2026-02-28,C,P01,P01_L03,SKU002,480,0,0,480,72.0,449,428,21,56.125
PR00001422,WO00001422,2026-03-01,B,P01,P01_L01,SKU007,480,0,24,456,69.9,471,464,7,61.974
PR00001423,WO00001423,2026-03-01,C,P01,P01_L01,SKU005,480,0,0,480,50.42,330,320,10,41.25
PR00001424,WO00001424,2026-03-01,C,P01,P01_L02,SKU001,480,0,0,480,49.793,333,324,9,41.625
PR00001425,WO00001425,2026-03-01,A,P01,P01_L03,SKU008,480,0,0,480,60.302,432,426,6,54.0
PR00001426,WO00001426,2026-03-01,B,P01,P01_L03,SKU003,480,0,0,480,61.962,481,471,10,60.125
PR00001427,WO00001427,2026-03-01,C,P01,P01_L03,SKU008,480,0,9,471,60.302,396,388,8,50.446
PR00001437,WO00001437,2026-03-02,A,P01,P01_L01,SKU007,480,0,35,445,69.9,464,462,2,62.562
PR00001438,WO00001438,2026-03-02,B,P01,P01_L01,SKU005,480,0,0,480,50.42,339,330,9,42.375
PR00001439,WO00001439,2026-03-02,C,P01,P01_L01,SKU004,480,0,0,480,56.693,367,350,17,45.875
PR00001440,WO00001440,2026-03-02,A,P01,P01_L02,SKU008,480,0,0,480,60.302,432,427,5,54.0
PR00001441,WO00001441,2026-03-02,B,P01,P01_L02,SKU001,480,0,24,456,49.793,341,332,9,44.868
PR00001442,WO00001442,2026-03-02,C,P01,P01_L02,SKU002,480,16,0,464,65.2,429,411,18,55.474
PR00001443,WO00001443,2026-03-02,A,P01,P01_L03,SKU003,480,0,0,480,61.962,455,442,13,56.875
PR00001444,WO00001444,2026-03-02,B,P01,P01_L03,SKU003,480,0,0,480,61.962,466,455,11,58.25
PR00001445,WO00001445,2026-03-02,C,P01,P01_L03,SKU003,480,0,0,480,61.962,433,422,11,54.125
PR00001464,WO00001464,2026-03-03,A,P01,P01_L01,SKU005,480,33,25,422,50.42,293,287,6,41.659
PR00001465,WO00001465,2026-03-03,B,P01,P01_L01,SKU005,480,52,27,401,50.42,295,287,8,44.14
PR00001466,WO00001466,2026-03-03,C,P01,P01_L01,SKU008,480,29,219,232,60.302,202,199,3,52.241
PR00001467,WO00001467,2026-03-03,A,P01,P01_L02,SKU004,480,0,0,480,56.693,415,401,14,51.875
PR00001468,WO00001468,2026-03-03,B,P01,P01_L02,SKU008,480,21,0,459,60.302,380,373,7,49.673
PR00001469,WO00001469,2026-03-03,C,P01,P01_L02,SKU004,480,46,0,434,56.693,334,320,14,46.175
PR00001470,WO00001470,2026-03-03,A,P01,P01_L03,SKU008,480,0,0,480,60.302,427,422,5,53.375
PR00001471,WO00001471,2026-03-03,B,P01,P01_L03,SKU005,480,0,28,452,50.42,318,308,10,42.212
PR00001472,WO00001472,2026-03-03,C,P01,P01_L03,SKU004,480,0,0,480,56.693,402,384,18,50.25
PR00001491,WO00001491,2026-03-04,A,P01,P01_L01,SKU004,480,17,12,451,56.693,392,375,17,52.151
PR00001492,WO00001492,2026-03-04,B,P01,P01_L01,SKU001,480,32,0,448,49.793,327,317,10,43.795
PR00001493,WO00001493,2026-03-04,C,P01,P01_L01,SKU005,480,0,18,462,50.42,304,296,8,39.481
PR00001494,WO00001494,2026-03-04,A,P01,P01_L02,SKU002,480,0,31,449,65.2,402,388,14,53.719
PR00001495,WO00001495,2026-03-04,B,P01,P01_L02,SKU001,480,0,0,480,49.793,354,344,10,44.25
PR00001496,WO00001496,2026-03-04,C,P01,P01_L02,SKU003,480,0,0,480,61.962,425,412,13,53.125
PR00001497,WO00001497,2026-03-04,A,P01,P01_L03,SKU004,480,41,0,439,56.693,376,364,12,51.39
PR00001498,WO00001498,2026-03-04,B,P01,P01_L03,SKU004,480,47,15,418,56.693,317,306,11,45.502
PR00001499,WO00001499,2026-03-04,C,P01,P01_L03,SKU003,480,0,0,480,61.962,423,412,11,52.875
PR00001518,WO00001518,2026-03-05,A,P01,P01_L01,SKU005,480,42,0,438,50.42,319,311,8,43.699
PR00001519,WO00001519,2026-03-05,B,P01,P01_L01,SKU004,480,0,0,480,56.693,405,389,16,50.625
PR00001520,WO00001520,2026-03-05,C,P01,P01_L01,SKU006,480,0,0,480,54.878,402,387,15,50.25
PR00001521,WO00001521,2026-03-05,A,P01,P01_L02,SKU004,480,32,15,433,56.693,381,366,15,52.794
PR00001522,WO00001522,2026-03-05,B,P01,P01_L02,SKU004,480,0,37,443,56.693,371,356,15,50.248
PR00001523,WO00001523,2026-03-05,C,P01,P01_L02,SKU001,480,0,0,480,49.793,342,334,8,42.75
PR00001524,WO00001524,2026-03-05,A,P01,P01_L03,SKU007,480,53,9,418,74.2,461,453,8,66.172
PR00001525,WO00001525,2026-03-05,B,P01,P01_L03,SKU003,480,29,0,451,61.962,436,428,8,58.004
PR00001526,WO00001526,2026-03-05,C,P01,P01_L03,SKU008,480,0,17,463,60.302,388,379,9,50.281
PR00001545,WO00001545,2026-03-06,A,P01,P01_L01,SKU006,480,12,0,468,54.878,407,394,13,52.179
PR00001546,WO00001546,2026-03-06,B,P01,P01_L01,SKU004,480,18,0,462,56.693,349,333,16,45.325
PR00001547,WO00001547,2026-03-06,C,P01,P01_L01,SKU005,480,27,0,453,50.42,302,296,6,40.0
PR00001548,WO00001548,2026-03-06,A,P01,P01_L02,SKU003,480,25,0,455,61.962,443,432,11,58.418
PR00001549,WO00001549,2026-03-06,B,P01,P01_L02,SKU001,480,0,0,480,49.793,344,332,12,43.0
PR00001550,WO00001550,2026-03-06,C,P01,P01_L02,SKU001,480,0,19,461,49.793,338,327,11,43.991
PR00001551,WO00001551,2026-03-06,A,P01,P01_L03,SKU006,480,18,0,462,54.878,392,381,11,50.909
PR00001552,WO00001552,2026-03-06,B,P01,P01_L03,SKU003,480,0,0,480,61.962,447,436,11,55.875
PR00001553,WO00001553,2026-03-06,C,P01,P01_L03,SKU002,480,23,0,457,72.0,449,430,19,58.95
PR00001572,WO00001572,2026-03-07,B,P01,P01_L01,SKU007,480,0,0,480,69.9,497,489,8,62.125
PR00001573,WO00001573,2026-03-07,C,P01,P01_L01,SKU001,480,0,44,436,49.793,314,303,11,43.211
PR00001574,WO00001574,2026-03-07,B,P01,P01_L02,SKU001,480,0,0,480,49.793,332,324,8,41.5
PR00001575,WO00001575,2026-03-07,A,P01,P01_L03,SKU002,480,32,0,448,72.0,480,461,19,64.286
PR00001576,WO00001576,2026-03-07,B,P01,P01_L03,SKU003,480,0,0,480,61.962,473,460,13,59.125
PR00001577,WO00001577,2026-03-07,C,P01,P01_L03,SKU005,480,0,0,480,50.42,313,305,8,39.125
PR00001591,WO00001591,2026-03-08,B,P01,P01_L01,SKU007,480,0,0,480,69.9,474,466,8,59.25
PR00001592,WO00001592,2026-03-08,C,P01,P01_L01,SKU005,480,0,8,472,50.42,328,315,13,41.695
PR00001593,WO00001593,2026-03-08,A,P01,P01_L02,SKU004,480,0,0,480,56.693,430,412,18,53.75
PR00001594,WO00001594,2026-03-08,A,P01,P01_L03,SKU003,480,34,0,446,61.962,440,433,7,59.193
PR00001608,WO00001608,2026-03-09,A,P01,P01_L01,SKU005,480,0,0,480,50.42,372,362,10,46.5
PR00001609,WO00001609,2026-03-09,B,P01,P01_L01,SKU007,480,0,0,480,69.9,502,494,8,62.75
PR00001610,WO00001610,2026-03-09,C,P01,P01_L01,SKU005,480,39,19,422,50.42,301,294,7,42.796
PR00001611,WO00001611,2026-03-09,A,P01,P01_L02,SKU004,480,0,0,480,56.693,410,395,15,51.25
PR00001612,WO00001612,2026-03-09,B,P01,P01_L02,SKU002,480,0,0,480,65.2,458,437,21,57.25
PR00001613,WO00001613,2026-03-09,C,P01,P01_L02,SKU001,480,0,0,480,49.793,326,318,8,40.75
PR00001614,WO00001614,2026-03-09,A,P01,P01_L03,SKU008,480,0,0,480,60.302,398,391,7,49.75
PR00001615,WO00001615,2026-03-09,B,P01,P01_L03,SKU003,480,16,0,464,61.962,451,442,9,58.319
PR00001616,WO00001616,2026-03-09,C,P01,P01_L03,SKU004,480,0,0,480,56.693,418,401,17,52.25
PR00001635,WO00001635,2026-03-10,A,P01,P01_L01,SKU005,480,40,0,440,50.42,308,301,7,42.0
PR00001636,WO00001636,2026-03-10,B,P01,P01_L01,SKU001,480,0,0,480,49.793,328,321,7,41.0
PR00001637,WO00001637,2026-03-10,C,P01,P01_L01,SKU007,480,0,0,480,69.9,478,467,11,59.75
PR00001638,WO00001638,2026-03-10,A,P01,P01_L02,SKU001,480,36,0,444,49.793,329,321,8,44.459
PR00001639,WO00001639,2026-03-10,B,P01,P01_L02,SKU008,480,0,0,480,60.302,405,397,8,50.625
PR00001640,WO00001640,2026-03-10,C,P01,P01_L02,SKU001,480,0,0,480,49.793,329,320,9,41.125
PR00001641,WO00001641,2026-03-10,A,P01,P01_L03,SKU003,480,0,172,308,61.962,275,269,6,53.571
PR00001642,WO00001642,2026-03-10,B,P01,P01_L03,SKU003,480,0,9,471,61.962,425,417,8,54.14
PR00001643,WO00001643,2026-03-10,C,P01,P01_L03,SKU003,480,38,0,442,61.962,407,398,9,55.249
PR00001662,WO00001662,2026-03-11,A,P01,P01_L01,SKU001,480,35,16,429,49.793,325,321,4,45.455
PR00001663,WO00001663,2026-03-11,B,P01,P01_L01,SKU005,480,0,0,480,50.42,354,344,10,44.25
PR00001664,WO00001664,2026-03-11,C,P01,P01_L01,SKU004,480,0,0,480,56.693,350,335,15,43.75
PR00001665,WO00001665,2026-03-11,A,P01,P01_L02,SKU001,480,30,12,438,49.793,342,333,9,46.849
PR00001666,WO00001666,2026-03-11,B,P01,P01_L02,SKU001,480,24,0,456,49.793,334,324,10,43.947
PR00001667,WO00001667,2026-03-11,C,P01,P01_L02,SKU001,480,29,0,451,49.793,309,300,9,41.109
PR00001668,WO00001668,2026-03-11,A,P01,P01_L03,SKU003,480,0,0,480,61.962,449,435,14,56.125
PR00001669,WO00001669,2026-03-11,B,P01,P01_L03,SKU003,480,69,0,411,61.962,386,376,10,56.35
PR00001670,WO00001670,2026-03-11,C,P01,P01_L03,SKU003,480,47,72,361,61.962,315,306,9,52.355
PR00001689,WO00001689,2026-03-12,A,P01,P01_L01,SKU004,480,0,0,480,56.693,411,400,11,51.375
PR00001690,WO00001690,2026-03-12,B,P01,P01_L01,SKU005,480,23,0,457,50.42,326,317,9,42.801
PR00001691,WO00001691,2026-03-12,C,P01,P01_L01,SKU007,480,0,16,464,69.9,428,419,9,55.345
PR00001692,WO00001692,2026-03-12,A,P01,P01_L02,SKU007,480,0,0,480,65.2,463,457,6,57.875
PR00001693,WO00001693,2026-03-12,B,P01,P01_L02,SKU001,480,0,13,467,49.793,347,338,9,44.582
PR00001694,WO00001694,2026-03-12,C,P01,P01_L02,SKU001,480,28,102,350,49.793,242,235,7,41.486
PR00001695,WO00001695,2026-03-12,A,P01,P01_L03,SKU003,480,0,15,465,61.962,480,468,12,61.935
PR00001696,WO00001696,2026-03-12,B,P01,P01_L03,SKU003,480,26,0,454,61.962,445,435,10,58.811
PR00001697,WO00001697,2026-03-12,C,P01,P01_L03,SKU003,480,0,0,480,61.962,483,472,11,60.375
PR00001716,WO00001716,2026-03-13,A,P01,P01_L01,SKU005,480,0,0,480,50.42,352,343,9,44.0
PR00001717,WO00001717,2026-03-13,B,P01,P01_L01,SKU006,480,0,204,276,54.878,222,215,7,48.261
PR00001718,WO00001718,2026-03-13,C,P01,P01_L01,SKU005,480,0,0,480,50.42,326,317,9,40.75
PR00001719,WO00001719,2026-03-13,A,P01,P01_L02,SKU004,480,21,0,459,56.693,394,381,13,51.503
PR00001720,WO00001720,2026-03-13,B,P01,P01_L02,SKU008,480,21,101,358,60.302,318,315,3,53.296
PR00001721,WO00001721,2026-03-13,C,P01,P01_L02,SKU001,480,0,18,462,49.793,342,334,8,44.416
PR00001722,WO00001722,2026-03-13,A,P01,P01_L03,SKU003,480,0,47,433,61.962,437,428,9,60.554
PR00001723,WO00001723,2026-03-13,B,P01,P01_L03,SKU004,480,0,0,480,56.693,419,402,17,52.375
PR00001724,WO00001724,2026-03-13,C,P01,P01_L03,SKU004,480,0,0,480,56.693,389,374,15,48.625
PR00001743,WO00001743,2026-03-14,A,P01,P01_L01,SKU005,480,26,0,454,50.42,324,315,9,42.819
PR00001744,WO00001744,2026-03-14,B,P01,P01_L01,SKU001,480,30,0,450,49.793,326,319,7,43.467
PR00001745,WO00001745,2026-03-14,C,P01,P01_L01,SKU005,480,0,24,456,50.42,292,284,8,38.421
PR00001746,WO00001746,2026-03-14,A,P01,P01_L02,SKU004,480,0,0,480,56.693,427,412,15,53.375
PR00001747,WO00001747,2026-03-14,C,P01,P01_L02,SKU001,480,0,0,480,49.793,339,330,9,42.375
PR00001748,WO00001748,2026-03-14,B,P01,P01_L03,SKU002,480,0,0,480,72.0,484,466,18,60.5
PR00001749,WO00001749,2026-03-14,C,P01,P01_L03,SKU002,480,0,0,480,72.0,494,475,19,61.75
PR00001762,WO00001762,2026-03-15,A,P01,P01_L01,SKU001,480,27,0,453,49.793,331,324,7,43.841
PR00001763,WO00001763,2026-03-15,B,P01,P01_L01,SKU007,480,0,0,480,69.9,507,501,6,63.375
PR00001764,WO00001764,2026-03-15,A,P01,P01_L02,SKU001,480,0,75,405,49.793,296,289,7,43.852
PR00001765,WO00001765,2026-03-15,B,P01,P01_L02,SKU008,480,24,39,417,60.302,351,347,4,50.504
PR00001766,WO00001766,2026-03-15,C,P01,P01_L02,SKU008,480,0,132,348,60.302,282,276,6,48.621
PR00001767,WO00001767,2026-03-15,A,P01,P01_L03,SKU008,480,0,25,455,60.302,399,395,4,52.615
PR00001778,WO00001778,2026-03-16,A,P01,P01_L01,SKU001,480,0,33,447,49.793,341,333,8,45.772
PR00001779,WO00001779,2026-03-16,B,P01,P01_L01,SKU001,480,0,0,480,49.793,358,347,11,44.75
PR00001780,WO00001780,2026-03-16,C,P01,P01_L01,SKU007,480,24,21,435,69.9,416,410,6,57.379
PR00001781,WO00001781,2026-03-16,A,P01,P01_L02,SKU006,480,36,0,444,54.878,379,369,10,51.216
PR00001782,WO00001782,2026-03-16,B,P01,P01_L02,SKU001,480,44,0,436,49.793,315,306,9,43.349
PR00001783,WO00001783,2026-03-16,C,P01,P01_L02,SKU002,480,0,0,480,65.2,417,398,19,52.125
PR00001784,WO00001784,2026-03-16,A,P01,P01_L03,SKU003,480,32,0,448,61.962,432,426,6,57.857
PR00001785,WO00001785,2026-03-16,B,P01,P01_L03,SKU004,480,0,19,461,56.693,411,398,13,53.492
PR00001786,WO00001786,2026-03-16,C,P01,P01_L03,SKU008,480,0,23,457,60.302,370,364,6,48.578
PR00001805,WO00001805,2026-03-17,A,P01,P01_L01,SKU007,480,0,0,480,69.9,509,503,6,63.625
PR00001806,WO00001806,2026-03-17,B,P01,P01_L01,SKU006,480,0,0,480,54.878,402,389,13,50.25
PR00001807,WO00001807,2026-03-17,C,P01,P01_L01,SKU007,480,14,0,466,69.9,443,437,6,57.039
PR00001808,WO00001808,2026-03-17,A,P01,P01_L02,SKU004,480,27,0,453,56.693,393,375,18,52.053
PR00001809,WO00001809,2026-03-17,B,P01,P01_L02,SKU001,480,43,0,437,49.793,320,310,10,43.936
PR00001810,WO00001810,2026-03-17,C,P01,P01_L02,SKU004,480,25,0,455,56.693,362,345,17,47.736
PR00001811,WO00001811,2026-03-17,A,P01,P01_L03,SKU008,480,31,0,449,60.302,405,398,7,54.12
PR00001812,WO00001812,2026-03-17,B,P01,P01_L03,SKU002,480,19,11,450,72.0,470,450,20,62.667
PR00001813,WO00001813,2026-03-17,C,P01,P01_L03,SKU004,480,0,0,480,56.693,403,387,16,50.375
PR00001832,WO00001832,2026-03-18,A,P01,P01_L01,SKU005,480,0,9,471,50.42,338,331,7,43.057
PR00001833,WO00001833,2026-03-18,B,P01,P01_L01,SKU001,480,53,0,427,49.793,325,314,11,45.667
PR00001834,WO00001834,2026-03-18,C,P01,P01_L01,SKU004,480,0,0,480,56.693,404,389,15,50.5
PR00001835,WO00001835,2026-03-18,A,P01,P01_L02,SKU001,480,27,0,453,49.793,324,318,6,42.914
PR00001836,WO00001836,2026-03-18,B,P01,P01_L02,SKU001,480,0,0,480,49.793,357,346,11,44.625
PR00001837,WO00001837,2026-03-18,C,P01,P01_L02,SKU002,480,20,0,460,65.2,414,398,16,54.0
PR00001838,WO00001838,2026-03-18,A,P01,P01_L03,SKU004,480,0,0,480,56.693,402,388,14,50.25
PR00001839,WO00001839,2026-03-18,B,P01,P01_L03,SKU008,480,0,0,480,60.302,401,394,7,50.125
PR00001840,WO00001840,2026-03-18,C,P01,P01_L03,SKU003,480,0,9,471,61.962,451,438,13,57.452
PR00001859,WO00001859,2026-03-19,A,P01,P01_L01,SKU002,480,26,0,454,69.9,472,454,18,62.379
PR00001860,WO00001860,2026-03-19,B,P01,P01_L01,SKU005,480,36,0,444,50.42,307,298,9,41.486
PR00001861,WO00001861,2026-03-19,C,P01,P01_L01,SKU001,480,43,0,437,49.793,297,288,9,40.778
PR00001862,WO00001862,2026-03-19,A,P01,P01_L02,SKU001,480,24,32,424,49.793,326,318,8,46.132
PR00001863,WO00001863,2026-03-19,B,P01,P01_L02,SKU006,480,0,0,480,54.878,397,385,12,49.625
PR00001864,WO00001864,2026-03-19,C,P01,P01_L02,SKU005,480,41,0,439,50.42,313,302,11,42.779
PR00001865,WO00001865,2026-03-19,A,P01,P01_L03,SKU003,480,32,0,448,61.962,457,446,11,61.205
PR00001866,WO00001866,2026-03-19,B,P01,P01_L03,SKU003,480,0,0,480,61.962,459,450,9,57.375
PR00001867,WO00001867,2026-03-19,C,P01,P01_L03,SKU008,480,23,14,443,60.302,393,388,5,53.228
PR00001886,WO00001886,2026-03-20,A,P01,P01_L01,SKU006,480,23,24,433,54.878,374,362,12,51.824
PR00001887,WO00001887,2026-03-20,B,P01,P01_L01,SKU008,480,0,56,424,60.302,369,363,6,52.217
PR00001888,WO00001888,2026-03-20,C,P01,P01_L01,SKU001,480,19,0,461,49.793,339,328,11,44.121
PR00001889,WO00001889,2026-03-20,A,P01,P01_L02,SKU002,480,45,0,435,65.2,403,389,14,55.586
PR00001890,WO00001890,2026-03-20,B,P01,P01_L02,SKU004,480,36,0,444,56.693,392,376,16,52.973
PR00001891,WO00001891,2026-03-20,C,P01,P01_L02,SKU008,480,21,0,459,60.302,383,375,8,50.065
PR00001892,WO00001892,2026-03-20,A,P01,P01_L03,SKU004,480,25,0,455,56.693,394,376,18,51.956
PR00001893,WO00001893,2026-03-20,B,P01,P01_L03,SKU003,480,28,0,452,61.962,440,431,9,58.407
PR00001894,WO00001894,2026-03-20,C,P01,P01_L03,SKU004,480,0,0,480,56.693,383,365,18,47.875
PR00001913,WO00001913,2026-03-21,B,P01,P01_L01,SKU001,480,32,56,392,49.793,308,301,7,47.143
PR00001914,WO00001914,2026-03-21,C,P01,P01_L01,SKU008,480,0,0,480,60.302,398,393,5,49.75
PR00001915,WO00001915,2026-03-21,A,P01,P01_L02,SKU001,480,18,0,462,49.793,353,344,9,45.844
PR00001916,WO00001916,2026-03-21,B,P01,P01_L02,SKU002,480,20,0,460,65.2,418,399,19,54.522
PR00001917,WO00001917,2026-03-21,C,P01,P01_L02,SKU008,480,28,0,452,60.302,371,364,7,49.248
PR00001918,WO00001918,2026-03-21,A,P01,P01_L03,SKU003,480,0,0,480,61.962,480,471,9,60.0
PR00001932,WO00001932,2026-03-22,A,P01,P01_L01,SKU001,480,0,0,480,49.793,356,347,9,44.5
PR00001933,WO00001933,2026-03-22,B,P01,P01_L01,SKU001,480,0,0,480,49.793,355,346,9,44.375
PR00001934,WO00001934,2026-03-22,C,P01,P01_L01,SKU002,480,21,0,459,69.9,424,406,18,55.425
PR00001935,WO00001935,2026-03-22,C,P01,P01_L02,SKU008,480,0,0,480,60.302,396,387,9,49.5
PR00001936,WO00001936,2026-03-22,A,P01,P01_L03,SKU003,480,21,64,395,61.962,360,353,7,54.684
PR00001949,WO00001949,2026-03-23,A,P01,P01_L01,SKU004,480,0,0,480,56.693,399,385,14,49.875
PR00001950,WO00001950,2026-03-23,B,P01,P01_L01,SKU002,480,0,0,480,69.9,489,470,19,61.125
PR00001951,WO00001951,2026-03-23,C,P01,P01_L01,SKU005,480,72,0,408,50.42,273,266,7,40.147
PR00001952,WO00001952,2026-03-23,A,P01,P01_L02,SKU006,480,43,18,419,54.878,365,355,10,52.267
PR00001953,WO00001953,2026-03-23,B,P01,P01_L02,SKU004,480,31,0,449,56.693,359,347,12,47.973
PR00001954,WO00001954,2026-03-23,C,P01,P01_L02,SKU002,480,0,37,443,65.2,410,392,18,55.53
PR00001955,WO00001955,2026-03-23,A,P01,P01_L03,SKU002,480,0,0,480,72.0,489,469,20,61.125
PR00001956,WO00001956,2026-03-23,B,P01,P01_L03,SKU003,480,0,16,464,61.962,448,435,13,57.931
PR00001957,WO00001957,2026-03-23,C,P01,P01_L03,SKU003,480,23,0,457,61.962,430,419,11,56.455
PR00001976,WO00001976,2026-03-24,A,P01,P01_L01,SKU005,480,17,0,463,50.42,341,334,7,44.19
PR00001977,WO00001977,2026-03-24,B,P01,P01_L01,SKU004,480,27,0,453,56.693,375,362,13,49.669
PR00001978,WO00001978,2026-03-24,C,P01,P01_L01,SKU001,480,0,0,480,49.793,337,327,10,42.125
PR00001979,WO00001979,2026-03-24,A,P01,P01_L02,SKU001,480,0,0,480,49.793,361,353,8,45.125
PR00001980,WO00001980,2026-03-24,B,P01,P01_L02,SKU001,480,0,80,400,49.793,288,282,6,43.2
PR00001981,WO00001981,2026-03-24,C,P01,P01_L02,SKU001,480,31,0,449,49.793,320,314,6,42.762
PR00001982,WO00001982,2026-03-24,A,P01,P01_L03,SKU008,480,34,0,446,60.302,385,380,5,51.794
PR00001983,WO00001983,2026-03-24,B,P01,P01_L03,SKU008,480,0,0,480,60.302,407,399,8,50.875
PR00001984,WO00001984,2026-03-24,C,P01,P01_L03,SKU003,480,30,0,450,61.962,433,422,11,57.733
PR00002003,WO00002003,2026-03-25,A,P01,P01_L01,SKU001,480,0,0,480,49.793,380,370,10,47.5
PR00002004,WO00002004,2026-03-25,B,P01,P01_L01,SKU005,480,0,19,461,50.42,336,328,8,43.731
PR00002005,WO00002005,2026-03-25,C,P01,P01_L01,SKU001,480,49,0,431,49.793,302,294,8,42.042
PR00002006,WO00002006,2026-03-25,A,P01,P01_L02,SKU002,480,19,0,461,65.2,423,405,18,55.054
PR00002007,WO00002007,2026-03-25,B,P01,P01_L02,SKU006,480,0,0,480,54.878,396,381,15,49.5
PR00002008,WO00002008,2026-03-25,C,P01,P01_L02,SKU001,480,0,0,480,49.793,338,330,8,42.25
PR00002009,WO00002009,2026-03-25,A,P01,P01_L03,SKU002,480,0,30,450,72.0,458,443,15,61.067
PR00002010,WO00002010,2026-03-25,B,P01,P01_L03,SKU003,480,17,0,463,61.962,460,449,11,59.611
PR00002011,WO00002011,2026-03-25,C,P01,P01_L03,SKU003,480,0,96,384,61.962,347,340,7,54.219
PR00002030,WO00002030,2026-03-26,A,P01,P01_L01,SKU005,480,0,0,480,50.42,363,355,8,45.375
PR00002031,WO00002031,2026-03-26,B,P01,P01_L01,SKU005,480,0,9,471,50.42,354,344,10,45.096
PR00002032,WO00002032,2026-03-26,C,P01,P01_L01,SKU006,480,0,0,480,54.878,416,404,12,52.0
PR00002033,WO00002033,2026-03-26,A,P01,P01_L02,SKU003,480,0,0,480,61.962,464,454,10,58.0
PR00002034,WO00002034,2026-03-26,B,P01,P01_L02,SKU001,480,0,0,480,49.793,354,343,11,44.25
PR00002035,WO00002035,2026-03-26,C,P01,P01_L02,SKU001,480,0,0,480,49.793,346,336,10,43.25
PR00002036,WO00002036,2026-03-26,A,P01,P01_L03,SKU003,480,28,15,437,61.962,418,407,11,57.391
PR00002037,WO00002037,2026-03-26,B,P01,P01_L03,SKU004,480,0,0,480,56.693,435,419,16,54.375
PR00002038,WO00002038,2026-03-26,C,P01,P01_L03,SKU003,480,21,0,459,61.962,412,403,9,53.856
PR00002057,WO00002057,2026-03-27,A,P01,P01_L01,SKU005,480,0,50,430,50.42,312,304,8,43.535
PR00002058,WO00002058,2026-03-27,B,P01,P01_L01,SKU005,480,0,0,480,50.42,331,322,9,41.375
PR00002059,WO00002059,2026-03-27,C,P01,P01_L01,SKU002,480,32,0,448,69.9,421,402,19,56.384
PR00002060,WO00002060,2026-03-27,A,P01,P01_L02,SKU001,480,39,41,400,49.793,289,281,8,43.35
PR00002061,WO00002061,2026-03-27,B,P01,P01_L02,SKU001,480,0,0,480,49.793,367,358,9,45.875
PR00002062,WO00002062,2026-03-27,C,P01,P01_L02,SKU004,480,29,14,437,56.693,381,365,16,52.311
PR00002063,WO00002063,2026-03-27,A,P01,P01_L03,SKU008,480,0,0,480,60.302,407,401,6,50.875
PR00002064,WO00002064,2026-03-27,B,P01,P01_L03,SKU003,480,0,0,480,61.962,445,436,9,55.625
PR00002065,WO00002065,2026-03-27,C,P01,P01_L03,SKU003,480,12,0,468,61.962,457,448,9,58.59
PR00002084,WO00002084,2026-03-28,A,P01,P01_L01,SKU005,480,0,0,480,50.42,353,343,10,44.125
PR00002085,WO00002085,2026-03-28,B,P01,P01_L01,SKU007,480,27,0,453,69.9,461,456,5,61.06
PR00002086,WO00002086,2026-03-28,C,P01,P01_L01,SKU005,480,0,0,480,50.42,323,313,10,40.375
PR00002087,WO00002087,2026-03-28,B,P01,P01_L02,SKU001,480,44,0,436,49.793,326,318,8,44.862
PR00002088,WO00002088,2026-03-28,C,P01,P01_L02,SKU004,480,0,20,460,56.693,379,363,16,49.435
PR00002089,WO00002089,2026-03-28,A,P01,P01_L03,SKU003,480,65,0,415,61.962,390,383,7,56.386
PR00002090,WO00002090,2026-03-28,C,P01,P01_L03,SKU008,480,18,0,462,60.302,380,372,8,49.351
PR00002103,WO00002103,2026-03-29,A,P01,P01_L01,SKU001,480,0,0,480,49.793,365,356,9,45.625
PR00002104,WO00002104,2026-03-29,B,P01,P01_L01,SKU008,480,0,0,480,60.302,442,436,6,55.25
PR00002105,WO00002105,2026-03-29,C,P01,P01_L01,SKU005,480,17,0,463,50.42,310,302,8,40.173
PR00002106,WO00002106,2026-03-29,A,P01,P01_L02,SKU004,480,0,30,450,56.693,395,380,15,52.667
PR00002107,WO00002107,2026-03-29,C,P01,P01_L02,SKU001,480,0,0,480,49.793,336,327,9,42.0
PR00002108,WO00002108,2026-03-29,B,P01,P01_L03,SKU003,480,0,22,458,61.962,441,431,10,57.773
PR00002109,WO00002109,2026-03-29,C,P01,P01_L03,SKU003,480,14,0,466,61.962,429,421,8,55.236
PR00002121,WO00002121,2026-03-30,A,P01,P01_L01,SKU005,480,0,0,480,50.42,342,334,8,42.75
PR00002122,WO00002122,2026-03-30,B,P01,P01_L01,SKU005,480,25,23,432,50.42,314,307,7,43.611
PR00002123,WO00002123,2026-03-30,C,P01,P01_L01,SKU007,480,0,0,480,69.9,465,459,6,58.125
PR00002124,WO00002124,2026-03-30,A,P01,P01_L02,SKU001,480,0,0,480,49.793,354,343,11,44.25
PR00002125,WO00002125,2026-03-30,B,P01,P01_L02,SKU006,480,41,0,439,54.878,369,355,14,50.433
PR00002126,WO00002126,2026-03-30,C,P01,P01_L02,SKU004,480,28,0,452,56.693,364,347,17,48.319
PR00002127,WO00002127,2026-03-30,A,P01,P01_L03,SKU003,480,0,0,480,61.962,473,463,10,59.125
PR00002128,WO00002128,2026-03-30,B,P01,P01_L03,SKU004,480,23,0,457,56.693,372,358,14,48.84
PR00002129,WO00002129,2026-03-30,C,P01,P01_L03,SKU003,480,54,37,389,61.962,362,353,9,55.835
PR00002148,WO00002148,2026-03-31,A,P01,P01_L01,SKU005,480,0,6,474,50.42,355,344,11,44.937
PR00002149,WO00002149,2026-03-31,B,P01,P01_L01,SKU004,480,0,0,480,56.693,399,385,14,49.875
PR00002150,WO00002150,2026-03-31,C,P01,P01_L01,SKU007,480,12,0,468,69.9,469,463,6,60.128
PR00002151,WO00002151,2026-03-31,A,P01,P01_L02,SKU008,480,26,0,454,60.302,379,372,7,50.088
PR00002152,WO00002152,2026-03-31,B,P01,P01_L02,SKU002,480,36,24,420,65.2,388,374,14,55.429
PR00002153,WO00002153,2026-03-31,C,P01,P01_L02,SKU008,480,25,0,455,60.302,372,367,5,49.055
PR00002154,WO00002154,2026-03-31,A,P01,P01_L03,SKU003,480,0,0,480,61.962,510,496,14,63.75
PR00002155,WO00002155,2026-03-31,B,P01,P01_L03,SKU008,480,53,115,312,60.302,263,257,6,50.577
PR00002156,WO00002156,2026-03-31,C,P01,P01_L03,SKU003,480,51,0,429,61.962,420,412,8,58.741
PR00002175,WO00002175,2026-04-01,A,P01,P01_L01,SKU005,480,0,0,480,50.42,354,344,10,44.25
PR00002176,WO00002176,2026-04-01,B,P01,P01_L01,SKU005,480,52,0,428,50.42,291,284,7,40.794
PR00002177,WO00002177,2026-04-01,C,P01,P01_L01,SKU001,480,0,0,480,49.793,347,335,12,43.375
PR00002178,WO00002178,2026-04-01,A,P01,P01_L02,SKU002,480,0,6,474,65.2,467,449,18,59.114
PR00002179,WO00002179,2026-04-01,B,P01,P01_L02,SKU006,480,15,0,465,54.878,358,345,13,46.194
PR00002180,WO00002180,2026-04-01,C,P01,P01_L02,SKU001,480,0,35,445,49.793,317,307,10,42.742
PR00002181,WO00002181,2026-04-01,A,P01,P01_L03,SKU003,480,0,10,470,61.962,458,448,10,58.468
PR00002182,WO00002182,2026-04-01,B,P01,P01_L03,SKU007,480,0,0,480,74.2,489,482,7,61.125
PR00002183,WO00002183,2026-04-01,C,P01,P01_L03,SKU003,480,0,0,480,61.962,450,442,8,56.25
PR00002202,WO00002202,2026-04-02,A,P01,P01_L01,SKU006,480,0,0,480,54.878,433,420,13,54.125
PR00002203,WO00002203,2026-04-02,B,P01,P01_L01,SKU005,480,0,0,480,50.42,348,337,11,43.5
PR00002204,WO00002204,2026-04-02,C,P01,P01_L01,SKU005,480,23,0,457,50.42,313,303,10,41.094
PR00002205,WO00002205,2026-04-02,A,P01,P01_L02,SKU002,480,0,0,480,65.2,450,433,17,56.25
PR00002206,WO00002206,2026-04-02,B,P01,P01_L02,SKU001,480,0,63,417,49.793,317,309,8,45.612
PR00002207,WO00002207,2026-04-02,C,P01,P01_L02,SKU004,480,45,53,382,56.693,306,294,12,48.063
PR00002208,WO00002208,2026-04-02,A,P01,P01_L03,SKU008,480,16,0,464,60.302,411,403,8,53.147
PR00002209,WO00002209,2026-04-02,B,P01,P01_L03,SKU003,480,0,0,480,61.962,471,462,9,58.875
PR00002210,WO00002210,2026-04-02,C,P01,P01_L03,SKU003,480,0,0,480,61.962,428,416,12,53.5
PR00002229,WO00002229,2026-04-03,A,P01,P01_L01,SKU004,480,0,7,473,56.693,417,403,14,52.896
PR00002230,WO00002230,2026-04-03,B,P01,P01_L01,SKU004,480,0,0,480,56.693,391,375,16,48.875
PR00002231,WO00002231,2026-04-03,C,P01,P01_L01,SKU005,480,0,0,480,50.42,323,314,9,40.375
PR00002232,WO00002232,2026-04-03,A,P01,P01_L02,SKU004,480,0,0,480,56.693,408,390,18,51.0
PR00002233,WO00002233,2026-04-03,B,P01,P01_L02,SKU002,480,0,0,480,65.2,432,415,17,54.0
PR00002234,WO00002234,2026-04-03,C,P01,P01_L02,SKU004,480,0,0,480,56.693,384,367,17,48.0
PR00002235,WO00002235,2026-04-03,A,P01,P01_L03,SKU003,480,0,0,480,61.962,463,457,6,57.875
PR00002236,WO00002236,2026-04-03,B,P01,P01_L03,SKU003,480,0,18,462,61.962,441,429,12,57.273
PR00002237,WO00002237,2026-04-03,C,P01,P01_L03,SKU008,480,35,0,445,60.302,357,353,4,48.135
PR00002256,WO00002256,2026-04-04,A,P01,P01_L01,SKU005,480,0,0,480,50.42,361,349,12,45.125
PR00002257,WO00002257,2026-04-04,B,P01,P01_L01,SKU005,480,0,0,480,50.42,353,341,12,44.125
PR00002258,WO00002258,2026-04-04,C,P01,P01_L01,SKU001,480,0,0,480,49.793,337,328,9,42.125
PR00002259,WO00002259,2026-04-04,A,P01,P01_L02,SKU004,480,21,0,459,56.693,383,371,12,50.065
PR00002260,WO00002260,2026-04-04,B,P01,P01_L02,SKU006,480,0,31,449,54.878,369,354,15,49.31
PR00002261,WO00002261,2026-04-04,C,P01,P01_L02,SKU008,480,0,0,480,60.302,388,378,10,48.5
PR00002275,WO00002275,2026-04-05,A,P01,P01_L01,SKU007,480,61,0,419,69.9,442,437,5,63.294
PR00002276,WO00002276,2026-04-05,B,P01,P01_L01,SKU004,480,0,50,430,56.693,347,333,14,48.419
PR00002277,WO00002277,2026-04-05,C,P01,P01_L01,SKU001,480,53,67,360,49.793,254,248,6,42.333
PR00002278,WO00002278,2026-04-05,B,P01,P01_L02,SKU007,480,23,37,420,65.2,396,389,7,56.571
PR00002279,WO00002279,2026-04-05,B,P01,P01_L03,SKU003,480,26,16,438,61.962,403,392,11,55.205
PR00002293,WO00002293,2026-04-06,A,P01,P01_L01,SKU001,480,0,0,480,49.793,369,361,8,46.125
PR00002294,WO00002294,2026-04-06,B,P01,P01_L01,SKU007,480,27,0,453,69.9,490,482,8,64.901
PR00002295,WO00002295,2026-04-06,C,P01,P01_L01,SKU004,480,0,0,480,56.693,373,358,15,46.625
PR00002296,WO00002296,2026-04-06,A,P01,P01_L02,SKU001,480,0,0,480,49.793,367,357,10,45.875
PR00002297,WO00002297,2026-04-06,B,P01,P01_L02,SKU001,480,0,0,480,49.793,346,335,11,43.25
PR00002298,WO00002298,2026-04-06,C,P01,P01_L02,SKU001,480,18,0,462,49.793,329,319,10,42.727
PR00002299,WO00002299,2026-04-06,A,P01,P01_L03,SKU004,480,0,36,444,56.693,385,372,13,52.027
PR00002300,WO00002300,2026-04-06,B,P01,P01_L03,SKU003,480,27,0,453,61.962,420,413,7,55.629
PR00002301,WO00002301,2026-04-06,C,P01,P01_L03,SKU008,480,25,0,455,60.302,394,385,9,51.956
PR00002320,WO00002320,2026-04-07,A,P01,P01_L01,SKU005,480,23,0,457,50.42,348,338,10,45.689
PR00002321,WO00002321,2026-04-07,B,P01,P01_L01,SKU002,480,0,0,480,69.9,469,451,18,58.625
PR00002322,WO00002322,2026-04-07,C,P01,P01_L01,SKU001,480,0,12,468,49.793,330,321,9,42.308
PR00002323,WO00002323,2026-04-07,A,P01,P01_L02,SKU001,480,27,0,453,49.793,339,331,8,44.901
PR00002324,WO00002324,2026-04-07,B,P01,P01_L02,SKU002,480,27,0,453,65.2,422,405,17,55.894
PR00002325,WO00002325,2026-04-07,C,P01,P01_L02,SKU008,480,0,33,447,60.302,379,370,9,50.872
PR00002326,WO00002326,2026-04-07,A,P01,P01_L03,SKU007,480,23,0,457,74.2,496,489,7,65.12
PR00002327,WO00002327,2026-04-07,B,P01,P01_L03,SKU007,480,0,0,480,74.2,562,554,8,70.25
PR00002328,WO00002328,2026-04-07,C,P01,P01_L03,SKU003,480,0,19,461,61.962,409,400,9,53.232
PR00002347,WO00002347,2026-04-08,A,P01,P01_L01,SKU004,480,47,0,433,56.693,380,366,14,52.656
PR00002348,WO00002348,2026-04-08,B,P01,P01_L01,SKU005,480,0,0,480,50.42,334,327,7,41.75
PR00002349,WO00002349,2026-04-08,C,P01,P01_L01,SKU007,480,0,0,480,69.9,458,453,5,57.25
PR00002350,WO00002350,2026-04-08,A,P01,P01_L02,SKU004,480,0,39,441,56.693,373,359,14,50.748
PR00002351,WO00002351,2026-04-08,B,P01,P01_L02,SKU008,480,0,0,480,60.302,398,391,7,49.75
PR00002352,WO00002352,2026-04-08,C,P01,P01_L02,SKU004,480,42,28,410,56.693,334,319,15,48.878
PR00002353,WO00002353,2026-04-08,A,P01,P01_L03,SKU003,480,71,84,325,61.962,344,337,7,63.508
PR00002354,WO00002354,2026-04-08,B,P01,P01_L03,SKU001,480,0,0,480,49.793,344,334,10,43.0
PR00002355,WO00002355,2026-04-08,C,P01,P01_L03,SKU003,480,23,0,457,61.962,439,430,9,57.637
PR00002374,WO00002374,2026-04-09,A,P01,P01_L01,SKU001,480,0,118,362,49.793,282,273,9,46.74
PR00002375,WO00002375,2026-04-09,B,P01,P01_L01,SKU006,480,39,21,420,54.878,341,330,11,48.714
PR00002376,WO00002376,2026-04-09,C,P01,P01_L01,SKU007,480,37,0,443,69.9,443,438,5,60.0
PR00002377,WO00002377,2026-04-09,A,P01,P01_L02,SKU008,480,38,0,442,60.302,382,376,6,51.855
PR00002378,WO00002378,2026-04-09,B,P01,P01_L02,SKU001,480,0,0,480,49.793,336,325,11,42.0
PR00002379,WO00002379,2026-04-09,C,P01,P01_L02,SKU002,480,34,0,446,65.2,379,363,16,50.987
PR00002380,WO00002380,2026-04-09,A,P01,P01_L03,SKU004,480,0,16,464,56.693,385,369,16,49.784
PR00002381,WO00002381,2026-04-09,B,P01,P01_L03,SKU003,480,52,0,428,61.962,424,415,9,59.439
PR00002382,WO00002382,2026-04-09,C,P01,P01_L03,SKU004,480,0,0,480,56.693,409,392,17,51.125
PR00002401,WO00002401,2026-04-10,A,P01,P01_L01,SKU004,480,26,0,454,56.693,390,375,15,51.542
PR00002402,WO00002402,2026-04-10,B,P01,P01_L01,SKU001,480,18,0,462,49.793,339,330,9,44.026
PR00002403,WO00002403,2026-04-10,C,P01,P01_L01,SKU005,480,0,33,447,50.42,309,301,8,41.477
PR00002404,WO00002404,2026-04-10,A,P01,P01_L02,SKU006,480,21,0,459,54.878,401,389,12,52.418
PR00002405,WO00002405,2026-04-10,B,P01,P01_L02,SKU001,480,0,0,480,49.793,357,347,10,44.625
PR00002406,WO00002406,2026-04-10,C,P01,P01_L02,SKU004,480,21,0,459,56.693,353,337,16,46.144
PR00002407,WO00002407,2026-04-10,A,P01,P01_L03,SKU004,480,0,0,480,56.693,408,391,17,51.0
PR00002408,WO00002408,2026-04-10,B,P01,P01_L03,SKU003,480,0,0,480,61.962,464,452,12,58.0
PR00002409,WO00002409,2026-04-10,C,P01,P01_L03,SKU005,480,0,0,480,50.42,317,310,7,39.625
PR00002428,WO00002428,2026-04-11,B,P01,P01_L01,SKU005,480,0,0,480,50.42,331,323,8,41.375
PR00002429,WO00002429,2026-04-11,A,P01,P01_L02,SKU001,480,39,0,441,49.793,316,308,8,42.993
PR00002430,WO00002430,2026-04-11,B,P01,P01_L02,SKU001,480,0,33,447,49.793,310,300,10,41.611
PR00002431,WO00002431,2026-04-11,B,P01,P01_L03,SKU008,480,17,21,442,60.302,382,377,5,51.855
PR00002432,WO00002432,2026-04-11,C,P01,P01_L03,SKU004,480,63,21,396,56.693,322,311,11,48.788
PR00002442,WO00002442,2026-04-12,A,P01,P01_L01,SKU005,480,18,0,462,50.42,332,324,8,43.117
PR00002443,WO00002443,2026-04-12,B,P01,P01_L01,SKU005,480,0,0,480,50.42,325,315,10,40.625
PR00002444,WO00002444,2026-04-12,C,P01,P01_L01,SKU007,480,0,0,480,69.9,465,458,7,58.125
PR00002445,WO00002445,2026-04-12,A,P01,P01_L02,SKU002,480,0,0,480,65.2,452,435,17,56.5
PR00002446,WO00002446,2026-04-12,C,P01,P01_L03,SKU003,480,0,12,468,61.962,429,416,13,55.0
PR00002461,WO00002461,2026-04-13,A,P01,P01_L01,SKU001,480,0,0,480,49.793,372,366,6,46.5
PR00002462,WO00002462,2026-04-13,B,P01,P01_L01,SKU004,480,74,0,406,56.693,329,317,12,48.621
PR00002463,WO00002463,2026-04-13,C,P01,P01_L01,SKU005,480,0,0,480,50.42,333,326,7,41.625
PR00002464,WO00002464,2026-04-13,A,P01,P01_L02,SKU001,480,20,0,460,49.793,343,331,12,44.739
PR00002465,WO00002465,2026-04-13,B,P01,P01_L02,SKU001,480,38,0,442,49.793,323,313,10,43.846
PR00002466,WO00002466,2026-04-13,C,P01,P01_L02,SKU006,480,0,0,480,54.878,400,385,15,50.0
PR00002467,WO00002467,2026-04-13,A,P01,P01_L03,SKU003,480,0,0,480,61.962,474,459,15,59.25
PR00002468,WO00002468,2026-04-13,B,P01,P01_L03,SKU004,480,40,0,440,56.693,356,340,16,48.545
PR00002469,WO00002469,2026-04-13,C,P01,P01_L03,SKU004,480,44,16,420,56.693,335,322,13,47.857
PR00002488,WO00002488,2026-04-14,A,P01,P01_L01,SKU001,480,0,0,480,49.793,359,352,7,44.875
PR00002489,WO00002489,2026-04-14,B,P01,P01_L01,SKU007,480,26,0,454,69.9,441,435,6,58.282
PR00002490,WO00002490,2026-04-14,C,P01,P01_L01,SKU001,480,0,0,480,49.793,352,343,9,44.0
PR00002491,WO00002491,2026-04-14,A,P01,P01_L02,SKU003,480,35,0,445,61.962,431,422,9,58.112
PR00002492,WO00002492,2026-04-14,B,P01,P01_L02,SKU001,480,0,0,480,49.793,360,349,11,45.0
PR00002493,WO00002493,2026-04-14,C,P01,P01_L02,SKU008,480,0,48,432,60.302,333,326,7,46.25
PR00002494,WO00002494,2026-04-14,A,P01,P01_L03,SKU003,480,0,0,480,61.962,470,463,7,58.75
PR00002495,WO00002495,2026-04-14,B,P01,P01_L03,SKU008,480,0,0,480,60.302,403,395,8,50.375
PR00002496,WO00002496,2026-04-14,C,P01,P01_L03,SKU003,480,25,0,455,61.962,411,398,13,54.198
PR00002515,WO00002515,2026-04-15,A,P01,P01_L01,SKU001,480,31,0,449,49.793,334,324,10,44.633
PR00002516,WO00002516,2026-04-15,B,P01,P01_L01,SKU006,480,0,0,480,54.878,413,399,14,51.625
PR00002517,WO00002517,2026-04-15,C,P01,P01_L01,SKU005,480,0,0,480,50.42,318,309,9,39.75
PR00002518,WO00002518,2026-04-15,A,P01,P01_L02,SKU001,480,33,0,447,49.793,352,344,8,47.248
PR00002519,WO00002519,2026-04-15,B,P01,P01_L02,SKU001,480,0,0,480,49.793,353,342,11,44.125
PR00002520,WO00002520,2026-04-15,C,P01,P01_L02,SKU001,480,0,0,480,49.793,331,321,10,41.375
PR00002521,WO00002521,2026-04-15,A,P01,P01_L03,SKU003,480,30,0,450,61.962,434,428,6,57.867
PR00002522,WO00002522,2026-04-15,B,P01,P01_L03,SKU007,480,0,58,422,74.2,464,456,8,65.972
PR00002523,WO00002523,2026-04-15,C,P01,P01_L03,SKU003,480,0,0,480,61.962,424,412,12,53.0
PR00002542,WO00002542,2026-04-16,A,P01,P01_L01,SKU005,480,0,0,480,50.42,343,335,8,42.875
PR00002543,WO00002543,2026-04-16,B,P01,P01_L01,SKU005,480,59,0,421,50.42,309,301,8,44.038
PR00002544,WO00002544,2026-04-16,C,P01,P01_L01,SKU007,480,0,7,473,69.9,495,489,6,62.791
PR00002545,WO00002545,2026-04-16,A,P01,P01_L02,SKU008,480,0,21,459,60.302,403,395,8,52.68
PR00002546,WO00002546,2026-04-16,B,P01,P01_L02,SKU008,480,0,0,480,60.302,415,404,11,51.875
PR00002547,WO00002547,2026-04-16,C,P01,P01_L02,SKU008,480,21,0,459,60.302,391,380,11,51.111
PR00002548,WO00002548,2026-04-16,A,P01,P01_L03,SKU008,480,0,0,480,60.302,409,402,7,51.125
PR00002549,WO00002549,2026-04-16,B,P01,P01_L03,SKU008,480,0,0,480,60.302,424,415,9,53.0
PR00002550,WO00002550,2026-04-16,C,P01,P01_L03,SKU008,480,17,0,463,60.302,382,374,8,49.503
PR00002569,WO00002569,2026-04-17,A,P01,P01_L01,SKU006,480,33,0,447,54.878,410,394,16,55.034
PR00002570,WO00002570,2026-04-17,B,P01,P01_L01,SKU001,480,0,0,480,49.793,369,359,10,46.125
PR00002571,WO00002571,2026-04-17,C,P01,P01_L01,SKU005,480,25,0,455,50.42,317,307,10,41.802
PR00002572,WO00002572,2026-04-17,A,P01,P01_L02,SKU006,480,0,0,480,54.878,407,395,12,50.875
PR00002573,WO00002573,2026-04-17,B,P01,P01_L02,SKU001,480,50,121,309,49.793,237,230,7,46.019
PR00002574,WO00002574,2026-04-17,C,P01,P01_L02,SKU004,480,0,65,415,56.693,333,320,13,48.145
PR00002575,WO00002575,2026-04-17,A,P01,P01_L03,SKU008,480,15,0,465,60.302,403,394,9,52.0
PR00002576,WO00002576,2026-04-17,B,P01,P01_L03,SKU008,480,0,0,480,60.302,409,400,9,51.125
PR00002577,WO00002577,2026-04-17,C,P01,P01_L03,SKU004,480,0,0,480,56.693,370,353,17,46.25
PR00002596,WO00002596,2026-04-18,B,P01,P01_L01,SKU002,480,34,0,446,69.9,452,433,19,60.807
PR00002597,WO00002597,2026-04-18,C,P01,P01_L01,SKU001,480,0,0,480,49.793,338,328,10,42.25
PR00002598,WO00002598,2026-04-18,B,P01,P01_L02,SKU001,480,0,0,480,49.793,350,341,9,43.75
PR00002599,WO00002599,2026-04-18,C,P01,P01_L02,SKU001,480,0,0,480,49.793,347,339,8,43.375
PR00002600,WO00002600,2026-04-18,A,P01,P01_L03,SKU008,480,35,0,445,60.302,405,397,8,54.607
PR00002613,WO00002613,2026-04-19,C,P01,P01_L01,SKU004,480,23,10,447,56.693,357,341,16,47.919
PR00002614,WO00002614,2026-04-19,A,P01,P01_L02,SKU006,480,48,0,432,54.878,383,372,11,53.194
PR00002615,WO00002615,2026-04-19,C,P01,P01_L02,SKU008,480,25,0,455,60.302,382,375,7,50.374
PR00002630,WO00002630,2026-04-20,A,P01,P01_L01,SKU001,480,0,0,480,49.793,391,378,13,48.875
PR00002631,WO00002631,2026-04-20,B,P01,P01_L01,SKU005,480,0,0,480,50.42,357,348,9,44.625
PR00002632,WO00002632,2026-04-20,C,P01,P01_L01,SKU001,480,0,0,480,49.793,319,308,11,39.875
PR00002633,WO00002633,2026-04-20,A,P01,P01_L02,SKU001,480,30,0,450,49.793,335,326,9,44.667
PR00002634,WO00002634,2026-04-20,B,P01,P01_L02,SKU001,480,0,44,436,49.793,301,291,10,41.422
PR00002635,WO00002635,2026-04-20,C,P01,P01_L02,SKU004,480,0,0,480,56.693,413,395,18,51.625
PR00002636,WO00002636,2026-04-20,A,P01,P01_L03,SKU003,480,0,0,480,61.962,460,448,12,57.5
PR00002637,WO00002637,2026-04-20,B,P01,P01_L03,SKU008,480,41,0,439,60.302,392,385,7,53.576
PR00002638,WO00002638,2026-04-20,C,P01,P01_L03,SKU008,480,0,0,480,60.302,397,389,8,49.625
PR00002657,WO00002657,2026-04-21,A,P01,P01_L01,SKU001,480,0,0,480,49.793,376,367,9,47.0
PR00002658,WO00002658,2026-04-21,B,P01,P01_L01,SKU002,480,0,0,480,69.9,481,458,23,60.125
PR00002659,WO00002659,2026-04-21,C,P01,P01_L01,SKU007,480,25,0,455,69.9,449,445,4,59.209
PR00002660,WO00002660,2026-04-21,A,P01,P01_L02,SKU004,480,0,0,480,56.693,420,403,17,52.5
PR00002661,WO00002661,2026-04-21,B,P01,P01_L02,SKU004,480,0,0,480,56.693,432,411,21,54.0
PR00002662,WO00002662,2026-04-21,C,P01,P01_L02,SKU001,480,0,0,480,49.793,323,312,11,40.375
PR00002663,WO00002663,2026-04-21,A,P01,P01_L03,SKU004,480,30,0,450,56.693,389,375,14,51.867
PR00002664,WO00002664,2026-04-21,B,P01,P01_L03,SKU003,480,23,68,389,61.962,351,346,5,54.139
PR00002665,WO00002665,2026-04-21,C,P01,P01_L03,SKU004,480,41,0,439,56.693,373,357,16,50.979
PR00002684,WO00002684,2026-04-22,A,P01,P01_L01,SKU001,480,20,0,460,49.793,346,336,10,45.13
PR00002685,WO00002685,2026-04-22,B,P01,P01_L01,SKU007,480,0,0,480,69.9,462,457,5,57.75
PR00002686,WO00002686,2026-04-22,C,P01,P01_L01,SKU001,480,0,14,466,49.793,317,306,11,40.815
PR00002687,WO00002687,2026-04-22,A,P01,P01_L02,SKU001,480,36,0,444,49.793,313,307,6,42.297
PR00002688,WO00002688,2026-04-22,B,P01,P01_L02,SKU004,480,0,0,480,56.693,397,383,14,49.625
PR00002689,WO00002689,2026-04-22,C,P01,P01_L02,SKU001,480,37,0,443,49.793,312,303,9,42.257
PR00002690,WO00002690,2026-04-22,A,P01,P01_L03,SKU003,480,0,0,480,61.962,502,490,12,62.75
PR00002691,WO00002691,2026-04-22,B,P01,P01_L03,SKU003,480,19,0,461,61.962,432,422,10,56.226
PR00002692,WO00002692,2026-04-22,C,P01,P01_L03,SKU003,480,36,0,444,61.962,388,379,9,52.432
PR00002711,WO00002711,2026-04-23,A,P01,P01_L01,SKU007,480,0,42,438,69.9,453,449,4,62.055
PR00002712,WO00002712,2026-04-23,B,P01,P01_L01,SKU002,480,0,0,480,69.9,467,446,21,58.375
PR00002713,WO00002713,2026-04-23,C,P01,P01_L01,SKU006,480,0,0,480,54.878,387,373,14,48.375
PR00002714,WO00002714,2026-04-23,A,P01,P01_L02,SKU004,480,22,0,458,56.693,392,379,13,51.354
PR00002715,WO00002715,2026-04-23,B,P01,P01_L02,SKU001,480,0,0,480,49.793,355,345,10,44.375
PR00002716,WO00002716,2026-04-23,C,P01,P01_L02,SKU002,480,0,10,470,65.2,401,383,18,51.191
PR00002717,WO00002717,2026-04-23,A,P01,P01_L03,SKU003,480,0,0,480,61.962,491,475,16,61.375
PR00002718,WO00002718,2026-04-23,B,P01,P01_L03,SKU002,480,0,60,420,72.0,422,404,18,60.286
PR00002719,WO00002719,2026-04-23,C,P01,P01_L03,SKU004,480,30,0,450,56.693,363,350,13,48.4
PR00002738,WO00002738,2026-04-24,A,P01,P01_L01,SKU001,480,0,0,480,49.793,357,347,10,44.625
PR00002739,WO00002739,2026-04-24,B,P01,P01_L01,SKU004,480,0,0,480,56.693,404,389,15,50.5
PR00002740,WO00002740,2026-04-24,C,P01,P01_L01,SKU007,480,62,0,418,69.9,418,413,5,60.0
PR00002741,WO00002741,2026-04-24,A,P01,P01_L02,SKU001,480,53,0,427,49.793,326,317,9,45.808
PR00002742,WO00002742,2026-04-24,B,P01,P01_L02,SKU002,480,55,33,392,65.2,355,339,16,54.337
PR00002743,WO00002743,2026-04-24,C,P01,P01_L02,SKU001,480,0,0,480,49.793,350,339,11,43.75
PR00002744,WO00002744,2026-04-24,A,P01,P01_L03,SKU003,480,17,0,463,61.962,428,422,6,55.464
PR00002745,WO00002745,2026-04-24,B,P01,P01_L03,SKU003,480,0,0,480,61.962,477,465,12,59.625
PR00002746,WO00002746,2026-04-24,C,P01,P01_L03,SKU008,480,0,0,480,60.302,403,399,4,50.375
PR00002765,WO00002765,2026-04-25,B,P01,P01_L01,SKU001,480,22,0,458,49.793,342,335,7,44.803
PR00002766,WO00002766,2026-04-25,A,P01,P01_L02,SKU006,480,0,15,465,54.878,389,379,10,50.194
PR00002767,WO00002767,2026-04-25,C,P01,P01_L02,SKU001,480,0,0,480,49.793,348,336,12,43.5
PR00002768,WO00002768,2026-04-25,C,P01,P01_L03,SKU003,480,0,0,480,61.962,430,419,11,53.75
PR00002781,WO00002781,2026-04-26,B,P01,P01_L01,SKU004,480,35,0,445,56.693,360,345,15,48.539
PR00002782,WO00002782,2026-04-26,C,P01,P01_L01,SKU001,480,46,16,418,49.793,307,298,9,44.067
PR00002783,WO00002783,2026-04-26,A,P01,P01_L02,SKU004,480,30,26,424,56.693,355,341,14,50.236
PR00002784,WO00002784,2026-04-26,B,P01,P01_L02,SKU002,480,0,0,480,65.2,463,444,19,57.875
PR00002785,WO00002785,2026-04-26,B,P01,P01_L03,SKU003,480,24,0,456,61.962,417,407,10,54.868
PR00002798,WO00002798,2026-04-27,A,P01,P01_L01,SKU004,480,0,0,480,56.693,400,385,15,50.0
PR00002799,WO00002799,2026-04-27,B,P01,P01_L01,SKU006,480,0,0,480,54.878,413,400,13,51.625
PR00002800,WO00002800,2026-04-27,C,P01,P01_L01,SKU007,480,20,0,460,69.9,462,452,10,60.261
PR00002801,WO00002801,2026-04-27,A,P01,P01_L02,SKU004,480,42,28,410,56.693,360,347,13,52.683
PR00002802,WO00002802,2026-04-27,B,P01,P01_L02,SKU006,480,20,0,460,54.878,412,397,15,53.739
PR00002803,WO00002803,2026-04-27,C,P01,P01_L02,SKU008,480,35,0,445,60.302,377,371,6,50.831
PR00002804,WO00002804,2026-04-27,A,P01,P01_L03,SKU003,480,0,19,461,61.962,447,437,10,58.178
PR00002805,WO00002805,2026-04-27,B,P01,P01_L03,SKU003,480,34,0,446,61.962,421,411,10,56.637
PR00002806,WO00002806,2026-04-27,C,P01,P01_L03,SKU008,480,0,9,471,60.302,392,386,6,49.936
PR00002825,WO00002825,2026-04-28,A,P01,P01_L01,SKU005,480,0,47,433,50.42,310,304,6,42.956
PR00002826,WO00002826,2026-04-28,B,P01,P01_L01,SKU007,480,0,0,480,69.9,508,502,6,63.5
PR00002827,WO00002827,2026-04-28,C,P01,P01_L01,SKU001,480,0,0,480,49.793,342,333,9,42.75
PR00002828,WO00002828,2026-04-28,A,P01,P01_L02,SKU002,480,0,0,480,65.2,461,444,17,57.625
PR00002829,WO00002829,2026-04-28,B,P01,P01_L02,SKU001,480,0,24,456,49.793,306,299,7,40.263
PR00002830,WO00002830,2026-04-28,C,P01,P01_L02,SKU003,480,0,25,455,61.962,416,406,10,54.857
PR00002831,WO00002831,2026-04-28,A,P01,P01_L03,SKU008,480,0,21,459,60.302,394,385,9,51.503
PR00002832,WO00002832,2026-04-28,B,P01,P01_L03,SKU002,480,25,0,455,72.0,495,474,21,65.275
PR00002833,WO00002833,2026-04-28,C,P01,P01_L03,SKU003,480,22,85,373,61.962,353,344,9,56.783
PR00002852,WO00002852,2026-04-29,A,P01,P01_L01,SKU007,480,0,0,480,69.9,515,505,10,64.375
PR00002853,WO00002853,2026-04-29,B,P01,P01_L01,SKU007,480,39,53,388,69.9,395,390,5,61.082
PR00002854,WO00002854,2026-04-29,C,P01,P01_L01,SKU004,480,35,8,437,56.693,316,303,13,43.387
PR00002855,WO00002855,2026-04-29,A,P01,P01_L02,SKU004,480,0,0,480,56.693,459,439,20,57.375
PR00002856,WO00002856,2026-04-29,B,P01,P01_L02,SKU001,480,0,0,480,49.793,358,348,10,44.75
PR00002857,WO00002857,2026-04-29,C,P01,P01_L02,SKU001,480,0,42,438,49.793,311,305,6,42.603
PR00002858,WO00002858,2026-04-29,A,P01,P01_L03,SKU008,480,0,0,480,60.302,418,411,7,52.25
PR00002859,WO00002859,2026-04-29,B,P01,P01_L03,SKU003,480,0,28,452,61.962,418,409,9,55.487
PR00002860,WO00002860,2026-04-29,C,P01,P01_L03,SKU003,480,0,16,464,61.962,445,433,12,57.543
PR00002879,WO00002879,2026-04-30,A,P01,P01_L01,SKU001,480,0,80,400,49.793,292,284,8,43.8
PR00002880,WO00002880,2026-04-30,B,P01,P01_L01,SKU007,480,24,40,416,69.9,435,426,9,62.74
PR00002881,WO00002881,2026-04-30,C,P01,P01_L01,SKU007,480,20,0,460,69.9,480,471,9,62.609
PR00002882,WO00002882,2026-04-30,A,P01,P01_L02,SKU001,480,0,0,480,49.793,385,374,11,48.125
PR00002883,WO00002883,2026-04-30,B,P01,P01_L02,SKU001,480,29,0,451,49.793,341,331,10,45.366
PR00002884,WO00002884,2026-04-30,C,P01,P01_L02,SKU001,480,0,0,480,49.793,324,315,9,40.5
PR00002885,WO00002885,2026-04-30,A,P01,P01_L03,SKU003,480,0,0,480,61.962,497,484,13,62.125
PR00002886,WO00002886,2026-04-30,B,P01,P01_L03,SKU003,480,0,0,480,61.962,445,435,10,55.625
PR00002887,WO00002887,2026-04-30,C,P01,P01_L03,SKU004,480,0,0,480,56.693,351,335,16,43.875
PR00002906,WO00002906,2026-05-01,A,P01,P01_L01,SKU004,480,0,37,443,56.693,374,364,10,50.655
PR00002907,WO00002907,2026-05-01,B,P01,P01_L01,SKU007,480,0,7,473,69.9,513,504,9,65.074
PR00002908,WO00002908,2026-05-01,C,P01,P01_L01,SKU001,480,0,0,480,49.793,347,338,9,43.375
PR00002909,WO00002909,2026-05-01,A,P01,P01_L02,SKU003,480,0,8,472,61.962,474,465,9,60.254
PR00002910,WO00002910,2026-05-01,B,P01,P01_L02,SKU001,480,0,0,480,49.793,346,335,11,43.25
PR00002911,WO00002911,2026-05-01,C,P01,P01_L02,SKU008,480,31,0,449,60.302,365,359,6,48.775
PR00002912,WO00002912,2026-05-01,A,P01,P01_L03,SKU003,480,30,0,450,61.962,441,435,6,58.8
PR00002913,WO00002913,2026-05-01,B,P01,P01_L03,SKU004,480,0,70,410,56.693,349,334,15,51.073
PR00002914,WO00002914,2026-05-01,C,P01,P01_L03,SKU008,480,0,0,480,60.302,398,391,7,49.75
PR00002933,WO00002933,2026-05-02,A,P01,P01_L01,SKU005,480,27,19,434,50.42,323,317,6,44.654
PR00002934,WO00002934,2026-05-02,B,P01,P01_L01,SKU005,480,34,7,439,50.42,320,312,8,43.736
PR00002935,WO00002935,2026-05-02,C,P01,P01_L01,SKU001,480,0,0,480,49.793,346,335,11,43.25
PR00002936,WO00002936,2026-05-02,B,P01,P01_L02,SKU006,480,0,0,480,54.878,400,385,15,50.0
PR00002937,WO00002937,2026-05-02,B,P01,P01_L03,SKU003,480,36,0,444,61.962,433,423,10,58.514
PR00002938,WO00002938,2026-05-02,C,P01,P01_L03,SKU003,480,0,0,480,61.962,427,416,11,53.375
PR00002947,WO00002947,2026-05-03,A,P01,P01_L01,SKU001,480,25,0,455,49.793,348,338,10,45.89
PR00002948,WO00002948,2026-05-03,B,P01,P01_L01,SKU001,480,0,10,470,49.793,330,321,9,42.128
PR00002949,WO00002949,2026-05-03,C,P01,P01_L01,SKU005,480,35,20,425,50.42,298,288,10,42.071
PR00002950,WO00002950,2026-05-03,A,P01,P01_L02,SKU001,480,23,0,457,49.793,322,315,7,42.276
PR00002951,WO00002951,2026-05-03,B,P01,P01_L02,SKU006,480,0,0,480,54.878,414,399,15,51.75
PR00002952,WO00002952,2026-05-03,C,P01,P01_L02,SKU007,480,0,0,480,65.2,447,440,7,55.875
PR00002953,WO00002953,2026-05-03,B,P01,P01_L03,SKU003,480,0,0,480,61.962,468,460,8,58.5
PR00002954,WO00002954,2026-05-03,C,P01,P01_L03,SKU003,480,0,0,480,61.962,438,426,12,54.75
PR00002964,WO00002964,2026-05-04,A,P01,P01_L01,SKU005,480,33,0,447,50.42,333,323,10,44.698
PR00002965,WO00002965,2026-05-04,B,P01,P01_L01,SKU005,480,0,0,480,50.42,344,333,11,43.0
PR00002966,WO00002966,2026-05-04,C,P01,P01_L01,SKU005,480,0,0,480,50.42,327,318,9,40.875
PR00002967,WO00002967,2026-05-04,A,P01,P01_L02,SKU008,480,0,0,480,60.302,437,429,8,54.625
PR00002968,WO00002968,2026-05-04,B,P01,P01_L02,SKU004,480,0,0,480,56.693,386,369,17,48.25
PR00002969,WO00002969,2026-05-04,C,P01,P01_L02,SKU001,480,24,0,456,49.793,330,320,10,43.421
PR00002970,WO00002970,2026-05-04,A,P01,P01_L03,SKU003,480,21,33,426,61.962,432,419,13,60.845
PR00002971,WO00002971,2026-05-04,B,P01,P01_L03,SKU004,480,0,0,480,56.693,414,397,17,51.75
PR00002972,WO00002972,2026-05-04,C,P01,P01_L03,SKU004,480,0,0,480,56.693,396,382,14,49.5
PR00002991,WO00002991,2026-05-05,A,P01,P01_L01,SKU007,480,43,0,437,69.9,457,451,6,62.746
PR00002992,WO00002992,2026-05-05,B,P01,P01_L01,SKU001,480,30,33,417,49.793,296,288,8,42.59
PR00002993,WO00002993,2026-05-05,C,P01,P01_L01,SKU004,480,64,84,332,56.693,260,249,11,46.988
PR00002994,WO00002994,2026-05-05,A,P01,P01_L02,SKU008,480,16,0,464,60.302,371,361,10,47.974
PR00002995,WO00002995,2026-05-05,B,P01,P01_L02,SKU002,480,0,0,480,65.2,465,450,15,58.125
PR00002996,WO00002996,2026-05-05,C,P01,P01_L02,SKU002,480,36,0,444,65.2,400,381,19,54.054
PR00002997,WO00002997,2026-05-05,A,P01,P01_L03,SKU003,480,0,0,480,61.962,479,470,9,59.875
PR00002998,WO00002998,2026-05-05,B,P01,P01_L03,SKU003,480,0,0,480,61.962,465,452,13,58.125
PR00002999,WO00002999,2026-05-05,C,P01,P01_L03,SKU007,480,57,0,423,74.2,441,437,4,62.553
PR00003018,WO00003018,2026-05-06,A,P01,P01_L01,SKU002,480,25,0,455,69.9,454,438,16,59.868
PR00003019,WO00003019,2026-05-06,B,P01,P01_L01,SKU004,480,54,0,426,56.693,361,347,14,50.845
PR00003020,WO00003020,2026-05-06,C,P01,P01_L01,SKU008,480,0,0,480,60.302,381,373,8,47.625
PR00003021,WO00003021,2026-05-06,A,P01,P01_L02,SKU001,480,0,0,480,49.793,365,355,10,45.625
PR00003022,WO00003022,2026-05-06,B,P01,P01_L02,SKU003,480,36,17,427,61.962,401,392,9,56.347
PR00003023,WO00003023,2026-05-06,C,P01,P01_L02,SKU002,480,0,0,480,65.2,419,399,20,52.375
PR00003024,WO00003024,2026-05-06,A,P01,P01_L03,SKU004,480,27,0,453,56.693,415,400,15,54.967
PR00003025,WO00003025,2026-05-06,B,P01,P01_L03,SKU003,480,37,0,443,61.962,442,431,11,59.865
PR00003026,WO00003026,2026-05-06,C,P01,P01_L03,SKU005,480,0,0,480,50.42,332,323,9,41.5
PR00003045,WO00003045,2026-05-07,A,P01,P01_L01,SKU007,480,0,0,480,69.9,518,511,7,64.75
PR00003046,WO00003046,2026-05-07,B,P01,P01_L01,SKU005,480,20,7,453,50.42,317,307,10,41.987
PR00003047,WO00003047,2026-05-07,C,P01,P01_L01,SKU001,480,34,0,446,49.793,315,307,8,42.377
PR00003048,WO00003048,2026-05-07,A,P01,P01_L02,SKU004,480,39,0,441,56.693,380,367,13,51.701
PR00003049,WO00003049,2026-05-07,B,P01,P01_L02,SKU008,480,0,0,480,60.302,376,370,6,47.0
PR00003050,WO00003050,2026-05-07,C,P01,P01_L02,SKU001,480,26,0,454,49.793,314,307,7,41.498
PR00003051,WO00003051,2026-05-07,A,P01,P01_L03,SKU008,480,0,0,480,60.302,421,412,9,52.625
PR00003052,WO00003052,2026-05-07,B,P01,P01_L03,SKU003,480,0,0,480,61.962,435,426,9,54.375
PR00003053,WO00003053,2026-05-07,C,P01,P01_L03,SKU007,480,0,0,480,74.2,507,495,12,63.375
PR00003072,WO00003072,2026-05-08,A,P01,P01_L01,SKU001,480,0,0,480,49.793,341,332,9,42.625
PR00003073,WO00003073,2026-05-08,B,P01,P01_L01,SKU001,480,30,0,450,49.793,334,323,11,44.533
PR00003074,WO00003074,2026-05-08,C,P01,P01_L01,SKU005,480,0,0,480,50.42,314,307,7,39.25
PR00003075,WO00003075,2026-05-08,A,P01,P01_L02,SKU008,480,0,57,423,60.302,366,360,6,51.915
PR00003076,WO00003076,2026-05-08,B,P01,P01_L02,SKU001,480,0,76,404,49.793,287,280,7,42.624
PR00003077,WO00003077,2026-05-08,C,P01,P01_L02,SKU004,480,41,0,439,56.693,377,360,17,51.526
PR00003078,WO00003078,2026-05-08,A,P01,P01_L03,SKU007,480,0,0,480,74.2,539,533,6,67.375
PR00003079,WO00003079,2026-05-08,B,P01,P01_L03,SKU003,480,36,14,430,61.962,404,395,9,56.372
PR00003080,WO00003080,2026-05-08,C,P01,P01_L03,SKU008,480,0,0,480,60.302,389,382,7,48.625
PR00003099,WO00003099,2026-05-09,B,P01,P01_L01,SKU004,480,0,0,480,56.693,417,403,14,52.125
PR00003100,WO00003100,2026-05-09,C,P01,P01_L01,SKU001,480,0,0,480,49.793,330,318,12,41.25
PR00003101,WO00003101,2026-05-09,A,P01,P01_L02,SKU001,480,0,64,416,49.793,319,313,6,46.01
PR00003102,WO00003102,2026-05-09,B,P01,P01_L02,SKU001,480,0,0,480,49.793,349,339,10,43.625
PR00003103,WO00003103,2026-05-09,C,P01,P01_L02,SKU001,480,0,0,480,49.793,344,334,10,43.0
PR00003104,WO00003104,2026-05-09,A,P01,P01_L03,SKU004,480,61,0,419,56.693,369,357,12,52.84
PR00003105,WO00003105,2026-05-09,B,P01,P01_L03,SKU002,480,0,0,480,72.0,479,459,20,59.875
PR00003118,WO00003118,2026-05-10,C,P01,P01_L01,SKU004,480,37,15,428,56.693,326,313,13,45.701
PR00003119,WO00003119,2026-05-10,B,P01,P01_L02,SKU001,480,27,0,453,49.793,327,319,8,43.311
PR00003120,WO00003120,2026-05-10,C,P01,P01_L02,SKU008,480,0,0,480,60.302,396,390,6,49.5
PR00003121,WO00003121,2026-05-10,A,P01,P01_L03,SKU002,480,31,0,449,72.0,470,453,17,62.806
PR00003122,WO00003122,2026-05-10,B,P01,P01_L03,SKU004,480,0,0,480,56.693,434,415,19,54.25
PR00003136,WO00003136,2026-05-11,A,P01,P01_L01,SKU001,480,0,0,480,49.793,350,344,6,43.75
PR00003137,WO00003137,2026-05-11,B,P01,P01_L01,SKU005,480,0,51,429,50.42,322,313,9,45.035
PR00003138,WO00003138,2026-05-11,C,P01,P01_L01,SKU007,480,0,64,416,69.9,447,438,9,64.471
PR00003139,WO00003139,2026-05-11,A,P01,P01_L02,SKU001,480,23,0,457,49.793,352,342,10,46.214
PR00003140,WO00003140,2026-05-11,B,P01,P01_L02,SKU008,480,0,0,480,60.302,438,432,6,54.75
PR00003141,WO00003141,2026-05-11,C,P01,P01_L02,SKU003,480,0,13,467,61.962,426,416,10,54.732
PR00003142,WO00003142,2026-05-11,A,P01,P01_L03,SKU008,480,0,0,480,60.302,414,409,5,51.75
PR00003143,WO00003143,2026-05-11,B,P01,P01_L03,SKU004,480,0,0,480,56.693,407,394,13,50.875
PR00003144,WO00003144,2026-05-11,C,P01,P01_L03,SKU007,480,0,32,448,74.2,482,474,8,64.554
PR00003163,WO00003163,2026-05-12,A,P01,P01_L01,SKU001,480,0,12,468,49.793,358,349,9,45.897
PR00003164,WO00003164,2026-05-12,B,P01,P01_L01,SKU005,480,27,0,453,50.42,331,323,8,43.841
PR00003165,WO00003165,2026-05-12,C,P01,P01_L01,SKU005,480,0,36,444,50.42,295,287,8,39.865
PR00003166,WO00003166,2026-05-12,A,P01,P01_L02,SKU001,480,0,0,480,49.793,388,380,8,48.5
PR00003167,WO00003167,2026-05-12,B,P01,P01_L02,SKU002,480,32,0,448,65.2,392,375,17,52.5
PR00003168,WO00003168,2026-05-12,C,P01,P01_L02,SKU008,480,0,0,480,60.302,392,382,10,49.0
PR00003169,WO00003169,2026-05-12,A,P01,P01_L03,SKU002,480,20,0,460,72.0,475,459,16,61.957
PR00003170,WO00003170,2026-05-12,B,P01,P01_L03,SKU004,480,0,0,480,56.693,378,365,13,47.25
PR00003171,WO00003171,2026-05-12,C,P01,P01_L03,SKU007,480,27,0,453,74.2,493,487,6,65.298
PR00003190,WO00003190,2026-05-13,A,P01,P01_L01,SKU005,480,0,28,452,50.42,318,310,8,42.212
PR00003191,WO00003191,2026-05-13,B,P01,P01_L01,SKU006,480,22,0,458,54.878,373,358,15,48.865
PR00003192,WO00003192,2026-05-13,C,P01,P01_L01,SKU007,480,20,0,460,69.9,482,475,7,62.87
PR00003193,WO00003193,2026-05-13,A,P01,P01_L02,SKU004,480,0,0,480,56.693,406,392,14,50.75
PR00003194,WO00003194,2026-05-13,B,P01,P01_L02,SKU001,480,0,0,480,49.793,348,337,11,43.5
PR00003195,WO00003195,2026-05-13,C,P01,P01_L02,SKU001,480,59,0,421,49.793,295,286,9,42.043
PR00003196,WO00003196,2026-05-13,A,P01,P01_L03,SKU008,480,30,0,450,60.302,409,402,7,54.533
PR00003197,WO00003197,2026-05-13,B,P01,P01_L03,SKU003,480,34,0,446,61.962,450,443,7,60.538
PR00003198,WO00003198,2026-05-13,C,P01,P01_L03,SKU008,480,0,0,480,60.302,370,364,6,46.25
PR00003217,WO00003217,2026-05-14,A,P01,P01_L01,SKU007,480,0,0,480,69.9,498,491,7,62.25
PR00003218,WO00003218,2026-05-14,B,P01,P01_L01,SKU005,480,25,0,455,50.42,320,312,8,42.198
PR00003219,WO00003219,2026-05-14,C,P01,P01_L01,SKU002,480,0,0,480,69.9,471,453,18,58.875
PR00003220,WO00003220,2026-05-14,A,P01,P01_L02,SKU006,480,0,0,480,54.878,426,415,11,53.25
PR00003221,WO00003221,2026-05-14,B,P01,P01_L02,SKU001,480,0,0,480,49.793,350,341,9,43.75
PR00003222,WO00003222,2026-05-14,C,P01,P01_L02,SKU002,480,0,0,480,65.2,449,427,22,56.125
PR00003223,WO00003223,2026-05-14,A,P01,P01_L03,SKU003,480,45,0,435,61.962,432,423,9,59.586
PR00003224,WO00003224,2026-05-14,B,P01,P01_L03,SKU004,480,0,0,480,56.693,412,397,15,51.5
PR00003225,WO00003225,2026-05-14,C,P01,P01_L03,SKU003,480,0,0,480,61.962,434,425,9,54.25
PR00003244,WO00003244,2026-05-15,A,P01,P01_L01,SKU007,480,0,0,480,69.9,551,544,7,68.875
PR00003245,WO00003245,2026-05-15,B,P01,P01_L01,SKU007,480,0,0,480,69.9,468,461,7,58.5
PR00003246,WO00003246,2026-05-15,C,P01,P01_L01,SKU007,480,0,0,480,69.9,502,496,6,62.75
PR00003247,WO00003247,2026-05-15,A,P01,P01_L02,SKU003,480,22,0,458,61.962,456,445,11,59.738
PR00003248,WO00003248,2026-05-15,B,P01,P01_L02,SKU004,480,22,23,435,56.693,378,363,15,52.138
PR00003249,WO00003249,2026-05-15,C,P01,P01_L02,SKU004,480,0,0,480,56.693,405,385,20,50.625
PR00003250,WO00003250,2026-05-15,A,P01,P01_L03,SKU004,480,21,48,411,56.693,354,343,11,51.679
PR00003251,WO00003251,2026-05-15,B,P01,P01_L03,SKU008,480,0,0,480,60.302,419,413,6,52.375
PR00003252,WO00003252,2026-05-15,C,P01,P01_L03,SKU003,480,18,0,462,61.962,432,420,12,56.104
PR00003271,WO00003271,2026-05-16,B,P01,P01_L01,SKU001,480,0,0,480,49.793,347,338,9,43.375
PR00003272,WO00003272,2026-05-16,C,P01,P01_L01,SKU002,480,50,12,418,69.9,422,405,17,60.574
PR00003273,WO00003273,2026-05-16,A,P01,P01_L02,SKU004,480,0,0,480,56.693,410,393,17,51.25
PR00003274,WO00003274,2026-05-16,B,P01,P01_L02,SKU001,480,41,0,439,49.793,330,320,10,45.103
PR00003275,WO00003275,2026-05-16,C,P01,P01_L02,SKU004,480,23,0,457,56.693,367,354,13,48.184
PR00003276,WO00003276,2026-05-16,C,P01,P01_L03,SKU003,480,0,0,480,61.962,440,429,11,55.0
PR00003292,WO00003292,2026-05-17,A,P01,P01_L01,SKU007,480,25,0,455,69.9,470,468,2,61.978
PR00003293,WO00003293,2026-05-17,B,P01,P01_L01,SKU005,480,0,35,445,50.42,319,312,7,43.011
PR00003294,WO00003294,2026-05-17,B,P01,P01_L02,SKU001,480,0,72,408,49.793,307,298,9,45.147
PR00003295,WO00003295,2026-05-17,A,P01,P01_L03,SKU003,480,0,0,480,61.962,461,450,11,57.625
PR00003296,WO00003296,2026-05-17,B,P01,P01_L03,SKU008,480,20,0,460,60.302,391,386,5,51.0
PR00003297,WO00003297,2026-05-17,C,P01,P01_L03,SKU003,480,27,0,453,61.962,438,426,12,58.013
PR00003311,WO00003311,2026-05-18,A,P01,P01_L01,SKU005,480,25,0,455,50.42,344,334,10,45.363
PR00003312,WO00003312,2026-05-18,B,P01,P01_L01,SKU007,480,0,0,480,69.9,474,466,8,59.25
PR00003313,WO00003313,2026-05-18,C,P01,P01_L01,SKU001,480,31,14,435,49.793,310,299,11,42.759
PR00003314,WO00003314,2026-05-18,A,P01,P01_L02,SKU001,480,21,0,459,49.793,346,334,12,45.229
PR00003315,WO00003315,2026-05-18,B,P01,P01_L02,SKU002,480,0,19,461,65.2,441,424,17,57.397
PR00003316,WO00003316,2026-05-18,C,P01,P01_L02,SKU008,480,0,0,480,60.302,396,388,8,49.5
PR00003317,WO00003317,2026-05-18,A,P01,P01_L03,SKU008,480,55,0,425,60.302,396,389,7,55.906
PR00003318,WO00003318,2026-05-18,B,P01,P01_L03,SKU003,480,0,0,480,61.962,482,471,11,60.25
PR00003319,WO00003319,2026-05-18,C,P01,P01_L03,SKU003,480,0,0,480,61.962,454,444,10,56.75
PR00003338,WO00003338,2026-05-19,A,P01,P01_L01,SKU001,480,23,24,433,49.793,331,324,7,45.866
PR00003339,WO00003339,2026-05-19,B,P01,P01_L01,SKU007,480,40,0,440,69.9,440,436,4,60.0
PR00003340,WO00003340,2026-05-19,C,P01,P01_L01,SKU001,480,28,0,452,49.793,328,317,11,43.54
PR00003341,WO00003341,2026-05-19,A,P01,P01_L02,SKU004,480,0,0,480,56.693,433,419,14,54.125
PR00003342,WO00003342,2026-05-19,B,P01,P01_L02,SKU006,480,0,0,480,54.878,390,377,13,48.75
PR00003343,WO00003343,2026-05-19,C,P01,P01_L02,SKU008,480,0,25,455,60.302,367,360,7,48.396
PR00003344,WO00003344,2026-05-19,A,P01,P01_L03,SKU003,480,0,29,451,61.962,436,429,7,58.004
PR00003345,WO00003345,2026-05-19,B,P01,P01_L03,SKU008,480,18,0,462,60.302,399,392,7,51.818
PR00003346,WO00003346,2026-05-19,C,P01,P01_L03,SKU005,480,24,0,456,50.42,294,286,8,38.684
PR00003365,WO00003365,2026-05-20,A,P01,P01_L01,SKU004,480,0,37,443,56.693,388,376,12,52.551
PR00003366,WO00003366,2026-05-20,B,P01,P01_L01,SKU006,480,0,0,480,54.878,418,403,15,52.25
PR00003367,WO00003367,2026-05-20,C,P01,P01_L01,SKU008,480,0,0,480,60.302,404,397,7,50.5
PR00003368,WO00003368,2026-05-20,A,P01,P01_L02,SKU007,480,0,0,480,65.2,482,475,7,60.25
PR00003369,WO00003369,2026-05-20,B,P01,P01_L02,SKU001,480,29,69,382,49.793,278,273,5,43.665
PR00003370,WO00003370,2026-05-20,C,P01,P01_L02,SKU008,480,0,0,480,60.302,411,403,8,51.375
PR00003371,WO00003371,2026-05-20,A,P01,P01_L03,SKU003,480,23,0,457,61.962,439,428,11,57.637
PR00003372,WO00003372,2026-05-20,B,P01,P01_L03,SKU008,480,0,0,480,60.302,415,409,6,51.875
PR00003373,WO00003373,2026-05-20,C,P01,P01_L03,SKU002,480,0,21,459,72.0,424,405,19,55.425
PR00003392,WO00003392,2026-05-21,A,P01,P01_L01,SKU007,480,15,0,465,69.9,522,515,7,67.355
PR00003393,WO00003393,2026-05-21,B,P01,P01_L01,SKU007,480,0,5,475,69.9,512,504,8,64.674
PR00003394,WO00003394,2026-05-21,C,P01,P01_L01,SKU005,480,27,0,453,50.42,327,319,8,43.311
PR00003395,WO00003395,2026-05-21,A,P01,P01_L02,SKU001,480,17,0,463,49.793,368,358,10,47.689
PR00003396,WO00003396,2026-05-21,B,P01,P01_L02,SKU006,480,23,0,457,54.878,392,378,14,51.466
PR00003397,WO00003397,2026-05-21,C,P01,P01_L02,SKU001,480,0,0,480,49.793,336,325,11,42.0
PR00003398,WO00003398,2026-05-21,A,P01,P01_L03,SKU003,480,0,0,480,61.962,476,466,10,59.5
PR00003399,WO00003399,2026-05-21,B,P01,P01_L03,SKU003,480,38,0,442,61.962,428,419,9,58.1
PR00003400,WO00003400,2026-05-21,C,P01,P01_L03,SKU007,480,0,0,480,74.2,494,486,8,61.75
PR00003419,WO00003419,2026-05-22,A,P01,P01_L01,SKU001,480,53,7,420,49.793,313,307,6,44.714
PR00003420,WO00003420,2026-05-22,B,P01,P01_L01,SKU001,480,25,0,455,49.793,328,319,9,43.253
PR00003421,WO00003421,2026-05-22,C,P01,P01_L01,SKU002,480,0,0,480,69.9,440,420,20,55.0
PR00003422,WO00003422,2026-05-22,A,P01,P01_L02,SKU001,480,0,0,480,49.793,356,346,10,44.5
PR00003423,WO00003423,2026-05-22,B,P01,P01_L02,SKU002,480,0,58,422,65.2,389,372,17,55.308
PR00003424,WO00003424,2026-05-22,C,P01,P01_L02,SKU004,480,0,0,480,56.693,377,359,18,47.125
PR00003425,WO00003425,2026-05-22,A,P01,P01_L03,SKU003,480,0,0,480,61.962,467,456,11,58.375
PR00003426,WO00003426,2026-05-22,B,P01,P01_L03,SKU003,480,0,0,480,61.962,418,408,10,52.25
PR00003427,WO00003427,2026-05-22,C,P01,P01_L03,SKU008,480,0,0,480,60.302,377,369,8,47.125
PR00003446,WO00003446,2026-05-23,A,P01,P01_L01,SKU007,480,0,0,480,69.9,512,506,6,64.0
PR00003447,WO00003447,2026-05-23,A,P01,P01_L02,SKU004,480,40,0,440,56.693,354,342,12,48.273
PR00003448,WO00003448,2026-05-23,B,P01,P01_L02,SKU001,480,0,0,480,49.793,348,339,9,43.5
PR00003449,WO00003449,2026-05-23,C,P01,P01_L02,SKU008,480,0,34,446,60.302,364,357,7,48.969
PR00003450,WO00003450,2026-05-23,A,P01,P01_L03,SKU006,480,27,23,430,54.878,391,379,12,54.558
PR00003451,WO00003451,2026-05-23,B,P01,P01_L03,SKU003,480,36,13,431,61.962,429,418,11,59.722
PR00003452,WO00003452,2026-05-23,C,P01,P01_L03,SKU004,480,31,0,449,56.693,332,318,14,44.365
PR00003462,WO00003462,2026-05-24,C,P01,P01_L01,SKU005,480,0,0,480,50.42,345,336,9,43.125
PR00003463,WO00003463,2026-05-24,B,P01,P01_L02,SKU001,480,0,0,480,49.793,366,358,8,45.75
PR00003464,WO00003464,2026-05-24,A,P01,P01_L03,SKU003,480,0,0,480,61.962,451,443,8,56.375
PR00003465,WO00003465,2026-05-24,B,P01,P01_L03,SKU003,480,0,0,480,61.962,426,419,7,53.25
PR00003466,WO00003466,2026-05-24,C,P01,P01_L03,SKU003,480,31,0,449,61.962,458,445,13,61.203
PR00003480,WO00003480,2026-05-25,A,P01,P01_L01,SKU001,480,0,0,480,49.793,357,345,12,44.625
PR00003481,WO00003481,2026-05-25,B,P01,P01_L01,SKU001,480,25,0,455,49.793,342,333,9,45.099
PR00003482,WO00003482,2026-05-25,C,P01,P01_L01,SKU005,480,0,0,480,50.42,334,324,10,41.75
PR00003483,WO00003483,2026-05-25,A,P01,P01_L02,SKU004,480,0,0,480,56.693,425,410,15,53.125
PR00003484,WO00003484,2026-05-25,B,P01,P01_L02,SKU001,480,0,0,480,49.793,331,322,9,41.375
PR00003485,WO00003485,2026-05-25,C,P01,P01_L02,SKU004,480,0,0,480,56.693,377,363,14,47.125
PR00003486,WO00003486,2026-05-25,A,P01,P01_L03,SKU007,480,0,0,480,74.2,508,498,10,63.5
PR00003487,WO00003487,2026-05-25,B,P01,P01_L03,SKU003,480,0,0,480,61.962,462,453,9,57.75
PR00003488,WO00003488,2026-05-25,C,P01,P01_L03,SKU003,480,0,53,427,61.962,389,379,10,54.66
PR00003507,WO00003507,2026-05-26,A,P01,P01_L01,SKU001,480,0,0,480,49.793,366,357,9,45.75
PR00003508,WO00003508,2026-05-26,B,P01,P01_L01,SKU008,480,0,12,468,60.302,403,396,7,51.667
PR00003509,WO00003509,2026-05-26,C,P01,P01_L01,SKU004,480,0,0,480,56.693,390,375,15,48.75
PR00003510,WO00003510,2026-05-26,A,P01,P01_L02,SKU001,480,30,15,435,49.793,331,323,8,45.655
PR00003511,WO00003511,2026-05-26,B,P01,P01_L02,SKU001,480,0,30,450,49.793,336,326,10,44.8
PR00003512,WO00003512,2026-05-26,C,P01,P01_L02,SKU002,480,0,0,480,65.2,434,415,19,54.25
PR00003513,WO00003513,2026-05-26,A,P01,P01_L03,SKU003,480,20,0,460,61.962,457,446,11,59.609
PR00003514,WO00003514,2026-05-26,B,P01,P01_L03,SKU004,480,0,0,480,56.693,390,371,19,48.75
PR00003515,WO00003515,2026-05-26,C,P01,P01_L03,SKU008,480,0,0,480,60.302,410,402,8,51.25
PR00003534,WO00003534,2026-05-27,A,P01,P01_L01,SKU001,480,0,0,480,49.793,369,362,7,46.125
PR00003535,WO00003535,2026-05-27,B,P01,P01_L01,SKU001,480,22,0,458,49.793,331,322,9,43.362
PR00003536,WO00003536,2026-05-27,C,P01,P01_L01,SKU005,480,18,0,462,50.42,315,305,10,40.909
PR00003537,WO00003537,2026-05-27,A,P01,P01_L02,SKU001,480,0,0,480,49.793,359,351,8,44.875
PR00003538,WO00003538,2026-05-27,B,P01,P01_L02,SKU008,480,0,0,480,60.302,430,421,9,53.75
PR00003539,WO00003539,2026-05-27,C,P01,P01_L02,SKU001,480,0,0,480,49.793,353,344,9,44.125
PR00003540,WO00003540,2026-05-27,A,P01,P01_L03,SKU003,480,39,0,441,61.962,423,416,7,57.551
PR00003541,WO00003541,2026-05-27,B,P01,P01_L03,SKU003,480,0,21,459,61.962,440,431,9,57.516
PR00003542,WO00003542,2026-05-27,C,P01,P01_L03,SKU003,480,39,0,441,61.962,438,427,11,59.592
PR00003561,WO00003561,2026-05-28,A,P01,P01_L01,SKU004,480,0,62,418,56.693,367,351,16,52.679
PR00003562,WO00003562,2026-05-28,B,P01,P01_L01,SKU005,480,0,0,480,50.42,339,332,7,42.375
PR00003563,WO00003563,2026-05-28,C,P01,P01_L01,SKU007,480,33,0,447,69.9,435,431,4,58.389
PR00003564,WO00003564,2026-05-28,A,P01,P01_L02,SKU002,480,0,100,380,65.2,362,348,14,57.158
PR00003565,WO00003565,2026-05-28,B,P01,P01_L02,SKU006,480,0,31,449,54.878,351,340,11,46.904
PR00003566,WO00003566,2026-05-28,C,P01,P01_L02,SKU001,480,0,0,480,49.793,334,325,9,41.75
PR00003567,WO00003567,2026-05-28,A,P01,P01_L03,SKU008,480,0,17,463,60.302,428,421,7,55.464
PR00003568,WO00003568,2026-05-28,B,P01,P01_L03,SKU003,480,0,0,480,61.962,445,434,11,55.625
PR00003569,WO00003569,2026-05-28,C,P01,P01_L03,SKU007,480,0,0,480,74.2,526,515,11,65.75
PR00003588,WO00003588,2026-05-29,A,P01,P01_L01,SKU002,480,26,39,415,69.9,415,399,16,60.0
PR00003589,WO00003589,2026-05-29,B,P01,P01_L01,SKU001,480,0,0,480,49.793,347,339,8,43.375
PR00003590,WO00003590,2026-05-29,C,P01,P01_L01,SKU005,480,13,0,467,50.42,320,311,9,41.113
PR00003591,WO00003591,2026-05-29,A,P01,P01_L02,SKU001,480,0,0,480,49.793,364,354,10,45.5
PR00003592,WO00003592,2026-05-29,B,P01,P01_L02,SKU008,480,46,0,434,60.302,367,361,6,50.737
PR00003593,WO00003593,2026-05-29,C,P01,P01_L02,SKU008,480,24,18,438,60.302,353,347,6,48.356
PR00003594,WO00003594,2026-05-29,A,P01,P01_L03,SKU008,480,0,0,480,60.302,412,407,5,51.5
PR00003595,WO00003595,2026-05-29,B,P01,P01_L03,SKU003,480,39,0,441,61.962,423,416,7,57.551
PR00003596,WO00003596,2026-05-29,C,P01,P01_L03,SKU008,480,0,0,480,60.302,391,384,7,48.875
PR00003615,WO00003615,2026-05-30,A,P01,P01_L01,SKU001,480,19,0,461,49.793,348,339,9,45.293
PR00003616,WO00003616,2026-05-30,C,P01,P01_L01,SKU005,480,29,0,451,50.42,295,287,8,39.246
PR00003617,WO00003617,2026-05-30,A,P01,P01_L02,SKU004,480,37,0,443,56.693,371,354,17,50.248
PR00003618,WO00003618,2026-05-30,B,P01,P01_L02,SKU004,480,40,0,440,56.693,350,336,14,47.727
PR00003619,WO00003619,2026-05-30,C,P01,P01_L02,SKU001,480,0,0,480,49.793,368,356,12,46.0
PR00003620,WO00003620,2026-05-30,A,P01,P01_L03,SKU008,480,30,0,450,60.302,397,390,7,52.933
PR00003621,WO00003621,2026-05-30,C,P01,P01_L03,SKU003,480,23,0,457,61.962,398,386,12,52.254
PR00003633,WO00003633,2026-05-31,A,P01,P01_L01,SKU001,480,0,0,480,49.793,387,373,14,48.375
PR00003634,WO00003634,2026-05-31,B,P01,P01_L02,SKU004,480,67,11,402,56.693,325,311,14,48.507
PR00003635,WO00003635,2026-05-31,C,P01,P01_L02,SKU004,480,0,74,406,56.693,326,312,14,48.177
PR00003636,WO00003636,2026-05-31,A,P01,P01_L03,SKU003,480,17,0,463,61.962,463,450,13,60.0
PR00003637,WO00003637,2026-05-31,B,P01,P01_L03,SKU003,480,71,0,409,61.962,375,366,9,55.012
PR00003648,WO00003648,2026-06-01,A,P01,P01_L01,SKU005,480,0,0,480,50.42,346,340,6,43.25
PR00003649,WO00003649,2026-06-01,B,P01,P01_L01,SKU001,480,0,0,480,49.793,344,337,7,43.0
PR00003650,WO00003650,2026-06-01,C,P01,P01_L01,SKU006,480,0,0,480,54.878,391,376,15,48.875
PR00003651,WO00003651,2026-06-01,A,P01,P01_L02,SKU004,480,0,0,480,56.693,402,385,17,50.25
PR00003652,WO00003652,2026-06-01,B,P01,P01_L02,SKU001,480,0,55,425,49.793,303,295,8,42.776
PR00003653,WO00003653,2026-06-01,C,P01,P01_L02,SKU005,480,0,0,480,50.42,340,332,8,42.5
PR00003654,WO00003654,2026-06-01,A,P01,P01_L03,SKU008,480,26,0,454,60.302,375,369,6,49.559
PR00003655,WO00003655,2026-06-01,B,P01,P01_L03,SKU003,480,0,7,473,61.962,470,459,11,59.619
PR00003656,WO00003656,2026-06-01,C,P01,P01_L03,SKU003,480,0,0,480,61.962,429,417,12,53.625
PR00003675,WO00003675,2026-06-02,A,P01,P01_L01,SKU001,480,0,0,480,49.793,347,339,8,43.375
PR00003676,WO00003676,2026-06-02,B,P01,P01_L01,SKU004,480,37,8,435,56.693,372,358,14,51.31
PR00003677,WO00003677,2026-06-02,C,P01,P01_L01,SKU004,480,0,0,480,56.693,368,353,15,46.0
PR00003678,WO00003678,2026-06-02,A,P01,P01_L02,SKU004,480,0,109,371,56.693,307,296,11,49.65
PR00003679,WO00003679,2026-06-02,B,P01,P01_L02,SKU003,480,20,0,460,61.962,457,444,13,59.609
PR00003680,WO00003680,2026-06-02,C,P01,P01_L02,SKU004,480,37,0,443,56.693,354,341,13,47.946
PR00003681,WO00003681,2026-06-02,A,P01,P01_L03,SKU003,480,0,0,480,61.962,480,469,11,60.0
PR00003682,WO00003682,2026-06-02,B,P01,P01_L03,SKU008,480,0,0,480,60.302,399,390,9,49.875
PR00003683,WO00003683,2026-06-02,C,P01,P01_L03,SKU003,480,0,28,452,61.962,413,405,8,54.823
PR00003702,WO00003702,2026-06-03,A,P01,P01_L01,SKU006,480,0,0,480,54.878,436,423,13,54.5
PR00003703,WO00003703,2026-06-03,B,P01,P01_L01,SKU001,480,30,0,450,49.793,335,326,9,44.667
PR00003704,WO00003704,2026-06-03,C,P01,P01_L01,SKU007,480,0,41,439,69.9,435,430,5,59.453
PR00003705,WO00003705,2026-06-03,A,P01,P01_L02,SKU004,480,32,0,448,56.693,388,373,15,51.964
PR00003706,WO00003706,2026-06-03,B,P01,P01_L02,SKU006,480,28,0,452,54.878,389,375,14,51.637
PR00003707,WO00003707,2026-06-03,C,P01,P01_L02,SKU006,480,0,0,480,54.878,366,353,13,45.75
PR00003708,WO00003708,2026-06-03,A,P01,P01_L03,SKU003,480,35,0,445,61.962,450,440,10,60.674
PR00003709,WO00003709,2026-06-03,B,P01,P01_L03,SKU003,480,49,0,431,61.962,434,425,9,60.418
PR00003710,WO00003710,2026-06-03,C,P01,P01_L03,SKU008,480,25,0,455,60.302,381,376,5,50.242
PR00003729,WO00003729,2026-06-04,A,P01,P01_L01,SKU002,480,21,23,436,69.9,466,448,18,64.128
PR00003730,WO00003730,2026-06-04,B,P01,P01_L01,SKU005,480,0,17,463,50.42,330,319,11,42.765
PR00003731,WO00003731,2026-06-04,C,P01,P01_L01,SKU005,480,0,0,480,50.42,353,340,13,44.125
PR00003732,WO00003732,2026-06-04,A,P01,P01_L02,SKU001,480,0,0,480,49.793,390,380,10,48.75
PR00003733,WO00003733,2026-06-04,B,P01,P01_L02,SKU008,480,0,24,456,60.302,396,388,8,52.105
PR00003734,WO00003734,2026-06-04,C,P01,P01_L02,SKU003,480,0,0,480,61.962,436,424,12,54.5
PR00003735,WO00003735,2026-06-04,A,P01,P01_L03,SKU003,480,0,150,330,61.962,330,322,8,60.0
PR00003736,WO00003736,2026-06-04,B,P01,P01_L03,SKU003,480,43,0,437,61.962,410,400,10,56.293
PR00003737,WO00003737,2026-06-04,C,P01,P01_L03,SKU003,480,0,0,480,61.962,445,436,9,55.625
PR00003756,WO00003756,2026-06-05,A,P01,P01_L01,SKU005,480,0,12,468,50.42,323,314,9,41.41
PR00003757,WO00003757,2026-06-05,B,P01,P01_L01,SKU001,480,21,0,459,49.793,348,338,10,45.49
PR00003758,WO00003758,2026-06-05,C,P01,P01_L01,SKU001,480,0,0,480,49.793,334,324,10,41.75
PR00003759,WO00003759,2026-06-05,A,P01,P01_L02,SKU008,480,0,0,480,60.302,447,440,7,55.875
PR00003760,WO00003760,2026-06-05,B,P01,P01_L02,SKU004,480,0,0,480,56.693,421,405,16,52.625
PR00003761,WO00003761,2026-06-05,C,P01,P01_L02,SKU006,480,38,0,442,54.878,367,352,15,49.819
PR00003762,WO00003762,2026-06-05,A,P01,P01_L03,SKU003,480,0,0,480,61.962,470,464,6,58.75
PR00003763,WO00003763,2026-06-05,B,P01,P01_L03,SKU003,480,0,21,459,61.962,437,427,10,57.124
PR00003764,WO00003764,2026-06-05,C,P01,P01_L03,SKU003,480,0,0,480,61.962,415,406,9,51.875
PR00003783,WO00003783,2026-06-06,A,P01,P01_L01,SKU005,480,17,0,463,50.42,344,336,8,44.579
PR00003784,WO00003784,2026-06-06,C,P01,P01_L01,SKU005,480,36,0,444,50.42,326,317,9,44.054
PR00003785,WO00003785,2026-06-06,B,P01,P01_L02,SKU002,480,0,0,480,65.2,465,443,22,58.125
PR00003786,WO00003786,2026-06-06,A,P01,P01_L03,SKU004,480,0,75,405,56.693,340,329,11,50.37
PR00003787,WO00003787,2026-06-06,C,P01,P01_L03,SKU003,480,0,0,480,61.962,441,429,12,55.125
PR00003802,WO00003802,2026-06-07,B,P01,P01_L01,SKU005,480,30,24,426,50.42,314,306,8,44.225
PR00003803,WO00003803,2026-06-07,A,P01,P01_L02,SKU001,480,0,10,470,49.793,356,347,9,45.447
PR00003804,WO00003804,2026-06-07,B,P01,P01_L02,SKU004,480,0,0,480,56.693,401,385,16,50.125
PR00003805,WO00003805,2026-06-07,C,P01,P01_L02,SKU001,480,0,0,480,49.793,321,313,8,40.125
PR00003806,WO00003806,2026-06-07,A,P01,P01_L03,SKU005,480,0,57,423,50.42,327,317,10,46.383
PR00003807,WO00003807,2026-06-07,B,P01,P01_L03,SKU003,480,0,0,480,61.962,462,454,8,57.75
PR00003820,WO00003820,2026-06-08,A,P01,P01_L01,SKU005,480,54,0,426,50.42,313,307,6,44.085
PR00003821,WO00003821,2026-06-08,B,P01,P01_L01,SKU007,480,14,0,466,69.9,492,484,8,63.348
PR00003822,WO00003822,2026-06-08,C,P01,P01_L01,SKU005,480,0,0,480,50.42,327,316,11,40.875
PR00003823,WO00003823,2026-06-08,A,P01,P01_L02,SKU006,480,20,0,460,54.878,409,397,12,53.348
PR00003824,WO00003824,2026-06-08,B,P01,P01_L02,SKU008,480,0,0,480,60.302,420,413,7,52.5
PR00003825,WO00003825,2026-06-08,C,P01,P01_L02,SKU004,480,0,80,400,56.693,299,284,15,44.85
PR00003826,WO00003826,2026-06-08,A,P01,P01_L03,SKU004,480,0,0,480,56.693,409,393,16,51.125
PR00003827,WO00003827,2026-06-08,B,P01,P01_L03,SKU002,480,0,32,448,72.0,442,420,22,59.196
PR00003828,WO00003828,2026-06-08,C,P01,P01_L03,SKU008,480,0,0,480,60.302,385,382,3,48.125
PR00003847,WO00003847,2026-06-09,A,P01,P01_L01,SKU007,480,0,0,480,69.9,517,513,4,64.625
PR00003848,WO00003848,2026-06-09,B,P01,P01_L01,SKU007,480,0,0,480,69.9,522,517,5,65.25
PR00003849,WO00003849,2026-06-09,C,P01,P01_L01,SKU006,480,17,0,463,54.878,383,369,14,49.633
PR00003850,WO00003850,2026-06-09,A,P01,P01_L02,SKU002,480,0,0,480,65.2,473,454,19,59.125
PR00003851,WO00003851,2026-06-09,B,P01,P01_L02,SKU008,480,35,0,445,60.302,375,369,6,50.562
PR00003852,WO00003852,2026-06-09,C,P01,P01_L02,SKU002,480,50,0,430,65.2,397,380,17,55.395
PR00003853,WO00003853,2026-06-09,A,P01,P01_L03,SKU003,480,0,0,480,61.962,474,464,10,59.25
PR00003854,WO00003854,2026-06-09,B,P01,P01_L03,SKU007,480,31,0,449,74.2,495,483,12,66.147
PR00003855,WO00003855,2026-06-09,C,P01,P01_L03,SKU003,480,19,0,461,61.962,404,396,8,52.581
PR00003874,WO00003874,2026-06-10,A,P01,P01_L01,SKU007,480,0,0,480,69.9,494,487,7,61.75
PR00003875,WO00003875,2026-06-10,B,P01,P01_L01,SKU005,480,24,21,435,50.42,305,295,10,42.069
PR00003876,WO00003876,2026-06-10,C,P01,P01_L01,SKU005,480,35,19,426,50.42,289,282,7,40.704
PR00003877,WO00003877,2026-06-10,A,P01,P01_L02,SKU001,480,0,0,480,49.793,346,337,9,43.25
PR00003878,WO00003878,2026-06-10,B,P01,P01_L02,SKU006,480,0,0,480,54.878,402,387,15,50.25
PR00003879,WO00003879,2026-06-10,C,P01,P01_L02,SKU001,480,0,0,480,49.793,334,324,10,41.75
PR00003880,WO00003880,2026-06-10,A,P01,P01_L03,SKU003,480,0,0,480,61.962,476,465,11,59.5
PR00003881,WO00003881,2026-06-10,B,P01,P01_L03,SKU007,480,0,0,480,74.2,522,518,4,65.25
PR00003882,WO00003882,2026-06-10,C,P01,P01_L03,SKU007,480,0,10,470,74.2,480,475,5,61.277
PR00003901,WO00003901,2026-06-11,A,P01,P01_L01,SKU001,480,23,0,457,49.793,333,326,7,43.72
PR00003902,WO00003902,2026-06-11,B,P01,P01_L01,SKU007,480,29,45,406,69.9,427,422,5,63.103
PR00003903,WO00003903,2026-06-11,C,P01,P01_L01,SKU006,480,0,0,480,54.878,399,386,13,49.875
PR00003904,WO00003904,2026-06-11,A,P01,P01_L02,SKU001,480,40,144,296,49.793,223,217,6,45.203
PR00003905,WO00003905,2026-06-11,B,P01,P01_L02,SKU006,480,0,0,480,54.878,420,406,14,52.5
PR00003906,WO00003906,2026-06-11,C,P01,P01_L02,SKU004,480,0,0,480,56.693,390,374,16,48.75
PR00003907,WO00003907,2026-06-11,A,P01,P01_L03,SKU002,480,37,0,443,72.0,440,421,19,59.594
PR00003908,WO00003908,2026-06-11,B,P01,P01_L03,SKU004,480,19,7,454,56.693,366,354,12,48.37
PR00003909,WO00003909,2026-06-11,C,P01,P01_L03,SKU008,480,46,0,434,60.302,352,345,7,48.664
PR00003928,WO00003928,2026-06-12,A,P01,P01_L01,SKU004,480,0,0,480,56.693,382,368,14,47.75
PR00003929,WO00003929,2026-06-12,B,P01,P01_L01,SKU005,480,0,0,480,50.42,356,346,10,44.5
PR00003930,WO00003930,2026-06-12,C,P01,P01_L01,SKU001,480,37,0,443,49.793,323,313,10,43.747
PR00003931,WO00003931,2026-06-12,A,P01,P01_L02,SKU006,480,0,0,480,54.878,405,392,13,50.625
PR00003932,WO00003932,2026-06-12,B,P01,P01_L02,SKU006,480,0,0,480,54.878,413,403,10,51.625
PR00003933,WO00003933,2026-06-12,C,P01,P01_L02,SKU001,480,19,0,461,49.793,322,311,11,41.909
PR00003934,WO00003934,2026-06-12,A,P01,P01_L03,SKU006,480,0,36,444,54.878,378,366,12,51.081
PR00003935,WO00003935,2026-06-12,B,P01,P01_L03,SKU003,480,0,0,480,61.962,481,470,11,60.125
PR00003936,WO00003936,2026-06-12,C,P01,P01_L03,SKU003,480,0,0,480,61.962,422,415,7,52.75
PR00003955,WO00003955,2026-06-13,C,P01,P01_L01,SKU001,480,26,0,454,49.793,316,306,10,41.762
PR00003956,WO00003956,2026-06-13,A,P01,P01_L02,SKU001,480,0,41,439,49.793,322,312,10,44.009
PR00003957,WO00003957,2026-06-13,B,P01,P01_L02,SKU004,480,0,0,480,56.693,413,397,16,51.625
PR00003958,WO00003958,2026-06-13,A,P01,P01_L03,SKU006,480,0,0,480,54.878,402,390,12,50.25
PR00003974,WO00003974,2026-06-14,B,P01,P01_L01,SKU005,480,33,29,418,50.42,289,280,9,41.483
PR00003975,WO00003975,2026-06-14,C,P01,P01_L01,SKU005,480,21,0,459,50.42,327,316,11,42.745
PR00003976,WO00003976,2026-06-14,B,P01,P01_L02,SKU001,480,34,0,446,49.793,346,338,8,46.547
PR00003977,WO00003977,2026-06-14,C,P01,P01_L02,SKU006,480,0,0,480,54.878,388,375,13,48.5
PR00003978,WO00003978,2026-06-14,A,P01,P01_L03,SKU003,480,0,0,480,61.962,506,492,14,63.25
PR00003979,WO00003979,2026-06-14,B,P01,P01_L03,SKU007,480,0,0,480,74.2,540,535,5,67.5
PR00003980,WO00003980,2026-06-14,C,P01,P01_L03,SKU003,480,0,0,480,61.962,442,432,10,55.25
PR00003990,WO00003990,2026-06-15,A,P01,P01_L01,SKU001,480,0,28,452,49.793,352,341,11,46.726
PR00003991,WO00003991,2026-06-15,B,P01,P01_L01,SKU001,480,14,0,466,49.793,384,370,14,49.442
PR00003992,WO00003992,2026-06-15,C,P01,P01_L01,SKU005,480,24,0,456,50.42,310,303,7,40.789
PR00003993,WO00003993,2026-06-15,A,P01,P01_L02,SKU003,480,0,0,480,61.962,482,469,13,60.25
PR00003994,WO00003994,2026-06-15,B,P01,P01_L02,SKU004,480,20,25,435,56.693,363,351,12,50.069
PR00003995,WO00003995,2026-06-15,C,P01,P01_L02,SKU001,480,0,12,468,49.793,327,319,8,41.923
PR00003996,WO00003996,2026-06-15,A,P01,P01_L03,SKU003,480,26,0,454,61.962,392,383,9,51.806
PR00003997,WO00003997,2026-06-15,B,P01,P01_L03,SKU008,480,66,32,382,60.302,331,328,3,51.99
PR00003998,WO00003998,2026-06-15,C,P01,P01_L03,SKU004,480,25,14,441,56.693,361,346,15,49.116
PR00004017,WO00004017,2026-06-16,A,P01,P01_L01,SKU007,480,23,23,434,69.9,495,487,8,68.433
PR00004018,WO00004018,2026-06-16,B,P01,P01_L01,SKU004,480,79,19,382,56.693,318,304,14,49.948
PR00004019,WO00004019,2026-06-16,C,P01,P01_L01,SKU004,480,0,0,480,56.693,380,365,15,47.5
PR00004020,WO00004020,2026-06-16,A,P01,P01_L02,SKU001,480,30,0,450,49.793,342,336,6,45.6
PR00004021,WO00004021,2026-06-16,B,P01,P01_L02,SKU006,480,0,0,480,54.878,402,388,14,50.25
PR00004022,WO00004022,2026-06-16,C,P01,P01_L02,SKU004,480,44,0,436,56.693,345,330,15,47.477
PR00004023,WO00004023,2026-06-16,A,P01,P01_L03,SKU003,480,0,0,480,61.962,463,452,11,57.875
PR00004024,WO00004024,2026-06-16,B,P01,P01_L03,SKU003,480,0,31,449,61.962,433,425,8,57.862
PR00004025,WO00004025,2026-06-16,C,P01,P01_L03,SKU006,480,0,19,461,54.878,376,363,13,48.937
PR00004044,WO00004044,2026-06-17,A,P01,P01_L01,SKU005,480,0,0,480,50.42,355,345,10,44.375
PR00004045,WO00004045,2026-06-17,B,P01,P01_L01,SKU001,480,13,0,467,49.793,335,327,8,43.041
PR00004046,WO00004046,2026-06-17,C,P01,P01_L01,SKU008,480,26,10,444,60.302,385,375,10,52.027
PR00004047,WO00004047,2026-06-17,A,P01,P01_L02,SKU001,480,30,56,394,49.793,295,287,8,44.924
PR00004048,WO00004048,2026-06-17,B,P01,P01_L02,SKU003,480,0,11,469,61.962,437,425,12,55.906
PR00004049,WO00004049,2026-06-17,C,P01,P01_L02,SKU004,480,0,0,480,56.693,411,393,18,51.375
PR00004050,WO00004050,2026-06-17,A,P01,P01_L03,SKU003,480,0,0,480,61.962,492,482,10,61.5
PR00004051,WO00004051,2026-06-17,B,P01,P01_L03,SKU008,480,20,0,460,60.302,387,381,6,50.478
PR00004052,WO00004052,2026-06-17,C,P01,P01_L03,SKU003,480,26,164,290,61.962,266,259,7,55.034
PR00004071,WO00004071,2026-06-18,A,P01,P01_L01,SKU005,480,34,0,446,50.42,340,333,7,45.74
PR00004072,WO00004072,2026-06-18,B,P01,P01_L01,SKU007,480,36,0,444,69.9,450,444,6,60.811
PR00004073,WO00004073,2026-06-18,C,P01,P01_L01,SKU005,480,16,6,458,50.42,296,287,9,38.777
PR00004074,WO00004074,2026-06-18,A,P01,P01_L02,SKU002,480,0,0,480,65.2,476,454,22,59.5
PR00004075,WO00004075,2026-06-18,B,P01,P01_L02,SKU008,480,31,6,443,60.302,393,387,6,53.228
PR00004076,WO00004076,2026-06-18,C,P01,P01_L02,SKU002,480,0,0,480,65.2,428,411,17,53.5
PR00004077,WO00004077,2026-06-18,A,P01,P01_L03,SKU008,480,0,0,480,60.302,413,409,4,51.625
PR00004078,WO00004078,2026-06-18,B,P01,P01_L03,SKU007,480,0,18,462,74.2,520,510,10,67.532
PR00004079,WO00004079,2026-06-18,C,P01,P01_L03,SKU008,480,0,0,480,60.302,419,411,8,52.375
PR00004098,WO00004098,2026-06-19,A,P01,P01_L01,SKU005,480,0,71,409,50.42,287,280,7,42.103
PR00004099,WO00004099,2026-06-19,B,P01,P01_L01,SKU004,480,0,81,399,56.693,359,343,16,53.985
PR00004100,WO00004100,2026-06-19,C,P01,P01_L01,SKU005,480,26,0,454,50.42,331,320,11,43.744
PR00004101,WO00004101,2026-06-19,A,P01,P01_L02,SKU001,480,30,21,429,49.793,315,309,6,44.056
PR00004102,WO00004102,2026-06-19,B,P01,P01_L02,SKU002,480,44,13,423,65.2,379,366,13,53.759
PR00004103,WO00004103,2026-06-19,C,P01,P01_L02,SKU001,480,36,0,444,49.793,299,291,8,40.405
PR00004104,WO00004104,2026-06-19,A,P01,P01_L03,SKU003,480,0,33,447,61.962,443,431,12,59.463
PR00004105,WO00004105,2026-06-19,B,P01,P01_L03,SKU007,480,0,0,480,74.2,538,532,6,67.25
PR00004106,WO00004106,2026-06-19,C,P01,P01_L03,SKU003,480,35,0,445,61.962,412,402,10,55.551
PR00004125,WO00004125,2026-06-20,A,P01,P01_L01,SKU005,480,14,0,466,50.42,326,318,8,41.974
PR00004126,WO00004126,2026-06-20,B,P01,P01_L01,SKU001,480,19,0,461,49.793,339,331,8,44.121
PR00004127,WO00004127,2026-06-20,A,P01,P01_L02,SKU006,480,0,0,480,54.878,427,416,11,53.375
PR00004128,WO00004128,2026-06-20,A,P01,P01_L03,SKU003,480,42,0,438,61.962,430,421,9,58.904
PR00004129,WO00004129,2026-06-20,B,P01,P01_L03,SKU003,480,0,0,480,61.962,460,449,11,57.5
PR00004144,WO00004144,2026-06-21,A,P01,P01_L01,SKU005,480,52,0,428,50.42,304,297,7,42.617
PR00004145,WO00004145,2026-06-21,C,P01,P01_L01,SKU005,480,0,20,460,50.42,325,316,9,42.391
PR00004146,WO00004146,2026-06-21,A,P01,P01_L02,SKU004,480,0,0,480,56.693,423,411,12,52.875
PR00004147,WO00004147,2026-06-21,B,P01,P01_L02,SKU001,480,32,0,448,49.793,318,309,9,42.589
PR00004148,WO00004148,2026-06-21,A,P01,P01_L03,SKU008,480,0,0,480,60.302,449,443,6,56.125
PR00004149,WO00004149,2026-06-21,C,P01,P01_L03,SKU003,480,0,0,480,61.962,462,452,10,57.75
PR00004162,WO00004162,2026-06-22,A,P01,P01_L01,SKU006,480,0,0,480,54.878,431,419,12,53.875
PR00004163,WO00004163,2026-06-22,B,P01,P01_L01,SKU007,480,54,0,426,69.9,443,437,6,62.394
PR00004164,WO00004164,2026-06-22,C,P01,P01_L01,SKU001,480,18,0,462,49.793,330,319,11,42.857
PR00004165,WO00004165,2026-06-22,A,P01,P01_L02,SKU003,480,58,0,422,61.962,410,401,9,58.294
PR00004166,WO00004166,2026-06-22,B,P01,P01_L02,SKU002,480,0,7,473,65.2,424,406,18,53.784
PR00004167,WO00004167,2026-06-22,C,P01,P01_L02,SKU004,480,55,0,425,56.693,316,305,11,44.612
PR00004168,WO00004168,2026-06-22,A,P01,P01_L03,SKU003,480,0,0,480,61.962,503,490,13,62.875
PR00004169,WO00004169,2026-06-22,B,P01,P01_L03,SKU003,480,0,0,480,61.962,469,459,10,58.625
PR00004170,WO00004170,2026-06-22,C,P01,P01_L03,SKU003,480,0,0,480,61.962,444,434,10,55.5
PR00004189,WO00004189,2026-06-23,A,P01,P01_L01,SKU002,480,12,0,468,69.9,503,483,20,64.487
PR00004190,WO00004190,2026-06-23,B,P01,P01_L01,SKU006,480,42,0,438,54.878,349,336,13,47.808
PR00004191,WO00004191,2026-06-23,C,P01,P01_L01,SKU004,480,0,0,480,56.693,389,372,17,48.625
PR00004192,WO00004192,2026-06-23,A,P01,P01_L02,SKU004,480,54,0,426,56.693,372,359,13,52.394
PR00004193,WO00004193,2026-06-23,B,P01,P01_L02,SKU006,480,0,17,463,54.878,401,388,13,51.965
PR00004194,WO00004194,2026-06-23,C,P01,P01_L02,SKU004,480,77,19,384,56.693,318,302,16,49.688
PR00004195,WO00004195,2026-06-23,A,P01,P01_L03,SKU008,480,0,0,480,60.302,428,420,8,53.5
PR00004196,WO00004196,2026-06-23,B,P01,P01_L03,SKU004,480,0,0,480,56.693,415,396,19,51.875
PR00004197,WO00004197,2026-06-23,C,P01,P01_L03,SKU004,480,0,0,480,56.693,389,373,16,48.625
PR00004216,WO00004216,2026-06-24,A,P01,P01_L01,SKU004,480,0,0,480,56.693,436,418,18,54.5
PR00004217,WO00004217,2026-06-24,B,P01,P01_L01,SKU006,480,18,0,462,54.878,402,388,14,52.208
PR00004218,WO00004218,2026-06-24,C,P01,P01_L01,SKU006,480,0,0,480,54.878,386,370,16,48.25
PR00004219,WO00004219,2026-06-24,A,P01,P01_L02,SKU001,480,43,30,407,49.793,304,297,7,44.816
PR00004220,WO00004220,2026-06-24,B,P01,P01_L02,SKU002,480,0,23,457,65.2,444,427,17,58.293
PR00004221,WO00004221,2026-06-24,C,P01,P01_L02,SKU001,480,0,0,480,49.793,330,321,9,41.25
PR00004222,WO00004222,2026-06-24,A,P01,P01_L03,SKU003,480,0,0,480,61.962,492,479,13,61.5
PR00004223,WO00004223,2026-06-24,B,P01,P01_L03,SKU006,480,45,0,435,54.878,391,379,12,53.931
PR00004224,WO00004224,2026-06-24,C,P01,P01_L03,SKU004,480,0,0,480,56.693,395,378,17,49.375
PR00004243,WO00004243,2026-06-25,A,P01,P01_L01,SKU001,480,14,0,466,49.793,381,371,10,49.056
PR00004244,WO00004244,2026-06-25,B,P01,P01_L01,SKU002,480,0,32,448,69.9,446,429,17,59.732
PR00004245,WO00004245,2026-06-25,C,P01,P01_L01,SKU005,480,0,0,480,50.42,338,329,9,42.25
PR00004246,WO00004246,2026-06-25,A,P01,P01_L02,SKU006,480,25,9,446,54.878,399,386,13,53.677
PR00004247,WO00004247,2026-06-25,B,P01,P01_L02,SKU001,480,0,33,447,49.793,312,304,8,41.879
PR00004248,WO00004248,2026-06-25,C,P01,P01_L02,SKU002,480,23,0,457,65.2,404,387,17,53.042
PR00004249,WO00004249,2026-06-25,A,P01,P01_L03,SKU003,480,19,19,442,61.962,432,421,11,58.643
PR00004250,WO00004250,2026-06-25,B,P01,P01_L03,SKU003,480,48,0,432,61.962,410,399,11,56.944
PR00004251,WO00004251,2026-06-25,C,P01,P01_L03,SKU003,480,42,0,438,61.962,390,381,9,53.425
PR00004270,WO00004270,2026-06-26,A,P01,P01_L01,SKU001,480,34,0,446,49.793,345,339,6,46.413
PR00004271,WO00004271,2026-06-26,B,P01,P01_L01,SKU001,480,34,0,446,49.793,324,316,8,43.587
PR00004272,WO00004272,2026-06-26,C,P01,P01_L01,SKU006,480,25,0,455,54.878,372,359,13,49.055
PR00004273,WO00004273,2026-06-26,A,P01,P01_L02,SKU002,480,44,0,436,65.2,464,446,18,63.853
PR00004274,WO00004274,2026-06-26,B,P01,P01_L02,SKU004,480,0,0,480,56.693,400,382,18,50.0
PR00004275,WO00004275,2026-06-26,C,P01,P01_L02,SKU004,480,46,34,400,56.693,313,301,12,46.95
PR00004276,WO00004276,2026-06-26,A,P01,P01_L03,SKU003,480,0,0,480,61.962,465,458,7,58.125
PR00004277,WO00004277,2026-06-26,B,P01,P01_L03,SKU008,480,75,0,405,60.302,341,337,4,50.519
PR00004278,WO00004278,2026-06-26,C,P01,P01_L03,SKU008,480,0,0,480,60.302,391,384,7,48.875
PR00004297,WO00004297,2026-06-27,A,P01,P01_L01,SKU005,480,26,47,407,50.42,288,282,6,42.457
PR00004298,WO00004298,2026-06-27,B,P01,P01_L01,SKU002,480,36,0,444,69.9,454,437,17,61.351
PR00004299,WO00004299,2026-06-27,C,P01,P01_L01,SKU001,480,0,0,480,49.793,325,315,10,40.625
PR00004300,WO00004300,2026-06-27,A,P01,P01_L02,SKU002,480,23,0,457,65.2,456,438,18,59.869
PR00004301,WO00004301,2026-06-27,B,P01,P01_L02,SKU001,480,0,0,480,49.793,360,350,10,45.0
PR00004312,WO00004312,2026-06-28,A,P01,P01_L02,SKU008,480,0,0,480,60.302,412,404,8,51.5
PR00004313,WO00004313,2026-06-28,B,P01,P01_L02,SKU001,480,0,16,464,49.793,345,335,10,44.612
PR00004314,WO00004314,2026-06-28,C,P01,P01_L02,SKU006,480,0,0,480,54.878,366,354,12,45.75
PR00004315,WO00004315,2026-06-28,A,P01,P01_L03,SKU003,480,53,0,427,61.962,421,411,10,59.157
PR00004316,WO00004316,2026-06-28,B,P01,P01_L03,SKU002,480,0,0,480,72.0,513,493,20,64.125
PR00004317,WO00004317,2026-06-28,C,P01,P01_L03,SKU008,480,0,0,480,60.302,383,377,6,47.875
PR00004330,WO00004330,2026-06-29,A,P01,P01_L01,SKU002,480,67,0,413,69.9,412,396,16,59.855
PR00004331,WO00004331,2026-06-29,B,P01,P01_L01,SKU001,480,45,0,435,49.793,335,327,8,46.207
PR00004332,WO00004332,2026-06-29,C,P01,P01_L01,SKU005,480,0,0,480,50.42,337,329,8,42.125
PR00004333,WO00004333,2026-06-29,A,P01,P01_L02,SKU002,480,19,8,453,65.2,444,430,14,58.808
PR00004334,WO00004334,2026-06-29,B,P01,P01_L02,SKU008,480,0,13,467,60.302,382,373,9,49.079
PR00004335,WO00004335,2026-06-29,C,P01,P01_L02,SKU002,480,24,7,449,65.2,408,391,17,54.521
PR00004336,WO00004336,2026-06-29,A,P01,P01_L03,SKU002,480,46,0,434,72.0,460,445,15,63.594
PR00004337,WO00004337,2026-06-29,B,P01,P01_L03,SKU008,480,0,0,480,60.302,419,409,10,52.375
PR00004338,WO00004338,2026-06-29,C,P01,P01_L03,SKU003,480,30,0,450,61.962,401,389,12,53.467
