downtime_event_id,work_order_id,plant_id,line_id,machine_id,shift_id,event_start,event_end,duration_minutes,downtime_type,reason_code,local_reason_code
DT00000001,WO00000001,P01,P01_L01,M001,A,2026-01-01 06:19:00,2026-01-01 06:40:00,21,Planned,Preventive Maintenance,PM
DT00000002,WO00000002,P01,P01_L01,M002,B,2026-01-01 14:11:00,2026-01-01 14:48:00,37,Planned,Changeover,CO
DT00000003,WO00000002,P01,P01_L01,M004,B,2026-01-01 14:53:00,2026-01-01 14:59:00,6,Unplanned,Material Starvation,MAT
DT00000004,WO00000005,P01,P01_L02,M006,B,2026-01-01 14:44:00,2026-01-01 15:14:00,30,Planned,Preventive Maintenance,PM
DT00000005,WO00000005,P01,P01_L02,M006,B,2026-01-01 15:19:00,2026-01-01 15:52:00,33,Unplanned,Mechanical Failure,MECH
DT00000006,WO00000007,P01,P01_L03,M012,A,2026-01-01 06:23:00,2026-01-01 06:29:00,6,Unplanned,Mechanical Failure,MECH
DT00000023,WO00000028,P01,P01_L01,M004,A,2026-01-02 06:36:00,2026-01-02 07:09:00,33,Planned,Preventive Maintenance,PM
DT00000024,WO00000030,P01,P01_L01,M001,C,2026-01-02 22:20:00,2026-01-02 22:30:00,10,Unplanned,Electrical Fault,ELEC
DT00000025,WO00000030,P01,P01_L01,M001,C,2026-01-02 22:33:00,2026-01-02 23:45:00,72,Unplanned,Material Starvation,MAT
DT00000026,WO00000033,P01,P01_L02,M005,C,2026-01-02 22:11:00,2026-01-02 22:58:00,47,Planned,Cleaning/Sanitation,CLEAN
DT00000027,WO00000036,P01,P01_L03,M009,C,2026-01-02 22:44:00,2026-01-02 23:10:00,26,Planned,Preventive Maintenance,PM
DT00000039,WO00000057,P01,P01_L02,M008,A,2026-01-03 06:44:00,2026-01-03 07:46:00,62,Planned,Planned Inspection,INSP
DT00000040,WO00000059,P01,P01_L03,M010,B,2026-01-03 14:42:00,2026-01-03 15:05:00,23,Unplanned,Quality Hold,QH
DT00000046,WO00000069,P01,P01_L01,M002,A,2026-01-04 06:45:00,2026-01-04 07:49:00,64,Planned,Preventive Maintenance,PM
DT00000047,WO00000069,P01,P01_L01,M004,A,2026-01-04 07:54:00,2026-01-04 08:05:00,11,Unplanned,Sensor/Controls Fault,CTRL
DT00000048,WO00000071,P01,P01_L02,M008,B,2026-01-04 14:31:00,2026-01-04 15:09:00,38,Planned,Changeover,CO
DT00000049,WO00000073,P01,P01_L03,M010,B,2026-01-04 14:37:00,2026-01-04 15:06:00,29,Planned,Preventive Maintenance,PM
DT00000056,WO00000087,P01,P01_L01,M003,B,2026-01-05 14:21:00,2026-01-05 14:46:00,25,Unplanned,Mechanical Failure,MECH
DT00000057,WO00000089,P01,P01_L02,M007,A,2026-01-05 06:18:00,2026-01-05 07:02:00,44,Planned,Preventive Maintenance,PM
DT00000058,WO00000089,P01,P01_L02,M005,A,2026-01-05 07:07:00,2026-01-05 07:32:00,25,Unplanned,Utility Interruption,UTIL
DT00000059,WO00000090,P01,P01_L02,M005,B,2026-01-05 14:47:00,2026-01-05 15:29:00,42,Planned,Changeover,CO
DT00000060,WO00000091,P01,P01_L02,M006,C,2026-01-05 22:42:00,2026-01-05 23:40:00,58,Unplanned,Mechanical Failure,MECH
DT00000061,WO00000092,P01,P01_L03,M010,A,2026-01-05 06:32:00,2026-01-05 07:09:00,37,Planned,Changeover,CO
DT00000062,WO00000092,P01,P01_L03,M009,A,2026-01-05 07:14:00,2026-01-05 09:39:00,145,Unplanned,Electrical Fault,ELEC
DT00000063,WO00000093,P01,P01_L03,M009,B,2026-01-05 14:35:00,2026-01-05 15:04:00,29,Planned,Cleaning/Sanitation,CLEAN
DT00000080,WO00000116,P01,P01_L02,M007,A,2026-01-06 06:33:00,2026-01-06 07:15:00,42,Planned,Changeover,CO
DT00000081,WO00000117,P01,P01_L02,M008,B,2026-01-06 14:23:00,2026-01-06 14:46:00,23,Planned,Planned Inspection,INSP
DT00000082,WO00000118,P01,P01_L02,M008,C,2026-01-06 22:11:00,2026-01-06 22:15:00,4,Unplanned,Mechanical Failure,MECH
DT00000083,WO00000120,P01,P01_L03,M011,B,2026-01-06 14:20:00,2026-01-06 15:14:00,54,Planned,Changeover,CO
DT00000084,WO00000121,P01,P01_L03,M012,C,2026-01-06 22:37:00,2026-01-06 23:10:00,33,Unplanned,Utility Interruption,UTIL
DT00000085,WO00000121,P01,P01_L03,M011,C,2026-01-06 23:13:00,2026-01-06 23:35:00,22,Unplanned,Mechanical Failure,MECH
DT00000103,WO00000141,P01,P01_L01,M001,B,2026-01-07 14:49:00,2026-01-07 15:22:00,33,Planned,Changeover,CO
DT00000104,WO00000142,P01,P01_L01,M003,C,2026-01-07 22:49:00,2026-01-07 23:17:00,28,Planned,Preventive Maintenance,PM
DT00000105,WO00000142,P01,P01_L01,M003,C,2026-01-07 23:22:00,2026-01-07 23:38:00,16,Unplanned,Sensor/Controls Fault,CTRL
DT00000106,WO00000146,P01,P01_L03,M012,A,2026-01-07 06:49:00,2026-01-07 07:25:00,36,Planned,Changeover,CO
DT00000122,WO00000167,P01,P01_L01,M002,A,2026-01-08 06:25:00,2026-01-08 06:58:00,33,Planned,Changeover,CO
DT00000123,WO00000167,P01,P01_L01,M002,A,2026-01-08 07:03:00,2026-01-08 07:30:00,27,Unplanned,Material Starvation,MAT
DT00000124,WO00000168,P01,P01_L01,M001,B,2026-01-08 14:13:00,2026-01-08 14:41:00,28,Planned,Changeover,CO
DT00000125,WO00000170,P01,P01_L02,M007,A,2026-01-08 06:20:00,2026-01-08 07:03:00,43,Unplanned,Electrical Fault,ELEC
DT00000126,WO00000172,P01,P01_L02,M008,C,2026-01-08 22:28:00,2026-01-08 22:49:00,21,Planned,Preventive Maintenance,PM
DT00000141,WO00000194,P01,P01_L01,M003,A,2026-01-09 06:29:00,2026-01-09 06:55:00,26,Planned,Changeover,CO
DT00000142,WO00000194,P01,P01_L01,M003,A,2026-01-09 07:00:00,2026-01-09 07:20:00,20,Unplanned,Mechanical Failure,MECH
DT00000143,WO00000195,P01,P01_L01,M002,B,2026-01-09 14:49:00,2026-01-09 15:04:00,15,Unplanned,Material Starvation,MAT
DT00000144,WO00000197,P01,P01_L02,M005,A,2026-01-09 06:28:00,2026-01-09 06:53:00,25,Unplanned,Electrical Fault,ELEC
DT00000145,WO00000198,P01,P01_L02,M008,B,2026-01-09 14:49:00,2026-01-09 15:25:00,36,Planned,Changeover,CO
DT00000146,WO00000199,P01,P01_L02,M005,C,2026-01-09 22:43:00,2026-01-09 23:07:00,24,Planned,Preventive Maintenance,PM
DT00000147,WO00000200,P01,P01_L03,M009,A,2026-01-09 06:28:00,2026-01-09 06:53:00,25,Planned,Preventive Maintenance,PM
DT00000148,WO00000200,P01,P01_L03,M011,A,2026-01-09 06:58:00,2026-01-09 07:20:00,22,Unplanned,Mechanical Failure,MECH
DT00000149,WO00000200,P01,P01_L03,M012,A,2026-01-09 07:23:00,2026-01-09 08:11:00,48,Unplanned,Electrical Fault,ELEC
DT00000150,WO00000200,P01,P01_L03,M010,A,2026-01-09 08:14:00,2026-01-09 08:19:00,5,Unplanned,Quality Hold,QH
DT00000168,WO00000221,P01,P01_L01,M003,C,2026-01-10 22:24:00,2026-01-10 23:14:00,50,Planned,Changeover,CO
DT00000169,WO00000221,P01,P01_L01,M001,C,2026-01-10 23:19:00,2026-01-10 23:25:00,6,Unplanned,Quality Hold,QH
DT00000170,WO00000222,P01,P01_L02,M008,C,2026-01-10 22:42:00,2026-01-10 23:02:00,20,Planned,Preventive Maintenance,PM
DT00000171,WO00000222,P01,P01_L02,M006,C,2026-01-10 23:07:00,2026-01-10 23:11:00,4,Unplanned,Utility Interruption,UTIL
DT00000172,WO00000223,P01,P01_L03,M011,B,2026-01-10 14:39:00,2026-01-10 15:11:00,32,Planned,Cleaning/Sanitation,CLEAN
DT00000183,WO00000236,P01,P01_L01,M003,A,2026-01-11 06:16:00,2026-01-11 06:38:00,22,Planned,Preventive Maintenance,PM
DT00000184,WO00000237,P01,P01_L01,M001,C,2026-01-11 22:30:00,2026-01-11 23:35:00,65,Planned,Cleaning/Sanitation,CLEAN
DT00000185,WO00000238,P01,P01_L02,M008,A,2026-01-11 06:23:00,2026-01-11 06:35:00,12,Unplanned,Utility Interruption,UTIL
DT00000186,WO00000238,P01,P01_L02,M006,A,2026-01-11 06:38:00,2026-01-11 06:44:00,6,Unplanned,Utility Interruption,UTIL
DT00000187,WO00000240,P01,P01_L02,M006,C,2026-01-11 22:23:00,2026-01-11 22:48:00,25,Planned,Preventive Maintenance,PM
DT00000188,WO00000241,P01,P01_L03,M009,A,2026-01-11 06:23:00,2026-01-11 06:29:00,6,Unplanned,Electrical Fault,ELEC
DT00000189,WO00000242,P01,P01_L03,M011,C,2026-01-11 22:44:00,2026-01-11 23:19:00,35,Planned,Cleaning/Sanitation,CLEAN
DT00000197,WO00000253,P01,P01_L01,M003,A,2026-01-12 06:22:00,2026-01-12 07:08:00,46,Unplanned,Sensor/Controls Fault,CTRL
DT00000198,WO00000254,P01,P01_L01,M002,B,2026-01-12 14:37:00,2026-01-12 16:00:00,83,Unplanned,Material Starvation,MAT
DT00000199,WO00000255,P01,P01_L01,M003,C,2026-01-12 22:39:00,2026-01-12 23:06:00,27,Planned,Changeover,CO
DT00000200,WO00000255,P01,P01_L01,M001,C,2026-01-12 23:11:00,2026-01-12 23:33:00,22,Unplanned,Mechanical Failure,MECH
DT00000201,WO00000256,P01,P01_L02,M006,A,2026-01-12 06:31:00,2026-01-12 07:43:00,72,Unplanned,Sensor/Controls Fault,CTRL
DT00000202,WO00000258,P01,P01_L02,M005,C,2026-01-12 22:19:00,2026-01-12 23:10:00,51,Planned,Changeover,CO
DT00000217,WO00000281,P01,P01_L01,M002,B,2026-01-13 14:11:00,2026-01-13 14:33:00,22,Planned,Preventive Maintenance,PM
DT00000218,WO00000283,P01,P01_L02,M007,A,2026-01-13 06:39:00,2026-01-13 06:56:00,17,Planned,Preventive Maintenance,PM
DT00000219,WO00000284,P01,P01_L02,M008,B,2026-01-13 14:17:00,2026-01-13 14:47:00,30,Planned,Cleaning/Sanitation,CLEAN
DT00000220,WO00000285,P01,P01_L02,M005,C,2026-01-13 22:16:00,2026-01-13 22:38:00,22,Planned,Changeover,CO
DT00000221,WO00000287,P01,P01_L03,M010,B,2026-01-13 14:23:00,2026-01-13 15:00:00,37,Planned,Cleaning/Sanitation,CLEAN
DT00000222,WO00000287,P01,P01_L03,M012,B,2026-01-13 15:05:00,2026-01-13 15:22:00,17,Unplanned,Mechanical Failure,MECH
DT00000223,WO00000287,P01,P01_L03,M011,B,2026-01-13 15:25:00,2026-01-13 15:56:00,31,Unplanned,Mechanical Failure,MECH
DT00000224,WO00000288,P01,P01_L03,M012,C,2026-01-13 22:24:00,2026-01-13 22:58:00,34,Planned,Changeover,CO
DT00000238,WO00000308,P01,P01_L01,M002,B,2026-01-14 14:29:00,2026-01-14 15:41:00,72,Unplanned,Electrical Fault,ELEC
DT00000239,WO00000309,P01,P01_L01,M002,C,2026-01-14 22:10:00,2026-01-14 22:28:00,18,Planned,Preventive Maintenance,PM
DT00000240,WO00000311,P01,P01_L02,M005,B,2026-01-14 14:45:00,2026-01-14 15:09:00,24,Planned,Cleaning/Sanitation,CLEAN
DT00000241,WO00000311,P01,P01_L02,M007,B,2026-01-14 15:14:00,2026-01-14 15:21:00,7,Unplanned,Electrical Fault,ELEC
DT00000254,WO00000334,P01,P01_L01,M001,A,2026-01-15 06:20:00,2026-01-15 06:39:00,19,Planned,Changeover,CO
DT00000255,WO00000336,P01,P01_L01,M001,C,2026-01-15 22:26:00,2026-01-15 22:46:00,20,Planned,Preventive Maintenance,PM
DT00000256,WO00000339,P01,P01_L02,M008,C,2026-01-15 22:30:00,2026-01-15 22:56:00,26,Planned,Preventive Maintenance,PM
DT00000257,WO00000340,P01,P01_L03,M009,A,2026-01-15 06:46:00,2026-01-15 07:34:00,48,Planned,Changeover,CO
DT00000258,WO00000341,P01,P01_L03,M011,B,2026-01-15 14:17:00,2026-01-15 14:53:00,36,Planned,Preventive Maintenance,PM
DT00000259,WO00000342,P01,P01_L03,M010,C,2026-01-15 22:14:00,2026-01-15 22:28:00,14,Unplanned,Mechanical Failure,MECH
DT00000274,WO00000362,P01,P01_L01,M001,B,2026-01-16 14:48:00,2026-01-16 15:25:00,37,Planned,Changeover,CO
DT00000275,WO00000362,P01,P01_L01,M003,B,2026-01-16 15:30:00,2026-01-16 15:50:00,20,Unplanned,Operator Adjustment,OP
DT00000276,WO00000363,P01,P01_L01,M002,C,2026-01-16 22:20:00,2026-01-16 22:58:00,38,Unplanned,Mechanical Failure,MECH
DT00000277,WO00000364,P01,P01_L02,M006,A,2026-01-16 06:43:00,2026-01-16 07:16:00,33,Planned,Preventive Maintenance,PM
DT00000278,WO00000366,P01,P01_L02,M006,C,2026-01-16 22:43:00,2026-01-16 22:50:00,7,Unplanned,Mechanical Failure,MECH
DT00000279,WO00000367,P01,P01_L03,M011,A,2026-01-16 06:24:00,2026-01-16 07:01:00,37,Unplanned,Utility Interruption,UTIL
DT00000280,WO00000368,P01,P01_L03,M012,B,2026-01-16 14:20:00,2026-01-16 14:50:00,30,Planned,Preventive Maintenance,PM
DT00000296,WO00000388,P01,P01_L01,M004,B,2026-01-17 14:49:00,2026-01-17 15:26:00,37,Planned,Cleaning/Sanitation,CLEAN
DT00000297,WO00000388,P01,P01_L01,M001,B,2026-01-17 15:31:00,2026-01-17 15:40:00,9,Unplanned,Utility Interruption,UTIL
DT00000298,WO00000389,P01,P01_L02,M006,A,2026-01-17 06:45:00,2026-01-17 07:38:00,53,Planned,Changeover,CO
DT00000299,WO00000390,P01,P01_L02,M007,C,2026-01-17 22:18:00,2026-01-17 22:42:00,24,Planned,Planned Inspection,INSP
DT00000300,WO00000391,P01,P01_L03,M012,A,2026-01-17 06:37:00,2026-01-17 07:01:00,24,Planned,Preventive Maintenance,PM
DT00000314,WO00000407,P01,P01_L01,M003,B,2026-01-18 14:42:00,2026-01-18 15:05:00,23,Planned,Planned Inspection,INSP
DT00000315,WO00000407,P01,P01_L01,M001,B,2026-01-18 15:10:00,2026-01-18 15:22:00,12,Unplanned,Utility Interruption,UTIL
DT00000316,WO00000407,P01,P01_L01,M001,B,2026-01-18 15:25:00,2026-01-18 15:37:00,12,Unplanned,Mechanical Failure,MECH
DT00000317,WO00000408,P01,P01_L01,M003,C,2026-01-18 22:32:00,2026-01-18 23:24:00,52,Planned,Preventive Maintenance,PM
DT00000318,WO00000410,P01,P01_L03,M011,A,2026-01-18 06:23:00,2026-01-18 06:36:00,13,Unplanned,Mechanical Failure,MECH
DT00000319,WO00000411,P01,P01_L03,M011,C,2026-01-18 22:40:00,2026-01-18 23:08:00,28,Planned,Planned Inspection,INSP
DT00000327,WO00000425,P01,P01_L01,M001,B,2026-01-19 14:41:00,2026-01-19 15:04:00,23,Planned,Cleaning/Sanitation,CLEAN
DT00000328,WO00000425,P01,P01_L01,M002,B,2026-01-19 15:09:00,2026-01-19 15:31:00,22,Unplanned,Quality Hold,QH
DT00000329,WO00000426,P01,P01_L01,M001,C,2026-01-19 22:35:00,2026-01-19 23:01:00,26,Planned,Preventive Maintenance,PM
DT00000330,WO00000427,P01,P01_L02,M005,A,2026-01-19 06:32:00,2026-01-19 07:17:00,45,Planned,Changeover,CO
DT00000331,WO00000430,P01,P01_L03,M009,A,2026-01-19 06:41:00,2026-01-19 06:54:00,13,Planned,Cleaning/Sanitation,CLEAN
DT00000332,WO00000432,P01,P01_L03,M009,C,2026-01-19 22:36:00,2026-01-19 23:02:00,26,Planned,Planned Inspection,INSP
DT00000346,WO00000453,P01,P01_L01,M004,C,2026-01-20 22:22:00,2026-01-20 23:07:00,45,Planned,Preventive Maintenance,PM
DT00000347,WO00000453,P01,P01_L01,M002,C,2026-01-20 23:12:00,2026-01-21 00:26:00,74,Unplanned,Quality Hold,QH
DT00000348,WO00000454,P01,P01_L02,M007,A,2026-01-20 06:38:00,2026-01-20 07:15:00,37,Unplanned,Mechanical Failure,MECH
DT00000349,WO00000455,P01,P01_L02,M006,B,2026-01-20 14:48:00,2026-01-20 15:15:00,27,Planned,Preventive Maintenance,PM
DT00000350,WO00000456,P01,P01_L02,M006,C,2026-01-20 22:29:00,2026-01-20 22:57:00,28,Planned,Cleaning/Sanitation,CLEAN
DT00000351,WO00000459,P01,P01_L03,M009,C,2026-01-20 22:28:00,2026-01-20 23:13:00,45,Planned,Preventive Maintenance,PM
DT00000352,WO00000459,P01,P01_L03,M011,C,2026-01-20 23:18:00,2026-01-20 23:30:00,12,Unplanned,Mechanical Failure,MECH
DT00000369,WO00000478,P01,P01_L01,M004,A,2026-01-21 06:30:00,2026-01-21 07:10:00,40,Planned,Preventive Maintenance,PM
DT00000370,WO00000480,P01,P01_L01,M004,C,2026-01-21 22:14:00,2026-01-21 22:51:00,37,Planned,Changeover,CO
DT00000371,WO00000480,P01,P01_L01,M003,C,2026-01-21 22:56:00,2026-01-22 00:06:00,70,Unplanned,Material Starvation,MAT
DT00000372,WO00000481,P01,P01_L02,M005,A,2026-01-21 06:14:00,2026-01-21 07:10:00,56,Planned,Changeover,CO
DT00000373,WO00000481,P01,P01_L02,M007,A,2026-01-21 07:15:00,2026-01-21 07:54:00,39,Unplanned,Sensor/Controls Fault,CTRL
DT00000374,WO00000482,P01,P01_L02,M008,B,2026-01-21 14:17:00,2026-01-21 14:48:00,31,Planned,Cleaning/Sanitation,CLEAN
DT00000375,WO00000483,P01,P01_L02,M007,C,2026-01-21 22:31:00,2026-01-21 22:57:00,26,Planned,Changeover,CO
DT00000376,WO00000483,P01,P01_L02,M008,C,2026-01-21 23:02:00,2026-01-21 23:10:00,8,Unplanned,Electrical Fault,ELEC
DT00000377,WO00000484,P01,P01_L03,M009,A,2026-01-21 06:46:00,2026-01-21 07:16:00,30,Planned,Cleaning/Sanitation,CLEAN
DT00000378,WO00000485,P01,P01_L03,M009,B,2026-01-21 14:19:00,2026-01-21 15:10:00,51,Planned,Preventive Maintenance,PM
DT00000379,WO00000486,P01,P01_L03,M011,C,2026-01-21 22:18:00,2026-01-21 23:21:00,63,Planned,Preventive Maintenance,PM
DT00000399,WO00000506,P01,P01_L01,M002,B,2026-01-22 14:22:00,2026-01-22 15:07:00,45,Planned,Changeover,CO
DT00000400,WO00000511,P01,P01_L03,M011,A,2026-01-22 06:15:00,2026-01-22 06:40:00,25,Planned,Changeover,CO
DT00000401,WO00000512,P01,P01_L03,M010,B,2026-01-22 14:34:00,2026-01-22 15:06:00,32,Planned,Changeover,CO
DT00000421,WO00000532,P01,P01_L01,M002,A,2026-01-23 06:28:00,2026-01-23 06:48:00,20,Planned,Preventive Maintenance,PM
DT00000422,WO00000533,P01,P01_L01,M001,B,2026-01-23 14:38:00,2026-01-23 15:58:00,80,Planned,Cleaning/Sanitation,CLEAN
DT00000423,WO00000534,P01,P01_L01,M004,C,2026-01-23 22:21:00,2026-01-23 22:41:00,20,Planned,Changeover,CO
DT00000424,WO00000535,P01,P01_L02,M008,A,2026-01-23 06:42:00,2026-01-23 07:08:00,26,Planned,Planned Inspection,INSP
DT00000425,WO00000535,P01,P01_L02,M007,A,2026-01-23 07:13:00,2026-01-23 07:32:00,19,Unplanned,Mechanical Failure,MECH
DT00000426,WO00000538,P01,P01_L03,M012,A,2026-01-23 06:37:00,2026-01-23 07:13:00,36,Planned,Changeover,CO
DT00000427,WO00000539,P01,P01_L03,M009,B,2026-01-23 14:14:00,2026-01-23 14:59:00,45,Planned,Changeover,CO
DT00000428,WO00000539,P01,P01_L03,M010,B,2026-01-23 15:04:00,2026-01-23 15:13:00,9,Unplanned,Material Starvation,MAT
DT00000429,WO00000540,P01,P01_L03,M010,C,2026-01-23 22:14:00,2026-01-23 23:16:00,62,Planned,Changeover,CO
DT00000440,WO00000559,P01,P01_L01,M003,A,2026-01-24 06:37:00,2026-01-24 07:00:00,23,Planned,Changeover,CO
DT00000441,WO00000559,P01,P01_L01,M001,A,2026-01-24 07:05:00,2026-01-24 07:36:00,31,Unplanned,Mechanical Failure,MECH
DT00000442,WO00000560,P01,P01_L01,M004,C,2026-01-24 22:34:00,2026-01-24 23:03:00,29,Planned,Cleaning/Sanitation,CLEAN
DT00000443,WO00000560,P01,P01_L01,M002,C,2026-01-24 23:08:00,2026-01-25 00:07:00,59,Unplanned,Electrical Fault,ELEC
DT00000444,WO00000562,P01,P01_L03,M010,A,2026-01-24 06:42:00,2026-01-24 07:41:00,59,Planned,Preventive Maintenance,PM
DT00000445,WO00000562,P01,P01_L03,M010,A,2026-01-24 07:46:00,2026-01-24 08:11:00,25,Unplanned,Sensor/Controls Fault,CTRL
DT00000456,WO00000573,P01,P01_L01,M004,B,2026-01-25 14:17:00,2026-01-25 14:41:00,24,Planned,Changeover,CO
DT00000457,WO00000574,P01,P01_L02,M005,A,2026-01-25 06:36:00,2026-01-25 06:54:00,18,Planned,Preventive Maintenance,PM
DT00000458,WO00000575,P01,P01_L02,M007,B,2026-01-25 14:21:00,2026-01-25 16:17:00,116,Planned,Cleaning/Sanitation,CLEAN
DT00000459,WO00000575,P01,P01_L02,M007,B,2026-01-25 16:22:00,2026-01-25 16:55:00,33,Unplanned,Material Starvation,MAT
DT00000460,WO00000576,P01,P01_L02,M005,C,2026-01-25 22:13:00,2026-01-25 22:32:00,19,Planned,Changeover,CO
DT00000461,WO00000579,P01,P01_L03,M009,C,2026-01-25 22:45:00,2026-01-25 23:02:00,17,Planned,Changeover,CO
DT00000470,WO00000591,P01,P01_L01,M002,A,2026-01-26 06:21:00,2026-01-26 06:51:00,30,Planned,Changeover,CO
DT00000471,WO00000591,P01,P01_L01,M003,A,2026-01-26 06:56:00,2026-01-26 07:19:00,23,Unplanned,Mechanical Failure,MECH
DT00000472,WO00000592,P01,P01_L01,M002,B,2026-01-26 14:10:00,2026-01-26 14:23:00,13,Unplanned,Mechanical Failure,MECH
DT00000473,WO00000593,P01,P01_L01,M002,C,2026-01-26 22:31:00,2026-01-26 23:11:00,40,Planned,Planned Inspection,INSP
DT00000474,WO00000595,P01,P01_L02,M008,B,2026-01-26 14:38:00,2026-01-26 15:10:00,32,Planned,Cleaning/Sanitation,CLEAN
DT00000475,WO00000597,P01,P01_L03,M009,A,2026-01-26 06:49:00,2026-01-26 07:12:00,23,Planned,Changeover,CO
DT00000476,WO00000597,P01,P01_L03,M009,A,2026-01-26 07:17:00,2026-01-26 07:27:00,10,Unplanned,Mechanical Failure,MECH
DT00000477,WO00000597,P01,P01_L03,M010,A,2026-01-26 07:30:00,2026-01-26 07:34:00,4,Unplanned,Mechanical Failure,MECH
DT00000478,WO00000598,P01,P01_L03,M012,B,2026-01-26 14:25:00,2026-01-26 15:10:00,45,Planned,Planned Inspection,INSP
DT00000479,WO00000599,P01,P01_L03,M011,C,2026-01-26 22:34:00,2026-01-26 22:40:00,6,Unplanned,Mechanical Failure,MECH
DT00000492,WO00000620,P01,P01_L01,M003,C,2026-01-27 22:45:00,2026-01-27 23:17:00,32,Planned,Changeover,CO
DT00000493,WO00000621,P01,P01_L02,M006,A,2026-01-27 06:48:00,2026-01-27 06:54:00,6,Unplanned,Utility Interruption,UTIL
DT00000494,WO00000622,P01,P01_L02,M005,B,2026-01-27 14:17:00,2026-01-27 14:46:00,29,Unplanned,Material Starvation,MAT
DT00000495,WO00000624,P01,P01_L03,M012,A,2026-01-27 06:24:00,2026-01-27 06:47:00,23,Planned,Preventive Maintenance,PM
DT00000496,WO00000626,P01,P01_L03,M010,C,2026-01-27 22:29:00,2026-01-27 23:11:00,42,Planned,Preventive Maintenance,PM
DT00000510,WO00000645,P01,P01_L01,M003,A,2026-01-28 06:18:00,2026-01-28 06:48:00,30,Planned,Planned Inspection,INSP
DT00000511,WO00000645,P01,P01_L01,M001,A,2026-01-28 06:53:00,2026-01-28 07:08:00,15,Unplanned,Mechanical Failure,MECH
DT00000512,WO00000645,P01,P01_L01,M001,A,2026-01-28 07:11:00,2026-01-28 07:20:00,9,Unplanned,Sensor/Controls Fault,CTRL
DT00000513,WO00000645,P01,P01_L01,M003,A,2026-01-28 07:23:00,2026-01-28 07:39:00,16,Unplanned,Mechanical Failure,MECH
DT00000514,WO00000647,P01,P01_L01,M002,C,2026-01-28 22:16:00,2026-01-28 22:43:00,27,Planned,Preventive Maintenance,PM
DT00000515,WO00000649,P01,P01_L02,M008,B,2026-01-28 14:46:00,2026-01-28 15:41:00,55,Unplanned,Mechanical Failure,MECH
DT00000516,WO00000650,P01,P01_L02,M006,C,2026-01-28 22:30:00,2026-01-28 22:56:00,26,Planned,Changeover,CO
DT00000517,WO00000651,P01,P01_L03,M011,A,2026-01-28 06:17:00,2026-01-28 06:38:00,21,Planned,Preventive Maintenance,PM
DT00000518,WO00000651,P01,P01_L03,M010,A,2026-01-28 06:43:00,2026-01-28 06:53:00,10,Unplanned,Electrical Fault,ELEC
DT00000519,WO00000653,P01,P01_L03,M012,C,2026-01-28 22:41:00,2026-01-28 23:11:00,30,Planned,Cleaning/Sanitation,CLEAN
DT00000533,WO00000674,P01,P01_L01,M003,C,2026-01-29 22:23:00,2026-01-29 22:59:00,36,Planned,Preventive Maintenance,PM
DT00000534,WO00000674,P01,P01_L01,M003,C,2026-01-29 23:04:00,2026-01-29 23:27:00,23,Unplanned,Mechanical Failure,MECH
DT00000535,WO00000674,P01,P01_L01,M001,C,2026-01-29 23:30:00,2026-01-30 00:15:00,45,Unplanned,Mechanical Failure,MECH
DT00000536,WO00000675,P01,P01_L02,M007,A,2026-01-29 06:42:00,2026-01-29 06:58:00,16,Planned,Preventive Maintenance,PM
DT00000537,WO00000678,P01,P01_L03,M012,A,2026-01-29 06:48:00,2026-01-29 07:15:00,27,Planned,Changeover,CO
DT00000538,WO00000680,P01,P01_L03,M009,C,2026-01-29 22:38:00,2026-01-29 23:08:00,30,Planned,Changeover,CO
DT00000550,WO00000699,P01,P01_L01,M004,A,2026-01-30 06:21:00,2026-01-30 06:47:00,26,Planned,Changeover,CO
DT00000551,WO00000699,P01,P01_L01,M002,A,2026-01-30 06:52:00,2026-01-30 07:02:00,10,Unplanned,Mechanical Failure,MECH
DT00000552,WO00000701,P01,P01_L01,M004,C,2026-01-30 22:23:00,2026-01-30 23:11:00,48,Planned,Changeover,CO
DT00000553,WO00000702,P01,P01_L02,M008,A,2026-01-30 06:19:00,2026-01-30 07:11:00,52,Planned,Changeover,CO
DT00000554,WO00000703,P01,P01_L02,M007,B,2026-01-30 14:49:00,2026-01-30 15:11:00,22,Unplanned,Electrical Fault,ELEC
DT00000555,WO00000703,P01,P01_L02,M005,B,2026-01-30 15:14:00,2026-01-30 15:30:00,16,Unplanned,Mechanical Failure,MECH
DT00000556,WO00000706,P01,P01_L03,M012,B,2026-01-30 14:21:00,2026-01-30 14:49:00,28,Planned,Changeover,CO
DT00000571,WO00000726,P01,P01_L01,M004,B,2026-01-31 14:32:00,2026-01-31 14:56:00,24,Planned,Changeover,CO
DT00000572,WO00000728,P01,P01_L02,M005,C,2026-01-31 22:24:00,2026-01-31 22:50:00,26,Planned,Preventive Maintenance,PM
DT00000579,WO00000742,P01,P01_L01,M002,B,2026-02-01 14:45:00,2026-02-01 15:14:00,29,Planned,Cleaning/Sanitation,CLEAN
DT00000580,WO00000744,P01,P01_L02,M006,A,2026-02-01 06:32:00,2026-02-01 06:52:00,20,Planned,Changeover,CO
DT00000581,WO00000744,P01,P01_L02,M005,A,2026-02-01 06:57:00,2026-02-01 07:59:00,62,Unplanned,Mechanical Failure,MECH
DT00000582,WO00000746,P01,P01_L03,M009,B,2026-02-01 14:35:00,2026-02-01 15:09:00,34,Planned,Planned Inspection,INSP
DT00000592,WO00000762,P01,P01_L01,M001,A,2026-02-02 06:17:00,2026-02-02 06:41:00,24,Unplanned,Mechanical Failure,MECH
DT00000593,WO00000764,P01,P01_L01,M004,C,2026-02-02 22:42:00,2026-02-02 23:07:00,25,Unplanned,Operator Adjustment,OP
DT00000594,WO00000767,P01,P01_L02,M007,C,2026-02-02 22:39:00,2026-02-02 23:02:00,23,Planned,Preventive Maintenance,PM
DT00000595,WO00000768,P01,P01_L03,M011,A,2026-02-02 06:20:00,2026-02-02 06:39:00,19,Unplanned,Mechanical Failure,MECH
DT00000596,WO00000770,P01,P01_L03,M012,C,2026-02-02 22:23:00,2026-02-03 00:38:00,135,Unplanned,Mechanical Failure,MECH
DT00000609,WO00000789,P01,P01_L01,M001,A,2026-02-03 06:11:00,2026-02-03 06:42:00,31,Unplanned,Mechanical Failure,MECH
DT00000610,WO00000790,P01,P01_L01,M002,B,2026-02-03 14:36:00,2026-02-03 15:06:00,30,Planned,Preventive Maintenance,PM
DT00000611,WO00000791,P01,P01_L01,M004,C,2026-02-03 22:40:00,2026-02-04 00:35:00,115,Unplanned,Utility Interruption,UTIL
DT00000612,WO00000792,P01,P01_L02,M006,A,2026-02-03 06:46:00,2026-02-03 07:19:00,33,Planned,Changeover,CO
DT00000613,WO00000793,P01,P01_L02,M008,B,2026-02-03 14:12:00,2026-02-03 14:37:00,25,Planned,Planned Inspection,INSP
DT00000614,WO00000794,P01,P01_L02,M007,C,2026-02-03 22:12:00,2026-02-03 22:34:00,22,Unplanned,Mechanical Failure,MECH
DT00000615,WO00000795,P01,P01_L03,M011,A,2026-02-03 06:24:00,2026-02-03 06:46:00,22,Planned,Changeover,CO
DT00000635,WO00000816,P01,P01_L01,M004,A,2026-02-04 06:31:00,2026-02-04 06:55:00,24,Planned,Planned Inspection,INSP
DT00000636,WO00000817,P01,P01_L01,M003,B,2026-02-04 14:35:00,2026-02-04 15:14:00,39,Planned,Changeover,CO
DT00000637,WO00000818,P01,P01_L01,M001,C,2026-02-04 22:47:00,2026-02-04 23:00:00,13,Unplanned,Electrical Fault,ELEC
DT00000638,WO00000819,P01,P01_L02,M008,A,2026-02-04 06:39:00,2026-02-04 06:57:00,18,Planned,Preventive Maintenance,PM
DT00000639,WO00000820,P01,P01_L02,M008,B,2026-02-04 14:21:00,2026-02-04 14:44:00,23,Planned,Cleaning/Sanitation,CLEAN
DT00000640,WO00000820,P01,P01_L02,M006,B,2026-02-04 14:49:00,2026-02-04 15:07:00,18,Unplanned,Quality Hold,QH
DT00000641,WO00000821,P01,P01_L02,M005,C,2026-02-04 22:23:00,2026-02-04 22:33:00,10,Unplanned,Electrical Fault,ELEC
DT00000642,WO00000822,P01,P01_L03,M009,A,2026-02-04 06:30:00,2026-02-04 07:13:00,43,Planned,Planned Inspection,INSP
DT00000643,WO00000822,P01,P01_L03,M009,A,2026-02-04 07:18:00,2026-02-04 07:32:00,14,Unplanned,Mechanical Failure,MECH
DT00000644,WO00000823,P01,P01_L03,M012,B,2026-02-04 14:11:00,2026-02-04 14:44:00,33,Planned,Changeover,CO
DT00000645,WO00000824,P01,P01_L03,M010,C,2026-02-04 22:22:00,2026-02-04 22:54:00,32,Planned,Preventive Maintenance,PM
DT00000660,WO00000843,P01,P01_L01,M002,A,2026-02-05 06:13:00,2026-02-05 07:06:00,53,Planned,Changeover,CO
DT00000661,WO00000845,P01,P01_L01,M001,C,2026-02-05 22:35:00,2026-02-05 23:01:00,26,Planned,Changeover,CO
DT00000662,WO00000847,P01,P01_L02,M006,B,2026-02-05 14:16:00,2026-02-05 14:36:00,20,Planned,Cleaning/Sanitation,CLEAN
DT00000663,WO00000847,P01,P01_L02,M007,B,2026-02-05 14:41:00,2026-02-05 15:25:00,44,Unplanned,Electrical Fault,ELEC
DT00000664,WO00000848,P01,P01_L02,M008,C,2026-02-05 22:25:00,2026-02-05 22:40:00,15,Unplanned,Electrical Fault,ELEC
DT00000665,WO00000851,P01,P01_L03,M009,C,2026-02-05 22:23:00,2026-02-05 22:30:00,7,Unplanned,Quality Hold,QH
DT00000677,WO00000873,P01,P01_L02,M006,A,2026-02-06 06:36:00,2026-02-06 07:33:00,57,Planned,Changeover,CO
DT00000678,WO00000873,P01,P01_L02,M008,A,2026-02-06 07:38:00,2026-02-06 08:18:00,40,Unplanned,Operator Adjustment,OP
DT00000679,WO00000874,P01,P01_L02,M008,B,2026-02-06 14:13:00,2026-02-06 14:52:00,39,Planned,Planned Inspection,INSP
DT00000680,WO00000874,P01,P01_L02,M005,B,2026-02-06 14:57:00,2026-02-06 15:30:00,33,Unplanned,Electrical Fault,ELEC
DT00000681,WO00000874,P01,P01_L02,M005,B,2026-02-06 15:33:00,2026-02-06 17:04:00,91,Unplanned,Quality Hold,QH
DT00000682,WO00000875,P01,P01_L02,M006,C,2026-02-06 22:47:00,2026-02-06 23:03:00,16,Planned,Changeover,CO
DT00000683,WO00000875,P01,P01_L02,M005,C,2026-02-06 23:08:00,2026-02-06 23:19:00,11,Unplanned,Quality Hold,QH
DT00000700,WO00000897,P01,P01_L01,M002,A,2026-02-07 06:32:00,2026-02-07 06:53:00,21,Unplanned,Material Starvation,MAT
DT00000701,WO00000898,P01,P01_L01,M004,B,2026-02-07 14:24:00,2026-02-07 14:57:00,33,Planned,Preventive Maintenance,PM
DT00000702,WO00000898,P01,P01_L01,M003,B,2026-02-07 15:02:00,2026-02-07 15:22:00,20,Unplanned,Material Starvation,MAT
DT00000703,WO00000899,P01,P01_L01,M001,C,2026-02-07 22:38:00,2026-02-07 22:58:00,20,Planned,Preventive Maintenance,PM
DT00000704,WO00000899,P01,P01_L01,M001,C,2026-02-07 23:03:00,2026-02-07 23:31:00,28,Unplanned,Sensor/Controls Fault,CTRL
DT00000705,WO00000901,P01,P01_L03,M012,A,2026-02-07 06:11:00,2026-02-07 07:00:00,49,Unplanned,Operator Adjustment,OP
DT00000706,WO00000902,P01,P01_L03,M011,B,2026-02-07 14:39:00,2026-02-07 15:08:00,29,Planned,Cleaning/Sanitation,CLEAN
DT00000707,WO00000902,P01,P01_L03,M012,B,2026-02-07 15:13:00,2026-02-07 15:33:00,20,Unplanned,Mechanical Failure,MECH
DT00000708,WO00000903,P01,P01_L03,M011,C,2026-02-07 22:13:00,2026-02-07 22:26:00,13,Unplanned,Electrical Fault,ELEC
DT00000716,WO00000917,P01,P01_L01,M002,B,2026-02-08 14:39:00,2026-02-08 14:55:00,16,Unplanned,Quality Hold,QH
DT00000717,WO00000920,P01,P01_L02,M008,C,2026-02-08 22:29:00,2026-02-08 22:46:00,17,Planned,Cleaning/Sanitation,CLEAN
DT00000726,WO00000930,P01,P01_L01,M001,A,2026-02-09 06:21:00,2026-02-09 06:59:00,38,Planned,Cleaning/Sanitation,CLEAN
DT00000727,WO00000931,P01,P01_L01,M001,B,2026-02-09 14:36:00,2026-02-09 15:20:00,44,Unplanned,Electrical Fault,ELEC
DT00000728,WO00000934,P01,P01_L02,M008,B,2026-02-09 14:24:00,2026-02-09 15:03:00,39,Planned,Planned Inspection,INSP
DT00000729,WO00000937,P01,P01_L03,M012,B,2026-02-09 14:18:00,2026-02-09 14:34:00,16,Planned,Changeover,CO
DT00000743,WO00000957,P01,P01_L01,M003,A,2026-02-10 06:41:00,2026-02-10 07:02:00,21,Planned,Cleaning/Sanitation,CLEAN
DT00000744,WO00000963,P01,P01_L03,M011,A,2026-02-10 06:17:00,2026-02-10 06:39:00,22,Planned,Changeover,CO
DT00000754,WO00000984,P01,P01_L01,M001,A,2026-02-11 06:39:00,2026-02-11 07:02:00,23,Planned,Cleaning/Sanitation,CLEAN
DT00000773,WO00001011,P01,P01_L01,M003,A,2026-02-12 06:34:00,2026-02-12 07:25:00,51,Unplanned,Sensor/Controls Fault,CTRL
DT00000774,WO00001011,P01,P01_L01,M004,A,2026-02-12 07:28:00,2026-02-12 07:46:00,18,Unplanned,Sensor/Controls Fault,CTRL
DT00000775,WO00001012,P01,P01_L01,M002,B,2026-02-12 14:33:00,2026-02-12 15:24:00,51,Unplanned,Material Starvation,MAT
DT00000776,WO00001013,P01,P01_L01,M003,C,2026-02-12 22:21:00,2026-02-12 23:57:00,96,Unplanned,Electrical Fault,ELEC
DT00000777,WO00001015,P01,P01_L02,M007,B,2026-02-12 14:16:00,2026-02-12 14:56:00,40,Planned,Preventive Maintenance,PM
DT00000778,WO00001018,P01,P01_L03,M011,B,2026-02-12 14:35:00,2026-02-12 15:00:00,25,Planned,Preventive Maintenance,PM
DT00000779,WO00001019,P01,P01_L03,M009,C,2026-02-12 22:20:00,2026-02-12 22:43:00,23,Planned,Cleaning/Sanitation,CLEAN
DT00000797,WO00001038,P01,P01_L01,M002,A,2026-02-13 06:35:00,2026-02-13 07:00:00,25,Planned,Preventive Maintenance,PM
DT00000798,WO00001039,P01,P01_L01,M003,B,2026-02-13 14:15:00,2026-02-13 14:47:00,32,Unplanned,Material Starvation,MAT
DT00000799,WO00001041,P01,P01_L02,M005,A,2026-02-13 06:43:00,2026-02-13 07:13:00,30,Planned,Changeover,CO
DT00000800,WO00001042,P01,P01_L02,M006,B,2026-02-13 14:15:00,2026-02-13 15:02:00,47,Planned,Preventive Maintenance,PM
DT00000801,WO00001042,P01,P01_L02,M007,B,2026-02-13 15:07:00,2026-02-13 15:38:00,31,Unplanned,Electrical Fault,ELEC
DT00000802,WO00001043,P01,P01_L02,M007,C,2026-02-13 22:46:00,2026-02-13 23:05:00,19,Unplanned,Material Starvation,MAT
DT00000803,WO00001045,P01,P01_L03,M012,B,2026-02-13 14:11:00,2026-02-13 14:34:00,23,Planned,Planned Inspection,INSP
DT00000822,WO00001065,P01,P01_L01,M001,B,2026-02-14 14:31:00,2026-02-14 14:53:00,22,Planned,Preventive Maintenance,PM
DT00000830,WO00001077,P01,P01_L02,M008,C,2026-02-15 22:21:00,2026-02-15 22:59:00,38,Planned,Changeover,CO
DT00000831,WO00001078,P01,P01_L03,M011,A,2026-02-15 06:13:00,2026-02-15 06:36:00,23,Planned,Preventive Maintenance,PM
DT00000832,WO00001078,P01,P01_L03,M011,A,2026-02-15 06:41:00,2026-02-15 07:30:00,49,Unplanned,Electrical Fault,ELEC
DT00000842,WO00001094,P01,P01_L01,M001,A,2026-02-16 06:47:00,2026-02-16 07:19:00,32,Planned,Planned Inspection,INSP
DT00000843,WO00001095,P01,P01_L01,M002,B,2026-02-16 14:34:00,2026-02-16 14:58:00,24,Planned,Preventive Maintenance,PM
DT00000844,WO00001095,P01,P01_L01,M003,B,2026-02-16 15:03:00,2026-02-16 15:07:00,4,Unplanned,Electrical Fault,ELEC
DT00000845,WO00001097,P01,P01_L02,M007,A,2026-02-16 06:36:00,2026-02-16 07:08:00,32,Planned,Preventive Maintenance,PM
DT00000846,WO00001098,P01,P01_L02,M007,B,2026-02-16 14:32:00,2026-02-16 15:13:00,41,Planned,Preventive Maintenance,PM
DT00000847,WO00001099,P01,P01_L02,M008,C,2026-02-16 22:40:00,2026-02-16 23:04:00,24,Planned,Planned Inspection,INSP
DT00000848,WO00001100,P01,P01_L03,M009,A,2026-02-16 06:14:00,2026-02-16 06:38:00,24,Planned,Planned Inspection,INSP
DT00000849,WO00001102,P01,P01_L03,M011,C,2026-02-16 22:38:00,2026-02-16 23:02:00,24,Planned,Preventive Maintenance,PM
DT00000850,WO00001102,P01,P01_L03,M010,C,2026-02-16 23:07:00,2026-02-16 23:24:00,17,Unplanned,Material Starvation,MAT
DT00000860,WO00001122,P01,P01_L01,M002,B,2026-02-17 14:39:00,2026-02-17 14:51:00,12,Planned,Preventive Maintenance,PM
DT00000861,WO00001122,P01,P01_L01,M004,B,2026-02-17 14:56:00,2026-02-17 15:39:00,43,Unplanned,Sensor/Controls Fault,CTRL
DT00000862,WO00001125,P01,P01_L02,M007,B,2026-02-17 14:12:00,2026-02-17 14:56:00,44,Planned,Cleaning/Sanitation,CLEAN
DT00000863,WO00001125,P01,P01_L02,M006,B,2026-02-17 15:01:00,2026-02-17 15:46:00,45,Unplanned,Mechanical Failure,MECH
DT00000864,WO00001125,P01,P01_L02,M008,B,2026-02-17 15:49:00,2026-02-17 16:07:00,18,Unplanned,Quality Hold,QH
DT00000865,WO00001126,P01,P01_L02,M005,C,2026-02-17 22:34:00,2026-02-17 23:08:00,34,Planned,Preventive Maintenance,PM
DT00000866,WO00001127,P01,P01_L03,M012,A,2026-02-17 06:17:00,2026-02-17 06:35:00,18,Planned,Planned Inspection,INSP
DT00000867,WO00001127,P01,P01_L03,M009,A,2026-02-17 06:40:00,2026-02-17 07:05:00,25,Unplanned,Sensor/Controls Fault,CTRL
DT00000868,WO00001129,P01,P01_L03,M009,C,2026-02-17 22:23:00,2026-02-17 22:41:00,18,Unplanned,Mechanical Failure,MECH
DT00000881,WO00001148,P01,P01_L01,M004,A,2026-02-18 06:41:00,2026-02-18 06:59:00,18,Planned,Planned Inspection,INSP
DT00000882,WO00001149,P01,P01_L01,M002,B,2026-02-18 14:16:00,2026-02-18 14:38:00,22,Planned,Preventive Maintenance,PM
DT00000883,WO00001150,P01,P01_L01,M001,C,2026-02-18 22:13:00,2026-02-18 23:14:00,61,Planned,Planned Inspection,INSP
DT00000884,WO00001154,P01,P01_L03,M011,A,2026-02-18 06:45:00,2026-02-18 07:28:00,43,Planned,Changeover,CO
DT00000894,WO00001175,P01,P01_L01,M001,A,2026-02-19 06:35:00,2026-02-19 07:06:00,31,Unplanned,Material Starvation,MAT
DT00000895,WO00001178,P01,P01_L02,M008,A,2026-02-19 06:24:00,2026-02-19 06:48:00,24,Unplanned,Mechanical Failure,MECH
DT00000896,WO00001180,P01,P01_L02,M008,C,2026-02-19 22:22:00,2026-02-19 22:38:00,16,Unplanned,Electrical Fault,ELEC
DT00000897,WO00001181,P01,P01_L03,M009,A,2026-02-19 06:41:00,2026-02-19 07:11:00,30,Planned,Cleaning/Sanitation,CLEAN
DT00000898,WO00001182,P01,P01_L03,M009,B,2026-02-19 14:18:00,2026-02-19 14:50:00,32,Planned,Changeover,CO
DT00000899,WO00001183,P01,P01_L03,M012,C,2026-02-19 22:18:00,2026-02-19 22:41:00,23,Planned,Changeover,CO
DT00000900,WO00001183,P01,P01_L03,M011,C,2026-02-19 22:46:00,2026-02-19 23:05:00,19,Unplanned,Material Starvation,MAT
DT00000911,WO00001202,P01,P01_L01,M004,A,2026-02-20 06:17:00,2026-02-20 06:30:00,13,Planned,Preventive Maintenance,PM
DT00000912,WO00001202,P01,P01_L01,M001,A,2026-02-20 06:35:00,2026-02-20 06:50:00,15,Unplanned,Mechanical Failure,MECH
DT00000913,WO00001203,P01,P01_L01,M002,B,2026-02-20 14:16:00,2026-02-20 14:43:00,27,Planned,Cleaning/Sanitation,CLEAN
DT00000914,WO00001204,P01,P01_L01,M001,C,2026-02-20 22:17:00,2026-02-20 22:56:00,39,Unplanned,Mechanical Failure,MECH
DT00000915,WO00001205,P01,P01_L02,M005,A,2026-02-20 06:38:00,2026-02-20 07:16:00,38,Planned,Cleaning/Sanitation,CLEAN
DT00000916,WO00001205,P01,P01_L02,M007,A,2026-02-20 07:21:00,2026-02-20 07:50:00,29,Unplanned,Utility Interruption,UTIL
DT00000917,WO00001207,P01,P01_L02,M005,C,2026-02-20 22:49:00,2026-02-20 23:37:00,48,Planned,Cleaning/Sanitation,CLEAN
DT00000918,WO00001208,P01,P01_L03,M009,A,2026-02-20 06:15:00,2026-02-20 06:23:00,8,Unplanned,Material Starvation,MAT
DT00000919,WO00001210,P01,P01_L03,M010,C,2026-02-20 22:15:00,2026-02-20 22:55:00,40,Planned,Cleaning/Sanitation,CLEAN
DT00000920,WO00001210,P01,P01_L03,M012,C,2026-02-20 23:00:00,2026-02-20 23:07:00,7,Unplanned,Electrical Fault,ELEC
DT00000929,WO00001229,P01,P01_L01,M003,B,2026-02-21 14:16:00,2026-02-21 14:39:00,23,Planned,Preventive Maintenance,PM
DT00000930,WO00001230,P01,P01_L01,M002,C,2026-02-21 22:33:00,2026-02-21 23:00:00,27,Unplanned,Operator Adjustment,OP
DT00000931,WO00001233,P01,P01_L02,M005,C,2026-02-21 22:39:00,2026-02-22 00:50:00,131,Unplanned,Electrical Fault,ELEC
DT00000932,WO00001234,P01,P01_L03,M009,A,2026-02-21 06:27:00,2026-02-21 06:46:00,19,Planned,Preventive Maintenance,PM
DT00000945,WO00001249,P01,P01_L01,M001,C,2026-02-22 22:23:00,2026-02-22 22:49:00,26,Unplanned,Mechanical Failure,MECH
DT00000946,WO00001250,P01,P01_L02,M005,A,2026-02-22 06:33:00,2026-02-22 06:43:00,10,Unplanned,Electrical Fault,ELEC
DT00000947,WO00001251,P01,P01_L02,M008,B,2026-02-22 14:40:00,2026-02-22 14:51:00,11,Unplanned,Electrical Fault,ELEC
DT00000948,WO00001251,P01,P01_L02,M006,B,2026-02-22 14:54:00,2026-02-22 15:30:00,36,Unplanned,Mechanical Failure,MECH
DT00000961,WO00001266,P01,P01_L01,M003,A,2026-02-23 06:23:00,2026-02-23 06:59:00,36,Planned,Changeover,CO
DT00000962,WO00001267,P01,P01_L01,M001,B,2026-02-23 14:43:00,2026-02-23 15:20:00,37,Unplanned,Electrical Fault,ELEC
DT00000963,WO00001268,P01,P01_L01,M002,C,2026-02-23 22:49:00,2026-02-23 23:19:00,30,Unplanned,Material Starvation,MAT
DT00000964,WO00001271,P01,P01_L02,M005,C,2026-02-23 22:35:00,2026-02-23 22:54:00,19,Planned,Preventive Maintenance,PM
DT00000965,WO00001272,P01,P01_L03,M010,A,2026-02-23 06:35:00,2026-02-23 07:22:00,47,Planned,Changeover,CO
DT00000966,WO00001274,P01,P01_L03,M010,C,2026-02-23 22:33:00,2026-02-23 23:15:00,42,Planned,Planned Inspection,INSP
DT00000980,WO00001294,P01,P01_L01,M001,B,2026-02-24 14:30:00,2026-02-24 14:57:00,27,Planned,Cleaning/Sanitation,CLEAN
DT00000981,WO00001297,P01,P01_L02,M008,B,2026-02-24 14:31:00,2026-02-24 14:50:00,19,Unplanned,Mechanical Failure,MECH
DT00000982,WO00001300,P01,P01_L03,M011,B,2026-02-24 14:15:00,2026-02-24 14:40:00,25,Planned,Changeover,CO
DT00000983,WO00001301,P01,P01_L03,M011,C,2026-02-24 22:29:00,2026-02-24 22:49:00,20,Planned,Changeover,CO
DT00000999,WO00001321,P01,P01_L01,M004,B,2026-02-25 14:19:00,2026-02-25 14:56:00,37,Unplanned,Electrical Fault,ELEC
DT00001000,WO00001322,P01,P01_L01,M004,C,2026-02-25 22:41:00,2026-02-25 23:27:00,46,Planned,Preventive Maintenance,PM
DT00001001,WO00001323,P01,P01_L02,M005,A,2026-02-25 06:11:00,2026-02-25 06:55:00,44,Unplanned,Electrical Fault,ELEC
DT00001002,WO00001324,P01,P01_L02,M006,B,2026-02-25 14:30:00,2026-02-25 14:59:00,29,Planned,Changeover,CO
DT00001003,WO00001324,P01,P01_L02,M007,B,2026-02-25 15:04:00,2026-02-25 16:07:00,63,Unplanned,Electrical Fault,ELEC
DT00001004,WO00001325,P01,P01_L02,M006,C,2026-02-25 22:12:00,2026-02-25 22:33:00,21,Planned,Cleaning/Sanitation,CLEAN
DT00001005,WO00001326,P01,P01_L03,M009,A,2026-02-25 06:48:00,2026-02-25 08:08:00,80,Unplanned,Material Starvation,MAT
DT00001006,WO00001327,P01,P01_L03,M009,B,2026-02-25 14:25:00,2026-02-25 15:18:00,53,Planned,Changeover,CO
DT00001007,WO00001328,P01,P01_L03,M009,C,2026-02-25 22:44:00,2026-02-25 23:34:00,50,Planned,Preventive Maintenance,PM
DT00001021,WO00001348,P01,P01_L01,M001,B,2026-02-26 14:28:00,2026-02-26 15:16:00,48,Planned,Cleaning/Sanitation,CLEAN
DT00001022,WO00001348,P01,P01_L01,M004,B,2026-02-26 15:21:00,2026-02-26 15:28:00,7,Unplanned,Electrical Fault,ELEC
DT00001023,WO00001349,P01,P01_L01,M002,C,2026-02-26 22:36:00,2026-02-26 23:05:00,29,Planned,Changeover,CO
DT00001024,WO00001354,P01,P01_L03,M010,B,2026-02-26 14:11:00,2026-02-26 15:10:00,59,Planned,Preventive Maintenance,PM
DT00001025,WO00001355,P01,P01_L03,M012,C,2026-02-26 22:47:00,2026-02-26 23:16:00,29,Planned,Changeover,CO
DT00001035,WO00001375,P01,P01_L01,M002,B,2026-02-27 14:12:00,2026-02-27 15:18:00,66,Unplanned,Mechanical Failure,MECH
DT00001036,WO00001378,P01,P01_L02,M007,B,2026-02-27 14:33:00,2026-02-27 14:51:00,18,Planned,Preventive Maintenance,PM
DT00001037,WO00001381,P01,P01_L03,M011,B,2026-02-27 14:43:00,2026-02-27 14:58:00,15,Unplanned,Operator Adjustment,OP
DT00001055,WO00001401,P01,P01_L01,M004,A,2026-02-28 06:40:00,2026-02-28 07:07:00,27,Planned,Changeover,CO
DT00001056,WO00001403,P01,P01_L02,M007,C,2026-02-28 22:16:00,2026-02-28 22:34:00,18,Planned,Planned Inspection,INSP
DT00001057,WO00001405,P01,P01_L03,M010,B,2026-02-28 14:19:00,2026-02-28 14:44:00,25,Planned,Changeover,CO
DT00001071,WO00001422,P01,P01_L01,M001,B,2026-03-01 14:13:00,2026-03-01 14:37:00,24,Unplanned,Mechanical Failure,MECH
DT00001072,WO00001427,P01,P01_L03,M010,C,2026-03-01 22:13:00,2026-03-01 22:22:00,9,Unplanned,Quality Hold,QH
DT00001077,WO00001437,P01,P01_L01,M003,A,2026-03-02 06:42:00,2026-03-02 07:17:00,35,Unplanned,Utility Interruption,UTIL
DT00001078,WO00001441,P01,P01_L02,M005,B,2026-03-02 14:31:00,2026-03-02 14:55:00,24,Unplanned,Mechanical Failure,MECH
DT00001079,WO00001442,P01,P01_L02,M007,C,2026-03-02 22:10:00,2026-03-02 22:26:00,16,Planned,Changeover,CO
DT00001091,WO00001464,P01,P01_L01,M003,A,2026-03-03 06:14:00,2026-03-03 06:47:00,33,Planned,Changeover,CO
DT00001092,WO00001464,P01,P01_L01,M002,A,2026-03-03 06:52:00,2026-03-03 07:17:00,25,Unplanned,Material Starvation,MAT
DT00001093,WO00001465,P01,P01_L01,M002,B,2026-03-03 14:35:00,2026-03-03 15:27:00,52,Planned,Changeover,CO
DT00001094,WO00001465,P01,P01_L01,M001,B,2026-03-03 15:32:00,2026-03-03 15:59:00,27,Unplanned,Material Starvation,MAT
DT00001095,WO00001466,P01,P01_L01,M002,C,2026-03-03 22:13:00,2026-03-03 22:42:00,29,Planned,Preventive Maintenance,PM
DT00001096,WO00001466,P01,P01_L01,M003,C,2026-03-03 22:47:00,2026-03-04 02:26:00,219,Unplanned,Utility Interruption,UTIL
DT00001097,WO00001468,P01,P01_L02,M006,B,2026-03-03 14:22:00,2026-03-03 14:43:00,21,Planned,Changeover,CO
DT00001098,WO00001469,P01,P01_L02,M008,C,2026-03-03 22:26:00,2026-03-03 23:12:00,46,Planned,Preventive Maintenance,PM
DT00001099,WO00001471,P01,P01_L03,M012,B,2026-03-03 14:26:00,2026-03-03 14:54:00,28,Unplanned,Mechanical Failure,MECH
DT00001113,WO00001491,P01,P01_L01,M002,A,2026-03-04 06:30:00,2026-03-04 06:47:00,17,Planned,Cleaning/Sanitation,CLEAN
DT00001114,WO00001491,P01,P01_L01,M004,A,2026-03-04 06:52:00,2026-03-04 07:04:00,12,Unplanned,Mechanical Failure,MECH
DT00001115,WO00001492,P01,P01_L01,M001,B,2026-03-04 14:23:00,2026-03-04 14:55:00,32,Planned,Changeover,CO
DT00001116,WO00001493,P01,P01_L01,M004,C,2026-03-04 22:26:00,2026-03-04 22:44:00,18,Unplanned,Electrical Fault,ELEC
DT00001117,WO00001494,P01,P01_L02,M005,A,2026-03-04 06:13:00,2026-03-04 06:44:00,31,Unplanned,Mechanical Failure,MECH
DT00001118,WO00001497,P01,P01_L03,M009,A,2026-03-04 06:13:00,2026-03-04 06:54:00,41,Planned,Changeover,CO
DT00001119,WO00001498,P01,P01_L03,M012,B,2026-03-04 14:33:00,2026-03-04 15:20:00,47,Planned,Cleaning/Sanitation,CLEAN
DT00001120,WO00001498,P01,P01_L03,M010,B,2026-03-04 15:25:00,2026-03-04 15:40:00,15,Unplanned,Material Starvation,MAT
DT00001137,WO00001518,P01,P01_L01,M002,A,2026-03-05 06:49:00,2026-03-05 07:31:00,42,Planned,Changeover,CO
DT00001138,WO00001521,P01,P01_L02,M006,A,2026-03-05 06:41:00,2026-03-05 07:13:00,32,Planned,Cleaning/Sanitation,CLEAN
DT00001139,WO00001521,P01,P01_L02,M007,A,2026-03-05 07:18:00,2026-03-05 07:33:00,15,Unplanned,Electrical Fault,ELEC
DT00001140,WO00001522,P01,P01_L02,M008,B,2026-03-05 14:18:00,2026-03-05 14:55:00,37,Unplanned,Utility Interruption,UTIL
DT00001141,WO00001524,P01,P01_L03,M012,A,2026-03-05 06:39:00,2026-03-05 07:32:00,53,Planned,Preventive Maintenance,PM
DT00001142,WO00001524,P01,P01_L03,M012,A,2026-03-05 07:37:00,2026-03-05 07:46:00,9,Unplanned,Sensor/Controls Fault,CTRL
DT00001143,WO00001525,P01,P01_L03,M012,B,2026-03-05 14:49:00,2026-03-05 15:18:00,29,Planned,Changeover,CO
DT00001144,WO00001526,P01,P01_L03,M009,C,2026-03-05 22:10:00,2026-03-05 22:27:00,17,Unplanned,Quality Hold,QH
DT00001160,WO00001545,P01,P01_L01,M004,A,2026-03-06 06:46:00,2026-03-06 06:58:00,12,Planned,Changeover,CO
DT00001161,WO00001546,P01,P01_L01,M003,B,2026-03-06 14:38:00,2026-03-06 14:56:00,18,Planned,Preventive Maintenance,PM
DT00001162,WO00001547,P01,P01_L01,M001,C,2026-03-06 22:35:00,2026-03-06 23:02:00,27,Planned,Cleaning/Sanitation,CLEAN
DT00001163,WO00001548,P01,P01_L02,M008,A,2026-03-06 06:12:00,2026-03-06 06:37:00,25,Planned,Changeover,CO
DT00001164,WO00001550,P01,P01_L02,M007,C,2026-03-06 22:19:00,2026-03-06 22:38:00,19,Unplanned,Electrical Fault,ELEC
DT00001165,WO00001551,P01,P01_L03,M012,A,2026-03-06 06:34:00,2026-03-06 06:52:00,18,Planned,Preventive Maintenance,PM
DT00001166,WO00001553,P01,P01_L03,M010,C,2026-03-06 22:10:00,2026-03-06 22:33:00,23,Planned,Changeover,CO
DT00001181,WO00001573,P01,P01_L01,M001,C,2026-03-07 22:47:00,2026-03-07 23:31:00,44,Unplanned,Operator Adjustment,OP
DT00001182,WO00001575,P01,P01_L03,M012,A,2026-03-07 06:30:00,2026-03-07 07:02:00,32,Planned,Planned Inspection,INSP
DT00001190,WO00001592,P01,P01_L01,M001,C,2026-03-08 22:25:00,2026-03-08 22:33:00,8,Unplanned,Material Starvation,MAT
DT00001191,WO00001594,P01,P01_L03,M011,A,2026-03-08 06:13:00,2026-03-08 06:47:00,34,Planned,Preventive Maintenance,PM
DT00001196,WO00001610,P01,P01_L01,M002,C,2026-03-09 22:48:00,2026-03-09 23:27:00,39,Planned,Preventive Maintenance,PM
DT00001197,WO00001610,P01,P01_L01,M004,C,2026-03-09 23:32:00,2026-03-09 23:51:00,19,Unplanned,Mechanical Failure,MECH
DT00001198,WO00001615,P01,P01_L03,M010,B,2026-03-09 14:45:00,2026-03-09 15:01:00,16,Planned,Preventive Maintenance,PM
DT00001214,WO00001635,P01,P01_L01,M001,A,2026-03-10 06:16:00,2026-03-10 06:56:00,40,Planned,Changeover,CO
DT00001215,WO00001638,P01,P01_L02,M007,A,2026-03-10 06:23:00,2026-03-10 06:59:00,36,Planned,Planned Inspection,INSP
DT00001216,WO00001641,P01,P01_L03,M011,A,2026-03-10 06:42:00,2026-03-10 08:49:00,127,Unplanned,Utility Interruption,UTIL
DT00001217,WO00001641,P01,P01_L03,M012,A,2026-03-10 08:52:00,2026-03-10 09:37:00,45,Unplanned,Sensor/Controls Fault,CTRL
DT00001218,WO00001642,P01,P01_L03,M009,B,2026-03-10 14:47:00,2026-03-10 14:56:00,9,Unplanned,Electrical Fault,ELEC
DT00001219,WO00001643,P01,P01_L03,M011,C,2026-03-10 22:10:00,2026-03-10 22:48:00,38,Planned,Preventive Maintenance,PM
DT00001233,WO00001662,P01,P01_L01,M004,A,2026-03-11 06:29:00,2026-03-11 07:04:00,35,Planned,Planned Inspection,INSP
DT00001234,WO00001662,P01,P01_L01,M004,A,2026-03-11 07:09:00,2026-03-11 07:25:00,16,Unplanned,Electrical Fault,ELEC
DT00001235,WO00001665,P01,P01_L02,M005,A,2026-03-11 06:41:00,2026-03-11 07:11:00,30,Planned,Cleaning/Sanitation,CLEAN
DT00001236,WO00001665,P01,P01_L02,M008,A,2026-03-11 07:16:00,2026-03-11 07:28:00,12,Unplanned,Operator Adjustment,OP
DT00001237,WO00001666,P01,P01_L02,M008,B,2026-03-11 14:25:00,2026-03-11 14:49:00,24,Planned,Planned Inspection,INSP
DT00001238,WO00001667,P01,P01_L02,M007,C,2026-03-11 22:44:00,2026-03-11 23:13:00,29,Planned,Cleaning/Sanitation,CLEAN
DT00001239,WO00001669,P01,P01_L03,M012,B,2026-03-11 14:18:00,2026-03-11 15:27:00,69,Planned,Changeover,CO
DT00001240,WO00001670,P01,P01_L03,M010,C,2026-03-11 22:13:00,2026-03-11 23:00:00,47,Planned,Changeover,CO
DT00001241,WO00001670,P01,P01_L03,M011,C,2026-03-11 23:05:00,2026-03-12 00:17:00,72,Unplanned,Material Starvation,MAT
DT00001264,WO00001690,P01,P01_L01,M004,B,2026-03-12 14:16:00,2026-03-12 14:39:00,23,Planned,Cleaning/Sanitation,CLEAN
DT00001265,WO00001691,P01,P01_L01,M002,C,2026-03-12 22:42:00,2026-03-12 22:58:00,16,Unplanned,Electrical Fault,ELEC
DT00001266,WO00001693,P01,P01_L02,M005,B,2026-03-12 14:44:00,2026-03-12 14:57:00,13,Unplanned,Sensor/Controls Fault,CTRL
DT00001267,WO00001694,P01,P01_L02,M007,C,2026-03-12 22:14:00,2026-03-12 22:42:00,28,Planned,Preventive Maintenance,PM
DT00001268,WO00001694,P01,P01_L02,M007,C,2026-03-12 22:47:00,2026-03-13 00:08:00,81,Unplanned,Quality Hold,QH
DT00001269,WO00001694,P01,P01_L02,M007,C,2026-03-13 00:11:00,2026-03-13 00:32:00,21,Unplanned,Utility Interruption,UTIL
DT00001270,WO00001695,P01,P01_L03,M011,A,2026-03-12 06:14:00,2026-03-12 06:29:00,15,Unplanned,Sensor/Controls Fault,CTRL
DT00001271,WO00001696,P01,P01_L03,M011,B,2026-03-12 14:27:00,2026-03-12 14:53:00,26,Planned,Cleaning/Sanitation,CLEAN
DT00001282,WO00001717,P01,P01_L01,M002,B,2026-03-13 14:33:00,2026-03-13 15:07:00,34,Unplanned,Material Starvation,MAT
DT00001283,WO00001717,P01,P01_L01,M004,B,2026-03-13 15:10:00,2026-03-13 18:00:00,170,Unplanned,Material Starvation,MAT
DT00001284,WO00001719,P01,P01_L02,M008,A,2026-03-13 06:21:00,2026-03-13 06:42:00,21,Planned,Changeover,CO
DT00001285,WO00001720,P01,P01_L02,M006,B,2026-03-13 14:31:00,2026-03-13 14:52:00,21,Planned,Changeover,CO
DT00001286,WO00001720,P01,P01_L02,M008,B,2026-03-13 14:57:00,2026-03-13 16:38:00,101,Unplanned,Electrical Fault,ELEC
DT00001287,WO00001721,P01,P01_L02,M006,C,2026-03-13 22:27:00,2026-03-13 22:45:00,18,Unplanned,Electrical Fault,ELEC
DT00001288,WO00001722,P01,P01_L03,M011,A,2026-03-13 06:31:00,2026-03-13 07:18:00,47,Unplanned,Quality Hold,QH
DT00001300,WO00001743,P01,P01_L01,M004,A,2026-03-14 06:11:00,2026-03-14 06:37:00,26,Planned,Preventive Maintenance,PM
DT00001301,WO00001744,P01,P01_L01,M002,B,2026-03-14 14:17:00,2026-03-14 14:47:00,30,Planned,Cleaning/Sanitation,CLEAN
DT00001302,WO00001745,P01,P01_L01,M003,C,2026-03-14 22:39:00,2026-03-14 23:03:00,24,Unplanned,Material Starvation,MAT
DT00001311,WO00001762,P01,P01_L01,M001,A,2026-03-15 06:17:00,2026-03-15 06:44:00,27,Planned,Preventive Maintenance,PM
DT00001312,WO00001764,P01,P01_L02,M007,A,2026-03-15 06:48:00,2026-03-15 08:03:00,75,Unplanned,Utility Interruption,UTIL
DT00001313,WO00001765,P01,P01_L02,M008,B,2026-03-15 14:49:00,2026-03-15 15:13:00,24,Planned,Preventive Maintenance,PM
DT00001314,WO00001765,P01,P01_L02,M007,B,2026-03-15 15:18:00,2026-03-15 15:57:00,39,Unplanned,Utility Interruption,UTIL
DT00001315,WO00001766,P01,P01_L02,M008,C,2026-03-15 22:22:00,2026-03-16 00:34:00,132,Unplanned,Quality Hold,QH
DT00001316,WO00001767,P01,P01_L03,M009,A,2026-03-15 06:30:00,2026-03-15 06:55:00,25,Unplanned,Mechanical Failure,MECH
DT00001327,WO00001778,P01,P01_L01,M003,A,2026-03-16 06:43:00,2026-03-16 07:16:00,33,Unplanned,Electrical Fault,ELEC
DT00001328,WO00001780,P01,P01_L01,M001,C,2026-03-16 22:11:00,2026-03-16 22:35:00,24,Planned,Changeover,CO
DT00001329,WO00001780,P01,P01_L01,M001,C,2026-03-16 22:40:00,2026-03-16 23:01:00,21,Unplanned,Electrical Fault,ELEC
DT00001330,WO00001781,P01,P01_L02,M005,A,2026-03-16 06:33:00,2026-03-16 07:09:00,36,Planned,Changeover,CO
DT00001331,WO00001782,P01,P01_L02,M006,B,2026-03-16 14:18:00,2026-03-16 15:02:00,44,Planned,Preventive Maintenance,PM
DT00001332,WO00001784,P01,P01_L03,M009,A,2026-03-16 06:13:00,2026-03-16 06:45:00,32,Planned,Changeover,CO
DT00001333,WO00001785,P01,P01_L03,M011,B,2026-03-16 14:11:00,2026-03-16 14:30:00,19,Unplanned,Material Starvation,MAT
DT00001334,WO00001786,P01,P01_L03,M010,C,2026-03-16 22:18:00,2026-03-16 22:41:00,23,Unplanned,Mechanical Failure,MECH
DT00001353,WO00001807,P01,P01_L01,M002,C,2026-03-17 22:48:00,2026-03-17 23:02:00,14,Planned,Changeover,CO
DT00001354,WO00001808,P01,P01_L02,M007,A,2026-03-17 06:18:00,2026-03-17 06:45:00,27,Planned,Preventive Maintenance,PM
DT00001355,WO00001809,P01,P01_L02,M008,B,2026-03-17 14:20:00,2026-03-17 15:03:00,43,Planned,Changeover,CO
DT00001356,WO00001810,P01,P01_L02,M005,C,2026-03-17 22:42:00,2026-03-17 23:07:00,25,Planned,Changeover,CO
DT00001357,WO00001811,P01,P01_L03,M011,A,2026-03-17 06:23:00,2026-03-17 06:54:00,31,Planned,Changeover,CO
DT00001358,WO00001812,P01,P01_L03,M009,B,2026-03-17 14:22:00,2026-03-17 14:41:00,19,Planned,Cleaning/Sanitation,CLEAN
DT00001359,WO00001812,P01,P01_L03,M010,B,2026-03-17 14:46:00,2026-03-17 14:57:00,11,Unplanned,Quality Hold,QH
DT00001375,WO00001832,P01,P01_L01,M002,A,2026-03-18 06:38:00,2026-03-18 06:47:00,9,Unplanned,Sensor/Controls Fault,CTRL
DT00001376,WO00001833,P01,P01_L01,M001,B,2026-03-18 14:45:00,2026-03-18 15:38:00,53,Planned,Preventive Maintenance,PM
DT00001377,WO00001835,P01,P01_L02,M006,A,2026-03-18 06:17:00,2026-03-18 06:44:00,27,Planned,Changeover,CO
DT00001378,WO00001837,P01,P01_L02,M006,C,2026-03-18 22:21:00,2026-03-18 22:41:00,20,Planned,Cleaning/Sanitation,CLEAN
DT00001379,WO00001840,P01,P01_L03,M011,C,2026-03-18 22:21:00,2026-03-18 22:30:00,9,Unplanned,Mechanical Failure,MECH
DT00001392,WO00001859,P01,P01_L01,M003,A,2026-03-19 06:34:00,2026-03-19 07:00:00,26,Planned,Changeover,CO
DT00001393,WO00001860,P01,P01_L01,M003,B,2026-03-19 14:42:00,2026-03-19 15:18:00,36,Planned,Preventive Maintenance,PM
DT00001394,WO00001861,P01,P01_L01,M002,C,2026-03-19 22:41:00,2026-03-19 23:24:00,43,Planned,Cleaning/Sanitation,CLEAN
DT00001395,WO00001862,P01,P01_L02,M008,A,2026-03-19 06:37:00,2026-03-19 07:01:00,24,Planned,Changeover,CO
DT00001396,WO00001862,P01,P01_L02,M007,A,2026-03-19 07:06:00,2026-03-19 07:38:00,32,Unplanned,Material Starvation,MAT
DT00001397,WO00001864,P01,P01_L02,M008,C,2026-03-19 22:47:00,2026-03-19 23:28:00,41,Planned,Preventive Maintenance,PM
DT00001398,WO00001865,P01,P01_L03,M011,A,2026-03-19 06:47:00,2026-03-19 07:19:00,32,Planned,Changeover,CO
DT00001399,WO00001867,P01,P01_L03,M011,C,2026-03-19 22:26:00,2026-03-19 22:49:00,23,Planned,Cleaning/Sanitation,CLEAN
DT00001400,WO00001867,P01,P01_L03,M009,C,2026-03-19 22:54:00,2026-03-19 23:08:00,14,Unplanned,Operator Adjustment,OP
DT00001414,WO00001886,P01,P01_L01,M004,A,2026-03-20 06:37:00,2026-03-20 07:00:00,23,Planned,Preventive Maintenance,PM
DT00001415,WO00001886,P01,P01_L01,M004,A,2026-03-20 07:05:00,2026-03-20 07:29:00,24,Unplanned,Electrical Fault,ELEC
DT00001416,WO00001887,P01,P01_L01,M004,B,2026-03-20 14:11:00,2026-03-20 14:15:00,4,Unplanned,Operator Adjustment,OP
DT00001417,WO00001887,P01,P01_L01,M004,B,2026-03-20 14:18:00,2026-03-20 14:43:00,25,Unplanned,Mechanical Failure,MECH
DT00001418,WO00001887,P01,P01_L01,M003,B,2026-03-20 14:46:00,2026-03-20 15:13:00,27,Unplanned,Mechanical Failure,MECH
DT00001419,WO00001888,P01,P01_L01,M002,C,2026-03-20 22:28:00,2026-03-20 22:47:00,19,Planned,Changeover,CO
DT00001420,WO00001889,P01,P01_L02,M007,A,2026-03-20 06:10:00,2026-03-20 06:55:00,45,Planned,Preventive Maintenance,PM
DT00001421,WO00001890,P01,P01_L02,M008,B,2026-03-20 14:28:00,2026-03-20 15:04:00,36,Planned,Changeover,CO
DT00001422,WO00001891,P01,P01_L02,M007,C,2026-03-20 22:41:00,2026-03-20 23:02:00,21,Planned,Preventive Maintenance,PM
DT00001423,WO00001892,P01,P01_L03,M012,A,2026-03-20 06:17:00,2026-03-20 06:42:00,25,Planned,Cleaning/Sanitation,CLEAN
DT00001424,WO00001893,P01,P01_L03,M009,B,2026-03-20 14:23:00,2026-03-20 14:51:00,28,Planned,Cleaning/Sanitation,CLEAN
DT00001438,WO00001913,P01,P01_L01,M001,B,2026-03-21 14:20:00,2026-03-21 14:52:00,32,Planned,Changeover,CO
DT00001439,WO00001913,P01,P01_L01,M003,B,2026-03-21 14:57:00,2026-03-21 15:53:00,56,Unplanned,Operator Adjustment,OP
DT00001440,WO00001915,P01,P01_L02,M007,A,2026-03-21 06:29:00,2026-03-21 06:47:00,18,Planned,Changeover,CO
DT00001441,WO00001916,P01,P01_L02,M007,B,2026-03-21 14:27:00,2026-03-21 14:47:00,20,Planned,Cleaning/Sanitation,CLEAN
DT00001442,WO00001917,P01,P01_L02,M006,C,2026-03-21 22:39:00,2026-03-21 23:07:00,28,Planned,Cleaning/Sanitation,CLEAN
DT00001450,WO00001934,P01,P01_L01,M002,C,2026-03-22 22:29:00,2026-03-22 22:50:00,21,Planned,Changeover,CO
DT00001451,WO00001936,P01,P01_L03,M011,A,2026-03-22 06:47:00,2026-03-22 07:08:00,21,Planned,Preventive Maintenance,PM
DT00001452,WO00001936,P01,P01_L03,M009,A,2026-03-22 07:13:00,2026-03-22 08:17:00,64,Unplanned,Mechanical Failure,MECH
DT00001464,WO00001951,P01,P01_L01,M004,C,2026-03-23 22:18:00,2026-03-23 23:30:00,72,Planned,Changeover,CO
DT00001465,WO00001952,P01,P01_L02,M007,A,2026-03-23 06:45:00,2026-03-23 07:28:00,43,Planned,Preventive Maintenance,PM
DT00001466,WO00001952,P01,P01_L02,M008,A,2026-03-23 07:33:00,2026-03-23 07:39:00,6,Unplanned,Operator Adjustment,OP
DT00001467,WO00001952,P01,P01_L02,M008,A,2026-03-23 07:42:00,2026-03-23 07:54:00,12,Unplanned,Material Starvation,MAT
DT00001468,WO00001953,P01,P01_L02,M007,B,2026-03-23 14:20:00,2026-03-23 14:51:00,31,Planned,Cleaning/Sanitation,CLEAN
DT00001469,WO00001954,P01,P01_L02,M007,C,2026-03-23 22:28:00,2026-03-23 23:05:00,37,Unplanned,Sensor/Controls Fault,CTRL
DT00001470,WO00001956,P01,P01_L03,M012,B,2026-03-23 14:22:00,2026-03-23 14:38:00,16,Unplanned,Utility Interruption,UTIL
DT00001471,WO00001957,P01,P01_L03,M011,C,2026-03-23 22:30:00,2026-03-23 22:53:00,23,Planned,Preventive Maintenance,PM
DT00001483,WO00001976,P01,P01_L01,M002,A,2026-03-24 06:26:00,2026-03-24 06:43:00,17,Planned,Changeover,CO
DT00001484,WO00001977,P01,P01_L01,M002,B,2026-03-24 14:15:00,2026-03-24 14:42:00,27,Planned,Changeover,CO
DT00001485,WO00001980,P01,P01_L02,M005,B,2026-03-24 14:31:00,2026-03-24 15:51:00,80,Unplanned,Mechanical Failure,MECH
DT00001486,WO00001981,P01,P01_L02,M006,C,2026-03-24 22:41:00,2026-03-24 23:12:00,31,Planned,Changeover,CO
DT00001487,WO00001982,P01,P01_L03,M011,A,2026-03-24 06:36:00,2026-03-24 07:10:00,34,Planned,Cleaning/Sanitation,CLEAN
DT00001488,WO00001984,P01,P01_L03,M010,C,2026-03-24 22:45:00,2026-03-24 23:15:00,30,Planned,Changeover,CO
DT00001501,WO00002004,P01,P01_L01,M003,B,2026-03-25 14:42:00,2026-03-25 15:01:00,19,Unplanned,Utility Interruption,UTIL
DT00001502,WO00002005,P01,P01_L01,M001,C,2026-03-25 22:31:00,2026-03-25 23:20:00,49,Planned,Changeover,CO
DT00001503,WO00002006,P01,P01_L02,M008,A,2026-03-25 06:28:00,2026-03-25 06:47:00,19,Planned,Preventive Maintenance,PM
DT00001504,WO00002009,P01,P01_L03,M009,A,2026-03-25 06:46:00,2026-03-25 07:16:00,30,Unplanned,Quality Hold,QH
DT00001505,WO00002010,P01,P01_L03,M009,B,2026-03-25 14:48:00,2026-03-25 15:05:00,17,Planned,Planned Inspection,INSP
DT00001506,WO00002011,P01,P01_L03,M009,C,2026-03-25 22:29:00,2026-03-26 00:05:00,96,Unplanned,Mechanical Failure,MECH
DT00001523,WO00002031,P01,P01_L01,M004,B,2026-03-26 14:17:00,2026-03-26 14:26:00,9,Unplanned,Mechanical Failure,MECH
DT00001524,WO00002036,P01,P01_L03,M011,A,2026-03-26 06:43:00,2026-03-26 07:11:00,28,Planned,Cleaning/Sanitation,CLEAN
DT00001525,WO00002036,P01,P01_L03,M012,A,2026-03-26 07:16:00,2026-03-26 07:31:00,15,Unplanned,Electrical Fault,ELEC
DT00001526,WO00002038,P01,P01_L03,M012,C,2026-03-26 22:45:00,2026-03-26 23:06:00,21,Planned,Preventive Maintenance,PM
DT00001536,WO00002057,P01,P01_L01,M004,A,2026-03-27 06:17:00,2026-03-27 06:55:00,38,Unplanned,Utility Interruption,UTIL
DT00001537,WO00002057,P01,P01_L01,M003,A,2026-03-27 06:58:00,2026-03-27 07:10:00,12,Unplanned,Quality Hold,QH
DT00001538,WO00002059,P01,P01_L01,M004,C,2026-03-27 22:26:00,2026-03-27 22:58:00,32,Planned,Changeover,CO
DT00001539,WO00002060,P01,P01_L02,M006,A,2026-03-27 06:25:00,2026-03-27 07:04:00,39,Planned,Changeover,CO
DT00001540,WO00002060,P01,P01_L02,M008,A,2026-03-27 07:09:00,2026-03-27 07:50:00,41,Unplanned,Material Starvation,MAT
DT00001541,WO00002062,P01,P01_L02,M008,C,2026-03-27 22:32:00,2026-03-27 23:01:00,29,Planned,Changeover,CO
DT00001542,WO00002062,P01,P01_L02,M005,C,2026-03-27 23:06:00,2026-03-27 23:20:00,14,Unplanned,Quality Hold,QH
DT00001543,WO00002065,P01,P01_L03,M012,C,2026-03-27 22:45:00,2026-03-27 22:57:00,12,Planned,Changeover,CO
DT00001554,WO00002085,P01,P01_L01,M004,B,2026-03-28 14:45:00,2026-03-28 15:12:00,27,Planned,Planned Inspection,INSP
DT00001555,WO00002087,P01,P01_L02,M005,B,2026-03-28 14:31:00,2026-03-28 15:15:00,44,Planned,Preventive Maintenance,PM
DT00001556,WO00002088,P01,P01_L02,M008,C,2026-03-28 22:10:00,2026-03-28 22:30:00,20,Unplanned,Quality Hold,QH
DT00001557,WO00002089,P01,P01_L03,M009,A,2026-03-28 06:28:00,2026-03-28 07:33:00,65,Planned,Preventive Maintenance,PM
DT00001558,WO00002090,P01,P01_L03,M009,C,2026-03-28 22:34:00,2026-03-28 22:52:00,18,Planned,Changeover,CO
DT00001573,WO00002105,P01,P01_L01,M004,C,2026-03-29 22:48:00,2026-03-29 23:05:00,17,Planned,Changeover,CO
DT00001574,WO00002106,P01,P01_L02,M007,A,2026-03-29 06:16:00,2026-03-29 06:46:00,30,Unplanned,Quality Hold,QH
DT00001575,WO00002108,P01,P01_L03,M010,B,2026-03-29 14:28:00,2026-03-29 14:50:00,22,Unplanned,Mechanical Failure,MECH
DT00001576,WO00002109,P01,P01_L03,M009,C,2026-03-29 22:20:00,2026-03-29 22:34:00,14,Planned,Planned Inspection,INSP
DT00001586,WO00002122,P01,P01_L01,M002,B,2026-03-30 14:22:00,2026-03-30 14:47:00,25,Planned,Changeover,CO
DT00001587,WO00002122,P01,P01_L01,M002,B,2026-03-30 14:52:00,2026-03-30 15:15:00,23,Unplanned,Sensor/Controls Fault,CTRL
DT00001588,WO00002125,P01,P01_L02,M006,B,2026-03-30 14:34:00,2026-03-30 15:15:00,41,Planned,Changeover,CO
DT00001589,WO00002126,P01,P01_L02,M008,C,2026-03-30 22:48:00,2026-03-30 23:16:00,28,Planned,Cleaning/Sanitation,CLEAN
DT00001590,WO00002128,P01,P01_L03,M010,B,2026-03-30 14:15:00,2026-03-30 14:38:00,23,Planned,Preventive Maintenance,PM
DT00001591,WO00002129,P01,P01_L03,M012,C,2026-03-30 22:38:00,2026-03-30 23:32:00,54,Planned,Preventive Maintenance,PM
DT00001592,WO00002129,P01,P01_L03,M010,C,2026-03-30 23:37:00,2026-03-30 23:58:00,21,Unplanned,Operator Adjustment,OP
DT00001593,WO00002129,P01,P01_L03,M012,C,2026-03-31 00:01:00,2026-03-31 00:17:00,16,Unplanned,Material Starvation,MAT
DT00001613,WO00002148,P01,P01_L01,M004,A,2026-03-31 06:43:00,2026-03-31 06:49:00,6,Unplanned,Electrical Fault,ELEC
DT00001614,WO00002150,P01,P01_L01,M002,C,2026-03-31 22:39:00,2026-03-31 22:51:00,12,Planned,Cleaning/Sanitation,CLEAN
DT00001615,WO00002151,P01,P01_L02,M005,A,2026-03-31 06:20:00,2026-03-31 06:46:00,26,Planned,Preventive Maintenance,PM
DT00001616,WO00002152,P01,P01_L02,M005,B,2026-03-31 14:47:00,2026-03-31 15:23:00,36,Planned,Preventive Maintenance,PM
DT00001617,WO00002152,P01,P01_L02,M007,B,2026-03-31 15:28:00,2026-03-31 15:52:00,24,Unplanned,Mechanical Failure,MECH
DT00001618,WO00002153,P01,P01_L02,M008,C,2026-03-31 22:10:00,2026-03-31 22:35:00,25,Planned,Changeover,CO
DT00001619,WO00002155,P01,P01_L03,M010,B,2026-03-31 14:17:00,2026-03-31 15:10:00,53,Planned,Cleaning/Sanitation,CLEAN
DT00001620,WO00002155,P01,P01_L03,M011,B,2026-03-31 15:15:00,2026-03-31 17:10:00,115,Unplanned,Material Starvation,MAT
DT00001621,WO00002156,P01,P01_L03,M012,C,2026-03-31 22:40:00,2026-03-31 23:31:00,51,Planned,Preventive Maintenance,PM
DT00001630,WO00002176,P01,P01_L01,M001,B,2026-04-01 14:47:00,2026-04-01 15:39:00,52,Planned,Changeover,CO
DT00001631,WO00002178,P01,P01_L02,M006,A,2026-04-01 06:32:00,2026-04-01 06:38:00,6,Unplanned,Mechanical Failure,MECH
DT00001632,WO00002179,P01,P01_L02,M008,B,2026-04-01 14:43:00,2026-04-01 14:58:00,15,Planned,Changeover,CO
DT00001633,WO00002180,P01,P01_L02,M008,C,2026-04-01 22:19:00,2026-04-01 22:54:00,35,Unplanned,Mechanical Failure,MECH
DT00001634,WO00002181,P01,P01_L03,M009,A,2026-04-01 06:41:00,2026-04-01 06:51:00,10,Unplanned,Electrical Fault,ELEC
DT00001650,WO00002204,P01,P01_L01,M002,C,2026-04-02 22:30:00,2026-04-02 22:53:00,23,Planned,Cleaning/Sanitation,CLEAN
DT00001651,WO00002206,P01,P01_L02,M007,B,2026-04-02 14:20:00,2026-04-02 14:29:00,9,Unplanned,Sensor/Controls Fault,CTRL
DT00001652,WO00002206,P01,P01_L02,M007,B,2026-04-02 14:32:00,2026-04-02 15:26:00,54,Unplanned,Mechanical Failure,MECH
DT00001653,WO00002207,P01,P01_L02,M006,C,2026-04-02 22:20:00,2026-04-02 23:05:00,45,Planned,Changeover,CO
DT00001654,WO00002207,P01,P01_L02,M006,C,2026-04-02 23:10:00,2026-04-03 00:03:00,53,Unplanned,Mechanical Failure,MECH
DT00001655,WO00002208,P01,P01_L03,M010,A,2026-04-02 06:20:00,2026-04-02 06:36:00,16,Planned,Cleaning/Sanitation,CLEAN
DT00001673,WO00002229,P01,P01_L01,M001,A,2026-04-03 06:38:00,2026-04-03 06:45:00,7,Unplanned,Electrical Fault,ELEC
DT00001674,WO00002236,P01,P01_L03,M010,B,2026-04-03 14:28:00,2026-04-03 14:46:00,18,Unplanned,Material Starvation,MAT
DT00001675,WO00002237,P01,P01_L03,M011,C,2026-04-03 22:24:00,2026-04-03 22:59:00,35,Planned,Cleaning/Sanitation,CLEAN
DT00001692,WO00002259,P01,P01_L02,M006,A,2026-04-04 06:33:00,2026-04-04 06:54:00,21,Planned,Changeover,CO
DT00001693,WO00002260,P01,P01_L02,M008,B,2026-04-04 14:49:00,2026-04-04 15:03:00,14,Unplanned,Electrical Fault,ELEC
DT00001694,WO00002260,P01,P01_L02,M005,B,2026-04-04 15:06:00,2026-04-04 15:23:00,17,Unplanned,Mechanical Failure,MECH
DT00001704,WO00002275,P01,P01_L01,M002,A,2026-04-05 06:21:00,2026-04-05 07:22:00,61,Planned,Cleaning/Sanitation,CLEAN
DT00001705,WO00002276,P01,P01_L01,M001,B,2026-04-05 14:31:00,2026-04-05 15:21:00,50,Unplanned,Mechanical Failure,MECH
DT00001706,WO00002277,P01,P01_L01,M002,C,2026-04-05 22:40:00,2026-04-05 23:33:00,53,Planned,Changeover,CO
DT00001707,WO00002277,P01,P01_L01,M004,C,2026-04-05 23:38:00,2026-04-06 00:45:00,67,Unplanned,Electrical Fault,ELEC
DT00001708,WO00002278,P01,P01_L02,M008,B,2026-04-05 14:20:00,2026-04-05 14:43:00,23,Planned,Preventive Maintenance,PM
DT00001709,WO00002278,P01,P01_L02,M006,B,2026-04-05 14:48:00,2026-04-05 15:25:00,37,Unplanned,Quality Hold,QH
DT00001710,WO00002279,P01,P01_L03,M009,B,2026-04-05 14:41:00,2026-04-05 15:07:00,26,Planned,Preventive Maintenance,PM
DT00001711,WO00002279,P01,P01_L03,M011,B,2026-04-05 15:12:00,2026-04-05 15:28:00,16,Unplanned,Sensor/Controls Fault,CTRL
DT00001718,WO00002294,P01,P01_L01,M001,B,2026-04-06 14:20:00,2026-04-06 14:47:00,27,Planned,Changeover,CO
DT00001719,WO00002298,P01,P01_L02,M008,C,2026-04-06 22:22:00,2026-04-06 22:40:00,18,Planned,Planned Inspection,INSP
DT00001720,WO00002299,P01,P01_L03,M011,A,2026-04-06 06:21:00,2026-04-06 06:41:00,20,Unplanned,Quality Hold,QH
DT00001721,WO00002299,P01,P01_L03,M009,A,2026-04-06 06:44:00,2026-04-06 07:00:00,16,Unplanned,Quality Hold,QH
DT00001722,WO00002300,P01,P01_L03,M012,B,2026-04-06 14:11:00,2026-04-06 14:38:00,27,Planned,Preventive Maintenance,PM
DT00001723,WO00002301,P01,P01_L03,M010,C,2026-04-06 22:41:00,2026-04-06 23:06:00,25,Planned,Preventive Maintenance,PM
DT00001734,WO00002320,P01,P01_L01,M004,A,2026-04-07 06:48:00,2026-04-07 07:11:00,23,Planned,Preventive Maintenance,PM
DT00001735,WO00002322,P01,P01_L01,M003,C,2026-04-07 22:10:00,2026-04-07 22:22:00,12,Unplanned,Quality Hold,QH
DT00001736,WO00002323,P01,P01_L02,M007,A,2026-04-07 06:32:00,2026-04-07 06:59:00,27,Planned,Changeover,CO
DT00001737,WO00002324,P01,P01_L02,M007,B,2026-04-07 14:12:00,2026-04-07 14:39:00,27,Planned,Preventive Maintenance,PM
DT00001738,WO00002325,P01,P01_L02,M005,C,2026-04-07 22:38:00,2026-04-07 23:02:00,24,Unplanned,Electrical Fault,ELEC
DT00001739,WO00002325,P01,P01_L02,M005,C,2026-04-07 23:05:00,2026-04-07 23:14:00,9,Unplanned,Mechanical Failure,MECH
DT00001740,WO00002326,P01,P01_L03,M012,A,2026-04-07 06:19:00,2026-04-07 06:42:00,23,Planned,Planned Inspection,INSP
DT00001741,WO00002328,P01,P01_L03,M009,C,2026-04-07 22:27:00,2026-04-07 22:46:00,19,Unplanned,Sensor/Controls Fault,CTRL
DT00001755,WO00002347,P01,P01_L01,M003,A,2026-04-08 06:44:00,2026-04-08 07:31:00,47,Planned,Cleaning/Sanitation,CLEAN
DT00001756,WO00002350,P01,P01_L02,M007,A,2026-04-08 06:48:00,2026-04-08 07:18:00,30,Unplanned,Material Starvation,MAT
DT00001757,WO00002350,P01,P01_L02,M008,A,2026-04-08 07:21:00,2026-04-08 07:30:00,9,Unplanned,Mechanical Failure,MECH
DT00001758,WO00002352,P01,P01_L02,M005,C,2026-04-08 22:25:00,2026-04-08 23:07:00,42,Planned,Changeover,CO
DT00001759,WO00002352,P01,P01_L02,M006,C,2026-04-08 23:12:00,2026-04-08 23:40:00,28,Unplanned,Electrical Fault,ELEC
DT00001760,WO00002353,P01,P01_L03,M009,A,2026-04-08 06:29:00,2026-04-08 07:40:00,71,Planned,Changeover,CO
DT00001761,WO00002353,P01,P01_L03,M010,A,2026-04-08 07:45:00,2026-04-08 09:09:00,84,Unplanned,Electrical Fault,ELEC
DT00001762,WO00002355,P01,P01_L03,M011,C,2026-04-08 22:40:00,2026-04-08 23:03:00,23,Planned,Planned Inspection,INSP
DT00001779,WO00002374,P01,P01_L01,M003,A,2026-04-09 06:21:00,2026-04-09 06:47:00,26,Unplanned,Electrical Fault,ELEC
DT00001780,WO00002374,P01,P01_L01,M001,A,2026-04-09 06:50:00,2026-04-09 08:22:00,92,Unplanned,Material Starvation,MAT
DT00001781,WO00002375,P01,P01_L01,M003,B,2026-04-09 14:46:00,2026-04-09 15:25:00,39,Planned,Changeover,CO
DT00001782,WO00002375,P01,P01_L01,M004,B,2026-04-09 15:30:00,2026-04-09 15:51:00,21,Unplanned,Material Starvation,MAT
DT00001783,WO00002376,P01,P01_L01,M004,C,2026-04-09 22:49:00,2026-04-09 23:26:00,37,Planned,Cleaning/Sanitation,CLEAN
DT00001784,WO00002377,P01,P01_L02,M007,A,2026-04-09 06:35:00,2026-04-09 07:13:00,38,Planned,Changeover,CO
DT00001785,WO00002379,P01,P01_L02,M008,C,2026-04-09 22:36:00,2026-04-09 23:10:00,34,Planned,Preventive Maintenance,PM
DT00001786,WO00002380,P01,P01_L03,M011,A,2026-04-09 06:49:00,2026-04-09 07:05:00,16,Unplanned,Material Starvation,MAT
DT00001787,WO00002381,P01,P01_L03,M010,B,2026-04-09 14:25:00,2026-04-09 15:17:00,52,Planned,Cleaning/Sanitation,CLEAN
DT00001806,WO00002401,P01,P01_L01,M003,A,2026-04-10 06:19:00,2026-04-10 06:45:00,26,Planned,Changeover,CO
DT00001807,WO00002402,P01,P01_L01,M001,B,2026-04-10 14:18:00,2026-04-10 14:36:00,18,Planned,Preventive Maintenance,PM
DT00001808,WO00002403,P01,P01_L01,M004,C,2026-04-10 22:44:00,2026-04-10 23:03:00,19,Unplanned,Mechanical Failure,MECH
DT00001809,WO00002403,P01,P01_L01,M001,C,2026-04-10 23:06:00,2026-04-10 23:20:00,14,Unplanned,Quality Hold,QH
DT00001810,WO00002404,P01,P01_L02,M006,A,2026-04-10 06:38:00,2026-04-10 06:59:00,21,Planned,Planned Inspection,INSP
DT00001811,WO00002406,P01,P01_L02,M006,C,2026-04-10 22:49:00,2026-04-10 23:10:00,21,Planned,Changeover,CO
DT00001826,WO00002429,P01,P01_L02,M008,A,2026-04-11 06:33:00,2026-04-11 07:12:00,39,Planned,Changeover,CO
DT00001827,WO00002430,P01,P01_L02,M008,B,2026-04-11 14:23:00,2026-04-11 14:56:00,33,Unplanned,Material Starvation,MAT
DT00001828,WO00002431,P01,P01_L03,M012,B,2026-04-11 14:18:00,2026-04-11 14:35:00,17,Planned,Preventive Maintenance,PM
DT00001829,WO00002431,P01,P01_L03,M009,B,2026-04-11 14:40:00,2026-04-11 15:01:00,21,Unplanned,Mechanical Failure,MECH
DT00001830,WO00002432,P01,P01_L03,M011,C,2026-04-11 22:41:00,2026-04-11 23:44:00,63,Planned,Cleaning/Sanitation,CLEAN
DT00001831,WO00002432,P01,P01_L03,M009,C,2026-04-11 23:49:00,2026-04-12 00:10:00,21,Unplanned,Material Starvation,MAT
DT00001840,WO00002442,P01,P01_L01,M004,A,2026-04-12 06:49:00,2026-04-12 07:07:00,18,Planned,Preventive Maintenance,PM
DT00001841,WO00002446,P01,P01_L03,M010,C,2026-04-12 22:13:00,2026-04-12 22:25:00,12,Unplanned,Material Starvation,MAT
DT00001854,WO00002462,P01,P01_L01,M001,B,2026-04-13 14:20:00,2026-04-13 15:34:00,74,Planned,Changeover,CO
DT00001855,WO00002464,P01,P01_L02,M008,A,2026-04-13 06:28:00,2026-04-13 06:48:00,20,Planned,Preventive Maintenance,PM
DT00001856,WO00002465,P01,P01_L02,M008,B,2026-04-13 14:26:00,2026-04-13 15:04:00,38,Planned,Preventive Maintenance,PM
DT00001857,WO00002468,P01,P01_L03,M011,B,2026-04-13 14:22:00,2026-04-13 15:02:00,40,Planned,Planned Inspection,INSP
DT00001858,WO00002469,P01,P01_L03,M009,C,2026-04-13 22:31:00,2026-04-13 23:15:00,44,Planned,Changeover,CO
DT00001859,WO00002469,P01,P01_L03,M010,C,2026-04-13 23:20:00,2026-04-13 23:36:00,16,Unplanned,Mechanical Failure,MECH
DT00001874,WO00002489,P01,P01_L01,M004,B,2026-04-14 14:49:00,2026-04-14 15:15:00,26,Planned,Preventive Maintenance,PM
DT00001875,WO00002491,P01,P01_L02,M005,A,2026-04-14 06:22:00,2026-04-14 06:57:00,35,Planned,Preventive Maintenance,PM
DT00001876,WO00002493,P01,P01_L02,M008,C,2026-04-14 22:21:00,2026-04-14 23:09:00,48,Unplanned,Mechanical Failure,MECH
DT00001877,WO00002496,P01,P01_L03,M011,C,2026-04-14 22:32:00,2026-04-14 22:57:00,25,Planned,Changeover,CO
DT00001890,WO00002515,P01,P01_L01,M002,A,2026-04-15 06:15:00,2026-04-15 06:46:00,31,Planned,Changeover,CO
DT00001891,WO00002518,P01,P01_L02,M008,A,2026-04-15 06:45:00,2026-04-15 07:18:00,33,Planned,Changeover,CO
DT00001892,WO00002521,P01,P01_L03,M009,A,2026-04-15 06:19:00,2026-04-15 06:49:00,30,Planned,Changeover,CO
DT00001893,WO00002522,P01,P01_L03,M011,B,2026-04-15 14:24:00,2026-04-15 15:22:00,58,Unplanned,Sensor/Controls Fault,CTRL
DT00001908,WO00002543,P01,P01_L01,M003,B,2026-04-16 14:41:00,2026-04-16 15:40:00,59,Planned,Preventive Maintenance,PM
DT00001909,WO00002544,P01,P01_L01,M001,C,2026-04-16 22:16:00,2026-04-16 22:23:00,7,Unplanned,Quality Hold,QH
DT00001910,WO00002545,P01,P01_L02,M007,A,2026-04-16 06:19:00,2026-04-16 06:40:00,21,Unplanned,Utility Interruption,UTIL
DT00001911,WO00002547,P01,P01_L02,M007,C,2026-04-16 22:48:00,2026-04-16 23:09:00,21,Planned,Changeover,CO
DT00001912,WO00002550,P01,P01_L03,M010,C,2026-04-16 22:36:00,2026-04-16 22:53:00,17,Planned,Changeover,CO
DT00001924,WO00002569,P01,P01_L01,M001,A,2026-04-17 06:43:00,2026-04-17 07:16:00,33,Planned,Changeover,CO
DT00001925,WO00002571,P01,P01_L01,M001,C,2026-04-17 22:32:00,2026-04-17 22:57:00,25,Planned,Preventive Maintenance,PM
DT00001926,WO00002573,P01,P01_L02,M007,B,2026-04-17 14:19:00,2026-04-17 15:09:00,50,Planned,Preventive Maintenance,PM
DT00001927,WO00002573,P01,P01_L02,M007,B,2026-04-17 15:14:00,2026-04-17 17:15:00,121,Unplanned,Operator Adjustment,OP
DT00001928,WO00002574,P01,P01_L02,M008,C,2026-04-17 22:17:00,2026-04-17 23:22:00,65,Unplanned,Mechanical Failure,MECH
DT00001929,WO00002575,P01,P01_L03,M012,A,2026-04-17 06:48:00,2026-04-17 07:03:00,15,Planned,Changeover,CO
DT00001943,WO00002596,P01,P01_L01,M001,B,2026-04-18 14:10:00,2026-04-18 14:44:00,34,Planned,Changeover,CO
DT00001944,WO00002600,P01,P01_L03,M012,A,2026-04-18 06:27:00,2026-04-18 07:02:00,35,Planned,Cleaning/Sanitation,CLEAN
DT00001951,WO00002613,P01,P01_L01,M001,C,2026-04-19 22:13:00,2026-04-19 22:36:00,23,Planned,Changeover,CO
DT00001952,WO00002613,P01,P01_L01,M004,C,2026-04-19 22:41:00,2026-04-19 22:51:00,10,Unplanned,Utility Interruption,UTIL
DT00001953,WO00002614,P01,P01_L02,M005,A,2026-04-19 06:36:00,2026-04-19 07:24:00,48,Planned,Cleaning/Sanitation,CLEAN
DT00001954,WO00002615,P01,P01_L02,M008,C,2026-04-19 22:32:00,2026-04-19 22:57:00,25,Planned,Changeover,CO
DT00001963,WO00002633,P01,P01_L02,M005,A,2026-04-20 06:41:00,2026-04-20 07:11:00,30,Planned,Changeover,CO
DT00001964,WO00002634,P01,P01_L02,M008,B,2026-04-20 14:29:00,2026-04-20 14:48:00,19,Unplanned,Mechanical Failure,MECH
DT00001965,WO00002634,P01,P01_L02,M006,B,2026-04-20 14:51:00,2026-04-20 15:16:00,25,Unplanned,Mechanical Failure,MECH
DT00001966,WO00002637,P01,P01_L03,M011,B,2026-04-20 14:24:00,2026-04-20 15:05:00,41,Planned,Changeover,CO
DT00001979,WO00002659,P01,P01_L01,M002,C,2026-04-21 22:26:00,2026-04-21 22:51:00,25,Planned,Changeover,CO
DT00001980,WO00002663,P01,P01_L03,M010,A,2026-04-21 06:17:00,2026-04-21 06:47:00,30,Planned,Cleaning/Sanitation,CLEAN
DT00001981,WO00002664,P01,P01_L03,M012,B,2026-04-21 14:30:00,2026-04-21 14:53:00,23,Planned,Preventive Maintenance,PM
DT00001982,WO00002664,P01,P01_L03,M009,B,2026-04-21 14:58:00,2026-04-21 16:06:00,68,Unplanned,Utility Interruption,UTIL
DT00001983,WO00002665,P01,P01_L03,M009,C,2026-04-21 22:39:00,2026-04-21 23:20:00,41,Planned,Cleaning/Sanitation,CLEAN
DT00001994,WO00002684,P01,P01_L01,M002,A,2026-04-22 06:19:00,2026-04-22 06:39:00,20,Planned,Preventive Maintenance,PM
DT00001995,WO00002686,P01,P01_L01,M002,C,2026-04-22 22:45:00,2026-04-22 22:59:00,14,Unplanned,Quality Hold,QH
DT00001996,WO00002687,P01,P01_L02,M006,A,2026-04-22 06:37:00,2026-04-22 07:13:00,36,Planned,Planned Inspection,INSP
DT00001997,WO00002689,P01,P01_L02,M008,C,2026-04-22 22:36:00,2026-04-22 23:13:00,37,Planned,Changeover,CO
DT00001998,WO00002691,P01,P01_L03,M010,B,2026-04-22 14:19:00,2026-04-22 14:38:00,19,Planned,Changeover,CO
DT00001999,WO00002692,P01,P01_L03,M009,C,2026-04-22 22:37:00,2026-04-22 23:13:00,36,Planned,Preventive Maintenance,PM
DT00002012,WO00002711,P01,P01_L01,M003,A,2026-04-23 06:42:00,2026-04-23 06:51:00,9,Unplanned,Sensor/Controls Fault,CTRL
DT00002013,WO00002711,P01,P01_L01,M003,A,2026-04-23 06:54:00,2026-04-23 07:27:00,33,Unplanned,Sensor/Controls Fault,CTRL
DT00002014,WO00002714,P01,P01_L02,M005,A,2026-04-23 06:15:00,2026-04-23 06:37:00,22,Planned,Changeover,CO
DT00002015,WO00002716,P01,P01_L02,M005,C,2026-04-23 22:40:00,2026-04-23 22:50:00,10,Unplanned,Operator Adjustment,OP
DT00002016,WO00002718,P01,P01_L03,M011,B,2026-04-23 14:28:00,2026-04-23 15:28:00,60,Unplanned,Operator Adjustment,OP
DT00002017,WO00002719,P01,P01_L03,M010,C,2026-04-23 22:29:00,2026-04-23 22:59:00,30,Planned,Changeover,CO
DT00002031,WO00002740,P01,P01_L01,M003,C,2026-04-24 22:48:00,2026-04-24 23:50:00,62,Planned,Cleaning/Sanitation,CLEAN
DT00002032,WO00002741,P01,P01_L02,M005,A,2026-04-24 06:43:00,2026-04-24 07:36:00,53,Planned,Preventive Maintenance,PM
DT00002033,WO00002742,P01,P01_L02,M007,B,2026-04-24 14:47:00,2026-04-24 15:42:00,55,Planned,Preventive Maintenance,PM
DT00002034,WO00002742,P01,P01_L02,M005,B,2026-04-24 15:47:00,2026-04-24 16:20:00,33,Unplanned,Electrical Fault,ELEC
DT00002035,WO00002744,P01,P01_L03,M010,A,2026-04-24 06:14:00,2026-04-24 06:31:00,17,Planned,Preventive Maintenance,PM
DT00002046,WO00002765,P01,P01_L01,M003,B,2026-04-25 14:15:00,2026-04-25 14:37:00,22,Planned,Planned Inspection,INSP
DT00002047,WO00002766,P01,P01_L02,M007,A,2026-04-25 06:32:00,2026-04-25 06:47:00,15,Unplanned,Mechanical Failure,MECH
DT00002054,WO00002781,P01,P01_L01,M002,B,2026-04-26 14:26:00,2026-04-26 15:01:00,35,Planned,Changeover,CO
DT00002055,WO00002782,P01,P01_L01,M003,C,2026-04-26 22:31:00,2026-04-26 23:17:00,46,Planned,Preventive Maintenance,PM
DT00002056,WO00002782,P01,P01_L01,M003,C,2026-04-26 23:22:00,2026-04-26 23:38:00,16,Unplanned,Sensor/Controls Fault,CTRL
DT00002057,WO00002783,P01,P01_L02,M006,A,2026-04-26 06:30:00,2026-04-26 07:00:00,30,Planned,Preventive Maintenance,PM
DT00002058,WO00002783,P01,P01_L02,M008,A,2026-04-26 07:05:00,2026-04-26 07:31:00,26,Unplanned,Operator Adjustment,OP
DT00002059,WO00002785,P01,P01_L03,M012,B,2026-04-26 14:45:00,2026-04-26 15:09:00,24,Planned,Preventive Maintenance,PM
DT00002069,WO00002800,P01,P01_L01,M003,C,2026-04-27 22:45:00,2026-04-27 23:05:00,20,Planned,Changeover,CO
DT00002070,WO00002801,P01,P01_L02,M005,A,2026-04-27 06:25:00,2026-04-27 07:07:00,42,Planned,Changeover,CO
DT00002071,WO00002801,P01,P01_L02,M007,A,2026-04-27 07:12:00,2026-04-27 07:40:00,28,Unplanned,Mechanical Failure,MECH
DT00002072,WO00002802,P01,P01_L02,M006,B,2026-04-27 14:26:00,2026-04-27 14:46:00,20,Planned,Changeover,CO
DT00002073,WO00002803,P01,P01_L02,M007,C,2026-04-27 22:33:00,2026-04-27 23:08:00,35,Planned,Changeover,CO
DT00002074,WO00002804,P01,P01_L03,M011,A,2026-04-27 06:17:00,2026-04-27 06:36:00,19,Unplanned,Mechanical Failure,MECH
DT00002075,WO00002805,P01,P01_L03,M010,B,2026-04-27 14:17:00,2026-04-27 14:51:00,34,Planned,Changeover,CO
DT00002076,WO00002806,P01,P01_L03,M009,C,2026-04-27 22:44:00,2026-04-27 22:53:00,9,Unplanned,Mechanical Failure,MECH
DT00002085,WO00002825,P01,P01_L01,M002,A,2026-04-28 06:28:00,2026-04-28 07:15:00,47,Unplanned,Quality Hold,QH
DT00002086,WO00002829,P01,P01_L02,M007,B,2026-04-28 14:28:00,2026-04-28 14:52:00,24,Unplanned,Mechanical Failure,MECH
DT00002087,WO00002830,P01,P01_L02,M005,C,2026-04-28 22:32:00,2026-04-28 22:57:00,25,Unplanned,Mechanical Failure,MECH
DT00002088,WO00002831,P01,P01_L03,M011,A,2026-04-28 06:18:00,2026-04-28 06:39:00,21,Unplanned,Material Starvation,MAT
DT00002089,WO00002832,P01,P01_L03,M009,B,2026-04-28 14:41:00,2026-04-28 15:06:00,25,Planned,Changeover,CO
DT00002090,WO00002833,P01,P01_L03,M009,C,2026-04-28 22:12:00,2026-04-28 22:34:00,22,Planned,Changeover,CO
DT00002091,WO00002833,P01,P01_L03,M010,C,2026-04-28 22:39:00,2026-04-28 23:08:00,29,Unplanned,Mechanical Failure,MECH
DT00002092,WO00002833,P01,P01_L03,M010,C,2026-04-28 23:11:00,2026-04-29 00:07:00,56,Unplanned,Material Starvation,MAT
DT00002102,WO00002853,P01,P01_L01,M003,B,2026-04-29 14:36:00,2026-04-29 15:15:00,39,Planned,Changeover,CO
DT00002103,WO00002853,P01,P01_L01,M001,B,2026-04-29 15:20:00,2026-04-29 16:13:00,53,Unplanned,Quality Hold,QH
DT00002104,WO00002854,P01,P01_L01,M004,C,2026-04-29 22:39:00,2026-04-29 23:14:00,35,Planned,Cleaning/Sanitation,CLEAN
DT00002105,WO00002854,P01,P01_L01,M004,C,2026-04-29 23:19:00,2026-04-29 23:27:00,8,Unplanned,Electrical Fault,ELEC
DT00002106,WO00002857,P01,P01_L02,M005,C,2026-04-29 22:34:00,2026-04-29 23:16:00,42,Unplanned,Mechanical Failure,MECH
DT00002107,WO00002859,P01,P01_L03,M012,B,2026-04-29 14:12:00,2026-04-29 14:40:00,28,Unplanned,Sensor/Controls Fault,CTRL
DT00002108,WO00002860,P01,P01_L03,M011,C,2026-04-29 22:48:00,2026-04-29 23:04:00,16,Unplanned,Electrical Fault,ELEC
DT00002125,WO00002879,P01,P01_L01,M004,A,2026-04-30 06:32:00,2026-04-30 07:52:00,80,Unplanned,Mechanical Failure,MECH
DT00002126,WO00002880,P01,P01_L01,M001,B,2026-04-30 14:47:00,2026-04-30 15:11:00,24,Planned,Changeover,CO
DT00002127,WO00002880,P01,P01_L01,M003,B,2026-04-30 15:16:00,2026-04-30 15:56:00,40,Unplanned,Mechanical Failure,MECH
DT00002128,WO00002881,P01,P01_L01,M002,C,2026-04-30 22:28:00,2026-04-30 22:48:00,20,Planned,Changeover,CO
DT00002129,WO00002883,P01,P01_L02,M006,B,2026-04-30 14:30:00,2026-04-30 14:59:00,29,Planned,Preventive Maintenance,PM
DT00002146,WO00002906,P01,P01_L01,M002,A,2026-05-01 06:31:00,2026-05-01 07:08:00,37,Unplanned,Quality Hold,QH
DT00002147,WO00002907,P01,P01_L01,M004,B,2026-05-01 14:40:00,2026-05-01 14:47:00,7,Unplanned,Utility Interruption,UTIL
DT00002148,WO00002909,P01,P01_L02,M008,A,2026-05-01 06:40:00,2026-05-01 06:48:00,8,Unplanned,Sensor/Controls Fault,CTRL
DT00002149,WO00002911,P01,P01_L02,M006,C,2026-05-01 22:31:00,2026-05-01 23:02:00,31,Planned,Changeover,CO
DT00002150,WO00002912,P01,P01_L03,M009,A,2026-05-01 06:48:00,2026-05-01 07:18:00,30,Planned,Preventive Maintenance,PM
DT00002151,WO00002913,P01,P01_L03,M011,B,2026-05-01 14:37:00,2026-05-01 14:57:00,20,Unplanned,Material Starvation,MAT
DT00002152,WO00002913,P01,P01_L03,M010,B,2026-05-01 15:00:00,2026-05-01 15:50:00,50,Unplanned,Mechanical Failure,MECH
DT00002164,WO00002933,P01,P01_L01,M004,A,2026-05-02 06:37:00,2026-05-02 07:04:00,27,Planned,Preventive Maintenance,PM
DT00002165,WO00002933,P01,P01_L01,M004,A,2026-05-02 07:09:00,2026-05-02 07:20:00,11,Unplanned,Material Starvation,MAT
DT00002166,WO00002933,P01,P01_L01,M001,A,2026-05-02 07:23:00,2026-05-02 07:31:00,8,Unplanned,Mechanical Failure,MECH
DT00002167,WO00002934,P01,P01_L01,M003,B,2026-05-02 14:46:00,2026-05-02 15:20:00,34,Planned,Preventive Maintenance,PM
DT00002168,WO00002934,P01,P01_L01,M003,B,2026-05-02 15:25:00,2026-05-02 15:32:00,7,Unplanned,Utility Interruption,UTIL
DT00002169,WO00002937,P01,P01_L03,M010,B,2026-05-02 14:44:00,2026-05-02 15:20:00,36,Planned,Changeover,CO
DT00002176,WO00002947,P01,P01_L01,M003,A,2026-05-03 06:19:00,2026-05-03 06:44:00,25,Planned,Cleaning/Sanitation,CLEAN
DT00002177,WO00002948,P01,P01_L01,M004,B,2026-05-03 14:29:00,2026-05-03 14:39:00,10,Unplanned,Utility Interruption,UTIL
DT00002178,WO00002949,P01,P01_L01,M001,C,2026-05-03 22:21:00,2026-05-03 22:56:00,35,Planned,Cleaning/Sanitation,CLEAN
DT00002179,WO00002949,P01,P01_L01,M001,C,2026-05-03 23:01:00,2026-05-03 23:21:00,20,Unplanned,Electrical Fault,ELEC
DT00002180,WO00002950,P01,P01_L02,M008,A,2026-05-03 06:32:00,2026-05-03 06:55:00,23,Planned,Changeover,CO
DT00002188,WO00002964,P01,P01_L01,M003,A,2026-05-04 06:37:00,2026-05-04 07:10:00,33,Planned,Cleaning/Sanitation,CLEAN
DT00002189,WO00002969,P01,P01_L02,M005,C,2026-05-04 22:32:00,2026-05-04 22:56:00,24,Planned,Preventive Maintenance,PM
DT00002190,WO00002970,P01,P01_L03,M011,A,2026-05-04 06:31:00,2026-05-04 06:52:00,21,Planned,Changeover,CO
DT00002191,WO00002970,P01,P01_L03,M012,A,2026-05-04 06:57:00,2026-05-04 07:30:00,33,Unplanned,Material Starvation,MAT
DT00002203,WO00002991,P01,P01_L01,M004,A,2026-05-05 06:40:00,2026-05-05 07:23:00,43,Planned,Preventive Maintenance,PM
DT00002204,WO00002992,P01,P01_L01,M003,B,2026-05-05 14:14:00,2026-05-05 14:44:00,30,Planned,Changeover,CO
DT00002205,WO00002992,P01,P01_L01,M003,B,2026-05-05 14:49:00,2026-05-05 15:22:00,33,Unplanned,Quality Hold,QH
DT00002206,WO00002993,P01,P01_L01,M002,C,2026-05-05 22:17:00,2026-05-05 23:21:00,64,Planned,Preventive Maintenance,PM
DT00002207,WO00002993,P01,P01_L01,M004,C,2026-05-05 23:26:00,2026-05-05 23:58:00,32,Unplanned,Electrical Fault,ELEC
DT00002208,WO00002993,P01,P01_L01,M003,C,2026-05-06 00:01:00,2026-05-06 00:53:00,52,Unplanned,Quality Hold,QH
DT00002209,WO00002994,P01,P01_L02,M005,A,2026-05-05 06:42:00,2026-05-05 06:58:00,16,Planned,Changeover,CO
DT00002210,WO00002996,P01,P01_L02,M006,C,2026-05-05 22:13:00,2026-05-05 22:49:00,36,Planned,Changeover,CO
DT00002211,WO00002999,P01,P01_L03,M010,C,2026-05-05 22:39:00,2026-05-05 23:36:00,57,Planned,Changeover,CO
DT00002222,WO00003018,P01,P01_L01,M004,A,2026-05-06 06:34:00,2026-05-06 06:59:00,25,Planned,Changeover,CO
DT00002223,WO00003019,P01,P01_L01,M001,B,2026-05-06 14:18:00,2026-05-06 15:12:00,54,Planned,Preventive Maintenance,PM
DT00002224,WO00003022,P01,P01_L02,M006,B,2026-05-06 14:46:00,2026-05-06 15:22:00,36,Planned,Preventive Maintenance,PM
DT00002225,WO00003022,P01,P01_L02,M007,B,2026-05-06 15:27:00,2026-05-06 15:44:00,17,Unplanned,Mechanical Failure,MECH
DT00002226,WO00003024,P01,P01_L03,M010,A,2026-05-06 06:26:00,2026-05-06 06:53:00,27,Planned,Preventive Maintenance,PM
DT00002227,WO00003025,P01,P01_L03,M011,B,2026-05-06 14:12:00,2026-05-06 14:49:00,37,Planned,Changeover,CO
DT00002242,WO00003046,P01,P01_L01,M001,B,2026-05-07 14:36:00,2026-05-07 14:56:00,20,Planned,Preventive Maintenance,PM
DT00002243,WO00003046,P01,P01_L01,M004,B,2026-05-07 15:01:00,2026-05-07 15:08:00,7,Unplanned,Sensor/Controls Fault,CTRL
DT00002244,WO00003047,P01,P01_L01,M004,C,2026-05-07 22:42:00,2026-05-07 23:16:00,34,Planned,Cleaning/Sanitation,CLEAN
DT00002245,WO00003048,P01,P01_L02,M008,A,2026-05-07 06:21:00,2026-05-07 07:00:00,39,Planned,Changeover,CO
DT00002246,WO00003050,P01,P01_L02,M006,C,2026-05-07 22:28:00,2026-05-07 22:54:00,26,Planned,Cleaning/Sanitation,CLEAN
DT00002262,WO00003073,P01,P01_L01,M003,B,2026-05-08 14:14:00,2026-05-08 14:44:00,30,Planned,Changeover,CO
DT00002263,WO00003075,P01,P01_L02,M007,A,2026-05-08 06:47:00,2026-05-08 07:44:00,57,Unplanned,Material Starvation,MAT
DT00002264,WO00003076,P01,P01_L02,M007,B,2026-05-08 14:32:00,2026-05-08 15:48:00,76,Unplanned,Sensor/Controls Fault,CTRL
DT00002265,WO00003077,P01,P01_L02,M006,C,2026-05-08 22:30:00,2026-05-08 23:11:00,41,Planned,Changeover,CO
DT00002266,WO00003079,P01,P01_L03,M012,B,2026-05-08 14:16:00,2026-05-08 14:52:00,36,Planned,Changeover,CO
DT00002267,WO00003079,P01,P01_L03,M010,B,2026-05-08 14:57:00,2026-05-08 15:11:00,14,Unplanned,Utility Interruption,UTIL
DT00002283,WO00003101,P01,P01_L02,M005,A,2026-05-09 06:39:00,2026-05-09 07:43:00,64,Unplanned,Mechanical Failure,MECH
DT00002284,WO00003104,P01,P01_L03,M009,A,2026-05-09 06:32:00,2026-05-09 07:33:00,61,Planned,Preventive Maintenance,PM
DT00002298,WO00003118,P01,P01_L01,M002,C,2026-05-10 22:11:00,2026-05-10 22:48:00,37,Planned,Cleaning/Sanitation,CLEAN
DT00002299,WO00003118,P01,P01_L01,M002,C,2026-05-10 22:53:00,2026-05-10 23:08:00,15,Unplanned,Mechanical Failure,MECH
DT00002300,WO00003119,P01,P01_L02,M007,B,2026-05-10 14:49:00,2026-05-10 15:16:00,27,Planned,Preventive Maintenance,PM
DT00002301,WO00003121,P01,P01_L03,M012,A,2026-05-10 06:25:00,2026-05-10 06:56:00,31,Planned,Cleaning/Sanitation,CLEAN
DT00002309,WO00003137,P01,P01_L01,M001,B,2026-05-11 14:38:00,2026-05-11 15:29:00,51,Unplanned,Electrical Fault,ELEC
DT00002310,WO00003138,P01,P01_L01,M003,C,2026-05-11 22:15:00,2026-05-11 23:19:00,64,Unplanned,Utility Interruption,UTIL
DT00002311,WO00003139,P01,P01_L02,M006,A,2026-05-11 06:34:00,2026-05-11 06:57:00,23,Planned,Cleaning/Sanitation,CLEAN
DT00002312,WO00003141,P01,P01_L02,M005,C,2026-05-11 22:20:00,2026-05-11 22:33:00,13,Unplanned,Sensor/Controls Fault,CTRL
DT00002313,WO00003144,P01,P01_L03,M009,C,2026-05-11 22:33:00,2026-05-11 23:05:00,32,Unplanned,Utility Interruption,UTIL
DT00002331,WO00003163,P01,P01_L01,M004,A,2026-05-12 06:14:00,2026-05-12 06:26:00,12,Unplanned,Electrical Fault,ELEC
DT00002332,WO00003164,P01,P01_L01,M003,B,2026-05-12 14:32:00,2026-05-12 14:59:00,27,Planned,Cleaning/Sanitation,CLEAN
DT00002333,WO00003165,P01,P01_L01,M002,C,2026-05-12 22:13:00,2026-05-12 22:49:00,36,Unplanned,Quality Hold,QH
DT00002334,WO00003167,P01,P01_L02,M005,B,2026-05-12 14:43:00,2026-05-12 15:15:00,32,Planned,Cleaning/Sanitation,CLEAN
DT00002335,WO00003169,P01,P01_L03,M012,A,2026-05-12 06:21:00,2026-05-12 06:41:00,20,Planned,Cleaning/Sanitation,CLEAN
DT00002336,WO00003171,P01,P01_L03,M009,C,2026-05-12 22:48:00,2026-05-12 23:15:00,27,Planned,Changeover,CO
DT00002357,WO00003190,P01,P01_L01,M002,A,2026-05-13 06:25:00,2026-05-13 06:53:00,28,Unplanned,Material Starvation,MAT
DT00002358,WO00003191,P01,P01_L01,M003,B,2026-05-13 14:40:00,2026-05-13 15:02:00,22,Planned,Cleaning/Sanitation,CLEAN
DT00002359,WO00003192,P01,P01_L01,M002,C,2026-05-13 22:15:00,2026-05-13 22:35:00,20,Planned,Cleaning/Sanitation,CLEAN
DT00002360,WO00003195,P01,P01_L02,M005,C,2026-05-13 22:32:00,2026-05-13 23:31:00,59,Planned,Preventive Maintenance,PM
DT00002361,WO00003196,P01,P01_L03,M011,A,2026-05-13 06:23:00,2026-05-13 06:53:00,30,Planned,Preventive Maintenance,PM
DT00002362,WO00003197,P01,P01_L03,M009,B,2026-05-13 14:10:00,2026-05-13 14:44:00,34,Planned,Preventive Maintenance,PM
DT00002376,WO00003218,P01,P01_L01,M001,B,2026-05-14 14:29:00,2026-05-14 14:54:00,25,Planned,Preventive Maintenance,PM
DT00002377,WO00003223,P01,P01_L03,M012,A,2026-05-14 06:47:00,2026-05-14 07:32:00,45,Planned,Preventive Maintenance,PM
DT00002390,WO00003247,P01,P01_L02,M008,A,2026-05-15 06:29:00,2026-05-15 06:51:00,22,Planned,Changeover,CO
DT00002391,WO00003248,P01,P01_L02,M007,B,2026-05-15 14:28:00,2026-05-15 14:50:00,22,Planned,Changeover,CO
DT00002392,WO00003248,P01,P01_L02,M006,B,2026-05-15 14:55:00,2026-05-15 15:18:00,23,Unplanned,Mechanical Failure,MECH
DT00002393,WO00003250,P01,P01_L03,M010,A,2026-05-15 06:38:00,2026-05-15 06:59:00,21,Planned,Changeover,CO
DT00002394,WO00003250,P01,P01_L03,M010,A,2026-05-15 07:04:00,2026-05-15 07:52:00,48,Unplanned,Electrical Fault,ELEC
DT00002395,WO00003252,P01,P01_L03,M009,C,2026-05-15 22:14:00,2026-05-15 22:32:00,18,Planned,Changeover,CO
DT00002407,WO00003272,P01,P01_L01,M001,C,2026-05-16 22:21:00,2026-05-16 23:11:00,50,Planned,Changeover,CO
DT00002408,WO00003272,P01,P01_L01,M004,C,2026-05-16 23:16:00,2026-05-16 23:28:00,12,Unplanned,Material Starvation,MAT
DT00002409,WO00003274,P01,P01_L02,M006,B,2026-05-16 14:24:00,2026-05-16 15:05:00,41,Planned,Changeover,CO
DT00002410,WO00003275,P01,P01_L02,M006,C,2026-05-16 22:34:00,2026-05-16 22:57:00,23,Planned,Preventive Maintenance,PM
DT00002430,WO00003292,P01,P01_L01,M001,A,2026-05-17 06:44:00,2026-05-17 07:09:00,25,Planned,Cleaning/Sanitation,CLEAN
DT00002431,WO00003293,P01,P01_L01,M001,B,2026-05-17 14:31:00,2026-05-17 15:06:00,35,Unplanned,Operator Adjustment,OP
DT00002432,WO00003294,P01,P01_L02,M007,B,2026-05-17 14:41:00,2026-05-17 15:53:00,72,Unplanned,Operator Adjustment,OP
DT00002433,WO00003296,P01,P01_L03,M010,B,2026-05-17 14:33:00,2026-05-17 14:53:00,20,Planned,Changeover,CO
DT00002434,WO00003297,P01,P01_L03,M011,C,2026-05-17 22:40:00,2026-05-17 23:07:00,27,Planned,Preventive Maintenance,PM
DT00002449,WO00003311,P01,P01_L01,M003,A,2026-05-18 06:36:00,2026-05-18 07:01:00,25,Planned,Changeover,CO
DT00002450,WO00003313,P01,P01_L01,M001,C,2026-05-18 22:11:00,2026-05-18 22:42:00,31,Planned,Changeover,CO
DT00002451,WO00003313,P01,P01_L01,M002,C,2026-05-18 22:47:00,2026-05-18 23:01:00,14,Unplanned,Sensor/Controls Fault,CTRL
DT00002452,WO00003314,P01,P01_L02,M006,A,2026-05-18 06:38:00,2026-05-18 06:59:00,21,Planned,Preventive Maintenance,PM
DT00002453,WO00003315,P01,P01_L02,M007,B,2026-05-18 14:39:00,2026-05-18 14:58:00,19,Unplanned,Utility Interruption,UTIL
DT00002454,WO00003317,P01,P01_L03,M012,A,2026-05-18 06:23:00,2026-05-18 07:18:00,55,Planned,Planned Inspection,INSP
DT00002471,WO00003338,P01,P01_L01,M001,A,2026-05-19 06:49:00,2026-05-19 07:12:00,23,Planned,Cleaning/Sanitation,CLEAN
DT00002472,WO00003338,P01,P01_L01,M002,A,2026-05-19 07:17:00,2026-05-19 07:41:00,24,Unplanned,Material Starvation,MAT
DT00002473,WO00003339,P01,P01_L01,M004,B,2026-05-19 14:14:00,2026-05-19 14:54:00,40,Planned,Planned Inspection,INSP
DT00002474,WO00003340,P01,P01_L01,M003,C,2026-05-19 22:22:00,2026-05-19 22:50:00,28,Planned,Changeover,CO
DT00002475,WO00003343,P01,P01_L02,M007,C,2026-05-19 22:10:00,2026-05-19 22:35:00,25,Unplanned,Electrical Fault,ELEC
DT00002476,WO00003344,P01,P01_L03,M010,A,2026-05-19 06:36:00,2026-05-19 07:05:00,29,Unplanned,Sensor/Controls Fault,CTRL
DT00002477,WO00003345,P01,P01_L03,M010,B,2026-05-19 14:10:00,2026-05-19 14:28:00,18,Planned,Cleaning/Sanitation,CLEAN
DT00002478,WO00003346,P01,P01_L03,M011,C,2026-05-19 22:36:00,2026-05-19 23:00:00,24,Planned,Changeover,CO
DT00002496,WO00003365,P01,P01_L01,M002,A,2026-05-20 06:39:00,2026-05-20 07:16:00,37,Unplanned,Material Starvation,MAT
DT00002497,WO00003369,P01,P01_L02,M008,B,2026-05-20 14:18:00,2026-05-20 14:47:00,29,Planned,Changeover,CO
DT00002498,WO00003369,P01,P01_L02,M008,B,2026-05-20 14:52:00,2026-05-20 16:01:00,69,Unplanned,Operator Adjustment,OP
DT00002499,WO00003371,P01,P01_L03,M011,A,2026-05-20 06:16:00,2026-05-20 06:39:00,23,Planned,Changeover,CO
DT00002500,WO00003373,P01,P01_L03,M012,C,2026-05-20 22:20:00,2026-05-20 22:41:00,21,Unplanned,Electrical Fault,ELEC
DT00002511,WO00003392,P01,P01_L01,M002,A,2026-05-21 06:38:00,2026-05-21 06:53:00,15,Planned,Preventive Maintenance,PM
DT00002512,WO00003393,P01,P01_L01,M002,B,2026-05-21 14:39:00,2026-05-21 14:44:00,5,Unplanned,Mechanical Failure,MECH
DT00002513,WO00003394,P01,P01_L01,M004,C,2026-05-21 22:26:00,2026-05-21 22:53:00,27,Planned,Preventive Maintenance,PM
DT00002514,WO00003395,P01,P01_L02,M008,A,2026-05-21 06:35:00,2026-05-21 06:52:00,17,Planned,Preventive Maintenance,PM
DT00002515,WO00003396,P01,P01_L02,M008,B,2026-05-21 14:22:00,2026-05-21 14:45:00,23,Planned,Planned Inspection,INSP
DT00002516,WO00003399,P01,P01_L03,M012,B,2026-05-21 14:22:00,2026-05-21 15:00:00,38,Planned,Changeover,CO
DT00002531,WO00003419,P01,P01_L01,M001,A,2026-05-22 06:38:00,2026-05-22 07:31:00,53,Planned,Changeover,CO
DT00002532,WO00003419,P01,P01_L01,M001,A,2026-05-22 07:36:00,2026-05-22 07:43:00,7,Unplanned,Electrical Fault,ELEC
DT00002533,WO00003420,P01,P01_L01,M003,B,2026-05-22 14:39:00,2026-05-22 15:04:00,25,Planned,Changeover,CO
DT00002534,WO00003423,P01,P01_L02,M006,B,2026-05-22 14:11:00,2026-05-22 15:09:00,58,Unplanned,Material Starvation,MAT
DT00002543,WO00003447,P01,P01_L02,M006,A,2026-05-23 06:16:00,2026-05-23 06:56:00,40,Planned,Changeover,CO
DT00002544,WO00003449,P01,P01_L02,M008,C,2026-05-23 22:13:00,2026-05-23 22:34:00,21,Unplanned,Mechanical Failure,MECH
DT00002545,WO00003449,P01,P01_L02,M008,C,2026-05-23 22:37:00,2026-05-23 22:50:00,13,Unplanned,Utility Interruption,UTIL
DT00002546,WO00003450,P01,P01_L03,M009,A,2026-05-23 06:15:00,2026-05-23 06:42:00,27,Planned,Preventive Maintenance,PM
DT00002547,WO00003450,P01,P01_L03,M011,A,2026-05-23 06:47:00,2026-05-23 06:59:00,12,Unplanned,Sensor/Controls Fault,CTRL
DT00002548,WO00003450,P01,P01_L03,M010,A,2026-05-23 07:02:00,2026-05-23 07:13:00,11,Unplanned,Electrical Fault,ELEC
DT00002549,WO00003451,P01,P01_L03,M009,B,2026-05-23 14:41:00,2026-05-23 15:17:00,36,Planned,Preventive Maintenance,PM
DT00002550,WO00003451,P01,P01_L03,M010,B,2026-05-23 15:22:00,2026-05-23 15:35:00,13,Unplanned,Electrical Fault,ELEC
DT00002551,WO00003452,P01,P01_L03,M011,C,2026-05-23 22:32:00,2026-05-23 23:03:00,31,Planned,Preventive Maintenance,PM
DT00002556,WO00003466,P01,P01_L03,M010,C,2026-05-24 22:29:00,2026-05-24 23:00:00,31,Planned,Planned Inspection,INSP
DT00002573,WO00003481,P01,P01_L01,M001,B,2026-05-25 14:45:00,2026-05-25 15:10:00,25,Planned,Cleaning/Sanitation,CLEAN
DT00002574,WO00003488,P01,P01_L03,M012,C,2026-05-25 22:32:00,2026-05-25 23:25:00,53,Unplanned,Operator Adjustment,OP
DT00002587,WO00003508,P01,P01_L01,M001,B,2026-05-26 14:29:00,2026-05-26 14:37:00,8,Unplanned,Mechanical Failure,MECH
DT00002588,WO00003508,P01,P01_L01,M004,B,2026-05-26 14:40:00,2026-05-26 14:44:00,4,Unplanned,Mechanical Failure,MECH
DT00002589,WO00003510,P01,P01_L02,M006,A,2026-05-26 06:30:00,2026-05-26 07:00:00,30,Planned,Preventive Maintenance,PM
DT00002590,WO00003510,P01,P01_L02,M008,A,2026-05-26 07:05:00,2026-05-26 07:20:00,15,Unplanned,Material Starvation,MAT
DT00002591,WO00003511,P01,P01_L02,M005,B,2026-05-26 14:29:00,2026-05-26 14:59:00,30,Unplanned,Quality Hold,QH
DT00002592,WO00003513,P01,P01_L03,M012,A,2026-05-26 06:26:00,2026-05-26 06:46:00,20,Planned,Changeover,CO
DT00002601,WO00003535,P01,P01_L01,M004,B,2026-05-27 14:15:00,2026-05-27 14:37:00,22,Planned,Changeover,CO
DT00002602,WO00003536,P01,P01_L01,M003,C,2026-05-27 22:16:00,2026-05-27 22:34:00,18,Planned,Preventive Maintenance,PM
DT00002603,WO00003540,P01,P01_L03,M010,A,2026-05-27 06:19:00,2026-05-27 06:58:00,39,Planned,Preventive Maintenance,PM
DT00002604,WO00003541,P01,P01_L03,M012,B,2026-05-27 14:41:00,2026-05-27 15:02:00,21,Unplanned,Mechanical Failure,MECH
DT00002605,WO00003542,P01,P01_L03,M012,C,2026-05-27 22:33:00,2026-05-27 23:12:00,39,Planned,Changeover,CO
DT00002621,WO00003561,P01,P01_L01,M003,A,2026-05-28 06:15:00,2026-05-28 06:55:00,40,Unplanned,Mechanical Failure,MECH
DT00002622,WO00003561,P01,P01_L01,M003,A,2026-05-28 06:58:00,2026-05-28 07:20:00,22,Unplanned,Electrical Fault,ELEC
DT00002623,WO00003563,P01,P01_L01,M001,C,2026-05-28 22:29:00,2026-05-28 23:02:00,33,Planned,Changeover,CO
DT00002624,WO00003564,P01,P01_L02,M005,A,2026-05-28 06:34:00,2026-05-28 08:14:00,100,Unplanned,Electrical Fault,ELEC
DT00002625,WO00003565,P01,P01_L02,M006,B,2026-05-28 14:36:00,2026-05-28 15:07:00,31,Unplanned,Electrical Fault,ELEC
DT00002626,WO00003567,P01,P01_L03,M009,A,2026-05-28 06:13:00,2026-05-28 06:30:00,17,Unplanned,Operator Adjustment,OP
DT00002643,WO00003588,P01,P01_L01,M001,A,2026-05-29 06:23:00,2026-05-29 06:49:00,26,Planned,Preventive Maintenance,PM
DT00002644,WO00003588,P01,P01_L01,M002,A,2026-05-29 06:54:00,2026-05-29 07:33:00,39,Unplanned,Operator Adjustment,OP
DT00002645,WO00003590,P01,P01_L01,M004,C,2026-05-29 22:48:00,2026-05-29 23:01:00,13,Planned,Preventive Maintenance,PM
DT00002646,WO00003592,P01,P01_L02,M006,B,2026-05-29 14:18:00,2026-05-29 15:04:00,46,Planned,Cleaning/Sanitation,CLEAN
DT00002647,WO00003593,P01,P01_L02,M006,C,2026-05-29 22:36:00,2026-05-29 23:00:00,24,Planned,Changeover,CO
DT00002648,WO00003593,P01,P01_L02,M008,C,2026-05-29 23:05:00,2026-05-29 23:23:00,18,Unplanned,Sensor/Controls Fault,CTRL
DT00002649,WO00003595,P01,P01_L03,M009,B,2026-05-29 14:25:00,2026-05-29 15:04:00,39,Planned,Cleaning/Sanitation,CLEAN
DT00002663,WO00003615,P01,P01_L01,M004,A,2026-05-30 06:12:00,2026-05-30 06:31:00,19,Planned,Preventive Maintenance,PM
DT00002664,WO00003616,P01,P01_L01,M002,C,2026-05-30 22:32:00,2026-05-30 23:01:00,29,Planned,Cleaning/Sanitation,CLEAN
DT00002665,WO00003617,P01,P01_L02,M005,A,2026-05-30 06:18:00,2026-05-30 06:55:00,37,Planned,Preventive Maintenance,PM
DT00002666,WO00003618,P01,P01_L02,M008,B,2026-05-30 14:19:00,2026-05-30 14:59:00,40,Planned,Changeover,CO
DT00002667,WO00003620,P01,P01_L03,M010,A,2026-05-30 06:46:00,2026-05-30 07:16:00,30,Planned,Changeover,CO
DT00002668,WO00003621,P01,P01_L03,M010,C,2026-05-30 22:33:00,2026-05-30 22:56:00,23,Planned,Preventive Maintenance,PM
DT00002681,WO00003634,P01,P01_L02,M007,B,2026-05-31 14:40:00,2026-05-31 15:47:00,67,Planned,Planned Inspection,INSP
DT00002682,WO00003634,P01,P01_L02,M006,B,2026-05-31 15:52:00,2026-05-31 16:03:00,11,Unplanned,Quality Hold,QH
DT00002683,WO00003635,P01,P01_L02,M008,C,2026-05-31 22:44:00,2026-05-31 22:48:00,4,Unplanned,Material Starvation,MAT
DT00002684,WO00003635,P01,P01_L02,M008,C,2026-05-31 22:51:00,2026-06-01 00:01:00,70,Unplanned,Quality Hold,QH
DT00002685,WO00003636,P01,P01_L03,M011,A,2026-05-31 06:24:00,2026-05-31 06:41:00,17,Planned,Changeover,CO
DT00002686,WO00003637,P01,P01_L03,M011,B,2026-05-31 14:43:00,2026-05-31 15:54:00,71,Planned,Cleaning/Sanitation,CLEAN
DT00002694,WO00003652,P01,P01_L02,M005,B,2026-06-01 14:24:00,2026-06-01 15:19:00,55,Unplanned,Operator Adjustment,OP
DT00002695,WO00003654,P01,P01_L03,M011,A,2026-06-01 06:19:00,2026-06-01 06:45:00,26,Planned,Cleaning/Sanitation,CLEAN
DT00002696,WO00003655,P01,P01_L03,M011,B,2026-06-01 14:35:00,2026-06-01 14:42:00,7,Unplanned,Operator Adjustment,OP
DT00002715,WO00003676,P01,P01_L01,M001,B,2026-06-02 14:44:00,2026-06-02 15:21:00,37,Planned,Preventive Maintenance,PM
DT00002716,WO00003676,P01,P01_L01,M001,B,2026-06-02 15:26:00,2026-06-02 15:34:00,8,Unplanned,Operator Adjustment,OP
DT00002717,WO00003678,P01,P01_L02,M007,A,2026-06-02 06:18:00,2026-06-02 06:39:00,21,Unplanned,Mechanical Failure,MECH
DT00002718,WO00003678,P01,P01_L02,M006,A,2026-06-02 06:42:00,2026-06-02 08:10:00,88,Unplanned,Quality Hold,QH
DT00002719,WO00003679,P01,P01_L02,M005,B,2026-06-02 14:29:00,2026-06-02 14:49:00,20,Planned,Preventive Maintenance,PM
DT00002720,WO00003680,P01,P01_L02,M005,C,2026-06-02 22:18:00,2026-06-02 22:55:00,37,Planned,Preventive Maintenance,PM
DT00002721,WO00003683,P01,P01_L03,M009,C,2026-06-02 22:17:00,2026-06-02 22:45:00,28,Unplanned,Material Starvation,MAT
DT00002738,WO00003703,P01,P01_L01,M003,B,2026-06-03 14:28:00,2026-06-03 14:58:00,30,Planned,Cleaning/Sanitation,CLEAN
DT00002739,WO00003704,P01,P01_L01,M004,C,2026-06-03 22:28:00,2026-06-03 22:35:00,7,Unplanned,Material Starvation,MAT
DT00002740,WO00003704,P01,P01_L01,M001,C,2026-06-03 22:38:00,2026-06-03 23:12:00,34,Unplanned,Utility Interruption,UTIL
DT00002741,WO00003705,P01,P01_L02,M008,A,2026-06-03 06:11:00,2026-06-03 06:43:00,32,Planned,Preventive Maintenance,PM
DT00002742,WO00003706,P01,P01_L02,M006,B,2026-06-03 14:21:00,2026-06-03 14:49:00,28,Planned,Preventive Maintenance,PM
DT00002743,WO00003708,P01,P01_L03,M011,A,2026-06-03 06:33:00,2026-06-03 07:08:00,35,Planned,Preventive Maintenance,PM
DT00002744,WO00003709,P01,P01_L03,M012,B,2026-06-03 14:45:00,2026-06-03 15:34:00,49,Planned,Changeover,CO
DT00002745,WO00003710,P01,P01_L03,M010,C,2026-06-03 22:49:00,2026-06-03 23:14:00,25,Planned,Preventive Maintenance,PM
DT00002757,WO00003729,P01,P01_L01,M002,A,2026-06-04 06:32:00,2026-06-04 06:53:00,21,Planned,Planned Inspection,INSP
DT00002758,WO00003729,P01,P01_L01,M004,A,2026-06-04 06:58:00,2026-06-04 07:21:00,23,Unplanned,Electrical Fault,ELEC
DT00002759,WO00003730,P01,P01_L01,M004,B,2026-06-04 14:18:00,2026-06-04 14:35:00,17,Unplanned,Mechanical Failure,MECH
DT00002760,WO00003733,P01,P01_L02,M006,B,2026-06-04 14:32:00,2026-06-04 14:56:00,24,Unplanned,Electrical Fault,ELEC
DT00002761,WO00003735,P01,P01_L03,M012,A,2026-06-04 06:15:00,2026-06-04 08:45:00,150,Unplanned,Mechanical Failure,MECH
DT00002762,WO00003736,P01,P01_L03,M009,B,2026-06-04 14:19:00,2026-06-04 15:02:00,43,Planned,Cleaning/Sanitation,CLEAN
DT00002774,WO00003756,P01,P01_L01,M004,A,2026-06-05 06:45:00,2026-06-05 06:57:00,12,Unplanned,Mechanical Failure,MECH
DT00002775,WO00003757,P01,P01_L01,M002,B,2026-06-05 14:45:00,2026-06-05 15:06:00,21,Planned,Changeover,CO
DT00002776,WO00003761,P01,P01_L02,M005,C,2026-06-05 22:10:00,2026-06-05 22:48:00,38,Planned,Planned Inspection,INSP
DT00002777,WO00003763,P01,P01_L03,M012,B,2026-06-05 14:13:00,2026-06-05 14:34:00,21,Unplanned,Sensor/Controls Fault,CTRL
DT00002795,WO00003783,P01,P01_L01,M002,A,2026-06-06 06:37:00,2026-06-06 06:54:00,17,Planned,Cleaning/Sanitation,CLEAN
DT00002796,WO00003784,P01,P01_L01,M003,C,2026-06-06 22:35:00,2026-06-06 23:11:00,36,Planned,Changeover,CO
DT00002797,WO00003786,P01,P01_L03,M009,A,2026-06-06 06:25:00,2026-06-06 07:40:00,75,Unplanned,Operator Adjustment,OP
DT00002812,WO00003802,P01,P01_L01,M001,B,2026-06-07 14:10:00,2026-06-07 14:40:00,30,Planned,Changeover,CO
DT00002813,WO00003802,P01,P01_L01,M001,B,2026-06-07 14:45:00,2026-06-07 15:09:00,24,Unplanned,Mechanical Failure,MECH
DT00002814,WO00003803,P01,P01_L02,M008,A,2026-06-07 06:28:00,2026-06-07 06:38:00,10,Unplanned,Quality Hold,QH
DT00002815,WO00003806,P01,P01_L03,M010,A,2026-06-07 06:33:00,2026-06-07 07:30:00,57,Unplanned,Mechanical Failure,MECH
DT00002825,WO00003820,P01,P01_L01,M001,A,2026-06-08 06:36:00,2026-06-08 07:30:00,54,Planned,Changeover,CO
DT00002826,WO00003821,P01,P01_L01,M002,B,2026-06-08 14:48:00,2026-06-08 15:02:00,14,Planned,Changeover,CO
DT00002827,WO00003823,P01,P01_L02,M006,A,2026-06-08 06:48:00,2026-06-08 07:08:00,20,Planned,Changeover,CO
DT00002828,WO00003825,P01,P01_L02,M008,C,2026-06-08 22:20:00,2026-06-08 23:40:00,80,Unplanned,Quality Hold,QH
DT00002829,WO00003827,P01,P01_L03,M010,B,2026-06-08 14:34:00,2026-06-08 15:06:00,32,Unplanned,Mechanical Failure,MECH
DT00002848,WO00003849,P01,P01_L01,M002,C,2026-06-09 22:35:00,2026-06-09 22:52:00,17,Planned,Changeover,CO
DT00002849,WO00003851,P01,P01_L02,M006,B,2026-06-09 14:47:00,2026-06-09 15:22:00,35,Planned,Changeover,CO
DT00002850,WO00003852,P01,P01_L02,M008,C,2026-06-09 22:42:00,2026-06-09 23:32:00,50,Planned,Changeover,CO
DT00002851,WO00003854,P01,P01_L03,M010,B,2026-06-09 14:41:00,2026-06-09 15:12:00,31,Planned,Cleaning/Sanitation,CLEAN
DT00002852,WO00003855,P01,P01_L03,M011,C,2026-06-09 22:43:00,2026-06-09 23:02:00,19,Planned,Changeover,CO
DT00002869,WO00003875,P01,P01_L01,M002,B,2026-06-10 14:10:00,2026-06-10 14:34:00,24,Planned,Changeover,CO
DT00002870,WO00003875,P01,P01_L01,M002,B,2026-06-10 14:39:00,2026-06-10 14:49:00,10,Unplanned,Electrical Fault,ELEC
DT00002871,WO00003875,P01,P01_L01,M004,B,2026-06-10 14:52:00,2026-06-10 15:03:00,11,Unplanned,Quality Hold,QH
DT00002872,WO00003876,P01,P01_L01,M004,C,2026-06-10 22:49:00,2026-06-10 23:24:00,35,Planned,Changeover,CO
DT00002873,WO00003876,P01,P01_L01,M004,C,2026-06-10 23:29:00,2026-06-10 23:48:00,19,Unplanned,Electrical Fault,ELEC
DT00002874,WO00003882,P01,P01_L03,M009,C,2026-06-10 22:25:00,2026-06-10 22:35:00,10,Unplanned,Electrical Fault,ELEC
DT00002885,WO00003901,P01,P01_L01,M001,A,2026-06-11 06:47:00,2026-06-11 07:10:00,23,Planned,Changeover,CO
DT00002886,WO00003902,P01,P01_L01,M001,B,2026-06-11 14:25:00,2026-06-11 14:54:00,29,Planned,Changeover,CO
DT00002887,WO00003902,P01,P01_L01,M002,B,2026-06-11 14:59:00,2026-06-11 15:44:00,45,Unplanned,Sensor/Controls Fault,CTRL
DT00002888,WO00003904,P01,P01_L02,M008,A,2026-06-11 06:44:00,2026-06-11 07:24:00,40,Planned,Changeover,CO
DT00002889,WO00003904,P01,P01_L02,M007,A,2026-06-11 07:29:00,2026-06-11 07:43:00,14,Unplanned,Mechanical Failure,MECH
DT00002890,WO00003904,P01,P01_L02,M008,A,2026-06-11 07:46:00,2026-06-11 08:02:00,16,Unplanned,Operator Adjustment,OP
DT00002891,WO00003904,P01,P01_L02,M005,A,2026-06-11 08:05:00,2026-06-11 09:59:00,114,Unplanned,Electrical Fault,ELEC
DT00002892,WO00003907,P01,P01_L03,M009,A,2026-06-11 06:40:00,2026-06-11 07:17:00,37,Planned,Preventive Maintenance,PM
DT00002893,WO00003908,P01,P01_L03,M011,B,2026-06-11 14:44:00,2026-06-11 15:03:00,19,Planned,Cleaning/Sanitation,CLEAN
DT00002894,WO00003908,P01,P01_L03,M011,B,2026-06-11 15:08:00,2026-06-11 15:15:00,7,Unplanned,Utility Interruption,UTIL
DT00002895,WO00003909,P01,P01_L03,M012,C,2026-06-11 22:11:00,2026-06-11 22:57:00,46,Planned,Preventive Maintenance,PM
DT00002909,WO00003930,P01,P01_L01,M004,C,2026-06-12 22:44:00,2026-06-12 23:21:00,37,Planned,Preventive Maintenance,PM
DT00002910,WO00003933,P01,P01_L02,M005,C,2026-06-12 22:33:00,2026-06-12 22:52:00,19,Planned,Changeover,CO
DT00002911,WO00003934,P01,P01_L03,M009,A,2026-06-12 06:18:00,2026-06-12 06:54:00,36,Unplanned,Utility Interruption,UTIL
DT00002925,WO00003955,P01,P01_L01,M002,C,2026-06-13 22:46:00,2026-06-13 23:12:00,26,Planned,Changeover,CO
DT00002926,WO00003956,P01,P01_L02,M006,A,2026-06-13 06:10:00,2026-06-13 06:39:00,29,Unplanned,Mechanical Failure,MECH
DT00002927,WO00003956,P01,P01_L02,M007,A,2026-06-13 06:42:00,2026-06-13 06:54:00,12,Unplanned,Electrical Fault,ELEC
DT00002933,WO00003974,P01,P01_L01,M004,B,2026-06-14 14:40:00,2026-06-14 15:13:00,33,Planned,Preventive Maintenance,PM
DT00002934,WO00003974,P01,P01_L01,M002,B,2026-06-14 15:18:00,2026-06-14 15:47:00,29,Unplanned,Electrical Fault,ELEC
DT00002935,WO00003975,P01,P01_L01,M001,C,2026-06-14 22:37:00,2026-06-14 22:58:00,21,Planned,Cleaning/Sanitation,CLEAN
DT00002936,WO00003976,P01,P01_L02,M008,B,2026-06-14 14:10:00,2026-06-14 14:44:00,34,Planned,Changeover,CO
DT00002941,WO00003990,P01,P01_L01,M004,A,2026-06-15 06:34:00,2026-06-15 07:02:00,28,Unplanned,Sensor/Controls Fault,CTRL
DT00002942,WO00003991,P01,P01_L01,M004,B,2026-06-15 14:34:00,2026-06-15 14:48:00,14,Planned,Changeover,CO
DT00002943,WO00003992,P01,P01_L01,M002,C,2026-06-15 22:17:00,2026-06-15 22:41:00,24,Planned,Preventive Maintenance,PM
DT00002944,WO00003994,P01,P01_L02,M008,B,2026-06-15 14:19:00,2026-06-15 14:39:00,20,Planned,Changeover,CO
DT00002945,WO00003994,P01,P01_L02,M006,B,2026-06-15 14:44:00,2026-06-15 15:09:00,25,Unplanned,Operator Adjustment,OP
DT00002946,WO00003995,P01,P01_L02,M007,C,2026-06-15 22:43:00,2026-06-15 22:55:00,12,Unplanned,Quality Hold,QH
DT00002947,WO00003996,P01,P01_L03,M012,A,2026-06-15 06:45:00,2026-06-15 07:11:00,26,Planned,Cleaning/Sanitation,CLEAN
DT00002948,WO00003997,P01,P01_L03,M011,B,2026-06-15 14:30:00,2026-06-15 15:36:00,66,Planned,Planned Inspection,INSP
DT00002949,WO00003997,P01,P01_L03,M011,B,2026-06-15 15:41:00,2026-06-15 16:13:00,32,Unplanned,Mechanical Failure,MECH
DT00002950,WO00003998,P01,P01_L03,M010,C,2026-06-15 22:29:00,2026-06-15 22:54:00,25,Planned,Cleaning/Sanitation,CLEAN
DT00002951,WO00003998,P01,P01_L03,M009,C,2026-06-15 22:59:00,2026-06-15 23:13:00,14,Unplanned,Utility Interruption,UTIL
DT00002966,WO00004017,P01,P01_L01,M004,A,2026-06-16 06:13:00,2026-06-16 06:36:00,23,Planned,Changeover,CO
DT00002967,WO00004017,P01,P01_L01,M004,A,2026-06-16 06:41:00,2026-06-16 07:04:00,23,Unplanned,Utility Interruption,UTIL
DT00002968,WO00004018,P01,P01_L01,M003,B,2026-06-16 14:40:00,2026-06-16 15:59:00,79,Planned,Changeover,CO
DT00002969,WO00004018,P01,P01_L01,M002,B,2026-06-16 16:04:00,2026-06-16 16:23:00,19,Unplanned,Operator Adjustment,OP
DT00002970,WO00004020,P01,P01_L02,M008,A,2026-06-16 06:10:00,2026-06-16 06:40:00,30,Planned,Preventive Maintenance,PM
DT00002971,WO00004022,P01,P01_L02,M008,C,2026-06-16 22:38:00,2026-06-16 23:22:00,44,Planned,Changeover,CO
DT00002972,WO00004024,P01,P01_L03,M012,B,2026-06-16 14:13:00,2026-06-16 14:44:00,31,Unplanned,Quality Hold,QH
DT00002973,WO00004025,P01,P01_L03,M009,C,2026-06-16 22:28:00,2026-06-16 22:47:00,19,Unplanned,Operator Adjustment,OP
DT00002989,WO00004045,P01,P01_L01,M002,B,2026-06-17 14:37:00,2026-06-17 14:50:00,13,Planned,Changeover,CO
DT00002990,WO00004046,P01,P01_L01,M001,C,2026-06-17 22:17:00,2026-06-17 22:43:00,26,Planned,Cleaning/Sanitation,CLEAN
DT00002991,WO00004046,P01,P01_L01,M004,C,2026-06-17 22:48:00,2026-06-17 22:58:00,10,Unplanned,Utility Interruption,UTIL
DT00002992,WO00004047,P01,P01_L02,M005,A,2026-06-17 06:39:00,2026-06-17 07:09:00,30,Planned,Cleaning/Sanitation,CLEAN
DT00002993,WO00004047,P01,P01_L02,M006,A,2026-06-17 07:14:00,2026-06-17 08:10:00,56,Unplanned,Quality Hold,QH
DT00002994,WO00004048,P01,P01_L02,M006,B,2026-06-17 14:27:00,2026-06-17 14:38:00,11,Unplanned,Mechanical Failure,MECH
DT00002995,WO00004051,P01,P01_L03,M011,B,2026-06-17 14:35:00,2026-06-17 14:55:00,20,Planned,Preventive Maintenance,PM
DT00002996,WO00004052,P01,P01_L03,M011,C,2026-06-17 22:47:00,2026-06-17 23:13:00,26,Planned,Preventive Maintenance,PM
DT00002997,WO00004052,P01,P01_L03,M010,C,2026-06-17 23:18:00,2026-06-18 01:15:00,117,Unplanned,Sensor/Controls Fault,CTRL
DT00002998,WO00004052,P01,P01_L03,M010,C,2026-06-18 01:18:00,2026-06-18 02:05:00,47,Unplanned,Electrical Fault,ELEC
DT00003010,WO00004071,P01,P01_L01,M002,A,2026-06-18 06:41:00,2026-06-18 07:15:00,34,Planned,Changeover,CO
DT00003011,WO00004072,P01,P01_L01,M002,B,2026-06-18 14:37:00,2026-06-18 15:13:00,36,Planned,Changeover,CO
DT00003012,WO00004073,P01,P01_L01,M002,C,2026-06-18 22:19:00,2026-06-18 22:35:00,16,Planned,Changeover,CO
DT00003013,WO00004073,P01,P01_L01,M003,C,2026-06-18 22:40:00,2026-06-18 22:46:00,6,Unplanned,Electrical Fault,ELEC
DT00003014,WO00004075,P01,P01_L02,M006,B,2026-06-18 14:32:00,2026-06-18 15:03:00,31,Planned,Changeover,CO
DT00003015,WO00004075,P01,P01_L02,M008,B,2026-06-18 15:08:00,2026-06-18 15:14:00,6,Unplanned,Material Starvation,MAT
DT00003016,WO00004078,P01,P01_L03,M011,B,2026-06-18 14:20:00,2026-06-18 14:38:00,18,Unplanned,Mechanical Failure,MECH
DT00003029,WO00004098,P01,P01_L01,M002,A,2026-06-19 06:12:00,2026-06-19 07:23:00,71,Unplanned,Sensor/Controls Fault,CTRL
DT00003030,WO00004099,P01,P01_L01,M002,B,2026-06-19 14:47:00,2026-06-19 16:08:00,81,Unplanned,Utility Interruption,UTIL
DT00003031,WO00004100,P01,P01_L01,M004,C,2026-06-19 22:35:00,2026-06-19 23:01:00,26,Planned,Planned Inspection,INSP
DT00003032,WO00004101,P01,P01_L02,M006,A,2026-06-19 06:13:00,2026-06-19 06:43:00,30,Planned,Changeover,CO
DT00003033,WO00004101,P01,P01_L02,M007,A,2026-06-19 06:48:00,2026-06-19 07:09:00,21,Unplanned,Utility Interruption,UTIL
DT00003034,WO00004102,P01,P01_L02,M007,B,2026-06-19 14:37:00,2026-06-19 15:21:00,44,Planned,Preventive Maintenance,PM
DT00003035,WO00004102,P01,P01_L02,M008,B,2026-06-19 15:26:00,2026-06-19 15:39:00,13,Unplanned,Electrical Fault,ELEC
DT00003036,WO00004103,P01,P01_L02,M007,C,2026-06-19 22:26:00,2026-06-19 23:02:00,36,Planned,Changeover,CO
DT00003037,WO00004104,P01,P01_L03,M011,A,2026-06-19 06:39:00,2026-06-19 06:47:00,8,Unplanned,Electrical Fault,ELEC
DT00003038,WO00004104,P01,P01_L03,M011,A,2026-06-19 06:50:00,2026-06-19 07:15:00,25,Unplanned,Material Starvation,MAT
DT00003039,WO00004106,P01,P01_L03,M012,C,2026-06-19 22:46:00,2026-06-19 23:21:00,35,Planned,Cleaning/Sanitation,CLEAN
DT00003051,WO00004125,P01,P01_L01,M001,A,2026-06-20 06:35:00,2026-06-20 06:49:00,14,Planned,Planned Inspection,INSP
DT00003052,WO00004126,P01,P01_L01,M004,B,2026-06-20 14:31:00,2026-06-20 14:50:00,19,Planned,Preventive Maintenance,PM
DT00003053,WO00004128,P01,P01_L03,M011,A,2026-06-20 06:43:00,2026-06-20 07:25:00,42,Planned,Preventive Maintenance,PM
DT00003064,WO00004144,P01,P01_L01,M001,A,2026-06-21 06:15:00,2026-06-21 07:07:00,52,Planned,Planned Inspection,INSP
DT00003065,WO00004145,P01,P01_L01,M003,C,2026-06-21 22:39:00,2026-06-21 22:59:00,20,Unplanned,Material Starvation,MAT
DT00003066,WO00004147,P01,P01_L02,M007,B,2026-06-21 14:48:00,2026-06-21 15:20:00,32,Planned,Changeover,CO
DT00003073,WO00004163,P01,P01_L01,M002,B,2026-06-22 14:49:00,2026-06-22 15:43:00,54,Planned,Preventive Maintenance,PM
DT00003074,WO00004164,P01,P01_L01,M002,C,2026-06-22 22:44:00,2026-06-22 23:02:00,18,Planned,Planned Inspection,INSP
DT00003075,WO00004165,P01,P01_L02,M005,A,2026-06-22 06:46:00,2026-06-22 07:44:00,58,Planned,Preventive Maintenance,PM
DT00003076,WO00004166,P01,P01_L02,M005,B,2026-06-22 14:23:00,2026-06-22 14:30:00,7,Unplanned,Utility Interruption,UTIL
DT00003077,WO00004167,P01,P01_L02,M005,C,2026-06-22 22:49:00,2026-06-22 23:44:00,55,Planned,Preventive Maintenance,PM
DT00003089,WO00004189,P01,P01_L01,M001,A,2026-06-23 06:29:00,2026-06-23 06:41:00,12,Planned,Changeover,CO
DT00003090,WO00004190,P01,P01_L01,M001,B,2026-06-23 14:24:00,2026-06-23 15:06:00,42,Planned,Changeover,CO
DT00003091,WO00004192,P01,P01_L02,M007,A,2026-06-23 06:18:00,2026-06-23 07:12:00,54,Planned,Cleaning/Sanitation,CLEAN
DT00003092,WO00004193,P01,P01_L02,M005,B,2026-06-23 14:49:00,2026-06-23 15:06:00,17,Unplanned,Electrical Fault,ELEC
DT00003093,WO00004194,P01,P01_L02,M006,C,2026-06-23 22:28:00,2026-06-23 23:45:00,77,Planned,Changeover,CO
DT00003094,WO00004194,P01,P01_L02,M006,C,2026-06-23 23:50:00,2026-06-24 00:09:00,19,Unplanned,Mechanical Failure,MECH
DT00003107,WO00004217,P01,P01_L01,M004,B,2026-06-24 14:45:00,2026-06-24 15:03:00,18,Planned,Preventive Maintenance,PM
DT00003108,WO00004219,P01,P01_L02,M008,A,2026-06-24 06:47:00,2026-06-24 07:30:00,43,Planned,Cleaning/Sanitation,CLEAN
DT00003109,WO00004219,P01,P01_L02,M005,A,2026-06-24 07:35:00,2026-06-24 08:05:00,30,Unplanned,Operator Adjustment,OP
DT00003110,WO00004220,P01,P01_L02,M007,B,2026-06-24 14:27:00,2026-06-24 14:50:00,23,Unplanned,Electrical Fault,ELEC
DT00003111,WO00004223,P01,P01_L03,M010,B,2026-06-24 14:22:00,2026-06-24 15:07:00,45,Planned,Preventive Maintenance,PM
DT00003127,WO00004243,P01,P01_L01,M001,A,2026-06-25 06:15:00,2026-06-25 06:29:00,14,Planned,Cleaning/Sanitation,CLEAN
DT00003128,WO00004244,P01,P01_L01,M003,B,2026-06-25 14:48:00,2026-06-25 15:20:00,32,Unplanned,Operator Adjustment,OP
DT00003129,WO00004246,P01,P01_L02,M008,A,2026-06-25 06:34:00,2026-06-25 06:59:00,25,Planned,Changeover,CO
DT00003130,WO00004246,P01,P01_L02,M006,A,2026-06-25 07:04:00,2026-06-25 07:13:00,9,Unplanned,Mechanical Failure,MECH
DT00003131,WO00004247,P01,P01_L02,M005,B,2026-06-25 14:27:00,2026-06-25 15:00:00,33,Unplanned,Electrical Fault,ELEC
DT00003132,WO00004248,P01,P01_L02,M008,C,2026-06-25 22:45:00,2026-06-25 23:08:00,23,Planned,Preventive Maintenance,PM
DT00003133,WO00004249,P01,P01_L03,M009,A,2026-06-25 06:13:00,2026-06-25 06:32:00,19,Planned,Changeover,CO
DT00003134,WO00004249,P01,P01_L03,M011,A,2026-06-25 06:37:00,2026-06-25 06:56:00,19,Unplanned,Electrical Fault,ELEC
DT00003135,WO00004250,P01,P01_L03,M011,B,2026-06-25 14:19:00,2026-06-25 15:07:00,48,Planned,Cleaning/Sanitation,CLEAN
DT00003136,WO00004251,P01,P01_L03,M009,C,2026-06-25 22:26:00,2026-06-25 23:08:00,42,Planned,Changeover,CO
DT00003149,WO00004270,P01,P01_L01,M001,A,2026-06-26 06:15:00,2026-06-26 06:49:00,34,Planned,Preventive Maintenance,PM
DT00003150,WO00004271,P01,P01_L01,M004,B,2026-06-26 14:31:00,2026-06-26 15:05:00,34,Planned,Preventive Maintenance,PM
DT00003151,WO00004272,P01,P01_L01,M002,C,2026-06-26 22:11:00,2026-06-26 22:36:00,25,Planned,Planned Inspection,INSP
DT00003152,WO00004273,P01,P01_L02,M007,A,2026-06-26 06:32:00,2026-06-26 07:16:00,44,Planned,Preventive Maintenance,PM
DT00003153,WO00004275,P01,P01_L02,M007,C,2026-06-26 22:26:00,2026-06-26 23:12:00,46,Planned,Changeover,CO
DT00003154,WO00004275,P01,P01_L02,M007,C,2026-06-26 23:17:00,2026-06-26 23:51:00,34,Unplanned,Material Starvation,MAT
DT00003155,WO00004277,P01,P01_L03,M011,B,2026-06-26 14:12:00,2026-06-26 15:27:00,75,Planned,Preventive Maintenance,PM
DT00003166,WO00004297,P01,P01_L01,M004,A,2026-06-27 06:33:00,2026-06-27 06:59:00,26,Planned,Preventive Maintenance,PM
DT00003167,WO00004297,P01,P01_L01,M004,A,2026-06-27 07:04:00,2026-06-27 07:34:00,30,Unplanned,Utility Interruption,UTIL
DT00003168,WO00004297,P01,P01_L01,M004,A,2026-06-27 07:37:00,2026-06-27 07:54:00,17,Unplanned,Operator Adjustment,OP
DT00003169,WO00004298,P01,P01_L01,M004,B,2026-06-27 14:16:00,2026-06-27 14:52:00,36,Planned,Cleaning/Sanitation,CLEAN
DT00003170,WO00004300,P01,P01_L02,M005,A,2026-06-27 06:46:00,2026-06-27 07:09:00,23,Planned,Changeover,CO
DT00003177,WO00004313,P01,P01_L02,M006,B,2026-06-28 14:21:00,2026-06-28 14:37:00,16,Unplanned,Electrical Fault,ELEC
DT00003178,WO00004315,P01,P01_L03,M012,A,2026-06-28 06:16:00,2026-06-28 07:09:00,53,Planned,Preventive Maintenance,PM
DT00003185,WO00004330,P01,P01_L01,M001,A,2026-06-29 06:33:00,2026-06-29 07:40:00,67,Planned,Cleaning/Sanitation,CLEAN
DT00003186,WO00004331,P01,P01_L01,M004,B,2026-06-29 14:45:00,2026-06-29 15:30:00,45,Planned,Changeover,CO
DT00003187,WO00004333,P01,P01_L02,M007,A,2026-06-29 06:23:00,2026-06-29 06:42:00,19,Planned,Preventive Maintenance,PM
DT00003188,WO00004333,P01,P01_L02,M008,A,2026-06-29 06:47:00,2026-06-29 06:55:00,8,Unplanned,Utility Interruption,UTIL
DT00003189,WO00004334,P01,P01_L02,M007,B,2026-06-29 14:49:00,2026-06-29 15:02:00,13,Unplanned,Sensor/Controls Fault,CTRL
DT00003190,WO00004335,P01,P01_L02,M005,C,2026-06-29 22:36:00,2026-06-29 23:00:00,24,Planned,Preventive Maintenance,PM
DT00003191,WO00004335,P01,P01_L02,M005,C,2026-06-29 23:05:00,2026-06-29 23:12:00,7,Unplanned,Quality Hold,QH
DT00003192,WO00004336,P01,P01_L03,M012,A,2026-06-29 06:40:00,2026-06-29 07:26:00,46,Planned,Preventive Maintenance,PM
DT00003193,WO00004338,P01,P01_L03,M012,C,2026-06-29 22:25:00,2026-06-29 22:55:00,30,Planned,Changeover,CO
