production_id,work_order_id,date,crew,plant_id,line_id,product_id,scheduled_minutes,planned_downtime_minutes,unplanned_downtime_minutes,operating_minutes,ideal_rate_units_per_hour,qty_total,qty_good,qty_scrap,actual_run_rate_units_per_hour
PR00000010,WO00000010,2026-01-01,A,P02,P02_L01,SKU001,480,31,0,449,48.8,298,290,8,39.822
PR00000011,WO00000011,2026-01-01,B,P02,P02_L01,SKU001,480,0,0,480,48.8,334,327,7,41.75
PR00000012,WO00000012,2026-01-01,C,P02,P02_L01,SKU006,480,17,0,463,48.8,297,287,10,38.488
PR00000013,WO00000013,2026-01-01,A,P02,P02_L02,SKU005,480,29,26,425,50.42,317,309,8,44.753
PR00000014,WO00000014,2026-01-01,B,P02,P02_L02,SKU002,480,18,0,462,55.9,339,328,11,44.026
PR00000015,WO00000015,2026-01-01,C,P02,P02_L02,SKU004,480,0,0,480,55.9,370,357,13,46.25
PR00000016,WO00000016,2026-01-01,A,P02,P02_L03,SKU007,480,22,0,458,47.0,303,300,3,39.694
PR00000017,WO00000017,2026-01-01,B,P02,P02_L03,SKU003,480,0,0,480,47.0,329,323,6,41.125
PR00000018,WO00000018,2026-01-01,C,P02,P02_L03,SKU004,480,39,0,441,47.0,272,261,11,37.007
PR00000037,WO00000037,2026-01-02,A,P02,P02_L01,SKU002,480,0,0,480,48.8,311,301,10,38.875
PR00000038,WO00000038,2026-01-02,B,P02,P02_L01,SKU004,480,26,0,454,48.8,312,301,11,41.233
PR00000039,WO00000039,2026-01-02,C,P02,P02_L01,SKU003,480,0,0,480,48.8,324,318,6,40.5
PR00000040,WO00000040,2026-01-02,A,P02,P02_L02,SKU002,480,51,0,429,55.9,339,329,10,47.413
PR00000041,WO00000041,2026-01-02,B,P02,P02_L02,SKU006,480,0,0,480,54.878,423,411,12,52.875
PR00000042,WO00000042,2026-01-02,C,P02,P02_L02,SKU004,480,0,0,480,55.9,364,353,11,45.5
PR00000043,WO00000043,2026-01-02,A,P02,P02_L03,SKU004,480,31,0,449,47.0,299,287,12,39.955
PR00000044,WO00000044,2026-01-02,B,P02,P02_L03,SKU005,480,0,0,480,47.0,295,287,8,36.875
PR00000045,WO00000045,2026-01-02,C,P02,P02_L03,SKU007,480,0,10,470,47.0,300,296,4,38.298
PR00000061,WO00000061,2026-01-03,C,P02,P02_L01,SKU006,480,0,0,480,48.8,339,330,9,42.375
PR00000062,WO00000062,2026-01-03,C,P02,P02_L02,SKU006,480,0,11,469,54.878,361,350,11,46.183
PR00000063,WO00000063,2026-01-03,C,P02,P02_L03,SKU003,480,0,0,480,47.0,331,323,8,41.375
PR00000074,WO00000074,2026-01-04,A,P02,P02_L01,SKU003,480,0,0,480,48.8,342,337,5,42.75
PR00000075,WO00000075,2026-01-04,B,P02,P02_L01,SKU003,480,20,0,460,48.8,366,360,6,47.739
PR00000076,WO00000076,2026-01-04,C,P02,P02_L01,SKU006,480,0,59,421,48.8,286,276,10,40.76
PR00000077,WO00000077,2026-01-04,A,P02,P02_L02,SKU004,480,0,0,480,55.9,416,402,14,52.0
PR00000078,WO00000078,2026-01-04,C,P02,P02_L02,SKU006,480,0,0,480,54.878,349,337,12,43.625
PR00000079,WO00000079,2026-01-04,A,P02,P02_L03,SKU007,480,0,0,480,47.0,318,312,6,39.75
PR00000080,WO00000080,2026-01-04,B,P02,P02_L03,SKU008,480,0,0,480,47.0,318,314,4,39.75
PR00000095,WO00000095,2026-01-05,A,P02,P02_L01,SKU004,480,76,0,404,48.8,289,277,12,42.921
PR00000096,WO00000096,2026-01-05,B,P02,P02_L01,SKU003,480,24,22,434,48.8,314,308,6,43.41
PR00000097,WO00000097,2026-01-05,C,P02,P02_L01,SKU006,480,0,0,480,48.8,329,319,10,41.125
PR00000098,WO00000098,2026-01-05,A,P02,P02_L02,SKU004,480,0,0,480,55.9,411,398,13,51.375
PR00000099,WO00000099,2026-01-05,B,P02,P02_L02,SKU006,480,0,42,438,54.878,331,320,11,45.342
PR00000100,WO00000100,2026-01-05,C,P02,P02_L02,SKU004,480,29,0,451,55.9,343,329,14,45.632
PR00000101,WO00000101,2026-01-05,A,P02,P02_L03,SKU005,480,37,16,427,47.0,299,293,6,42.014
PR00000102,WO00000102,2026-01-05,B,P02,P02_L03,SKU003,480,0,0,480,47.0,335,327,8,41.875
PR00000103,WO00000103,2026-01-05,C,P02,P02_L03,SKU003,480,0,0,480,47.0,323,318,5,40.375
PR00000122,WO00000122,2026-01-06,A,P02,P02_L01,SKU004,480,0,0,480,48.8,327,316,11,40.875
PR00000123,WO00000123,2026-01-06,B,P02,P02_L01,SKU001,480,30,0,450,48.8,316,307,9,42.133
PR00000124,WO00000124,2026-01-06,C,P02,P02_L01,SKU005,480,19,0,461,48.8,303,294,9,39.436
PR00000125,WO00000125,2026-01-06,A,P02,P02_L02,SKU006,480,0,0,480,54.878,376,367,9,47.0
PR00000126,WO00000126,2026-01-06,B,P02,P02_L02,SKU002,480,0,8,472,55.9,366,352,14,46.525
PR00000127,WO00000127,2026-01-06,C,P02,P02_L02,SKU002,480,21,0,459,55.9,340,326,14,44.444
PR00000128,WO00000128,2026-01-06,A,P02,P02_L03,SKU007,480,0,0,480,47.0,337,330,7,42.125
PR00000129,WO00000129,2026-01-06,B,P02,P02_L03,SKU006,480,0,0,480,47.0,349,338,11,43.625
PR00000130,WO00000130,2026-01-06,C,P02,P02_L03,SKU001,480,25,0,455,47.0,280,271,9,36.923
PR00000149,WO00000149,2026-01-07,A,P02,P02_L01,SKU006,480,0,33,447,48.8,345,334,11,46.309
PR00000150,WO00000150,2026-01-07,B,P02,P02_L01,SKU003,480,41,0,439,48.8,308,299,9,42.096
PR00000151,WO00000151,2026-01-07,C,P02,P02_L01,SKU001,480,0,0,480,48.8,319,312,7,39.875
PR00000152,WO00000152,2026-01-07,A,P02,P02_L02,SKU003,480,48,0,432,55.9,375,368,7,52.083
PR00000153,WO00000153,2026-01-07,B,P02,P02_L02,SKU002,480,0,0,480,55.9,370,355,15,46.25
PR00000154,WO00000154,2026-01-07,C,P02,P02_L02,SKU002,480,27,0,453,55.9,336,323,13,44.503
PR00000155,WO00000155,2026-01-07,A,P02,P02_L03,SKU001,480,0,0,480,47.0,305,297,8,38.125
PR00000156,WO00000156,2026-01-07,B,P02,P02_L03,SKU007,480,0,0,480,47.0,330,325,5,41.25
PR00000157,WO00000157,2026-01-07,C,P02,P02_L03,SKU003,480,40,20,420,47.0,304,298,6,43.429
PR00000176,WO00000176,2026-01-08,A,P02,P02_L01,SKU003,480,24,0,456,48.8,335,329,6,44.079
PR00000177,WO00000177,2026-01-08,B,P02,P02_L01,SKU005,480,22,0,458,48.8,294,286,8,38.515
PR00000178,WO00000178,2026-01-08,C,P02,P02_L01,SKU002,480,0,0,480,48.8,305,290,15,38.125
PR00000179,WO00000179,2026-01-08,A,P02,P02_L02,SKU002,480,0,0,480,55.9,393,380,13,49.125
PR00000180,WO00000180,2026-01-08,B,P02,P02_L02,SKU006,480,0,0,480,54.878,364,352,12,45.5
PR00000181,WO00000181,2026-01-08,C,P02,P02_L02,SKU004,480,20,0,460,55.9,355,344,11,46.304
PR00000182,WO00000182,2026-01-08,A,P02,P02_L03,SKU003,480,71,0,409,47.0,283,279,4,41.516
PR00000183,WO00000183,2026-01-08,B,P02,P02_L03,SKU007,480,21,0,459,47.0,315,314,1,41.176
PR00000184,WO00000184,2026-01-08,C,P02,P02_L03,SKU004,480,0,0,480,47.0,316,302,14,39.5
PR00000203,WO00000203,2026-01-09,A,P02,P02_L01,SKU003,480,0,0,480,48.8,362,353,9,45.25
PR00000204,WO00000204,2026-01-09,B,P02,P02_L01,SKU003,480,0,0,480,48.8,330,324,6,41.25
PR00000205,WO00000205,2026-01-09,C,P02,P02_L01,SKU003,480,58,64,358,48.8,257,253,4,43.073
PR00000206,WO00000206,2026-01-09,A,P02,P02_L02,SKU004,480,26,8,446,55.9,389,375,14,52.332
PR00000207,WO00000207,2026-01-09,B,P02,P02_L02,SKU005,480,42,0,438,50.42,294,288,6,40.274
PR00000208,WO00000208,2026-01-09,C,P02,P02_L02,SKU006,480,42,0,438,54.878,350,341,9,47.945
PR00000209,WO00000209,2026-01-09,A,P02,P02_L03,SKU003,480,75,39,366,47.0,278,274,4,45.574
PR00000210,WO00000210,2026-01-09,B,P02,P02_L03,SKU003,480,0,0,480,47.0,341,335,6,42.625
PR00000211,WO00000211,2026-01-09,C,P02,P02_L03,SKU007,480,0,0,480,47.0,303,298,5,37.875
PR00000225,WO00000225,2026-01-10,A,P02,P02_L02,SKU002,480,0,0,480,55.9,383,369,14,47.875
PR00000226,WO00000226,2026-01-10,B,P02,P02_L02,SKU004,480,58,14,408,55.9,354,344,10,52.059
PR00000227,WO00000227,2026-01-10,A,P02,P02_L03,SKU003,480,0,0,480,47.0,345,338,7,43.125
PR00000228,WO00000228,2026-01-10,C,P02,P02_L03,SKU001,480,12,14,454,47.0,286,277,9,37.797
PR00000243,WO00000243,2026-01-11,A,P02,P02_L01,SKU006,480,0,0,480,48.8,361,350,11,45.125
PR00000244,WO00000244,2026-01-11,C,P02,P02_L01,SKU008,480,27,9,444,48.8,294,289,5,39.73
PR00000245,WO00000245,2026-01-11,A,P02,P02_L02,SKU002,480,0,41,439,55.9,331,322,9,45.239
PR00000246,WO00000246,2026-01-11,B,P02,P02_L02,SKU004,480,0,0,480,55.9,390,377,13,48.75
PR00000247,WO00000247,2026-01-11,B,P02,P02_L03,SKU003,480,24,0,456,47.0,312,304,8,41.053
PR00000248,WO00000248,2026-01-11,C,P02,P02_L03,SKU003,480,0,0,480,47.0,357,349,8,44.625
PR00000262,WO00000262,2026-01-12,A,P02,P02_L01,SKU003,480,26,65,389,48.8,312,304,8,48.123
PR00000263,WO00000263,2026-01-12,B,P02,P02_L01,SKU004,480,0,0,480,48.8,310,300,10,38.75
PR00000264,WO00000264,2026-01-12,C,P02,P02_L01,SKU004,480,0,0,480,48.8,303,293,10,37.875
PR00000265,WO00000265,2026-01-12,A,P02,P02_L02,SKU004,480,47,0,433,55.9,359,349,10,49.746
PR00000266,WO00000266,2026-01-12,B,P02,P02_L02,SKU004,480,0,0,480,55.9,376,363,13,47.0
PR00000267,WO00000267,2026-01-12,C,P02,P02_L02,SKU004,480,79,0,401,55.9,316,306,10,47.282
PR00000268,WO00000268,2026-01-12,A,P02,P02_L03,SKU004,480,20,0,460,47.0,317,306,11,41.348
PR00000269,WO00000269,2026-01-12,B,P02,P02_L03,SKU005,480,0,0,480,47.0,302,297,5,37.75
PR00000270,WO00000270,2026-01-12,C,P02,P02_L03,SKU005,480,0,41,439,47.0,263,257,6,35.945
PR00000289,WO00000289,2026-01-13,A,P02,P02_L01,SKU003,480,19,0,461,48.8,363,357,6,47.245
PR00000290,WO00000290,2026-01-13,B,P02,P02_L01,SKU003,480,43,21,416,48.8,290,282,8,41.827
PR00000291,WO00000291,2026-01-13,C,P02,P02_L01,SKU005,480,0,27,453,48.8,307,299,8,40.662
PR00000292,WO00000292,2026-01-13,A,P02,P02_L02,SKU004,480,25,0,455,55.9,366,352,14,48.264
PR00000293,WO00000293,2026-01-13,B,P02,P02_L02,SKU002,480,29,0,451,55.9,359,345,14,47.761
PR00000294,WO00000294,2026-01-13,C,P02,P02_L02,SKU004,480,0,0,480,55.9,383,369,14,47.875
PR00000295,WO00000295,2026-01-13,A,P02,P02_L03,SKU007,480,0,0,480,47.0,317,313,4,39.625
PR00000296,WO00000296,2026-01-13,B,P02,P02_L03,SKU003,480,0,0,480,47.0,340,332,8,42.5
PR00000297,WO00000297,2026-01-13,C,P02,P02_L03,SKU003,480,0,13,467,47.0,308,300,8,39.572
PR00000316,WO00000316,2026-01-14,A,P02,P02_L01,SKU005,480,0,56,424,48.8,307,300,7,43.443
PR00000317,WO00000317,2026-01-14,B,P02,P02_L01,SKU006,480,0,17,463,48.8,353,344,9,45.745
PR00000318,WO00000318,2026-01-14,C,P02,P02_L01,SKU003,480,35,0,445,48.8,318,311,7,42.876
PR00000319,WO00000319,2026-01-14,A,P02,P02_L02,SKU002,480,0,12,468,55.9,358,346,12,45.897
PR00000320,WO00000320,2026-01-14,B,P02,P02_L02,SKU008,480,43,0,437,55.9,352,345,7,48.33
PR00000321,WO00000321,2026-01-14,C,P02,P02_L02,SKU006,480,0,0,480,54.878,412,398,14,51.5
PR00000322,WO00000322,2026-01-14,A,P02,P02_L03,SKU007,480,0,11,469,47.0,327,323,4,41.834
PR00000323,WO00000323,2026-01-14,B,P02,P02_L03,SKU003,480,0,0,480,47.0,341,332,9,42.625
PR00000324,WO00000324,2026-01-14,C,P02,P02_L03,SKU003,480,0,0,480,47.0,303,298,5,37.875
PR00000343,WO00000343,2026-01-15,A,P02,P02_L01,SKU003,480,0,0,480,48.8,380,372,8,47.5
PR00000344,WO00000344,2026-01-15,B,P02,P02_L01,SKU002,480,38,0,442,48.8,293,283,10,39.774
PR00000345,WO00000345,2026-01-15,C,P02,P02_L01,SKU006,480,99,0,381,48.8,265,257,8,41.732
PR00000346,WO00000346,2026-01-15,A,P02,P02_L02,SKU006,480,0,0,480,54.878,402,392,10,50.25
PR00000347,WO00000347,2026-01-15,B,P02,P02_L02,SKU004,480,49,0,431,55.9,334,323,11,46.497
PR00000348,WO00000348,2026-01-15,C,P02,P02_L02,SKU004,480,28,0,452,55.9,334,318,16,44.336
PR00000349,WO00000349,2026-01-15,A,P02,P02_L03,SKU003,480,33,0,447,47.0,328,323,5,44.027
PR00000350,WO00000350,2026-01-15,B,P02,P02_L03,SKU005,480,0,0,480,47.0,294,288,6,36.75
PR00000351,WO00000351,2026-01-15,C,P02,P02_L03,SKU008,480,14,0,466,47.0,294,288,6,37.854
PR00000370,WO00000370,2026-01-16,A,P02,P02_L01,SKU003,480,0,0,480,48.8,350,343,7,43.75
PR00000371,WO00000371,2026-01-16,B,P02,P02_L01,SKU002,480,0,15,465,48.8,302,293,9,38.968
PR00000372,WO00000372,2026-01-16,C,P02,P02_L01,SKU003,480,32,18,430,48.8,282,274,8,39.349
PR00000373,WO00000373,2026-01-16,A,P02,P02_L02,SKU006,480,15,0,465,54.878,364,354,10,46.968
PR00000374,WO00000374,2026-01-16,B,P02,P02_L02,SKU006,480,0,0,480,54.878,395,385,10,49.375
PR00000375,WO00000375,2026-01-16,C,P02,P02_L02,SKU006,480,0,32,448,54.878,352,341,11,47.143
PR00000376,WO00000376,2026-01-16,A,P02,P02_L03,SKU003,480,23,0,457,47.0,339,331,8,44.508
PR00000377,WO00000377,2026-01-16,B,P02,P02_L03,SKU004,480,20,16,444,47.0,294,282,12,39.73
PR00000378,WO00000378,2026-01-16,C,P02,P02_L03,SKU007,480,0,0,480,47.0,302,298,4,37.75
PR00000393,WO00000393,2026-01-17,A,P02,P02_L01,SKU005,480,0,30,450,48.8,318,309,9,42.4
PR00000394,WO00000394,2026-01-17,B,P02,P02_L01,SKU005,480,12,0,468,48.8,320,312,8,41.026
PR00000395,WO00000395,2026-01-17,C,P02,P02_L01,SKU001,480,46,0,434,48.8,302,293,9,41.751
PR00000396,WO00000396,2026-01-17,A,P02,P02_L02,SKU004,480,17,0,463,55.9,398,388,10,51.577
PR00000397,WO00000397,2026-01-17,B,P02,P02_L02,SKU003,480,34,0,446,55.9,363,356,7,48.834
PR00000398,WO00000398,2026-01-17,C,P02,P02_L02,SKU002,480,77,57,346,55.9,261,250,11,45.26
PR00000399,WO00000399,2026-01-17,B,P02,P02_L03,SKU005,480,51,80,349,47.0,228,222,6,39.198
PR00000412,WO00000412,2026-01-18,A,P02,P02_L01,SKU003,480,0,17,463,48.8,374,366,8,48.467
PR00000413,WO00000413,2026-01-18,B,P02,P02_L01,SKU003,480,21,0,459,48.8,341,332,9,44.575
PR00000414,WO00000414,2026-01-18,C,P02,P02_L01,SKU001,480,0,23,457,48.8,317,310,7,41.619
PR00000415,WO00000415,2026-01-18,A,P02,P02_L02,SKU002,480,0,0,480,55.9,385,372,13,48.125
PR00000416,WO00000416,2026-01-18,B,P02,P02_L02,SKU002,480,0,0,480,55.9,371,358,13,46.375
PR00000417,WO00000417,2026-01-18,C,P02,P02_L03,SKU003,480,0,0,480,47.0,320,314,6,40.0
PR00000433,WO00000433,2026-01-19,A,P02,P02_L01,SKU005,480,12,0,468,48.8,334,325,9,42.821
PR00000434,WO00000434,2026-01-19,B,P02,P02_L01,SKU003,480,27,0,453,48.8,327,320,7,43.311
PR00000435,WO00000435,2026-01-19,C,P02,P02_L01,SKU003,480,37,21,422,48.8,293,286,7,41.659
PR00000436,WO00000436,2026-01-19,A,P02,P02_L02,SKU006,480,31,0,449,54.878,398,386,12,53.185
PR00000437,WO00000437,2026-01-19,B,P02,P02_L02,SKU005,480,0,0,480,50.42,315,308,7,39.375
PR00000438,WO00000438,2026-01-19,C,P02,P02_L02,SKU004,480,0,0,480,55.9,408,392,16,51.0
PR00000439,WO00000439,2026-01-19,A,P02,P02_L03,SKU005,480,0,0,480,47.0,320,312,8,40.0
PR00000440,WO00000440,2026-01-19,B,P02,P02_L03,SKU003,480,23,0,457,47.0,329,323,6,43.195
PR00000441,WO00000441,2026-01-19,C,P02,P02_L03,SKU005,480,0,37,443,47.0,277,269,8,37.517
PR00000460,WO00000460,2026-01-20,A,P02,P02_L01,SKU001,480,13,0,467,48.8,336,326,10,43.169
PR00000461,WO00000461,2026-01-20,B,P02,P02_L01,SKU003,480,0,29,451,48.8,325,319,6,43.237
PR00000462,WO00000462,2026-01-20,C,P02,P02_L01,SKU001,480,97,6,377,48.8,254,247,7,40.424
PR00000463,WO00000463,2026-01-20,A,P02,P02_L02,SKU002,480,0,18,462,55.9,382,367,15,49.61
PR00000464,WO00000464,2026-01-20,B,P02,P02_L02,SKU002,480,46,0,434,55.9,354,340,14,48.94
PR00000465,WO00000465,2026-01-20,C,P02,P02_L02,SKU006,480,0,0,480,54.878,347,340,7,43.375
PR00000466,WO00000466,2026-01-20,A,P02,P02_L03,SKU003,480,22,0,458,47.0,314,310,4,41.135
PR00000467,WO00000467,2026-01-20,B,P02,P02_L03,SKU004,480,22,0,458,47.0,299,288,11,39.17
PR00000468,WO00000468,2026-01-20,C,P02,P02_L03,SKU007,480,0,0,480,47.0,283,276,7,35.375
PR00000487,WO00000487,2026-01-21,A,P02,P02_L01,SKU003,480,19,16,445,48.8,351,344,7,47.326
PR00000488,WO00000488,2026-01-21,B,P02,P02_L01,SKU001,480,35,0,445,48.8,316,309,7,42.607
PR00000489,WO00000489,2026-01-21,C,P02,P02_L01,SKU002,480,0,33,447,48.8,316,304,12,42.416
PR00000490,WO00000490,2026-01-21,A,P02,P02_L02,SKU004,480,21,0,459,55.9,387,373,14,50.588
PR00000491,WO00000491,2026-01-21,B,P02,P02_L02,SKU004,480,20,10,450,55.9,337,324,13,44.933
PR00000492,WO00000492,2026-01-21,C,P02,P02_L02,SKU004,480,0,0,480,55.9,360,346,14,45.0
PR00000493,WO00000493,2026-01-21,A,P02,P02_L03,SKU001,480,19,28,433,47.0,315,305,10,43.649
PR00000494,WO00000494,2026-01-21,B,P02,P02_L03,SKU001,480,35,0,445,47.0,329,322,7,44.36
PR00000495,WO00000495,2026-01-21,C,P02,P02_L03,SKU007,480,0,0,480,47.0,307,304,3,38.375
PR00000514,WO00000514,2026-01-22,A,P02,P02_L01,SKU006,480,33,0,447,48.8,336,326,10,45.101
PR00000515,WO00000515,2026-01-22,B,P02,P02_L01,SKU003,480,0,0,480,48.8,335,326,9,41.875
PR00000516,WO00000516,2026-01-22,C,P02,P02_L01,SKU003,480,0,0,480,48.8,325,318,7,40.625
PR00000517,WO00000517,2026-01-22,A,P02,P02_L02,SKU004,480,14,0,466,55.9,383,371,12,49.313
PR00000518,WO00000518,2026-01-22,B,P02,P02_L02,SKU002,480,0,0,480,55.9,373,359,14,46.625
PR00000519,WO00000519,2026-01-22,C,P02,P02_L02,SKU006,480,45,0,435,54.878,340,328,12,46.897
PR00000520,WO00000520,2026-01-22,A,P02,P02_L03,SKU003,480,30,0,450,47.0,314,308,6,41.867
PR00000521,WO00000521,2026-01-22,B,P02,P02_L03,SKU003,480,37,0,443,47.0,341,333,8,46.185
PR00000522,WO00000522,2026-01-22,C,P02,P02_L03,SKU007,480,24,95,361,47.0,243,240,3,40.388
PR00000541,WO00000541,2026-01-23,A,P02,P02_L01,SKU006,480,0,0,480,48.8,361,352,9,45.125
PR00000542,WO00000542,2026-01-23,B,P02,P02_L01,SKU003,480,0,0,480,48.8,356,348,8,44.5
PR00000543,WO00000543,2026-01-23,C,P02,P02_L01,SKU006,480,39,18,423,48.8,286,278,8,40.567
PR00000544,WO00000544,2026-01-23,A,P02,P02_L02,SKU002,480,0,0,480,55.9,389,378,11,48.625
PR00000545,WO00000545,2026-01-23,B,P02,P02_L02,SKU002,480,0,0,480,55.9,366,354,12,45.75
PR00000546,WO00000546,2026-01-23,C,P02,P02_L02,SKU002,480,0,20,460,55.9,314,304,10,40.957
PR00000547,WO00000547,2026-01-23,A,P02,P02_L03,SKU005,480,17,0,463,47.0,331,323,8,42.894
PR00000548,WO00000548,2026-01-23,B,P02,P02_L03,SKU001,480,0,0,480,47.0,319,310,9,39.875
PR00000549,WO00000549,2026-01-23,C,P02,P02_L03,SKU003,480,15,0,465,47.0,307,300,7,39.613
PR00000564,WO00000564,2026-01-24,A,P02,P02_L01,SKU006,480,55,0,425,48.8,322,313,9,45.459
PR00000565,WO00000565,2026-01-24,C,P02,P02_L02,SKU002,480,26,4,450,55.9,326,313,13,43.467
PR00000566,WO00000566,2026-01-24,B,P02,P02_L03,SKU003,480,69,0,411,47.0,289,282,7,42.19
PR00000580,WO00000580,2026-01-25,A,P02,P02_L01,SKU006,480,0,0,480,48.8,361,350,11,45.125
PR00000581,WO00000581,2026-01-25,C,P02,P02_L01,SKU008,480,0,0,480,48.8,324,316,8,40.5
PR00000582,WO00000582,2026-01-25,A,P02,P02_L02,SKU006,480,0,0,480,54.878,439,425,14,54.875
PR00000583,WO00000583,2026-01-25,A,P02,P02_L03,SKU007,480,39,0,441,47.0,292,287,5,39.728
PR00000584,WO00000584,2026-01-25,C,P02,P02_L03,SKU008,480,26,0,454,47.0,289,286,3,38.194
PR00000600,WO00000600,2026-01-26,A,P02,P02_L01,SKU003,480,0,0,480,48.8,387,378,9,48.375
PR00000601,WO00000601,2026-01-26,B,P02,P02_L01,SKU003,480,34,42,404,48.8,297,290,7,44.109
PR00000602,WO00000602,2026-01-26,C,P02,P02_L01,SKU002,480,0,0,480,48.8,319,308,11,39.875
PR00000603,WO00000603,2026-01-26,A,P02,P02_L02,SKU006,480,0,22,458,54.878,379,369,10,49.651
PR00000604,WO00000604,2026-01-26,B,P02,P02_L02,SKU002,480,0,0,480,55.9,371,358,13,46.375
PR00000605,WO00000605,2026-01-26,C,P02,P02_L02,SKU004,480,0,0,480,55.9,360,346,14,45.0
PR00000606,WO00000606,2026-01-26,A,P02,P02_L03,SKU007,480,0,36,444,47.0,300,297,3,40.541
PR00000607,WO00000607,2026-01-26,B,P02,P02_L03,SKU003,480,0,0,480,47.0,344,337,7,43.0
PR00000608,WO00000608,2026-01-26,C,P02,P02_L03,SKU005,480,0,0,480,47.0,306,295,11,38.25
PR00000627,WO00000627,2026-01-27,A,P02,P02_L01,SKU003,480,0,0,480,48.8,387,378,9,48.375
PR00000628,WO00000628,2026-01-27,B,P02,P02_L01,SKU002,480,47,76,357,48.8,251,243,8,42.185
PR00000629,WO00000629,2026-01-27,C,P02,P02_L01,SKU003,480,29,0,451,48.8,307,302,5,40.843
PR00000630,WO00000630,2026-01-27,A,P02,P02_L02,SKU002,480,22,0,458,55.9,381,368,13,49.913
PR00000631,WO00000631,2026-01-27,B,P02,P02_L02,SKU006,480,0,0,480,54.878,387,374,13,48.375
PR00000632,WO00000632,2026-01-27,C,P02,P02_L02,SKU006,480,0,109,371,54.878,279,271,8,45.121
PR00000633,WO00000633,2026-01-27,A,P02,P02_L03,SKU007,480,0,0,480,47.0,342,339,3,42.75
PR00000634,WO00000634,2026-01-27,B,P02,P02_L03,SKU005,480,0,26,454,47.0,288,282,6,38.062
PR00000635,WO00000635,2026-01-27,C,P02,P02_L03,SKU007,480,39,0,441,47.0,290,287,3,39.456
PR00000654,WO00000654,2026-01-28,A,P02,P02_L01,SKU004,480,0,28,452,48.8,323,314,9,42.876
PR00000655,WO00000655,2026-01-28,B,P02,P02_L01,SKU003,480,0,0,480,48.8,352,342,10,44.0
PR00000656,WO00000656,2026-01-28,C,P02,P02_L01,SKU001,480,15,0,465,48.8,308,298,10,39.742
PR00000657,WO00000657,2026-01-28,A,P02,P02_L02,SKU004,480,0,6,474,55.9,395,381,14,50.0
PR00000658,WO00000658,2026-01-28,B,P02,P02_L02,SKU002,480,0,0,480,55.9,376,361,15,47.0
PR00000659,WO00000659,2026-01-28,C,P02,P02_L02,SKU004,480,0,0,480,55.9,378,364,14,47.25
PR00000660,WO00000660,2026-01-28,A,P02,P02_L03,SKU004,480,0,0,480,47.0,326,315,11,40.75
PR00000661,WO00000661,2026-01-28,B,P02,P02_L03,SKU001,480,17,0,463,47.0,309,304,5,40.043
PR00000662,WO00000662,2026-01-28,C,P02,P02_L03,SKU005,480,0,0,480,47.0,286,280,6,35.75
PR00000681,WO00000681,2026-01-29,A,P02,P02_L01,SKU003,480,0,0,480,48.8,351,345,6,43.875
PR00000682,WO00000682,2026-01-29,B,P02,P02_L01,SKU003,480,0,0,480,48.8,348,341,7,43.5
PR00000683,WO00000683,2026-01-29,C,P02,P02_L01,SKU001,480,20,0,460,48.8,313,304,9,40.826
PR00000684,WO00000684,2026-01-29,A,P02,P02_L02,SKU004,480,27,0,453,55.9,377,366,11,49.934
PR00000685,WO00000685,2026-01-29,B,P02,P02_L02,SKU004,480,0,0,480,55.9,370,356,14,46.25
PR00000686,WO00000686,2026-01-29,C,P02,P02_L02,SKU002,480,19,0,461,55.9,336,320,16,43.731
PR00000687,WO00000687,2026-01-29,A,P02,P02_L03,SKU004,480,0,0,480,47.0,354,341,13,44.25
PR00000688,WO00000688,2026-01-29,B,P02,P02_L03,SKU008,480,0,0,480,47.0,311,307,4,38.875
PR00000689,WO00000689,2026-01-29,C,P02,P02_L03,SKU007,480,44,0,436,47.0,292,288,4,40.183
PR00000708,WO00000708,2026-01-30,A,P02,P02_L01,SKU001,480,0,22,458,48.8,343,335,8,44.934
PR00000709,WO00000709,2026-01-30,B,P02,P02_L01,SKU004,480,52,0,428,48.8,294,283,11,41.215
PR00000710,WO00000710,2026-01-30,C,P02,P02_L01,SKU003,480,29,0,451,48.8,308,301,7,40.976
PR00000711,WO00000711,2026-01-30,A,P02,P02_L02,SKU002,480,0,14,466,55.9,390,372,18,50.215
PR00000712,WO00000712,2026-01-30,B,P02,P02_L02,SKU002,480,0,0,480,55.9,357,344,13,44.625
PR00000713,WO00000713,2026-01-30,C,P02,P02_L02,SKU005,480,0,4,476,50.42,304,296,8,38.319
PR00000714,WO00000714,2026-01-30,A,P02,P02_L03,SKU007,480,0,31,449,47.0,328,323,5,43.831
PR00000715,WO00000715,2026-01-30,B,P02,P02_L03,SKU003,480,0,0,480,47.0,331,325,6,41.375
PR00000716,WO00000716,2026-01-30,C,P02,P02_L03,SKU001,480,0,18,462,47.0,301,294,7,39.091
PR00000731,WO00000731,2026-01-31,B,P02,P02_L01,SKU002,480,0,0,480,48.8,331,317,14,41.375
PR00000732,WO00000732,2026-01-31,C,P02,P02_L01,SKU003,480,29,0,451,48.8,302,297,5,40.177
PR00000733,WO00000733,2026-01-31,A,P02,P02_L02,SKU006,480,0,0,480,54.878,392,380,12,49.0
PR00000734,WO00000734,2026-01-31,B,P02,P02_L02,SKU004,480,23,0,457,55.9,373,360,13,48.972
PR00000735,WO00000735,2026-01-31,A,P02,P02_L03,SKU007,480,0,19,461,47.0,313,306,7,40.738
PR00000736,WO00000736,2026-01-31,B,P02,P02_L03,SKU004,480,0,0,480,47.0,312,301,11,39.0
PR00000737,WO00000737,2026-01-31,C,P02,P02_L03,SKU007,480,0,0,480,47.0,322,316,6,40.25
PR00000748,WO00000748,2026-02-01,A,P02,P02_L01,SKU004,480,0,0,480,48.8,350,340,10,43.75
PR00000749,WO00000749,2026-02-01,B,P02,P02_L01,SKU002,480,0,73,407,48.8,270,258,12,39.803
PR00000750,WO00000750,2026-02-01,C,P02,P02_L01,SKU006,480,0,0,480,48.8,343,330,13,42.875
PR00000751,WO00000751,2026-02-01,A,P02,P02_L02,SKU002,480,17,0,463,55.9,380,367,13,49.244
PR00000752,WO00000752,2026-02-01,A,P02,P02_L03,SKU005,480,0,0,480,47.0,328,320,8,41.0
PR00000753,WO00000753,2026-02-01,B,P02,P02_L03,SKU005,480,0,0,480,47.0,309,301,8,38.625
PR00000754,WO00000754,2026-02-01,C,P02,P02_L03,SKU007,480,26,0,454,47.0,298,292,6,39.383
PR00000771,WO00000771,2026-02-02,A,P02,P02_L01,SKU005,480,22,21,437,48.8,304,297,7,41.739
PR00000772,WO00000772,2026-02-02,B,P02,P02_L01,SKU001,480,0,0,480,48.8,335,324,11,41.875
PR00000773,WO00000773,2026-02-02,C,P02,P02_L01,SKU003,480,20,0,460,48.8,319,310,9,41.609
PR00000774,WO00000774,2026-02-02,A,P02,P02_L02,SKU004,480,0,0,480,55.9,389,376,13,48.625
PR00000775,WO00000775,2026-02-02,B,P02,P02_L02,SKU002,480,35,0,445,55.9,327,315,12,44.09
PR00000776,WO00000776,2026-02-02,C,P02,P02_L02,SKU002,480,0,0,480,55.9,321,309,12,40.125
PR00000777,WO00000777,2026-02-02,A,P02,P02_L03,SKU003,480,30,0,450,47.0,296,289,7,39.467
PR00000778,WO00000778,2026-02-02,B,P02,P02_L03,SKU003,480,0,0,480,47.0,337,329,8,42.125
PR00000779,WO00000779,2026-02-02,C,P02,P02_L03,SKU007,480,0,44,436,47.0,301,298,3,41.422
PR00000798,WO00000798,2026-02-03,A,P02,P02_L01,SKU003,480,19,0,461,48.8,361,354,7,46.985
PR00000799,WO00000799,2026-02-03,B,P02,P02_L01,SKU003,480,23,0,457,48.8,335,324,11,43.982
PR00000800,WO00000800,2026-02-03,C,P02,P02_L01,SKU003,480,36,0,444,48.8,307,300,7,41.486
PR00000801,WO00000801,2026-02-03,A,P02,P02_L02,SKU004,480,0,48,432,55.9,364,349,15,50.556
PR00000802,WO00000802,2026-02-03,B,P02,P02_L02,SKU002,480,22,20,438,55.9,341,329,12,46.712
PR00000803,WO00000803,2026-02-03,C,P02,P02_L02,SKU004,480,12,0,468,55.9,345,331,14,44.231
PR00000804,WO00000804,2026-02-03,A,P02,P02_L03,SKU007,480,17,0,463,47.0,311,307,4,40.302
PR00000805,WO00000805,2026-02-03,B,P02,P02_L03,SKU001,480,0,16,464,47.0,299,290,9,38.664
PR00000806,WO00000806,2026-02-03,C,P02,P02_L03,SKU005,480,39,0,441,47.0,255,247,8,34.694
PR00000825,WO00000825,2026-02-04,A,P02,P02_L01,SKU004,480,17,0,463,48.8,341,327,14,44.19
PR00000826,WO00000826,2026-02-04,B,P02,P02_L01,SKU001,480,16,0,464,48.8,315,306,9,40.733
PR00000827,WO00000827,2026-02-04,C,P02,P02_L01,SKU001,480,26,0,454,48.8,303,294,9,40.044
PR00000828,WO00000828,2026-02-04,A,P02,P02_L02,SKU006,480,30,0,450,54.878,365,354,11,48.667
PR00000829,WO00000829,2026-02-04,B,P02,P02_L02,SKU004,480,43,0,437,55.9,349,337,12,47.918
PR00000830,WO00000830,2026-02-04,C,P02,P02_L02,SKU004,480,0,0,480,55.9,363,347,16,45.375
PR00000831,WO00000831,2026-02-04,A,P02,P02_L03,SKU003,480,0,0,480,47.0,342,336,6,42.75
PR00000832,WO00000832,2026-02-04,B,P02,P02_L03,SKU003,480,27,0,453,47.0,311,303,8,41.192
PR00000833,WO00000833,2026-02-04,C,P02,P02_L03,SKU003,480,0,0,480,47.0,317,310,7,39.625
PR00000852,WO00000852,2026-02-05,A,P02,P02_L01,SKU003,480,0,14,466,48.8,337,329,8,43.391
PR00000853,WO00000853,2026-02-05,B,P02,P02_L01,SKU003,480,0,0,480,48.8,351,343,8,43.875
PR00000854,WO00000854,2026-02-05,C,P02,P02_L01,SKU004,480,0,26,454,48.8,311,298,13,41.101
PR00000855,WO00000855,2026-02-05,A,P02,P02_L02,SKU004,480,0,0,480,55.9,358,348,10,44.75
PR00000856,WO00000856,2026-02-05,B,P02,P02_L02,SKU004,480,31,0,449,55.9,367,351,16,49.042
PR00000857,WO00000857,2026-02-05,C,P02,P02_L02,SKU006,480,31,0,449,54.878,360,347,13,48.107
PR00000858,WO00000858,2026-02-05,A,P02,P02_L03,SKU008,480,0,0,480,47.0,326,321,5,40.75
PR00000859,WO00000859,2026-02-05,B,P02,P02_L03,SKU005,480,0,8,472,47.0,316,309,7,40.169
PR00000860,WO00000860,2026-02-05,C,P02,P02_L03,SKU005,480,43,62,375,47.0,227,222,5,36.32
PR00000879,WO00000879,2026-02-06,A,P02,P02_L01,SKU001,480,25,18,437,48.8,313,307,6,42.975
PR00000880,WO00000880,2026-02-06,B,P02,P02_L01,SKU003,480,0,15,465,48.8,344,338,6,44.387
PR00000881,WO00000881,2026-02-06,C,P02,P02_L01,SKU004,480,0,70,410,48.8,292,280,12,42.732
PR00000882,WO00000882,2026-02-06,A,P02,P02_L02,SKU008,480,0,0,480,55.9,390,384,6,48.75
PR00000883,WO00000883,2026-02-06,B,P02,P02_L02,SKU006,480,0,0,480,54.878,361,350,11,45.125
PR00000884,WO00000884,2026-02-06,C,P02,P02_L02,SKU001,480,0,0,480,49.793,328,319,9,41.0
PR00000885,WO00000885,2026-02-06,A,P02,P02_L03,SKU007,480,38,24,418,47.0,298,294,4,42.775
PR00000886,WO00000886,2026-02-06,B,P02,P02_L03,SKU002,480,42,0,438,47.0,280,270,10,38.356
PR00000887,WO00000887,2026-02-06,C,P02,P02_L03,SKU003,480,0,0,480,47.0,310,303,7,38.75
PR00000904,WO00000904,2026-02-07,B,P02,P02_L01,SKU001,480,31,0,449,48.8,304,299,5,40.624
PR00000905,WO00000905,2026-02-07,C,P02,P02_L01,SKU005,480,0,0,480,48.8,297,287,10,37.125
PR00000906,WO00000906,2026-02-07,A,P02,P02_L02,SKU002,480,0,65,415,55.9,344,334,10,49.735
PR00000907,WO00000907,2026-02-07,B,P02,P02_L02,SKU002,480,0,0,480,55.9,387,372,15,48.375
PR00000908,WO00000908,2026-02-07,C,P02,P02_L02,SKU004,480,0,0,480,55.9,361,347,14,45.125
PR00000909,WO00000909,2026-02-07,A,P02,P02_L03,SKU005,480,0,0,480,47.0,316,311,5,39.5
PR00000910,WO00000910,2026-02-07,B,P02,P02_L03,SKU007,480,18,0,462,47.0,307,304,3,39.87
PR00000922,WO00000922,2026-02-08,A,P02,P02_L01,SKU006,480,0,0,480,48.8,349,338,11,43.625
PR00000923,WO00000923,2026-02-08,C,P02,P02_L02,SKU006,480,0,8,472,54.878,377,365,12,47.924
PR00000924,WO00000924,2026-02-08,B,P02,P02_L03,SKU003,480,26,13,441,47.0,316,310,6,42.993
PR00000939,WO00000939,2026-02-09,A,P02,P02_L01,SKU003,480,0,29,451,48.8,344,335,9,45.765
PR00000940,WO00000940,2026-02-09,B,P02,P02_L01,SKU002,480,0,0,480,48.8,302,289,13,37.75
PR00000941,WO00000941,2026-02-09,C,P02,P02_L01,SKU002,480,28,0,452,48.8,302,291,11,40.088
PR00000942,WO00000942,2026-02-09,A,P02,P02_L02,SKU004,480,0,0,480,55.9,403,388,15,50.375
PR00000943,WO00000943,2026-02-09,B,P02,P02_L02,SKU002,480,29,9,442,55.9,332,322,10,45.068
PR00000944,WO00000944,2026-02-09,C,P02,P02_L02,SKU004,480,23,0,457,55.9,341,329,12,44.77
PR00000945,WO00000945,2026-02-09,A,P02,P02_L03,SKU006,480,0,34,446,47.0,294,286,8,39.552
PR00000946,WO00000946,2026-02-09,B,P02,P02_L03,SKU007,480,15,0,465,47.0,299,297,2,38.581
PR00000947,WO00000947,2026-02-09,C,P02,P02_L03,SKU007,480,25,24,431,47.0,281,278,3,39.118
PR00000966,WO00000966,2026-02-10,A,P02,P02_L01,SKU001,480,0,0,480,48.8,333,325,8,41.625
PR00000967,WO00000967,2026-02-10,B,P02,P02_L01,SKU005,480,23,0,457,48.8,297,291,6,38.993
PR00000968,WO00000968,2026-02-10,C,P02,P02_L01,SKU003,480,0,0,480,48.8,330,322,8,41.25
PR00000969,WO00000969,2026-02-10,A,P02,P02_L02,SKU002,480,0,0,480,55.9,383,369,14,47.875
PR00000970,WO00000970,2026-02-10,B,P02,P02_L02,SKU004,480,0,0,480,55.9,373,359,14,46.625
PR00000971,WO00000971,2026-02-10,C,P02,P02_L02,SKU004,480,0,0,480,55.9,369,354,15,46.125
PR00000972,WO00000972,2026-02-10,A,P02,P02_L03,SKU007,480,29,0,451,47.0,298,293,5,39.645
PR00000973,WO00000973,2026-02-10,B,P02,P02_L03,SKU008,480,43,20,417,47.0,269,264,5,38.705
PR00000974,WO00000974,2026-02-10,C,P02,P02_L03,SKU007,480,0,0,480,47.0,300,295,5,37.5
PR00000993,WO00000993,2026-02-11,A,P02,P02_L01,SKU001,480,29,0,451,48.8,313,305,8,41.641
PR00000994,WO00000994,2026-02-11,B,P02,P02_L01,SKU003,480,54,27,399,48.8,289,282,7,43.459
PR00000995,WO00000995,2026-02-11,C,P02,P02_L01,SKU001,480,30,0,450,48.8,274,265,9,36.533
PR00000996,WO00000996,2026-02-11,A,P02,P02_L02,SKU002,480,0,0,480,55.9,377,364,13,47.125
PR00000997,WO00000997,2026-02-11,B,P02,P02_L02,SKU002,480,0,59,421,55.9,302,290,12,43.04
PR00000998,WO00000998,2026-02-11,C,P02,P02_L02,SKU003,480,38,53,389,55.9,319,314,5,49.203
PR00000999,WO00000999,2026-02-11,A,P02,P02_L03,SKU005,480,28,0,452,47.0,299,291,8,39.69
PR00001000,WO00001000,2026-02-11,B,P02,P02_L03,SKU001,480,39,0,441,47.0,295,289,6,40.136
PR00001001,WO00001001,2026-02-11,C,P02,P02_L03,SKU003,480,43,30,407,47.0,264,256,8,38.919
PR00001020,WO00001020,2026-02-12,A,P02,P02_L01,SKU003,480,67,0,413,48.8,310,304,6,45.036
PR00001021,WO00001021,2026-02-12,B,P02,P02_L01,SKU002,480,0,0,480,48.8,330,321,9,41.25
PR00001022,WO00001022,2026-02-12,C,P02,P02_L01,SKU003,480,0,4,476,48.8,334,326,8,42.101
PR00001023,WO00001023,2026-02-12,A,P02,P02_L02,SKU004,480,0,64,416,55.9,355,346,9,51.202
PR00001024,WO00001024,2026-02-12,B,P02,P02_L02,SKU003,480,0,0,480,55.9,414,407,7,51.75
PR00001025,WO00001025,2026-02-12,C,P02,P02_L02,SKU004,480,0,0,480,55.9,399,381,18,49.875
PR00001026,WO00001026,2026-02-12,A,P02,P02_L03,SKU007,480,16,0,464,47.0,318,314,4,41.121
PR00001027,WO00001027,2026-02-12,B,P02,P02_L03,SKU003,480,0,42,438,47.0,323,317,6,44.247
PR00001028,WO00001028,2026-02-12,C,P02,P02_L03,SKU005,480,37,0,443,47.0,275,268,7,37.246
PR00001047,WO00001047,2026-02-13,A,P02,P02_L01,SKU003,480,0,0,480,48.8,380,370,10,47.5
PR00001048,WO00001048,2026-02-13,B,P02,P02_L01,SKU003,480,0,21,459,48.8,326,317,9,42.614
PR00001049,WO00001049,2026-02-13,C,P02,P02_L01,SKU003,480,29,0,451,48.8,327,322,5,43.503
PR00001050,WO00001050,2026-02-13,A,P02,P02_L02,SKU004,480,0,38,442,55.9,369,358,11,50.09
PR00001051,WO00001051,2026-02-13,B,P02,P02_L02,SKU002,480,0,90,390,55.9,299,287,12,46.0
PR00001052,WO00001052,2026-02-13,C,P02,P02_L02,SKU002,480,49,0,431,55.9,323,310,13,44.965
PR00001053,WO00001053,2026-02-13,A,P02,P02_L03,SKU003,480,0,0,480,47.0,360,353,7,45.0
PR00001054,WO00001054,2026-02-13,B,P02,P02_L03,SKU007,480,0,29,451,47.0,286,282,4,38.049
PR00001055,WO00001055,2026-02-13,C,P02,P02_L03,SKU007,480,33,0,447,47.0,287,282,5,38.523
PR00001069,WO00001069,2026-02-14,A,P02,P02_L01,SKU003,480,31,0,449,48.8,335,330,5,44.766
PR00001070,WO00001070,2026-02-14,B,P02,P02_L02,SKU002,480,26,0,454,55.9,341,330,11,45.066
PR00001071,WO00001071,2026-02-14,A,P02,P02_L03,SKU004,480,37,17,426,47.0,292,280,12,41.127
PR00001072,WO00001072,2026-02-14,C,P02,P02_L03,SKU002,480,0,0,480,47.0,320,306,14,40.0
PR00001080,WO00001080,2026-02-15,A,P02,P02_L01,SKU002,480,26,0,454,48.8,306,296,10,40.441
PR00001081,WO00001081,2026-02-15,B,P02,P02_L01,SKU003,480,0,7,473,48.8,346,337,9,43.89
PR00001082,WO00001082,2026-02-15,C,P02,P02_L01,SKU003,480,0,41,439,48.8,309,302,7,42.232
PR00001083,WO00001083,2026-02-15,A,P02,P02_L02,SKU008,480,22,0,458,55.9,380,374,6,49.782
PR00001084,WO00001084,2026-02-15,B,P02,P02_L02,SKU002,480,0,0,480,55.9,352,339,13,44.0
PR00001085,WO00001085,2026-02-15,C,P02,P02_L02,SKU006,480,0,0,480,54.878,367,357,10,45.875
PR00001086,WO00001086,2026-02-15,A,P02,P02_L03,SKU008,480,28,16,436,47.0,302,294,8,41.56
PR00001087,WO00001087,2026-02-15,B,P02,P02_L03,SKU005,480,29,0,451,47.0,296,290,6,39.379
PR00001088,WO00001088,2026-02-15,C,P02,P02_L03,SKU001,480,0,0,480,47.0,303,294,9,37.875
PR00001103,WO00001103,2026-02-16,A,P02,P02_L01,SKU003,480,0,0,480,48.8,345,340,5,43.125
PR00001104,WO00001104,2026-02-16,B,P02,P02_L01,SKU003,480,0,0,480,48.8,338,329,9,42.25
PR00001105,WO00001105,2026-02-16,C,P02,P02_L01,SKU003,480,0,17,463,48.8,327,319,8,42.376
PR00001106,WO00001106,2026-02-16,A,P02,P02_L02,SKU002,480,0,0,480,55.9,385,372,13,48.125
PR00001107,WO00001107,2026-02-16,B,P02,P02_L02,SKU003,480,0,30,450,55.9,385,378,7,51.333
PR00001108,WO00001108,2026-02-16,C,P02,P02_L02,SKU006,480,0,0,480,54.878,381,366,15,47.625
PR00001109,WO00001109,2026-02-16,A,P02,P02_L03,SKU007,480,0,0,480,47.0,360,353,7,45.0
PR00001110,WO00001110,2026-02-16,B,P02,P02_L03,SKU008,480,0,0,480,47.0,321,316,5,40.125
PR00001111,WO00001111,2026-02-16,C,P02,P02_L03,SKU007,480,0,0,480,47.0,308,301,7,38.5
PR00001130,WO00001130,2026-02-17,A,P02,P02_L01,SKU002,480,0,15,465,48.8,319,307,12,41.161
PR00001131,WO00001131,2026-02-17,B,P02,P02_L01,SKU003,480,57,0,423,48.8,309,303,6,43.83
PR00001132,WO00001132,2026-02-17,C,P02,P02_L01,SKU006,480,0,0,480,48.8,339,330,9,42.375
PR00001133,WO00001133,2026-02-17,A,P02,P02_L02,SKU006,480,0,40,440,54.878,384,372,12,52.364
PR00001134,WO00001134,2026-02-17,B,P02,P02_L02,SKU006,480,0,0,480,54.878,398,387,11,49.75
PR00001135,WO00001135,2026-02-17,C,P02,P02_L02,SKU002,480,0,0,480,55.9,359,342,17,44.875
PR00001136,WO00001136,2026-02-17,A,P02,P02_L03,SKU001,480,0,0,480,47.0,324,316,8,40.5
PR00001137,WO00001137,2026-02-17,B,P02,P02_L03,SKU004,480,31,10,439,47.0,302,291,11,41.276
PR00001138,WO00001138,2026-02-17,C,P02,P02_L03,SKU007,480,15,0,465,47.0,313,309,4,40.387
PR00001157,WO00001157,2026-02-18,A,P02,P02_L01,SKU003,480,0,0,480,48.8,361,355,6,45.125
PR00001158,WO00001158,2026-02-18,B,P02,P02_L01,SKU003,480,33,0,447,48.8,327,320,7,43.893
PR00001159,WO00001159,2026-02-18,C,P02,P02_L01,SKU003,480,26,0,454,48.8,327,320,7,43.216
PR00001160,WO00001160,2026-02-18,A,P02,P02_L02,SKU002,480,0,0,480,55.9,390,378,12,48.75
PR00001161,WO00001161,2026-02-18,B,P02,P02_L02,SKU004,480,31,0,449,55.9,375,364,11,50.111
PR00001162,WO00001162,2026-02-18,C,P02,P02_L02,SKU002,480,0,0,480,55.9,358,345,13,44.75
PR00001163,WO00001163,2026-02-18,A,P02,P02_L03,SKU003,480,0,0,480,47.0,349,340,9,43.625
PR00001164,WO00001164,2026-02-18,B,P02,P02_L03,SKU007,480,0,0,480,47.0,317,312,5,39.625
PR00001165,WO00001165,2026-02-18,C,P02,P02_L03,SKU008,480,12,0,468,47.0,273,268,5,35.0
PR00001184,WO00001184,2026-02-19,A,P02,P02_L01,SKU004,480,0,0,480,48.8,344,333,11,43.0
PR00001185,WO00001185,2026-02-19,B,P02,P02_L01,SKU004,480,12,0,468,48.8,325,312,13,41.667
PR00001186,WO00001186,2026-02-19,C,P02,P02_L01,SKU002,480,0,0,480,48.8,297,284,13,37.125
PR00001187,WO00001187,2026-02-19,A,P02,P02_L02,SKU003,480,23,0,457,55.9,388,382,6,50.941
PR00001188,WO00001188,2026-02-19,B,P02,P02_L02,SKU002,480,0,0,480,55.9,382,371,11,47.75
PR00001189,WO00001189,2026-02-19,C,P02,P02_L02,SKU004,480,0,0,480,55.9,358,343,15,44.75
PR00001190,WO00001190,2026-02-19,A,P02,P02_L03,SKU007,480,0,0,480,47.0,327,321,6,40.875
PR00001191,WO00001191,2026-02-19,B,P02,P02_L03,SKU003,480,0,24,456,47.0,320,313,7,42.105
PR00001192,WO00001192,2026-02-19,C,P02,P02_L03,SKU007,480,32,0,448,47.0,283,281,2,37.902
PR00001211,WO00001211,2026-02-20,A,P02,P02_L01,SKU003,480,0,0,480,48.8,382,375,7,47.75
PR00001212,WO00001212,2026-02-20,B,P02,P02_L01,SKU001,480,0,16,464,48.8,334,327,7,43.19
PR00001213,WO00001213,2026-02-20,C,P02,P02_L01,SKU004,480,0,0,480,48.8,331,319,12,41.375
PR00001214,WO00001214,2026-02-20,A,P02,P02_L02,SKU002,480,0,15,465,55.9,382,368,14,49.29
PR00001215,WO00001215,2026-02-20,B,P02,P02_L02,SKU004,480,0,29,451,55.9,367,354,13,48.825
PR00001216,WO00001216,2026-02-20,C,P02,P02_L02,SKU002,480,0,48,432,55.9,316,302,14,43.889
PR00001217,WO00001217,2026-02-20,A,P02,P02_L03,SKU007,480,51,0,429,47.0,300,295,5,41.958
PR00001218,WO00001218,2026-02-20,B,P02,P02_L03,SKU007,480,0,33,447,47.0,301,296,5,40.403
PR00001219,WO00001219,2026-02-20,C,P02,P02_L03,SKU008,480,0,0,480,47.0,299,295,4,37.375
PR00001235,WO00001235,2026-02-21,A,P02,P02_L01,SKU003,480,12,0,468,48.8,359,352,7,46.026
PR00001236,WO00001236,2026-02-21,A,P02,P02_L02,SKU002,480,0,37,443,55.9,353,342,11,47.81
PR00001237,WO00001237,2026-02-21,C,P02,P02_L02,SKU006,480,0,64,416,54.878,300,292,8,43.269
PR00001238,WO00001238,2026-02-21,A,P02,P02_L03,SKU003,480,70,0,410,47.0,276,271,5,40.39
PR00001239,WO00001239,2026-02-21,B,P02,P02_L03,SKU002,480,30,0,450,47.0,295,284,11,39.333
PR00001253,WO00001253,2026-02-22,A,P02,P02_L01,SKU003,480,0,0,480,48.8,352,344,8,44.0
PR00001254,WO00001254,2026-02-22,B,P02,P02_L01,SKU002,480,36,28,416,48.8,281,272,9,40.529
PR00001255,WO00001255,2026-02-22,C,P02,P02_L01,SKU003,480,15,0,465,48.8,336,329,7,43.355
PR00001256,WO00001256,2026-02-22,A,P02,P02_L02,SKU002,480,16,0,464,55.9,356,344,12,46.034
PR00001257,WO00001257,2026-02-22,A,P02,P02_L03,SKU007,480,0,0,480,47.0,326,322,4,40.75
PR00001258,WO00001258,2026-02-22,B,P02,P02_L03,SKU003,480,0,62,418,47.0,280,275,5,40.191
PR00001259,WO00001259,2026-02-22,C,P02,P02_L03,SKU003,480,19,17,444,47.0,298,291,7,40.27
PR00001275,WO00001275,2026-02-23,A,P02,P02_L01,SKU003,480,0,0,480,48.8,352,344,8,44.0
PR00001276,WO00001276,2026-02-23,B,P02,P02_L01,SKU002,480,21,0,459,48.8,302,290,12,39.477
PR00001277,WO00001277,2026-02-23,C,P02,P02_L01,SKU003,480,0,0,480,48.8,325,318,7,40.625
PR00001278,WO00001278,2026-02-23,A,P02,P02_L02,SKU004,480,0,16,464,55.9,375,363,12,48.491
PR00001279,WO00001279,2026-02-23,B,P02,P02_L02,SKU006,480,0,0,480,54.878,399,389,10,49.875
PR00001280,WO00001280,2026-02-23,C,P02,P02_L02,SKU002,480,0,14,466,55.9,358,340,18,46.094
PR00001281,WO00001281,2026-02-23,A,P02,P02_L03,SKU003,480,19,15,446,47.0,334,329,5,44.933
PR00001282,WO00001282,2026-02-23,B,P02,P02_L03,SKU003,480,0,31,449,47.0,322,317,5,43.029
PR00001283,WO00001283,2026-02-23,C,P02,P02_L03,SKU004,480,0,0,480,47.0,318,307,11,39.75
PR00001302,WO00001302,2026-02-24,A,P02,P02_L01,SKU003,480,0,0,480,48.8,368,362,6,46.0
PR00001303,WO00001303,2026-02-24,B,P02,P02_L01,SKU003,480,0,30,450,48.8,337,331,6,44.933
PR00001304,WO00001304,2026-02-24,C,P02,P02_L01,SKU002,480,0,19,461,48.8,287,275,12,37.354
PR00001305,WO00001305,2026-02-24,A,P02,P02_L02,SKU002,480,32,82,366,55.9,308,294,14,50.492
PR00001306,WO00001306,2026-02-24,B,P02,P02_L02,SKU006,480,40,0,440,54.878,343,330,13,46.773
PR00001307,WO00001307,2026-02-24,C,P02,P02_L02,SKU002,480,21,37,422,55.9,320,306,14,45.498
PR00001308,WO00001308,2026-02-24,A,P02,P02_L03,SKU007,480,0,0,480,47.0,341,338,3,42.625
PR00001309,WO00001309,2026-02-24,B,P02,P02_L03,SKU005,480,0,0,480,47.0,302,295,7,37.75
PR00001310,WO00001310,2026-02-24,C,P02,P02_L03,SKU005,480,21,0,459,47.0,284,275,9,37.124
PR00001329,WO00001329,2026-02-25,A,P02,P02_L01,SKU002,480,0,0,480,48.8,327,316,11,40.875
PR00001330,WO00001330,2026-02-25,B,P02,P02_L01,SKU005,480,0,15,465,48.8,333,325,8,42.968
PR00001331,WO00001331,2026-02-25,C,P02,P02_L01,SKU006,480,0,0,480,48.8,355,343,12,44.375
PR00001332,WO00001332,2026-02-25,A,P02,P02_L02,SKU002,480,20,0,460,55.9,353,340,13,46.043
PR00001333,WO00001333,2026-02-25,B,P02,P02_L02,SKU004,480,0,15,465,55.9,386,373,13,49.806
PR00001334,WO00001334,2026-02-25,C,P02,P02_L02,SKU002,480,0,0,480,55.9,366,350,16,45.75
PR00001335,WO00001335,2026-02-25,A,P02,P02_L03,SKU007,480,44,0,436,47.0,302,298,4,41.56
PR00001336,WO00001336,2026-02-25,B,P02,P02_L03,SKU007,480,25,9,446,47.0,314,309,5,42.242
PR00001337,WO00001337,2026-02-25,C,P02,P02_L03,SKU003,480,0,0,480,47.0,308,300,8,38.5
PR00001356,WO00001356,2026-02-26,A,P02,P02_L01,SKU003,480,0,0,480,48.8,402,395,7,50.25
PR00001357,WO00001357,2026-02-26,B,P02,P02_L01,SKU004,480,0,0,480,48.8,356,345,11,44.5
PR00001358,WO00001358,2026-02-26,C,P02,P02_L01,SKU003,480,0,0,480,48.8,311,304,7,38.875
PR00001359,WO00001359,2026-02-26,A,P02,P02_L02,SKU006,480,0,0,480,54.878,420,410,10,52.5
PR00001360,WO00001360,2026-02-26,B,P02,P02_L02,SKU002,480,0,10,470,55.9,350,341,9,44.681
PR00001361,WO00001361,2026-02-26,C,P02,P02_L02,SKU001,480,52,0,428,49.793,270,262,8,37.85
PR00001362,WO00001362,2026-02-26,A,P02,P02_L03,SKU008,480,0,0,480,47.0,300,294,6,37.5
PR00001363,WO00001363,2026-02-26,B,P02,P02_L03,SKU003,480,0,0,480,47.0,317,309,8,39.625
PR00001364,WO00001364,2026-02-26,C,P02,P02_L03,SKU003,480,63,0,417,47.0,278,273,5,40.0
PR00001383,WO00001383,2026-02-27,A,P02,P02_L01,SKU001,480,29,0,451,48.8,328,319,9,43.636
PR00001384,WO00001384,2026-02-27,B,P02,P02_L01,SKU001,480,47,29,404,48.8,304,297,7,45.149
PR00001385,WO00001385,2026-02-27,C,P02,P02_L01,SKU003,480,30,39,411,48.8,287,280,7,41.898
PR00001386,WO00001386,2026-02-27,A,P02,P02_L02,SKU005,480,26,7,447,50.42,320,311,9,42.953
PR00001387,WO00001387,2026-02-27,B,P02,P02_L02,SKU004,480,65,0,415,55.9,339,325,14,49.012
PR00001388,WO00001388,2026-02-27,C,P02,P02_L02,SKU002,480,0,0,480,55.9,354,336,18,44.25
PR00001389,WO00001389,2026-02-27,A,P02,P02_L03,SKU003,480,0,0,480,47.0,347,340,7,43.375
PR00001390,WO00001390,2026-02-27,B,P02,P02_L03,SKU005,480,34,0,446,47.0,277,270,7,37.265
PR00001391,WO00001391,2026-02-27,C,P02,P02_L03,SKU006,480,0,0,480,47.0,303,293,10,37.875
PR00001407,WO00001407,2026-02-28,A,P02,P02_L01,SKU002,480,0,0,480,48.8,350,337,13,43.75
PR00001408,WO00001408,2026-02-28,C,P02,P02_L01,SKU006,480,0,0,480,48.8,333,322,11,41.625
PR00001409,WO00001409,2026-02-28,A,P02,P02_L02,SKU002,480,31,0,449,55.9,357,345,12,47.706
PR00001410,WO00001410,2026-02-28,B,P02,P02_L02,SKU002,480,0,0,480,55.9,372,358,14,46.5
PR00001411,WO00001411,2026-02-28,C,P02,P02_L02,SKU002,480,0,0,480,55.9,353,339,14,44.125
PR00001412,WO00001412,2026-02-28,A,P02,P02_L03,SKU003,480,0,30,450,47.0,333,324,9,44.4
PR00001413,WO00001413,2026-02-28,B,P02,P02_L03,SKU006,480,43,0,437,47.0,306,297,9,42.014
PR00001428,WO00001428,2026-03-01,A,P02,P02_L01,SKU003,480,0,0,480,48.8,368,358,10,46.0
PR00001429,WO00001429,2026-03-01,C,P02,P02_L01,SKU002,480,25,0,455,48.8,276,266,10,36.396
PR00001430,WO00001430,2026-03-01,A,P02,P02_L02,SKU003,480,0,18,462,55.9,390,384,6,50.649
PR00001431,WO00001431,2026-03-01,C,P02,P02_L02,SKU002,480,0,0,480,55.9,365,351,14,45.625
PR00001432,WO00001432,2026-03-01,A,P02,P02_L03,SKU007,480,0,0,480,47.0,339,333,6,42.375
PR00001446,WO00001446,2026-03-02,A,P02,P02_L01,SKU003,480,0,26,454,48.8,315,310,5,41.63
PR00001447,WO00001447,2026-03-02,B,P02,P02_L01,SKU003,480,0,0,480,48.8,350,342,8,43.75
PR00001448,WO00001448,2026-03-02,C,P02,P02_L01,SKU005,480,51,0,429,48.8,281,273,8,39.301
PR00001449,WO00001449,2026-03-02,A,P02,P02_L02,SKU002,480,0,0,480,55.9,411,396,15,51.375
PR00001450,WO00001450,2026-03-02,B,P02,P02_L02,SKU004,480,0,0,480,55.9,378,365,13,47.25
PR00001451,WO00001451,2026-03-02,C,P02,P02_L02,SKU002,480,0,0,480,55.9,343,329,14,42.875
PR00001452,WO00001452,2026-03-02,A,P02,P02_L03,SKU007,480,0,0,480,47.0,331,327,4,41.375
PR00001453,WO00001453,2026-03-02,B,P02,P02_L03,SKU007,480,0,0,480,47.0,325,320,5,40.625
PR00001454,WO00001454,2026-03-02,C,P02,P02_L03,SKU007,480,0,0,480,47.0,327,322,5,40.875
PR00001473,WO00001473,2026-03-03,A,P02,P02_L01,SKU006,480,0,80,400,48.8,288,280,8,43.2
PR00001474,WO00001474,2026-03-03,B,P02,P02_L01,SKU001,480,0,0,480,48.8,341,331,10,42.625
PR00001475,WO00001475,2026-03-03,C,P02,P02_L01,SKU006,480,0,14,466,48.8,320,310,10,41.202
PR00001476,WO00001476,2026-03-03,A,P02,P02_L02,SKU002,480,0,42,438,55.9,356,342,14,48.767
PR00001477,WO00001477,2026-03-03,B,P02,P02_L02,SKU002,480,0,0,480,55.9,371,356,15,46.375
PR00001478,WO00001478,2026-03-03,C,P02,P02_L02,SKU004,480,0,0,480,55.9,374,359,15,46.75
PR00001479,WO00001479,2026-03-03,A,P02,P02_L03,SKU007,480,54,0,426,47.0,276,271,5,38.873
PR00001480,WO00001480,2026-03-03,B,P02,P02_L03,SKU003,480,89,0,391,47.0,278,273,5,42.66
PR00001481,WO00001481,2026-03-03,C,P02,P02_L03,SKU002,480,15,0,465,47.0,296,286,10,38.194
PR00001500,WO00001500,2026-03-04,A,P02,P02_L01,SKU003,480,35,45,400,48.8,294,288,6,44.1
PR00001501,WO00001501,2026-03-04,B,P02,P02_L01,SKU001,480,0,18,462,48.8,317,308,9,41.169
PR00001502,WO00001502,2026-03-04,C,P02,P02_L01,SKU003,480,0,0,480,48.8,342,335,7,42.75
PR00001503,WO00001503,2026-03-04,A,P02,P02_L02,SKU004,480,0,0,480,55.9,392,378,14,49.0
PR00001504,WO00001504,2026-03-04,B,P02,P02_L02,SKU002,480,46,0,434,55.9,326,314,12,45.069
PR00001505,WO00001505,2026-03-04,C,P02,P02_L02,SKU002,480,0,0,480,55.9,372,357,15,46.5
PR00001506,WO00001506,2026-03-04,A,P02,P02_L03,SKU004,480,0,16,464,47.0,312,300,12,40.345
PR00001507,WO00001507,2026-03-04,B,P02,P02_L03,SKU007,480,37,12,431,47.0,291,286,5,40.51
PR00001508,WO00001508,2026-03-04,C,P02,P02_L03,SKU007,480,27,7,446,47.0,290,288,2,39.013
PR00001527,WO00001527,2026-03-05,A,P02,P02_L01,SKU003,480,20,0,460,48.8,350,343,7,45.652
PR00001528,WO00001528,2026-03-05,B,P02,P02_L01,SKU001,480,32,18,430,48.8,294,287,7,41.023
PR00001529,WO00001529,2026-03-05,C,P02,P02_L01,SKU006,480,41,28,411,48.8,283,275,8,41.314
PR00001530,WO00001530,2026-03-05,A,P02,P02_L02,SKU006,480,20,0,460,54.878,384,375,9,50.087
PR00001531,WO00001531,2026-03-05,B,P02,P02_L02,SKU004,480,0,0,480,55.9,364,351,13,45.5
PR00001532,WO00001532,2026-03-05,C,P02,P02_L02,SKU006,480,60,0,420,54.878,319,309,10,45.571
PR00001533,WO00001533,2026-03-05,A,P02,P02_L03,SKU005,480,57,0,423,47.0,292,286,6,41.418
PR00001534,WO00001534,2026-03-05,B,P02,P02_L03,SKU005,480,0,0,480,47.0,306,300,6,38.25
PR00001535,WO00001535,2026-03-05,C,P02,P02_L03,SKU001,480,0,0,480,47.0,289,283,6,36.125
PR00001554,WO00001554,2026-03-06,A,P02,P02_L01,SKU002,480,0,0,480,48.8,316,304,12,39.5
PR00001555,WO00001555,2026-03-06,B,P02,P02_L01,SKU004,480,50,66,364,48.8,256,248,8,42.198
PR00001556,WO00001556,2026-03-06,C,P02,P02_L01,SKU006,480,45,65,370,48.8,249,241,8,40.378
PR00001557,WO00001557,2026-03-06,A,P02,P02_L02,SKU002,480,0,0,480,55.9,381,369,12,47.625
PR00001558,WO00001558,2026-03-06,B,P02,P02_L02,SKU002,480,0,0,480,55.9,356,341,15,44.5
PR00001559,WO00001559,2026-03-06,C,P02,P02_L02,SKU003,480,0,0,480,55.9,382,376,6,47.75
PR00001560,WO00001560,2026-03-06,A,P02,P02_L03,SKU005,480,0,23,457,47.0,314,307,7,41.225
PR00001561,WO00001561,2026-03-06,B,P02,P02_L03,SKU007,480,35,0,445,47.0,309,305,4,41.663
PR00001562,WO00001562,2026-03-06,C,P02,P02_L03,SKU005,480,0,0,480,47.0,291,281,10,36.375
PR00001578,WO00001578,2026-03-07,A,P02,P02_L01,SKU003,480,0,61,419,48.8,314,308,6,44.964
PR00001579,WO00001579,2026-03-07,B,P02,P02_L01,SKU003,480,0,0,480,48.8,344,336,8,43.0
PR00001580,WO00001580,2026-03-07,A,P02,P02_L02,SKU004,480,0,0,480,55.9,407,393,14,50.875
PR00001581,WO00001581,2026-03-07,B,P02,P02_L02,SKU002,480,0,0,480,55.9,348,335,13,43.5
PR00001582,WO00001582,2026-03-07,C,P02,P02_L02,SKU002,480,28,0,452,55.9,337,323,14,44.735
PR00001583,WO00001583,2026-03-07,A,P02,P02_L03,SKU007,480,0,0,480,47.0,342,339,3,42.75
PR00001584,WO00001584,2026-03-07,B,P02,P02_L03,SKU007,480,34,0,446,47.0,303,297,6,40.762
PR00001595,WO00001595,2026-03-08,B,P02,P02_L01,SKU003,480,0,0,480,48.8,340,331,9,42.5
PR00001596,WO00001596,2026-03-08,C,P02,P02_L01,SKU008,480,0,0,480,48.8,300,295,5,37.5
PR00001597,WO00001597,2026-03-08,A,P02,P02_L02,SKU001,480,0,0,480,49.793,342,332,10,42.75
PR00001598,WO00001598,2026-03-08,B,P02,P02_L02,SKU002,480,0,0,480,55.9,369,356,13,46.125
PR00001599,WO00001599,2026-03-08,C,P02,P02_L02,SKU008,480,79,0,401,55.9,297,291,6,44.439
PR00001600,WO00001600,2026-03-08,B,P02,P02_L03,SKU007,480,64,0,416,47.0,285,280,5,41.106
PR00001601,WO00001601,2026-03-08,C,P02,P02_L03,SKU006,480,26,0,454,47.0,300,290,10,39.648
PR00001617,WO00001617,2026-03-09,A,P02,P02_L01,SKU003,480,0,0,480,48.8,348,340,8,43.5
PR00001618,WO00001618,2026-03-09,B,P02,P02_L01,SKU003,480,0,23,457,48.8,323,317,6,42.407
PR00001619,WO00001619,2026-03-09,C,P02,P02_L01,SKU003,480,23,21,436,48.8,301,292,9,41.422
PR00001620,WO00001620,2026-03-09,A,P02,P02_L02,SKU004,480,0,0,480,55.9,391,381,10,48.875
PR00001621,WO00001621,2026-03-09,B,P02,P02_L02,SKU004,480,51,0,429,55.9,347,333,14,48.531
PR00001622,WO00001622,2026-03-09,C,P02,P02_L02,SKU004,480,63,0,417,55.9,321,309,12,46.187
PR00001623,WO00001623,2026-03-09,A,P02,P02_L03,SKU005,480,35,0,445,47.0,293,285,8,39.506
PR00001624,WO00001624,2026-03-09,B,P02,P02_L03,SKU005,480,0,0,480,47.0,323,315,8,40.375
PR00001625,WO00001625,2026-03-09,C,P02,P02_L03,SKU003,480,32,48,400,47.0,266,258,8,39.9
PR00001644,WO00001644,2026-03-10,A,P02,P02_L01,SKU006,480,16,0,464,48.8,357,348,9,46.164
PR00001645,WO00001645,2026-03-10,B,P02,P02_L01,SKU003,480,0,0,480,48.8,333,325,8,41.625
PR00001646,WO00001646,2026-03-10,C,P02,P02_L01,SKU003,480,0,128,352,48.8,245,240,5,41.761
PR00001647,WO00001647,2026-03-10,A,P02,P02_L02,SKU006,480,0,0,480,54.878,392,383,9,49.0
PR00001648,WO00001648,2026-03-10,B,P02,P02_L02,SKU002,480,0,0,480,55.9,380,367,13,47.5
PR00001649,WO00001649,2026-03-10,C,P02,P02_L02,SKU004,480,0,26,454,55.9,362,348,14,47.841
PR00001650,WO00001650,2026-03-10,A,P02,P02_L03,SKU007,480,24,0,456,47.0,320,317,3,42.105
PR00001651,WO00001651,2026-03-10,B,P02,P02_L03,SKU001,480,30,63,387,47.0,257,249,8,39.845
PR00001652,WO00001652,2026-03-10,C,P02,P02_L03,SKU007,480,28,25,427,47.0,274,271,3,38.501
PR00001671,WO00001671,2026-03-11,A,P02,P02_L01,SKU001,480,0,0,480,48.8,345,337,8,43.125
PR00001672,WO00001672,2026-03-11,B,P02,P02_L01,SKU003,480,31,5,444,48.8,320,314,6,43.243
PR00001673,WO00001673,2026-03-11,C,P02,P02_L01,SKU004,480,0,0,480,48.8,325,311,14,40.625
PR00001674,WO00001674,2026-03-11,A,P02,P02_L02,SKU002,480,0,18,462,55.9,368,353,15,47.792
PR00001675,WO00001675,2026-03-11,B,P02,P02_L02,SKU008,480,0,25,455,55.9,334,329,5,44.044
PR00001676,WO00001676,2026-03-11,C,P02,P02_L02,SKU002,480,29,14,437,55.9,334,321,13,45.858
PR00001677,WO00001677,2026-03-11,A,P02,P02_L03,SKU007,480,0,50,430,47.0,290,285,5,40.465
PR00001678,WO00001678,2026-03-11,B,P02,P02_L03,SKU003,480,68,0,412,47.0,287,282,5,41.796
PR00001679,WO00001679,2026-03-11,C,P02,P02_L03,SKU002,480,0,0,480,47.0,298,286,12,37.25
PR00001698,WO00001698,2026-03-12,A,P02,P02_L01,SKU003,480,25,0,455,48.8,338,331,7,44.571
PR00001699,WO00001699,2026-03-12,B,P02,P02_L01,SKU002,480,46,0,434,48.8,285,273,12,39.401
PR00001700,WO00001700,2026-03-12,C,P02,P02_L01,SKU003,480,18,0,462,48.8,335,328,7,43.506
PR00001701,WO00001701,2026-03-12,A,P02,P02_L02,SKU003,480,34,0,446,55.9,367,360,7,49.372
PR00001702,WO00001702,2026-03-12,B,P02,P02_L02,SKU002,480,22,0,458,55.9,359,347,12,47.031
PR00001703,WO00001703,2026-03-12,C,P02,P02_L02,SKU008,480,0,0,480,55.9,366,359,7,45.75
PR00001704,WO00001704,2026-03-12,A,P02,P02_L03,SKU003,480,0,0,480,47.0,342,335,7,42.75
PR00001705,WO00001705,2026-03-12,B,P02,P02_L03,SKU007,480,0,0,480,47.0,305,302,3,38.125
PR00001706,WO00001706,2026-03-12,C,P02,P02_L03,SKU007,480,31,0,449,47.0,281,278,3,37.55
PR00001725,WO00001725,2026-03-13,A,P02,P02_L01,SKU003,480,0,47,433,48.8,326,319,7,45.173
PR00001726,WO00001726,2026-03-13,B,P02,P02_L01,SKU003,480,0,0,480,48.8,355,348,7,44.375
PR00001727,WO00001727,2026-03-13,C,P02,P02_L01,SKU006,480,0,0,480,48.8,334,326,8,41.75
PR00001728,WO00001728,2026-03-13,A,P02,P02_L02,SKU002,480,0,8,472,55.9,376,363,13,47.797
PR00001729,WO00001729,2026-03-13,B,P02,P02_L02,SKU004,480,27,0,453,55.9,346,334,12,45.828
PR00001730,WO00001730,2026-03-13,C,P02,P02_L02,SKU004,480,19,0,461,55.9,347,334,13,45.163
PR00001731,WO00001731,2026-03-13,A,P02,P02_L03,SKU003,480,0,0,480,47.0,336,331,5,42.0
PR00001732,WO00001732,2026-03-13,B,P02,P02_L03,SKU006,480,71,0,409,47.0,289,280,9,42.396
PR00001733,WO00001733,2026-03-13,C,P02,P02_L03,SKU003,480,30,0,450,47.0,320,313,7,42.667
PR00001750,WO00001750,2026-03-14,A,P02,P02_L01,SKU003,480,0,0,480,48.8,363,353,10,45.375
PR00001751,WO00001751,2026-03-14,B,P02,P02_L01,SKU006,480,30,11,439,48.8,328,316,12,44.829
PR00001752,WO00001752,2026-03-14,C,P02,P02_L01,SKU006,480,0,10,470,48.8,316,307,9,40.34
PR00001753,WO00001753,2026-03-14,A,P02,P02_L02,SKU003,480,0,22,458,55.9,392,388,4,51.354
PR00001754,WO00001754,2026-03-14,C,P02,P02_L02,SKU006,480,44,0,436,54.878,356,347,9,48.991
PR00001755,WO00001755,2026-03-14,C,P02,P02_L03,SKU001,480,0,0,480,47.0,296,288,8,37.0
PR00001768,WO00001768,2026-03-15,A,P02,P02_L01,SKU003,480,34,35,411,48.8,307,302,5,44.818
PR00001769,WO00001769,2026-03-15,C,P02,P02_L01,SKU001,480,30,18,432,48.8,308,298,10,42.778
PR00001770,WO00001770,2026-03-15,A,P02,P02_L02,SKU002,480,0,0,480,55.9,376,363,13,47.0
PR00001771,WO00001771,2026-03-15,B,P02,P02_L02,SKU002,480,0,0,480,55.9,372,359,13,46.5
PR00001772,WO00001772,2026-03-15,C,P02,P02_L02,SKU006,480,0,0,480,54.878,382,368,14,47.75
PR00001773,WO00001773,2026-03-15,B,P02,P02_L03,SKU001,480,59,0,421,47.0,292,287,5,41.615
PR00001787,WO00001787,2026-03-16,A,P02,P02_L01,SKU005,480,17,24,439,48.8,309,300,9,42.232
PR00001788,WO00001788,2026-03-16,B,P02,P02_L01,SKU001,480,20,0,460,48.8,313,308,5,40.826
PR00001789,WO00001789,2026-03-16,C,P02,P02_L01,SKU003,480,0,0,480,48.8,323,316,7,40.375
PR00001790,WO00001790,2026-03-16,A,P02,P02_L02,SKU002,480,21,21,438,55.9,347,337,10,47.534
PR00001791,WO00001791,2026-03-16,B,P02,P02_L02,SKU004,480,0,0,480,55.9,396,383,13,49.5
PR00001792,WO00001792,2026-03-16,C,P02,P02_L02,SKU002,480,0,17,463,55.9,346,332,14,44.838
PR00001793,WO00001793,2026-03-16,A,P02,P02_L03,SKU007,480,0,43,437,47.0,294,288,6,40.366
PR00001794,WO00001794,2026-03-16,B,P02,P02_L03,SKU007,480,24,35,421,47.0,300,296,4,42.755
PR00001795,WO00001795,2026-03-16,C,P02,P02_L03,SKU007,480,0,0,480,47.0,328,327,1,41.0
PR00001814,WO00001814,2026-03-17,A,P02,P02_L01,SKU006,480,0,11,469,48.8,362,352,10,46.311
PR00001815,WO00001815,2026-03-17,B,P02,P02_L01,SKU002,480,37,0,443,48.8,295,283,12,39.955
PR00001816,WO00001816,2026-03-17,C,P02,P02_L01,SKU002,480,30,0,450,48.8,283,271,12,37.733
PR00001817,WO00001817,2026-03-17,A,P02,P02_L02,SKU004,480,53,49,378,55.9,309,300,9,49.048
PR00001818,WO00001818,2026-03-17,B,P02,P02_L02,SKU006,480,70,0,410,54.878,363,353,10,53.122
PR00001819,WO00001819,2026-03-17,C,P02,P02_L02,SKU001,480,0,0,480,49.793,335,328,7,41.875
PR00001820,WO00001820,2026-03-17,A,P02,P02_L03,SKU004,480,0,0,480,47.0,338,325,13,42.25
PR00001821,WO00001821,2026-03-17,B,P02,P02_L03,SKU005,480,0,5,475,47.0,320,311,9,40.421
PR00001822,WO00001822,2026-03-17,C,P02,P02_L03,SKU001,480,0,0,480,47.0,299,290,9,37.375
PR00001841,WO00001841,2026-03-18,A,P02,P02_L01,SKU002,480,0,0,480,48.8,327,315,12,40.875
PR00001842,WO00001842,2026-03-18,B,P02,P02_L01,SKU004,480,0,0,480,48.8,330,318,12,41.25
PR00001843,WO00001843,2026-03-18,C,P02,P02_L01,SKU006,480,0,0,480,48.8,311,301,10,38.875
PR00001844,WO00001844,2026-03-18,A,P02,P02_L02,SKU002,480,19,0,461,55.9,397,385,12,51.67
PR00001845,WO00001845,2026-03-18,B,P02,P02_L02,SKU004,480,0,22,458,55.9,376,362,14,49.258
PR00001846,WO00001846,2026-03-18,C,P02,P02_L02,SKU008,480,0,0,480,55.9,346,341,5,43.25
PR00001847,WO00001847,2026-03-18,A,P02,P02_L03,SKU008,480,0,0,480,47.0,322,317,5,40.25
PR00001848,WO00001848,2026-03-18,B,P02,P02_L03,SKU007,480,0,0,480,47.0,316,311,5,39.5
PR00001849,WO00001849,2026-03-18,C,P02,P02_L03,SKU007,480,27,18,435,47.0,276,271,5,38.069
PR00001868,WO00001868,2026-03-19,A,P02,P02_L01,SKU002,480,16,0,464,48.8,316,303,13,40.862
PR00001869,WO00001869,2026-03-19,B,P02,P02_L01,SKU004,480,0,12,468,48.8,342,329,13,43.846
PR00001870,WO00001870,2026-03-19,C,P02,P02_L01,SKU003,480,0,0,480,48.8,330,322,8,41.25
PR00001871,WO00001871,2026-03-19,A,P02,P02_L02,SKU004,480,0,0,480,55.9,404,391,13,50.5
PR00001872,WO00001872,2026-03-19,B,P02,P02_L02,SKU002,480,25,0,455,55.9,341,329,12,44.967
PR00001873,WO00001873,2026-03-19,C,P02,P02_L02,SKU008,480,31,0,449,55.9,336,332,4,44.9
PR00001874,WO00001874,2026-03-19,A,P02,P02_L03,SKU007,480,0,18,462,47.0,315,312,3,40.909
PR00001875,WO00001875,2026-03-19,B,P02,P02_L03,SKU004,480,0,20,460,47.0,292,282,10,38.087
PR00001876,WO00001876,2026-03-19,C,P02,P02_L03,SKU007,480,34,0,446,47.0,305,302,3,41.031
PR00001895,WO00001895,2026-03-20,A,P02,P02_L01,SKU003,480,0,0,480,48.8,360,351,9,45.0
PR00001896,WO00001896,2026-03-20,B,P02,P02_L01,SKU003,480,46,0,434,48.8,326,319,7,45.069
PR00001897,WO00001897,2026-03-20,C,P02,P02_L01,SKU001,480,35,0,445,48.8,284,276,8,38.292
PR00001898,WO00001898,2026-03-20,A,P02,P02_L02,SKU004,480,0,16,464,55.9,383,366,17,49.526
PR00001899,WO00001899,2026-03-20,B,P02,P02_L02,SKU002,480,0,0,480,55.9,358,343,15,44.75
PR00001900,WO00001900,2026-03-20,C,P02,P02_L02,SKU004,480,0,0,480,55.9,356,344,12,44.5
PR00001901,WO00001901,2026-03-20,A,P02,P02_L03,SKU001,480,29,0,451,47.0,307,299,8,40.843
PR00001902,WO00001902,2026-03-20,B,P02,P02_L03,SKU003,480,44,51,385,47.0,264,258,6,41.143
PR00001903,WO00001903,2026-03-20,C,P02,P02_L03,SKU004,480,0,10,470,47.0,306,294,12,39.064
PR00001919,WO00001919,2026-03-21,A,P02,P02_L01,SKU001,480,0,0,480,48.8,339,331,8,42.375
PR00001920,WO00001920,2026-03-21,B,P02,P02_L01,SKU003,480,0,0,480,48.8,330,324,6,41.25
PR00001921,WO00001921,2026-03-21,C,P02,P02_L01,SKU002,480,0,51,429,48.8,277,265,12,38.741
PR00001922,WO00001922,2026-03-21,A,P02,P02_L02,SKU006,480,0,0,480,54.878,398,389,9,49.75
PR00001923,WO00001923,2026-03-21,B,P02,P02_L02,SKU004,480,0,0,480,55.9,381,368,13,47.625
PR00001924,WO00001924,2026-03-21,A,P02,P02_L03,SKU003,480,0,0,480,47.0,358,350,8,44.75
PR00001925,WO00001925,2026-03-21,B,P02,P02_L03,SKU004,480,0,0,480,47.0,318,306,12,39.75
PR00001926,WO00001926,2026-03-21,C,P02,P02_L03,SKU003,480,32,0,448,47.0,299,291,8,40.045
PR00001937,WO00001937,2026-03-22,B,P02,P02_L01,SKU003,480,19,0,461,48.8,351,344,7,45.683
PR00001938,WO00001938,2026-03-22,A,P02,P02_L02,SKU002,480,0,0,480,55.9,387,373,14,48.375
PR00001939,WO00001939,2026-03-22,A,P02,P02_L03,SKU002,480,28,0,452,47.0,320,310,10,42.478
PR00001940,WO00001940,2026-03-22,B,P02,P02_L03,SKU007,480,31,0,449,47.0,298,294,4,39.822
PR00001941,WO00001941,2026-03-22,C,P02,P02_L03,SKU008,480,0,23,457,47.0,273,268,5,35.842
PR00001958,WO00001958,2026-03-23,A,P02,P02_L01,SKU001,480,45,0,435,48.8,310,301,9,42.759
PR00001959,WO00001959,2026-03-23,B,P02,P02_L01,SKU003,480,74,0,406,48.8,294,288,6,43.448
PR00001960,WO00001960,2026-03-23,C,P02,P02_L01,SKU003,480,0,0,480,48.8,306,300,6,38.25
PR00001961,WO00001961,2026-03-23,A,P02,P02_L02,SKU006,480,0,0,480,54.878,423,412,11,52.875
PR00001962,WO00001962,2026-03-23,B,P02,P02_L02,SKU002,480,0,66,414,55.9,313,301,12,45.362
PR00001963,WO00001963,2026-03-23,C,P02,P02_L02,SKU002,480,0,0,480,55.9,363,351,12,45.375
PR00001964,WO00001964,2026-03-23,A,P02,P02_L03,SKU002,480,28,41,411,47.0,271,262,9,39.562
PR00001965,WO00001965,2026-03-23,B,P02,P02_L03,SKU007,480,0,0,480,47.0,322,317,5,40.25
PR00001966,WO00001966,2026-03-23,C,P02,P02_L03,SKU003,480,28,41,411,47.0,278,272,6,40.584
PR00001985,WO00001985,2026-03-24,A,P02,P02_L01,SKU006,480,0,17,463,48.8,351,344,7,45.486
PR00001986,WO00001986,2026-03-24,B,P02,P02_L01,SKU003,480,0,0,480,48.8,337,329,8,42.125
PR00001987,WO00001987,2026-03-24,C,P02,P02_L01,SKU003,480,25,16,439,48.8,303,295,8,41.412
PR00001988,WO00001988,2026-03-24,A,P02,P02_L02,SKU002,480,26,0,454,55.9,367,353,14,48.502
PR00001989,WO00001989,2026-03-24,B,P02,P02_L02,SKU006,480,0,0,480,54.878,412,400,12,51.5
PR00001990,WO00001990,2026-03-24,C,P02,P02_L02,SKU006,480,0,0,480,54.878,370,358,12,46.25
PR00001991,WO00001991,2026-03-24,A,P02,P02_L03,SKU007,480,0,0,480,47.0,347,341,6,43.375
PR00001992,WO00001992,2026-03-24,B,P02,P02_L03,SKU007,480,43,20,417,47.0,268,266,2,38.561
PR00001993,WO00001993,2026-03-24,C,P02,P02_L03,SKU001,480,24,0,456,47.0,285,276,9,37.5
PR00002012,WO00002012,2026-03-25,A,P02,P02_L01,SKU002,480,17,8,455,48.8,313,303,10,41.275
PR00002013,WO00002013,2026-03-25,B,P02,P02_L01,SKU003,480,34,27,419,48.8,304,298,6,43.532
PR00002014,WO00002014,2026-03-25,C,P02,P02_L01,SKU006,480,0,0,480,48.8,368,356,12,46.0
PR00002015,WO00002015,2026-03-25,A,P02,P02_L02,SKU004,480,0,0,480,55.9,393,380,13,49.125
PR00002016,WO00002016,2026-03-25,B,P02,P02_L02,SKU005,480,0,12,468,50.42,339,332,7,43.462
PR00002017,WO00002017,2026-03-25,C,P02,P02_L02,SKU004,480,0,13,467,55.9,373,359,14,47.923
PR00002018,WO00002018,2026-03-25,A,P02,P02_L03,SKU001,480,27,0,453,47.0,303,297,6,40.132
PR00002019,WO00002019,2026-03-25,B,P02,P02_L03,SKU001,480,38,0,442,47.0,287,281,6,38.959
PR00002020,WO00002020,2026-03-25,C,P02,P02_L03,SKU007,480,0,0,480,47.0,317,313,4,39.625
PR00002039,WO00002039,2026-03-26,A,P02,P02_L01,SKU008,480,0,16,464,48.8,326,322,4,42.155
PR00002040,WO00002040,2026-03-26,B,P02,P02_L01,SKU008,480,0,0,480,48.8,324,318,6,40.5
PR00002041,WO00002041,2026-03-26,C,P02,P02_L01,SKU003,480,34,0,446,48.8,308,300,8,41.435
PR00002042,WO00002042,2026-03-26,A,P02,P02_L02,SKU004,480,30,0,450,55.9,359,350,9,47.867
PR00002043,WO00002043,2026-03-26,B,P02,P02_L02,SKU004,480,0,0,480,55.9,404,392,12,50.5
PR00002044,WO00002044,2026-03-26,C,P02,P02_L02,SKU004,480,24,0,456,55.9,349,336,13,45.921
PR00002045,WO00002045,2026-03-26,A,P02,P02_L03,SKU007,480,0,0,480,47.0,337,333,4,42.125
PR00002046,WO00002046,2026-03-26,B,P02,P02_L03,SKU003,480,20,0,460,47.0,341,334,7,44.478
PR00002047,WO00002047,2026-03-26,C,P02,P02_L03,SKU003,480,0,0,480,47.0,333,326,7,41.625
PR00002066,WO00002066,2026-03-27,A,P02,P02_L01,SKU003,480,0,0,480,48.8,360,352,8,45.0
PR00002067,WO00002067,2026-03-27,B,P02,P02_L01,SKU003,480,0,0,480,48.8,363,356,7,45.375
PR00002068,WO00002068,2026-03-27,C,P02,P02_L01,SKU003,480,28,0,452,48.8,323,317,6,42.876
PR00002069,WO00002069,2026-03-27,A,P02,P02_L02,SKU006,480,17,0,463,54.878,373,363,10,48.337
PR00002070,WO00002070,2026-03-27,B,P02,P02_L02,SKU002,480,0,90,390,55.9,292,280,12,44.923
PR00002071,WO00002071,2026-03-27,C,P02,P02_L02,SKU006,480,0,17,463,54.878,374,364,10,48.467
PR00002072,WO00002072,2026-03-27,A,P02,P02_L03,SKU007,480,20,0,460,47.0,332,327,5,43.304
PR00002073,WO00002073,2026-03-27,B,P02,P02_L03,SKU003,480,18,0,462,47.0,332,324,8,43.117
PR00002074,WO00002074,2026-03-27,C,P02,P02_L03,SKU003,480,0,0,480,47.0,326,318,8,40.75
PR00002091,WO00002091,2026-03-28,A,P02,P02_L01,SKU006,480,0,34,446,48.8,310,301,9,41.704
PR00002092,WO00002092,2026-03-28,C,P02,P02_L01,SKU001,480,0,0,480,48.8,326,317,9,40.75
PR00002093,WO00002093,2026-03-28,A,P02,P02_L02,SKU002,480,18,0,462,55.9,362,346,16,47.013
PR00002094,WO00002094,2026-03-28,B,P02,P02_L02,SKU002,480,13,4,463,55.9,364,351,13,47.171
PR00002110,WO00002110,2026-03-29,A,P02,P02_L01,SKU003,480,22,37,421,48.8,331,323,8,47.173
PR00002111,WO00002111,2026-03-29,A,P02,P02_L02,SKU002,480,19,0,461,55.9,391,375,16,50.889
PR00002112,WO00002112,2026-03-29,B,P02,P02_L02,SKU003,480,0,0,480,55.9,411,403,8,51.375
PR00002113,WO00002113,2026-03-29,C,P02,P02_L02,SKU001,480,23,0,457,49.793,305,297,8,40.044
PR00002130,WO00002130,2026-03-30,A,P02,P02_L01,SKU003,480,0,0,480,48.8,369,363,6,46.125
PR00002131,WO00002131,2026-03-30,B,P02,P02_L01,SKU004,480,21,0,459,48.8,326,313,13,42.614
PR00002132,WO00002132,2026-03-30,C,P02,P02_L01,SKU006,480,38,13,429,48.8,287,278,9,40.14
PR00002133,WO00002133,2026-03-30,A,P02,P02_L02,SKU002,480,88,0,392,55.9,320,309,11,48.98
PR00002134,WO00002134,2026-03-30,B,P02,P02_L02,SKU001,480,0,91,389,49.793,278,272,6,42.879
PR00002135,WO00002135,2026-03-30,C,P02,P02_L02,SKU004,480,0,26,454,55.9,349,336,13,46.123
PR00002136,WO00002136,2026-03-30,A,P02,P02_L03,SKU007,480,0,0,480,47.0,338,334,4,42.25
PR00002137,WO00002137,2026-03-30,B,P02,P02_L03,SKU003,480,0,14,466,47.0,321,315,6,41.33
PR00002138,WO00002138,2026-03-30,C,P02,P02_L03,SKU007,480,0,26,454,47.0,271,267,4,35.815
PR00002157,WO00002157,2026-03-31,A,P02,P02_L01,SKU006,480,31,0,449,48.8,306,297,9,40.891
PR00002158,WO00002158,2026-03-31,B,P02,P02_L01,SKU003,480,0,0,480,48.8,344,338,6,43.0
PR00002159,WO00002159,2026-03-31,C,P02,P02_L01,SKU003,480,0,0,480,48.8,333,327,6,41.625
PR00002160,WO00002160,2026-03-31,A,P02,P02_L02,SKU002,480,0,0,480,55.9,370,360,10,46.25
PR00002161,WO00002161,2026-03-31,B,P02,P02_L02,SKU002,480,32,83,365,55.9,278,269,9,45.699
PR00002162,WO00002162,2026-03-31,C,P02,P02_L02,SKU004,480,24,0,456,55.9,348,335,13,45.789
PR00002163,WO00002163,2026-03-31,A,P02,P02_L03,SKU007,480,0,0,480,47.0,327,322,5,40.875
PR00002164,WO00002164,2026-03-31,B,P02,P02_L03,SKU007,480,0,0,480,47.0,314,311,3,39.25
PR00002165,WO00002165,2026-03-31,C,P02,P02_L03,SKU001,480,0,0,480,47.0,290,283,7,36.25
PR00002184,WO00002184,2026-04-01,A,P02,P02_L01,SKU004,480,20,77,383,48.8,284,275,9,44.491
PR00002185,WO00002185,2026-04-01,B,P02,P02_L01,SKU006,480,20,0,460,48.8,343,333,10,44.739
PR00002186,WO00002186,2026-04-01,C,P02,P02_L01,SKU006,480,30,0,450,48.8,304,295,9,40.533
PR00002187,WO00002187,2026-04-01,A,P02,P02_L02,SKU006,480,0,0,480,54.878,381,368,13,47.625
PR00002188,WO00002188,2026-04-01,B,P02,P02_L02,SKU003,480,0,0,480,55.9,393,384,9,49.125
PR00002189,WO00002189,2026-04-01,C,P02,P02_L02,SKU002,480,0,0,480,55.9,356,341,15,44.5
PR00002190,WO00002190,2026-04-01,A,P02,P02_L03,SKU007,480,29,0,451,47.0,307,302,5,40.843
PR00002191,WO00002191,2026-04-01,B,P02,P02_L03,SKU008,480,0,9,471,47.0,310,305,5,39.49
PR00002192,WO00002192,2026-04-01,C,P02,P02_L03,SKU003,480,0,0,480,47.0,329,319,10,41.125
PR00002211,WO00002211,2026-04-02,A,P02,P02_L01,SKU003,480,0,75,405,48.8,317,311,6,46.963
PR00002212,WO00002212,2026-04-02,B,P02,P02_L01,SKU006,480,27,20,433,48.8,323,314,9,44.758
PR00002213,WO00002213,2026-04-02,C,P02,P02_L01,SKU003,480,0,37,443,48.8,309,301,8,41.851
PR00002214,WO00002214,2026-04-02,A,P02,P02_L02,SKU004,480,0,0,480,55.9,384,371,13,48.0
PR00002215,WO00002215,2026-04-02,B,P02,P02_L02,SKU006,480,0,0,480,54.878,381,369,12,47.625
PR00002216,WO00002216,2026-04-02,C,P02,P02_L02,SKU004,480,28,0,452,55.9,338,324,14,44.867
PR00002217,WO00002217,2026-04-02,A,P02,P02_L03,SKU003,480,0,0,480,47.0,341,333,8,42.625
PR00002218,WO00002218,2026-04-02,B,P02,P02_L03,SKU007,480,0,62,418,47.0,274,269,5,39.33
PR00002219,WO00002219,2026-04-02,C,P02,P02_L03,SKU006,480,35,35,410,47.0,280,270,10,40.976
PR00002238,WO00002238,2026-04-03,A,P02,P02_L01,SKU002,480,0,0,480,48.8,318,306,12,39.75
PR00002239,WO00002239,2026-04-03,B,P02,P02_L01,SKU005,480,0,0,480,48.8,313,302,11,39.125
PR00002240,WO00002240,2026-04-03,C,P02,P02_L01,SKU003,480,0,0,480,48.8,331,326,5,41.375
PR00002241,WO00002241,2026-04-03,A,P02,P02_L02,SKU004,480,26,0,454,55.9,363,354,9,47.974
PR00002242,WO00002242,2026-04-03,B,P02,P02_L02,SKU002,480,0,13,467,55.9,365,353,12,46.895
PR00002243,WO00002243,2026-04-03,C,P02,P02_L02,SKU004,480,0,41,439,55.9,358,346,12,48.929
PR00002244,WO00002244,2026-04-03,A,P02,P02_L03,SKU004,480,19,0,461,47.0,298,287,11,38.785
PR00002245,WO00002245,2026-04-03,B,P02,P02_L03,SKU005,480,0,0,480,47.0,323,315,8,40.375
PR00002246,WO00002246,2026-04-03,C,P02,P02_L03,SKU004,480,0,0,480,47.0,302,290,12,37.75
PR00002262,WO00002262,2026-04-04,A,P02,P02_L01,SKU003,480,54,44,382,48.8,291,283,8,45.707
PR00002263,WO00002263,2026-04-04,B,P02,P02_L01,SKU002,480,0,0,480,48.8,330,318,12,41.25
PR00002264,WO00002264,2026-04-04,A,P02,P02_L02,SKU001,480,29,0,451,49.793,332,325,7,44.169
PR00002265,WO00002265,2026-04-04,B,P02,P02_L02,SKU002,480,17,0,463,55.9,355,342,13,46.004
PR00002266,WO00002266,2026-04-04,C,P02,P02_L02,SKU004,480,0,0,480,55.9,376,362,14,47.0
PR00002267,WO00002267,2026-04-04,A,P02,P02_L03,SKU001,480,0,0,480,47.0,343,334,9,42.875
PR00002268,WO00002268,2026-04-04,B,P02,P02_L03,SKU007,480,26,0,454,47.0,318,312,6,42.026
PR00002280,WO00002280,2026-04-05,B,P02,P02_L01,SKU003,480,0,0,480,48.8,352,346,6,44.0
PR00002281,WO00002281,2026-04-05,B,P02,P02_L02,SKU002,480,0,0,480,55.9,362,348,14,45.25
PR00002282,WO00002282,2026-04-05,A,P02,P02_L03,SKU005,480,0,0,480,47.0,319,311,8,39.875
PR00002283,WO00002283,2026-04-05,B,P02,P02_L03,SKU007,480,0,0,480,47.0,326,323,3,40.75
PR00002284,WO00002284,2026-04-05,C,P02,P02_L03,SKU008,480,0,0,480,47.0,306,301,5,38.25
PR00002302,WO00002302,2026-04-06,A,P02,P02_L01,SKU002,480,0,38,442,48.8,322,307,15,43.71
PR00002303,WO00002303,2026-04-06,B,P02,P02_L01,SKU005,480,0,16,464,48.8,301,290,11,38.922
PR00002304,WO00002304,2026-04-06,C,P02,P02_L01,SKU003,480,22,0,458,48.8,316,309,7,41.397
PR00002305,WO00002305,2026-04-06,A,P02,P02_L02,SKU004,480,0,0,480,55.9,396,383,13,49.5
PR00002306,WO00002306,2026-04-06,B,P02,P02_L02,SKU004,480,28,25,427,55.9,336,325,11,47.213
PR00002307,WO00002307,2026-04-06,C,P02,P02_L02,SKU002,480,0,0,480,55.9,360,346,14,45.0
PR00002308,WO00002308,2026-04-06,A,P02,P02_L03,SKU005,480,0,16,464,47.0,323,312,11,41.767
PR00002309,WO00002309,2026-04-06,B,P02,P02_L03,SKU004,480,0,0,480,47.0,310,297,13,38.75
PR00002310,WO00002310,2026-04-06,C,P02,P02_L03,SKU007,480,0,0,480,47.0,294,290,4,36.75
PR00002329,WO00002329,2026-04-07,A,P02,P02_L01,SKU006,480,0,0,480,48.8,353,343,10,44.125
PR00002330,WO00002330,2026-04-07,B,P02,P02_L01,SKU003,480,0,33,447,48.8,321,314,7,43.087
PR00002331,WO00002331,2026-04-07,C,P02,P02_L01,SKU001,480,0,67,413,48.8,279,274,5,40.533
PR00002332,WO00002332,2026-04-07,A,P02,P02_L02,SKU004,480,27,0,453,55.9,352,342,10,46.623
PR00002333,WO00002333,2026-04-07,B,P02,P02_L02,SKU005,480,35,0,445,50.42,310,302,8,41.798
PR00002334,WO00002334,2026-04-07,C,P02,P02_L02,SKU001,480,50,0,430,49.793,282,274,8,39.349
PR00002335,WO00002335,2026-04-07,A,P02,P02_L03,SKU003,480,0,47,433,47.0,322,316,6,44.619
PR00002336,WO00002336,2026-04-07,B,P02,P02_L03,SKU006,480,0,0,480,47.0,348,339,9,43.5
PR00002337,WO00002337,2026-04-07,C,P02,P02_L03,SKU007,480,22,0,458,47.0,295,290,5,38.646
PR00002356,WO00002356,2026-04-08,A,P02,P02_L01,SKU003,480,13,165,302,48.8,236,230,6,46.887
PR00002357,WO00002357,2026-04-08,B,P02,P02_L01,SKU003,480,16,0,464,48.8,313,307,6,40.474
PR00002358,WO00002358,2026-04-08,C,P02,P02_L01,SKU003,480,40,0,440,48.8,307,300,7,41.864
PR00002359,WO00002359,2026-04-08,A,P02,P02_L02,SKU006,480,0,11,469,54.878,402,392,10,51.429
PR00002360,WO00002360,2026-04-08,B,P02,P02_L02,SKU004,480,0,0,480,55.9,395,382,13,49.375
PR00002361,WO00002361,2026-04-08,C,P02,P02_L02,SKU002,480,20,52,408,55.9,317,306,11,46.618
PR00002362,WO00002362,2026-04-08,A,P02,P02_L03,SKU005,480,0,0,480,47.0,304,295,9,38.0
PR00002363,WO00002363,2026-04-08,B,P02,P02_L03,SKU007,480,0,0,480,47.0,316,313,3,39.5
PR00002364,WO00002364,2026-04-08,C,P02,P02_L03,SKU004,480,73,0,407,47.0,258,247,11,38.034
PR00002383,WO00002383,2026-04-09,A,P02,P02_L01,SKU006,480,35,0,445,48.8,317,309,8,42.742
PR00002384,WO00002384,2026-04-09,B,P02,P02_L01,SKU001,480,35,0,445,48.8,293,284,9,39.506
PR00002385,WO00002385,2026-04-09,C,P02,P02_L01,SKU006,480,0,0,480,48.8,324,312,12,40.5
PR00002386,WO00002386,2026-04-09,A,P02,P02_L02,SKU004,480,0,0,480,55.9,391,377,14,48.875
PR00002387,WO00002387,2026-04-09,B,P02,P02_L02,SKU004,480,0,0,480,55.9,398,385,13,49.75
PR00002388,WO00002388,2026-04-09,C,P02,P02_L02,SKU002,480,24,0,456,55.9,323,309,14,42.5
PR00002389,WO00002389,2026-04-09,A,P02,P02_L03,SKU003,480,27,0,453,47.0,340,333,7,45.033
PR00002390,WO00002390,2026-04-09,B,P02,P02_L03,SKU003,480,53,23,404,47.0,282,275,7,41.881
PR00002391,WO00002391,2026-04-09,C,P02,P02_L03,SKU007,480,0,0,480,47.0,315,309,6,39.375
PR00002410,WO00002410,2026-04-10,A,P02,P02_L01,SKU002,480,22,0,458,48.8,313,301,12,41.004
PR00002411,WO00002411,2026-04-10,B,P02,P02_L01,SKU003,480,34,15,431,48.8,310,307,3,43.155
PR00002412,WO00002412,2026-04-10,C,P02,P02_L01,SKU003,480,77,0,403,48.8,308,299,9,45.856
PR00002413,WO00002413,2026-04-10,A,P02,P02_L02,SKU006,480,0,0,480,54.878,419,408,11,52.375
PR00002414,WO00002414,2026-04-10,B,P02,P02_L02,SKU002,480,0,28,452,55.9,347,335,12,46.062
PR00002415,WO00002415,2026-04-10,C,P02,P02_L02,SKU004,480,23,0,457,55.9,357,343,14,46.871
PR00002416,WO00002416,2026-04-10,A,P02,P02_L03,SKU003,480,34,0,446,47.0,321,313,8,43.184
PR00002417,WO00002417,2026-04-10,B,P02,P02_L03,SKU003,480,0,0,480,47.0,326,320,6,40.75
PR00002418,WO00002418,2026-04-10,C,P02,P02_L03,SKU003,480,0,50,430,47.0,292,284,8,40.744
PR00002433,WO00002433,2026-04-11,A,P02,P02_L01,SKU006,480,0,25,455,48.8,366,355,11,48.264
PR00002434,WO00002434,2026-04-11,C,P02,P02_L01,SKU003,480,0,0,480,48.8,327,317,10,40.875
PR00002435,WO00002435,2026-04-11,A,P02,P02_L02,SKU002,480,0,73,407,55.9,339,327,12,49.975
PR00002436,WO00002436,2026-04-11,B,P02,P02_L02,SKU002,480,0,79,401,55.9,297,285,12,44.439
PR00002437,WO00002437,2026-04-11,B,P02,P02_L03,SKU007,480,0,0,480,47.0,324,319,5,40.5
PR00002438,WO00002438,2026-04-11,C,P02,P02_L03,SKU007,480,0,0,480,47.0,294,289,5,36.75
PR00002447,WO00002447,2026-04-12,B,P02,P02_L01,SKU001,480,0,0,480,48.8,357,350,7,44.625
PR00002448,WO00002448,2026-04-12,C,P02,P02_L01,SKU001,480,0,23,457,48.8,288,282,6,37.812
PR00002449,WO00002449,2026-04-12,A,P02,P02_L02,SKU002,480,0,0,480,55.9,394,383,11,49.25
PR00002450,WO00002450,2026-04-12,B,P02,P02_L02,SKU004,480,26,15,439,55.9,363,349,14,49.613
PR00002451,WO00002451,2026-04-12,C,P02,P02_L02,SKU002,480,0,6,474,55.9,351,336,15,44.43
PR00002452,WO00002452,2026-04-12,A,P02,P02_L03,SKU004,480,29,0,451,47.0,313,301,12,41.641
PR00002453,WO00002453,2026-04-12,C,P02,P02_L03,SKU003,480,26,6,448,47.0,292,284,8,39.107
PR00002470,WO00002470,2026-04-13,A,P02,P02_L01,SKU001,480,26,0,454,48.8,337,329,8,44.537
PR00002471,WO00002471,2026-04-13,B,P02,P02_L01,SKU003,480,0,0,480,48.8,331,323,8,41.375
PR00002472,WO00002472,2026-04-13,C,P02,P02_L01,SKU005,480,0,0,480,48.8,302,295,7,37.75
PR00002473,WO00002473,2026-04-13,A,P02,P02_L02,SKU006,480,19,0,461,54.878,389,379,10,50.629
PR00002474,WO00002474,2026-04-13,B,P02,P02_L02,SKU002,480,0,0,480,55.9,384,369,15,48.0
PR00002475,WO00002475,2026-04-13,C,P02,P02_L02,SKU008,480,0,0,480,55.9,350,345,5,43.75
PR00002476,WO00002476,2026-04-13,A,P02,P02_L03,SKU002,480,28,17,435,47.0,295,284,11,40.69
PR00002477,WO00002477,2026-04-13,B,P02,P02_L03,SKU003,480,12,18,450,47.0,315,309,6,42.0
PR00002478,WO00002478,2026-04-13,C,P02,P02_L03,SKU005,480,17,0,463,47.0,273,266,7,35.378
PR00002497,WO00002497,2026-04-14,A,P02,P02_L01,SKU005,480,16,0,464,48.8,339,330,9,43.836
PR00002498,WO00002498,2026-04-14,B,P02,P02_L01,SKU002,480,0,0,480,48.8,317,304,13,39.625
PR00002499,WO00002499,2026-04-14,C,P02,P02_L01,SKU006,480,0,0,480,48.8,344,335,9,43.0
PR00002500,WO00002500,2026-04-14,A,P02,P02_L02,SKU006,480,0,0,480,54.878,417,405,12,52.125
PR00002501,WO00002501,2026-04-14,B,P02,P02_L02,SKU002,480,0,0,480,55.9,363,350,13,45.375
PR00002502,WO00002502,2026-04-14,C,P02,P02_L02,SKU002,480,37,0,443,55.9,306,295,11,41.445
PR00002503,WO00002503,2026-04-14,A,P02,P02_L03,SKU007,480,43,0,437,47.0,303,298,5,41.602
PR00002504,WO00002504,2026-04-14,B,P02,P02_L03,SKU003,480,0,0,480,47.0,342,335,7,42.75
PR00002505,WO00002505,2026-04-14,C,P02,P02_L03,SKU004,480,20,34,426,47.0,274,264,10,38.592
PR00002524,WO00002524,2026-04-15,A,P02,P02_L01,SKU001,480,52,0,428,48.8,311,305,6,43.598
PR00002525,WO00002525,2026-04-15,B,P02,P02_L01,SKU006,480,21,0,459,48.8,322,312,10,42.092
PR00002526,WO00002526,2026-04-15,C,P02,P02_L01,SKU003,480,0,34,446,48.8,304,298,6,40.897
PR00002527,WO00002527,2026-04-15,A,P02,P02_L02,SKU002,480,31,52,397,55.9,319,307,12,48.212
PR00002528,WO00002528,2026-04-15,B,P02,P02_L02,SKU002,480,33,0,447,55.9,337,324,13,45.235
PR00002529,WO00002529,2026-04-15,C,P02,P02_L02,SKU002,480,24,21,435,55.9,327,313,14,45.103
PR00002530,WO00002530,2026-04-15,A,P02,P02_L03,SKU005,480,0,32,448,47.0,297,292,5,39.777
PR00002531,WO00002531,2026-04-15,B,P02,P02_L03,SKU001,480,47,0,433,47.0,295,289,6,40.878
PR00002532,WO00002532,2026-04-15,C,P02,P02_L03,SKU007,480,0,0,480,47.0,308,302,6,38.5
PR00002551,WO00002551,2026-04-16,A,P02,P02_L01,SKU005,480,0,22,458,48.8,332,326,6,43.493
PR00002552,WO00002552,2026-04-16,B,P02,P02_L01,SKU001,480,49,0,431,48.8,302,293,9,42.042
PR00002553,WO00002553,2026-04-16,C,P02,P02_L01,SKU003,480,0,0,480,48.8,319,312,7,39.875
PR00002554,WO00002554,2026-04-16,A,P02,P02_L02,SKU001,480,0,0,480,49.793,353,346,7,44.125
PR00002555,WO00002555,2026-04-16,B,P02,P02_L02,SKU002,480,0,0,480,55.9,352,338,14,44.0
PR00002556,WO00002556,2026-04-16,C,P02,P02_L02,SKU004,480,0,11,469,55.9,356,341,15,45.544
PR00002557,WO00002557,2026-04-16,A,P02,P02_L03,SKU005,480,0,0,480,47.0,308,303,5,38.5
PR00002558,WO00002558,2026-04-16,B,P02,P02_L03,SKU003,480,0,0,480,47.0,362,353,9,45.25
PR00002559,WO00002559,2026-04-16,C,P02,P02_L03,SKU007,480,0,15,465,47.0,311,307,4,40.129
PR00002578,WO00002578,2026-04-17,A,P02,P02_L01,SKU003,480,27,34,419,48.8,299,295,4,42.816
PR00002579,WO00002579,2026-04-17,B,P02,P02_L01,SKU003,480,31,0,449,48.8,319,312,7,42.628
PR00002580,WO00002580,2026-04-17,C,P02,P02_L01,SKU001,480,0,0,480,48.8,319,311,8,39.875
PR00002581,WO00002581,2026-04-17,A,P02,P02_L02,SKU006,480,28,0,452,54.878,386,374,12,51.239
PR00002582,WO00002582,2026-04-17,B,P02,P02_L02,SKU002,480,0,0,480,55.9,383,371,12,47.875
PR00002583,WO00002583,2026-04-17,C,P02,P02_L02,SKU005,480,0,0,480,50.42,311,303,8,38.875
PR00002584,WO00002584,2026-04-17,A,P02,P02_L03,SKU003,480,0,0,480,47.0,333,324,9,41.625
PR00002585,WO00002585,2026-04-17,B,P02,P02_L03,SKU002,480,20,0,460,47.0,285,274,11,37.174
PR00002586,WO00002586,2026-04-17,C,P02,P02_L03,SKU007,480,39,0,441,47.0,286,280,6,38.912
PR00002601,WO00002601,2026-04-18,B,P02,P02_L01,SKU003,480,0,0,480,48.8,351,344,7,43.875
PR00002602,WO00002602,2026-04-18,C,P02,P02_L01,SKU006,480,24,0,456,48.8,301,290,11,39.605
PR00002603,WO00002603,2026-04-18,B,P02,P02_L02,SKU003,480,0,34,446,55.9,372,366,6,50.045
PR00002604,WO00002604,2026-04-18,A,P02,P02_L03,SKU007,480,0,0,480,47.0,330,326,4,41.25
PR00002605,WO00002605,2026-04-18,B,P02,P02_L03,SKU005,480,0,0,480,47.0,322,314,8,40.25
PR00002606,WO00002606,2026-04-18,C,P02,P02_L03,SKU003,480,54,0,426,47.0,286,280,6,40.282
PR00002616,WO00002616,2026-04-19,A,P02,P02_L01,SKU005,480,0,0,480,48.8,327,320,7,40.875
PR00002617,WO00002617,2026-04-19,B,P02,P02_L01,SKU003,480,60,0,420,48.8,288,284,4,41.143
PR00002618,WO00002618,2026-04-19,C,P02,P02_L01,SKU006,480,0,0,480,48.8,312,302,10,39.0
PR00002619,WO00002619,2026-04-19,A,P02,P02_L02,SKU004,480,0,0,480,55.9,410,395,15,51.25
PR00002620,WO00002620,2026-04-19,C,P02,P02_L02,SKU002,480,31,0,449,55.9,311,298,13,41.559
PR00002621,WO00002621,2026-04-19,A,P02,P02_L03,SKU007,480,0,0,480,47.0,315,310,5,39.375
PR00002622,WO00002622,2026-04-19,B,P02,P02_L03,SKU007,480,17,0,463,47.0,309,305,4,40.043
PR00002623,WO00002623,2026-04-19,C,P02,P02_L03,SKU007,480,32,0,448,47.0,286,282,4,38.304
PR00002639,WO00002639,2026-04-20,A,P02,P02_L01,SKU001,480,0,21,459,48.8,334,328,6,43.66
PR00002640,WO00002640,2026-04-20,B,P02,P02_L01,SKU004,480,0,0,480,48.8,338,326,12,42.25
PR00002641,WO00002641,2026-04-20,C,P02,P02_L01,SKU002,480,0,0,480,48.8,294,285,9,36.75
PR00002642,WO00002642,2026-04-20,A,P02,P02_L02,SKU001,480,0,0,480,49.793,377,368,9,47.125
PR00002643,WO00002643,2026-04-20,B,P02,P02_L02,SKU002,480,52,75,353,55.9,276,266,10,46.912
PR00002644,WO00002644,2026-04-20,C,P02,P02_L02,SKU006,480,0,0,480,54.878,396,382,14,49.5
PR00002645,WO00002645,2026-04-20,A,P02,P02_L03,SKU007,480,42,0,438,47.0,297,294,3,40.685
PR00002646,WO00002646,2026-04-20,B,P02,P02_L03,SKU003,480,0,17,463,47.0,331,321,10,42.894
PR00002647,WO00002647,2026-04-20,C,P02,P02_L03,SKU007,480,27,0,453,47.0,278,274,4,36.821
PR00002666,WO00002666,2026-04-21,A,P02,P02_L01,SKU003,480,20,14,446,48.8,319,311,8,42.915
PR00002667,WO00002667,2026-04-21,B,P02,P02_L01,SKU001,480,0,0,480,48.8,346,337,9,43.25
PR00002668,WO00002668,2026-04-21,C,P02,P02_L01,SKU006,480,51,0,429,48.8,301,291,10,42.098
PR00002669,WO00002669,2026-04-21,A,P02,P02_L02,SKU002,480,25,0,455,55.9,358,346,12,47.209
PR00002670,WO00002670,2026-04-21,B,P02,P02_L02,SKU002,480,0,4,476,55.9,373,360,13,47.017
PR00002671,WO00002671,2026-04-21,C,P02,P02_L02,SKU002,480,0,28,452,55.9,332,317,15,44.071
PR00002672,WO00002672,2026-04-21,A,P02,P02_L03,SKU007,480,0,0,480,47.0,333,330,3,41.625
PR00002673,WO00002673,2026-04-21,B,P02,P02_L03,SKU001,480,0,14,466,47.0,323,315,8,41.588
PR00002674,WO00002674,2026-04-21,C,P02,P02_L03,SKU005,480,0,0,480,47.0,298,291,7,37.25
PR00002693,WO00002693,2026-04-22,A,P02,P02_L01,SKU003,480,14,0,466,48.8,331,322,9,42.618
PR00002694,WO00002694,2026-04-22,B,P02,P02_L01,SKU006,480,0,8,472,48.8,345,333,12,43.856
PR00002695,WO00002695,2026-04-22,C,P02,P02_L01,SKU005,480,25,10,445,48.8,276,268,8,37.213
PR00002696,WO00002696,2026-04-22,A,P02,P02_L02,SKU004,480,0,0,480,55.9,396,382,14,49.5
PR00002697,WO00002697,2026-04-22,B,P02,P02_L02,SKU004,480,0,0,480,55.9,395,383,12,49.375
PR00002698,WO00002698,2026-04-22,C,P02,P02_L02,SKU004,480,12,0,468,55.9,359,344,15,46.026
PR00002699,WO00002699,2026-04-22,A,P02,P02_L03,SKU007,480,0,0,480,47.0,332,328,4,41.5
PR00002700,WO00002700,2026-04-22,B,P02,P02_L03,SKU002,480,0,0,480,47.0,326,312,14,40.75
PR00002701,WO00002701,2026-04-22,C,P02,P02_L03,SKU001,480,0,85,395,47.0,243,237,6,36.911
PR00002720,WO00002720,2026-04-23,A,P02,P02_L01,SKU002,480,0,0,480,48.8,337,326,11,42.125
PR00002721,WO00002721,2026-04-23,B,P02,P02_L01,SKU001,480,0,0,480,48.8,353,345,8,44.125
PR00002722,WO00002722,2026-04-23,C,P02,P02_L01,SKU005,480,17,0,463,48.8,291,284,7,37.711
PR00002723,WO00002723,2026-04-23,A,P02,P02_L02,SKU007,480,31,0,449,55.9,362,356,6,48.374
PR00002724,WO00002724,2026-04-23,B,P02,P02_L02,SKU004,480,49,0,431,55.9,345,332,13,48.028
PR00002725,WO00002725,2026-04-23,C,P02,P02_L02,SKU004,480,21,0,459,55.9,344,330,14,44.967
PR00002726,WO00002726,2026-04-23,A,P02,P02_L03,SKU007,480,0,0,480,47.0,352,347,5,44.0
PR00002727,WO00002727,2026-04-23,B,P02,P02_L03,SKU003,480,0,96,384,47.0,278,273,5,43.438
PR00002728,WO00002728,2026-04-23,C,P02,P02_L03,SKU003,480,0,45,435,47.0,294,287,7,40.552
PR00002747,WO00002747,2026-04-24,A,P02,P02_L01,SKU002,480,0,0,480,48.8,317,304,13,39.625
PR00002748,WO00002748,2026-04-24,B,P02,P02_L01,SKU003,480,25,0,455,48.8,331,322,9,43.648
PR00002749,WO00002749,2026-04-24,C,P02,P02_L01,SKU006,480,31,0,449,48.8,319,308,11,42.628
PR00002750,WO00002750,2026-04-24,A,P02,P02_L02,SKU004,480,0,0,480,55.9,401,386,15,50.125
PR00002751,WO00002751,2026-04-24,B,P02,P02_L02,SKU004,480,0,0,480,55.9,360,349,11,45.0
PR00002752,WO00002752,2026-04-24,C,P02,P02_L02,SKU002,480,0,0,480,55.9,357,342,15,44.625
PR00002753,WO00002753,2026-04-24,A,P02,P02_L03,SKU006,480,15,11,454,47.0,347,338,9,45.859
PR00002754,WO00002754,2026-04-24,B,P02,P02_L03,SKU001,480,42,0,438,47.0,300,290,10,41.096
PR00002755,WO00002755,2026-04-24,C,P02,P02_L03,SKU003,480,0,0,480,47.0,316,310,6,39.5
PR00002769,WO00002769,2026-04-25,B,P02,P02_L01,SKU003,480,0,0,480,48.8,339,331,8,42.375
PR00002770,WO00002770,2026-04-25,B,P02,P02_L02,SKU001,480,0,0,480,49.793,341,331,10,42.625
PR00002771,WO00002771,2026-04-25,C,P02,P02_L02,SKU004,480,0,0,480,55.9,386,372,14,48.25
PR00002772,WO00002772,2026-04-25,A,P02,P02_L03,SKU002,480,0,0,480,47.0,319,308,11,39.875
PR00002773,WO00002773,2026-04-25,B,P02,P02_L03,SKU002,480,17,0,463,47.0,290,278,12,37.581
PR00002774,WO00002774,2026-04-25,C,P02,P02_L03,SKU007,480,0,0,480,47.0,323,319,4,40.375
PR00002786,WO00002786,2026-04-26,B,P02,P02_L01,SKU001,480,25,0,455,48.8,314,305,9,41.407
PR00002787,WO00002787,2026-04-26,C,P02,P02_L01,SKU004,480,0,0,480,48.8,323,311,12,40.375
PR00002788,WO00002788,2026-04-26,A,P02,P02_L02,SKU004,480,0,0,480,55.9,391,375,16,48.875
PR00002789,WO00002789,2026-04-26,C,P02,P02_L02,SKU006,480,0,0,480,54.878,376,363,13,47.0
PR00002790,WO00002790,2026-04-26,B,P02,P02_L03,SKU003,480,33,0,447,47.0,322,315,7,43.221
PR00002807,WO00002807,2026-04-27,A,P02,P02_L01,SKU006,480,0,0,480,48.8,360,350,10,45.0
PR00002808,WO00002808,2026-04-27,B,P02,P02_L01,SKU001,480,0,0,480,48.8,346,336,10,43.25
PR00002809,WO00002809,2026-04-27,C,P02,P02_L01,SKU004,480,23,0,457,48.8,293,283,10,38.468
PR00002810,WO00002810,2026-04-27,A,P02,P02_L02,SKU002,480,43,0,437,55.9,355,344,11,48.741
PR00002811,WO00002811,2026-04-27,B,P02,P02_L02,SKU001,480,0,0,480,49.793,346,339,7,43.25
PR00002812,WO00002812,2026-04-27,C,P02,P02_L02,SKU006,480,46,0,434,54.878,349,336,13,48.249
PR00002813,WO00002813,2026-04-27,A,P02,P02_L03,SKU007,480,0,0,480,47.0,315,312,3,39.375
PR00002814,WO00002814,2026-04-27,B,P02,P02_L03,SKU003,480,77,0,403,47.0,276,269,7,41.092
PR00002815,WO00002815,2026-04-27,C,P02,P02_L03,SKU003,480,19,0,461,47.0,324,319,5,42.169
PR00002834,WO00002834,2026-04-28,A,P02,P02_L01,SKU001,480,0,0,480,48.8,349,344,5,43.625
PR00002835,WO00002835,2026-04-28,B,P02,P02_L01,SKU003,480,30,0,450,48.8,334,326,8,44.533
PR00002836,WO00002836,2026-04-28,C,P02,P02_L01,SKU006,480,0,0,480,48.8,360,351,9,45.0
PR00002837,WO00002837,2026-04-28,A,P02,P02_L02,SKU004,480,0,24,456,55.9,367,353,14,48.289
PR00002838,WO00002838,2026-04-28,B,P02,P02_L02,SKU004,480,21,0,459,55.9,381,370,11,49.804
PR00002839,WO00002839,2026-04-28,C,P02,P02_L02,SKU002,480,38,0,442,55.9,311,300,11,42.217
PR00002840,WO00002840,2026-04-28,A,P02,P02_L03,SKU001,480,27,0,453,47.0,292,288,4,38.675
PR00002841,WO00002841,2026-04-28,B,P02,P02_L03,SKU003,480,0,0,480,47.0,341,331,10,42.625
PR00002842,WO00002842,2026-04-28,C,P02,P02_L03,SKU008,480,49,0,431,47.0,264,260,4,36.752
PR00002861,WO00002861,2026-04-29,A,P02,P02_L01,SKU002,480,25,0,455,48.8,311,301,10,41.011
PR00002862,WO00002862,2026-04-29,B,P02,P02_L01,SKU003,480,42,0,438,48.8,312,305,7,42.74
PR00002863,WO00002863,2026-04-29,C,P02,P02_L01,SKU003,480,0,4,476,48.8,353,345,8,44.496
PR00002864,WO00002864,2026-04-29,A,P02,P02_L02,SKU004,480,0,0,480,55.9,398,385,13,49.75
PR00002865,WO00002865,2026-04-29,B,P02,P02_L02,SKU002,480,0,40,440,55.9,304,292,12,41.455
PR00002866,WO00002866,2026-04-29,C,P02,P02_L02,SKU004,480,22,22,436,55.9,322,309,13,44.312
PR00002867,WO00002867,2026-04-29,A,P02,P02_L03,SKU007,480,0,34,446,47.0,312,310,2,41.973
PR00002868,WO00002868,2026-04-29,B,P02,P02_L03,SKU007,480,0,0,480,47.0,326,321,5,40.75
PR00002869,WO00002869,2026-04-29,C,P02,P02_L03,SKU003,480,0,0,480,47.0,336,329,7,42.0
PR00002888,WO00002888,2026-04-30,A,P02,P02_L01,SKU003,480,37,4,439,48.8,316,310,6,43.189
PR00002889,WO00002889,2026-04-30,B,P02,P02_L01,SKU003,480,37,27,416,48.8,300,295,5,43.269
PR00002890,WO00002890,2026-04-30,C,P02,P02_L01,SKU005,480,0,21,459,48.8,315,306,9,41.176
PR00002891,WO00002891,2026-04-30,A,P02,P02_L02,SKU004,480,0,36,444,55.9,357,347,10,48.243
PR00002892,WO00002892,2026-04-30,B,P02,P02_L02,SKU006,480,54,0,426,54.878,346,336,10,48.732
PR00002893,WO00002893,2026-04-30,C,P02,P02_L02,SKU002,480,0,0,480,55.9,347,334,13,43.375
PR00002894,WO00002894,2026-04-30,A,P02,P02_L03,SKU007,480,34,0,446,47.0,315,310,5,42.377
PR00002895,WO00002895,2026-04-30,B,P02,P02_L03,SKU007,480,0,0,480,47.0,309,303,6,38.625
PR00002896,WO00002896,2026-04-30,C,P02,P02_L03,SKU001,480,26,44,410,47.0,278,272,6,40.683
PR00002915,WO00002915,2026-05-01,A,P02,P02_L01,SKU005,480,14,0,466,48.8,316,309,7,40.687
PR00002916,WO00002916,2026-05-01,B,P02,P02_L01,SKU005,480,20,0,460,48.8,297,288,9,38.739
PR00002917,WO00002917,2026-05-01,C,P02,P02_L01,SKU003,480,0,0,480,48.8,325,317,8,40.625
PR00002918,WO00002918,2026-05-01,A,P02,P02_L02,SKU002,480,0,0,480,55.9,364,349,15,45.5
PR00002919,WO00002919,2026-05-01,B,P02,P02_L02,SKU002,480,38,0,442,55.9,322,311,11,43.71
PR00002920,WO00002920,2026-05-01,C,P02,P02_L02,SKU002,480,0,0,480,55.9,352,337,15,44.0
PR00002921,WO00002921,2026-05-01,A,P02,P02_L03,SKU007,480,29,15,436,47.0,308,303,5,42.385
PR00002922,WO00002922,2026-05-01,B,P02,P02_L03,SKU005,480,0,0,480,47.0,307,300,7,38.375
PR00002923,WO00002923,2026-05-01,C,P02,P02_L03,SKU003,480,0,0,480,47.0,346,339,7,43.25
PR00002939,WO00002939,2026-05-02,A,P02,P02_L01,SKU006,480,0,0,480,48.8,347,341,6,43.375
PR00002940,WO00002940,2026-05-02,B,P02,P02_L01,SKU003,480,0,0,480,48.8,352,345,7,44.0
PR00002941,WO00002941,2026-05-02,C,P02,P02_L01,SKU003,480,26,54,400,48.8,274,267,7,41.1
PR00002942,WO00002942,2026-05-02,A,P02,P02_L02,SKU006,480,0,0,480,54.878,390,380,10,48.75
PR00002943,WO00002943,2026-05-02,B,P02,P02_L02,SKU005,480,32,0,448,50.42,315,308,7,42.188
PR00002955,WO00002955,2026-05-03,C,P02,P02_L02,SKU008,480,35,0,445,55.9,319,316,3,43.011
PR00002956,WO00002956,2026-05-03,A,P02,P02_L03,SKU005,480,0,0,480,47.0,324,318,6,40.5
PR00002957,WO00002957,2026-05-03,B,P02,P02_L03,SKU004,480,0,0,480,47.0,327,315,12,40.875
PR00002958,WO00002958,2026-05-03,C,P02,P02_L03,SKU002,480,24,23,433,47.0,250,239,11,34.642
PR00002973,WO00002973,2026-05-04,A,P02,P02_L01,SKU003,480,0,0,480,48.8,359,353,6,44.875
PR00002974,WO00002974,2026-05-04,B,P02,P02_L01,SKU003,480,0,0,480,48.8,357,349,8,44.625
PR00002975,WO00002975,2026-05-04,C,P02,P02_L01,SKU006,480,33,24,423,48.8,301,290,11,42.695
PR00002976,WO00002976,2026-05-04,A,P02,P02_L02,SKU002,480,0,0,480,55.9,389,376,13,48.625
PR00002977,WO00002977,2026-05-04,B,P02,P02_L02,SKU002,480,53,0,427,55.9,313,302,11,43.981
PR00002978,WO00002978,2026-05-04,C,P02,P02_L02,SKU004,480,0,0,480,55.9,371,358,13,46.375
PR00002979,WO00002979,2026-05-04,A,P02,P02_L03,SKU007,480,22,0,458,47.0,342,337,5,44.803
PR00002980,WO00002980,2026-05-04,B,P02,P02_L03,SKU007,480,0,0,480,47.0,337,333,4,42.125
PR00002981,WO00002981,2026-05-04,C,P02,P02_L03,SKU007,480,49,0,431,47.0,290,285,5,40.371
PR00003000,WO00003000,2026-05-05,A,P02,P02_L01,SKU006,480,0,27,453,48.8,347,336,11,45.96
PR00003001,WO00003001,2026-05-05,B,P02,P02_L01,SKU003,480,0,0,480,48.8,340,333,7,42.5
PR00003002,WO00003002,2026-05-05,C,P02,P02_L01,SKU003,480,0,41,439,48.8,310,303,7,42.369
PR00003003,WO00003003,2026-05-05,A,P02,P02_L02,SKU002,480,0,0,480,55.9,394,381,13,49.25
PR00003004,WO00003004,2026-05-05,B,P02,P02_L02,SKU006,480,58,0,422,54.878,338,329,9,48.057
PR00003005,WO00003005,2026-05-05,C,P02,P02_L02,SKU002,480,0,0,480,55.9,358,344,14,44.75
PR00003006,WO00003006,2026-05-05,A,P02,P02_L03,SKU004,480,0,15,465,47.0,329,319,10,42.452
PR00003007,WO00003007,2026-05-05,B,P02,P02_L03,SKU003,480,36,0,444,47.0,289,286,3,39.054
PR00003008,WO00003008,2026-05-05,C,P02,P02_L03,SKU003,480,0,0,480,47.0,326,319,7,40.75
PR00003027,WO00003027,2026-05-06,A,P02,P02_L01,SKU003,480,0,0,480,48.8,355,350,5,44.375
PR00003028,WO00003028,2026-05-06,B,P02,P02_L01,SKU003,480,22,18,440,48.8,308,303,5,42.0
PR00003029,WO00003029,2026-05-06,C,P02,P02_L01,SKU001,480,0,0,480,48.8,309,299,10,38.625
PR00003030,WO00003030,2026-05-06,A,P02,P02_L02,SKU004,480,0,0,480,55.9,375,361,14,46.875
PR00003031,WO00003031,2026-05-06,B,P02,P02_L02,SKU002,480,0,0,480,55.9,372,359,13,46.5
PR00003032,WO00003032,2026-05-06,C,P02,P02_L02,SKU004,480,18,0,462,55.9,359,346,13,46.623
PR00003033,WO00003033,2026-05-06,A,P02,P02_L03,SKU007,480,26,23,431,47.0,288,285,3,40.093
PR00003034,WO00003034,2026-05-06,B,P02,P02_L03,SKU004,480,21,12,447,47.0,309,297,12,41.477
PR00003035,WO00003035,2026-05-06,C,P02,P02_L03,SKU007,480,26,0,454,47.0,290,287,3,38.326
PR00003054,WO00003054,2026-05-07,A,P02,P02_L01,SKU003,480,0,0,480,48.8,352,344,8,44.0
PR00003055,WO00003055,2026-05-07,B,P02,P02_L01,SKU006,480,0,0,480,48.8,330,319,11,41.25
PR00003056,WO00003056,2026-05-07,C,P02,P02_L01,SKU001,480,15,32,433,48.8,306,297,9,42.402
PR00003057,WO00003057,2026-05-07,A,P02,P02_L02,SKU002,480,26,20,434,55.9,342,330,12,47.281
PR00003058,WO00003058,2026-05-07,B,P02,P02_L02,SKU003,480,19,15,446,55.9,364,356,8,48.969
PR00003059,WO00003059,2026-05-07,C,P02,P02_L02,SKU002,480,0,0,480,55.9,358,344,14,44.75
PR00003060,WO00003060,2026-05-07,A,P02,P02_L03,SKU001,480,34,0,446,47.0,306,299,7,41.166
PR00003061,WO00003061,2026-05-07,B,P02,P02_L03,SKU003,480,0,0,480,47.0,332,326,6,41.5
PR00003062,WO00003062,2026-05-07,C,P02,P02_L03,SKU005,480,48,0,432,47.0,261,255,6,36.25
PR00003081,WO00003081,2026-05-08,A,P02,P02_L01,SKU003,480,35,0,445,48.8,356,348,8,48.0
PR00003082,WO00003082,2026-05-08,B,P02,P02_L01,SKU001,480,0,0,480,48.8,340,331,9,42.5
PR00003083,WO00003083,2026-05-08,C,P02,P02_L01,SKU001,480,34,0,446,48.8,293,285,8,39.417
PR00003084,WO00003084,2026-05-08,A,P02,P02_L02,SKU002,480,31,0,449,55.9,359,345,14,47.973
PR00003085,WO00003085,2026-05-08,B,P02,P02_L02,SKU006,480,42,0,438,54.878,364,351,13,49.863
PR00003086,WO00003086,2026-05-08,C,P02,P02_L02,SKU006,480,0,0,480,54.878,399,384,15,49.875
PR00003087,WO00003087,2026-05-08,A,P02,P02_L03,SKU002,480,21,0,459,47.0,315,305,10,41.176
PR00003088,WO00003088,2026-05-08,B,P02,P02_L03,SKU001,480,35,0,445,47.0,318,311,7,42.876
PR00003089,WO00003089,2026-05-08,C,P02,P02_L03,SKU007,480,0,27,453,47.0,282,279,3,37.351
PR00003106,WO00003106,2026-05-09,A,P02,P02_L01,SKU005,480,0,0,480,48.8,318,310,8,39.75
PR00003107,WO00003107,2026-05-09,A,P02,P02_L02,SKU006,480,50,18,412,54.878,337,327,10,49.078
PR00003108,WO00003108,2026-05-09,B,P02,P02_L02,SKU002,480,23,0,457,55.9,361,347,14,47.396
PR00003109,WO00003109,2026-05-09,C,P02,P02_L02,SKU002,480,46,37,397,55.9,286,275,11,43.224
PR00003110,WO00003110,2026-05-09,B,P02,P02_L03,SKU002,480,0,25,455,47.0,299,286,13,39.429
PR00003111,WO00003111,2026-05-09,C,P02,P02_L03,SKU007,480,0,17,463,47.0,290,284,6,37.581
PR00003123,WO00003123,2026-05-10,A,P02,P02_L01,SKU003,480,25,0,455,48.8,350,343,7,46.154
PR00003124,WO00003124,2026-05-10,B,P02,P02_L01,SKU003,480,27,0,453,48.8,316,311,5,41.854
PR00003125,WO00003125,2026-05-10,C,P02,P02_L01,SKU003,480,0,0,480,48.8,343,335,8,42.875
PR00003126,WO00003126,2026-05-10,C,P02,P02_L02,SKU002,480,0,0,480,55.9,351,337,14,43.875
PR00003127,WO00003127,2026-05-10,A,P02,P02_L03,SKU003,480,20,0,460,47.0,320,314,6,41.739
PR00003128,WO00003128,2026-05-10,B,P02,P02_L03,SKU007,480,0,17,463,47.0,315,313,2,40.821
PR00003129,WO00003129,2026-05-10,C,P02,P02_L03,SKU005,480,34,0,446,47.0,271,264,7,36.457
PR00003145,WO00003145,2026-05-11,A,P02,P02_L01,SKU003,480,36,0,444,48.8,323,317,6,43.649
PR00003146,WO00003146,2026-05-11,B,P02,P02_L01,SKU003,480,12,0,468,48.8,334,327,7,42.821
PR00003147,WO00003147,2026-05-11,C,P02,P02_L01,SKU003,480,0,7,473,48.8,320,311,9,40.592
PR00003148,WO00003148,2026-05-11,A,P02,P02_L02,SKU006,480,0,0,480,54.878,404,394,10,50.5
PR00003149,WO00003149,2026-05-11,B,P02,P02_L02,SKU006,480,39,0,441,54.878,371,361,10,50.476
PR00003150,WO00003150,2026-05-11,C,P02,P02_L02,SKU006,480,0,0,480,54.878,377,364,13,47.125
PR00003151,WO00003151,2026-05-11,A,P02,P02_L03,SKU003,480,22,0,458,47.0,323,320,3,42.314
PR00003152,WO00003152,2026-05-11,B,P02,P02_L03,SKU007,480,0,15,465,47.0,313,309,4,40.387
PR00003153,WO00003153,2026-05-11,C,P02,P02_L03,SKU007,480,22,0,458,47.0,300,296,4,39.301
PR00003172,WO00003172,2026-05-12,A,P02,P02_L01,SKU005,480,0,11,469,48.8,330,322,8,42.217
PR00003173,WO00003173,2026-05-12,B,P02,P02_L01,SKU004,480,31,0,449,48.8,321,311,10,42.895
PR00003174,WO00003174,2026-05-12,C,P02,P02_L01,SKU001,480,0,0,480,48.8,331,323,8,41.375
PR00003175,WO00003175,2026-05-12,A,P02,P02_L02,SKU002,480,44,0,436,55.9,335,326,9,46.101
PR00003176,WO00003176,2026-05-12,B,P02,P02_L02,SKU003,480,0,0,480,55.9,420,413,7,52.5
PR00003177,WO00003177,2026-05-12,C,P02,P02_L02,SKU002,480,29,56,395,55.9,265,255,10,40.253
PR00003178,WO00003178,2026-05-12,A,P02,P02_L03,SKU001,480,28,0,452,47.0,305,298,7,40.487
PR00003179,WO00003179,2026-05-12,B,P02,P02_L03,SKU007,480,33,44,403,47.0,270,264,6,40.199
PR00003180,WO00003180,2026-05-12,C,P02,P02_L03,SKU004,480,0,0,480,47.0,328,315,13,41.0
PR00003199,WO00003199,2026-05-13,A,P02,P02_L01,SKU003,480,75,0,405,48.8,299,293,6,44.296
PR00003200,WO00003200,2026-05-13,B,P02,P02_L01,SKU003,480,34,25,421,48.8,312,305,7,44.466
PR00003201,WO00003201,2026-05-13,C,P02,P02_L01,SKU003,480,0,51,429,48.8,309,301,8,43.217
PR00003202,WO00003202,2026-05-13,A,P02,P02_L02,SKU004,480,43,0,437,55.9,369,356,13,50.664
PR00003203,WO00003203,2026-05-13,B,P02,P02_L02,SKU004,480,0,0,480,55.9,386,371,15,48.25
PR00003204,WO00003204,2026-05-13,C,P02,P02_L02,SKU006,480,0,0,480,54.878,376,364,12,47.0
PR00003205,WO00003205,2026-05-13,A,P02,P02_L03,SKU007,480,0,0,480,47.0,331,327,4,41.375
PR00003206,WO00003206,2026-05-13,B,P02,P02_L03,SKU001,480,0,4,476,47.0,308,300,8,38.824
PR00003207,WO00003207,2026-05-13,C,P02,P02_L03,SKU003,480,0,0,480,47.0,309,300,9,38.625
PR00003226,WO00003226,2026-05-14,A,P02,P02_L01,SKU001,480,0,26,454,48.8,330,319,11,43.612
PR00003227,WO00003227,2026-05-14,B,P02,P02_L01,SKU004,480,0,0,480,48.8,347,333,14,43.375
PR00003228,WO00003228,2026-05-14,C,P02,P02_L01,SKU003,480,0,0,480,48.8,331,324,7,41.375
PR00003229,WO00003229,2026-05-14,A,P02,P02_L02,SKU005,480,46,0,434,50.42,291,285,6,40.23
PR00003230,WO00003230,2026-05-14,B,P02,P02_L02,SKU002,480,0,0,480,55.9,372,361,11,46.5
PR00003231,WO00003231,2026-05-14,C,P02,P02_L02,SKU002,480,26,0,454,55.9,330,315,15,43.612
PR00003232,WO00003232,2026-05-14,A,P02,P02_L03,SKU008,480,42,0,438,47.0,294,290,4,40.274
PR00003233,WO00003233,2026-05-14,B,P02,P02_L03,SKU001,480,30,14,436,47.0,287,280,7,39.495
PR00003234,WO00003234,2026-05-14,C,P02,P02_L03,SKU005,480,0,0,480,47.0,280,271,9,35.0
PR00003253,WO00003253,2026-05-15,A,P02,P02_L01,SKU003,480,0,0,480,48.8,376,367,9,47.0
PR00003254,WO00003254,2026-05-15,B,P02,P02_L01,SKU003,480,0,0,480,48.8,343,338,5,42.875
PR00003255,WO00003255,2026-05-15,C,P02,P02_L01,SKU005,480,25,0,455,48.8,294,285,9,38.769
PR00003256,WO00003256,2026-05-15,A,P02,P02_L02,SKU002,480,0,0,480,55.9,394,380,14,49.25
PR00003257,WO00003257,2026-05-15,B,P02,P02_L02,SKU006,480,48,71,361,54.878,281,271,10,46.704
PR00003258,WO00003258,2026-05-15,C,P02,P02_L02,SKU001,480,0,0,480,49.793,334,325,9,41.75
PR00003259,WO00003259,2026-05-15,A,P02,P02_L03,SKU007,480,32,0,448,47.0,318,312,6,42.589
PR00003260,WO00003260,2026-05-15,B,P02,P02_L03,SKU004,480,0,0,480,47.0,317,305,12,39.625
PR00003261,WO00003261,2026-05-15,C,P02,P02_L03,SKU003,480,0,0,480,47.0,329,321,8,41.125
PR00003277,WO00003277,2026-05-16,A,P02,P02_L01,SKU003,480,24,0,456,48.8,358,352,6,47.105
PR00003278,WO00003278,2026-05-16,C,P02,P02_L01,SKU003,480,16,75,389,48.8,267,262,5,41.183
PR00003279,WO00003279,2026-05-16,B,P02,P02_L02,SKU002,480,31,39,410,55.9,304,294,10,44.488
PR00003280,WO00003280,2026-05-16,C,P02,P02_L02,SKU004,480,31,33,416,55.9,318,308,10,45.865
PR00003281,WO00003281,2026-05-16,B,P02,P02_L03,SKU007,480,0,0,480,47.0,324,320,4,40.5
PR00003282,WO00003282,2026-05-16,C,P02,P02_L03,SKU005,480,0,0,480,47.0,289,282,7,36.125
PR00003298,WO00003298,2026-05-17,B,P02,P02_L01,SKU003,480,21,4,455,48.8,313,307,6,41.275
PR00003299,WO00003299,2026-05-17,C,P02,P02_L01,SKU006,480,19,0,461,48.8,347,338,9,45.163
PR00003300,WO00003300,2026-05-17,A,P02,P02_L02,SKU004,480,17,0,463,55.9,392,379,13,50.799
PR00003301,WO00003301,2026-05-17,B,P02,P02_L02,SKU004,480,0,16,464,55.9,349,335,14,45.129
PR00003302,WO00003302,2026-05-17,C,P02,P02_L02,SKU004,480,38,0,442,55.9,341,330,11,46.29
PR00003303,WO00003303,2026-05-17,B,P02,P02_L03,SKU003,480,24,0,456,47.0,311,306,5,40.921
PR00003304,WO00003304,2026-05-17,C,P02,P02_L03,SKU007,480,0,0,480,47.0,304,300,4,38.0
PR00003320,WO00003320,2026-05-18,A,P02,P02_L01,SKU002,480,104,26,350,48.8,230,222,8,39.429
PR00003321,WO00003321,2026-05-18,B,P02,P02_L01,SKU003,480,26,0,454,48.8,329,323,6,43.48
PR00003322,WO00003322,2026-05-18,C,P02,P02_L01,SKU003,480,0,33,447,48.8,304,300,4,40.805
PR00003323,WO00003323,2026-05-18,A,P02,P02_L02,SKU004,480,0,0,480,55.9,405,391,14,50.625
PR00003324,WO00003324,2026-05-18,B,P02,P02_L02,SKU006,480,0,0,480,54.878,380,366,14,47.5
PR00003325,WO00003325,2026-05-18,C,P02,P02_L02,SKU002,480,26,0,454,55.9,332,318,14,43.877
PR00003326,WO00003326,2026-05-18,A,P02,P02_L03,SKU007,480,0,56,424,47.0,308,305,3,43.585
PR00003327,WO00003327,2026-05-18,B,P02,P02_L03,SKU002,480,26,0,454,47.0,306,293,13,40.441
PR00003328,WO00003328,2026-05-18,C,P02,P02_L03,SKU005,480,23,0,457,47.0,279,272,7,36.63
PR00003347,WO00003347,2026-05-19,A,P02,P02_L01,SKU002,480,26,0,454,48.8,294,284,10,38.855
PR00003348,WO00003348,2026-05-19,B,P02,P02_L01,SKU006,480,18,0,462,48.8,365,356,9,47.403
PR00003349,WO00003349,2026-05-19,C,P02,P02_L01,SKU001,480,0,0,480,48.8,328,320,8,41.0
PR00003350,WO00003350,2026-05-19,A,P02,P02_L02,SKU001,480,27,0,453,49.793,318,310,8,42.119
PR00003351,WO00003351,2026-05-19,B,P02,P02_L02,SKU008,480,27,23,430,55.9,358,352,6,49.953
PR00003352,WO00003352,2026-05-19,C,P02,P02_L02,SKU001,480,28,64,388,49.793,262,255,7,40.515
PR00003353,WO00003353,2026-05-19,A,P02,P02_L03,SKU006,480,63,0,417,47.0,308,300,8,44.317
PR00003354,WO00003354,2026-05-19,B,P02,P02_L03,SKU003,480,0,0,480,47.0,343,338,5,42.875
PR00003355,WO00003355,2026-05-19,C,P02,P02_L03,SKU007,480,0,18,462,47.0,294,291,3,38.182
PR00003374,WO00003374,2026-05-20,A,P02,P02_L01,SKU003,480,26,0,454,48.8,356,349,7,47.048
PR00003375,WO00003375,2026-05-20,B,P02,P02_L01,SKU003,480,21,0,459,48.8,336,329,7,43.922
PR00003376,WO00003376,2026-05-20,C,P02,P02_L01,SKU003,480,0,28,452,48.8,309,300,9,41.018
PR00003377,WO00003377,2026-05-20,A,P02,P02_L02,SKU002,480,0,0,480,55.9,366,353,13,45.75
PR00003378,WO00003378,2026-05-20,B,P02,P02_L02,SKU002,480,0,0,480,55.9,366,352,14,45.75
PR00003379,WO00003379,2026-05-20,C,P02,P02_L02,SKU005,480,0,0,480,50.42,322,315,7,40.25
PR00003380,WO00003380,2026-05-20,A,P02,P02_L03,SKU004,480,0,0,480,47.0,338,324,14,42.25
PR00003381,WO00003381,2026-05-20,B,P02,P02_L03,SKU003,480,0,0,480,47.0,333,327,6,41.625
PR00003382,WO00003382,2026-05-20,C,P02,P02_L03,SKU007,480,37,0,443,47.0,278,276,2,37.652
PR00003401,WO00003401,2026-05-21,A,P02,P02_L01,SKU001,480,0,0,480,48.8,365,360,5,45.625
PR00003402,WO00003402,2026-05-21,B,P02,P02_L01,SKU003,480,0,0,480,48.8,347,339,8,43.375
PR00003403,WO00003403,2026-05-21,C,P02,P02_L01,SKU003,480,0,15,465,48.8,325,318,7,41.935
PR00003404,WO00003404,2026-05-21,A,P02,P02_L02,SKU004,480,0,44,436,55.9,368,354,14,50.642
PR00003405,WO00003405,2026-05-21,B,P02,P02_L02,SKU004,480,19,0,461,55.9,367,354,13,47.766
PR00003406,WO00003406,2026-05-21,C,P02,P02_L02,SKU002,480,0,0,480,55.9,323,311,12,40.375
PR00003407,WO00003407,2026-05-21,A,P02,P02_L03,SKU003,480,31,0,449,47.0,311,306,5,41.559
PR00003408,WO00003408,2026-05-21,B,P02,P02_L03,SKU005,480,0,0,480,47.0,293,287,6,36.625
PR00003409,WO00003409,2026-05-21,C,P02,P02_L03,SKU007,480,22,0,458,47.0,288,283,5,37.729
PR00003428,WO00003428,2026-05-22,A,P02,P02_L01,SKU003,480,0,0,480,48.8,367,362,5,45.875
PR00003429,WO00003429,2026-05-22,B,P02,P02_L01,SKU003,480,0,0,480,48.8,340,333,7,42.5
PR00003430,WO00003430,2026-05-22,C,P02,P02_L01,SKU002,480,0,0,480,48.8,323,312,11,40.375
PR00003431,WO00003431,2026-05-22,A,P02,P02_L02,SKU005,480,0,13,467,50.42,327,320,7,42.013
PR00003432,WO00003432,2026-05-22,B,P02,P02_L02,SKU004,480,0,8,472,55.9,375,362,13,47.669
PR00003433,WO00003433,2026-05-22,C,P02,P02_L02,SKU003,480,0,0,480,55.9,374,368,6,46.75
PR00003434,WO00003434,2026-05-22,A,P02,P02_L03,SKU007,480,0,0,480,47.0,329,324,5,41.125
PR00003435,WO00003435,2026-05-22,B,P02,P02_L03,SKU003,480,20,0,460,47.0,321,315,6,41.87
PR00003436,WO00003436,2026-05-22,C,P02,P02_L03,SKU007,480,0,0,480,47.0,306,300,6,38.25
PR00003453,WO00003453,2026-05-23,A,P02,P02_L02,SKU004,480,0,0,480,55.9,415,403,12,51.875
PR00003454,WO00003454,2026-05-23,C,P02,P02_L02,SKU004,480,0,0,480,55.9,357,341,16,44.625
PR00003455,WO00003455,2026-05-23,A,P02,P02_L03,SKU007,480,32,0,448,47.0,300,294,6,40.179
PR00003456,WO00003456,2026-05-23,B,P02,P02_L03,SKU007,480,0,21,459,47.0,304,298,6,39.739
PR00003457,WO00003457,2026-05-23,C,P02,P02_L03,SKU001,480,0,0,480,47.0,325,316,9,40.625
PR00003467,WO00003467,2026-05-24,A,P02,P02_L01,SKU004,480,30,73,377,48.8,265,257,8,42.175
PR00003468,WO00003468,2026-05-24,B,P02,P02_L01,SKU001,480,60,25,395,48.8,263,255,8,39.949
PR00003469,WO00003469,2026-05-24,A,P02,P02_L02,SKU007,480,0,0,480,55.9,433,426,7,54.125
PR00003470,WO00003470,2026-05-24,B,P02,P02_L02,SKU003,480,20,52,408,55.9,329,322,7,48.382
PR00003471,WO00003471,2026-05-24,A,P02,P02_L03,SKU003,480,17,0,463,47.0,340,336,4,44.06
PR00003472,WO00003472,2026-05-24,C,P02,P02_L03,SKU003,480,18,0,462,47.0,313,307,6,40.649
PR00003489,WO00003489,2026-05-25,A,P02,P02_L01,SKU006,480,0,0,480,48.8,369,358,11,46.125
PR00003490,WO00003490,2026-05-25,B,P02,P02_L01,SKU003,480,0,0,480,48.8,349,342,7,43.625
PR00003491,WO00003491,2026-05-25,C,P02,P02_L01,SKU001,480,0,0,480,48.8,328,318,10,41.0
PR00003492,WO00003492,2026-05-25,A,P02,P02_L02,SKU008,480,0,13,467,55.9,363,358,5,46.638
PR00003493,WO00003493,2026-05-25,B,P02,P02_L02,SKU002,480,0,0,480,55.9,353,338,15,44.125
PR00003494,WO00003494,2026-05-25,C,P02,P02_L02,SKU002,480,0,8,472,55.9,334,320,14,42.458
PR00003495,WO00003495,2026-05-25,A,P02,P02_L03,SKU002,480,0,0,480,47.0,325,314,11,40.625
PR00003496,WO00003496,2026-05-25,B,P02,P02_L03,SKU003,480,0,0,480,47.0,344,337,7,43.0
PR00003497,WO00003497,2026-05-25,C,P02,P02_L03,SKU003,480,0,35,445,47.0,316,306,10,42.607
PR00003516,WO00003516,2026-05-26,A,P02,P02_L01,SKU003,480,0,0,480,48.8,372,362,10,46.5
PR00003517,WO00003517,2026-05-26,B,P02,P02_L01,SKU003,480,31,0,449,48.8,315,309,6,42.094
PR00003518,WO00003518,2026-05-26,C,P02,P02_L01,SKU005,480,24,0,456,48.8,298,291,7,39.211
PR00003519,WO00003519,2026-05-26,A,P02,P02_L02,SKU003,480,0,21,459,55.9,420,410,10,54.902
PR00003520,WO00003520,2026-05-26,B,P02,P02_L02,SKU002,480,27,0,453,55.9,359,346,13,47.55
PR00003521,WO00003521,2026-05-26,C,P02,P02_L02,SKU008,480,0,0,480,55.9,372,366,6,46.5
PR00003522,WO00003522,2026-05-26,A,P02,P02_L03,SKU004,480,56,20,404,47.0,307,296,11,45.594
PR00003523,WO00003523,2026-05-26,B,P02,P02_L03,SKU001,480,0,0,480,47.0,328,323,5,41.0
PR00003524,WO00003524,2026-05-26,C,P02,P02_L03,SKU007,480,0,0,480,47.0,302,297,5,37.75
PR00003543,WO00003543,2026-05-27,A,P02,P02_L01,SKU003,480,0,0,480,48.8,367,361,6,45.875
PR00003544,WO00003544,2026-05-27,B,P02,P02_L01,SKU001,480,0,0,480,48.8,320,312,8,40.0
PR00003545,WO00003545,2026-05-27,C,P02,P02_L01,SKU003,480,41,0,439,48.8,309,300,9,42.232
PR00003546,WO00003546,2026-05-27,A,P02,P02_L02,SKU002,480,39,0,441,55.9,349,338,11,47.483
PR00003547,WO00003547,2026-05-27,B,P02,P02_L02,SKU002,480,0,45,435,55.9,341,327,14,47.034
PR00003548,WO00003548,2026-05-27,C,P02,P02_L02,SKU004,480,32,0,448,55.9,344,332,12,46.071
PR00003549,WO00003549,2026-05-27,A,P02,P02_L03,SKU003,480,0,11,469,47.0,328,319,9,41.962
PR00003550,WO00003550,2026-05-27,B,P02,P02_L03,SKU003,480,0,14,466,47.0,352,343,9,45.322
PR00003551,WO00003551,2026-05-27,C,P02,P02_L03,SKU003,480,28,0,452,47.0,323,316,7,42.876
PR00003570,WO00003570,2026-05-28,A,P02,P02_L01,SKU004,480,21,76,383,48.8,291,279,12,45.587
PR00003571,WO00003571,2026-05-28,B,P02,P02_L01,SKU001,480,0,0,480,48.8,333,325,8,41.625
PR00003572,WO00003572,2026-05-28,C,P02,P02_L01,SKU003,480,0,0,480,48.8,329,320,9,41.125
PR00003573,WO00003573,2026-05-28,A,P02,P02_L02,SKU002,480,32,0,448,55.9,346,333,13,46.339
PR00003574,WO00003574,2026-05-28,B,P02,P02_L02,SKU001,480,0,10,470,49.793,330,321,9,42.128
PR00003575,WO00003575,2026-05-28,C,P02,P02_L02,SKU002,480,19,0,461,55.9,347,336,11,45.163
PR00003576,WO00003576,2026-05-28,A,P02,P02_L03,SKU005,480,0,0,480,47.0,289,281,8,36.125
PR00003577,WO00003577,2026-05-28,B,P02,P02_L03,SKU007,480,30,0,450,47.0,290,284,6,38.667
PR00003578,WO00003578,2026-05-28,C,P02,P02_L03,SKU002,480,0,0,480,47.0,292,277,15,36.5
PR00003597,WO00003597,2026-05-29,A,P02,P02_L01,SKU006,480,0,0,480,48.8,355,346,9,44.375
PR00003598,WO00003598,2026-05-29,B,P02,P02_L01,SKU001,480,0,0,480,48.8,343,336,7,42.875
PR00003599,WO00003599,2026-05-29,C,P02,P02_L01,SKU001,480,0,16,464,48.8,313,304,9,40.474
PR00003600,WO00003600,2026-05-29,A,P02,P02_L02,SKU006,480,26,15,439,54.878,371,361,10,50.706
PR00003601,WO00003601,2026-05-29,B,P02,P02_L02,SKU006,480,0,0,480,54.878,387,374,13,48.375
PR00003602,WO00003602,2026-05-29,C,P02,P02_L02,SKU003,480,42,0,438,55.9,340,331,9,46.575
PR00003603,WO00003603,2026-05-29,A,P02,P02_L03,SKU007,480,0,15,465,47.0,330,326,4,42.581
PR00003604,WO00003604,2026-05-29,B,P02,P02_L03,SKU005,480,0,0,480,47.0,321,313,8,40.125
PR00003605,WO00003605,2026-05-29,C,P02,P02_L03,SKU007,480,0,0,480,47.0,316,311,5,39.5
PR00003622,WO00003622,2026-05-30,B,P02,P02_L01,SKU004,480,35,29,416,48.8,264,257,7,38.077
PR00003623,WO00003623,2026-05-30,C,P02,P02_L01,SKU001,480,33,0,447,48.8,297,289,8,39.866
PR00003624,WO00003624,2026-05-30,B,P02,P02_L02,SKU002,480,0,14,466,55.9,381,368,13,49.056
PR00003625,WO00003625,2026-05-30,C,P02,P02_L02,SKU004,480,27,0,453,55.9,327,313,14,43.311
PR00003626,WO00003626,2026-05-30,A,P02,P02_L03,SKU003,480,29,20,431,47.0,334,329,5,46.497
PR00003627,WO00003627,2026-05-30,C,P02,P02_L03,SKU007,480,30,0,450,47.0,309,306,3,41.2
PR00003638,WO00003638,2026-05-31,B,P02,P02_L01,SKU001,480,71,0,409,48.8,283,275,8,41.516
PR00003639,WO00003639,2026-05-31,C,P02,P02_L01,SKU001,480,0,0,480,48.8,339,330,9,42.375
PR00003640,WO00003640,2026-05-31,A,P02,P02_L02,SKU002,480,0,0,480,55.9,366,350,16,45.75
PR00003641,WO00003641,2026-05-31,C,P02,P02_L02,SKU004,480,0,0,480,55.9,369,355,14,46.125
PR00003642,WO00003642,2026-05-31,B,P02,P02_L03,SKU003,480,50,0,430,47.0,305,299,6,42.558
PR00003643,WO00003643,2026-05-31,C,P02,P02_L03,SKU005,480,46,22,412,47.0,256,249,7,37.282
PR00003657,WO00003657,2026-06-01,A,P02,P02_L01,SKU002,480,15,0,465,48.8,288,278,10,37.161
PR00003658,WO00003658,2026-06-01,B,P02,P02_L01,SKU001,480,0,24,456,48.8,295,289,6,38.816
PR00003659,WO00003659,2026-06-01,C,P02,P02_L01,SKU004,480,39,0,441,48.8,293,282,11,39.864
PR00003660,WO00003660,2026-06-01,A,P02,P02_L02,SKU004,480,60,0,420,55.9,349,335,14,49.857
PR00003661,WO00003661,2026-06-01,B,P02,P02_L02,SKU002,480,20,0,460,55.9,363,347,16,47.348
PR00003662,WO00003662,2026-06-01,C,P02,P02_L02,SKU002,480,0,0,480,55.9,335,321,14,41.875
PR00003663,WO00003663,2026-06-01,A,P02,P02_L03,SKU003,480,0,0,480,47.0,333,327,6,41.625
PR00003664,WO00003664,2026-06-01,B,P02,P02_L03,SKU003,480,19,59,402,47.0,275,268,7,41.045
PR00003665,WO00003665,2026-06-01,C,P02,P02_L03,SKU001,480,17,14,449,47.0,290,282,8,38.753
PR00003684,WO00003684,2026-06-02,A,P02,P02_L01,SKU005,480,56,25,399,48.8,285,279,6,42.857
PR00003685,WO00003685,2026-06-02,B,P02,P02_L01,SKU006,480,76,0,404,48.8,290,283,7,43.069
PR00003686,WO00003686,2026-06-02,C,P02,P02_L01,SKU003,480,0,0,480,48.8,318,311,7,39.75
PR00003687,WO00003687,2026-06-02,A,P02,P02_L02,SKU002,480,33,0,447,55.9,361,349,12,48.456
PR00003688,WO00003688,2026-06-02,B,P02,P02_L02,SKU001,480,37,0,443,49.793,326,318,8,44.153
PR00003689,WO00003689,2026-06-02,C,P02,P02_L02,SKU006,480,0,14,466,54.878,358,347,11,46.094
PR00003690,WO00003690,2026-06-02,A,P02,P02_L03,SKU008,480,19,10,451,47.0,300,296,4,39.911
PR00003691,WO00003691,2026-06-02,B,P02,P02_L03,SKU007,480,33,0,447,47.0,299,296,3,40.134
PR00003692,WO00003692,2026-06-02,C,P02,P02_L03,SKU002,480,0,19,461,47.0,287,276,11,37.354
PR00003711,WO00003711,2026-06-03,A,P02,P02_L01,SKU003,480,0,0,480,48.8,378,371,7,47.25
PR00003712,WO00003712,2026-06-03,B,P02,P02_L01,SKU002,480,0,0,480,48.8,308,294,14,38.5
PR00003713,WO00003713,2026-06-03,C,P02,P02_L01,SKU003,480,0,0,480,48.8,309,301,8,38.625
PR00003714,WO00003714,2026-06-03,A,P02,P02_L02,SKU002,480,38,0,442,55.9,350,336,14,47.511
PR00003715,WO00003715,2026-06-03,B,P02,P02_L02,SKU002,480,61,16,403,55.9,301,289,12,44.814
PR00003716,WO00003716,2026-06-03,C,P02,P02_L02,SKU002,480,0,0,480,55.9,350,338,12,43.75
PR00003717,WO00003717,2026-06-03,A,P02,P02_L03,SKU001,480,38,0,442,47.0,282,276,6,38.281
PR00003718,WO00003718,2026-06-03,B,P02,P02_L03,SKU007,480,33,0,447,47.0,281,278,3,37.718
PR00003719,WO00003719,2026-06-03,C,P02,P02_L03,SKU004,480,21,0,459,47.0,292,282,10,38.17
PR00003738,WO00003738,2026-06-04,A,P02,P02_L01,SKU003,480,33,0,447,48.8,313,307,6,42.013
PR00003739,WO00003739,2026-06-04,B,P02,P02_L01,SKU001,480,0,0,480,48.8,329,323,6,41.125
PR00003740,WO00003740,2026-06-04,C,P02,P02_L01,SKU006,480,38,0,442,48.8,328,317,11,44.525
PR00003741,WO00003741,2026-06-04,A,P02,P02_L02,SKU002,480,12,0,468,55.9,375,361,14,48.077
PR00003742,WO00003742,2026-06-04,B,P02,P02_L02,SKU002,480,0,0,480,55.9,348,335,13,43.5
PR00003743,WO00003743,2026-06-04,C,P02,P02_L02,SKU002,480,29,0,451,55.9,341,329,12,45.366
PR00003744,WO00003744,2026-06-04,A,P02,P02_L03,SKU003,480,29,0,451,47.0,342,339,3,45.499
PR00003745,WO00003745,2026-06-04,B,P02,P02_L03,SKU005,480,27,0,453,47.0,283,275,8,37.483
PR00003746,WO00003746,2026-06-04,C,P02,P02_L03,SKU005,480,33,0,447,47.0,265,258,7,35.57
PR00003765,WO00003765,2026-06-05,A,P02,P02_L01,SKU003,480,17,0,463,48.8,338,334,4,43.801
PR00003766,WO00003766,2026-06-05,B,P02,P02_L01,SKU006,480,35,0,445,48.8,338,328,10,45.573
PR00003767,WO00003767,2026-06-05,C,P02,P02_L01,SKU001,480,33,0,447,48.8,290,281,9,38.926
PR00003768,WO00003768,2026-06-05,A,P02,P02_L02,SKU002,480,0,0,480,55.9,377,364,13,47.125
PR00003769,WO00003769,2026-06-05,B,P02,P02_L02,SKU006,480,0,32,448,54.878,365,353,12,48.884
PR00003770,WO00003770,2026-06-05,C,P02,P02_L02,SKU002,480,25,24,431,55.9,303,291,12,42.181
PR00003771,WO00003771,2026-06-05,A,P02,P02_L03,SKU007,480,0,47,433,47.0,314,310,4,43.51
PR00003772,WO00003772,2026-06-05,B,P02,P02_L03,SKU003,480,0,0,480,47.0,342,334,8,42.75
PR00003773,WO00003773,2026-06-05,C,P02,P02_L03,SKU004,480,0,58,422,47.0,269,260,9,38.246
PR00003788,WO00003788,2026-06-06,A,P02,P02_L01,SKU005,480,0,19,461,48.8,308,301,7,40.087
PR00003789,WO00003789,2026-06-06,B,P02,P02_L01,SKU003,480,0,0,480,48.8,360,353,7,45.0
PR00003790,WO00003790,2026-06-06,C,P02,P02_L01,SKU003,480,59,102,319,48.8,222,217,5,41.755
PR00003791,WO00003791,2026-06-06,A,P02,P02_L02,SKU002,480,18,0,462,55.9,353,342,11,45.844
PR00003792,WO00003792,2026-06-06,B,P02,P02_L02,SKU002,480,36,64,380,55.9,273,262,11,43.105
PR00003793,WO00003793,2026-06-06,C,P02,P02_L02,SKU005,480,0,0,480,50.42,320,310,10,40.0
PR00003794,WO00003794,2026-06-06,C,P02,P02_L03,SKU003,480,21,0,459,47.0,322,318,4,42.092
PR00003808,WO00003808,2026-06-07,A,P02,P02_L01,SKU003,480,0,22,458,48.8,349,339,10,45.721
PR00003809,WO00003809,2026-06-07,B,P02,P02_L01,SKU003,480,34,0,446,48.8,336,329,7,45.202
PR00003810,WO00003810,2026-06-07,C,P02,P02_L01,SKU003,480,0,0,480,48.8,324,316,8,40.5
PR00003811,WO00003811,2026-06-07,A,P02,P02_L02,SKU004,480,0,0,480,55.9,418,405,13,52.25
PR00003812,WO00003812,2026-06-07,B,P02,P02_L02,SKU002,480,0,0,480,55.9,372,357,15,46.5
PR00003813,WO00003813,2026-06-07,C,P02,P02_L02,SKU004,480,34,58,388,55.9,292,280,12,45.155
PR00003814,WO00003814,2026-06-07,B,P02,P02_L03,SKU007,480,0,0,480,47.0,325,322,3,40.625
PR00003829,WO00003829,2026-06-08,A,P02,P02_L01,SKU006,480,0,107,373,48.8,279,270,9,44.879
PR00003830,WO00003830,2026-06-08,B,P02,P02_L01,SKU001,480,35,71,374,48.8,264,256,8,42.353
PR00003831,WO00003831,2026-06-08,C,P02,P02_L01,SKU003,480,30,0,450,48.8,291,285,6,38.8
PR00003832,WO00003832,2026-06-08,A,P02,P02_L02,SKU002,480,0,0,480,55.9,378,368,10,47.25
PR00003833,WO00003833,2026-06-08,B,P02,P02_L02,SKU002,480,0,36,444,55.9,329,316,13,44.459
PR00003834,WO00003834,2026-06-08,C,P02,P02_L02,SKU008,480,32,0,448,55.9,337,332,5,45.134
PR00003835,WO00003835,2026-06-08,A,P02,P02_L03,SKU003,480,0,0,480,47.0,336,330,6,42.0
PR00003836,WO00003836,2026-06-08,B,P02,P02_L03,SKU004,480,26,5,449,47.0,284,274,10,37.951
PR00003837,WO00003837,2026-06-08,C,P02,P02_L03,SKU007,480,0,19,461,47.0,291,287,4,37.874
PR00003856,WO00003856,2026-06-09,A,P02,P02_L01,SKU003,480,41,15,424,48.8,328,322,6,46.415
PR00003857,WO00003857,2026-06-09,B,P02,P02_L01,SKU003,480,0,0,480,48.8,363,353,10,45.375
PR00003858,WO00003858,2026-06-09,C,P02,P02_L01,SKU003,480,35,50,395,48.8,276,270,6,41.924
PR00003859,WO00003859,2026-06-09,A,P02,P02_L02,SKU002,480,36,40,404,55.9,322,310,12,47.822
PR00003860,WO00003860,2026-06-09,B,P02,P02_L02,SKU005,480,37,0,443,50.42,299,292,7,40.497
PR00003861,WO00003861,2026-06-09,C,P02,P02_L02,SKU003,480,17,0,463,55.9,369,360,9,47.819
PR00003862,WO00003862,2026-06-09,A,P02,P02_L03,SKU007,480,0,0,480,47.0,319,315,4,39.875
PR00003863,WO00003863,2026-06-09,B,P02,P02_L03,SKU003,480,0,0,480,47.0,339,332,7,42.375
PR00003864,WO00003864,2026-06-09,C,P02,P02_L03,SKU003,480,0,50,430,47.0,293,287,6,40.884
PR00003883,WO00003883,2026-06-10,A,P02,P02_L01,SKU004,480,0,17,463,48.8,340,328,12,44.06
PR00003884,WO00003884,2026-06-10,B,P02,P02_L01,SKU003,480,0,0,480,48.8,352,344,8,44.0
PR00003885,WO00003885,2026-06-10,C,P02,P02_L01,SKU003,480,0,0,480,48.8,333,326,7,41.625
PR00003886,WO00003886,2026-06-10,A,P02,P02_L02,SKU004,480,0,20,460,55.9,384,372,12,50.087
PR00003887,WO00003887,2026-06-10,B,P02,P02_L02,SKU002,480,32,21,427,55.9,347,339,8,48.759
PR00003888,WO00003888,2026-06-10,C,P02,P02_L02,SKU004,480,0,0,480,55.9,362,349,13,45.25
PR00003889,WO00003889,2026-06-10,A,P02,P02_L03,SKU007,480,0,0,480,47.0,336,331,5,42.0
PR00003890,WO00003890,2026-06-10,B,P02,P02_L03,SKU004,480,38,0,442,47.0,306,296,10,41.538
PR00003891,WO00003891,2026-06-10,C,P02,P02_L03,SKU004,480,0,0,480,47.0,307,294,13,38.375
PR00003910,WO00003910,2026-06-11,A,P02,P02_L01,SKU004,480,0,0,480,48.8,353,340,13,44.125
PR00003911,WO00003911,2026-06-11,B,P02,P02_L01,SKU003,480,25,0,455,48.8,329,320,9,43.385
PR00003912,WO00003912,2026-06-11,C,P02,P02_L01,SKU001,480,18,0,462,48.8,318,310,8,41.299
PR00003913,WO00003913,2026-06-11,A,P02,P02_L02,SKU002,480,0,0,480,55.9,368,357,11,46.0
PR00003914,WO00003914,2026-06-11,B,P02,P02_L02,SKU004,480,0,0,480,55.9,375,361,14,46.875
PR00003915,WO00003915,2026-06-11,C,P02,P02_L02,SKU006,480,0,11,469,54.878,361,349,12,46.183
PR00003916,WO00003916,2026-06-11,A,P02,P02_L03,SKU005,480,48,0,432,47.0,280,274,6,38.889
PR00003917,WO00003917,2026-06-11,B,P02,P02_L03,SKU007,480,19,18,443,47.0,289,285,4,39.142
PR00003918,WO00003918,2026-06-11,C,P02,P02_L03,SKU003,480,21,0,459,47.0,323,315,8,42.222
PR00003937,WO00003937,2026-06-12,A,P02,P02_L01,SKU001,480,0,0,480,48.8,353,345,8,44.125
PR00003938,WO00003938,2026-06-12,B,P02,P02_L01,SKU006,480,53,0,427,48.8,314,304,10,44.122
PR00003939,WO00003939,2026-06-12,C,P02,P02_L01,SKU001,480,16,0,464,48.8,295,286,9,38.147
PR00003940,WO00003940,2026-06-12,A,P02,P02_L02,SKU004,480,23,0,457,55.9,389,377,12,51.072
PR00003941,WO00003941,2026-06-12,B,P02,P02_L02,SKU006,480,0,0,480,54.878,380,368,12,47.5
PR00003942,WO00003942,2026-06-12,C,P02,P02_L02,SKU002,480,20,0,460,55.9,324,310,14,42.261
PR00003943,WO00003943,2026-06-12,A,P02,P02_L03,SKU005,480,29,0,451,47.0,278,270,8,36.984
PR00003944,WO00003944,2026-06-12,B,P02,P02_L03,SKU003,480,25,0,455,47.0,332,326,6,43.78
PR00003945,WO00003945,2026-06-12,C,P02,P02_L03,SKU003,480,32,0,448,47.0,316,308,8,42.321
PR00003959,WO00003959,2026-06-13,A,P02,P02_L01,SKU003,480,0,0,480,48.8,376,368,8,47.0
PR00003960,WO00003960,2026-06-13,B,P02,P02_L01,SKU003,480,0,0,480,48.8,331,325,6,41.375
PR00003961,WO00003961,2026-06-13,C,P02,P02_L01,SKU003,480,0,0,480,48.8,351,342,9,43.875
PR00003962,WO00003962,2026-06-13,A,P02,P02_L02,SKU002,480,0,0,480,55.9,369,356,13,46.125
PR00003963,WO00003963,2026-06-13,A,P02,P02_L03,SKU004,480,0,0,480,47.0,341,330,11,42.625
PR00003964,WO00003964,2026-06-13,B,P02,P02_L03,SKU003,480,0,0,480,47.0,330,321,9,41.25
PR00003965,WO00003965,2026-06-13,C,P02,P02_L03,SKU002,480,0,0,480,47.0,293,283,10,36.625
PR00003981,WO00003981,2026-06-14,B,P02,P02_L01,SKU003,480,0,0,480,48.8,366,357,9,45.75
PR00003982,WO00003982,2026-06-14,C,P02,P02_L01,SKU001,480,0,0,480,48.8,332,322,10,41.5
PR00003983,WO00003983,2026-06-14,B,P02,P02_L02,SKU002,480,0,42,438,55.9,337,324,13,46.164
PR00003984,WO00003984,2026-06-14,C,P02,P02_L02,SKU006,480,0,0,480,54.878,394,382,12,49.25
PR00003985,WO00003985,2026-06-14,A,P02,P02_L03,SKU001,480,0,0,480,47.0,316,310,6,39.5
PR00003999,WO00003999,2026-06-15,A,P02,P02_L01,SKU002,480,37,0,443,48.8,301,290,11,40.767
PR00004000,WO00004000,2026-06-15,B,P02,P02_L01,SKU001,480,0,0,480,48.8,330,323,7,41.25
PR00004001,WO00004001,2026-06-15,C,P02,P02_L01,SKU001,480,22,12,446,48.8,273,266,7,36.726
PR00004002,WO00004002,2026-06-15,A,P02,P02_L02,SKU004,480,0,0,480,55.9,398,385,13,49.75
PR00004003,WO00004003,2026-06-15,B,P02,P02_L02,SKU002,480,45,0,435,55.9,343,329,14,47.31
PR00004004,WO00004004,2026-06-15,C,P02,P02_L02,SKU002,480,38,0,442,55.9,321,308,13,43.575
PR00004005,WO00004005,2026-06-15,A,P02,P02_L03,SKU003,480,38,0,442,47.0,319,311,8,43.303
PR00004006,WO00004006,2026-06-15,B,P02,P02_L03,SKU003,480,79,0,401,47.0,300,295,5,44.888
PR00004007,WO00004007,2026-06-15,C,P02,P02_L03,SKU003,480,0,20,460,47.0,300,294,6,39.13
PR00004026,WO00004026,2026-06-16,A,P02,P02_L01,SKU003,480,18,0,462,48.8,342,337,5,44.416
PR00004027,WO00004027,2026-06-16,B,P02,P02_L01,SKU004,480,0,0,480,48.8,327,316,11,40.875
PR00004028,WO00004028,2026-06-16,C,P02,P02_L01,SKU003,480,0,0,480,48.8,319,311,8,39.875
PR00004029,WO00004029,2026-06-16,A,P02,P02_L02,SKU001,480,0,0,480,49.793,361,351,10,45.125
PR00004030,WO00004030,2026-06-16,B,P02,P02_L02,SKU004,480,27,0,453,55.9,391,375,16,51.788
PR00004031,WO00004031,2026-06-16,C,P02,P02_L02,SKU002,480,0,0,480,55.9,334,320,14,41.75
PR00004032,WO00004032,2026-06-16,A,P02,P02_L03,SKU003,480,18,0,462,47.0,345,336,9,44.805
PR00004033,WO00004033,2026-06-16,B,P02,P02_L03,SKU001,480,51,0,429,47.0,290,282,8,40.559
PR00004034,WO00004034,2026-06-16,C,P02,P02_L03,SKU007,480,0,0,480,47.0,312,307,5,39.0
PR00004053,WO00004053,2026-06-17,A,P02,P02_L01,SKU003,480,31,0,449,48.8,319,313,6,42.628
PR00004054,WO00004054,2026-06-17,B,P02,P02_L01,SKU004,480,0,0,480,48.8,337,325,12,42.125
PR00004055,WO00004055,2026-06-17,C,P02,P02_L01,SKU004,480,70,0,410,48.8,266,256,10,38.927
PR00004056,WO00004056,2026-06-17,A,P02,P02_L02,SKU002,480,33,0,447,55.9,370,357,13,49.664
PR00004057,WO00004057,2026-06-17,B,P02,P02_L02,SKU004,480,0,0,480,55.9,377,362,15,47.125
PR00004058,WO00004058,2026-06-17,C,P02,P02_L02,SKU001,480,0,0,480,49.793,322,313,9,40.25
PR00004059,WO00004059,2026-06-17,A,P02,P02_L03,SKU007,480,0,0,480,47.0,347,341,6,43.375
PR00004060,WO00004060,2026-06-17,B,P02,P02_L03,SKU007,480,39,0,441,47.0,300,296,4,40.816
PR00004061,WO00004061,2026-06-17,C,P02,P02_L03,SKU001,480,33,0,447,47.0,289,281,8,38.792
PR00004080,WO00004080,2026-06-18,A,P02,P02_L01,SKU002,480,0,0,480,48.8,331,319,12,41.375
PR00004081,WO00004081,2026-06-18,B,P02,P02_L01,SKU002,480,0,0,480,48.8,297,284,13,37.125
PR00004082,WO00004082,2026-06-18,C,P02,P02_L01,SKU006,480,28,64,388,48.8,272,262,10,42.062
PR00004083,WO00004083,2026-06-18,A,P02,P02_L02,SKU006,480,0,19,461,54.878,386,377,9,50.239
PR00004084,WO00004084,2026-06-18,B,P02,P02_L02,SKU004,480,0,0,480,55.9,392,381,11,49.0
PR00004085,WO00004085,2026-06-18,C,P02,P02_L02,SKU002,480,0,0,480,55.9,351,337,14,43.875
PR00004086,WO00004086,2026-06-18,A,P02,P02_L03,SKU003,480,0,0,480,47.0,364,355,9,45.5
PR00004087,WO00004087,2026-06-18,B,P02,P02_L03,SKU007,480,41,0,439,47.0,300,295,5,41.002
PR00004088,WO00004088,2026-06-18,C,P02,P02_L03,SKU004,480,0,0,480,47.0,299,287,12,37.375
PR00004107,WO00004107,2026-06-19,A,P02,P02_L01,SKU003,480,0,0,480,48.8,373,365,8,46.625
PR00004108,WO00004108,2026-06-19,B,P02,P02_L01,SKU006,480,0,0,480,48.8,358,344,14,44.75
PR00004109,WO00004109,2026-06-19,C,P02,P02_L01,SKU002,480,0,37,443,48.8,271,260,11,36.704
PR00004110,WO00004110,2026-06-19,A,P02,P02_L02,SKU004,480,31,0,449,55.9,396,381,15,52.918
PR00004111,WO00004111,2026-06-19,B,P02,P02_L02,SKU002,480,0,9,471,55.9,357,346,11,45.478
PR00004112,WO00004112,2026-06-19,C,P02,P02_L02,SKU002,480,21,0,459,55.9,340,324,16,44.444
PR00004113,WO00004113,2026-06-19,A,P02,P02_L03,SKU003,480,29,0,451,47.0,329,324,5,43.769
PR00004114,WO00004114,2026-06-19,B,P02,P02_L03,SKU003,480,0,0,480,47.0,350,342,8,43.75
PR00004115,WO00004115,2026-06-19,C,P02,P02_L03,SKU001,480,0,9,471,47.0,296,289,7,37.707
PR00004130,WO00004130,2026-06-20,A,P02,P02_L01,SKU002,480,0,0,480,48.8,324,315,9,40.5
PR00004131,WO00004131,2026-06-20,C,P02,P02_L01,SKU001,480,0,0,480,48.8,326,317,9,40.75
PR00004132,WO00004132,2026-06-20,A,P02,P02_L02,SKU002,480,22,0,458,55.9,358,348,10,46.9
PR00004133,WO00004133,2026-06-20,B,P02,P02_L02,SKU006,480,0,0,480,54.878,385,375,10,48.125
PR00004134,WO00004134,2026-06-20,C,P02,P02_L02,SKU004,480,51,0,429,55.9,328,316,12,45.874
PR00004135,WO00004135,2026-06-20,A,P02,P02_L03,SKU004,480,0,0,480,47.0,343,332,11,42.875
PR00004150,WO00004150,2026-06-21,A,P02,P02_L01,SKU003,480,15,0,465,48.8,348,343,5,44.903
PR00004151,WO00004151,2026-06-21,B,P02,P02_L01,SKU003,480,19,0,461,48.8,341,337,4,44.382
PR00004152,WO00004152,2026-06-21,C,P02,P02_L01,SKU003,480,0,0,480,48.8,353,342,11,44.125
PR00004153,WO00004153,2026-06-21,A,P02,P02_L02,SKU002,480,0,0,480,55.9,375,361,14,46.875
PR00004154,WO00004154,2026-06-21,B,P02,P02_L02,SKU002,480,47,0,433,55.9,301,291,10,41.709
PR00004155,WO00004155,2026-06-21,A,P02,P02_L03,SKU005,480,0,0,480,47.0,326,318,8,40.75
PR00004156,WO00004156,2026-06-21,C,P02,P02_L03,SKU002,480,0,0,480,47.0,301,290,11,37.625
PR00004171,WO00004171,2026-06-22,A,P02,P02_L01,SKU001,480,30,0,450,48.8,336,329,7,44.8
PR00004172,WO00004172,2026-06-22,B,P02,P02_L01,SKU003,480,30,0,450,48.8,326,318,8,43.467
PR00004173,WO00004173,2026-06-22,C,P02,P02_L01,SKU003,480,0,0,480,48.8,346,339,7,43.25
PR00004174,WO00004174,2026-06-22,A,P02,P02_L02,SKU002,480,33,9,438,55.9,360,349,11,49.315
PR00004175,WO00004175,2026-06-22,B,P02,P02_L02,SKU002,480,42,0,438,55.9,306,298,8,41.918
PR00004176,WO00004176,2026-06-22,C,P02,P02_L02,SKU002,480,0,0,480,55.9,363,349,14,45.375
PR00004177,WO00004177,2026-06-22,A,P02,P02_L03,SKU007,480,0,0,480,47.0,336,331,5,42.0
PR00004178,WO00004178,2026-06-22,B,P02,P02_L03,SKU005,480,0,0,480,47.0,317,309,8,39.625
PR00004179,WO00004179,2026-06-22,C,P02,P02_L03,SKU007,480,0,0,480,47.0,318,315,3,39.75
PR00004198,WO00004198,2026-06-23,A,P02,P02_L01,SKU008,480,30,0,450,48.8,291,287,4,38.8
PR00004199,WO00004199,2026-06-23,B,P02,P02_L01,SKU006,480,0,75,405,48.8,295,285,10,43.704
PR00004200,WO00004200,2026-06-23,C,P02,P02_L01,SKU003,480,19,0,461,48.8,330,323,7,42.95
PR00004201,WO00004201,2026-06-23,A,P02,P02_L02,SKU002,480,29,0,451,55.9,357,345,12,47.494
PR00004202,WO00004202,2026-06-23,B,P02,P02_L02,SKU003,480,0,0,480,55.9,374,366,8,46.75
PR00004203,WO00004203,2026-06-23,C,P02,P02_L02,SKU006,480,24,0,456,54.878,364,353,11,47.895
PR00004204,WO00004204,2026-06-23,A,P02,P02_L03,SKU003,480,0,0,480,47.0,345,341,4,43.125
PR00004205,WO00004205,2026-06-23,B,P02,P02_L03,SKU003,480,0,0,480,47.0,334,327,7,41.75
PR00004206,WO00004206,2026-06-23,C,P02,P02_L03,SKU008,480,0,0,480,47.0,288,283,5,36.0
PR00004225,WO00004225,2026-06-24,A,P02,P02_L01,SKU003,480,0,44,436,48.8,335,331,4,46.101
PR00004226,WO00004226,2026-06-24,B,P02,P02_L01,SKU003,480,87,0,393,48.8,270,263,7,41.221
PR00004227,WO00004227,2026-06-24,C,P02,P02_L01,SKU003,480,0,0,480,48.8,337,329,8,42.125
PR00004228,WO00004228,2026-06-24,A,P02,P02_L02,SKU001,480,33,5,442,49.793,323,316,7,43.846
PR00004229,WO00004229,2026-06-24,B,P02,P02_L02,SKU002,480,32,0,448,55.9,356,343,13,47.679
PR00004230,WO00004230,2026-06-24,C,P02,P02_L02,SKU006,480,21,0,459,54.878,353,340,13,46.144
PR00004231,WO00004231,2026-06-24,A,P02,P02_L03,SKU007,480,15,32,433,47.0,309,307,2,42.818
PR00004232,WO00004232,2026-06-24,B,P02,P02_L03,SKU007,480,24,0,456,47.0,329,324,5,43.289
PR00004233,WO00004233,2026-06-24,C,P02,P02_L03,SKU007,480,0,0,480,47.0,332,325,7,41.5
PR00004252,WO00004252,2026-06-25,A,P02,P02_L01,SKU003,480,33,85,362,48.8,280,275,5,46.409
PR00004253,WO00004253,2026-06-25,B,P02,P02_L01,SKU003,480,14,14,452,48.8,334,326,8,44.336
PR00004254,WO00004254,2026-06-25,C,P02,P02_L01,SKU002,480,0,0,480,48.8,308,295,13,38.5
PR00004255,WO00004255,2026-06-25,A,P02,P02_L02,SKU005,480,25,0,455,50.42,353,345,8,46.549
PR00004256,WO00004256,2026-06-25,B,P02,P02_L02,SKU002,480,56,0,424,55.9,325,313,12,45.991
PR00004257,WO00004257,2026-06-25,C,P02,P02_L02,SKU002,480,0,7,473,55.9,348,333,15,44.144
PR00004258,WO00004258,2026-06-25,A,P02,P02_L03,SKU002,480,0,0,480,47.0,311,299,12,38.875
PR00004259,WO00004259,2026-06-25,B,P02,P02_L03,SKU003,480,0,0,480,47.0,344,336,8,43.0
PR00004260,WO00004260,2026-06-25,C,P02,P02_L03,SKU007,480,0,0,480,47.0,312,307,5,39.0
PR00004279,WO00004279,2026-06-26,A,P02,P02_L01,SKU004,480,29,0,451,48.8,326,315,11,43.37
PR00004280,WO00004280,2026-06-26,B,P02,P02_L01,SKU006,480,0,0,480,48.8,357,346,11,44.625
PR00004281,WO00004281,2026-06-26,C,P02,P02_L01,SKU006,480,0,7,473,48.8,354,341,13,44.905
PR00004282,WO00004282,2026-06-26,A,P02,P02_L02,SKU003,480,0,0,480,55.9,408,402,6,51.0
PR00004283,WO00004283,2026-06-26,B,P02,P02_L02,SKU004,480,0,0,480,55.9,378,366,12,47.25
PR00004284,WO00004284,2026-06-26,C,P02,P02_L02,SKU002,480,0,0,480,55.9,354,342,12,44.25
PR00004285,WO00004285,2026-06-26,A,P02,P02_L03,SKU003,480,0,0,480,47.0,356,349,7,44.5
PR00004286,WO00004286,2026-06-26,B,P02,P02_L03,SKU007,480,41,0,439,47.0,295,290,5,40.319
PR00004287,WO00004287,2026-06-26,C,P02,P02_L03,SKU003,480,26,0,454,47.0,297,292,5,39.251
PR00004302,WO00004302,2026-06-27,A,P02,P02_L01,SKU003,480,0,41,439,48.8,339,332,7,46.333
PR00004303,WO00004303,2026-06-27,A,P02,P02_L02,SKU002,480,37,0,443,55.9,357,345,12,48.352
PR00004304,WO00004304,2026-06-27,B,P02,P02_L02,SKU006,480,0,0,480,54.878,395,381,14,49.375
PR00004305,WO00004305,2026-06-27,C,P02,P02_L02,SKU004,480,0,13,467,55.9,373,358,15,47.923
PR00004306,WO00004306,2026-06-27,A,P02,P02_L03,SKU004,480,0,0,480,47.0,333,324,9,41.625
PR00004307,WO00004307,2026-06-27,B,P02,P02_L03,SKU004,480,0,0,480,47.0,318,306,12,39.75
PR00004318,WO00004318,2026-06-28,A,P02,P02_L01,SKU001,480,0,0,480,48.8,348,343,5,43.5
PR00004319,WO00004319,2026-06-28,B,P02,P02_L01,SKU002,480,0,0,480,48.8,348,336,12,43.5
PR00004320,WO00004320,2026-06-28,C,P02,P02_L01,SKU006,480,0,0,480,48.8,335,322,13,41.875
PR00004321,WO00004321,2026-06-28,B,P02,P02_L02,SKU006,480,48,0,432,54.878,361,349,12,50.139
PR00004322,WO00004322,2026-06-28,C,P02,P02_L02,SKU004,480,0,4,476,55.9,346,334,12,43.613
PR00004323,WO00004323,2026-06-28,A,P02,P02_L03,SKU003,480,0,17,463,47.0,319,314,5,41.339
PR00004339,WO00004339,2026-06-29,A,P02,P02_L01,SKU002,480,0,14,466,48.8,336,322,14,43.262
PR00004340,WO00004340,2026-06-29,B,P02,P02_L01,SKU001,480,0,0,480,48.8,338,330,8,42.25
PR00004341,WO00004341,2026-06-29,C,P02,P02_L01,SKU006,480,46,0,434,48.8,282,272,10,38.986
PR00004342,WO00004342,2026-06-29,A,P02,P02_L02,SKU002,480,0,0,480,55.9,397,386,11,49.625
PR00004343,WO00004343,2026-06-29,B,P02,P02_L02,SKU002,480,0,155,325,55.9,238,229,9,43.938
PR00004344,WO00004344,2026-06-29,C,P02,P02_L02,SKU004,480,40,0,440,55.9,342,330,12,46.636
PR00004345,WO00004345,2026-06-29,A,P02,P02_L03,SKU001,480,29,0,451,47.0,329,319,10,43.769
PR00004346,WO00004346,2026-06-29,B,P02,P02_L03,SKU003,480,0,0,480,47.0,340,334,6,42.5
PR00004347,WO00004347,2026-06-29,C,P02,P02_L03,SKU003,480,29,0,451,47.0,313,305,8,41.641
