downtime_event_id,work_order_id,plant_id,line_id,machine_id,shift_id,event_start,event_end,duration_minutes,downtime_type,reason_code,local_reason_code
DT00000014,WO00000020,P03,P03_L01,M026,B,2026-01-01 14:35:00,2026-01-01 14:47:00,12,Planned,Preventive Maintenance,PREV_MAINT
DT00000015,WO00000021,P03,P03_L01,M025,C,2026-01-01 22:30:00,2026-01-01 23:03:00,33,Unplanned,Electrical Fault,ELECTRICAL
DT00000016,WO00000022,P03,P03_L02,M032,A,2026-01-01 06:30:00,2026-01-01 06:59:00,29,Planned,Changeover,CHANGEOVER
DT00000017,WO00000022,P03,P03_L02,M032,A,2026-01-01 07:04:00,2026-01-01 07:08:00,4,Unplanned,Material Starvation,NO_MATERIAL
DT00000018,WO00000023,P03,P03_L02,M030,B,2026-01-01 14:41:00,2026-01-01 15:37:00,56,Planned,Planned Inspection,INSPECTION
DT00000019,WO00000023,P03,P03_L02,M031,B,2026-01-01 15:42:00,2026-01-01 16:02:00,20,Unplanned,Quality Hold,QUALITY
DT00000020,WO00000024,P03,P03_L02,M031,C,2026-01-01 22:43:00,2026-01-01 22:54:00,11,Unplanned,Material Starvation,NO_MATERIAL
DT00000021,WO00000025,P03,P03_L03,M033,A,2026-01-01 06:47:00,2026-01-01 07:39:00,52,Planned,Changeover,CHANGEOVER
DT00000022,WO00000027,P03,P03_L03,M035,C,2026-01-01 22:17:00,2026-01-01 22:47:00,30,Unplanned,Electrical Fault,ELECTRICAL
DT00000032,WO00000047,P03,P03_L01,M025,B,2026-01-02 14:27:00,2026-01-02 15:00:00,33,Planned,Planned Inspection,INSPECTION
DT00000033,WO00000050,P03,P03_L02,M031,B,2026-01-02 14:10:00,2026-01-02 15:30:00,80,Planned,Cleaning/Sanitation,CLEANING
DT00000034,WO00000051,P03,P03_L02,M032,C,2026-01-02 22:47:00,2026-01-02 23:08:00,21,Planned,Preventive Maintenance,PREV_MAINT
DT00000035,WO00000052,P03,P03_L03,M035,A,2026-01-02 06:23:00,2026-01-02 06:41:00,18,Planned,Changeover,CHANGEOVER
DT00000036,WO00000053,P03,P03_L03,M033,B,2026-01-02 14:18:00,2026-01-02 15:11:00,53,Planned,Cleaning/Sanitation,CLEANING
DT00000037,WO00000054,P03,P03_L03,M034,C,2026-01-02 22:26:00,2026-01-02 23:04:00,38,Planned,Planned Inspection,INSPECTION
DT00000038,WO00000054,P03,P03_L03,M033,C,2026-01-02 23:09:00,2026-01-02 23:21:00,12,Unplanned,Quality Hold,QUALITY
DT00000042,WO00000064,P03,P03_L01,M027,C,2026-01-03 22:22:00,2026-01-03 22:47:00,25,Planned,Preventive Maintenance,PREV_MAINT
DT00000043,WO00000066,P03,P03_L02,M031,C,2026-01-03 22:38:00,2026-01-03 22:44:00,6,Unplanned,Mechanical Failure,BREAKDOWN
DT00000044,WO00000067,P03,P03_L03,M036,B,2026-01-03 14:21:00,2026-01-03 14:33:00,12,Planned,Changeover,CHANGEOVER
DT00000045,WO00000068,P03,P03_L03,M035,C,2026-01-03 22:35:00,2026-01-03 22:41:00,6,Unplanned,Quality Hold,QUALITY
DT00000053,WO00000081,P03,P03_L01,M028,A,2026-01-04 06:42:00,2026-01-04 07:26:00,44,Planned,Preventive Maintenance,PREV_MAINT
DT00000054,WO00000083,P03,P03_L01,M027,C,2026-01-04 22:31:00,2026-01-04 23:01:00,30,Planned,Preventive Maintenance,PREV_MAINT
DT00000055,WO00000084,P03,P03_L02,M029,A,2026-01-04 06:13:00,2026-01-04 06:49:00,36,Planned,Changeover,CHANGEOVER
DT00000071,WO00000104,P03,P03_L01,M025,A,2026-01-05 06:45:00,2026-01-05 07:22:00,37,Planned,Changeover,CHANGEOVER
DT00000072,WO00000106,P03,P03_L01,M026,C,2026-01-05 22:44:00,2026-01-05 23:05:00,21,Planned,Preventive Maintenance,PREV_MAINT
DT00000073,WO00000107,P03,P03_L02,M029,A,2026-01-05 06:24:00,2026-01-05 06:40:00,16,Planned,Changeover,CHANGEOVER
DT00000074,WO00000107,P03,P03_L02,M030,A,2026-01-05 06:45:00,2026-01-05 07:22:00,37,Unplanned,Operator Adjustment,ADJUST
DT00000075,WO00000108,P03,P03_L02,M032,B,2026-01-05 14:26:00,2026-01-05 14:49:00,23,Planned,Preventive Maintenance,PREV_MAINT
DT00000076,WO00000109,P03,P03_L02,M030,C,2026-01-05 22:23:00,2026-01-05 22:50:00,27,Planned,Cleaning/Sanitation,CLEANING
DT00000077,WO00000110,P03,P03_L03,M034,A,2026-01-05 06:23:00,2026-01-05 06:53:00,30,Planned,Changeover,CHANGEOVER
DT00000078,WO00000111,P03,P03_L03,M035,B,2026-01-05 14:26:00,2026-01-05 14:54:00,28,Planned,Changeover,CHANGEOVER
DT00000079,WO00000112,P03,P03_L03,M035,C,2026-01-05 22:27:00,2026-01-05 22:34:00,7,Unplanned,Quality Hold,QUALITY
DT00000091,WO00000131,P03,P03_L01,M025,A,2026-01-06 06:13:00,2026-01-06 06:49:00,36,Planned,Planned Inspection,INSPECTION
DT00000092,WO00000132,P03,P03_L01,M028,B,2026-01-06 14:29:00,2026-01-06 14:57:00,28,Unplanned,Material Starvation,NO_MATERIAL
DT00000093,WO00000133,P03,P03_L01,M027,C,2026-01-06 22:27:00,2026-01-06 22:34:00,7,Unplanned,Mechanical Failure,BREAKDOWN
DT00000094,WO00000135,P03,P03_L02,M029,B,2026-01-06 14:49:00,2026-01-06 15:41:00,52,Planned,Changeover,CHANGEOVER
DT00000095,WO00000136,P03,P03_L02,M030,C,2026-01-06 22:12:00,2026-01-06 22:59:00,47,Unplanned,Electrical Fault,ELECTRICAL
DT00000096,WO00000136,P03,P03_L02,M031,C,2026-01-06 23:02:00,2026-01-06 23:06:00,4,Unplanned,Material Starvation,NO_MATERIAL
DT00000097,WO00000137,P03,P03_L03,M034,A,2026-01-06 06:22:00,2026-01-06 06:40:00,18,Planned,Changeover,CHANGEOVER
DT00000098,WO00000137,P03,P03_L03,M034,A,2026-01-06 06:45:00,2026-01-06 07:12:00,27,Unplanned,Material Starvation,NO_MATERIAL
DT00000099,WO00000138,P03,P03_L03,M035,B,2026-01-06 14:32:00,2026-01-06 14:58:00,26,Planned,Planned Inspection,INSPECTION
DT00000100,WO00000138,P03,P03_L03,M033,B,2026-01-06 15:03:00,2026-01-06 16:03:00,60,Unplanned,Mechanical Failure,BREAKDOWN
DT00000101,WO00000139,P03,P03_L03,M035,C,2026-01-06 22:46:00,2026-01-06 23:12:00,26,Planned,Cleaning/Sanitation,CLEANING
DT00000102,WO00000139,P03,P03_L03,M036,C,2026-01-06 23:17:00,2026-01-07 00:19:00,62,Unplanned,Material Starvation,NO_MATERIAL
DT00000113,WO00000158,P03,P03_L01,M027,A,2026-01-07 06:48:00,2026-01-07 07:39:00,51,Unplanned,Material Starvation,NO_MATERIAL
DT00000114,WO00000158,P03,P03_L01,M027,A,2026-01-07 07:42:00,2026-01-07 08:01:00,19,Unplanned,Sensor/Controls Fault,AUTOMATION
DT00000115,WO00000158,P03,P03_L01,M027,A,2026-01-07 08:04:00,2026-01-07 09:06:00,62,Unplanned,Quality Hold,QUALITY
DT00000116,WO00000159,P03,P03_L01,M025,B,2026-01-07 14:24:00,2026-01-07 15:13:00,49,Planned,Changeover,CHANGEOVER
DT00000117,WO00000161,P03,P03_L02,M030,A,2026-01-07 06:42:00,2026-01-07 06:58:00,16,Planned,Planned Inspection,INSPECTION
DT00000118,WO00000162,P03,P03_L02,M031,B,2026-01-07 14:15:00,2026-01-07 14:41:00,26,Planned,Preventive Maintenance,PREV_MAINT
DT00000119,WO00000164,P03,P03_L03,M033,A,2026-01-07 06:16:00,2026-01-07 07:29:00,73,Unplanned,Electrical Fault,ELECTRICAL
DT00000120,WO00000164,P03,P03_L03,M033,A,2026-01-07 07:32:00,2026-01-07 08:10:00,38,Unplanned,Quality Hold,QUALITY
DT00000121,WO00000166,P03,P03_L03,M034,C,2026-01-07 22:41:00,2026-01-07 23:04:00,23,Planned,Changeover,CHANGEOVER
DT00000132,WO00000186,P03,P03_L01,M027,B,2026-01-08 14:20:00,2026-01-08 14:59:00,39,Planned,Changeover,CHANGEOVER
DT00000133,WO00000186,P03,P03_L01,M026,B,2026-01-08 15:04:00,2026-01-08 15:54:00,50,Unplanned,Mechanical Failure,BREAKDOWN
DT00000134,WO00000186,P03,P03_L01,M027,B,2026-01-08 15:57:00,2026-01-08 16:14:00,17,Unplanned,Sensor/Controls Fault,AUTOMATION
DT00000135,WO00000186,P03,P03_L01,M027,B,2026-01-08 16:17:00,2026-01-08 16:48:00,31,Unplanned,Material Starvation,NO_MATERIAL
DT00000136,WO00000188,P03,P03_L02,M031,A,2026-01-08 06:21:00,2026-01-08 07:11:00,50,Planned,Preventive Maintenance,PREV_MAINT
DT00000137,WO00000190,P03,P03_L02,M032,C,2026-01-08 22:35:00,2026-01-08 22:53:00,18,Planned,Preventive Maintenance,PREV_MAINT
DT00000138,WO00000192,P03,P03_L03,M036,B,2026-01-08 14:25:00,2026-01-08 14:54:00,29,Planned,Changeover,CHANGEOVER
DT00000139,WO00000192,P03,P03_L03,M035,B,2026-01-08 14:59:00,2026-01-08 15:30:00,31,Unplanned,Sensor/Controls Fault,AUTOMATION
DT00000140,WO00000193,P03,P03_L03,M033,C,2026-01-08 22:18:00,2026-01-08 22:31:00,13,Unplanned,Material Starvation,NO_MATERIAL
DT00000159,WO00000212,P03,P03_L01,M025,A,2026-01-09 06:48:00,2026-01-09 07:37:00,49,Unplanned,Quality Hold,QUALITY
DT00000160,WO00000213,P03,P03_L01,M026,B,2026-01-09 14:25:00,2026-01-09 14:45:00,20,Planned,Preventive Maintenance,PREV_MAINT
DT00000161,WO00000216,P03,P03_L02,M030,B,2026-01-09 14:23:00,2026-01-09 14:43:00,20,Planned,Changeover,CHANGEOVER
DT00000162,WO00000217,P03,P03_L02,M032,C,2026-01-09 22:38:00,2026-01-09 22:57:00,19,Unplanned,Operator Adjustment,ADJUST
DT00000163,WO00000218,P03,P03_L03,M035,A,2026-01-09 06:33:00,2026-01-09 06:53:00,20,Planned,Preventive Maintenance,PREV_MAINT
DT00000164,WO00000219,P03,P03_L03,M034,B,2026-01-09 14:48:00,2026-01-09 15:21:00,33,Planned,Changeover,CHANGEOVER
DT00000165,WO00000220,P03,P03_L03,M035,C,2026-01-09 22:35:00,2026-01-09 23:07:00,32,Planned,Preventive Maintenance,PREV_MAINT
DT00000166,WO00000220,P03,P03_L03,M033,C,2026-01-09 23:12:00,2026-01-09 23:32:00,20,Unplanned,Mechanical Failure,BREAKDOWN
DT00000167,WO00000220,P03,P03_L03,M034,C,2026-01-09 23:35:00,2026-01-10 00:09:00,34,Unplanned,Mechanical Failure,BREAKDOWN
DT00000177,WO00000229,P03,P03_L01,M027,B,2026-01-10 14:40:00,2026-01-10 15:00:00,20,Planned,Changeover,CHANGEOVER
DT00000178,WO00000230,P03,P03_L01,M026,C,2026-01-10 22:34:00,2026-01-10 22:56:00,22,Planned,Cleaning/Sanitation,CLEANING
DT00000179,WO00000231,P03,P03_L02,M030,A,2026-01-10 06:30:00,2026-01-10 06:47:00,17,Planned,Changeover,CHANGEOVER
DT00000180,WO00000233,P03,P03_L02,M031,C,2026-01-10 22:39:00,2026-01-10 23:14:00,35,Planned,Preventive Maintenance,PREV_MAINT
DT00000181,WO00000235,P03,P03_L03,M035,B,2026-01-10 14:22:00,2026-01-10 14:48:00,26,Planned,Preventive Maintenance,PREV_MAINT
DT00000182,WO00000235,P03,P03_L03,M035,B,2026-01-10 14:53:00,2026-01-10 15:24:00,31,Unplanned,Operator Adjustment,ADJUST
DT00000194,WO00000251,P03,P03_L02,M029,C,2026-01-11 22:45:00,2026-01-11 23:06:00,21,Planned,Changeover,CHANGEOVER
DT00000195,WO00000252,P03,P03_L03,M036,A,2026-01-11 06:19:00,2026-01-11 06:34:00,15,Unplanned,Utility Interruption,UTILITY
DT00000196,WO00000252,P03,P03_L03,M035,A,2026-01-11 06:37:00,2026-01-11 07:12:00,35,Unplanned,Quality Hold,QUALITY
DT00000210,WO00000272,P03,P03_L01,M026,B,2026-01-12 14:15:00,2026-01-12 14:52:00,37,Planned,Cleaning/Sanitation,CLEANING
DT00000211,WO00000275,P03,P03_L02,M030,B,2026-01-12 14:43:00,2026-01-12 15:35:00,52,Planned,Preventive Maintenance,PREV_MAINT
DT00000212,WO00000275,P03,P03_L02,M031,B,2026-01-12 15:40:00,2026-01-12 15:47:00,7,Unplanned,Sensor/Controls Fault,AUTOMATION
DT00000213,WO00000276,P03,P03_L02,M029,C,2026-01-12 22:44:00,2026-01-12 23:07:00,23,Planned,Preventive Maintenance,PREV_MAINT
DT00000214,WO00000277,P03,P03_L03,M035,A,2026-01-12 06:10:00,2026-01-12 06:48:00,38,Planned,Preventive Maintenance,PREV_MAINT
DT00000215,WO00000278,P03,P03_L03,M033,B,2026-01-12 14:40:00,2026-01-12 14:56:00,16,Planned,Preventive Maintenance,PREV_MAINT
DT00000216,WO00000279,P03,P03_L03,M033,C,2026-01-12 22:16:00,2026-01-12 23:16:00,60,Unplanned,Material Starvation,NO_MATERIAL
DT00000232,WO00000298,P03,P03_L01,M026,A,2026-01-13 06:14:00,2026-01-13 07:22:00,68,Planned,Changeover,CHANGEOVER
DT00000233,WO00000299,P03,P03_L01,M028,B,2026-01-13 14:42:00,2026-01-13 15:17:00,35,Planned,Preventive Maintenance,PREV_MAINT
DT00000234,WO00000301,P03,P03_L02,M030,A,2026-01-13 06:30:00,2026-01-13 07:37:00,67,Planned,Changeover,CHANGEOVER
DT00000235,WO00000302,P03,P03_L02,M031,B,2026-01-13 14:15:00,2026-01-13 14:43:00,28,Planned,Changeover,CHANGEOVER
DT00000236,WO00000305,P03,P03_L03,M036,B,2026-01-13 14:24:00,2026-01-13 14:50:00,26,Planned,Changeover,CHANGEOVER
DT00000237,WO00000306,P03,P03_L03,M036,C,2026-01-13 22:41:00,2026-01-13 23:03:00,22,Planned,Changeover,CHANGEOVER
DT00000249,WO00000325,P03,P03_L01,M025,A,2026-01-14 06:16:00,2026-01-14 07:45:00,89,Planned,Preventive Maintenance,PREV_MAINT
DT00000250,WO00000326,P03,P03_L01,M028,B,2026-01-14 14:13:00,2026-01-14 14:32:00,19,Planned,Changeover,CHANGEOVER
DT00000251,WO00000329,P03,P03_L02,M030,B,2026-01-14 14:46:00,2026-01-14 15:55:00,69,Planned,Changeover,CHANGEOVER
DT00000252,WO00000332,P03,P03_L03,M035,B,2026-01-14 14:43:00,2026-01-14 15:06:00,23,Planned,Changeover,CHANGEOVER
DT00000253,WO00000332,P03,P03_L03,M035,B,2026-01-14 15:11:00,2026-01-14 15:15:00,4,Unplanned,Mechanical Failure,BREAKDOWN
DT00000266,WO00000352,P03,P03_L01,M027,A,2026-01-15 06:44:00,2026-01-15 07:06:00,22,Planned,Cleaning/Sanitation,CLEANING
DT00000267,WO00000352,P03,P03_L01,M025,A,2026-01-15 07:11:00,2026-01-15 07:23:00,12,Unplanned,Sensor/Controls Fault,AUTOMATION
DT00000268,WO00000353,P03,P03_L01,M027,B,2026-01-15 14:13:00,2026-01-15 14:33:00,20,Planned,Planned Inspection,INSPECTION
DT00000269,WO00000354,P03,P03_L01,M026,C,2026-01-15 22:20:00,2026-01-15 22:53:00,33,Planned,Cleaning/Sanitation,CLEANING
DT00000270,WO00000354,P03,P03_L01,M027,C,2026-01-15 22:58:00,2026-01-15 23:18:00,20,Unplanned,Electrical Fault,ELECTRICAL
DT00000271,WO00000358,P03,P03_L03,M034,A,2026-01-15 06:25:00,2026-01-15 07:01:00,36,Planned,Preventive Maintenance,PREV_MAINT
DT00000272,WO00000360,P03,P03_L03,M035,C,2026-01-15 22:45:00,2026-01-15 23:12:00,27,Planned,Changeover,CHANGEOVER
DT00000273,WO00000360,P03,P03_L03,M036,C,2026-01-15 23:17:00,2026-01-16 00:00:00,43,Unplanned,Quality Hold,QUALITY
DT00000289,WO00000380,P03,P03_L01,M028,B,2026-01-16 14:38:00,2026-01-16 16:08:00,90,Unplanned,Mechanical Failure,BREAKDOWN
DT00000290,WO00000380,P03,P03_L01,M028,B,2026-01-16 16:11:00,2026-01-16 17:00:00,49,Unplanned,Mechanical Failure,BREAKDOWN
DT00000291,WO00000381,P03,P03_L01,M026,C,2026-01-16 22:46:00,2026-01-16 23:03:00,17,Unplanned,Mechanical Failure,BREAKDOWN
DT00000292,WO00000383,P03,P03_L02,M030,B,2026-01-16 14:35:00,2026-01-16 15:34:00,59,Unplanned,Sensor/Controls Fault,AUTOMATION
DT00000293,WO00000384,P03,P03_L02,M030,C,2026-01-16 22:12:00,2026-01-16 23:02:00,50,Unplanned,Mechanical Failure,BREAKDOWN
DT00000294,WO00000386,P03,P03_L03,M033,B,2026-01-16 14:48:00,2026-01-16 15:23:00,35,Unplanned,Operator Adjustment,ADJUST
DT00000295,WO00000387,P03,P03_L03,M033,C,2026-01-16 22:14:00,2026-01-16 22:40:00,26,Planned,Preventive Maintenance,PREV_MAINT
DT00000311,WO00000401,P03,P03_L01,M028,C,2026-01-17 22:40:00,2026-01-17 23:08:00,28,Unplanned,Mechanical Failure,BREAKDOWN
DT00000312,WO00000402,P03,P03_L02,M029,A,2026-01-17 06:29:00,2026-01-17 07:18:00,49,Planned,Preventive Maintenance,PREV_MAINT
DT00000313,WO00000405,P03,P03_L03,M035,B,2026-01-17 14:45:00,2026-01-17 15:54:00,69,Planned,Changeover,CHANGEOVER
DT00000323,WO00000418,P03,P03_L01,M026,A,2026-01-18 06:20:00,2026-01-18 06:44:00,24,Planned,Planned Inspection,INSPECTION
DT00000324,WO00000420,P03,P03_L01,M027,C,2026-01-18 22:13:00,2026-01-18 23:22:00,69,Planned,Preventive Maintenance,PREV_MAINT
DT00000325,WO00000421,P03,P03_L02,M031,A,2026-01-18 06:14:00,2026-01-18 07:07:00,53,Planned,Changeover,CHANGEOVER
DT00000326,WO00000423,P03,P03_L03,M033,B,2026-01-18 14:44:00,2026-01-18 16:01:00,77,Planned,Planned Inspection,INSPECTION
DT00000340,WO00000442,P03,P03_L01,M025,A,2026-01-19 06:24:00,2026-01-19 06:44:00,20,Unplanned,Quality Hold,QUALITY
DT00000341,WO00000445,P03,P03_L02,M029,A,2026-01-19 06:11:00,2026-01-19 06:31:00,20,Unplanned,Electrical Fault,ELECTRICAL
DT00000342,WO00000446,P03,P03_L02,M029,B,2026-01-19 14:10:00,2026-01-19 14:34:00,24,Planned,Planned Inspection,INSPECTION
DT00000343,WO00000448,P03,P03_L03,M033,A,2026-01-19 06:19:00,2026-01-19 07:02:00,43,Planned,Preventive Maintenance,PREV_MAINT
DT00000344,WO00000448,P03,P03_L03,M034,A,2026-01-19 07:07:00,2026-01-19 08:11:00,64,Unplanned,Quality Hold,QUALITY
DT00000345,WO00000449,P03,P03_L03,M034,B,2026-01-19 14:29:00,2026-01-19 15:21:00,52,Unplanned,Material Starvation,NO_MATERIAL
DT00000361,WO00000469,P03,P03_L01,M026,A,2026-01-20 06:22:00,2026-01-20 06:53:00,31,Planned,Cleaning/Sanitation,CLEANING
DT00000362,WO00000470,P03,P03_L01,M025,B,2026-01-20 14:49:00,2026-01-20 16:22:00,93,Unplanned,Utility Interruption,UTILITY
DT00000363,WO00000471,P03,P03_L01,M026,C,2026-01-20 22:45:00,2026-01-20 23:06:00,21,Planned,Preventive Maintenance,PREV_MAINT
DT00000364,WO00000472,P03,P03_L02,M031,A,2026-01-20 06:25:00,2026-01-20 06:40:00,15,Unplanned,Material Starvation,NO_MATERIAL
DT00000365,WO00000475,P03,P03_L03,M036,A,2026-01-20 06:27:00,2026-01-20 06:44:00,17,Planned,Changeover,CHANGEOVER
DT00000366,WO00000475,P03,P03_L03,M036,A,2026-01-20 06:49:00,2026-01-20 07:34:00,45,Unplanned,Mechanical Failure,BREAKDOWN
DT00000367,WO00000477,P03,P03_L03,M035,C,2026-01-20 22:29:00,2026-01-20 22:46:00,17,Planned,Preventive Maintenance,PREV_MAINT
DT00000368,WO00000477,P03,P03_L03,M035,C,2026-01-20 22:51:00,2026-01-21 00:06:00,75,Unplanned,Mechanical Failure,BREAKDOWN
DT00000391,WO00000496,P03,P03_L01,M026,A,2026-01-21 06:43:00,2026-01-21 07:15:00,32,Planned,Planned Inspection,INSPECTION
DT00000392,WO00000498,P03,P03_L01,M027,C,2026-01-21 22:36:00,2026-01-21 22:53:00,17,Planned,Changeover,CHANGEOVER
DT00000393,WO00000498,P03,P03_L01,M027,C,2026-01-21 22:58:00,2026-01-21 23:31:00,33,Unplanned,Material Starvation,NO_MATERIAL
DT00000394,WO00000500,P03,P03_L02,M032,B,2026-01-21 14:38:00,2026-01-21 15:05:00,27,Planned,Preventive Maintenance,PREV_MAINT
DT00000395,WO00000502,P03,P03_L03,M033,A,2026-01-21 06:18:00,2026-01-21 06:38:00,20,Unplanned,Mechanical Failure,BREAKDOWN
DT00000396,WO00000503,P03,P03_L03,M034,B,2026-01-21 14:18:00,2026-01-21 14:59:00,41,Planned,Changeover,CHANGEOVER
DT00000397,WO00000503,P03,P03_L03,M033,B,2026-01-21 15:04:00,2026-01-21 15:57:00,53,Unplanned,Quality Hold,QUALITY
DT00000398,WO00000504,P03,P03_L03,M035,C,2026-01-21 22:25:00,2026-01-21 22:54:00,29,Planned,Preventive Maintenance,PREV_MAINT
DT00000410,WO00000523,P03,P03_L01,M026,A,2026-01-22 06:39:00,2026-01-22 07:22:00,43,Unplanned,Material Starvation,NO_MATERIAL
DT00000411,WO00000524,P03,P03_L01,M025,B,2026-01-22 14:33:00,2026-01-22 15:05:00,32,Planned,Changeover,CHANGEOVER
DT00000412,WO00000525,P03,P03_L01,M025,C,2026-01-22 22:19:00,2026-01-22 23:00:00,41,Planned,Preventive Maintenance,PREV_MAINT
DT00000413,WO00000525,P03,P03_L01,M027,C,2026-01-22 23:05:00,2026-01-22 23:13:00,8,Unplanned,Quality Hold,QUALITY
DT00000414,WO00000526,P03,P03_L02,M032,A,2026-01-22 06:31:00,2026-01-22 07:07:00,36,Planned,Cleaning/Sanitation,CLEANING
DT00000415,WO00000528,P03,P03_L02,M029,C,2026-01-22 22:35:00,2026-01-22 22:51:00,16,Planned,Planned Inspection,INSPECTION
DT00000416,WO00000529,P03,P03_L03,M036,A,2026-01-22 06:37:00,2026-01-22 07:10:00,33,Unplanned,Sensor/Controls Fault,AUTOMATION
DT00000417,WO00000529,P03,P03_L03,M036,A,2026-01-22 07:13:00,2026-01-22 07:35:00,22,Unplanned,Mechanical Failure,BREAKDOWN
DT00000418,WO00000530,P03,P03_L03,M036,B,2026-01-22 14:32:00,2026-01-22 15:15:00,43,Planned,Changeover,CHANGEOVER
DT00000419,WO00000530,P03,P03_L03,M034,B,2026-01-22 15:20:00,2026-01-22 15:24:00,4,Unplanned,Operator Adjustment,ADJUST
DT00000420,WO00000530,P03,P03_L03,M033,B,2026-01-22 15:27:00,2026-01-22 15:41:00,14,Unplanned,Electrical Fault,ELECTRICAL
DT00000435,WO00000550,P03,P03_L01,M028,A,2026-01-23 06:25:00,2026-01-23 07:40:00,75,Planned,Changeover,CHANGEOVER
DT00000436,WO00000552,P03,P03_L01,M025,C,2026-01-23 22:11:00,2026-01-23 22:26:00,15,Planned,Preventive Maintenance,PREV_MAINT
DT00000437,WO00000555,P03,P03_L02,M032,C,2026-01-23 22:36:00,2026-01-23 23:00:00,24,Planned,Changeover,CHANGEOVER
DT00000438,WO00000555,P03,P03_L02,M032,C,2026-01-23 23:05:00,2026-01-24 01:45:00,160,Unplanned,Mechanical Failure,BREAKDOWN
DT00000439,WO00000556,P03,P03_L03,M033,A,2026-01-23 06:30:00,2026-01-23 06:50:00,20,Planned,Preventive Maintenance,PREV_MAINT
DT00000450,WO00000567,P03,P03_L01,M026,A,2026-01-24 06:44:00,2026-01-24 07:22:00,38,Planned,Preventive Maintenance,PREV_MAINT
DT00000451,WO00000568,P03,P03_L01,M028,B,2026-01-24 14:46:00,2026-01-24 15:37:00,51,Unplanned,Material Starvation,NO_MATERIAL
DT00000452,WO00000568,P03,P03_L01,M025,B,2026-01-24 15:40:00,2026-01-24 16:39:00,59,Unplanned,Mechanical Failure,BREAKDOWN
DT00000453,WO00000568,P03,P03_L01,M027,B,2026-01-24 16:42:00,2026-01-24 16:58:00,16,Unplanned,Sensor/Controls Fault,AUTOMATION
DT00000454,WO00000569,P03,P03_L03,M036,A,2026-01-24 06:26:00,2026-01-24 07:00:00,34,Planned,Changeover,CHANGEOVER
DT00000455,WO00000571,P03,P03_L03,M033,C,2026-01-24 22:42:00,2026-01-25 00:06:00,84,Planned,Preventive Maintenance,PREV_MAINT
DT00000464,WO00000585,P03,P03_L01,M027,A,2026-01-25 06:45:00,2026-01-25 07:17:00,32,Planned,Preventive Maintenance,PREV_MAINT
DT00000465,WO00000586,P03,P03_L02,M030,A,2026-01-25 06:36:00,2026-01-25 07:17:00,41,Planned,Preventive Maintenance,PREV_MAINT
DT00000466,WO00000589,P03,P03_L03,M035,A,2026-01-25 06:30:00,2026-01-25 06:48:00,18,Planned,Preventive Maintenance,PREV_MAINT
DT00000467,WO00000589,P03,P03_L03,M033,A,2026-01-25 06:53:00,2026-01-25 07:15:00,22,Unplanned,Electrical Fault,ELECTRICAL
DT00000468,WO00000589,P03,P03_L03,M036,A,2026-01-25 07:18:00,2026-01-25 07:27:00,9,Unplanned,Utility Interruption,UTILITY
DT00000469,WO00000589,P03,P03_L03,M035,A,2026-01-25 07:30:00,2026-01-25 07:47:00,17,Unplanned,Mechanical Failure,BREAKDOWN
DT00000484,WO00000609,P03,P03_L01,M025,A,2026-01-26 06:18:00,2026-01-26 06:40:00,22,Planned,Cleaning/Sanitation,CLEANING
DT00000485,WO00000609,P03,P03_L01,M027,A,2026-01-26 06:45:00,2026-01-26 06:53:00,8,Unplanned,Sensor/Controls Fault,AUTOMATION
DT00000486,WO00000610,P03,P03_L01,M026,B,2026-01-26 14:21:00,2026-01-26 14:48:00,27,Unplanned,Mechanical Failure,BREAKDOWN
DT00000487,WO00000612,P03,P03_L02,M031,A,2026-01-26 06:11:00,2026-01-26 06:31:00,20,Planned,Changeover,CHANGEOVER
DT00000488,WO00000614,P03,P03_L02,M030,C,2026-01-26 22:46:00,2026-01-27 00:11:00,85,Planned,Preventive Maintenance,PREV_MAINT
DT00000489,WO00000614,P03,P03_L02,M032,C,2026-01-27 00:16:00,2026-01-27 00:50:00,34,Unplanned,Mechanical Failure,BREAKDOWN
DT00000490,WO00000615,P03,P03_L03,M033,A,2026-01-26 06:32:00,2026-01-26 06:53:00,21,Planned,Cleaning/Sanitation,CLEANING
DT00000491,WO00000616,P03,P03_L03,M035,B,2026-01-26 14:32:00,2026-01-26 14:47:00,15,Planned,Preventive Maintenance,PREV_MAINT
DT00000505,WO00000640,P03,P03_L02,M030,B,2026-01-27 14:25:00,2026-01-27 15:19:00,54,Planned,Preventive Maintenance,PREV_MAINT
DT00000506,WO00000641,P03,P03_L02,M031,C,2026-01-27 22:48:00,2026-01-27 23:36:00,48,Planned,Preventive Maintenance,PREV_MAINT
DT00000507,WO00000641,P03,P03_L02,M030,C,2026-01-27 23:41:00,2026-01-27 23:51:00,10,Unplanned,Quality Hold,QUALITY
DT00000508,WO00000641,P03,P03_L02,M030,C,2026-01-27 23:54:00,2026-01-28 01:24:00,90,Unplanned,Sensor/Controls Fault,AUTOMATION
DT00000509,WO00000643,P03,P03_L03,M036,B,2026-01-27 14:11:00,2026-01-27 15:05:00,54,Planned,Preventive Maintenance,PREV_MAINT
DT00000524,WO00000665,P03,P03_L01,M027,C,2026-01-28 22:41:00,2026-01-28 23:24:00,43,Planned,Planned Inspection,INSPECTION
DT00000525,WO00000666,P03,P03_L02,M031,A,2026-01-28 06:12:00,2026-01-28 06:44:00,32,Planned,Changeover,CHANGEOVER
DT00000526,WO00000667,P03,P03_L02,M032,B,2026-01-28 14:33:00,2026-01-28 14:57:00,24,Planned,Changeover,CHANGEOVER
DT00000527,WO00000667,P03,P03_L02,M031,B,2026-01-28 15:02:00,2026-01-28 15:24:00,22,Unplanned,Electrical Fault,ELECTRICAL
DT00000528,WO00000668,P03,P03_L02,M029,C,2026-01-28 22:28:00,2026-01-28 22:39:00,11,Unplanned,Mechanical Failure,BREAKDOWN
DT00000529,WO00000669,P03,P03_L03,M035,A,2026-01-28 06:16:00,2026-01-28 06:42:00,26,Planned,Preventive Maintenance,PREV_MAINT
DT00000530,WO00000670,P03,P03_L03,M036,B,2026-01-28 14:39:00,2026-01-28 15:02:00,23,Planned,Changeover,CHANGEOVER
DT00000531,WO00000670,P03,P03_L03,M035,B,2026-01-28 15:07:00,2026-01-28 15:17:00,10,Unplanned,Mechanical Failure,BREAKDOWN
DT00000532,WO00000671,P03,P03_L03,M036,C,2026-01-28 22:35:00,2026-01-28 23:07:00,32,Planned,Changeover,CHANGEOVER
DT00000543,WO00000691,P03,P03_L01,M026,B,2026-01-29 14:10:00,2026-01-29 14:22:00,12,Unplanned,Sensor/Controls Fault,AUTOMATION
DT00000544,WO00000693,P03,P03_L02,M032,A,2026-01-29 06:25:00,2026-01-29 06:47:00,22,Planned,Changeover,CHANGEOVER
DT00000545,WO00000694,P03,P03_L02,M032,B,2026-01-29 14:42:00,2026-01-29 15:05:00,23,Planned,Preventive Maintenance,PREV_MAINT
DT00000546,WO00000695,P03,P03_L02,M031,C,2026-01-29 22:44:00,2026-01-29 23:40:00,56,Planned,Planned Inspection,INSPECTION
DT00000547,WO00000697,P03,P03_L03,M036,B,2026-01-29 14:46:00,2026-01-29 15:11:00,25,Planned,Changeover,CHANGEOVER
DT00000548,WO00000698,P03,P03_L03,M035,C,2026-01-29 22:47:00,2026-01-29 23:15:00,28,Planned,Changeover,CHANGEOVER
DT00000549,WO00000698,P03,P03_L03,M036,C,2026-01-29 23:20:00,2026-01-29 23:30:00,10,Unplanned,Electrical Fault,ELECTRICAL
DT00000564,WO00000717,P03,P03_L01,M025,A,2026-01-30 06:26:00,2026-01-30 07:09:00,43,Unplanned,Mechanical Failure,BREAKDOWN
DT00000565,WO00000718,P03,P03_L01,M026,B,2026-01-30 14:42:00,2026-01-30 15:24:00,42,Planned,Changeover,CHANGEOVER
DT00000566,WO00000719,P03,P03_L01,M027,C,2026-01-30 22:44:00,2026-01-30 23:14:00,30,Planned,Changeover,CHANGEOVER
DT00000567,WO00000719,P03,P03_L01,M028,C,2026-01-30 23:19:00,2026-01-30 23:38:00,19,Unplanned,Material Starvation,NO_MATERIAL
DT00000568,WO00000722,P03,P03_L02,M029,C,2026-01-30 22:21:00,2026-01-30 23:33:00,72,Unplanned,Sensor/Controls Fault,AUTOMATION
DT00000569,WO00000722,P03,P03_L02,M031,C,2026-01-30 23:36:00,2026-01-31 00:15:00,39,Unplanned,Quality Hold,QUALITY
DT00000570,WO00000723,P03,P03_L03,M033,A,2026-01-30 06:42:00,2026-01-30 07:17:00,35,Unplanned,Electrical Fault,ELECTRICAL
DT00000576,WO00000738,P03,P03_L01,M026,C,2026-01-31 22:14:00,2026-01-31 22:33:00,19,Planned,Changeover,CHANGEOVER
DT00000577,WO00000738,P03,P03_L01,M026,C,2026-01-31 22:38:00,2026-01-31 23:10:00,32,Unplanned,Electrical Fault,ELECTRICAL
DT00000578,WO00000739,P03,P03_L02,M030,B,2026-01-31 14:47:00,2026-01-31 15:13:00,26,Planned,Changeover,CHANGEOVER
DT00000587,WO00000755,P03,P03_L01,M027,B,2026-02-01 14:13:00,2026-02-01 14:34:00,21,Planned,Changeover,CHANGEOVER
DT00000588,WO00000757,P03,P03_L02,M030,A,2026-02-01 06:42:00,2026-02-01 07:02:00,20,Planned,Changeover,CHANGEOVER
DT00000589,WO00000759,P03,P03_L02,M030,C,2026-02-01 22:29:00,2026-02-01 22:48:00,19,Planned,Preventive Maintenance,PREV_MAINT
DT00000590,WO00000760,P03,P03_L03,M034,A,2026-02-01 06:37:00,2026-02-01 07:49:00,72,Planned,Preventive Maintenance,PREV_MAINT
DT00000591,WO00000760,P03,P03_L03,M033,A,2026-02-01 07:54:00,2026-02-01 08:02:00,8,Unplanned,Operator Adjustment,ADJUST
DT00000603,WO00000780,P03,P03_L01,M025,A,2026-02-02 06:44:00,2026-02-02 07:43:00,59,Planned,Cleaning/Sanitation,CLEANING
DT00000604,WO00000781,P03,P03_L01,M025,B,2026-02-02 14:31:00,2026-02-02 14:52:00,21,Planned,Preventive Maintenance,PREV_MAINT
DT00000605,WO00000782,P03,P03_L01,M028,C,2026-02-02 22:39:00,2026-02-02 23:39:00,60,Planned,Cleaning/Sanitation,CLEANING
DT00000606,WO00000784,P03,P03_L02,M029,B,2026-02-02 14:28:00,2026-02-02 15:07:00,39,Unplanned,Quality Hold,QUALITY
DT00000607,WO00000785,P03,P03_L02,M031,C,2026-02-02 22:25:00,2026-02-02 23:07:00,42,Planned,Changeover,CHANGEOVER
DT00000608,WO00000786,P03,P03_L03,M035,A,2026-02-02 06:27:00,2026-02-02 06:54:00,27,Unplanned,Mechanical Failure,BREAKDOWN
DT00000626,WO00000808,P03,P03_L01,M028,B,2026-02-03 14:17:00,2026-02-03 14:21:00,4,Unplanned,Mechanical Failure,BREAKDOWN
DT00000627,WO00000809,P03,P03_L01,M026,C,2026-02-03 22:16:00,2026-02-03 22:40:00,24,Planned,Cleaning/Sanitation,CLEANING
DT00000628,WO00000810,P03,P03_L02,M032,A,2026-02-03 06:41:00,2026-02-03 06:52:00,11,Unplanned,Electrical Fault,ELECTRICAL
DT00000629,WO00000810,P03,P03_L02,M031,A,2026-02-03 06:55:00,2026-02-03 07:38:00,43,Unplanned,Mechanical Failure,BREAKDOWN
DT00000630,WO00000811,P03,P03_L02,M029,B,2026-02-03 14:12:00,2026-02-03 14:38:00,26,Planned,Planned Inspection,INSPECTION
DT00000631,WO00000813,P03,P03_L03,M034,A,2026-02-03 06:11:00,2026-02-03 06:45:00,34,Planned,Preventive Maintenance,PREV_MAINT
DT00000632,WO00000813,P03,P03_L03,M035,A,2026-02-03 06:50:00,2026-02-03 07:15:00,25,Unplanned,Material Starvation,NO_MATERIAL
DT00000633,WO00000813,P03,P03_L03,M034,A,2026-02-03 07:18:00,2026-02-03 07:44:00,26,Unplanned,Material Starvation,NO_MATERIAL
DT00000634,WO00000815,P03,P03_L03,M035,C,2026-02-03 22:37:00,2026-02-03 22:55:00,18,Unplanned,Mechanical Failure,BREAKDOWN
DT00000652,WO00000834,P03,P03_L01,M028,A,2026-02-04 06:21:00,2026-02-04 06:44:00,23,Planned,Preventive Maintenance,PREV_MAINT
DT00000653,WO00000835,P03,P03_L01,M026,B,2026-02-04 14:20:00,2026-02-04 15:01:00,41,Planned,Cleaning/Sanitation,CLEANING
DT00000654,WO00000835,P03,P03_L01,M027,B,2026-02-04 15:06:00,2026-02-04 15:10:00,4,Unplanned,Sensor/Controls Fault,AUTOMATION
DT00000655,WO00000836,P03,P03_L01,M025,C,2026-02-04 22:44:00,2026-02-04 23:07:00,23,Planned,Planned Inspection,INSPECTION
DT00000656,WO00000838,P03,P03_L02,M032,B,2026-02-04 14:43:00,2026-02-04 15:11:00,28,Planned,Changeover,CHANGEOVER
DT00000657,WO00000840,P03,P03_L03,M036,A,2026-02-04 06:39:00,2026-02-04 07:01:00,22,Planned,Cleaning/Sanitation,CLEANING
DT00000658,WO00000841,P03,P03_L03,M034,B,2026-02-04 14:42:00,2026-02-04 14:47:00,5,Unplanned,Mechanical Failure,BREAKDOWN
DT00000659,WO00000842,P03,P03_L03,M034,C,2026-02-04 22:49:00,2026-02-04 23:43:00,54,Planned,Cleaning/Sanitation,CLEANING
DT00000673,WO00000861,P03,P03_L01,M025,A,2026-02-05 06:22:00,2026-02-05 06:42:00,20,Unplanned,Sensor/Controls Fault,AUTOMATION
DT00000674,WO00000862,P03,P03_L01,M027,B,2026-02-05 14:35:00,2026-02-05 15:14:00,39,Planned,Changeover,CHANGEOVER
DT00000675,WO00000865,P03,P03_L02,M030,B,2026-02-05 14:13:00,2026-02-05 14:24:00,11,Unplanned,Mechanical Failure,BREAKDOWN
DT00000676,WO00000869,P03,P03_L03,M034,C,2026-02-05 22:12:00,2026-02-05 22:52:00,40,Planned,Planned Inspection,INSPECTION
DT00000691,WO00000888,P03,P03_L01,M027,A,2026-02-06 06:25:00,2026-02-06 07:11:00,46,Unplanned,Sensor/Controls Fault,AUTOMATION
DT00000692,WO00000889,P03,P03_L01,M026,B,2026-02-06 14:49:00,2026-02-06 15:32:00,43,Planned,Preventive Maintenance,PREV_MAINT
DT00000693,WO00000889,P03,P03_L01,M025,B,2026-02-06 15:37:00,2026-02-06 16:04:00,27,Unplanned,Mechanical Failure,BREAKDOWN
DT00000694,WO00000889,P03,P03_L01,M026,B,2026-02-06 16:07:00,2026-02-06 16:44:00,37,Unplanned,Material Starvation,NO_MATERIAL
DT00000695,WO00000890,P03,P03_L01,M027,C,2026-02-06 22:20:00,2026-02-06 22:58:00,38,Planned,Changeover,CHANGEOVER
DT00000696,WO00000892,P03,P03_L02,M030,B,2026-02-06 14:32:00,2026-02-06 14:50:00,18,Planned,Changeover,CHANGEOVER
DT00000697,WO00000893,P03,P03_L02,M032,C,2026-02-06 22:33:00,2026-02-06 23:15:00,42,Planned,Preventive Maintenance,PREV_MAINT
DT00000698,WO00000894,P03,P03_L03,M036,A,2026-02-06 06:18:00,2026-02-06 06:44:00,26,Planned,Changeover,CHANGEOVER
DT00000699,WO00000894,P03,P03_L03,M033,A,2026-02-06 06:49:00,2026-02-06 07:16:00,27,Unplanned,Quality Hold,QUALITY
DT00000712,WO00000911,P03,P03_L01,M026,C,2026-02-07 22:38:00,2026-02-07 23:13:00,35,Planned,Changeover,CHANGEOVER
DT00000713,WO00000913,P03,P03_L02,M029,C,2026-02-07 22:15:00,2026-02-07 22:37:00,22,Planned,Preventive Maintenance,PREV_MAINT
DT00000714,WO00000915,P03,P03_L03,M036,B,2026-02-07 14:22:00,2026-02-07 14:43:00,21,Unplanned,Utility Interruption,UTILITY
DT00000715,WO00000916,P03,P03_L03,M033,C,2026-02-07 22:18:00,2026-02-07 22:43:00,25,Planned,Preventive Maintenance,PREV_MAINT
DT00000721,WO00000925,P03,P03_L01,M025,A,2026-02-08 06:29:00,2026-02-08 07:13:00,44,Planned,Changeover,CHANGEOVER
DT00000722,WO00000926,P03,P03_L01,M025,C,2026-02-08 22:18:00,2026-02-08 22:41:00,23,Planned,Changeover,CHANGEOVER
DT00000723,WO00000927,P03,P03_L02,M030,B,2026-02-08 14:42:00,2026-02-08 15:07:00,25,Planned,Changeover,CHANGEOVER
DT00000724,WO00000927,P03,P03_L02,M032,B,2026-02-08 15:12:00,2026-02-08 15:37:00,25,Unplanned,Sensor/Controls Fault,AUTOMATION
DT00000725,WO00000927,P03,P03_L02,M029,B,2026-02-08 15:40:00,2026-02-08 15:59:00,19,Unplanned,Sensor/Controls Fault,AUTOMATION
DT00000739,WO00000949,P03,P03_L01,M025,B,2026-02-09 14:26:00,2026-02-09 14:55:00,29,Planned,Changeover,CHANGEOVER
DT00000740,WO00000950,P03,P03_L01,M027,C,2026-02-09 22:36:00,2026-02-09 23:45:00,69,Unplanned,Mechanical Failure,BREAKDOWN
DT00000741,WO00000952,P03,P03_L02,M029,B,2026-02-09 14:17:00,2026-02-09 14:39:00,22,Unplanned,Mechanical Failure,BREAKDOWN
DT00000742,WO00000956,P03,P03_L03,M034,C,2026-02-09 22:48:00,2026-02-09 23:14:00,26,Unplanned,Operator Adjustment,ADJUST
DT00000749,WO00000976,P03,P03_L01,M026,B,2026-02-10 14:35:00,2026-02-10 15:26:00,51,Planned,Preventive Maintenance,PREV_MAINT
DT00000750,WO00000978,P03,P03_L02,M030,A,2026-02-10 06:41:00,2026-02-10 07:06:00,25,Planned,Changeover,CHANGEOVER
DT00000751,WO00000979,P03,P03_L02,M030,B,2026-02-10 14:20:00,2026-02-10 14:44:00,24,Unplanned,Sensor/Controls Fault,AUTOMATION
DT00000752,WO00000981,P03,P03_L03,M034,A,2026-02-10 06:25:00,2026-02-10 06:52:00,27,Planned,Changeover,CHANGEOVER
DT00000753,WO00000983,P03,P03_L03,M034,C,2026-02-10 22:33:00,2026-02-10 23:09:00,36,Planned,Changeover,CHANGEOVER
DT00000767,WO00001003,P03,P03_L01,M028,B,2026-02-11 14:38:00,2026-02-11 14:55:00,17,Planned,Cleaning/Sanitation,CLEANING
DT00000768,WO00001004,P03,P03_L01,M028,C,2026-02-11 22:26:00,2026-02-11 23:03:00,37,Planned,Changeover,CHANGEOVER
DT00000769,WO00001005,P03,P03_L02,M032,A,2026-02-11 06:20:00,2026-02-11 06:30:00,10,Unplanned,Material Starvation,NO_MATERIAL
DT00000770,WO00001006,P03,P03_L02,M031,B,2026-02-11 14:27:00,2026-02-11 15:01:00,34,Planned,Preventive Maintenance,PREV_MAINT
DT00000771,WO00001007,P03,P03_L02,M032,C,2026-02-11 22:24:00,2026-02-11 22:51:00,27,Planned,Changeover,CHANGEOVER
DT00000772,WO00001010,P03,P03_L03,M036,C,2026-02-11 22:44:00,2026-02-11 22:53:00,9,Unplanned,Utility Interruption,UTILITY
DT00000787,WO00001029,P03,P03_L01,M026,A,2026-02-12 06:27:00,2026-02-12 06:57:00,30,Planned,Changeover,CHANGEOVER
DT00000788,WO00001030,P03,P03_L01,M026,B,2026-02-12 14:23:00,2026-02-12 14:58:00,35,Planned,Changeover,CHANGEOVER
DT00000789,WO00001031,P03,P03_L01,M026,C,2026-02-12 22:24:00,2026-02-12 22:41:00,17,Planned,Preventive Maintenance,PREV_MAINT
DT00000790,WO00001032,P03,P03_L02,M032,A,2026-02-12 06:31:00,2026-02-12 07:16:00,45,Planned,Planned Inspection,INSPECTION
DT00000791,WO00001033,P03,P03_L02,M030,B,2026-02-12 14:46:00,2026-02-12 15:14:00,28,Planned,Cleaning/Sanitation,CLEANING
DT00000792,WO00001033,P03,P03_L02,M032,B,2026-02-12 15:19:00,2026-02-12 15:40:00,21,Unplanned,Mechanical Failure,BREAKDOWN
DT00000793,WO00001033,P03,P03_L02,M031,B,2026-02-12 15:43:00,2026-02-12 17:17:00,94,Unplanned,Mechanical Failure,BREAKDOWN
DT00000794,WO00001034,P03,P03_L02,M032,C,2026-02-12 22:44:00,2026-02-12 23:40:00,56,Unplanned,Material Starvation,NO_MATERIAL
DT00000795,WO00001034,P03,P03_L02,M032,C,2026-02-12 23:43:00,2026-02-12 23:54:00,11,Unplanned,Mechanical Failure,BREAKDOWN
DT00000796,WO00001036,P03,P03_L03,M036,B,2026-02-12 14:10:00,2026-02-12 14:32:00,22,Planned,Changeover,CHANGEOVER
DT00000811,WO00001056,P03,P03_L01,M027,A,2026-02-13 06:13:00,2026-02-13 06:56:00,43,Planned,Planned Inspection,INSPECTION
DT00000812,WO00001057,P03,P03_L01,M026,B,2026-02-13 14:15:00,2026-02-13 15:30:00,75,Planned,Changeover,CHANGEOVER
DT00000813,WO00001057,P03,P03_L01,M028,B,2026-02-13 15:35:00,2026-02-13 15:46:00,11,Unplanned,Electrical Fault,ELECTRICAL
DT00000814,WO00001058,P03,P03_L01,M025,C,2026-02-13 22:22:00,2026-02-13 23:03:00,41,Unplanned,Electrical Fault,ELECTRICAL
DT00000815,WO00001058,P03,P03_L01,M027,C,2026-02-13 23:06:00,2026-02-14 00:05:00,59,Unplanned,Material Starvation,NO_MATERIAL
DT00000816,WO00001059,P03,P03_L02,M031,A,2026-02-13 06:39:00,2026-02-13 07:00:00,21,Planned,Preventive Maintenance,PREV_MAINT
DT00000817,WO00001061,P03,P03_L02,M031,C,2026-02-13 22:42:00,2026-02-13 23:21:00,39,Unplanned,Electrical Fault,ELECTRICAL
DT00000818,WO00001062,P03,P03_L03,M035,A,2026-02-13 06:43:00,2026-02-13 07:00:00,17,Unplanned,Electrical Fault,ELECTRICAL
DT00000819,WO00001064,P03,P03_L03,M035,C,2026-02-13 22:15:00,2026-02-13 22:37:00,22,Planned,Preventive Maintenance,PREV_MAINT
DT00000820,WO00001064,P03,P03_L03,M034,C,2026-02-13 22:42:00,2026-02-13 22:56:00,14,Unplanned,Material Starvation,NO_MATERIAL
DT00000821,WO00001064,P03,P03_L03,M036,C,2026-02-13 22:59:00,2026-02-13 23:17:00,18,Unplanned,Mechanical Failure,BREAKDOWN
DT00000827,WO00001074,P03,P03_L02,M030,A,2026-02-14 06:30:00,2026-02-14 06:52:00,22,Planned,Cleaning/Sanitation,CLEANING
DT00000828,WO00001074,P03,P03_L02,M032,A,2026-02-14 06:57:00,2026-02-14 07:34:00,37,Unplanned,Mechanical Failure,BREAKDOWN
DT00000829,WO00001075,P03,P03_L03,M033,B,2026-02-14 14:39:00,2026-02-14 15:08:00,29,Planned,Preventive Maintenance,PREV_MAINT
DT00000840,WO00001090,P03,P03_L01,M025,B,2026-02-15 14:33:00,2026-02-15 14:48:00,15,Planned,Cleaning/Sanitation,CLEANING
DT00000841,WO00001092,P03,P03_L02,M031,C,2026-02-15 22:36:00,2026-02-16 00:03:00,87,Planned,Changeover,CHANGEOVER
DT00000853,WO00001112,P03,P03_L01,M026,A,2026-02-16 06:34:00,2026-02-16 06:58:00,24,Planned,Changeover,CHANGEOVER
DT00000854,WO00001114,P03,P03_L01,M026,C,2026-02-16 22:24:00,2026-02-16 23:08:00,44,Unplanned,Quality Hold,QUALITY
DT00000855,WO00001114,P03,P03_L01,M026,C,2026-02-16 23:11:00,2026-02-17 00:35:00,84,Unplanned,Quality Hold,QUALITY
DT00000856,WO00001116,P03,P03_L02,M031,B,2026-02-16 14:36:00,2026-02-16 14:48:00,12,Unplanned,Mechanical Failure,BREAKDOWN
DT00000857,WO00001118,P03,P03_L03,M033,A,2026-02-16 06:20:00,2026-02-16 06:32:00,12,Unplanned,Utility Interruption,UTILITY
DT00000858,WO00001118,P03,P03_L03,M035,A,2026-02-16 06:35:00,2026-02-16 06:54:00,19,Unplanned,Mechanical Failure,BREAKDOWN
DT00000859,WO00001119,P03,P03_L03,M036,B,2026-02-16 14:46:00,2026-02-16 15:09:00,23,Planned,Planned Inspection,INSPECTION
DT00000875,WO00001141,P03,P03_L01,M027,C,2026-02-17 22:43:00,2026-02-17 23:27:00,44,Planned,Preventive Maintenance,PREV_MAINT
DT00000876,WO00001142,P03,P03_L02,M029,A,2026-02-17 06:49:00,2026-02-17 07:06:00,17,Unplanned,Operator Adjustment,ADJUST
DT00000877,WO00001143,P03,P03_L02,M030,B,2026-02-17 14:25:00,2026-02-17 14:39:00,14,Planned,Changeover,CHANGEOVER
DT00000878,WO00001145,P03,P03_L03,M036,A,2026-02-17 06:40:00,2026-02-17 06:48:00,8,Unplanned,Material Starvation,NO_MATERIAL
DT00000879,WO00001146,P03,P03_L03,M034,B,2026-02-17 14:32:00,2026-02-17 15:22:00,50,Planned,Changeover,CHANGEOVER
DT00000880,WO00001147,P03,P03_L03,M035,C,2026-02-17 22:47:00,2026-02-17 22:59:00,12,Unplanned,Electrical Fault,ELECTRICAL
DT00000889,WO00001170,P03,P03_L02,M031,B,2026-02-18 14:21:00,2026-02-18 14:45:00,24,Planned,Cleaning/Sanitation,CLEANING
DT00000890,WO00001171,P03,P03_L02,M030,C,2026-02-18 22:30:00,2026-02-18 23:03:00,33,Planned,Preventive Maintenance,PREV_MAINT
DT00000891,WO00001171,P03,P03_L02,M032,C,2026-02-18 23:08:00,2026-02-18 23:18:00,10,Unplanned,Electrical Fault,ELECTRICAL
DT00000892,WO00001173,P03,P03_L03,M033,B,2026-02-18 14:36:00,2026-02-18 14:54:00,18,Planned,Changeover,CHANGEOVER
DT00000893,WO00001174,P03,P03_L03,M033,C,2026-02-18 22:16:00,2026-02-18 23:37:00,81,Planned,Cleaning/Sanitation,CLEANING
DT00000905,WO00001193,P03,P03_L01,M027,A,2026-02-19 06:42:00,2026-02-19 06:57:00,15,Unplanned,Mechanical Failure,BREAKDOWN
DT00000906,WO00001194,P03,P03_L01,M025,B,2026-02-19 14:24:00,2026-02-19 14:37:00,13,Unplanned,Material Starvation,NO_MATERIAL
DT00000907,WO00001196,P03,P03_L02,M029,A,2026-02-19 06:28:00,2026-02-19 06:58:00,30,Planned,Changeover,CHANGEOVER
DT00000908,WO00001198,P03,P03_L02,M032,C,2026-02-19 22:13:00,2026-02-19 22:59:00,46,Planned,Changeover,CHANGEOVER
DT00000909,WO00001199,P03,P03_L03,M033,A,2026-02-19 06:44:00,2026-02-19 06:58:00,14,Unplanned,Mechanical Failure,BREAKDOWN
DT00000910,WO00001200,P03,P03_L03,M035,B,2026-02-19 14:41:00,2026-02-19 15:02:00,21,Planned,Changeover,CHANGEOVER
DT00000927,WO00001225,P03,P03_L02,M029,C,2026-02-20 22:23:00,2026-02-20 23:07:00,44,Planned,Planned Inspection,INSPECTION
DT00000928,WO00001227,P03,P03_L03,M036,B,2026-02-20 14:20:00,2026-02-20 14:44:00,24,Planned,Preventive Maintenance,PREV_MAINT
DT00000938,WO00001240,P03,P03_L01,M025,A,2026-02-21 06:11:00,2026-02-21 06:32:00,21,Unplanned,Material Starvation,NO_MATERIAL
DT00000939,WO00001242,P03,P03_L02,M032,A,2026-02-21 06:38:00,2026-02-21 07:15:00,37,Unplanned,Material Starvation,NO_MATERIAL
DT00000940,WO00001244,P03,P03_L02,M030,C,2026-02-21 22:23:00,2026-02-21 22:53:00,30,Planned,Changeover,CHANGEOVER
DT00000941,WO00001245,P03,P03_L03,M033,A,2026-02-21 06:45:00,2026-02-21 07:10:00,25,Unplanned,Sensor/Controls Fault,AUTOMATION
DT00000942,WO00001246,P03,P03_L03,M033,B,2026-02-21 14:27:00,2026-02-21 15:00:00,33,Planned,Changeover,CHANGEOVER
DT00000943,WO00001246,P03,P03_L03,M033,B,2026-02-21 15:05:00,2026-02-21 15:23:00,18,Unplanned,Material Starvation,NO_MATERIAL
DT00000944,WO00001247,P03,P03_L03,M034,C,2026-02-21 22:30:00,2026-02-21 23:05:00,35,Unplanned,Mechanical Failure,BREAKDOWN
DT00000957,WO00001261,P03,P03_L02,M031,A,2026-02-22 06:23:00,2026-02-22 06:58:00,35,Planned,Changeover,CHANGEOVER
DT00000958,WO00001261,P03,P03_L02,M031,A,2026-02-22 07:03:00,2026-02-22 07:43:00,40,Unplanned,Operator Adjustment,ADJUST
DT00000959,WO00001261,P03,P03_L02,M030,A,2026-02-22 07:46:00,2026-02-22 07:54:00,8,Unplanned,Material Starvation,NO_MATERIAL
DT00000960,WO00001262,P03,P03_L02,M032,B,2026-02-22 14:42:00,2026-02-22 15:05:00,23,Unplanned,Quality Hold,QUALITY
DT00000973,WO00001285,P03,P03_L01,M028,B,2026-02-23 14:27:00,2026-02-23 14:38:00,11,Unplanned,Mechanical Failure,BREAKDOWN
DT00000974,WO00001285,P03,P03_L01,M027,B,2026-02-23 14:41:00,2026-02-23 14:48:00,7,Unplanned,Material Starvation,NO_MATERIAL
DT00000975,WO00001286,P03,P03_L01,M028,C,2026-02-23 22:26:00,2026-02-23 23:03:00,37,Unplanned,Operator Adjustment,ADJUST
DT00000976,WO00001288,P03,P03_L02,M029,B,2026-02-23 14:49:00,2026-02-23 15:34:00,45,Planned,Changeover,CHANGEOVER
DT00000977,WO00001289,P03,P03_L02,M031,C,2026-02-23 22:43:00,2026-02-23 23:22:00,39,Unplanned,Material Starvation,NO_MATERIAL
DT00000978,WO00001289,P03,P03_L02,M031,C,2026-02-23 23:25:00,2026-02-23 23:31:00,6,Unplanned,Material Starvation,NO_MATERIAL
DT00000979,WO00001289,P03,P03_L02,M032,C,2026-02-23 23:34:00,2026-02-24 00:01:00,27,Unplanned,Quality Hold,QUALITY
DT00000992,WO00001311,P03,P03_L01,M026,A,2026-02-24 06:32:00,2026-02-24 07:10:00,38,Planned,Preventive Maintenance,PREV_MAINT
DT00000993,WO00001312,P03,P03_L01,M026,B,2026-02-24 14:22:00,2026-02-24 14:35:00,13,Unplanned,Material Starvation,NO_MATERIAL
DT00000994,WO00001314,P03,P03_L02,M029,A,2026-02-24 06:41:00,2026-02-24 07:17:00,36,Planned,Preventive Maintenance,PREV_MAINT
DT00000995,WO00001315,P03,P03_L02,M029,B,2026-02-24 14:18:00,2026-02-24 14:41:00,23,Planned,Cleaning/Sanitation,CLEANING
DT00000996,WO00001318,P03,P03_L03,M035,B,2026-02-24 14:11:00,2026-02-24 14:46:00,35,Planned,Cleaning/Sanitation,CLEANING
DT00000997,WO00001319,P03,P03_L03,M036,C,2026-02-24 22:44:00,2026-02-24 23:12:00,28,Planned,Changeover,CHANGEOVER
DT00000998,WO00001319,P03,P03_L03,M033,C,2026-02-24 23:17:00,2026-02-24 23:43:00,26,Unplanned,Material Starvation,NO_MATERIAL
DT00001014,WO00001338,P03,P03_L01,M025,A,2026-02-25 06:10:00,2026-02-25 06:48:00,38,Planned,Preventive Maintenance,PREV_MAINT
DT00001015,WO00001339,P03,P03_L01,M026,B,2026-02-25 14:41:00,2026-02-25 15:35:00,54,Planned,Changeover,CHANGEOVER
DT00001016,WO00001341,P03,P03_L02,M030,A,2026-02-25 06:13:00,2026-02-25 06:46:00,33,Planned,Changeover,CHANGEOVER
DT00001017,WO00001341,P03,P03_L02,M031,A,2026-02-25 06:51:00,2026-02-25 07:15:00,24,Unplanned,Operator Adjustment,ADJUST
DT00001018,WO00001342,P03,P03_L02,M029,B,2026-02-25 14:42:00,2026-02-25 15:04:00,22,Planned,Changeover,CHANGEOVER
DT00001019,WO00001343,P03,P03_L02,M031,C,2026-02-25 22:41:00,2026-02-25 23:22:00,41,Planned,Preventive Maintenance,PREV_MAINT
DT00001020,WO00001345,P03,P03_L03,M034,B,2026-02-25 14:24:00,2026-02-25 15:31:00,67,Unplanned,Material Starvation,NO_MATERIAL
DT00001029,WO00001365,P03,P03_L01,M027,A,2026-02-26 06:23:00,2026-02-26 07:27:00,64,Planned,Changeover,CHANGEOVER
DT00001030,WO00001367,P03,P03_L01,M027,C,2026-02-26 22:10:00,2026-02-26 22:47:00,37,Planned,Cleaning/Sanitation,CLEANING
DT00001031,WO00001367,P03,P03_L01,M028,C,2026-02-26 22:52:00,2026-02-26 23:20:00,28,Unplanned,Mechanical Failure,BREAKDOWN
DT00001032,WO00001367,P03,P03_L01,M027,C,2026-02-26 23:23:00,2026-02-26 23:44:00,21,Unplanned,Quality Hold,QUALITY
DT00001033,WO00001369,P03,P03_L02,M030,B,2026-02-26 14:32:00,2026-02-26 14:53:00,21,Unplanned,Electrical Fault,ELECTRICAL
DT00001034,WO00001372,P03,P03_L03,M033,B,2026-02-26 14:13:00,2026-02-26 14:23:00,10,Unplanned,Electrical Fault,ELECTRICAL
DT00001047,WO00001392,P03,P03_L01,M025,A,2026-02-27 06:26:00,2026-02-27 06:49:00,23,Unplanned,Utility Interruption,UTILITY
DT00001048,WO00001394,P03,P03_L01,M026,C,2026-02-27 22:15:00,2026-02-27 22:40:00,25,Planned,Preventive Maintenance,PREV_MAINT
DT00001049,WO00001395,P03,P03_L02,M029,A,2026-02-27 06:26:00,2026-02-27 06:45:00,19,Unplanned,Mechanical Failure,BREAKDOWN
DT00001050,WO00001396,P03,P03_L02,M031,B,2026-02-27 14:36:00,2026-02-27 14:56:00,20,Unplanned,Mechanical Failure,BREAKDOWN
DT00001051,WO00001397,P03,P03_L02,M031,C,2026-02-27 22:10:00,2026-02-27 22:58:00,48,Planned,Preventive Maintenance,PREV_MAINT
DT00001052,WO00001398,P03,P03_L03,M033,A,2026-02-27 06:11:00,2026-02-27 06:31:00,20,Planned,Cleaning/Sanitation,CLEANING
DT00001053,WO00001399,P03,P03_L03,M033,B,2026-02-27 14:29:00,2026-02-27 15:08:00,39,Planned,Preventive Maintenance,PREV_MAINT
DT00001054,WO00001399,P03,P03_L03,M034,B,2026-02-27 15:13:00,2026-02-27 15:30:00,17,Unplanned,Electrical Fault,ELECTRICAL
DT00001061,WO00001416,P03,P03_L02,M030,A,2026-02-28 06:19:00,2026-02-28 06:42:00,23,Planned,Changeover,CHANGEOVER
DT00001062,WO00001416,P03,P03_L02,M031,A,2026-02-28 06:47:00,2026-02-28 06:53:00,6,Unplanned,Mechanical Failure,BREAKDOWN
DT00001063,WO00001417,P03,P03_L02,M030,B,2026-02-28 14:26:00,2026-02-28 14:39:00,13,Unplanned,Mechanical Failure,BREAKDOWN
DT00001064,WO00001418,P03,P03_L02,M032,C,2026-02-28 22:40:00,2026-02-28 22:45:00,5,Unplanned,Mechanical Failure,BREAKDOWN
DT00001065,WO00001419,P03,P03_L03,M034,A,2026-02-28 06:30:00,2026-02-28 06:47:00,17,Planned,Planned Inspection,INSPECTION
DT00001066,WO00001419,P03,P03_L03,M033,A,2026-02-28 06:52:00,2026-02-28 07:58:00,66,Unplanned,Material Starvation,NO_MATERIAL
DT00001067,WO00001420,P03,P03_L03,M035,B,2026-02-28 14:37:00,2026-02-28 14:58:00,21,Planned,Cleaning/Sanitation,CLEANING
DT00001068,WO00001420,P03,P03_L03,M034,B,2026-02-28 15:03:00,2026-02-28 15:26:00,23,Unplanned,Mechanical Failure,BREAKDOWN
DT00001069,WO00001421,P03,P03_L03,M035,C,2026-02-28 22:15:00,2026-02-28 22:47:00,32,Planned,Preventive Maintenance,PREV_MAINT
DT00001070,WO00001421,P03,P03_L03,M036,C,2026-02-28 22:52:00,2026-02-28 23:21:00,29,Unplanned,Sensor/Controls Fault,AUTOMATION
DT00001075,WO00001435,P03,P03_L02,M032,A,2026-03-01 06:49:00,2026-03-01 07:05:00,16,Unplanned,Electrical Fault,ELECTRICAL
DT00001076,WO00001436,P03,P03_L02,M032,C,2026-03-01 22:27:00,2026-03-01 23:23:00,56,Unplanned,Material Starvation,NO_MATERIAL
DT00001083,WO00001455,P03,P03_L01,M027,A,2026-03-02 06:21:00,2026-03-02 06:36:00,15,Unplanned,Quality Hold,QUALITY
DT00001084,WO00001455,P03,P03_L01,M025,A,2026-03-02 06:39:00,2026-03-02 06:50:00,11,Unplanned,Quality Hold,QUALITY
DT00001085,WO00001457,P03,P03_L01,M025,C,2026-03-02 22:28:00,2026-03-02 22:33:00,5,Unplanned,Quality Hold,QUALITY
DT00001086,WO00001457,P03,P03_L01,M026,C,2026-03-02 22:36:00,2026-03-03 00:16:00,100,Unplanned,Electrical Fault,ELECTRICAL
DT00001087,WO00001459,P03,P03_L02,M030,B,2026-03-02 14:12:00,2026-03-02 14:36:00,24,Planned,Preventive Maintenance,PREV_MAINT
DT00001088,WO00001459,P03,P03_L02,M029,B,2026-03-02 14:41:00,2026-03-02 15:16:00,35,Unplanned,Electrical Fault,ELECTRICAL
DT00001089,WO00001461,P03,P03_L03,M034,A,2026-03-02 06:30:00,2026-03-02 07:04:00,34,Planned,Planned Inspection,INSPECTION
DT00001090,WO00001462,P03,P03_L03,M033,B,2026-03-02 14:32:00,2026-03-02 14:54:00,22,Planned,Changeover,CHANGEOVER
DT00001108,WO00001482,P03,P03_L01,M027,A,2026-03-03 06:43:00,2026-03-03 07:27:00,44,Planned,Cleaning/Sanitation,CLEANING
DT00001109,WO00001483,P03,P03_L01,M028,B,2026-03-03 14:20:00,2026-03-03 14:41:00,21,Unplanned,Mechanical Failure,BREAKDOWN
DT00001110,WO00001486,P03,P03_L02,M031,B,2026-03-03 14:48:00,2026-03-03 15:05:00,17,Planned,Preventive Maintenance,PREV_MAINT
DT00001111,WO00001487,P03,P03_L02,M032,C,2026-03-03 22:28:00,2026-03-03 22:56:00,28,Planned,Changeover,CHANGEOVER
DT00001112,WO00001487,P03,P03_L02,M032,C,2026-03-03 23:01:00,2026-03-03 23:26:00,25,Unplanned,Utility Interruption,UTILITY
DT00001130,WO00001509,P03,P03_L01,M026,A,2026-03-04 06:46:00,2026-03-04 07:09:00,23,Planned,Changeover,CHANGEOVER
DT00001131,WO00001511,P03,P03_L01,M028,C,2026-03-04 22:17:00,2026-03-04 22:44:00,27,Planned,Changeover,CHANGEOVER
DT00001132,WO00001513,P03,P03_L02,M032,B,2026-03-04 14:48:00,2026-03-04 15:30:00,42,Planned,Changeover,CHANGEOVER
DT00001133,WO00001514,P03,P03_L02,M031,C,2026-03-04 22:33:00,2026-03-04 23:05:00,32,Planned,Changeover,CHANGEOVER
DT00001134,WO00001514,P03,P03_L02,M032,C,2026-03-04 23:10:00,2026-03-04 23:46:00,36,Unplanned,Material Starvation,NO_MATERIAL
DT00001135,WO00001517,P03,P03_L03,M036,C,2026-03-04 22:34:00,2026-03-04 22:47:00,13,Planned,Changeover,CHANGEOVER
DT00001136,WO00001517,P03,P03_L03,M033,C,2026-03-04 22:52:00,2026-03-04 23:09:00,17,Unplanned,Material Starvation,NO_MATERIAL
DT00001154,WO00001536,P03,P03_L01,M027,A,2026-03-05 06:28:00,2026-03-05 06:45:00,17,Planned,Changeover,CHANGEOVER
DT00001155,WO00001538,P03,P03_L01,M025,C,2026-03-05 22:35:00,2026-03-05 23:31:00,56,Planned,Cleaning/Sanitation,CLEANING
DT00001156,WO00001539,P03,P03_L02,M030,A,2026-03-05 06:10:00,2026-03-05 07:01:00,51,Planned,Preventive Maintenance,PREV_MAINT
DT00001157,WO00001541,P03,P03_L02,M031,C,2026-03-05 22:36:00,2026-03-05 22:57:00,21,Planned,Cleaning/Sanitation,CLEANING
DT00001158,WO00001542,P03,P03_L03,M034,A,2026-03-05 06:49:00,2026-03-05 07:05:00,16,Unplanned,Quality Hold,QUALITY
DT00001159,WO00001543,P03,P03_L03,M033,B,2026-03-05 14:46:00,2026-03-05 15:08:00,22,Planned,Cleaning/Sanitation,CLEANING
DT00001173,WO00001563,P03,P03_L01,M027,A,2026-03-06 06:31:00,2026-03-06 07:06:00,35,Unplanned,Sensor/Controls Fault,AUTOMATION
DT00001174,WO00001563,P03,P03_L01,M027,A,2026-03-06 07:09:00,2026-03-06 07:22:00,13,Unplanned,Mechanical Failure,BREAKDOWN
DT00001175,WO00001564,P03,P03_L01,M028,B,2026-03-06 14:35:00,2026-03-06 15:02:00,27,Planned,Changeover,CHANGEOVER
DT00001176,WO00001567,P03,P03_L02,M029,B,2026-03-06 14:29:00,2026-03-06 15:03:00,34,Planned,Preventive Maintenance,PREV_MAINT
DT00001177,WO00001568,P03,P03_L02,M031,C,2026-03-06 22:14:00,2026-03-06 22:24:00,10,Unplanned,Electrical Fault,ELECTRICAL
DT00001178,WO00001569,P03,P03_L03,M036,A,2026-03-06 06:17:00,2026-03-06 06:40:00,23,Planned,Cleaning/Sanitation,CLEANING
DT00001179,WO00001569,P03,P03_L03,M034,A,2026-03-06 06:45:00,2026-03-06 07:33:00,48,Unplanned,Electrical Fault,ELECTRICAL
DT00001180,WO00001571,P03,P03_L03,M035,C,2026-03-06 22:46:00,2026-03-06 23:05:00,19,Planned,Changeover,CHANGEOVER
DT00001187,WO00001587,P03,P03_L02,M029,A,2026-03-07 06:26:00,2026-03-07 06:53:00,27,Planned,Cleaning/Sanitation,CLEANING
DT00001188,WO00001588,P03,P03_L02,M030,B,2026-03-07 14:23:00,2026-03-07 15:41:00,78,Planned,Preventive Maintenance,PREV_MAINT
DT00001189,WO00001590,P03,P03_L03,M035,A,2026-03-07 06:15:00,2026-03-07 06:32:00,17,Planned,Cleaning/Sanitation,CLEANING
DT00001195,WO00001606,P03,P03_L03,M033,A,2026-03-08 06:34:00,2026-03-08 07:11:00,37,Planned,Cleaning/Sanitation,CLEANING
DT00001207,WO00001626,P03,P03_L01,M026,A,2026-03-09 06:18:00,2026-03-09 06:32:00,14,Unplanned,Utility Interruption,UTILITY
DT00001208,WO00001628,P03,P03_L01,M028,C,2026-03-09 22:31:00,2026-03-09 22:53:00,22,Unplanned,Electrical Fault,ELECTRICAL
DT00001209,WO00001629,P03,P03_L02,M031,A,2026-03-09 06:26:00,2026-03-09 07:01:00,35,Planned,Changeover,CHANGEOVER
DT00001210,WO00001629,P03,P03_L02,M031,A,2026-03-09 07:06:00,2026-03-09 07:30:00,24,Unplanned,Mechanical Failure,BREAKDOWN
DT00001211,WO00001630,P03,P03_L02,M032,B,2026-03-09 14:46:00,2026-03-09 15:32:00,46,Unplanned,Electrical Fault,ELECTRICAL
DT00001212,WO00001632,P03,P03_L03,M036,A,2026-03-09 06:33:00,2026-03-09 07:00:00,27,Planned,Changeover,CHANGEOVER
DT00001213,WO00001633,P03,P03_L03,M035,B,2026-03-09 14:47:00,2026-03-09 15:04:00,17,Planned,Preventive Maintenance,PREV_MAINT
DT00001229,WO00001653,P03,P03_L01,M025,A,2026-03-10 06:42:00,2026-03-10 07:12:00,30,Planned,Preventive Maintenance,PREV_MAINT
DT00001230,WO00001657,P03,P03_L02,M029,B,2026-03-10 14:36:00,2026-03-10 15:10:00,34,Planned,Preventive Maintenance,PREV_MAINT
DT00001231,WO00001657,P03,P03_L02,M030,B,2026-03-10 15:15:00,2026-03-10 15:25:00,10,Unplanned,Electrical Fault,ELECTRICAL
DT00001232,WO00001658,P03,P03_L02,M030,C,2026-03-10 22:46:00,2026-03-10 23:04:00,18,Planned,Changeover,CHANGEOVER
DT00001250,WO00001681,P03,P03_L01,M025,B,2026-03-11 14:17:00,2026-03-11 15:08:00,51,Planned,Preventive Maintenance,PREV_MAINT
DT00001251,WO00001682,P03,P03_L01,M025,C,2026-03-11 22:26:00,2026-03-12 00:02:00,96,Unplanned,Operator Adjustment,ADJUST
DT00001252,WO00001683,P03,P03_L02,M030,A,2026-03-11 06:14:00,2026-03-11 06:37:00,23,Planned,Preventive Maintenance,PREV_MAINT
DT00001253,WO00001684,P03,P03_L02,M032,B,2026-03-11 14:40:00,2026-03-11 15:31:00,51,Unplanned,Mechanical Failure,BREAKDOWN
DT00001254,WO00001685,P03,P03_L02,M030,C,2026-03-11 22:43:00,2026-03-11 23:14:00,31,Planned,Changeover,CHANGEOVER
DT00001255,WO00001685,P03,P03_L02,M029,C,2026-03-11 23:19:00,2026-03-11 23:33:00,14,Unplanned,Electrical Fault,ELECTRICAL
DT00001256,WO00001685,P03,P03_L02,M029,C,2026-03-11 23:36:00,2026-03-11 23:48:00,12,Unplanned,Sensor/Controls Fault,AUTOMATION
DT00001257,WO00001687,P03,P03_L03,M036,B,2026-03-11 14:28:00,2026-03-11 14:53:00,25,Planned,Cleaning/Sanitation,CLEANING
DT00001258,WO00001687,P03,P03_L03,M036,B,2026-03-11 14:58:00,2026-03-11 15:12:00,14,Unplanned,Electrical Fault,ELECTRICAL
DT00001259,WO00001687,P03,P03_L03,M033,B,2026-03-11 15:15:00,2026-03-11 15:47:00,32,Unplanned,Material Starvation,NO_MATERIAL
DT00001260,WO00001688,P03,P03_L03,M035,C,2026-03-11 22:33:00,2026-03-11 22:56:00,23,Planned,Preventive Maintenance,PREV_MAINT
DT00001261,WO00001688,P03,P03_L03,M034,C,2026-03-11 23:01:00,2026-03-11 23:21:00,20,Unplanned,Sensor/Controls Fault,AUTOMATION
DT00001262,WO00001688,P03,P03_L03,M036,C,2026-03-11 23:24:00,2026-03-12 00:16:00,52,Unplanned,Sensor/Controls Fault,AUTOMATION
DT00001263,WO00001688,P03,P03_L03,M036,C,2026-03-12 00:19:00,2026-03-12 00:29:00,10,Unplanned,Mechanical Failure,BREAKDOWN
DT00001278,WO00001708,P03,P03_L01,M025,B,2026-03-12 14:46:00,2026-03-12 15:15:00,29,Planned,Changeover,CHANGEOVER
DT00001279,WO00001710,P03,P03_L02,M031,A,2026-03-12 06:13:00,2026-03-12 06:45:00,32,Planned,Changeover,CHANGEOVER
DT00001280,WO00001714,P03,P03_L03,M034,B,2026-03-12 14:21:00,2026-03-12 14:52:00,31,Planned,Cleaning/Sanitation,CLEANING
DT00001281,WO00001715,P03,P03_L03,M035,C,2026-03-12 22:13:00,2026-03-12 22:40:00,27,Planned,Preventive Maintenance,PREV_MAINT
DT00001295,WO00001737,P03,P03_L02,M031,A,2026-03-13 06:30:00,2026-03-13 06:44:00,14,Unplanned,Mechanical Failure,BREAKDOWN
DT00001296,WO00001740,P03,P03_L03,M033,A,2026-03-13 06:46:00,2026-03-13 07:01:00,15,Unplanned,Mechanical Failure,BREAKDOWN
DT00001297,WO00001740,P03,P03_L03,M034,A,2026-03-13 07:04:00,2026-03-13 07:37:00,33,Unplanned,Electrical Fault,ELECTRICAL
DT00001298,WO00001741,P03,P03_L03,M034,B,2026-03-13 14:14:00,2026-03-13 14:31:00,17,Planned,Preventive Maintenance,PREV_MAINT
DT00001299,WO00001741,P03,P03_L03,M034,B,2026-03-13 14:36:00,2026-03-13 15:02:00,26,Unplanned,Quality Hold,QUALITY
DT00001308,WO00001757,P03,P03_L01,M027,B,2026-03-14 14:37:00,2026-03-14 14:57:00,20,Planned,Planned Inspection,INSPECTION
DT00001309,WO00001760,P03,P03_L03,M035,B,2026-03-14 14:34:00,2026-03-14 15:12:00,38,Planned,Cleaning/Sanitation,CLEANING
DT00001310,WO00001761,P03,P03_L03,M035,C,2026-03-14 22:20:00,2026-03-14 22:25:00,5,Unplanned,Sensor/Controls Fault,AUTOMATION
DT00001323,WO00001774,P03,P03_L01,M028,B,2026-03-15 14:25:00,2026-03-15 14:50:00,25,Unplanned,Material Starvation,NO_MATERIAL
DT00001324,WO00001775,P03,P03_L02,M032,C,2026-03-15 22:45:00,2026-03-15 23:23:00,38,Planned,Changeover,CHANGEOVER
DT00001325,WO00001776,P03,P03_L03,M033,B,2026-03-15 14:21:00,2026-03-15 14:39:00,18,Planned,Changeover,CHANGEOVER
DT00001326,WO00001777,P03,P03_L03,M033,C,2026-03-15 22:22:00,2026-03-15 22:54:00,32,Planned,Preventive Maintenance,PREV_MAINT
DT00001344,WO00001796,P03,P03_L01,M028,A,2026-03-16 06:44:00,2026-03-16 07:12:00,28,Planned,Changeover,CHANGEOVER
DT00001345,WO00001796,P03,P03_L01,M028,A,2026-03-16 07:17:00,2026-03-16 08:02:00,45,Unplanned,Mechanical Failure,BREAKDOWN
DT00001346,WO00001798,P03,P03_L01,M028,C,2026-03-16 22:29:00,2026-03-16 22:50:00,21,Unplanned,Quality Hold,QUALITY
DT00001347,WO00001799,P03,P03_L02,M032,A,2026-03-16 06:31:00,2026-03-16 07:00:00,29,Planned,Planned Inspection,INSPECTION
DT00001348,WO00001801,P03,P03_L02,M030,C,2026-03-16 22:32:00,2026-03-16 23:01:00,29,Planned,Planned Inspection,INSPECTION
DT00001349,WO00001801,P03,P03_L02,M032,C,2026-03-16 23:06:00,2026-03-17 01:43:00,157,Unplanned,Electrical Fault,ELECTRICAL
DT00001350,WO00001801,P03,P03_L02,M030,C,2026-03-17 01:46:00,2026-03-17 02:00:00,14,Unplanned,Utility Interruption,UTILITY
DT00001351,WO00001802,P03,P03_L03,M035,A,2026-03-16 06:48:00,2026-03-16 07:10:00,22,Planned,Changeover,CHANGEOVER
DT00001352,WO00001803,P03,P03_L03,M034,B,2026-03-16 14:23:00,2026-03-16 14:57:00,34,Planned,Cleaning/Sanitation,CLEANING
DT00001368,WO00001825,P03,P03_L01,M026,C,2026-03-17 22:30:00,2026-03-17 22:56:00,26,Planned,Preventive Maintenance,PREV_MAINT
DT00001369,WO00001826,P03,P03_L02,M029,A,2026-03-17 06:38:00,2026-03-17 07:10:00,32,Planned,Changeover,CHANGEOVER
DT00001370,WO00001827,P03,P03_L02,M029,B,2026-03-17 14:12:00,2026-03-17 15:03:00,51,Planned,Changeover,CHANGEOVER
DT00001371,WO00001827,P03,P03_L02,M029,B,2026-03-17 15:08:00,2026-03-17 15:28:00,20,Unplanned,Material Starvation,NO_MATERIAL
DT00001372,WO00001828,P03,P03_L02,M029,C,2026-03-17 22:13:00,2026-03-17 22:20:00,7,Unplanned,Operator Adjustment,ADJUST
DT00001373,WO00001829,P03,P03_L03,M034,A,2026-03-17 06:22:00,2026-03-17 07:05:00,43,Planned,Preventive Maintenance,PREV_MAINT
DT00001374,WO00001831,P03,P03_L03,M036,C,2026-03-17 22:31:00,2026-03-17 23:04:00,33,Unplanned,Mechanical Failure,BREAKDOWN
DT00001384,WO00001850,P03,P03_L01,M028,A,2026-03-18 06:41:00,2026-03-18 06:58:00,17,Planned,Planned Inspection,INSPECTION
DT00001385,WO00001850,P03,P03_L01,M028,A,2026-03-18 07:03:00,2026-03-18 07:10:00,7,Unplanned,Quality Hold,QUALITY
DT00001386,WO00001853,P03,P03_L02,M031,A,2026-03-18 06:24:00,2026-03-18 07:29:00,65,Planned,Planned Inspection,INSPECTION
DT00001387,WO00001854,P03,P03_L02,M031,B,2026-03-18 14:45:00,2026-03-18 14:58:00,13,Unplanned,Mechanical Failure,BREAKDOWN
DT00001388,WO00001855,P03,P03_L02,M031,C,2026-03-18 22:24:00,2026-03-18 22:51:00,27,Planned,Planned Inspection,INSPECTION
DT00001389,WO00001856,P03,P03_L03,M033,A,2026-03-18 06:26:00,2026-03-18 07:13:00,47,Unplanned,Mechanical Failure,BREAKDOWN
DT00001390,WO00001856,P03,P03_L03,M033,A,2026-03-18 07:16:00,2026-03-18 07:20:00,4,Unplanned,Quality Hold,QUALITY
DT00001391,WO00001858,P03,P03_L03,M035,C,2026-03-18 22:34:00,2026-03-18 23:35:00,61,Planned,Changeover,CHANGEOVER
DT00001408,WO00001878,P03,P03_L01,M026,B,2026-03-19 14:29:00,2026-03-19 14:50:00,21,Planned,Cleaning/Sanitation,CLEANING
DT00001409,WO00001879,P03,P03_L01,M028,C,2026-03-19 22:32:00,2026-03-19 23:01:00,29,Planned,Planned Inspection,INSPECTION
DT00001410,WO00001880,P03,P03_L02,M029,A,2026-03-19 06:44:00,2026-03-19 07:12:00,28,Unplanned,Electrical Fault,ELECTRICAL
DT00001411,WO00001882,P03,P03_L02,M029,C,2026-03-19 22:18:00,2026-03-19 22:31:00,13,Unplanned,Electrical Fault,ELECTRICAL
DT00001412,WO00001884,P03,P03_L03,M033,B,2026-03-19 14:34:00,2026-03-19 14:54:00,20,Planned,Changeover,CHANGEOVER
DT00001413,WO00001885,P03,P03_L03,M033,C,2026-03-19 22:26:00,2026-03-19 22:46:00,20,Planned,Changeover,CHANGEOVER
DT00001433,WO00001904,P03,P03_L01,M028,A,2026-03-20 06:35:00,2026-03-20 07:26:00,51,Unplanned,Sensor/Controls Fault,AUTOMATION
DT00001434,WO00001904,P03,P03_L01,M028,A,2026-03-20 07:29:00,2026-03-20 08:05:00,36,Unplanned,Electrical Fault,ELECTRICAL
DT00001435,WO00001908,P03,P03_L02,M029,B,2026-03-20 14:37:00,2026-03-20 14:57:00,20,Unplanned,Sensor/Controls Fault,AUTOMATION
DT00001436,WO00001910,P03,P03_L03,M035,A,2026-03-20 06:40:00,2026-03-20 07:08:00,28,Planned,Changeover,CHANGEOVER
DT00001437,WO00001912,P03,P03_L03,M036,C,2026-03-20 22:41:00,2026-03-20 22:54:00,13,Unplanned,Mechanical Failure,BREAKDOWN
DT00001445,WO00001927,P03,P03_L01,M027,C,2026-03-21 22:25:00,2026-03-21 23:08:00,43,Planned,Preventive Maintenance,PREV_MAINT
DT00001446,WO00001928,P03,P03_L02,M032,A,2026-03-21 06:18:00,2026-03-21 06:40:00,22,Planned,Preventive Maintenance,PREV_MAINT
DT00001447,WO00001929,P03,P03_L02,M030,B,2026-03-21 14:31:00,2026-03-21 14:43:00,12,Unplanned,Mechanical Failure,BREAKDOWN
DT00001448,WO00001930,P03,P03_L03,M033,A,2026-03-21 06:13:00,2026-03-21 06:30:00,17,Unplanned,Quality Hold,QUALITY
DT00001449,WO00001931,P03,P03_L03,M033,B,2026-03-21 14:11:00,2026-03-21 14:42:00,31,Planned,Changeover,CHANGEOVER
DT00001457,WO00001942,P03,P03_L01,M026,A,2026-03-22 06:20:00,2026-03-22 06:31:00,11,Unplanned,Electrical Fault,ELECTRICAL
DT00001458,WO00001942,P03,P03_L01,M028,A,2026-03-22 06:34:00,2026-03-22 06:42:00,8,Unplanned,Material Starvation,NO_MATERIAL
DT00001459,WO00001943,P03,P03_L01,M028,B,2026-03-22 14:11:00,2026-03-22 14:47:00,36,Planned,Changeover,CHANGEOVER
DT00001460,WO00001944,P03,P03_L02,M029,A,2026-03-22 06:25:00,2026-03-22 07:01:00,36,Planned,Cleaning/Sanitation,CLEANING
DT00001461,WO00001945,P03,P03_L02,M030,B,2026-03-22 14:44:00,2026-03-22 15:16:00,32,Planned,Cleaning/Sanitation,CLEANING
DT00001462,WO00001945,P03,P03_L02,M031,B,2026-03-22 15:21:00,2026-03-22 15:28:00,7,Unplanned,Operator Adjustment,ADJUST
DT00001463,WO00001947,P03,P03_L03,M035,A,2026-03-22 06:34:00,2026-03-22 06:59:00,25,Planned,Preventive Maintenance,PREV_MAINT
DT00001481,WO00001972,P03,P03_L02,M031,C,2026-03-23 22:41:00,2026-03-23 22:57:00,16,Planned,Changeover,CHANGEOVER
DT00001482,WO00001975,P03,P03_L03,M035,C,2026-03-23 22:32:00,2026-03-23 22:57:00,25,Planned,Preventive Maintenance,PREV_MAINT
DT00001496,WO00001996,P03,P03_L01,M026,C,2026-03-24 22:42:00,2026-03-24 23:02:00,20,Planned,Preventive Maintenance,PREV_MAINT
DT00001497,WO00001998,P03,P03_L02,M031,B,2026-03-24 14:38:00,2026-03-24 15:07:00,29,Planned,Cleaning/Sanitation,CLEANING
DT00001498,WO00002000,P03,P03_L03,M036,A,2026-03-24 06:33:00,2026-03-24 06:55:00,22,Unplanned,Material Starvation,NO_MATERIAL
DT00001499,WO00002001,P03,P03_L03,M033,B,2026-03-24 14:27:00,2026-03-24 15:02:00,35,Unplanned,Mechanical Failure,BREAKDOWN
DT00001500,WO00002002,P03,P03_L03,M033,C,2026-03-24 22:42:00,2026-03-24 23:33:00,51,Planned,Changeover,CHANGEOVER
DT00001515,WO00002022,P03,P03_L01,M025,B,2026-03-25 14:44:00,2026-03-25 14:56:00,12,Planned,Changeover,CHANGEOVER
DT00001516,WO00002022,P03,P03_L01,M028,B,2026-03-25 15:01:00,2026-03-25 15:11:00,10,Unplanned,Sensor/Controls Fault,AUTOMATION
DT00001517,WO00002024,P03,P03_L02,M030,A,2026-03-25 06:49:00,2026-03-25 07:09:00,20,Planned,Changeover,CHANGEOVER
DT00001518,WO00002025,P03,P03_L02,M029,B,2026-03-25 14:12:00,2026-03-25 14:28:00,16,Planned,Changeover,CHANGEOVER
DT00001519,WO00002027,P03,P03_L03,M034,A,2026-03-25 06:28:00,2026-03-25 06:54:00,26,Planned,Changeover,CHANGEOVER
DT00001520,WO00002028,P03,P03_L03,M034,B,2026-03-25 14:26:00,2026-03-25 15:20:00,54,Planned,Planned Inspection,INSPECTION
DT00001521,WO00002029,P03,P03_L03,M033,C,2026-03-25 22:38:00,2026-03-25 23:14:00,36,Planned,Changeover,CHANGEOVER
DT00001522,WO00002029,P03,P03_L03,M034,C,2026-03-25 23:19:00,2026-03-25 23:53:00,34,Unplanned,Mechanical Failure,BREAKDOWN
DT00001532,WO00002049,P03,P03_L01,M028,B,2026-03-26 14:26:00,2026-03-26 14:53:00,27,Planned,Changeover,CHANGEOVER
DT00001533,WO00002050,P03,P03_L01,M028,C,2026-03-26 22:26:00,2026-03-26 22:47:00,21,Planned,Changeover,CHANGEOVER
DT00001534,WO00002051,P03,P03_L02,M030,A,2026-03-26 06:33:00,2026-03-26 06:53:00,20,Planned,Changeover,CHANGEOVER
DT00001535,WO00002052,P03,P03_L02,M030,B,2026-03-26 14:44:00,2026-03-26 15:24:00,40,Planned,Preventive Maintenance,PREV_MAINT
DT00001550,WO00002075,P03,P03_L01,M027,A,2026-03-27 06:46:00,2026-03-27 07:27:00,41,Planned,Changeover,CHANGEOVER
DT00001551,WO00002079,P03,P03_L02,M030,B,2026-03-27 14:19:00,2026-03-27 14:40:00,21,Unplanned,Quality Hold,QUALITY
DT00001552,WO00002081,P03,P03_L03,M036,A,2026-03-27 06:39:00,2026-03-27 06:55:00,16,Planned,Preventive Maintenance,PREV_MAINT
DT00001553,WO00002082,P03,P03_L03,M035,B,2026-03-27 14:41:00,2026-03-27 15:41:00,60,Planned,Preventive Maintenance,PREV_MAINT
DT00001564,WO00002095,P03,P03_L01,M026,B,2026-03-28 14:28:00,2026-03-28 15:14:00,46,Planned,Preventive Maintenance,PREV_MAINT
DT00001565,WO00002096,P03,P03_L01,M028,C,2026-03-28 22:48:00,2026-03-28 23:17:00,29,Planned,Cleaning/Sanitation,CLEANING
DT00001566,WO00002096,P03,P03_L01,M026,C,2026-03-28 23:22:00,2026-03-28 23:47:00,25,Unplanned,Material Starvation,NO_MATERIAL
DT00001567,WO00002098,P03,P03_L02,M032,B,2026-03-28 14:46:00,2026-03-28 15:35:00,49,Planned,Changeover,CHANGEOVER
DT00001568,WO00002098,P03,P03_L02,M030,B,2026-03-28 15:40:00,2026-03-28 15:53:00,13,Unplanned,Mechanical Failure,BREAKDOWN
DT00001569,WO00002099,P03,P03_L02,M030,C,2026-03-28 22:36:00,2026-03-28 23:16:00,40,Unplanned,Electrical Fault,ELECTRICAL
DT00001570,WO00002101,P03,P03_L03,M033,B,2026-03-28 14:46:00,2026-03-28 15:01:00,15,Planned,Changeover,CHANGEOVER
DT00001571,WO00002102,P03,P03_L03,M034,C,2026-03-28 22:20:00,2026-03-28 22:51:00,31,Planned,Preventive Maintenance,PREV_MAINT
DT00001572,WO00002102,P03,P03_L03,M035,C,2026-03-28 22:56:00,2026-03-28 23:03:00,7,Unplanned,Electrical Fault,ELECTRICAL
DT00001581,WO00002114,P03,P03_L01,M025,A,2026-03-29 06:18:00,2026-03-29 06:55:00,37,Planned,Preventive Maintenance,PREV_MAINT
DT00001582,WO00002116,P03,P03_L01,M027,C,2026-03-29 22:40:00,2026-03-29 23:07:00,27,Planned,Planned Inspection,INSPECTION
DT00001583,WO00002117,P03,P03_L02,M030,B,2026-03-29 14:18:00,2026-03-29 14:51:00,33,Planned,Preventive Maintenance,PREV_MAINT
DT00001584,WO00002118,P03,P03_L03,M033,A,2026-03-29 06:46:00,2026-03-29 07:24:00,38,Planned,Cleaning/Sanitation,CLEANING
DT00001585,WO00002119,P03,P03_L03,M035,B,2026-03-29 14:38:00,2026-03-29 14:59:00,21,Unplanned,Operator Adjustment,ADJUST
DT00001604,WO00002139,P03,P03_L01,M028,A,2026-03-30 06:33:00,2026-03-30 07:05:00,32,Unplanned,Mechanical Failure,BREAKDOWN
DT00001605,WO00002139,P03,P03_L01,M025,A,2026-03-30 07:08:00,2026-03-30 07:25:00,17,Unplanned,Mechanical Failure,BREAKDOWN
DT00001606,WO00002140,P03,P03_L01,M026,B,2026-03-30 14:15:00,2026-03-30 15:18:00,63,Planned,Changeover,CHANGEOVER
DT00001607,WO00002140,P03,P03_L01,M025,B,2026-03-30 15:23:00,2026-03-30 15:58:00,35,Unplanned,Mechanical Failure,BREAKDOWN
DT00001608,WO00002141,P03,P03_L01,M025,C,2026-03-30 22:12:00,2026-03-30 22:44:00,32,Unplanned,Mechanical Failure,BREAKDOWN
DT00001609,WO00002145,P03,P03_L03,M036,A,2026-03-30 06:11:00,2026-03-30 06:28:00,17,Planned,Preventive Maintenance,PREV_MAINT
DT00001610,WO00002146,P03,P03_L03,M033,B,2026-03-30 14:12:00,2026-03-30 14:57:00,45,Planned,Changeover,CHANGEOVER
DT00001611,WO00002147,P03,P03_L03,M036,C,2026-03-30 22:42:00,2026-03-31 00:02:00,80,Planned,Preventive Maintenance,PREV_MAINT
DT00001612,WO00002147,P03,P03_L03,M034,C,2026-03-31 00:07:00,2026-03-31 00:55:00,48,Unplanned,Sensor/Controls Fault,AUTOMATION
DT00001626,WO00002167,P03,P03_L01,M026,B,2026-03-31 14:37:00,2026-03-31 15:10:00,33,Planned,Preventive Maintenance,PREV_MAINT
DT00001627,WO00002170,P03,P03_L02,M032,B,2026-03-31 14:29:00,2026-03-31 14:50:00,21,Planned,Planned Inspection,INSPECTION
DT00001628,WO00002171,P03,P03_L02,M029,C,2026-03-31 22:24:00,2026-03-31 22:56:00,32,Planned,Changeover,CHANGEOVER
DT00001629,WO00002172,P03,P03_L03,M035,A,2026-03-31 06:40:00,2026-03-31 07:04:00,24,Planned,Changeover,CHANGEOVER
DT00001641,WO00002193,P03,P03_L01,M025,A,2026-04-01 06:23:00,2026-04-01 07:05:00,42,Planned,Changeover,CHANGEOVER
DT00001642,WO00002194,P03,P03_L01,M027,B,2026-04-01 14:46:00,2026-04-01 15:12:00,26,Planned,Preventive Maintenance,PREV_MAINT
DT00001643,WO00002195,P03,P03_L01,M025,C,2026-04-01 22:43:00,2026-04-01 22:56:00,13,Planned,Preventive Maintenance,PREV_MAINT
DT00001644,WO00002196,P03,P03_L02,M031,A,2026-04-01 06:36:00,2026-04-01 07:08:00,32,Planned,Changeover,CHANGEOVER
DT00001645,WO00002198,P03,P03_L02,M030,C,2026-04-01 22:23:00,2026-04-01 23:13:00,50,Unplanned,Mechanical Failure,BREAKDOWN
DT00001646,WO00002198,P03,P03_L02,M032,C,2026-04-01 23:16:00,2026-04-01 23:22:00,6,Unplanned,Mechanical Failure,BREAKDOWN
DT00001647,WO00002199,P03,P03_L03,M033,A,2026-04-01 06:35:00,2026-04-01 06:56:00,21,Unplanned,Electrical Fault,ELECTRICAL
DT00001648,WO00002200,P03,P03_L03,M035,B,2026-04-01 14:10:00,2026-04-01 14:28:00,18,Planned,Cleaning/Sanitation,CLEANING
DT00001649,WO00002200,P03,P03_L03,M035,B,2026-04-01 14:33:00,2026-04-01 14:58:00,25,Unplanned,Quality Hold,QUALITY
DT00001665,WO00002220,P03,P03_L01,M026,A,2026-04-02 06:21:00,2026-04-02 06:41:00,20,Unplanned,Utility Interruption,UTILITY
DT00001666,WO00002220,P03,P03_L01,M025,A,2026-04-02 06:44:00,2026-04-02 07:05:00,21,Unplanned,Mechanical Failure,BREAKDOWN
DT00001667,WO00002223,P03,P03_L02,M031,A,2026-04-02 06:44:00,2026-04-02 07:00:00,16,Planned,Changeover,CHANGEOVER
DT00001668,WO00002224,P03,P03_L02,M030,B,2026-04-02 14:41:00,2026-04-02 16:10:00,89,Planned,Cleaning/Sanitation,CLEANING
DT00001669,WO00002226,P03,P03_L03,M035,A,2026-04-02 06:44:00,2026-04-02 06:48:00,4,Unplanned,Quality Hold,QUALITY
DT00001670,WO00002227,P03,P03_L03,M033,B,2026-04-02 14:27:00,2026-04-02 14:57:00,30,Unplanned,Mechanical Failure,BREAKDOWN
DT00001671,WO00002227,P03,P03_L03,M035,B,2026-04-02 15:00:00,2026-04-02 15:20:00,20,Unplanned,Mechanical Failure,BREAKDOWN
DT00001672,WO00002228,P03,P03_L03,M034,C,2026-04-02 22:21:00,2026-04-02 22:57:00,36,Planned,Changeover,CHANGEOVER
DT00001680,WO00002248,P03,P03_L01,M027,B,2026-04-03 14:12:00,2026-04-03 14:25:00,13,Unplanned,Mechanical Failure,BREAKDOWN
DT00001681,WO00002248,P03,P03_L01,M028,B,2026-04-03 14:28:00,2026-04-03 15:52:00,84,Unplanned,Material Starvation,NO_MATERIAL
DT00001682,WO00002248,P03,P03_L01,M027,B,2026-04-03 15:55:00,2026-04-03 16:14:00,19,Unplanned,Mechanical Failure,BREAKDOWN
DT00001683,WO00002249,P03,P03_L01,M027,C,2026-04-03 22:20:00,2026-04-03 22:58:00,38,Planned,Cleaning/Sanitation,CLEANING
DT00001684,WO00002249,P03,P03_L01,M026,C,2026-04-03 23:03:00,2026-04-03 23:22:00,19,Unplanned,Material Starvation,NO_MATERIAL
DT00001685,WO00002250,P03,P03_L02,M030,A,2026-04-03 06:37:00,2026-04-03 07:17:00,40,Unplanned,Operator Adjustment,ADJUST
DT00001686,WO00002252,P03,P03_L02,M031,C,2026-04-03 22:31:00,2026-04-03 22:47:00,16,Planned,Changeover,CHANGEOVER
DT00001687,WO00002252,P03,P03_L02,M030,C,2026-04-03 22:52:00,2026-04-03 23:05:00,13,Unplanned,Quality Hold,QUALITY
DT00001688,WO00002253,P03,P03_L03,M033,A,2026-04-03 06:24:00,2026-04-03 06:43:00,19,Planned,Planned Inspection,INSPECTION
DT00001689,WO00002254,P03,P03_L03,M036,B,2026-04-03 14:10:00,2026-04-03 14:26:00,16,Planned,Changeover,CHANGEOVER
DT00001690,WO00002254,P03,P03_L03,M033,B,2026-04-03 14:31:00,2026-04-03 15:53:00,82,Unplanned,Material Starvation,NO_MATERIAL
DT00001691,WO00002255,P03,P03_L03,M034,C,2026-04-03 22:19:00,2026-04-03 22:50:00,31,Planned,Preventive Maintenance,PREV_MAINT
DT00001700,WO00002269,P03,P03_L01,M027,B,2026-04-04 14:29:00,2026-04-04 15:12:00,43,Planned,Cleaning/Sanitation,CLEANING
DT00001701,WO00002271,P03,P03_L02,M032,C,2026-04-04 22:37:00,2026-04-04 23:07:00,30,Planned,Changeover,CHANGEOVER
DT00001702,WO00002272,P03,P03_L03,M033,A,2026-04-04 06:20:00,2026-04-04 06:58:00,38,Planned,Changeover,CHANGEOVER
DT00001703,WO00002273,P03,P03_L03,M036,B,2026-04-04 14:14:00,2026-04-04 15:08:00,54,Planned,Planned Inspection,INSPECTION
DT00001712,WO00002285,P03,P03_L01,M025,A,2026-04-05 06:29:00,2026-04-05 06:55:00,26,Unplanned,Electrical Fault,ELECTRICAL
DT00001713,WO00002288,P03,P03_L02,M031,A,2026-04-05 06:31:00,2026-04-05 06:51:00,20,Planned,Changeover,CHANGEOVER
DT00001714,WO00002289,P03,P03_L02,M032,B,2026-04-05 14:19:00,2026-04-05 14:54:00,35,Unplanned,Electrical Fault,ELECTRICAL
DT00001715,WO00002290,P03,P03_L03,M034,A,2026-04-05 06:30:00,2026-04-05 06:47:00,17,Planned,Changeover,CHANGEOVER
DT00001716,WO00002291,P03,P03_L03,M035,B,2026-04-05 14:21:00,2026-04-05 14:50:00,29,Planned,Changeover,CHANGEOVER
DT00001717,WO00002291,P03,P03_L03,M036,B,2026-04-05 14:55:00,2026-04-05 15:05:00,10,Unplanned,Electrical Fault,ELECTRICAL
DT00001731,WO00002312,P03,P03_L01,M026,B,2026-04-06 14:35:00,2026-04-06 15:01:00,26,Planned,Cleaning/Sanitation,CLEANING
DT00001732,WO00002313,P03,P03_L01,M026,C,2026-04-06 22:41:00,2026-04-06 22:55:00,14,Planned,Changeover,CHANGEOVER
DT00001733,WO00002318,P03,P03_L03,M035,B,2026-04-06 14:31:00,2026-04-06 15:04:00,33,Planned,Cleaning/Sanitation,CLEANING
DT00001749,WO00002338,P03,P03_L01,M028,A,2026-04-07 06:43:00,2026-04-07 07:01:00,18,Planned,Changeover,CHANGEOVER
DT00001750,WO00002340,P03,P03_L01,M026,C,2026-04-07 22:29:00,2026-04-07 23:11:00,42,Unplanned,Quality Hold,QUALITY
DT00001751,WO00002341,P03,P03_L02,M029,A,2026-04-07 06:37:00,2026-04-07 07:27:00,50,Planned,Preventive Maintenance,PREV_MAINT
DT00001752,WO00002342,P03,P03_L02,M030,B,2026-04-07 14:45:00,2026-04-07 15:03:00,18,Planned,Cleaning/Sanitation,CLEANING
DT00001753,WO00002343,P03,P03_L02,M032,C,2026-04-07 22:16:00,2026-04-07 22:42:00,26,Planned,Changeover,CHANGEOVER
DT00001754,WO00002346,P03,P03_L03,M034,C,2026-04-07 22:25:00,2026-04-07 23:22:00,57,Planned,Preventive Maintenance,PREV_MAINT
DT00001771,WO00002365,P03,P03_L01,M026,A,2026-04-08 06:47:00,2026-04-08 07:50:00,63,Planned,Preventive Maintenance,PREV_MAINT
DT00001772,WO00002367,P03,P03_L01,M028,C,2026-04-08 22:31:00,2026-04-08 22:58:00,27,Planned,Changeover,CHANGEOVER
DT00001773,WO00002368,P03,P03_L02,M031,A,2026-04-08 06:22:00,2026-04-08 06:37:00,15,Planned,Cleaning/Sanitation,CLEANING
DT00001774,WO00002368,P03,P03_L02,M032,A,2026-04-08 06:42:00,2026-04-08 06:54:00,12,Unplanned,Quality Hold,QUALITY
DT00001775,WO00002369,P03,P03_L02,M030,B,2026-04-08 14:17:00,2026-04-08 15:24:00,67,Planned,Cleaning/Sanitation,CLEANING
DT00001776,WO00002369,P03,P03_L02,M030,B,2026-04-08 15:29:00,2026-04-08 15:41:00,12,Unplanned,Sensor/Controls Fault,AUTOMATION
DT00001777,WO00002370,P03,P03_L02,M031,C,2026-04-08 22:40:00,2026-04-08 22:58:00,18,Unplanned,Material Starvation,NO_MATERIAL
DT00001778,WO00002373,P03,P03_L03,M034,C,2026-04-08 22:12:00,2026-04-08 22:24:00,12,Unplanned,Sensor/Controls Fault,AUTOMATION
DT00001794,WO00002392,P03,P03_L01,M027,A,2026-04-09 06:17:00,2026-04-09 06:48:00,31,Planned,Cleaning/Sanitation,CLEANING
DT00001795,WO00002392,P03,P03_L01,M025,A,2026-04-09 06:53:00,2026-04-09 07:02:00,9,Unplanned,Mechanical Failure,BREAKDOWN
DT00001796,WO00002393,P03,P03_L01,M028,B,2026-04-09 14:43:00,2026-04-09 14:52:00,9,Unplanned,Mechanical Failure,BREAKDOWN
DT00001797,WO00002394,P03,P03_L01,M027,C,2026-04-09 22:45:00,2026-04-09 23:13:00,28,Planned,Changeover,CHANGEOVER
DT00001798,WO00002395,P03,P03_L02,M031,A,2026-04-09 06:40:00,2026-04-09 08:14:00,94,Unplanned,Quality Hold,QUALITY
DT00001799,WO00002396,P03,P03_L02,M031,B,2026-04-09 14:18:00,2026-04-09 14:31:00,13,Unplanned,Electrical Fault,ELECTRICAL
DT00001800,WO00002397,P03,P03_L02,M031,C,2026-04-09 22:35:00,2026-04-09 23:11:00,36,Planned,Changeover,CHANGEOVER
DT00001801,WO00002398,P03,P03_L03,M034,A,2026-04-09 06:31:00,2026-04-09 07:34:00,63,Planned,Changeover,CHANGEOVER
DT00001802,WO00002399,P03,P03_L03,M033,B,2026-04-09 14:28:00,2026-04-09 15:23:00,55,Planned,Changeover,CHANGEOVER
DT00001803,WO00002400,P03,P03_L03,M035,C,2026-04-09 22:32:00,2026-04-09 23:21:00,49,Planned,Cleaning/Sanitation,CLEANING
DT00001804,WO00002400,P03,P03_L03,M034,C,2026-04-09 23:26:00,2026-04-10 00:17:00,51,Unplanned,Utility Interruption,UTILITY
DT00001805,WO00002400,P03,P03_L03,M033,C,2026-04-10 00:20:00,2026-04-10 00:29:00,9,Unplanned,Material Starvation,NO_MATERIAL
DT00001820,WO00002419,P03,P03_L01,M027,A,2026-04-10 06:34:00,2026-04-10 07:01:00,27,Planned,Cleaning/Sanitation,CLEANING
DT00001821,WO00002420,P03,P03_L01,M026,B,2026-04-10 14:16:00,2026-04-10 14:35:00,19,Unplanned,Quality Hold,QUALITY
DT00001822,WO00002422,P03,P03_L02,M030,A,2026-04-10 06:44:00,2026-04-10 07:03:00,19,Planned,Planned Inspection,INSPECTION
DT00001823,WO00002423,P03,P03_L02,M032,B,2026-04-10 14:39:00,2026-04-10 14:57:00,18,Planned,Changeover,CHANGEOVER
DT00001824,WO00002425,P03,P03_L03,M034,A,2026-04-10 06:35:00,2026-04-10 06:57:00,22,Planned,Changeover,CHANGEOVER
DT00001825,WO00002427,P03,P03_L03,M035,C,2026-04-10 22:44:00,2026-04-10 22:56:00,12,Unplanned,Mechanical Failure,BREAKDOWN
DT00001837,WO00002439,P03,P03_L01,M025,C,2026-04-11 22:29:00,2026-04-11 22:55:00,26,Planned,Preventive Maintenance,PREV_MAINT
DT00001838,WO00002440,P03,P03_L02,M030,B,2026-04-11 14:17:00,2026-04-11 15:18:00,61,Unplanned,Mechanical Failure,BREAKDOWN
DT00001839,WO00002441,P03,P03_L02,M031,C,2026-04-11 22:20:00,2026-04-11 22:43:00,23,Planned,Planned Inspection,INSPECTION
DT00001849,WO00002455,P03,P03_L01,M028,C,2026-04-12 22:17:00,2026-04-12 22:41:00,24,Planned,Changeover,CHANGEOVER
DT00001850,WO00002456,P03,P03_L02,M031,A,2026-04-12 06:38:00,2026-04-12 07:02:00,24,Unplanned,Mechanical Failure,BREAKDOWN
DT00001851,WO00002457,P03,P03_L02,M029,B,2026-04-12 14:44:00,2026-04-12 15:32:00,48,Planned,Cleaning/Sanitation,CLEANING
DT00001852,WO00002458,P03,P03_L02,M030,C,2026-04-12 22:35:00,2026-04-12 23:31:00,56,Planned,Changeover,CHANGEOVER
DT00001853,WO00002460,P03,P03_L03,M035,C,2026-04-12 22:37:00,2026-04-12 23:19:00,42,Planned,Preventive Maintenance,PREV_MAINT
DT00001867,WO00002481,P03,P03_L01,M027,C,2026-04-13 22:46:00,2026-04-13 23:05:00,19,Unplanned,Mechanical Failure,BREAKDOWN
DT00001868,WO00002482,P03,P03_L02,M031,A,2026-04-13 06:26:00,2026-04-13 06:42:00,16,Planned,Changeover,CHANGEOVER
DT00001869,WO00002482,P03,P03_L02,M029,A,2026-04-13 06:47:00,2026-04-13 07:26:00,39,Unplanned,Electrical Fault,ELECTRICAL
DT00001870,WO00002483,P03,P03_L02,M031,B,2026-04-13 14:28:00,2026-04-13 14:52:00,24,Planned,Preventive Maintenance,PREV_MAINT
DT00001871,WO00002484,P03,P03_L02,M031,C,2026-04-13 22:15:00,2026-04-13 23:28:00,73,Planned,Preventive Maintenance,PREV_MAINT
DT00001872,WO00002484,P03,P03_L02,M031,C,2026-04-13 23:33:00,2026-04-13 23:46:00,13,Unplanned,Operator Adjustment,ADJUST
DT00001873,WO00002486,P03,P03_L03,M035,B,2026-04-13 14:46:00,2026-04-13 16:03:00,77,Planned,Changeover,CHANGEOVER
DT00001883,WO00002507,P03,P03_L01,M025,B,2026-04-14 14:37:00,2026-04-14 14:54:00,17,Planned,Planned Inspection,INSPECTION
DT00001884,WO00002508,P03,P03_L01,M027,C,2026-04-14 22:19:00,2026-04-14 22:32:00,13,Unplanned,Quality Hold,QUALITY
DT00001885,WO00002510,P03,P03_L02,M029,B,2026-04-14 14:45:00,2026-04-14 15:00:00,15,Planned,Changeover,CHANGEOVER
DT00001886,WO00002511,P03,P03_L02,M029,C,2026-04-14 22:33:00,2026-04-14 23:05:00,32,Planned,Preventive Maintenance,PREV_MAINT
DT00001887,WO00002512,P03,P03_L03,M035,A,2026-04-14 06:34:00,2026-04-14 06:58:00,24,Planned,Planned Inspection,INSPECTION
DT00001888,WO00002512,P03,P03_L03,M035,A,2026-04-14 07:03:00,2026-04-14 07:11:00,8,Unplanned,Mechanical Failure,BREAKDOWN
DT00001889,WO00002512,P03,P03_L03,M036,A,2026-04-14 07:14:00,2026-04-14 09:03:00,109,Unplanned,Sensor/Controls Fault,AUTOMATION
DT00001904,WO00002535,P03,P03_L01,M026,C,2026-04-15 22:49:00,2026-04-15 23:22:00,33,Planned,Preventive Maintenance,PREV_MAINT
DT00001905,WO00002537,P03,P03_L02,M030,B,2026-04-15 14:29:00,2026-04-15 15:25:00,56,Unplanned,Electrical Fault,ELECTRICAL
DT00001906,WO00002539,P03,P03_L03,M033,A,2026-04-15 06:12:00,2026-04-15 06:40:00,28,Unplanned,Mechanical Failure,BREAKDOWN
DT00001907,WO00002541,P03,P03_L03,M034,C,2026-04-15 22:46:00,2026-04-15 23:12:00,26,Planned,Cleaning/Sanitation,CLEANING
DT00001917,WO00002560,P03,P03_L01,M027,A,2026-04-16 06:22:00,2026-04-16 06:53:00,31,Planned,Changeover,CHANGEOVER
DT00001918,WO00002560,P03,P03_L01,M028,A,2026-04-16 06:58:00,2026-04-16 07:20:00,22,Unplanned,Sensor/Controls Fault,AUTOMATION
DT00001919,WO00002560,P03,P03_L01,M026,A,2026-04-16 07:23:00,2026-04-16 07:39:00,16,Unplanned,Operator Adjustment,ADJUST
DT00001920,WO00002564,P03,P03_L02,M029,B,2026-04-16 14:30:00,2026-04-16 15:06:00,36,Planned,Changeover,CHANGEOVER
DT00001921,WO00002565,P03,P03_L02,M032,C,2026-04-16 22:38:00,2026-04-16 22:57:00,19,Planned,Preventive Maintenance,PREV_MAINT
DT00001922,WO00002565,P03,P03_L02,M029,C,2026-04-16 23:02:00,2026-04-16 23:13:00,11,Unplanned,Sensor/Controls Fault,AUTOMATION
DT00001923,WO00002568,P03,P03_L03,M036,C,2026-04-16 22:49:00,2026-04-16 23:20:00,31,Planned,Preventive Maintenance,PREV_MAINT
DT00001937,WO00002587,P03,P03_L01,M026,A,2026-04-17 06:18:00,2026-04-17 06:22:00,4,Unplanned,Quality Hold,QUALITY
DT00001938,WO00002588,P03,P03_L01,M026,B,2026-04-17 14:13:00,2026-04-17 14:34:00,21,Planned,Changeover,CHANGEOVER
DT00001939,WO00002590,P03,P03_L02,M032,A,2026-04-17 06:21:00,2026-04-17 06:40:00,19,Planned,Changeover,CHANGEOVER
DT00001940,WO00002590,P03,P03_L02,M031,A,2026-04-17 06:45:00,2026-04-17 08:07:00,82,Unplanned,Quality Hold,QUALITY
DT00001941,WO00002592,P03,P03_L02,M032,C,2026-04-17 22:12:00,2026-04-17 22:29:00,17,Planned,Changeover,CHANGEOVER
DT00001942,WO00002593,P03,P03_L03,M034,A,2026-04-17 06:28:00,2026-04-17 07:08:00,40,Planned,Changeover,CHANGEOVER
DT00001948,WO00002609,P03,P03_L01,M028,C,2026-04-18 22:16:00,2026-04-18 22:37:00,21,Planned,Preventive Maintenance,PREV_MAINT
DT00001949,WO00002610,P03,P03_L02,M030,A,2026-04-18 06:21:00,2026-04-18 06:54:00,33,Unplanned,Operator Adjustment,ADJUST
DT00001950,WO00002611,P03,P03_L02,M031,B,2026-04-18 14:25:00,2026-04-18 14:48:00,23,Planned,Planned Inspection,INSPECTION
DT00001959,WO00002624,P03,P03_L01,M027,A,2026-04-19 06:17:00,2026-04-19 07:00:00,43,Planned,Cleaning/Sanitation,CLEANING
DT00001960,WO00002625,P03,P03_L01,M027,B,2026-04-19 14:21:00,2026-04-19 14:51:00,30,Unplanned,Sensor/Controls Fault,AUTOMATION
DT00001961,WO00002625,P03,P03_L01,M026,B,2026-04-19 14:54:00,2026-04-19 16:27:00,93,Unplanned,Quality Hold,QUALITY
DT00001962,WO00002627,P03,P03_L02,M029,C,2026-04-19 22:49:00,2026-04-19 23:30:00,41,Planned,Planned Inspection,INSPECTION
DT00001974,WO00002648,P03,P03_L01,M028,A,2026-04-20 06:28:00,2026-04-20 07:15:00,47,Unplanned,Mechanical Failure,BREAKDOWN
DT00001975,WO00002651,P03,P03_L02,M030,A,2026-04-20 06:39:00,2026-04-20 07:55:00,76,Planned,Cleaning/Sanitation,CLEANING
DT00001976,WO00002652,P03,P03_L02,M031,B,2026-04-20 14:12:00,2026-04-20 15:29:00,77,Planned,Planned Inspection,INSPECTION
DT00001977,WO00002652,P03,P03_L02,M030,B,2026-04-20 15:34:00,2026-04-20 15:55:00,21,Unplanned,Material Starvation,NO_MATERIAL
DT00001978,WO00002654,P03,P03_L03,M034,A,2026-04-20 06:47:00,2026-04-20 07:17:00,30,Planned,Preventive Maintenance,PREV_MAINT
DT00001991,WO00002677,P03,P03_L01,M026,C,2026-04-21 22:22:00,2026-04-21 22:43:00,21,Planned,Preventive Maintenance,PREV_MAINT
DT00001992,WO00002681,P03,P03_L03,M035,A,2026-04-21 06:25:00,2026-04-21 07:01:00,36,Planned,Preventive Maintenance,PREV_MAINT
DT00001993,WO00002682,P03,P03_L03,M033,B,2026-04-21 14:26:00,2026-04-21 16:13:00,107,Unplanned,Sensor/Controls Fault,AUTOMATION
DT00002006,WO00002702,P03,P03_L01,M028,A,2026-04-22 06:16:00,2026-04-22 06:36:00,20,Unplanned,Utility Interruption,UTILITY
DT00002007,WO00002704,P03,P03_L01,M028,C,2026-04-22 22:24:00,2026-04-22 23:18:00,54,Unplanned,Material Starvation,NO_MATERIAL
DT00002008,WO00002706,P03,P03_L02,M031,B,2026-04-22 14:39:00,2026-04-22 15:03:00,24,Planned,Changeover,CHANGEOVER
DT00002009,WO00002708,P03,P03_L03,M034,A,2026-04-22 06:13:00,2026-04-22 06:52:00,39,Unplanned,Mechanical Failure,BREAKDOWN
DT00002010,WO00002709,P03,P03_L03,M035,B,2026-04-22 14:20:00,2026-04-22 14:48:00,28,Planned,Preventive Maintenance,PREV_MAINT
DT00002011,WO00002710,P03,P03_L03,M034,C,2026-04-22 22:29:00,2026-04-22 23:01:00,32,Planned,Changeover,CHANGEOVER
DT00002026,WO00002729,P03,P03_L01,M027,A,2026-04-23 06:13:00,2026-04-23 06:48:00,35,Planned,Changeover,CHANGEOVER
DT00002027,WO00002731,P03,P03_L01,M028,C,2026-04-23 22:44:00,2026-04-23 23:17:00,33,Planned,Planned Inspection,INSPECTION
DT00002028,WO00002733,P03,P03_L02,M030,B,2026-04-23 14:29:00,2026-04-23 14:47:00,18,Planned,Preventive Maintenance,PREV_MAINT
DT00002029,WO00002735,P03,P03_L03,M034,A,2026-04-23 06:42:00,2026-04-23 07:21:00,39,Planned,Changeover,CHANGEOVER
DT00002030,WO00002736,P03,P03_L03,M035,B,2026-04-23 14:28:00,2026-04-23 15:10:00,42,Unplanned,Operator Adjustment,ADJUST
DT00002041,WO00002758,P03,P03_L01,M026,C,2026-04-24 22:34:00,2026-04-24 23:16:00,42,Planned,Changeover,CHANGEOVER
DT00002042,WO00002760,P03,P03_L02,M029,B,2026-04-24 14:43:00,2026-04-24 15:13:00,30,Planned,Cleaning/Sanitation,CLEANING
DT00002043,WO00002761,P03,P03_L02,M031,C,2026-04-24 22:28:00,2026-04-24 22:56:00,28,Planned,Changeover,CHANGEOVER
DT00002044,WO00002762,P03,P03_L03,M033,A,2026-04-24 06:30:00,2026-04-24 07:10:00,40,Unplanned,Mechanical Failure,BREAKDOWN
DT00002045,WO00002764,P03,P03_L03,M036,C,2026-04-24 22:18:00,2026-04-24 23:08:00,50,Planned,Preventive Maintenance,PREV_MAINT
DT00002049,WO00002775,P03,P03_L01,M025,A,2026-04-25 06:24:00,2026-04-25 07:16:00,52,Planned,Preventive Maintenance,PREV_MAINT
DT00002050,WO00002775,P03,P03_L01,M028,A,2026-04-25 07:21:00,2026-04-25 07:40:00,19,Unplanned,Mechanical Failure,BREAKDOWN
DT00002051,WO00002776,P03,P03_L01,M027,C,2026-04-25 22:26:00,2026-04-25 22:42:00,16,Planned,Changeover,CHANGEOVER
DT00002052,WO00002777,P03,P03_L02,M029,A,2026-04-25 06:42:00,2026-04-25 07:09:00,27,Planned,Changeover,CHANGEOVER
DT00002053,WO00002779,P03,P03_L03,M034,A,2026-04-25 06:17:00,2026-04-25 06:29:00,12,Planned,Planned Inspection,INSPECTION
DT00002062,WO00002791,P03,P03_L01,M026,B,2026-04-26 14:32:00,2026-04-26 15:19:00,47,Planned,Changeover,CHANGEOVER
DT00002063,WO00002792,P03,P03_L01,M027,C,2026-04-26 22:38:00,2026-04-26 22:53:00,15,Planned,Cleaning/Sanitation,CLEANING
DT00002064,WO00002793,P03,P03_L02,M032,A,2026-04-26 06:10:00,2026-04-26 07:15:00,65,Planned,Preventive Maintenance,PREV_MAINT
DT00002065,WO00002793,P03,P03_L02,M030,A,2026-04-26 07:20:00,2026-04-26 07:45:00,25,Unplanned,Mechanical Failure,BREAKDOWN
DT00002066,WO00002793,P03,P03_L02,M030,A,2026-04-26 07:48:00,2026-04-26 07:58:00,10,Unplanned,Material Starvation,NO_MATERIAL
DT00002067,WO00002796,P03,P03_L03,M033,A,2026-04-26 06:13:00,2026-04-26 06:23:00,10,Unplanned,Quality Hold,QUALITY
DT00002068,WO00002797,P03,P03_L03,M036,B,2026-04-26 14:21:00,2026-04-26 14:33:00,12,Unplanned,Utility Interruption,UTILITY
DT00002082,WO00002817,P03,P03_L01,M026,B,2026-04-27 14:10:00,2026-04-27 14:42:00,32,Unplanned,Material Starvation,NO_MATERIAL
DT00002083,WO00002822,P03,P03_L03,M036,A,2026-04-27 06:39:00,2026-04-27 07:08:00,29,Planned,Preventive Maintenance,PREV_MAINT
DT00002084,WO00002822,P03,P03_L03,M034,A,2026-04-27 07:13:00,2026-04-27 07:28:00,15,Unplanned,Quality Hold,QUALITY
DT00002099,WO00002846,P03,P03_L02,M029,A,2026-04-28 06:16:00,2026-04-28 06:58:00,42,Unplanned,Mechanical Failure,BREAKDOWN
DT00002100,WO00002847,P03,P03_L02,M030,B,2026-04-28 14:45:00,2026-04-28 15:24:00,39,Unplanned,Operator Adjustment,ADJUST
DT00002101,WO00002848,P03,P03_L02,M031,C,2026-04-28 22:37:00,2026-04-28 23:08:00,31,Planned,Planned Inspection,INSPECTION
DT00002118,WO00002871,P03,P03_L01,M027,B,2026-04-29 14:20:00,2026-04-29 14:59:00,39,Unplanned,Quality Hold,QUALITY
DT00002119,WO00002872,P03,P03_L01,M028,C,2026-04-29 22:16:00,2026-04-29 22:54:00,38,Planned,Planned Inspection,INSPECTION
DT00002120,WO00002873,P03,P03_L02,M032,A,2026-04-29 06:10:00,2026-04-29 06:45:00,35,Planned,Cleaning/Sanitation,CLEANING
DT00002121,WO00002874,P03,P03_L02,M032,B,2026-04-29 14:20:00,2026-04-29 14:56:00,36,Planned,Cleaning/Sanitation,CLEANING
DT00002122,WO00002876,P03,P03_L03,M034,A,2026-04-29 06:21:00,2026-04-29 06:59:00,38,Planned,Cleaning/Sanitation,CLEANING
DT00002123,WO00002877,P03,P03_L03,M033,B,2026-04-29 14:28:00,2026-04-29 14:56:00,28,Planned,Cleaning/Sanitation,CLEANING
DT00002124,WO00002877,P03,P03_L03,M033,B,2026-04-29 15:01:00,2026-04-29 15:20:00,19,Unplanned,Material Starvation,NO_MATERIAL
DT00002141,WO00002897,P03,P03_L01,M027,A,2026-04-30 06:45:00,2026-04-30 07:07:00,22,Unplanned,Material Starvation,NO_MATERIAL
DT00002142,WO00002899,P03,P03_L01,M028,C,2026-04-30 22:22:00,2026-04-30 22:51:00,29,Unplanned,Electrical Fault,ELECTRICAL
DT00002143,WO00002903,P03,P03_L03,M036,A,2026-04-30 06:22:00,2026-04-30 06:26:00,4,Unplanned,Material Starvation,NO_MATERIAL
DT00002144,WO00002905,P03,P03_L03,M035,C,2026-04-30 22:10:00,2026-04-30 22:22:00,12,Unplanned,Utility Interruption,UTILITY
DT00002145,WO00002905,P03,P03_L03,M033,C,2026-04-30 22:25:00,2026-04-30 23:00:00,35,Unplanned,Mechanical Failure,BREAKDOWN
DT00002158,WO00002924,P03,P03_L01,M027,A,2026-05-01 06:18:00,2026-05-01 07:10:00,52,Planned,Cleaning/Sanitation,CLEANING
DT00002159,WO00002925,P03,P03_L01,M025,B,2026-05-01 14:28:00,2026-05-01 15:07:00,39,Planned,Preventive Maintenance,PREV_MAINT
DT00002160,WO00002926,P03,P03_L01,M026,C,2026-05-01 22:36:00,2026-05-01 23:01:00,25,Planned,Changeover,CHANGEOVER
DT00002161,WO00002928,P03,P03_L02,M032,B,2026-05-01 14:28:00,2026-05-01 14:46:00,18,Unplanned,Material Starvation,NO_MATERIAL
DT00002162,WO00002928,P03,P03_L02,M032,B,2026-05-01 14:49:00,2026-05-01 15:18:00,29,Unplanned,Electrical Fault,ELECTRICAL
DT00002163,WO00002930,P03,P03_L03,M033,A,2026-05-01 06:36:00,2026-05-01 07:28:00,52,Planned,Cleaning/Sanitation,CLEANING
DT00002173,WO00002944,P03,P03_L01,M027,A,2026-05-02 06:29:00,2026-05-02 06:53:00,24,Planned,Changeover,CHANGEOVER
DT00002174,WO00002944,P03,P03_L01,M028,A,2026-05-02 06:58:00,2026-05-02 07:06:00,8,Unplanned,Electrical Fault,ELECTRICAL
DT00002175,WO00002946,P03,P03_L02,M031,A,2026-05-02 06:17:00,2026-05-02 06:33:00,16,Planned,Preventive Maintenance,PREV_MAINT
DT00002184,WO00002962,P03,P03_L03,M034,A,2026-05-03 06:20:00,2026-05-03 06:43:00,23,Planned,Preventive Maintenance,PREV_MAINT
DT00002185,WO00002963,P03,P03_L03,M033,B,2026-05-03 14:48:00,2026-05-03 15:07:00,19,Planned,Preventive Maintenance,PREV_MAINT
DT00002186,WO00002963,P03,P03_L03,M034,B,2026-05-03 15:12:00,2026-05-03 15:28:00,16,Unplanned,Mechanical Failure,BREAKDOWN
DT00002187,WO00002963,P03,P03_L03,M033,B,2026-05-03 15:31:00,2026-05-03 15:39:00,8,Unplanned,Mechanical Failure,BREAKDOWN
DT00002197,WO00002982,P03,P03_L01,M026,A,2026-05-04 06:24:00,2026-05-04 06:43:00,19,Planned,Changeover,CHANGEOVER
DT00002198,WO00002984,P03,P03_L01,M027,C,2026-05-04 22:35:00,2026-05-04 22:59:00,24,Planned,Changeover,CHANGEOVER
DT00002199,WO00002986,P03,P03_L02,M030,B,2026-05-04 14:18:00,2026-05-04 14:44:00,26,Planned,Cleaning/Sanitation,CLEANING
DT00002200,WO00002987,P03,P03_L02,M032,C,2026-05-04 22:34:00,2026-05-04 23:15:00,41,Planned,Preventive Maintenance,PREV_MAINT
DT00002201,WO00002987,P03,P03_L02,M029,C,2026-05-04 23:20:00,2026-05-04 23:28:00,8,Unplanned,Electrical Fault,ELECTRICAL
DT00002202,WO00002988,P03,P03_L03,M036,A,2026-05-04 06:23:00,2026-05-04 06:48:00,25,Planned,Preventive Maintenance,PREV_MAINT
DT00002217,WO00003011,P03,P03_L01,M028,C,2026-05-05 22:36:00,2026-05-05 23:04:00,28,Planned,Preventive Maintenance,PREV_MAINT
DT00002218,WO00003011,P03,P03_L01,M025,C,2026-05-05 23:09:00,2026-05-05 23:24:00,15,Unplanned,Mechanical Failure,BREAKDOWN
DT00002219,WO00003013,P03,P03_L02,M031,B,2026-05-05 14:33:00,2026-05-05 15:49:00,76,Planned,Preventive Maintenance,PREV_MAINT
DT00002220,WO00003016,P03,P03_L03,M033,B,2026-05-05 14:25:00,2026-05-05 15:04:00,39,Planned,Changeover,CHANGEOVER
DT00002221,WO00003017,P03,P03_L03,M035,C,2026-05-05 22:33:00,2026-05-05 23:07:00,34,Planned,Planned Inspection,INSPECTION
DT00002236,WO00003036,P03,P03_L01,M027,A,2026-05-06 06:32:00,2026-05-06 06:57:00,25,Planned,Cleaning/Sanitation,CLEANING
DT00002237,WO00003039,P03,P03_L02,M032,A,2026-05-06 06:20:00,2026-05-06 06:54:00,34,Planned,Changeover,CHANGEOVER
DT00002238,WO00003040,P03,P03_L02,M029,B,2026-05-06 14:16:00,2026-05-06 15:03:00,47,Unplanned,Quality Hold,QUALITY
DT00002239,WO00003041,P03,P03_L02,M030,C,2026-05-06 22:36:00,2026-05-06 23:05:00,29,Planned,Changeover,CHANGEOVER
DT00002240,WO00003041,P03,P03_L02,M029,C,2026-05-06 23:10:00,2026-05-07 00:00:00,50,Unplanned,Quality Hold,QUALITY
DT00002241,WO00003043,P03,P03_L03,M033,B,2026-05-06 14:45:00,2026-05-06 15:15:00,30,Planned,Preventive Maintenance,PREV_MAINT
DT00002255,WO00003063,P03,P03_L01,M026,A,2026-05-07 06:36:00,2026-05-07 07:55:00,79,Planned,Changeover,CHANGEOVER
DT00002256,WO00003064,P03,P03_L01,M028,B,2026-05-07 14:49:00,2026-05-07 15:04:00,15,Planned,Planned Inspection,INSPECTION
DT00002257,WO00003066,P03,P03_L02,M031,A,2026-05-07 06:22:00,2026-05-07 07:07:00,45,Planned,Preventive Maintenance,PREV_MAINT
DT00002258,WO00003068,P03,P03_L02,M031,C,2026-05-07 22:36:00,2026-05-07 22:54:00,18,Planned,Planned Inspection,INSPECTION
DT00002259,WO00003069,P03,P03_L03,M034,A,2026-05-07 06:39:00,2026-05-07 07:03:00,24,Planned,Planned Inspection,INSPECTION
DT00002260,WO00003070,P03,P03_L03,M036,B,2026-05-07 14:28:00,2026-05-07 15:05:00,37,Planned,Preventive Maintenance,PREV_MAINT
DT00002261,WO00003071,P03,P03_L03,M035,C,2026-05-07 22:44:00,2026-05-07 23:05:00,21,Planned,Preventive Maintenance,PREV_MAINT
DT00002275,WO00003091,P03,P03_L01,M026,B,2026-05-08 14:19:00,2026-05-08 14:34:00,15,Planned,Preventive Maintenance,PREV_MAINT
DT00002276,WO00003092,P03,P03_L01,M025,C,2026-05-08 22:20:00,2026-05-08 22:42:00,22,Planned,Changeover,CHANGEOVER
DT00002277,WO00003093,P03,P03_L02,M031,A,2026-05-08 06:33:00,2026-05-08 07:07:00,34,Unplanned,Quality Hold,QUALITY
DT00002278,WO00003093,P03,P03_L02,M031,A,2026-05-08 07:10:00,2026-05-08 07:21:00,11,Unplanned,Material Starvation,NO_MATERIAL
DT00002279,WO00003094,P03,P03_L02,M029,B,2026-05-08 14:22:00,2026-05-08 14:49:00,27,Unplanned,Mechanical Failure,BREAKDOWN
DT00002280,WO00003095,P03,P03_L02,M030,C,2026-05-08 22:33:00,2026-05-08 22:51:00,18,Unplanned,Mechanical Failure,BREAKDOWN
DT00002281,WO00003097,P03,P03_L03,M033,B,2026-05-08 14:19:00,2026-05-08 14:55:00,36,Planned,Cleaning/Sanitation,CLEANING
DT00002282,WO00003098,P03,P03_L03,M033,C,2026-05-08 22:26:00,2026-05-08 22:46:00,20,Unplanned,Utility Interruption,UTILITY
DT00002292,WO00003112,P03,P03_L01,M027,A,2026-05-09 06:41:00,2026-05-09 06:57:00,16,Planned,Changeover,CHANGEOVER
DT00002293,WO00003113,P03,P03_L01,M026,B,2026-05-09 14:34:00,2026-05-09 14:51:00,17,Planned,Changeover,CHANGEOVER
DT00002294,WO00003114,P03,P03_L02,M031,A,2026-05-09 06:43:00,2026-05-09 07:10:00,27,Planned,Preventive Maintenance,PREV_MAINT
DT00002295,WO00003115,P03,P03_L02,M029,B,2026-05-09 14:38:00,2026-05-09 15:09:00,31,Planned,Preventive Maintenance,PREV_MAINT
DT00002296,WO00003116,P03,P03_L03,M033,A,2026-05-09 06:10:00,2026-05-09 06:38:00,28,Planned,Changeover,CHANGEOVER
DT00002297,WO00003117,P03,P03_L03,M036,B,2026-05-09 14:20:00,2026-05-09 14:40:00,20,Planned,Cleaning/Sanitation,CLEANING
DT00002307,WO00003130,P03,P03_L01,M026,A,2026-05-10 06:41:00,2026-05-10 07:06:00,25,Planned,Planned Inspection,INSPECTION
DT00002308,WO00003134,P03,P03_L02,M030,C,2026-05-10 22:16:00,2026-05-10 22:57:00,41,Planned,Changeover,CHANGEOVER
DT00002321,WO00003154,P03,P03_L01,M027,A,2026-05-11 06:34:00,2026-05-11 08:39:00,125,Unplanned,Material Starvation,NO_MATERIAL
DT00002322,WO00003154,P03,P03_L01,M027,A,2026-05-11 08:42:00,2026-05-11 10:38:00,116,Unplanned,Mechanical Failure,BREAKDOWN
DT00002323,WO00003154,P03,P03_L01,M027,A,2026-05-11 10:41:00,2026-05-11 11:37:00,56,Unplanned,Quality Hold,QUALITY
DT00002324,WO00003156,P03,P03_L01,M025,C,2026-05-11 22:10:00,2026-05-11 23:10:00,60,Planned,Cleaning/Sanitation,CLEANING
DT00002325,WO00003157,P03,P03_L02,M031,A,2026-05-11 06:25:00,2026-05-11 06:49:00,24,Planned,Planned Inspection,INSPECTION
DT00002326,WO00003157,P03,P03_L02,M031,A,2026-05-11 06:54:00,2026-05-11 07:17:00,23,Unplanned,Mechanical Failure,BREAKDOWN
DT00002327,WO00003157,P03,P03_L02,M030,A,2026-05-11 07:20:00,2026-05-11 07:24:00,4,Unplanned,Mechanical Failure,BREAKDOWN
DT00002328,WO00003158,P03,P03_L02,M029,B,2026-05-11 14:26:00,2026-05-11 15:22:00,56,Planned,Changeover,CHANGEOVER
DT00002329,WO00003159,P03,P03_L02,M031,C,2026-05-11 22:32:00,2026-05-11 22:55:00,23,Planned,Changeover,CHANGEOVER
DT00002330,WO00003161,P03,P03_L03,M036,B,2026-05-11 14:38:00,2026-05-11 15:21:00,43,Planned,Changeover,CHANGEOVER
DT00002346,WO00003181,P03,P03_L01,M027,A,2026-05-12 06:20:00,2026-05-12 06:46:00,26,Planned,Changeover,CHANGEOVER
DT00002347,WO00003181,P03,P03_L01,M026,A,2026-05-12 06:51:00,2026-05-12 08:54:00,123,Unplanned,Material Starvation,NO_MATERIAL
DT00002348,WO00003181,P03,P03_L01,M026,A,2026-05-12 08:57:00,2026-05-12 09:15:00,18,Unplanned,Sensor/Controls Fault,AUTOMATION
DT00002349,WO00003181,P03,P03_L01,M028,A,2026-05-12 09:18:00,2026-05-12 09:32:00,14,Unplanned,Quality Hold,QUALITY
DT00002350,WO00003182,P03,P03_L01,M028,B,2026-05-12 14:33:00,2026-05-12 15:05:00,32,Planned,Cleaning/Sanitation,CLEANING
DT00002351,WO00003182,P03,P03_L01,M025,B,2026-05-12 15:10:00,2026-05-12 15:31:00,21,Unplanned,Mechanical Failure,BREAKDOWN
DT00002352,WO00003183,P03,P03_L01,M025,C,2026-05-12 22:48:00,2026-05-12 23:06:00,18,Unplanned,Operator Adjustment,ADJUST
DT00002353,WO00003184,P03,P03_L02,M029,A,2026-05-12 06:42:00,2026-05-12 07:25:00,43,Planned,Preventive Maintenance,PREV_MAINT
DT00002354,WO00003185,P03,P03_L02,M031,B,2026-05-12 14:17:00,2026-05-12 14:49:00,32,Planned,Changeover,CHANGEOVER
DT00002355,WO00003185,P03,P03_L02,M030,B,2026-05-12 14:54:00,2026-05-12 14:58:00,4,Unplanned,Material Starvation,NO_MATERIAL
DT00002356,WO00003186,P03,P03_L02,M032,C,2026-05-12 22:11:00,2026-05-12 22:31:00,20,Planned,Changeover,CHANGEOVER
DT00002369,WO00003208,P03,P03_L01,M026,A,2026-05-13 06:23:00,2026-05-13 06:57:00,34,Planned,Planned Inspection,INSPECTION
DT00002370,WO00003211,P03,P03_L02,M031,A,2026-05-13 06:35:00,2026-05-13 07:01:00,26,Planned,Preventive Maintenance,PREV_MAINT
DT00002371,WO00003213,P03,P03_L02,M030,C,2026-05-13 22:46:00,2026-05-13 23:12:00,26,Planned,Changeover,CHANGEOVER
DT00002372,WO00003214,P03,P03_L03,M036,A,2026-05-13 06:45:00,2026-05-13 07:21:00,36,Planned,Changeover,CHANGEOVER
DT00002373,WO00003215,P03,P03_L03,M036,B,2026-05-13 14:49:00,2026-05-13 15:21:00,32,Planned,Preventive Maintenance,PREV_MAINT
DT00002374,WO00003216,P03,P03_L03,M035,C,2026-05-13 22:48:00,2026-05-13 23:29:00,41,Planned,Changeover,CHANGEOVER
DT00002375,WO00003216,P03,P03_L03,M036,C,2026-05-13 23:34:00,2026-05-14 00:34:00,60,Unplanned,Utility Interruption,UTILITY
DT00002384,WO00003236,P03,P03_L01,M028,B,2026-05-14 14:22:00,2026-05-14 15:31:00,69,Planned,Preventive Maintenance,PREV_MAINT
DT00002385,WO00003238,P03,P03_L02,M030,A,2026-05-14 06:20:00,2026-05-14 07:22:00,62,Planned,Planned Inspection,INSPECTION
DT00002386,WO00003240,P03,P03_L02,M029,C,2026-05-14 22:34:00,2026-05-14 22:57:00,23,Planned,Preventive Maintenance,PREV_MAINT
DT00002387,WO00003241,P03,P03_L03,M034,A,2026-05-14 06:35:00,2026-05-14 07:37:00,62,Planned,Cleaning/Sanitation,CLEANING
DT00002388,WO00003242,P03,P03_L03,M034,B,2026-05-14 14:47:00,2026-05-14 14:56:00,9,Unplanned,Mechanical Failure,BREAKDOWN
DT00002389,WO00003243,P03,P03_L03,M036,C,2026-05-14 22:12:00,2026-05-14 23:06:00,54,Planned,Cleaning/Sanitation,CLEANING
DT00002400,WO00003262,P03,P03_L01,M025,A,2026-05-15 06:47:00,2026-05-15 07:00:00,13,Unplanned,Utility Interruption,UTILITY
DT00002401,WO00003265,P03,P03_L02,M029,A,2026-05-15 06:22:00,2026-05-15 06:48:00,26,Planned,Planned Inspection,INSPECTION
DT00002402,WO00003265,P03,P03_L02,M030,A,2026-05-15 06:53:00,2026-05-15 07:03:00,10,Unplanned,Quality Hold,QUALITY
DT00002403,WO00003266,P03,P03_L02,M032,B,2026-05-15 14:49:00,2026-05-15 15:27:00,38,Planned,Preventive Maintenance,PREV_MAINT
DT00002404,WO00003268,P03,P03_L03,M033,A,2026-05-15 06:46:00,2026-05-15 07:26:00,40,Planned,Cleaning/Sanitation,CLEANING
DT00002405,WO00003269,P03,P03_L03,M033,B,2026-05-15 14:42:00,2026-05-15 15:10:00,28,Planned,Preventive Maintenance,PREV_MAINT
DT00002406,WO00003270,P03,P03_L03,M035,C,2026-05-15 22:27:00,2026-05-15 22:32:00,5,Unplanned,Material Starvation,NO_MATERIAL
DT00002420,WO00003283,P03,P03_L01,M028,A,2026-05-16 06:17:00,2026-05-16 06:58:00,41,Unplanned,Electrical Fault,ELECTRICAL
DT00002421,WO00003284,P03,P03_L01,M027,B,2026-05-16 14:44:00,2026-05-16 15:15:00,31,Planned,Preventive Maintenance,PREV_MAINT
DT00002422,WO00003285,P03,P03_L01,M026,C,2026-05-16 22:38:00,2026-05-16 23:13:00,35,Planned,Preventive Maintenance,PREV_MAINT
DT00002423,WO00003285,P03,P03_L01,M028,C,2026-05-16 23:18:00,2026-05-16 23:30:00,12,Unplanned,Operator Adjustment,ADJUST
DT00002424,WO00003286,P03,P03_L02,M032,A,2026-05-16 06:14:00,2026-05-16 06:35:00,21,Planned,Changeover,CHANGEOVER
DT00002425,WO00003287,P03,P03_L02,M030,B,2026-05-16 14:49:00,2026-05-16 15:04:00,15,Planned,Preventive Maintenance,PREV_MAINT
DT00002426,WO00003288,P03,P03_L02,M032,C,2026-05-16 22:35:00,2026-05-16 23:07:00,32,Planned,Preventive Maintenance,PREV_MAINT
DT00002427,WO00003290,P03,P03_L03,M035,B,2026-05-16 14:47:00,2026-05-16 15:15:00,28,Planned,Changeover,CHANGEOVER
DT00002428,WO00003291,P03,P03_L03,M033,C,2026-05-16 22:42:00,2026-05-16 23:29:00,47,Planned,Preventive Maintenance,PREV_MAINT
DT00002429,WO00003291,P03,P03_L03,M036,C,2026-05-16 23:34:00,2026-05-17 00:13:00,39,Unplanned,Mechanical Failure,BREAKDOWN
DT00002442,WO00003305,P03,P03_L01,M027,A,2026-05-17 06:46:00,2026-05-17 07:06:00,20,Planned,Preventive Maintenance,PREV_MAINT
DT00002443,WO00003305,P03,P03_L01,M028,A,2026-05-17 07:11:00,2026-05-17 07:34:00,23,Unplanned,Electrical Fault,ELECTRICAL
DT00002444,WO00003306,P03,P03_L02,M029,A,2026-05-17 06:26:00,2026-05-17 06:53:00,27,Planned,Cleaning/Sanitation,CLEANING
DT00002445,WO00003307,P03,P03_L02,M030,B,2026-05-17 14:22:00,2026-05-17 14:41:00,19,Planned,Preventive Maintenance,PREV_MAINT
DT00002446,WO00003308,P03,P03_L02,M032,C,2026-05-17 22:46:00,2026-05-17 23:11:00,25,Planned,Planned Inspection,INSPECTION
DT00002447,WO00003309,P03,P03_L03,M035,B,2026-05-17 14:24:00,2026-05-17 14:42:00,18,Planned,Preventive Maintenance,PREV_MAINT
DT00002448,WO00003310,P03,P03_L03,M034,C,2026-05-17 22:22:00,2026-05-17 23:04:00,42,Planned,Planned Inspection,INSPECTION
DT00002463,WO00003330,P03,P03_L01,M025,B,2026-05-18 14:10:00,2026-05-18 14:57:00,47,Planned,Cleaning/Sanitation,CLEANING
DT00002464,WO00003332,P03,P03_L02,M032,A,2026-05-18 06:27:00,2026-05-18 06:39:00,12,Planned,Changeover,CHANGEOVER
DT00002465,WO00003333,P03,P03_L02,M032,B,2026-05-18 14:48:00,2026-05-18 15:06:00,18,Planned,Changeover,CHANGEOVER
DT00002466,WO00003333,P03,P03_L02,M031,B,2026-05-18 15:11:00,2026-05-18 15:39:00,28,Unplanned,Utility Interruption,UTILITY
DT00002467,WO00003335,P03,P03_L03,M035,A,2026-05-18 06:37:00,2026-05-18 07:09:00,32,Planned,Changeover,CHANGEOVER
DT00002468,WO00003336,P03,P03_L03,M036,B,2026-05-18 14:23:00,2026-05-18 14:45:00,22,Planned,Planned Inspection,INSPECTION
DT00002469,WO00003337,P03,P03_L03,M033,C,2026-05-18 22:11:00,2026-05-18 23:47:00,96,Planned,Changeover,CHANGEOVER
DT00002470,WO00003337,P03,P03_L03,M033,C,2026-05-18 23:52:00,2026-05-19 02:08:00,136,Unplanned,Mechanical Failure,BREAKDOWN
DT00002488,WO00003356,P03,P03_L01,M025,A,2026-05-19 06:26:00,2026-05-19 06:44:00,18,Unplanned,Quality Hold,QUALITY
DT00002489,WO00003357,P03,P03_L01,M026,B,2026-05-19 14:25:00,2026-05-19 14:46:00,21,Planned,Changeover,CHANGEOVER
DT00002490,WO00003357,P03,P03_L01,M026,B,2026-05-19 14:51:00,2026-05-19 15:19:00,28,Unplanned,Sensor/Controls Fault,AUTOMATION
DT00002491,WO00003358,P03,P03_L01,M026,C,2026-05-19 22:18:00,2026-05-19 22:51:00,33,Planned,Changeover,CHANGEOVER
DT00002492,WO00003358,P03,P03_L01,M028,C,2026-05-19 22:56:00,2026-05-19 23:21:00,25,Unplanned,Operator Adjustment,ADJUST
DT00002493,WO00003359,P03,P03_L02,M029,A,2026-05-19 06:36:00,2026-05-19 07:09:00,33,Planned,Cleaning/Sanitation,CLEANING
DT00002494,WO00003361,P03,P03_L02,M032,C,2026-05-19 22:24:00,2026-05-19 23:34:00,70,Unplanned,Quality Hold,QUALITY
DT00002495,WO00003363,P03,P03_L03,M033,B,2026-05-19 14:43:00,2026-05-19 15:27:00,44,Planned,Changeover,CHANGEOVER
DT00002505,WO00003383,P03,P03_L01,M027,A,2026-05-20 06:39:00,2026-05-20 07:05:00,26,Planned,Changeover,CHANGEOVER
DT00002506,WO00003383,P03,P03_L01,M027,A,2026-05-20 07:10:00,2026-05-20 07:20:00,10,Unplanned,Mechanical Failure,BREAKDOWN
DT00002507,WO00003385,P03,P03_L01,M028,C,2026-05-20 22:19:00,2026-05-20 22:31:00,12,Unplanned,Mechanical Failure,BREAKDOWN
DT00002508,WO00003386,P03,P03_L02,M030,A,2026-05-20 06:35:00,2026-05-20 07:08:00,33,Unplanned,Quality Hold,QUALITY
DT00002509,WO00003388,P03,P03_L02,M032,C,2026-05-20 22:16:00,2026-05-20 22:42:00,26,Planned,Changeover,CHANGEOVER
DT00002510,WO00003390,P03,P03_L03,M035,B,2026-05-20 14:47:00,2026-05-20 15:21:00,34,Unplanned,Operator Adjustment,ADJUST
DT00002522,WO00003410,P03,P03_L01,M026,A,2026-05-21 06:48:00,2026-05-21 07:36:00,48,Unplanned,Utility Interruption,UTILITY
DT00002523,WO00003411,P03,P03_L01,M025,B,2026-05-21 14:16:00,2026-05-21 14:49:00,33,Planned,Preventive Maintenance,PREV_MAINT
DT00002524,WO00003412,P03,P03_L01,M027,C,2026-05-21 22:43:00,2026-05-21 23:32:00,49,Unplanned,Quality Hold,QUALITY
DT00002525,WO00003413,P03,P03_L02,M029,A,2026-05-21 06:26:00,2026-05-21 07:15:00,49,Planned,Cleaning/Sanitation,CLEANING
DT00002526,WO00003414,P03,P03_L02,M032,B,2026-05-21 14:17:00,2026-05-21 14:43:00,26,Planned,Preventive Maintenance,PREV_MAINT
DT00002527,WO00003414,P03,P03_L02,M031,B,2026-05-21 14:48:00,2026-05-21 15:12:00,24,Unplanned,Quality Hold,QUALITY
DT00002528,WO00003416,P03,P03_L03,M033,A,2026-05-21 06:47:00,2026-05-21 07:13:00,26,Planned,Cleaning/Sanitation,CLEANING
DT00002529,WO00003417,P03,P03_L03,M033,B,2026-05-21 14:18:00,2026-05-21 14:34:00,16,Planned,Preventive Maintenance,PREV_MAINT
DT00002530,WO00003418,P03,P03_L03,M034,C,2026-05-21 22:24:00,2026-05-21 22:35:00,11,Unplanned,Material Starvation,NO_MATERIAL
DT00002538,WO00003437,P03,P03_L01,M025,A,2026-05-22 06:44:00,2026-05-22 07:43:00,59,Planned,Changeover,CHANGEOVER
DT00002539,WO00003438,P03,P03_L01,M028,B,2026-05-22 14:48:00,2026-05-22 15:18:00,30,Planned,Changeover,CHANGEOVER
DT00002540,WO00003441,P03,P03_L02,M030,B,2026-05-22 14:13:00,2026-05-22 14:33:00,20,Unplanned,Sensor/Controls Fault,AUTOMATION
DT00002541,WO00003444,P03,P03_L03,M035,B,2026-05-22 14:28:00,2026-05-22 14:59:00,31,Planned,Preventive Maintenance,PREV_MAINT
DT00002542,WO00003445,P03,P03_L03,M036,C,2026-05-22 22:20:00,2026-05-22 23:08:00,48,Planned,Planned Inspection,INSPECTION
DT00002554,WO00003458,P03,P03_L01,M025,A,2026-05-23 06:20:00,2026-05-23 06:50:00,30,Planned,Cleaning/Sanitation,CLEANING
DT00002555,WO00003459,P03,P03_L02,M030,A,2026-05-23 06:42:00,2026-05-23 07:31:00,49,Unplanned,Electrical Fault,ELECTRICAL
DT00002568,WO00003474,P03,P03_L01,M027,B,2026-05-24 14:32:00,2026-05-24 15:20:00,48,Planned,Planned Inspection,INSPECTION
DT00002569,WO00003478,P03,P03_L03,M035,B,2026-05-24 14:21:00,2026-05-24 14:55:00,34,Planned,Planned Inspection,INSPECTION
DT00002570,WO00003478,P03,P03_L03,M036,B,2026-05-24 15:00:00,2026-05-24 15:09:00,9,Unplanned,Quality Hold,QUALITY
DT00002571,WO00003478,P03,P03_L03,M034,B,2026-05-24 15:12:00,2026-05-24 15:53:00,41,Unplanned,Electrical Fault,ELECTRICAL
DT00002572,WO00003479,P03,P03_L03,M034,C,2026-05-24 22:42:00,2026-05-24 23:12:00,30,Planned,Changeover,CHANGEOVER
DT00002580,WO00003498,P03,P03_L01,M026,A,2026-05-25 06:21:00,2026-05-25 06:55:00,34,Planned,Changeover,CHANGEOVER
DT00002581,WO00003501,P03,P03_L02,M032,A,2026-05-25 06:24:00,2026-05-25 06:47:00,23,Planned,Preventive Maintenance,PREV_MAINT
DT00002582,WO00003502,P03,P03_L02,M032,B,2026-05-25 14:49:00,2026-05-25 15:06:00,17,Planned,Cleaning/Sanitation,CLEANING
DT00002583,WO00003503,P03,P03_L02,M030,C,2026-05-25 22:14:00,2026-05-25 22:37:00,23,Planned,Cleaning/Sanitation,CLEANING
DT00002584,WO00003504,P03,P03_L03,M035,A,2026-05-25 06:24:00,2026-05-25 07:13:00,49,Unplanned,Operator Adjustment,ADJUST
DT00002585,WO00003506,P03,P03_L03,M033,C,2026-05-25 22:39:00,2026-05-25 23:09:00,30,Planned,Preventive Maintenance,PREV_MAINT
DT00002586,WO00003506,P03,P03_L03,M035,C,2026-05-25 23:14:00,2026-05-25 23:39:00,25,Unplanned,Mechanical Failure,BREAKDOWN
DT00002599,WO00003525,P03,P03_L01,M026,A,2026-05-26 06:43:00,2026-05-26 07:22:00,39,Planned,Planned Inspection,INSPECTION
DT00002600,WO00003528,P03,P03_L02,M029,A,2026-05-26 06:25:00,2026-05-26 06:53:00,28,Planned,Changeover,CHANGEOVER
DT00002613,WO00003554,P03,P03_L01,M026,C,2026-05-27 22:49:00,2026-05-27 23:24:00,35,Planned,Changeover,CHANGEOVER
DT00002614,WO00003554,P03,P03_L01,M028,C,2026-05-27 23:29:00,2026-05-27 23:48:00,19,Unplanned,Mechanical Failure,BREAKDOWN
DT00002615,WO00003555,P03,P03_L02,M030,A,2026-05-27 06:11:00,2026-05-27 06:38:00,27,Planned,Cleaning/Sanitation,CLEANING
DT00002616,WO00003555,P03,P03_L02,M029,A,2026-05-27 06:43:00,2026-05-27 07:23:00,40,Unplanned,Operator Adjustment,ADJUST
DT00002617,WO00003555,P03,P03_L02,M031,A,2026-05-27 07:26:00,2026-05-27 07:38:00,12,Unplanned,Material Starvation,NO_MATERIAL
DT00002618,WO00003556,P03,P03_L02,M031,B,2026-05-27 14:42:00,2026-05-27 14:55:00,13,Unplanned,Mechanical Failure,BREAKDOWN
DT00002619,WO00003557,P03,P03_L02,M030,C,2026-05-27 22:21:00,2026-05-27 22:56:00,35,Planned,Changeover,CHANGEOVER
DT00002620,WO00003559,P03,P03_L03,M034,B,2026-05-27 14:35:00,2026-05-27 15:15:00,40,Planned,Changeover,CHANGEOVER
DT00002635,WO00003579,P03,P03_L01,M028,A,2026-05-28 06:37:00,2026-05-28 07:28:00,51,Planned,Preventive Maintenance,PREV_MAINT
DT00002636,WO00003580,P03,P03_L01,M028,B,2026-05-28 14:17:00,2026-05-28 14:47:00,30,Planned,Cleaning/Sanitation,CLEANING
DT00002637,WO00003581,P03,P03_L01,M028,C,2026-05-28 22:17:00,2026-05-28 22:58:00,41,Planned,Cleaning/Sanitation,CLEANING
DT00002638,WO00003581,P03,P03_L01,M025,C,2026-05-28 23:03:00,2026-05-28 23:11:00,8,Unplanned,Utility Interruption,UTILITY
DT00002639,WO00003582,P03,P03_L02,M030,A,2026-05-28 06:21:00,2026-05-28 06:48:00,27,Unplanned,Mechanical Failure,BREAKDOWN
DT00002640,WO00003583,P03,P03_L02,M031,B,2026-05-28 14:12:00,2026-05-28 14:49:00,37,Planned,Cleaning/Sanitation,CLEANING
DT00002641,WO00003584,P03,P03_L02,M029,C,2026-05-28 22:12:00,2026-05-28 23:33:00,81,Planned,Changeover,CHANGEOVER
DT00002642,WO00003587,P03,P03_L03,M033,C,2026-05-28 22:20:00,2026-05-28 22:46:00,26,Planned,Preventive Maintenance,PREV_MAINT
DT00002657,WO00003607,P03,P03_L01,M028,B,2026-05-29 14:29:00,2026-05-29 15:08:00,39,Planned,Planned Inspection,INSPECTION
DT00002658,WO00003611,P03,P03_L02,M029,C,2026-05-29 22:34:00,2026-05-29 23:05:00,31,Planned,Planned Inspection,INSPECTION
DT00002659,WO00003611,P03,P03_L02,M029,C,2026-05-29 23:10:00,2026-05-29 23:24:00,14,Unplanned,Sensor/Controls Fault,AUTOMATION
DT00002660,WO00003611,P03,P03_L02,M031,C,2026-05-29 23:27:00,2026-05-29 23:47:00,20,Unplanned,Operator Adjustment,ADJUST
DT00002661,WO00003614,P03,P03_L03,M033,C,2026-05-29 22:33:00,2026-05-29 23:50:00,77,Planned,Preventive Maintenance,PREV_MAINT
DT00002662,WO00003614,P03,P03_L03,M033,C,2026-05-29 23:55:00,2026-05-30 00:35:00,40,Unplanned,Mechanical Failure,BREAKDOWN
DT00002677,WO00003628,P03,P03_L01,M025,B,2026-05-30 14:32:00,2026-05-30 15:24:00,52,Planned,Changeover,CHANGEOVER
DT00002678,WO00003629,P03,P03_L02,M029,A,2026-05-30 06:36:00,2026-05-30 06:55:00,19,Planned,Cleaning/Sanitation,CLEANING
DT00002679,WO00003630,P03,P03_L02,M029,B,2026-05-30 14:37:00,2026-05-30 15:47:00,70,Planned,Changeover,CHANGEOVER
DT00002680,WO00003630,P03,P03_L02,M031,B,2026-05-30 15:52:00,2026-05-30 17:01:00,69,Unplanned,Electrical Fault,ELECTRICAL
DT00002691,WO00003644,P03,P03_L01,M025,B,2026-05-31 14:41:00,2026-05-31 15:31:00,50,Planned,Preventive Maintenance,PREV_MAINT
DT00002692,WO00003645,P03,P03_L01,M027,C,2026-05-31 22:49:00,2026-05-31 23:20:00,31,Planned,Preventive Maintenance,PREV_MAINT
DT00002693,WO00003646,P03,P03_L02,M030,B,2026-05-31 14:41:00,2026-05-31 14:55:00,14,Unplanned,Utility Interruption,UTILITY
DT00002706,WO00003666,P03,P03_L01,M027,A,2026-06-01 06:44:00,2026-06-01 07:12:00,28,Planned,Preventive Maintenance,PREV_MAINT
DT00002707,WO00003668,P03,P03_L01,M026,C,2026-06-01 22:20:00,2026-06-01 23:13:00,53,Planned,Changeover,CHANGEOVER
DT00002708,WO00003669,P03,P03_L02,M029,A,2026-06-01 06:38:00,2026-06-01 07:01:00,23,Unplanned,Utility Interruption,UTILITY
DT00002709,WO00003669,P03,P03_L02,M031,A,2026-06-01 07:04:00,2026-06-01 07:55:00,51,Unplanned,Utility Interruption,UTILITY
DT00002710,WO00003670,P03,P03_L02,M031,B,2026-06-01 14:34:00,2026-06-01 15:05:00,31,Planned,Preventive Maintenance,PREV_MAINT
DT00002711,WO00003671,P03,P03_L02,M032,C,2026-06-01 22:22:00,2026-06-01 23:05:00,43,Planned,Preventive Maintenance,PREV_MAINT
DT00002712,WO00003672,P03,P03_L03,M035,A,2026-06-01 06:38:00,2026-06-01 07:17:00,39,Unplanned,Electrical Fault,ELECTRICAL
DT00002713,WO00003673,P03,P03_L03,M036,B,2026-06-01 14:25:00,2026-06-01 14:52:00,27,Planned,Preventive Maintenance,PREV_MAINT
DT00002714,WO00003673,P03,P03_L03,M036,B,2026-06-01 14:57:00,2026-06-01 15:49:00,52,Unplanned,Mechanical Failure,BREAKDOWN
DT00002732,WO00003694,P03,P03_L01,M026,B,2026-06-02 14:33:00,2026-06-02 15:45:00,72,Planned,Changeover,CHANGEOVER
DT00002733,WO00003694,P03,P03_L01,M027,B,2026-06-02 15:50:00,2026-06-02 16:24:00,34,Unplanned,Electrical Fault,ELECTRICAL
DT00002734,WO00003695,P03,P03_L01,M026,C,2026-06-02 22:44:00,2026-06-02 23:06:00,22,Planned,Cleaning/Sanitation,CLEANING
DT00002735,WO00003695,P03,P03_L01,M028,C,2026-06-02 23:11:00,2026-06-02 23:43:00,32,Unplanned,Material Starvation,NO_MATERIAL
DT00002736,WO00003695,P03,P03_L01,M027,C,2026-06-02 23:46:00,2026-06-03 00:18:00,32,Unplanned,Mechanical Failure,BREAKDOWN
DT00002737,WO00003699,P03,P03_L03,M033,A,2026-06-02 06:49:00,2026-06-02 07:15:00,26,Planned,Preventive Maintenance,PREV_MAINT
DT00002752,WO00003720,P03,P03_L01,M026,A,2026-06-03 06:27:00,2026-06-03 07:04:00,37,Unplanned,Quality Hold,QUALITY
DT00002753,WO00003722,P03,P03_L01,M025,C,2026-06-03 22:17:00,2026-06-03 22:44:00,27,Planned,Changeover,CHANGEOVER
DT00002754,WO00003723,P03,P03_L02,M030,A,2026-06-03 06:12:00,2026-06-03 06:30:00,18,Unplanned,Mechanical Failure,BREAKDOWN
DT00002755,WO00003724,P03,P03_L02,M031,B,2026-06-03 14:20:00,2026-06-03 14:36:00,16,Unplanned,Operator Adjustment,ADJUST
DT00002756,WO00003727,P03,P03_L03,M034,B,2026-06-03 14:13:00,2026-06-03 14:32:00,19,Planned,Preventive Maintenance,PREV_MAINT
DT00002770,WO00003748,P03,P03_L01,M027,B,2026-06-04 14:22:00,2026-06-04 14:37:00,15,Unplanned,Electrical Fault,ELECTRICAL
DT00002771,WO00003752,P03,P03_L02,M031,C,2026-06-04 22:47:00,2026-06-04 23:07:00,20,Unplanned,Operator Adjustment,ADJUST
DT00002772,WO00003753,P03,P03_L03,M036,A,2026-06-04 06:23:00,2026-06-04 06:37:00,14,Planned,Changeover,CHANGEOVER
DT00002773,WO00003754,P03,P03_L03,M035,B,2026-06-04 14:42:00,2026-06-04 15:21:00,39,Planned,Changeover,CHANGEOVER
DT00002788,WO00003774,P03,P03_L01,M026,A,2026-06-05 06:37:00,2026-06-05 07:03:00,26,Planned,Preventive Maintenance,PREV_MAINT
DT00002789,WO00003775,P03,P03_L01,M028,B,2026-06-05 14:40:00,2026-06-05 15:03:00,23,Unplanned,Mechanical Failure,BREAKDOWN
DT00002790,WO00003775,P03,P03_L01,M025,B,2026-06-05 15:06:00,2026-06-05 15:19:00,13,Unplanned,Mechanical Failure,BREAKDOWN
DT00002791,WO00003780,P03,P03_L03,M034,A,2026-06-05 06:31:00,2026-06-05 07:21:00,50,Planned,Preventive Maintenance,PREV_MAINT
DT00002792,WO00003781,P03,P03_L03,M034,B,2026-06-05 14:27:00,2026-06-05 14:54:00,27,Planned,Changeover,CHANGEOVER
DT00002793,WO00003782,P03,P03_L03,M035,C,2026-06-05 22:48:00,2026-06-05 23:28:00,40,Planned,Cleaning/Sanitation,CLEANING
DT00002794,WO00003782,P03,P03_L03,M035,C,2026-06-05 23:33:00,2026-06-06 00:15:00,42,Unplanned,Electrical Fault,ELECTRICAL
DT00002806,WO00003796,P03,P03_L01,M027,B,2026-06-06 14:48:00,2026-06-06 15:24:00,36,Planned,Changeover,CHANGEOVER
DT00002807,WO00003796,P03,P03_L01,M028,B,2026-06-06 15:29:00,2026-06-06 16:21:00,52,Unplanned,Utility Interruption,UTILITY
DT00002808,WO00003797,P03,P03_L01,M028,C,2026-06-06 22:41:00,2026-06-06 23:03:00,22,Unplanned,Electrical Fault,ELECTRICAL
DT00002809,WO00003800,P03,P03_L03,M035,A,2026-06-06 06:21:00,2026-06-06 06:28:00,7,Unplanned,Mechanical Failure,BREAKDOWN
DT00002810,WO00003801,P03,P03_L03,M035,B,2026-06-06 14:39:00,2026-06-06 15:12:00,33,Planned,Preventive Maintenance,PREV_MAINT
DT00002811,WO00003801,P03,P03_L03,M036,B,2026-06-06 15:17:00,2026-06-06 15:39:00,22,Unplanned,Electrical Fault,ELECTRICAL
DT00002820,WO00003815,P03,P03_L01,M027,A,2026-06-07 06:47:00,2026-06-07 07:06:00,19,Planned,Preventive Maintenance,PREV_MAINT
DT00002821,WO00003817,P03,P03_L02,M032,A,2026-06-07 06:17:00,2026-06-07 06:48:00,31,Unplanned,Electrical Fault,ELECTRICAL
DT00002822,WO00003818,P03,P03_L02,M029,C,2026-06-07 22:38:00,2026-06-07 23:11:00,33,Planned,Cleaning/Sanitation,CLEANING
DT00002823,WO00003819,P03,P03_L03,M033,B,2026-06-07 14:25:00,2026-06-07 14:49:00,24,Unplanned,Mechanical Failure,BREAKDOWN
DT00002824,WO00003819,P03,P03_L03,M035,B,2026-06-07 14:52:00,2026-06-07 15:15:00,23,Unplanned,Mechanical Failure,BREAKDOWN
DT00002840,WO00003839,P03,P03_L01,M027,B,2026-06-08 14:42:00,2026-06-08 15:03:00,21,Unplanned,Mechanical Failure,BREAKDOWN
DT00002841,WO00003840,P03,P03_L01,M027,C,2026-06-08 22:47:00,2026-06-08 23:13:00,26,Planned,Preventive Maintenance,PREV_MAINT
DT00002842,WO00003841,P03,P03_L02,M031,A,2026-06-08 06:38:00,2026-06-08 07:00:00,22,Planned,Planned Inspection,INSPECTION
DT00002843,WO00003841,P03,P03_L02,M031,A,2026-06-08 07:05:00,2026-06-08 07:11:00,6,Unplanned,Material Starvation,NO_MATERIAL
DT00002844,WO00003842,P03,P03_L02,M030,B,2026-06-08 14:30:00,2026-06-08 14:50:00,20,Planned,Planned Inspection,INSPECTION
DT00002845,WO00003842,P03,P03_L02,M032,B,2026-06-08 14:55:00,2026-06-08 15:02:00,7,Unplanned,Electrical Fault,ELECTRICAL
DT00002846,WO00003842,P03,P03_L02,M030,B,2026-06-08 15:05:00,2026-06-08 15:27:00,22,Unplanned,Operator Adjustment,ADJUST
DT00002847,WO00003843,P03,P03_L02,M031,C,2026-06-08 22:32:00,2026-06-08 23:25:00,53,Unplanned,Utility Interruption,UTILITY
DT00002863,WO00003866,P03,P03_L01,M025,B,2026-06-09 14:48:00,2026-06-09 15:28:00,40,Planned,Preventive Maintenance,PREV_MAINT
DT00002864,WO00003867,P03,P03_L01,M026,C,2026-06-09 22:37:00,2026-06-09 23:08:00,31,Planned,Preventive Maintenance,PREV_MAINT
DT00002865,WO00003868,P03,P03_L02,M030,A,2026-06-09 06:34:00,2026-06-09 06:50:00,16,Unplanned,Electrical Fault,ELECTRICAL
DT00002866,WO00003870,P03,P03_L02,M031,C,2026-06-09 22:45:00,2026-06-09 23:18:00,33,Planned,Changeover,CHANGEOVER
DT00002867,WO00003871,P03,P03_L03,M035,A,2026-06-09 06:29:00,2026-06-09 07:13:00,44,Planned,Cleaning/Sanitation,CLEANING
DT00002868,WO00003873,P03,P03_L03,M036,C,2026-06-09 22:38:00,2026-06-09 22:55:00,17,Planned,Preventive Maintenance,PREV_MAINT
DT00002880,WO00003892,P03,P03_L01,M028,A,2026-06-10 06:15:00,2026-06-10 06:33:00,18,Planned,Preventive Maintenance,PREV_MAINT
DT00002881,WO00003893,P03,P03_L01,M025,B,2026-06-10 14:26:00,2026-06-10 14:48:00,22,Unplanned,Material Starvation,NO_MATERIAL
DT00002882,WO00003894,P03,P03_L01,M028,C,2026-06-10 22:12:00,2026-06-10 22:50:00,38,Planned,Cleaning/Sanitation,CLEANING
DT00002883,WO00003897,P03,P03_L02,M032,C,2026-06-10 22:44:00,2026-06-10 23:06:00,22,Unplanned,Electrical Fault,ELECTRICAL
DT00002884,WO00003900,P03,P03_L03,M034,C,2026-06-10 22:24:00,2026-06-10 22:40:00,16,Unplanned,Material Starvation,NO_MATERIAL
DT00002903,WO00003919,P03,P03_L01,M025,A,2026-06-11 06:30:00,2026-06-11 06:39:00,9,Unplanned,Electrical Fault,ELECTRICAL
DT00002904,WO00003922,P03,P03_L02,M029,A,2026-06-11 06:14:00,2026-06-11 06:46:00,32,Planned,Cleaning/Sanitation,CLEANING
DT00002905,WO00003923,P03,P03_L02,M030,B,2026-06-11 14:17:00,2026-06-11 14:33:00,16,Unplanned,Quality Hold,QUALITY
DT00002906,WO00003924,P03,P03_L02,M031,C,2026-06-11 22:20:00,2026-06-11 23:03:00,43,Unplanned,Electrical Fault,ELECTRICAL
DT00002907,WO00003926,P03,P03_L03,M035,B,2026-06-11 14:39:00,2026-06-11 16:00:00,81,Planned,Cleaning/Sanitation,CLEANING
DT00002908,WO00003927,P03,P03_L03,M033,C,2026-06-11 22:30:00,2026-06-11 22:59:00,29,Planned,Changeover,CHANGEOVER
DT00002919,WO00003948,P03,P03_L01,M026,C,2026-06-12 22:29:00,2026-06-12 23:00:00,31,Planned,Cleaning/Sanitation,CLEANING
DT00002920,WO00003948,P03,P03_L01,M027,C,2026-06-12 23:05:00,2026-06-12 23:13:00,8,Unplanned,Sensor/Controls Fault,AUTOMATION
DT00002921,WO00003949,P03,P03_L02,M031,A,2026-06-12 06:48:00,2026-06-12 07:11:00,23,Unplanned,Utility Interruption,UTILITY
DT00002922,WO00003950,P03,P03_L02,M031,B,2026-06-12 14:35:00,2026-06-12 14:55:00,20,Planned,Preventive Maintenance,PREV_MAINT
DT00002923,WO00003950,P03,P03_L02,M029,B,2026-06-12 15:00:00,2026-06-12 15:35:00,35,Unplanned,Electrical Fault,ELECTRICAL
DT00002924,WO00003954,P03,P03_L03,M036,C,2026-06-12 22:37:00,2026-06-12 23:00:00,23,Planned,Changeover,CHANGEOVER
DT00002928,WO00003966,P03,P03_L01,M025,A,2026-06-13 06:41:00,2026-06-13 07:15:00,34,Planned,Changeover,CHANGEOVER
DT00002929,WO00003967,P03,P03_L01,M025,B,2026-06-13 14:13:00,2026-06-13 14:28:00,15,Unplanned,Mechanical Failure,BREAKDOWN
DT00002930,WO00003969,P03,P03_L02,M031,A,2026-06-13 06:47:00,2026-06-13 07:23:00,36,Planned,Changeover,CHANGEOVER
DT00002931,WO00003970,P03,P03_L02,M029,B,2026-06-13 14:43:00,2026-06-13 15:02:00,19,Planned,Changeover,CHANGEOVER
DT00002932,WO00003971,P03,P03_L02,M030,C,2026-06-13 22:19:00,2026-06-13 22:36:00,17,Planned,Preventive Maintenance,PREV_MAINT
DT00002938,WO00003986,P03,P03_L02,M032,B,2026-06-14 14:15:00,2026-06-14 15:24:00,69,Unplanned,Utility Interruption,UTILITY
DT00002939,WO00003987,P03,P03_L03,M036,A,2026-06-14 06:25:00,2026-06-14 06:53:00,28,Planned,Preventive Maintenance,PREV_MAINT
DT00002940,WO00003987,P03,P03_L03,M034,A,2026-06-14 06:58:00,2026-06-14 07:40:00,42,Unplanned,Operator Adjustment,ADJUST
DT00002960,WO00004008,P03,P03_L01,M027,A,2026-06-15 06:40:00,2026-06-15 07:14:00,34,Planned,Planned Inspection,INSPECTION
DT00002961,WO00004010,P03,P03_L01,M027,C,2026-06-15 22:10:00,2026-06-15 22:47:00,37,Planned,Preventive Maintenance,PREV_MAINT
DT00002962,WO00004011,P03,P03_L02,M032,A,2026-06-15 06:12:00,2026-06-15 07:02:00,50,Planned,Changeover,CHANGEOVER
DT00002963,WO00004011,P03,P03_L02,M032,A,2026-06-15 07:07:00,2026-06-15 08:29:00,82,Unplanned,Mechanical Failure,BREAKDOWN
DT00002964,WO00004014,P03,P03_L03,M033,A,2026-06-15 06:34:00,2026-06-15 07:27:00,53,Planned,Preventive Maintenance,PREV_MAINT
DT00002965,WO00004015,P03,P03_L03,M036,B,2026-06-15 14:24:00,2026-06-15 15:04:00,40,Planned,Cleaning/Sanitation,CLEANING
DT00002978,WO00004035,P03,P03_L01,M028,A,2026-06-16 06:17:00,2026-06-16 07:24:00,67,Planned,Cleaning/Sanitation,CLEANING
DT00002979,WO00004035,P03,P03_L01,M027,A,2026-06-16 07:29:00,2026-06-16 08:03:00,34,Unplanned,Sensor/Controls Fault,AUTOMATION
DT00002980,WO00004036,P03,P03_L01,M025,B,2026-06-16 14:40:00,2026-06-16 15:29:00,49,Planned,Changeover,CHANGEOVER
DT00002981,WO00004037,P03,P03_L01,M025,C,2026-06-16 22:47:00,2026-06-16 23:13:00,26,Planned,Changeover,CHANGEOVER
DT00002982,WO00004038,P03,P03_L02,M031,A,2026-06-16 06:36:00,2026-06-16 07:17:00,41,Unplanned,Sensor/Controls Fault,AUTOMATION
DT00002983,WO00004040,P03,P03_L02,M030,C,2026-06-16 22:40:00,2026-06-16 23:09:00,29,Planned,Changeover,CHANGEOVER
DT00002984,WO00004041,P03,P03_L03,M036,A,2026-06-16 06:41:00,2026-06-16 07:17:00,36,Planned,Preventive Maintenance,PREV_MAINT
DT00002985,WO00004041,P03,P03_L03,M036,A,2026-06-16 07:22:00,2026-06-16 07:38:00,16,Unplanned,Electrical Fault,ELECTRICAL
DT00002986,WO00004042,P03,P03_L03,M034,B,2026-06-16 14:42:00,2026-06-16 15:08:00,26,Planned,Changeover,CHANGEOVER
DT00002987,WO00004042,P03,P03_L03,M033,B,2026-06-16 15:13:00,2026-06-16 15:41:00,28,Unplanned,Quality Hold,QUALITY
DT00002988,WO00004043,P03,P03_L03,M034,C,2026-06-16 22:41:00,2026-06-16 23:29:00,48,Planned,Preventive Maintenance,PREV_MAINT
DT00003004,WO00004062,P03,P03_L01,M025,A,2026-06-17 06:13:00,2026-06-17 06:33:00,20,Planned,Preventive Maintenance,PREV_MAINT
DT00003005,WO00004063,P03,P03_L01,M025,B,2026-06-17 14:13:00,2026-06-17 14:44:00,31,Planned,Changeover,CHANGEOVER
DT00003006,WO00004065,P03,P03_L02,M029,A,2026-06-17 06:30:00,2026-06-17 06:55:00,25,Planned,Changeover,CHANGEOVER
DT00003007,WO00004065,P03,P03_L02,M029,A,2026-06-17 07:00:00,2026-06-17 07:27:00,27,Unplanned,Material Starvation,NO_MATERIAL
DT00003008,WO00004065,P03,P03_L02,M031,A,2026-06-17 07:30:00,2026-06-17 07:52:00,22,Unplanned,Electrical Fault,ELECTRICAL
DT00003009,WO00004066,P03,P03_L02,M029,B,2026-06-17 14:34:00,2026-06-17 15:11:00,37,Unplanned,Sensor/Controls Fault,AUTOMATION
DT00003022,WO00004092,P03,P03_L02,M029,A,2026-06-18 06:35:00,2026-06-18 06:56:00,21,Unplanned,Mechanical Failure,BREAKDOWN
DT00003023,WO00004092,P03,P03_L02,M031,A,2026-06-18 06:59:00,2026-06-18 07:25:00,26,Unplanned,Quality Hold,QUALITY
DT00003024,WO00004093,P03,P03_L02,M029,B,2026-06-18 14:27:00,2026-06-18 14:46:00,19,Planned,Changeover,CHANGEOVER
DT00003025,WO00004094,P03,P03_L02,M031,C,2026-06-18 22:12:00,2026-06-18 22:27:00,15,Unplanned,Electrical Fault,ELECTRICAL
DT00003026,WO00004095,P03,P03_L03,M036,A,2026-06-18 06:32:00,2026-06-18 07:22:00,50,Planned,Planned Inspection,INSPECTION
DT00003027,WO00004096,P03,P03_L03,M034,B,2026-06-18 14:37:00,2026-06-18 15:14:00,37,Planned,Preventive Maintenance,PREV_MAINT
DT00003028,WO00004097,P03,P03_L03,M035,C,2026-06-18 22:10:00,2026-06-18 22:30:00,20,Planned,Changeover,CHANGEOVER
DT00003046,WO00004116,P03,P03_L01,M025,A,2026-06-19 06:45:00,2026-06-19 07:58:00,73,Unplanned,Mechanical Failure,BREAKDOWN
DT00003047,WO00004119,P03,P03_L02,M029,A,2026-06-19 06:47:00,2026-06-19 07:32:00,45,Planned,Preventive Maintenance,PREV_MAINT
DT00003048,WO00004119,P03,P03_L02,M030,A,2026-06-19 07:37:00,2026-06-19 08:26:00,49,Unplanned,Quality Hold,QUALITY
DT00003049,WO00004121,P03,P03_L02,M032,C,2026-06-19 22:24:00,2026-06-19 22:49:00,25,Planned,Planned Inspection,INSPECTION
DT00003050,WO00004123,P03,P03_L03,M035,B,2026-06-19 14:12:00,2026-06-19 14:37:00,25,Planned,Cleaning/Sanitation,CLEANING
DT00003056,WO00004136,P03,P03_L01,M028,A,2026-06-20 06:41:00,2026-06-20 06:58:00,17,Planned,Changeover,CHANGEOVER
DT00003057,WO00004138,P03,P03_L02,M029,A,2026-06-20 06:38:00,2026-06-20 08:30:00,112,Unplanned,Sensor/Controls Fault,AUTOMATION
DT00003058,WO00004139,P03,P03_L02,M030,B,2026-06-20 14:12:00,2026-06-20 14:43:00,31,Planned,Changeover,CHANGEOVER
DT00003059,WO00004140,P03,P03_L02,M032,C,2026-06-20 22:18:00,2026-06-20 22:53:00,35,Planned,Changeover,CHANGEOVER
DT00003060,WO00004141,P03,P03_L03,M035,A,2026-06-20 06:45:00,2026-06-20 07:32:00,47,Planned,Cleaning/Sanitation,CLEANING
DT00003061,WO00004141,P03,P03_L03,M034,A,2026-06-20 07:37:00,2026-06-20 08:32:00,55,Unplanned,Sensor/Controls Fault,AUTOMATION
DT00003062,WO00004142,P03,P03_L03,M034,B,2026-06-20 14:22:00,2026-06-20 14:45:00,23,Planned,Planned Inspection,INSPECTION
DT00003063,WO00004143,P03,P03_L03,M036,C,2026-06-20 22:39:00,2026-06-20 23:08:00,29,Planned,Preventive Maintenance,PREV_MAINT
DT00003070,WO00004157,P03,P03_L01,M028,B,2026-06-21 14:42:00,2026-06-21 15:34:00,52,Planned,Preventive Maintenance,PREV_MAINT
DT00003071,WO00004157,P03,P03_L01,M028,B,2026-06-21 15:39:00,2026-06-21 16:05:00,26,Unplanned,Material Starvation,NO_MATERIAL
DT00003072,WO00004159,P03,P03_L02,M030,B,2026-06-21 14:24:00,2026-06-21 15:35:00,71,Planned,Preventive Maintenance,PREV_MAINT
DT00003083,WO00004180,P03,P03_L01,M027,A,2026-06-22 06:36:00,2026-06-22 06:57:00,21,Unplanned,Mechanical Failure,BREAKDOWN
DT00003084,WO00004183,P03,P03_L02,M032,A,2026-06-22 06:31:00,2026-06-22 07:00:00,29,Planned,Changeover,CHANGEOVER
DT00003085,WO00004186,P03,P03_L03,M035,A,2026-06-22 06:14:00,2026-06-22 06:38:00,24,Planned,Cleaning/Sanitation,CLEANING
DT00003086,WO00004187,P03,P03_L03,M033,B,2026-06-22 14:16:00,2026-06-22 14:57:00,41,Unplanned,Electrical Fault,ELECTRICAL
DT00003087,WO00004188,P03,P03_L03,M033,C,2026-06-22 22:16:00,2026-06-22 22:44:00,28,Planned,Changeover,CHANGEOVER
DT00003088,WO00004188,P03,P03_L03,M034,C,2026-06-22 22:49:00,2026-06-22 23:19:00,30,Unplanned,Material Starvation,NO_MATERIAL
DT00003101,WO00004207,P03,P03_L01,M027,A,2026-06-23 06:33:00,2026-06-23 07:01:00,28,Unplanned,Quality Hold,QUALITY
DT00003102,WO00004208,P03,P03_L01,M025,B,2026-06-23 14:44:00,2026-06-23 14:57:00,13,Planned,Changeover,CHANGEOVER
DT00003103,WO00004209,P03,P03_L01,M028,C,2026-06-23 22:43:00,2026-06-23 23:07:00,24,Planned,Preventive Maintenance,PREV_MAINT
DT00003104,WO00004212,P03,P03_L02,M030,C,2026-06-23 22:17:00,2026-06-23 22:44:00,27,Planned,Changeover,CHANGEOVER
DT00003105,WO00004213,P03,P03_L03,M034,A,2026-06-23 06:41:00,2026-06-23 07:10:00,29,Unplanned,Material Starvation,NO_MATERIAL
DT00003106,WO00004214,P03,P03_L03,M034,B,2026-06-23 14:42:00,2026-06-23 15:22:00,40,Planned,Cleaning/Sanitation,CLEANING
DT00003122,WO00004235,P03,P03_L01,M027,B,2026-06-24 14:18:00,2026-06-24 14:44:00,26,Planned,Preventive Maintenance,PREV_MAINT
DT00003123,WO00004237,P03,P03_L02,M030,A,2026-06-24 06:11:00,2026-06-24 06:33:00,22,Unplanned,Electrical Fault,ELECTRICAL
DT00003124,WO00004239,P03,P03_L02,M032,C,2026-06-24 22:10:00,2026-06-24 22:49:00,39,Planned,Changeover,CHANGEOVER
DT00003125,WO00004241,P03,P03_L03,M034,B,2026-06-24 14:46:00,2026-06-24 15:23:00,37,Planned,Changeover,CHANGEOVER
DT00003126,WO00004242,P03,P03_L03,M036,C,2026-06-24 22:30:00,2026-06-24 22:51:00,21,Unplanned,Sensor/Controls Fault,AUTOMATION
DT00003145,WO00004262,P03,P03_L01,M027,B,2026-06-25 14:33:00,2026-06-25 14:58:00,25,Planned,Preventive Maintenance,PREV_MAINT
DT00003146,WO00004263,P03,P03_L01,M026,C,2026-06-25 22:32:00,2026-06-25 22:51:00,19,Planned,Preventive Maintenance,PREV_MAINT
DT00003147,WO00004267,P03,P03_L03,M033,A,2026-06-25 06:13:00,2026-06-25 07:00:00,47,Unplanned,Electrical Fault,ELECTRICAL
DT00003148,WO00004267,P03,P03_L03,M034,A,2026-06-25 07:03:00,2026-06-25 07:10:00,7,Unplanned,Electrical Fault,ELECTRICAL
DT00003160,WO00004288,P03,P03_L01,M027,A,2026-06-26 06:20:00,2026-06-26 06:41:00,21,Planned,Cleaning/Sanitation,CLEANING
DT00003161,WO00004290,P03,P03_L01,M027,C,2026-06-26 22:48:00,2026-06-26 23:46:00,58,Planned,Changeover,CHANGEOVER
DT00003162,WO00004290,P03,P03_L01,M026,C,2026-06-26 23:51:00,2026-06-27 00:27:00,36,Unplanned,Sensor/Controls Fault,AUTOMATION
DT00003163,WO00004291,P03,P03_L02,M029,A,2026-06-26 06:24:00,2026-06-26 06:59:00,35,Planned,Preventive Maintenance,PREV_MAINT
DT00003164,WO00004292,P03,P03_L02,M030,B,2026-06-26 14:36:00,2026-06-26 14:40:00,4,Unplanned,Utility Interruption,UTILITY
DT00003165,WO00004296,P03,P03_L03,M035,C,2026-06-26 22:15:00,2026-06-26 22:27:00,12,Planned,Planned Inspection,INSPECTION
DT00003174,WO00004308,P03,P03_L01,M025,A,2026-06-27 06:14:00,2026-06-27 06:37:00,23,Planned,Changeover,CHANGEOVER
DT00003175,WO00004309,P03,P03_L01,M027,B,2026-06-27 14:16:00,2026-06-27 14:52:00,36,Planned,Preventive Maintenance,PREV_MAINT
DT00003176,WO00004309,P03,P03_L01,M026,B,2026-06-27 14:57:00,2026-06-27 16:26:00,89,Unplanned,Operator Adjustment,ADJUST
DT00003182,WO00004325,P03,P03_L01,M027,B,2026-06-28 14:22:00,2026-06-28 14:43:00,21,Unplanned,Mechanical Failure,BREAKDOWN
DT00003183,WO00004326,P03,P03_L01,M027,C,2026-06-28 22:49:00,2026-06-28 23:01:00,12,Unplanned,Sensor/Controls Fault,AUTOMATION
DT00003184,WO00004328,P03,P03_L02,M029,C,2026-06-28 22:23:00,2026-06-28 23:00:00,37,Planned,Changeover,CHANGEOVER
DT00003200,WO00004348,P03,P03_L01,M025,A,2026-06-29 06:39:00,2026-06-29 06:55:00,16,Unplanned,Mechanical Failure,BREAKDOWN
DT00003201,WO00004350,P03,P03_L01,M026,C,2026-06-29 22:47:00,2026-06-29 23:38:00,51,Planned,Preventive Maintenance,PREV_MAINT
DT00003202,WO00004350,P03,P03_L01,M028,C,2026-06-29 23:43:00,2026-06-30 00:10:00,27,Unplanned,Mechanical Failure,BREAKDOWN
DT00003203,WO00004351,P03,P03_L02,M030,A,2026-06-29 06:27:00,2026-06-29 06:46:00,19,Planned,Preventive Maintenance,PREV_MAINT
DT00003204,WO00004352,P03,P03_L02,M031,B,2026-06-29 14:24:00,2026-06-29 14:55:00,31,Unplanned,Electrical Fault,ELECTRICAL
DT00003205,WO00004356,P03,P03_L03,M033,C,2026-06-29 22:11:00,2026-06-29 22:25:00,14,Planned,Changeover,CHANGEOVER
