downtime_event_id,work_order_id,plant_id,line_id,machine_id,shift_id,event_start,event_end,duration_minutes,downtime_type,reason_code
DT00000001,WO00000001,P01,P01_L01,M001,A,2026-01-01 06:19:00,2026-01-01 06:40:00,21,Planned,Preventive Maintenance
DT00000002,WO00000002,P01,P01_L01,M002,B,2026-01-01 14:11:00,2026-01-01 14:48:00,37,Planned,Changeover
DT00000003,WO00000002,P01,P01_L01,M004,B,2026-01-01 14:53:00,2026-01-01 14:59:00,6,Unplanned,Material Starvation
DT00000004,WO00000005,P01,P01_L02,M006,B,2026-01-01 14:44:00,2026-01-01 15:14:00,30,Planned,Preventive Maintenance
DT00000005,WO00000005,P01,P01_L02,M006,B,2026-01-01 15:19:00,2026-01-01 15:52:00,33,Unplanned,Mechanical Failure
DT00000006,WO00000007,P01,P01_L03,M012,A,2026-01-01 06:23:00,2026-01-01 06:29:00,6,Unplanned,Mechanical Failure
DT00000007,WO00000010,P02,P02_L01,M015,A,2026-01-01 06:48:00,2026-01-01 07:19:00,31,Planned,Changeover
DT00000008,WO00000012,P02,P02_L01,M015,C,2026-01-01 22:42:00,2026-01-01 22:59:00,17,Planned,Changeover
DT00000009,WO00000013,P02,P02_L02,M020,A,2026-01-01 06:15:00,2026-01-01 06:44:00,29,Planned,Changeover
DT00000010,WO00000013,P02,P02_L02,M020,A,2026-01-01 06:49:00,2026-01-01 07:15:00,26,Unplanned,Quality Hold
DT00000011,WO00000014,P02,P02_L02,M019,B,2026-01-01 14:30:00,2026-01-01 14:48:00,18,Planned,Preventive Maintenance
DT00000012,WO00000016,P02,P02_L03,M021,A,2026-01-01 06:49:00,2026-01-01 07:11:00,22,Planned,Changeover
DT00000013,WO00000018,P02,P02_L03,M023,C,2026-01-01 22:30:00,2026-01-01 23:09:00,39,Planned,Changeover
DT00000014,WO00000020,P03,P03_L01,M026,B,2026-01-01 14:35:00,2026-01-01 14:47:00,12,Planned,Preventive Maintenance
DT00000015,WO00000021,P03,P03_L01,M025,C,2026-01-01 22:30:00,2026-01-01 23:03:00,33,Unplanned,Electrical Fault
DT00000016,WO00000022,P03,P03_L02,M032,A,2026-01-01 06:30:00,2026-01-01 06:59:00,29,Planned,Changeover
DT00000017,WO00000022,P03,P03_L02,M032,A,2026-01-01 07:04:00,2026-01-01 07:08:00,4,Unplanned,Material Starvation
DT00000018,WO00000023,P03,P03_L02,M030,B,2026-01-01 14:41:00,2026-01-01 15:37:00,56,Planned,Planned Inspection
DT00000019,WO00000023,P03,P03_L02,M031,B,2026-01-01 15:42:00,2026-01-01 16:02:00,20,Unplanned,Quality Hold
DT00000020,WO00000024,P03,P03_L02,M031,C,2026-01-01 22:43:00,2026-01-01 22:54:00,11,Unplanned,Material Starvation
DT00000021,WO00000025,P03,P03_L03,M033,A,2026-01-01 06:47:00,2026-01-01 07:39:00,52,Planned,Changeover
DT00000022,WO00000027,P03,P03_L03,M035,C,2026-01-01 22:17:00,2026-01-01 22:47:00,30,Unplanned,Electrical Fault
DT00000023,WO00000028,P01,P01_L01,M004,A,2026-01-02 06:36:00,2026-01-02 07:09:00,33,Planned,Preventive Maintenance
DT00000024,WO00000030,P01,P01_L01,M001,C,2026-01-02 22:20:00,2026-01-02 22:30:00,10,Unplanned,Electrical Fault
DT00000025,WO00000030,P01,P01_L01,M001,C,2026-01-02 22:33:00,2026-01-02 23:45:00,72,Unplanned,Material Starvation
DT00000026,WO00000033,P01,P01_L02,M005,C,2026-01-02 22:11:00,2026-01-02 22:58:00,47,Planned,Cleaning/Sanitation
DT00000027,WO00000036,P01,P01_L03,M009,C,2026-01-02 22:44:00,2026-01-02 23:10:00,26,Planned,Preventive Maintenance
DT00000028,WO00000038,P02,P02_L01,M016,B,2026-01-02 14:25:00,2026-01-02 14:51:00,26,Planned,Cleaning/Sanitation
DT00000029,WO00000040,P02,P02_L02,M017,A,2026-01-02 06:12:00,2026-01-02 07:03:00,51,Planned,Planned Inspection
DT00000030,WO00000043,P02,P02_L03,M021,A,2026-01-02 06:15:00,2026-01-02 06:46:00,31,Planned,Preventive Maintenance
DT00000031,WO00000045,P02,P02_L03,M021,C,2026-01-02 22:35:00,2026-01-02 22:45:00,10,Unplanned,Utility Interruption
DT00000032,WO00000047,P03,P03_L01,M025,B,2026-01-02 14:27:00,2026-01-02 15:00:00,33,Planned,Planned Inspection
DT00000033,WO00000050,P03,P03_L02,M031,B,2026-01-02 14:10:00,2026-01-02 15:30:00,80,Planned,Cleaning/Sanitation
DT00000034,WO00000051,P03,P03_L02,M032,C,2026-01-02 22:47:00,2026-01-02 23:08:00,21,Planned,Preventive Maintenance
DT00000035,WO00000052,P03,P03_L03,M035,A,2026-01-02 06:23:00,2026-01-02 06:41:00,18,Planned,Changeover
DT00000036,WO00000053,P03,P03_L03,M033,B,2026-01-02 14:18:00,2026-01-02 15:11:00,53,Planned,Cleaning/Sanitation
DT00000037,WO00000054,P03,P03_L03,M034,C,2026-01-02 22:26:00,2026-01-02 23:04:00,38,Planned,Planned Inspection
DT00000038,WO00000054,P03,P03_L03,M033,C,2026-01-02 23:09:00,2026-01-02 23:21:00,12,Unplanned,Quality Hold
DT00000039,WO00000057,P01,P01_L02,M008,A,2026-01-03 06:44:00,2026-01-03 07:46:00,62,Planned,Planned Inspection
DT00000040,WO00000059,P01,P01_L03,M010,B,2026-01-03 14:42:00,2026-01-03 15:05:00,23,Unplanned,Quality Hold
DT00000041,WO00000062,P02,P02_L02,M017,C,2026-01-03 22:48:00,2026-01-03 22:59:00,11,Unplanned,Mechanical Failure
DT00000042,WO00000064,P03,P03_L01,M027,C,2026-01-03 22:22:00,2026-01-03 22:47:00,25,Planned,Preventive Maintenance
DT00000043,WO00000066,P03,P03_L02,M031,C,2026-01-03 22:38:00,2026-01-03 22:44:00,6,Unplanned,Mechanical Failure
DT00000044,WO00000067,P03,P03_L03,M036,B,2026-01-03 14:21:00,2026-01-03 14:33:00,12,Planned,Changeover
DT00000045,WO00000068,P03,P03_L03,M035,C,2026-01-03 22:35:00,2026-01-03 22:41:00,6,Unplanned,Quality Hold
DT00000046,WO00000069,P01,P01_L01,M002,A,2026-01-04 06:45:00,2026-01-04 07:49:00,64,Planned,Preventive Maintenance
DT00000047,WO00000069,P01,P01_L01,M004,A,2026-01-04 07:54:00,2026-01-04 08:05:00,11,Unplanned,Sensor/Controls Fault
DT00000048,WO00000071,P01,P01_L02,M008,B,2026-01-04 14:31:00,2026-01-04 15:09:00,38,Planned,Changeover
DT00000049,WO00000073,P01,P01_L03,M010,B,2026-01-04 14:37:00,2026-01-04 15:06:00,29,Planned,Preventive Maintenance
DT00000050,WO00000075,P02,P02_L01,M015,B,2026-01-04 14:33:00,2026-01-04 14:53:00,20,Planned,Planned Inspection
DT00000051,WO00000076,P02,P02_L01,M013,C,2026-01-04 22:19:00,2026-01-04 22:37:00,18,Unplanned,Quality Hold
DT00000052,WO00000076,P02,P02_L01,M014,C,2026-01-04 22:40:00,2026-01-04 23:21:00,41,Unplanned,Electrical Fault
DT00000053,WO00000081,P03,P03_L01,M028,A,2026-01-04 06:42:00,2026-01-04 07:26:00,44,Planned,Preventive Maintenance
DT00000054,WO00000083,P03,P03_L01,M027,C,2026-01-04 22:31:00,2026-01-04 23:01:00,30,Planned,Preventive Maintenance
DT00000055,WO00000084,P03,P03_L02,M029,A,2026-01-04 06:13:00,2026-01-04 06:49:00,36,Planned,Changeover
DT00000056,WO00000087,P01,P01_L01,M003,B,2026-01-05 14:21:00,2026-01-05 14:46:00,25,Unplanned,Mechanical Failure
DT00000057,WO00000089,P01,P01_L02,M007,A,2026-01-05 06:18:00,2026-01-05 07:02:00,44,Planned,Preventive Maintenance
DT00000058,WO00000089,P01,P01_L02,M005,A,2026-01-05 07:07:00,2026-01-05 07:32:00,25,Unplanned,Utility Interruption
DT00000059,WO00000090,P01,P01_L02,M005,B,2026-01-05 14:47:00,2026-01-05 15:29:00,42,Planned,Changeover
DT00000060,WO00000091,P01,P01_L02,M006,C,2026-01-05 22:42:00,2026-01-05 23:40:00,58,Unplanned,Mechanical Failure
DT00000061,WO00000092,P01,P01_L03,M010,A,2026-01-05 06:32:00,2026-01-05 07:09:00,37,Planned,Changeover
DT00000062,WO00000092,P01,P01_L03,M009,A,2026-01-05 07:14:00,2026-01-05 09:39:00,145,Unplanned,Electrical Fault
DT00000063,WO00000093,P01,P01_L03,M009,B,2026-01-05 14:35:00,2026-01-05 15:04:00,29,Planned,Cleaning/Sanitation
DT00000064,WO00000095,P02,P02_L01,M014,A,2026-01-05 06:38:00,2026-01-05 07:54:00,76,Planned,Preventive Maintenance
DT00000065,WO00000096,P02,P02_L01,M016,B,2026-01-05 14:15:00,2026-01-05 14:39:00,24,Planned,Cleaning/Sanitation
DT00000066,WO00000096,P02,P02_L01,M016,B,2026-01-05 14:44:00,2026-01-05 15:06:00,22,Unplanned,Mechanical Failure
DT00000067,WO00000099,P02,P02_L02,M019,B,2026-01-05 14:16:00,2026-01-05 14:58:00,42,Unplanned,Mechanical Failure
DT00000068,WO00000100,P02,P02_L02,M018,C,2026-01-05 22:19:00,2026-01-05 22:48:00,29,Planned,Preventive Maintenance
DT00000069,WO00000101,P02,P02_L03,M022,A,2026-01-05 06:26:00,2026-01-05 07:03:00,37,Planned,Cleaning/Sanitation
DT00000070,WO00000101,P02,P02_L03,M023,A,2026-01-05 07:08:00,2026-01-05 07:24:00,16,Unplanned,Mechanical Failure
DT00000071,WO00000104,P03,P03_L01,M025,A,2026-01-05 06:45:00,2026-01-05 07:22:00,37,Planned,Changeover
DT00000072,WO00000106,P03,P03_L01,M026,C,2026-01-05 22:44:00,2026-01-05 23:05:00,21,Planned,Preventive Maintenance
DT00000073,WO00000107,P03,P03_L02,M029,A,2026-01-05 06:24:00,2026-01-05 06:40:00,16,Planned,Changeover
DT00000074,WO00000107,P03,P03_L02,M030,A,2026-01-05 06:45:00,2026-01-05 07:22:00,37,Unplanned,Operator Adjustment
DT00000075,WO00000108,P03,P03_L02,M032,B,2026-01-05 14:26:00,2026-01-05 14:49:00,23,Planned,Preventive Maintenance
DT00000076,WO00000109,P03,P03_L02,M030,C,2026-01-05 22:23:00,2026-01-05 22:50:00,27,Planned,Cleaning/Sanitation
DT00000077,WO00000110,P03,P03_L03,M034,A,2026-01-05 06:23:00,2026-01-05 06:53:00,30,Planned,Changeover
DT00000078,WO00000111,P03,P03_L03,M035,B,2026-01-05 14:26:00,2026-01-05 14:54:00,28,Planned,Changeover
DT00000079,WO00000112,P03,P03_L03,M035,C,2026-01-05 22:27:00,2026-01-05 22:34:00,7,Unplanned,Quality Hold
DT00000080,WO00000116,P01,P01_L02,M007,A,2026-01-06 06:33:00,2026-01-06 07:15:00,42,Planned,Changeover
DT00000081,WO00000117,P01,P01_L02,M008,B,2026-01-06 14:23:00,2026-01-06 14:46:00,23,Planned,Planned Inspection
DT00000082,WO00000118,P01,P01_L02,M008,C,2026-01-06 22:11:00,2026-01-06 22:15:00,4,Unplanned,Mechanical Failure
DT00000083,WO00000120,P01,P01_L03,M011,B,2026-01-06 14:20:00,2026-01-06 15:14:00,54,Planned,Changeover
DT00000084,WO00000121,P01,P01_L03,M012,C,2026-01-06 22:37:00,2026-01-06 23:10:00,33,Unplanned,Utility Interruption
DT00000085,WO00000121,P01,P01_L03,M011,C,2026-01-06 23:13:00,2026-01-06 23:35:00,22,Unplanned,Mechanical Failure
DT00000086,WO00000123,P02,P02_L01,M015,B,2026-01-06 14:10:00,2026-01-06 14:40:00,30,Planned,Preventive Maintenance
DT00000087,WO00000124,P02,P02_L01,M014,C,2026-01-06 22:47:00,2026-01-06 23:06:00,19,Planned,Preventive Maintenance
DT00000088,WO00000126,P02,P02_L02,M019,B,2026-01-06 14:27:00,2026-01-06 14:35:00,8,Unplanned,Quality Hold
DT00000089,WO00000127,P02,P02_L02,M019,C,2026-01-06 22:11:00,2026-01-06 22:32:00,21,Planned,Preventive Maintenance
DT00000090,WO00000130,P02,P02_L03,M023,C,2026-01-06 22:10:00,2026-01-06 22:35:00,25,Planned,Cleaning/Sanitation
DT00000091,WO00000131,P03,P03_L01,M025,A,2026-01-06 06:13:00,2026-01-06 06:49:00,36,Planned,Planned Inspection
DT00000092,WO00000132,P03,P03_L01,M028,B,2026-01-06 14:29:00,2026-01-06 14:57:00,28,Unplanned,Material Starvation
DT00000093,WO00000133,P03,P03_L01,M027,C,2026-01-06 22:27:00,2026-01-06 22:34:00,7,Unplanned,Mechanical Failure
DT00000094,WO00000135,P03,P03_L02,M029,B,2026-01-06 14:49:00,2026-01-06 15:41:00,52,Planned,Changeover
DT00000095,WO00000136,P03,P03_L02,M030,C,2026-01-06 22:12:00,2026-01-06 22:59:00,47,Unplanned,Electrical Fault
DT00000096,WO00000136,P03,P03_L02,M031,C,2026-01-06 23:02:00,2026-01-06 23:06:00,4,Unplanned,Material Starvation
DT00000097,WO00000137,P03,P03_L03,M034,A,2026-01-06 06:22:00,2026-01-06 06:40:00,18,Planned,Changeover
DT00000098,WO00000137,P03,P03_L03,M034,A,2026-01-06 06:45:00,2026-01-06 07:12:00,27,Unplanned,Material Starvation
DT00000099,WO00000138,P03,P03_L03,M035,B,2026-01-06 14:32:00,2026-01-06 14:58:00,26,Planned,Planned Inspection
DT00000100,WO00000138,P03,P03_L03,M033,B,2026-01-06 15:03:00,2026-01-06 16:03:00,60,Unplanned,Mechanical Failure
DT00000101,WO00000139,P03,P03_L03,M035,C,2026-01-06 22:46:00,2026-01-06 23:12:00,26,Planned,Cleaning/Sanitation
DT00000102,WO00000139,P03,P03_L03,M036,C,2026-01-06 23:17:00,2026-01-07 00:19:00,62,Unplanned,Material Starvation
DT00000103,WO00000141,P01,P01_L01,M001,B,2026-01-07 14:49:00,2026-01-07 15:22:00,33,Planned,Changeover
DT00000104,WO00000142,P01,P01_L01,M003,C,2026-01-07 22:49:00,2026-01-07 23:17:00,28,Planned,Preventive Maintenance
DT00000105,WO00000142,P01,P01_L01,M003,C,2026-01-07 23:22:00,2026-01-07 23:38:00,16,Unplanned,Sensor/Controls Fault
DT00000106,WO00000146,P01,P01_L03,M012,A,2026-01-07 06:49:00,2026-01-07 07:25:00,36,Planned,Changeover
DT00000107,WO00000149,P02,P02_L01,M014,A,2026-01-07 06:47:00,2026-01-07 07:20:00,33,Unplanned,Mechanical Failure
DT00000108,WO00000150,P02,P02_L01,M016,B,2026-01-07 14:23:00,2026-01-07 15:04:00,41,Planned,Preventive Maintenance
DT00000109,WO00000152,P02,P02_L02,M018,A,2026-01-07 06:11:00,2026-01-07 06:59:00,48,Planned,Cleaning/Sanitation
DT00000110,WO00000154,P02,P02_L02,M017,C,2026-01-07 22:15:00,2026-01-07 22:42:00,27,Planned,Changeover
DT00000111,WO00000157,P02,P02_L03,M021,C,2026-01-07 22:33:00,2026-01-07 23:13:00,40,Planned,Preventive Maintenance
DT00000112,WO00000157,P02,P02_L03,M021,C,2026-01-07 23:18:00,2026-01-07 23:38:00,20,Unplanned,Mechanical Failure
DT00000113,WO00000158,P03,P03_L01,M027,A,2026-01-07 06:48:00,2026-01-07 07:39:00,51,Unplanned,Material Starvation
DT00000114,WO00000158,P03,P03_L01,M027,A,2026-01-07 07:42:00,2026-01-07 08:01:00,19,Unplanned,Sensor/Controls Fault
DT00000115,WO00000158,P03,P03_L01,M027,A,2026-01-07 08:04:00,2026-01-07 09:06:00,62,Unplanned,Quality Hold
DT00000116,WO00000159,P03,P03_L01,M025,B,2026-01-07 14:24:00,2026-01-07 15:13:00,49,Planned,Changeover
DT00000117,WO00000161,P03,P03_L02,M030,A,2026-01-07 06:42:00,2026-01-07 06:58:00,16,Planned,Planned Inspection
DT00000118,WO00000162,P03,P03_L02,M031,B,2026-01-07 14:15:00,2026-01-07 14:41:00,26,Planned,Preventive Maintenance
DT00000119,WO00000164,P03,P03_L03,M033,A,2026-01-07 06:16:00,2026-01-07 07:29:00,73,Unplanned,Electrical Fault
DT00000120,WO00000164,P03,P03_L03,M033,A,2026-01-07 07:32:00,2026-01-07 08:10:00,38,Unplanned,Quality Hold
DT00000121,WO00000166,P03,P03_L03,M034,C,2026-01-07 22:41:00,2026-01-07 23:04:00,23,Planned,Changeover
DT00000122,WO00000167,P01,P01_L01,M002,A,2026-01-08 06:25:00,2026-01-08 06:58:00,33,Planned,Changeover
DT00000123,WO00000167,P01,P01_L01,M002,A,2026-01-08 07:03:00,2026-01-08 07:30:00,27,Unplanned,Material Starvation
DT00000124,WO00000168,P01,P01_L01,M001,B,2026-01-08 14:13:00,2026-01-08 14:41:00,28,Planned,Changeover
DT00000125,WO00000170,P01,P01_L02,M007,A,2026-01-08 06:20:00,2026-01-08 07:03:00,43,Unplanned,Electrical Fault
DT00000126,WO00000172,P01,P01_L02,M008,C,2026-01-08 22:28:00,2026-01-08 22:49:00,21,Planned,Preventive Maintenance
DT00000127,WO00000176,P02,P02_L01,M013,A,2026-01-08 06:22:00,2026-01-08 06:46:00,24,Planned,Changeover
DT00000128,WO00000177,P02,P02_L01,M013,B,2026-01-08 14:35:00,2026-01-08 14:57:00,22,Planned,Changeover
DT00000129,WO00000181,P02,P02_L02,M017,C,2026-01-08 22:21:00,2026-01-08 22:41:00,20,Planned,Changeover
DT00000130,WO00000182,P02,P02_L03,M022,A,2026-01-08 06:23:00,2026-01-08 07:34:00,71,Planned,Preventive Maintenance
DT00000131,WO00000183,P02,P02_L03,M023,B,2026-01-08 14:34:00,2026-01-08 14:55:00,21,Planned,Changeover
DT00000132,WO00000186,P03,P03_L01,M027,B,2026-01-08 14:20:00,2026-01-08 14:59:00,39,Planned,Changeover
DT00000133,WO00000186,P03,P03_L01,M026,B,2026-01-08 15:04:00,2026-01-08 15:54:00,50,Unplanned,Mechanical Failure
DT00000134,WO00000186,P03,P03_L01,M027,B,2026-01-08 15:57:00,2026-01-08 16:14:00,17,Unplanned,Sensor/Controls Fault
DT00000135,WO00000186,P03,P03_L01,M027,B,2026-01-08 16:17:00,2026-01-08 16:48:00,31,Unplanned,Material Starvation
DT00000136,WO00000188,P03,P03_L02,M031,A,2026-01-08 06:21:00,2026-01-08 07:11:00,50,Planned,Preventive Maintenance
DT00000137,WO00000190,P03,P03_L02,M032,C,2026-01-08 22:35:00,2026-01-08 22:53:00,18,Planned,Preventive Maintenance
DT00000138,WO00000192,P03,P03_L03,M036,B,2026-01-08 14:25:00,2026-01-08 14:54:00,29,Planned,Changeover
DT00000139,WO00000192,P03,P03_L03,M035,B,2026-01-08 14:59:00,2026-01-08 15:30:00,31,Unplanned,Sensor/Controls Fault
DT00000140,WO00000193,P03,P03_L03,M033,C,2026-01-08 22:18:00,2026-01-08 22:31:00,13,Unplanned,Material Starvation
DT00000141,WO00000194,P01,P01_L01,M003,A,2026-01-09 06:29:00,2026-01-09 06:55:00,26,Planned,Changeover
DT00000142,WO00000194,P01,P01_L01,M003,A,2026-01-09 07:00:00,2026-01-09 07:20:00,20,Unplanned,Mechanical Failure
DT00000143,WO00000195,P01,P01_L01,M002,B,2026-01-09 14:49:00,2026-01-09 15:04:00,15,Unplanned,Material Starvation
DT00000144,WO00000197,P01,P01_L02,M005,A,2026-01-09 06:28:00,2026-01-09 06:53:00,25,Unplanned,Electrical Fault
DT00000145,WO00000198,P01,P01_L02,M008,B,2026-01-09 14:49:00,2026-01-09 15:25:00,36,Planned,Changeover
DT00000146,WO00000199,P01,P01_L02,M005,C,2026-01-09 22:43:00,2026-01-09 23:07:00,24,Planned,Preventive Maintenance
DT00000147,WO00000200,P01,P01_L03,M009,A,2026-01-09 06:28:00,2026-01-09 06:53:00,25,Planned,Preventive Maintenance
DT00000148,WO00000200,P01,P01_L03,M011,A,2026-01-09 06:58:00,2026-01-09 07:20:00,22,Unplanned,Mechanical Failure
DT00000149,WO00000200,P01,P01_L03,M012,A,2026-01-09 07:23:00,2026-01-09 08:11:00,48,Unplanned,Electrical Fault
DT00000150,WO00000200,P01,P01_L03,M010,A,2026-01-09 08:14:00,2026-01-09 08:19:00,5,Unplanned,Quality Hold
DT00000151,WO00000205,P02,P02_L01,M016,C,2026-01-09 22:40:00,2026-01-09 23:38:00,58,Planned,Changeover
DT00000152,WO00000205,P02,P02_L01,M015,C,2026-01-09 23:43:00,2026-01-10 00:47:00,64,Unplanned,Mechanical Failure
DT00000153,WO00000206,P02,P02_L02,M017,A,2026-01-09 06:11:00,2026-01-09 06:37:00,26,Planned,Changeover
DT00000154,WO00000206,P02,P02_L02,M019,A,2026-01-09 06:42:00,2026-01-09 06:50:00,8,Unplanned,Quality Hold
DT00000155,WO00000207,P02,P02_L02,M017,B,2026-01-09 14:20:00,2026-01-09 15:02:00,42,Planned,Preventive Maintenance
DT00000156,WO00000208,P02,P02_L02,M018,C,2026-01-09 22:11:00,2026-01-09 22:53:00,42,Planned,Preventive Maintenance
DT00000157,WO00000209,P02,P02_L03,M021,A,2026-01-09 06:18:00,2026-01-09 07:33:00,75,Planned,Changeover
DT00000158,WO00000209,P02,P02_L03,M023,A,2026-01-09 07:38:00,2026-01-09 08:17:00,39,Unplanned,Operator Adjustment
DT00000159,WO00000212,P03,P03_L01,M025,A,2026-01-09 06:48:00,2026-01-09 07:37:00,49,Unplanned,Quality Hold
DT00000160,WO00000213,P03,P03_L01,M026,B,2026-01-09 14:25:00,2026-01-09 14:45:00,20,Planned,Preventive Maintenance
DT00000161,WO00000216,P03,P03_L02,M030,B,2026-01-09 14:23:00,2026-01-09 14:43:00,20,Planned,Changeover
DT00000162,WO00000217,P03,P03_L02,M032,C,2026-01-09 22:38:00,2026-01-09 22:57:00,19,Unplanned,Operator Adjustment
DT00000163,WO00000218,P03,P03_L03,M035,A,2026-01-09 06:33:00,2026-01-09 06:53:00,20,Planned,Preventive Maintenance
DT00000164,WO00000219,P03,P03_L03,M034,B,2026-01-09 14:48:00,2026-01-09 15:21:00,33,Planned,Changeover
DT00000165,WO00000220,P03,P03_L03,M035,C,2026-01-09 22:35:00,2026-01-09 23:07:00,32,Planned,Preventive Maintenance
DT00000166,WO00000220,P03,P03_L03,M033,C,2026-01-09 23:12:00,2026-01-09 23:32:00,20,Unplanned,Mechanical Failure
DT00000167,WO00000220,P03,P03_L03,M034,C,2026-01-09 23:35:00,2026-01-10 00:09:00,34,Unplanned,Mechanical Failure
DT00000168,WO00000221,P01,P01_L01,M003,C,2026-01-10 22:24:00,2026-01-10 23:14:00,50,Planned,Changeover
DT00000169,WO00000221,P01,P01_L01,M001,C,2026-01-10 23:19:00,2026-01-10 23:25:00,6,Unplanned,Quality Hold
DT00000170,WO00000222,P01,P01_L02,M008,C,2026-01-10 22:42:00,2026-01-10 23:02:00,20,Planned,Preventive Maintenance
DT00000171,WO00000222,P01,P01_L02,M006,C,2026-01-10 23:07:00,2026-01-10 23:11:00,4,Unplanned,Utility Interruption
DT00000172,WO00000223,P01,P01_L03,M011,B,2026-01-10 14:39:00,2026-01-10 15:11:00,32,Planned,Cleaning/Sanitation
DT00000173,WO00000226,P02,P02_L02,M017,B,2026-01-10 14:36:00,2026-01-10 15:34:00,58,Planned,Changeover
DT00000174,WO00000226,P02,P02_L02,M020,B,2026-01-10 15:39:00,2026-01-10 15:53:00,14,Unplanned,Sensor/Controls Fault
DT00000175,WO00000228,P02,P02_L03,M022,C,2026-01-10 22:21:00,2026-01-10 22:33:00,12,Planned,Changeover
DT00000176,WO00000228,P02,P02_L03,M022,C,2026-01-10 22:38:00,2026-01-10 22:52:00,14,Unplanned,Mechanical Failure
DT00000177,WO00000229,P03,P03_L01,M027,B,2026-01-10 14:40:00,2026-01-10 15:00:00,20,Planned,Changeover
DT00000178,WO00000230,P03,P03_L01,M026,C,2026-01-10 22:34:00,2026-01-10 22:56:00,22,Planned,Cleaning/Sanitation
DT00000179,WO00000231,P03,P03_L02,M030,A,2026-01-10 06:30:00,2026-01-10 06:47:00,17,Planned,Changeover
DT00000180,WO00000233,P03,P03_L02,M031,C,2026-01-10 22:39:00,2026-01-10 23:14:00,35,Planned,Preventive Maintenance
DT00000181,WO00000235,P03,P03_L03,M035,B,2026-01-10 14:22:00,2026-01-10 14:48:00,26,Planned,Preventive Maintenance
DT00000182,WO00000235,P03,P03_L03,M035,B,2026-01-10 14:53:00,2026-01-10 15:24:00,31,Unplanned,Operator Adjustment
DT00000183,WO00000236,P01,P01_L01,M003,A,2026-01-11 06:16:00,2026-01-11 06:38:00,22,Planned,Preventive Maintenance
DT00000184,WO00000237,P01,P01_L01,M001,C,2026-01-11 22:30:00,2026-01-11 23:35:00,65,Planned,Cleaning/Sanitation
DT00000185,WO00000238,P01,P01_L02,M008,A,2026-01-11 06:23:00,2026-01-11 06:35:00,12,Unplanned,Utility Interruption
DT00000186,WO00000238,P01,P01_L02,M006,A,2026-01-11 06:38:00,2026-01-11 06:44:00,6,Unplanned,Utility Interruption
DT00000187,WO00000240,P01,P01_L02,M006,C,2026-01-11 22:23:00,2026-01-11 22:48:00,25,Planned,Preventive Maintenance
DT00000188,WO00000241,P01,P01_L03,M009,A,2026-01-11 06:23:00,2026-01-11 06:29:00,6,Unplanned,Electrical Fault
DT00000189,WO00000242,P01,P01_L03,M011,C,2026-01-11 22:44:00,2026-01-11 23:19:00,35,Planned,Cleaning/Sanitation
DT00000190,WO00000244,P02,P02_L01,M016,C,2026-01-11 22:23:00,2026-01-11 22:50:00,27,Planned,Preventive Maintenance
DT00000191,WO00000244,P02,P02_L01,M014,C,2026-01-11 22:55:00,2026-01-11 23:04:00,9,Unplanned,Mechanical Failure
DT00000192,WO00000245,P02,P02_L02,M017,A,2026-01-11 06:15:00,2026-01-11 06:56:00,41,Unplanned,Material Starvation
DT00000193,WO00000247,P02,P02_L03,M021,B,2026-01-11 14:20:00,2026-01-11 14:44:00,24,Planned,Preventive Maintenance
DT00000194,WO00000251,P03,P03_L02,M029,C,2026-01-11 22:45:00,2026-01-11 23:06:00,21,Planned,Changeover
DT00000195,WO00000252,P03,P03_L03,M036,A,2026-01-11 06:19:00,2026-01-11 06:34:00,15,Unplanned,Utility Interruption
DT00000196,WO00000252,P03,P03_L03,M035,A,2026-01-11 06:37:00,2026-01-11 07:12:00,35,Unplanned,Quality Hold
DT00000197,WO00000253,P01,P01_L01,M003,A,2026-01-12 06:22:00,2026-01-12 07:08:00,46,Unplanned,Sensor/Controls Fault
DT00000198,WO00000254,P01,P01_L01,M002,B,2026-01-12 14:37:00,2026-01-12 16:00:00,83,Unplanned,Material Starvation
DT00000199,WO00000255,P01,P01_L01,M003,C,2026-01-12 22:39:00,2026-01-12 23:06:00,27,Planned,Changeover
DT00000200,WO00000255,P01,P01_L01,M001,C,2026-01-12 23:11:00,2026-01-12 23:33:00,22,Unplanned,Mechanical Failure
DT00000201,WO00000256,P01,P01_L02,M006,A,2026-01-12 06:31:00,2026-01-12 07:43:00,72,Unplanned,Sensor/Controls Fault
DT00000202,WO00000258,P01,P01_L02,M005,C,2026-01-12 22:19:00,2026-01-12 23:10:00,51,Planned,Changeover
DT00000203,WO00000262,P02,P02_L01,M013,A,2026-01-12 06:39:00,2026-01-12 07:05:00,26,Planned,Changeover
DT00000204,WO00000262,P02,P02_L01,M013,A,2026-01-12 07:10:00,2026-01-12 07:45:00,35,Unplanned,Mechanical Failure
DT00000205,WO00000262,P02,P02_L01,M016,A,2026-01-12 07:48:00,2026-01-12 08:18:00,30,Unplanned,Sensor/Controls Fault
DT00000206,WO00000265,P02,P02_L02,M019,A,2026-01-12 06:17:00,2026-01-12 07:04:00,47,Planned,Changeover
DT00000207,WO00000267,P02,P02_L02,M017,C,2026-01-12 22:28:00,2026-01-12 23:47:00,79,Planned,Planned Inspection
DT00000208,WO00000268,P02,P02_L03,M022,A,2026-01-12 06:22:00,2026-01-12 06:42:00,20,Planned,Preventive Maintenance
DT00000209,WO00000270,P02,P02_L03,M021,C,2026-01-12 22:49:00,2026-01-12 23:30:00,41,Unplanned,Operator Adjustment
DT00000210,WO00000272,P03,P03_L01,M026,B,2026-01-12 14:15:00,2026-01-12 14:52:00,37,Planned,Cleaning/Sanitation
DT00000211,WO00000275,P03,P03_L02,M030,B,2026-01-12 14:43:00,2026-01-12 15:35:00,52,Planned,Preventive Maintenance
DT00000212,WO00000275,P03,P03_L02,M031,B,2026-01-12 15:40:00,2026-01-12 15:47:00,7,Unplanned,Sensor/Controls Fault
DT00000213,WO00000276,P03,P03_L02,M029,C,2026-01-12 22:44:00,2026-01-12 23:07:00,23,Planned,Preventive Maintenance
DT00000214,WO00000277,P03,P03_L03,M035,A,2026-01-12 06:10:00,2026-01-12 06:48:00,38,Planned,Preventive Maintenance
DT00000215,WO00000278,P03,P03_L03,M033,B,2026-01-12 14:40:00,2026-01-12 14:56:00,16,Planned,Preventive Maintenance
DT00000216,WO00000279,P03,P03_L03,M033,C,2026-01-12 22:16:00,2026-01-12 23:16:00,60,Unplanned,Material Starvation
DT00000217,WO00000281,P01,P01_L01,M002,B,2026-01-13 14:11:00,2026-01-13 14:33:00,22,Planned,Preventive Maintenance
DT00000218,WO00000283,P01,P01_L02,M007,A,2026-01-13 06:39:00,2026-01-13 06:56:00,17,Planned,Preventive Maintenance
DT00000219,WO00000284,P01,P01_L02,M008,B,2026-01-13 14:17:00,2026-01-13 14:47:00,30,Planned,Cleaning/Sanitation
DT00000220,WO00000285,P01,P01_L02,M005,C,2026-01-13 22:16:00,2026-01-13 22:38:00,22,Planned,Changeover
DT00000221,WO00000287,P01,P01_L03,M010,B,2026-01-13 14:23:00,2026-01-13 15:00:00,37,Planned,Cleaning/Sanitation
DT00000222,WO00000287,P01,P01_L03,M012,B,2026-01-13 15:05:00,2026-01-13 15:22:00,17,Unplanned,Mechanical Failure
DT00000223,WO00000287,P01,P01_L03,M011,B,2026-01-13 15:25:00,2026-01-13 15:56:00,31,Unplanned,Mechanical Failure
DT00000224,WO00000288,P01,P01_L03,M012,C,2026-01-13 22:24:00,2026-01-13 22:58:00,34,Planned,Changeover
DT00000225,WO00000289,P02,P02_L01,M016,A,2026-01-13 06:39:00,2026-01-13 06:58:00,19,Planned,Planned Inspection
DT00000226,WO00000290,P02,P02_L01,M016,B,2026-01-13 14:46:00,2026-01-13 15:29:00,43,Planned,Cleaning/Sanitation
DT00000227,WO00000290,P02,P02_L01,M013,B,2026-01-13 15:34:00,2026-01-13 15:55:00,21,Unplanned,Quality Hold
DT00000228,WO00000291,P02,P02_L01,M015,C,2026-01-13 22:15:00,2026-01-13 22:42:00,27,Unplanned,Material Starvation
DT00000229,WO00000292,P02,P02_L02,M019,A,2026-01-13 06:37:00,2026-01-13 07:02:00,25,Planned,Changeover
DT00000230,WO00000293,P02,P02_L02,M018,B,2026-01-13 14:12:00,2026-01-13 14:41:00,29,Planned,Changeover
DT00000231,WO00000297,P02,P02_L03,M022,C,2026-01-13 22:45:00,2026-01-13 22:58:00,13,Unplanned,Quality Hold
DT00000232,WO00000298,P03,P03_L01,M026,A,2026-01-13 06:14:00,2026-01-13 07:22:00,68,Planned,Changeover
DT00000233,WO00000299,P03,P03_L01,M028,B,2026-01-13 14:42:00,2026-01-13 15:17:00,35,Planned,Preventive Maintenance
DT00000234,WO00000301,P03,P03_L02,M030,A,2026-01-13 06:30:00,2026-01-13 07:37:00,67,Planned,Changeover
DT00000235,WO00000302,P03,P03_L02,M031,B,2026-01-13 14:15:00,2026-01-13 14:43:00,28,Planned,Changeover
DT00000236,WO00000305,P03,P03_L03,M036,B,2026-01-13 14:24:00,2026-01-13 14:50:00,26,Planned,Changeover
DT00000237,WO00000306,P03,P03_L03,M036,C,2026-01-13 22:41:00,2026-01-13 23:03:00,22,Planned,Changeover
DT00000238,WO00000308,P01,P01_L01,M002,B,2026-01-14 14:29:00,2026-01-14 15:41:00,72,Unplanned,Electrical Fault
DT00000239,WO00000309,P01,P01_L01,M002,C,2026-01-14 22:10:00,2026-01-14 22:28:00,18,Planned,Preventive Maintenance
DT00000240,WO00000311,P01,P01_L02,M005,B,2026-01-14 14:45:00,2026-01-14 15:09:00,24,Planned,Cleaning/Sanitation
DT00000241,WO00000311,P01,P01_L02,M007,B,2026-01-14 15:14:00,2026-01-14 15:21:00,7,Unplanned,Electrical Fault
DT00000242,WO00000316,P02,P02_L01,M016,A,2026-01-14 06:45:00,2026-01-14 07:24:00,39,Unplanned,Quality Hold
DT00000243,WO00000316,P02,P02_L01,M015,A,2026-01-14 07:27:00,2026-01-14 07:44:00,17,Unplanned,Quality Hold
DT00000244,WO00000317,P02,P02_L01,M014,B,2026-01-14 14:14:00,2026-01-14 14:31:00,17,Unplanned,Utility Interruption
DT00000245,WO00000318,P02,P02_L01,M013,C,2026-01-14 22:39:00,2026-01-14 23:14:00,35,Planned,Planned Inspection
DT00000246,WO00000319,P02,P02_L02,M017,A,2026-01-14 06:25:00,2026-01-14 06:37:00,12,Unplanned,Material Starvation
DT00000247,WO00000320,P02,P02_L02,M018,B,2026-01-14 14:40:00,2026-01-14 15:23:00,43,Planned,Cleaning/Sanitation
DT00000248,WO00000322,P02,P02_L03,M022,A,2026-01-14 06:33:00,2026-01-14 06:44:00,11,Unplanned,Electrical Fault
DT00000249,WO00000325,P03,P03_L01,M025,A,2026-01-14 06:16:00,2026-01-14 07:45:00,89,Planned,Preventive Maintenance
DT00000250,WO00000326,P03,P03_L01,M028,B,2026-01-14 14:13:00,2026-01-14 14:32:00,19,Planned,Changeover
DT00000251,WO00000329,P03,P03_L02,M030,B,2026-01-14 14:46:00,2026-01-14 15:55:00,69,Planned,Changeover
DT00000252,WO00000332,P03,P03_L03,M035,B,2026-01-14 14:43:00,2026-01-14 15:06:00,23,Planned,Changeover
DT00000253,WO00000332,P03,P03_L03,M035,B,2026-01-14 15:11:00,2026-01-14 15:15:00,4,Unplanned,Mechanical Failure
DT00000254,WO00000334,P01,P01_L01,M001,A,2026-01-15 06:20:00,2026-01-15 06:39:00,19,Planned,Changeover
DT00000255,WO00000336,P01,P01_L01,M001,C,2026-01-15 22:26:00,2026-01-15 22:46:00,20,Planned,Preventive Maintenance
DT00000256,WO00000339,P01,P01_L02,M008,C,2026-01-15 22:30:00,2026-01-15 22:56:00,26,Planned,Preventive Maintenance
DT00000257,WO00000340,P01,P01_L03,M009,A,2026-01-15 06:46:00,2026-01-15 07:34:00,48,Planned,Changeover
DT00000258,WO00000341,P01,P01_L03,M011,B,2026-01-15 14:17:00,2026-01-15 14:53:00,36,Planned,Preventive Maintenance
DT00000259,WO00000342,P01,P01_L03,M010,C,2026-01-15 22:14:00,2026-01-15 22:28:00,14,Unplanned,Mechanical Failure
DT00000260,WO00000344,P02,P02_L01,M013,B,2026-01-15 14:28:00,2026-01-15 15:06:00,38,Planned,Preventive Maintenance
DT00000261,WO00000345,P02,P02_L01,M015,C,2026-01-15 22:12:00,2026-01-15 23:51:00,99,Planned,Planned Inspection
DT00000262,WO00000347,P02,P02_L02,M019,B,2026-01-15 14:31:00,2026-01-15 15:20:00,49,Planned,Preventive Maintenance
DT00000263,WO00000348,P02,P02_L02,M018,C,2026-01-15 22:28:00,2026-01-15 22:56:00,28,Planned,Changeover
DT00000264,WO00000349,P02,P02_L03,M024,A,2026-01-15 06:16:00,2026-01-15 06:49:00,33,Planned,Planned Inspection
DT00000265,WO00000351,P02,P02_L03,M022,C,2026-01-15 22:44:00,2026-01-15 22:58:00,14,Planned,Changeover
DT00000266,WO00000352,P03,P03_L01,M027,A,2026-01-15 06:44:00,2026-01-15 07:06:00,22,Planned,Cleaning/Sanitation
DT00000267,WO00000352,P03,P03_L01,M025,A,2026-01-15 07:11:00,2026-01-15 07:23:00,12,Unplanned,Sensor/Controls Fault
DT00000268,WO00000353,P03,P03_L01,M027,B,2026-01-15 14:13:00,2026-01-15 14:33:00,20,Planned,Planned Inspection
DT00000269,WO00000354,P03,P03_L01,M026,C,2026-01-15 22:20:00,2026-01-15 22:53:00,33,Planned,Cleaning/Sanitation
DT00000270,WO00000354,P03,P03_L01,M027,C,2026-01-15 22:58:00,2026-01-15 23:18:00,20,Unplanned,Electrical Fault
DT00000271,WO00000358,P03,P03_L03,M034,A,2026-01-15 06:25:00,2026-01-15 07:01:00,36,Planned,Preventive Maintenance
DT00000272,WO00000360,P03,P03_L03,M035,C,2026-01-15 22:45:00,2026-01-15 23:12:00,27,Planned,Changeover
DT00000273,WO00000360,P03,P03_L03,M036,C,2026-01-15 23:17:00,2026-01-16 00:00:00,43,Unplanned,Quality Hold
DT00000274,WO00000362,P01,P01_L01,M001,B,2026-01-16 14:48:00,2026-01-16 15:25:00,37,Planned,Changeover
DT00000275,WO00000362,P01,P01_L01,M003,B,2026-01-16 15:30:00,2026-01-16 15:50:00,20,Unplanned,Operator Adjustment
DT00000276,WO00000363,P01,P01_L01,M002,C,2026-01-16 22:20:00,2026-01-16 22:58:00,38,Unplanned,Mechanical Failure
DT00000277,WO00000364,P01,P01_L02,M006,A,2026-01-16 06:43:00,2026-01-16 07:16:00,33,Planned,Preventive Maintenance
DT00000278,WO00000366,P01,P01_L02,M006,C,2026-01-16 22:43:00,2026-01-16 22:50:00,7,Unplanned,Mechanical Failure
DT00000279,WO00000367,P01,P01_L03,M011,A,2026-01-16 06:24:00,2026-01-16 07:01:00,37,Unplanned,Utility Interruption
DT00000280,WO00000368,P01,P01_L03,M012,B,2026-01-16 14:20:00,2026-01-16 14:50:00,30,Planned,Preventive Maintenance
DT00000281,WO00000371,P02,P02_L01,M016,B,2026-01-16 14:10:00,2026-01-16 14:25:00,15,Unplanned,Operator Adjustment
DT00000282,WO00000372,P02,P02_L01,M014,C,2026-01-16 22:13:00,2026-01-16 22:45:00,32,Planned,Cleaning/Sanitation
DT00000283,WO00000372,P02,P02_L01,M016,C,2026-01-16 22:50:00,2026-01-16 23:08:00,18,Unplanned,Material Starvation
DT00000284,WO00000373,P02,P02_L02,M018,A,2026-01-16 06:43:00,2026-01-16 06:58:00,15,Planned,Preventive Maintenance
DT00000285,WO00000375,P02,P02_L02,M017,C,2026-01-16 22:26:00,2026-01-16 22:58:00,32,Unplanned,Electrical Fault
DT00000286,WO00000376,P02,P02_L03,M021,A,2026-01-16 06:20:00,2026-01-16 06:43:00,23,Planned,Changeover
DT00000287,WO00000377,P02,P02_L03,M023,B,2026-01-16 14:49:00,2026-01-16 15:09:00,20,Planned,Planned Inspection
DT00000288,WO00000377,P02,P02_L03,M022,B,2026-01-16 15:14:00,2026-01-16 15:30:00,16,Unplanned,Material Starvation
DT00000289,WO00000380,P03,P03_L01,M028,B,2026-01-16 14:38:00,2026-01-16 16:08:00,90,Unplanned,Mechanical Failure
DT00000290,WO00000380,P03,P03_L01,M028,B,2026-01-16 16:11:00,2026-01-16 17:00:00,49,Unplanned,Mechanical Failure
DT00000291,WO00000381,P03,P03_L01,M026,C,2026-01-16 22:46:00,2026-01-16 23:03:00,17,Unplanned,Mechanical Failure
DT00000292,WO00000383,P03,P03_L02,M030,B,2026-01-16 14:35:00,2026-01-16 15:34:00,59,Unplanned,Sensor/Controls Fault
DT00000293,WO00000384,P03,P03_L02,M030,C,2026-01-16 22:12:00,2026-01-16 23:02:00,50,Unplanned,Mechanical Failure
DT00000294,WO00000386,P03,P03_L03,M033,B,2026-01-16 14:48:00,2026-01-16 15:23:00,35,Unplanned,Operator Adjustment
DT00000295,WO00000387,P03,P03_L03,M033,C,2026-01-16 22:14:00,2026-01-16 22:40:00,26,Planned,Preventive Maintenance
DT00000296,WO00000388,P01,P01_L01,M004,B,2026-01-17 14:49:00,2026-01-17 15:26:00,37,Planned,Cleaning/Sanitation
DT00000297,WO00000388,P01,P01_L01,M001,B,2026-01-17 15:31:00,2026-01-17 15:40:00,9,Unplanned,Utility Interruption
DT00000298,WO00000389,P01,P01_L02,M006,A,2026-01-17 06:45:00,2026-01-17 07:38:00,53,Planned,Changeover
DT00000299,WO00000390,P01,P01_L02,M007,C,2026-01-17 22:18:00,2026-01-17 22:42:00,24,Planned,Planned Inspection
DT00000300,WO00000391,P01,P01_L03,M012,A,2026-01-17 06:37:00,2026-01-17 07:01:00,24,Planned,Preventive Maintenance
DT00000301,WO00000393,P02,P02_L01,M013,A,2026-01-17 06:30:00,2026-01-17 07:00:00,30,Unplanned,Electrical Fault
DT00000302,WO00000394,P02,P02_L01,M016,B,2026-01-17 14:35:00,2026-01-17 14:47:00,12,Planned,Changeover
DT00000303,WO00000395,P02,P02_L01,M016,C,2026-01-17 22:19:00,2026-01-17 23:05:00,46,Planned,Cleaning/Sanitation
DT00000304,WO00000396,P02,P02_L02,M019,A,2026-01-17 06:38:00,2026-01-17 06:55:00,17,Planned,Changeover
DT00000305,WO00000397,P02,P02_L02,M017,B,2026-01-17 14:21:00,2026-01-17 14:55:00,34,Planned,Preventive Maintenance
DT00000306,WO00000398,P02,P02_L02,M017,C,2026-01-17 22:38:00,2026-01-17 23:55:00,77,Planned,Changeover
DT00000307,WO00000398,P02,P02_L02,M019,C,2026-01-18 00:00:00,2026-01-18 00:57:00,57,Unplanned,Material Starvation
DT00000308,WO00000399,P02,P02_L03,M024,B,2026-01-17 14:35:00,2026-01-17 15:26:00,51,Planned,Cleaning/Sanitation
DT00000309,WO00000399,P02,P02_L03,M023,B,2026-01-17 15:31:00,2026-01-17 16:30:00,59,Unplanned,Quality Hold
DT00000310,WO00000399,P02,P02_L03,M021,B,2026-01-17 16:33:00,2026-01-17 16:54:00,21,Unplanned,Mechanical Failure
DT00000311,WO00000401,P03,P03_L01,M028,C,2026-01-17 22:40:00,2026-01-17 23:08:00,28,Unplanned,Mechanical Failure
DT00000312,WO00000402,P03,P03_L02,M029,A,2026-01-17 06:29:00,2026-01-17 07:18:00,49,Planned,Preventive Maintenance
DT00000313,WO00000405,P03,P03_L03,M035,B,2026-01-17 14:45:00,2026-01-17 15:54:00,69,Planned,Changeover
DT00000314,WO00000407,P01,P01_L01,M003,B,2026-01-18 14:42:00,2026-01-18 15:05:00,23,Planned,Planned Inspection
DT00000315,WO00000407,P01,P01_L01,M001,B,2026-01-18 15:10:00,2026-01-18 15:22:00,12,Unplanned,Utility Interruption
DT00000316,WO00000407,P01,P01_L01,M001,B,2026-01-18 15:25:00,2026-01-18 15:37:00,12,Unplanned,Mechanical Failure
DT00000317,WO00000408,P01,P01_L01,M003,C,2026-01-18 22:32:00,2026-01-18 23:24:00,52,Planned,Preventive Maintenance
DT00000318,WO00000410,P01,P01_L03,M011,A,2026-01-18 06:23:00,2026-01-18 06:36:00,13,Unplanned,Mechanical Failure
DT00000319,WO00000411,P01,P01_L03,M011,C,2026-01-18 22:40:00,2026-01-18 23:08:00,28,Planned,Planned Inspection
DT00000320,WO00000412,P02,P02_L01,M013,A,2026-01-18 06:36:00,2026-01-18 06:53:00,17,Unplanned,Quality Hold
DT00000321,WO00000413,P02,P02_L01,M015,B,2026-01-18 14:45:00,2026-01-18 15:06:00,21,Planned,Changeover
DT00000322,WO00000414,P02,P02_L01,M015,C,2026-01-18 22:44:00,2026-01-18 23:07:00,23,Unplanned,Operator Adjustment
DT00000323,WO00000418,P03,P03_L01,M026,A,2026-01-18 06:20:00,2026-01-18 06:44:00,24,Planned,Planned Inspection
DT00000324,WO00000420,P03,P03_L01,M027,C,2026-01-18 22:13:00,2026-01-18 23:22:00,69,Planned,Preventive Maintenance
DT00000325,WO00000421,P03,P03_L02,M031,A,2026-01-18 06:14:00,2026-01-18 07:07:00,53,Planned,Changeover
DT00000326,WO00000423,P03,P03_L03,M033,B,2026-01-18 14:44:00,2026-01-18 16:01:00,77,Planned,Planned Inspection
DT00000327,WO00000425,P01,P01_L01,M001,B,2026-01-19 14:41:00,2026-01-19 15:04:00,23,Planned,Cleaning/Sanitation
DT00000328,WO00000425,P01,P01_L01,M002,B,2026-01-19 15:09:00,2026-01-19 15:31:00,22,Unplanned,Quality Hold
DT00000329,WO00000426,P01,P01_L01,M001,C,2026-01-19 22:35:00,2026-01-19 23:01:00,26,Planned,Preventive Maintenance
DT00000330,WO00000427,P01,P01_L02,M005,A,2026-01-19 06:32:00,2026-01-19 07:17:00,45,Planned,Changeover
DT00000331,WO00000430,P01,P01_L03,M009,A,2026-01-19 06:41:00,2026-01-19 06:54:00,13,Planned,Cleaning/Sanitation
DT00000332,WO00000432,P01,P01_L03,M009,C,2026-01-19 22:36:00,2026-01-19 23:02:00,26,Planned,Planned Inspection
DT00000333,WO00000433,P02,P02_L01,M015,A,2026-01-19 06:15:00,2026-01-19 06:27:00,12,Planned,Changeover
DT00000334,WO00000434,P02,P02_L01,M014,B,2026-01-19 14:13:00,2026-01-19 14:40:00,27,Planned,Changeover
DT00000335,WO00000435,P02,P02_L01,M014,C,2026-01-19 22:47:00,2026-01-19 23:24:00,37,Planned,Changeover
DT00000336,WO00000435,P02,P02_L01,M016,C,2026-01-19 23:29:00,2026-01-19 23:50:00,21,Unplanned,Operator Adjustment
DT00000337,WO00000436,P02,P02_L02,M018,A,2026-01-19 06:19:00,2026-01-19 06:50:00,31,Planned,Changeover
DT00000338,WO00000440,P02,P02_L03,M024,B,2026-01-19 14:23:00,2026-01-19 14:46:00,23,Planned,Changeover
DT00000339,WO00000441,P02,P02_L03,M024,C,2026-01-19 22:25:00,2026-01-19 23:02:00,37,Unplanned,Material Starvation
DT00000340,WO00000442,P03,P03_L01,M025,A,2026-01-19 06:24:00,2026-01-19 06:44:00,20,Unplanned,Quality Hold
DT00000341,WO00000445,P03,P03_L02,M029,A,2026-01-19 06:11:00,2026-01-19 06:31:00,20,Unplanned,Electrical Fault
DT00000342,WO00000446,P03,P03_L02,M029,B,2026-01-19 14:10:00,2026-01-19 14:34:00,24,Planned,Planned Inspection
DT00000343,WO00000448,P03,P03_L03,M033,A,2026-01-19 06:19:00,2026-01-19 07:02:00,43,Planned,Preventive Maintenance
DT00000344,WO00000448,P03,P03_L03,M034,A,2026-01-19 07:07:00,2026-01-19 08:11:00,64,Unplanned,Quality Hold
DT00000345,WO00000449,P03,P03_L03,M034,B,2026-01-19 14:29:00,2026-01-19 15:21:00,52,Unplanned,Material Starvation
DT00000346,WO00000453,P01,P01_L01,M004,C,2026-01-20 22:22:00,2026-01-20 23:07:00,45,Planned,Preventive Maintenance
DT00000347,WO00000453,P01,P01_L01,M002,C,2026-01-20 23:12:00,2026-01-21 00:26:00,74,Unplanned,Quality Hold
DT00000348,WO00000454,P01,P01_L02,M007,A,2026-01-20 06:38:00,2026-01-20 07:15:00,37,Unplanned,Mechanical Failure
DT00000349,WO00000455,P01,P01_L02,M006,B,2026-01-20 14:48:00,2026-01-20 15:15:00,27,Planned,Preventive Maintenance
DT00000350,WO00000456,P01,P01_L02,M006,C,2026-01-20 22:29:00,2026-01-20 22:57:00,28,Planned,Cleaning/Sanitation
DT00000351,WO00000459,P01,P01_L03,M009,C,2026-01-20 22:28:00,2026-01-20 23:13:00,45,Planned,Preventive Maintenance
DT00000352,WO00000459,P01,P01_L03,M011,C,2026-01-20 23:18:00,2026-01-20 23:30:00,12,Unplanned,Mechanical Failure
DT00000353,WO00000460,P02,P02_L01,M013,A,2026-01-20 06:23:00,2026-01-20 06:36:00,13,Planned,Preventive Maintenance
DT00000354,WO00000461,P02,P02_L01,M016,B,2026-01-20 14:16:00,2026-01-20 14:45:00,29,Unplanned,Material Starvation
DT00000355,WO00000462,P02,P02_L01,M016,C,2026-01-20 22:35:00,2026-01-21 00:12:00,97,Planned,Changeover
DT00000356,WO00000462,P02,P02_L01,M014,C,2026-01-21 00:17:00,2026-01-21 00:23:00,6,Unplanned,Sensor/Controls Fault
DT00000357,WO00000463,P02,P02_L02,M020,A,2026-01-20 06:42:00,2026-01-20 07:00:00,18,Unplanned,Mechanical Failure
DT00000358,WO00000464,P02,P02_L02,M019,B,2026-01-20 14:36:00,2026-01-20 15:22:00,46,Planned,Changeover
DT00000359,WO00000466,P02,P02_L03,M021,A,2026-01-20 06:33:00,2026-01-20 06:55:00,22,Planned,Preventive Maintenance
DT00000360,WO00000467,P02,P02_L03,M023,B,2026-01-20 14:38:00,2026-01-20 15:00:00,22,Planned,Preventive Maintenance
DT00000361,WO00000469,P03,P03_L01,M026,A,2026-01-20 06:22:00,2026-01-20 06:53:00,31,Planned,Cleaning/Sanitation
DT00000362,WO00000470,P03,P03_L01,M025,B,2026-01-20 14:49:00,2026-01-20 16:22:00,93,Unplanned,Utility Interruption
DT00000363,WO00000471,P03,P03_L01,M026,C,2026-01-20 22:45:00,2026-01-20 23:06:00,21,Planned,Preventive Maintenance
DT00000364,WO00000472,P03,P03_L02,M031,A,2026-01-20 06:25:00,2026-01-20 06:40:00,15,Unplanned,Material Starvation
DT00000365,WO00000475,P03,P03_L03,M036,A,2026-01-20 06:27:00,2026-01-20 06:44:00,17,Planned,Changeover
DT00000366,WO00000475,P03,P03_L03,M036,A,2026-01-20 06:49:00,2026-01-20 07:34:00,45,Unplanned,Mechanical Failure
DT00000367,WO00000477,P03,P03_L03,M035,C,2026-01-20 22:29:00,2026-01-20 22:46:00,17,Planned,Preventive Maintenance
DT00000368,WO00000477,P03,P03_L03,M035,C,2026-01-20 22:51:00,2026-01-21 00:06:00,75,Unplanned,Mechanical Failure
DT00000369,WO00000478,P01,P01_L01,M004,A,2026-01-21 06:30:00,2026-01-21 07:10:00,40,Planned,Preventive Maintenance
DT00000370,WO00000480,P01,P01_L01,M004,C,2026-01-21 22:14:00,2026-01-21 22:51:00,37,Planned,Changeover
DT00000371,WO00000480,P01,P01_L01,M003,C,2026-01-21 22:56:00,2026-01-22 00:06:00,70,Unplanned,Material Starvation
DT00000372,WO00000481,P01,P01_L02,M005,A,2026-01-21 06:14:00,2026-01-21 07:10:00,56,Planned,Changeover
DT00000373,WO00000481,P01,P01_L02,M007,A,2026-01-21 07:15:00,2026-01-21 07:54:00,39,Unplanned,Sensor/Controls Fault
DT00000374,WO00000482,P01,P01_L02,M008,B,2026-01-21 14:17:00,2026-01-21 14:48:00,31,Planned,Cleaning/Sanitation
DT00000375,WO00000483,P01,P01_L02,M007,C,2026-01-21 22:31:00,2026-01-21 22:57:00,26,Planned,Changeover
DT00000376,WO00000483,P01,P01_L02,M008,C,2026-01-21 23:02:00,2026-01-21 23:10:00,8,Unplanned,Electrical Fault
DT00000377,WO00000484,P01,P01_L03,M009,A,2026-01-21 06:46:00,2026-01-21 07:16:00,30,Planned,Cleaning/Sanitation
DT00000378,WO00000485,P01,P01_L03,M009,B,2026-01-21 14:19:00,2026-01-21 15:10:00,51,Planned,Preventive Maintenance
DT00000379,WO00000486,P01,P01_L03,M011,C,2026-01-21 22:18:00,2026-01-21 23:21:00,63,Planned,Preventive Maintenance
DT00000380,WO00000487,P02,P02_L01,M015,A,2026-01-21 06:24:00,2026-01-21 06:43:00,19,Planned,Changeover
DT00000381,WO00000487,P02,P02_L01,M015,A,2026-01-21 06:48:00,2026-01-21 07:04:00,16,Unplanned,Electrical Fault
DT00000382,WO00000488,P02,P02_L01,M013,B,2026-01-21 14:14:00,2026-01-21 14:49:00,35,Planned,Preventive Maintenance
DT00000383,WO00000489,P02,P02_L01,M015,C,2026-01-21 22:13:00,2026-01-21 22:46:00,33,Unplanned,Sensor/Controls Fault
DT00000384,WO00000490,P02,P02_L02,M020,A,2026-01-21 06:48:00,2026-01-21 07:09:00,21,Planned,Preventive Maintenance
DT00000385,WO00000491,P02,P02_L02,M020,B,2026-01-21 14:43:00,2026-01-21 15:03:00,20,Planned,Changeover
DT00000386,WO00000491,P02,P02_L02,M020,B,2026-01-21 15:08:00,2026-01-21 15:18:00,10,Unplanned,Material Starvation
DT00000387,WO00000493,P02,P02_L03,M023,A,2026-01-21 06:14:00,2026-01-21 06:33:00,19,Planned,Planned Inspection
DT00000388,WO00000493,P02,P02_L03,M024,A,2026-01-21 06:38:00,2026-01-21 06:51:00,13,Unplanned,Material Starvation
DT00000389,WO00000493,P02,P02_L03,M022,A,2026-01-21 06:54:00,2026-01-21 07:09:00,15,Unplanned,Electrical Fault
DT00000390,WO00000494,P02,P02_L03,M021,B,2026-01-21 14:12:00,2026-01-21 14:47:00,35,Planned,Preventive Maintenance
DT00000391,WO00000496,P03,P03_L01,M026,A,2026-01-21 06:43:00,2026-01-21 07:15:00,32,Planned,Planned Inspection
DT00000392,WO00000498,P03,P03_L01,M027,C,2026-01-21 22:36:00,2026-01-21 22:53:00,17,Planned,Changeover
DT00000393,WO00000498,P03,P03_L01,M027,C,2026-01-21 22:58:00,2026-01-21 23:31:00,33,Unplanned,Material Starvation
DT00000394,WO00000500,P03,P03_L02,M032,B,2026-01-21 14:38:00,2026-01-21 15:05:00,27,Planned,Preventive Maintenance
DT00000395,WO00000502,P03,P03_L03,M033,A,2026-01-21 06:18:00,2026-01-21 06:38:00,20,Unplanned,Mechanical Failure
DT00000396,WO00000503,P03,P03_L03,M034,B,2026-01-21 14:18:00,2026-01-21 14:59:00,41,Planned,Changeover
DT00000397,WO00000503,P03,P03_L03,M033,B,2026-01-21 15:04:00,2026-01-21 15:57:00,53,Unplanned,Quality Hold
DT00000398,WO00000504,P03,P03_L03,M035,C,2026-01-21 22:25:00,2026-01-21 22:54:00,29,Planned,Preventive Maintenance
DT00000399,WO00000506,P01,P01_L01,M002,B,2026-01-22 14:22:00,2026-01-22 15:07:00,45,Planned,Changeover
DT00000400,WO00000511,P01,P01_L03,M011,A,2026-01-22 06:15:00,2026-01-22 06:40:00,25,Planned,Changeover
DT00000401,WO00000512,P01,P01_L03,M010,B,2026-01-22 14:34:00,2026-01-22 15:06:00,32,Planned,Changeover
DT00000402,WO00000514,P02,P02_L01,M015,A,2026-01-22 06:26:00,2026-01-22 06:59:00,33,Planned,Changeover
DT00000403,WO00000517,P02,P02_L02,M020,A,2026-01-22 06:27:00,2026-01-22 06:41:00,14,Planned,Changeover
DT00000404,WO00000519,P02,P02_L02,M017,C,2026-01-22 22:14:00,2026-01-22 22:59:00,45,Planned,Preventive Maintenance
DT00000405,WO00000520,P02,P02_L03,M023,A,2026-01-22 06:15:00,2026-01-22 06:45:00,30,Planned,Changeover
DT00000406,WO00000521,P02,P02_L03,M024,B,2026-01-22 14:19:00,2026-01-22 14:56:00,37,Planned,Changeover
DT00000407,WO00000522,P02,P02_L03,M023,C,2026-01-22 22:23:00,2026-01-22 22:47:00,24,Planned,Cleaning/Sanitation
DT00000408,WO00000522,P02,P02_L03,M021,C,2026-01-22 22:52:00,2026-01-22 23:55:00,63,Unplanned,Operator Adjustment
DT00000409,WO00000522,P02,P02_L03,M022,C,2026-01-22 23:58:00,2026-01-23 00:30:00,32,Unplanned,Utility Interruption
DT00000410,WO00000523,P03,P03_L01,M026,A,2026-01-22 06:39:00,2026-01-22 07:22:00,43,Unplanned,Material Starvation
DT00000411,WO00000524,P03,P03_L01,M025,B,2026-01-22 14:33:00,2026-01-22 15:05:00,32,Planned,Changeover
DT00000412,WO00000525,P03,P03_L01,M025,C,2026-01-22 22:19:00,2026-01-22 23:00:00,41,Planned,Preventive Maintenance
DT00000413,WO00000525,P03,P03_L01,M027,C,2026-01-22 23:05:00,2026-01-22 23:13:00,8,Unplanned,Quality Hold
DT00000414,WO00000526,P03,P03_L02,M032,A,2026-01-22 06:31:00,2026-01-22 07:07:00,36,Planned,Cleaning/Sanitation
DT00000415,WO00000528,P03,P03_L02,M029,C,2026-01-22 22:35:00,2026-01-22 22:51:00,16,Planned,Planned Inspection
DT00000416,WO00000529,P03,P03_L03,M036,A,2026-01-22 06:37:00,2026-01-22 07:10:00,33,Unplanned,Sensor/Controls Fault
DT00000417,WO00000529,P03,P03_L03,M036,A,2026-01-22 07:13:00,2026-01-22 07:35:00,22,Unplanned,Mechanical Failure
DT00000418,WO00000530,P03,P03_L03,M036,B,2026-01-22 14:32:00,2026-01-22 15:15:00,43,Planned,Changeover
DT00000419,WO00000530,P03,P03_L03,M034,B,2026-01-22 15:20:00,2026-01-22 15:24:00,4,Unplanned,Operator Adjustment
DT00000420,WO00000530,P03,P03_L03,M033,B,2026-01-22 15:27:00,2026-01-22 15:41:00,14,Unplanned,Electrical Fault
DT00000421,WO00000532,P01,P01_L01,M002,A,2026-01-23 06:28:00,2026-01-23 06:48:00,20,Planned,Preventive Maintenance
DT00000422,WO00000533,P01,P01_L01,M001,B,2026-01-23 14:38:00,2026-01-23 15:58:00,80,Planned,Cleaning/Sanitation
DT00000423,WO00000534,P01,P01_L01,M004,C,2026-01-23 22:21:00,2026-01-23 22:41:00,20,Planned,Changeover
DT00000424,WO00000535,P01,P01_L02,M008,A,2026-01-23 06:42:00,2026-01-23 07:08:00,26,Planned,Planned Inspection
DT00000425,WO00000535,P01,P01_L02,M007,A,2026-01-23 07:13:00,2026-01-23 07:32:00,19,Unplanned,Mechanical Failure
DT00000426,WO00000538,P01,P01_L03,M012,A,2026-01-23 06:37:00,2026-01-23 07:13:00,36,Planned,Changeover
DT00000427,WO00000539,P01,P01_L03,M009,B,2026-01-23 14:14:00,2026-01-23 14:59:00,45,Planned,Changeover
DT00000428,WO00000539,P01,P01_L03,M010,B,2026-01-23 15:04:00,2026-01-23 15:13:00,9,Unplanned,Material Starvation
DT00000429,WO00000540,P01,P01_L03,M010,C,2026-01-23 22:14:00,2026-01-23 23:16:00,62,Planned,Changeover
DT00000430,WO00000543,P02,P02_L01,M013,C,2026-01-23 22:45:00,2026-01-23 23:24:00,39,Planned,Changeover
DT00000431,WO00000543,P02,P02_L01,M015,C,2026-01-23 23:29:00,2026-01-23 23:47:00,18,Unplanned,Electrical Fault
DT00000432,WO00000546,P02,P02_L02,M020,C,2026-01-23 22:32:00,2026-01-23 22:52:00,20,Unplanned,Mechanical Failure
DT00000433,WO00000547,P02,P02_L03,M022,A,2026-01-23 06:27:00,2026-01-23 06:44:00,17,Planned,Changeover
DT00000434,WO00000549,P02,P02_L03,M023,C,2026-01-23 22:29:00,2026-01-23 22:44:00,15,Planned,Preventive Maintenance
DT00000435,WO00000550,P03,P03_L01,M028,A,2026-01-23 06:25:00,2026-01-23 07:40:00,75,Planned,Changeover
DT00000436,WO00000552,P03,P03_L01,M025,C,2026-01-23 22:11:00,2026-01-23 22:26:00,15,Planned,Preventive Maintenance
DT00000437,WO00000555,P03,P03_L02,M032,C,2026-01-23 22:36:00,2026-01-23 23:00:00,24,Planned,Changeover
DT00000438,WO00000555,P03,P03_L02,M032,C,2026-01-23 23:05:00,2026-01-24 01:45:00,160,Unplanned,Mechanical Failure
DT00000439,WO00000556,P03,P03_L03,M033,A,2026-01-23 06:30:00,2026-01-23 06:50:00,20,Planned,Preventive Maintenance
DT00000440,WO00000559,P01,P01_L01,M003,A,2026-01-24 06:37:00,2026-01-24 07:00:00,23,Planned,Changeover
DT00000441,WO00000559,P01,P01_L01,M001,A,2026-01-24 07:05:00,2026-01-24 07:36:00,31,Unplanned,Mechanical Failure
DT00000442,WO00000560,P01,P01_L01,M004,C,2026-01-24 22:34:00,2026-01-24 23:03:00,29,Planned,Cleaning/Sanitation
DT00000443,WO00000560,P01,P01_L01,M002,C,2026-01-24 23:08:00,2026-01-25 00:07:00,59,Unplanned,Electrical Fault
DT00000444,WO00000562,P01,P01_L03,M010,A,2026-01-24 06:42:00,2026-01-24 07:41:00,59,Planned,Preventive Maintenance
DT00000445,WO00000562,P01,P01_L03,M010,A,2026-01-24 07:46:00,2026-01-24 08:11:00,25,Unplanned,Sensor/Controls Fault
DT00000446,WO00000564,P02,P02_L01,M015,A,2026-01-24 06:37:00,2026-01-24 07:32:00,55,Planned,Changeover
DT00000447,WO00000565,P02,P02_L02,M019,C,2026-01-24 22:49:00,2026-01-24 23:15:00,26,Planned,Changeover
DT00000448,WO00000565,P02,P02_L02,M020,C,2026-01-24 23:20:00,2026-01-24 23:24:00,4,Unplanned,Electrical Fault
DT00000449,WO00000566,P02,P02_L03,M022,B,2026-01-24 14:13:00,2026-01-24 15:22:00,69,Planned,Preventive Maintenance
DT00000450,WO00000567,P03,P03_L01,M026,A,2026-01-24 06:44:00,2026-01-24 07:22:00,38,Planned,Preventive Maintenance
DT00000451,WO00000568,P03,P03_L01,M028,B,2026-01-24 14:46:00,2026-01-24 15:37:00,51,Unplanned,Material Starvation
DT00000452,WO00000568,P03,P03_L01,M025,B,2026-01-24 15:40:00,2026-01-24 16:39:00,59,Unplanned,Mechanical Failure
DT00000453,WO00000568,P03,P03_L01,M027,B,2026-01-24 16:42:00,2026-01-24 16:58:00,16,Unplanned,Sensor/Controls Fault
DT00000454,WO00000569,P03,P03_L03,M036,A,2026-01-24 06:26:00,2026-01-24 07:00:00,34,Planned,Changeover
DT00000455,WO00000571,P03,P03_L03,M033,C,2026-01-24 22:42:00,2026-01-25 00:06:00,84,Planned,Preventive Maintenance
DT00000456,WO00000573,P01,P01_L01,M004,B,2026-01-25 14:17:00,2026-01-25 14:41:00,24,Planned,Changeover
DT00000457,WO00000574,P01,P01_L02,M005,A,2026-01-25 06:36:00,2026-01-25 06:54:00,18,Planned,Preventive Maintenance
DT00000458,WO00000575,P01,P01_L02,M007,B,2026-01-25 14:21:00,2026-01-25 16:17:00,116,Planned,Cleaning/Sanitation
DT00000459,WO00000575,P01,P01_L02,M007,B,2026-01-25 16:22:00,2026-01-25 16:55:00,33,Unplanned,Material Starvation
DT00000460,WO00000576,P01,P01_L02,M005,C,2026-01-25 22:13:00,2026-01-25 22:32:00,19,Planned,Changeover
DT00000461,WO00000579,P01,P01_L03,M009,C,2026-01-25 22:45:00,2026-01-25 23:02:00,17,Planned,Changeover
DT00000462,WO00000583,P02,P02_L03,M021,A,2026-01-25 06:20:00,2026-01-25 06:59:00,39,Planned,Preventive Maintenance
DT00000463,WO00000584,P02,P02_L03,M024,C,2026-01-25 22:44:00,2026-01-25 23:10:00,26,Planned,Preventive Maintenance
DT00000464,WO00000585,P03,P03_L01,M027,A,2026-01-25 06:45:00,2026-01-25 07:17:00,32,Planned,Preventive Maintenance
DT00000465,WO00000586,P03,P03_L02,M030,A,2026-01-25 06:36:00,2026-01-25 07:17:00,41,Planned,Preventive Maintenance
DT00000466,WO00000589,P03,P03_L03,M035,A,2026-01-25 06:30:00,2026-01-25 06:48:00,18,Planned,Preventive Maintenance
DT00000467,WO00000589,P03,P03_L03,M033,A,2026-01-25 06:53:00,2026-01-25 07:15:00,22,Unplanned,Electrical Fault
DT00000468,WO00000589,P03,P03_L03,M036,A,2026-01-25 07:18:00,2026-01-25 07:27:00,9,Unplanned,Utility Interruption
DT00000469,WO00000589,P03,P03_L03,M035,A,2026-01-25 07:30:00,2026-01-25 07:47:00,17,Unplanned,Mechanical Failure
DT00000470,WO00000591,P01,P01_L01,M002,A,2026-01-26 06:21:00,2026-01-26 06:51:00,30,Planned,Changeover
DT00000471,WO00000591,P01,P01_L01,M003,A,2026-01-26 06:56:00,2026-01-26 07:19:00,23,Unplanned,Mechanical Failure
DT00000472,WO00000592,P01,P01_L01,M002,B,2026-01-26 14:10:00,2026-01-26 14:23:00,13,Unplanned,Mechanical Failure
DT00000473,WO00000593,P01,P01_L01,M002,C,2026-01-26 22:31:00,2026-01-26 23:11:00,40,Planned,Planned Inspection
DT00000474,WO00000595,P01,P01_L02,M008,B,2026-01-26 14:38:00,2026-01-26 15:10:00,32,Planned,Cleaning/Sanitation
DT00000475,WO00000597,P01,P01_L03,M009,A,2026-01-26 06:49:00,2026-01-26 07:12:00,23,Planned,Changeover
DT00000476,WO00000597,P01,P01_L03,M009,A,2026-01-26 07:17:00,2026-01-26 07:27:00,10,Unplanned,Mechanical Failure
DT00000477,WO00000597,P01,P01_L03,M010,A,2026-01-26 07:30:00,2026-01-26 07:34:00,4,Unplanned,Mechanical Failure
DT00000478,WO00000598,P01,P01_L03,M012,B,2026-01-26 14:25:00,2026-01-26 15:10:00,45,Planned,Planned Inspection
DT00000479,WO00000599,P01,P01_L03,M011,C,2026-01-26 22:34:00,2026-01-26 22:40:00,6,Unplanned,Mechanical Failure
DT00000480,WO00000601,P02,P02_L01,M015,B,2026-01-26 14:48:00,2026-01-26 15:22:00,34,Planned,Preventive Maintenance
DT00000481,WO00000601,P02,P02_L01,M016,B,2026-01-26 15:27:00,2026-01-26 16:09:00,42,Unplanned,Operator Adjustment
DT00000482,WO00000603,P02,P02_L02,M018,A,2026-01-26 06:24:00,2026-01-26 06:46:00,22,Unplanned,Utility Interruption
DT00000483,WO00000606,P02,P02_L03,M021,A,2026-01-26 06:28:00,2026-01-26 07:04:00,36,Unplanned,Quality Hold
DT00000484,WO00000609,P03,P03_L01,M025,A,2026-01-26 06:18:00,2026-01-26 06:40:00,22,Planned,Cleaning/Sanitation
DT00000485,WO00000609,P03,P03_L01,M027,A,2026-01-26 06:45:00,2026-01-26 06:53:00,8,Unplanned,Sensor/Controls Fault
DT00000486,WO00000610,P03,P03_L01,M026,B,2026-01-26 14:21:00,2026-01-26 14:48:00,27,Unplanned,Mechanical Failure
DT00000487,WO00000612,P03,P03_L02,M031,A,2026-01-26 06:11:00,2026-01-26 06:31:00,20,Planned,Changeover
DT00000488,WO00000614,P03,P03_L02,M030,C,2026-01-26 22:46:00,2026-01-27 00:11:00,85,Planned,Preventive Maintenance
DT00000489,WO00000614,P03,P03_L02,M032,C,2026-01-27 00:16:00,2026-01-27 00:50:00,34,Unplanned,Mechanical Failure
DT00000490,WO00000615,P03,P03_L03,M033,A,2026-01-26 06:32:00,2026-01-26 06:53:00,21,Planned,Cleaning/Sanitation
DT00000491,WO00000616,P03,P03_L03,M035,B,2026-01-26 14:32:00,2026-01-26 14:47:00,15,Planned,Preventive Maintenance
DT00000492,WO00000620,P01,P01_L01,M003,C,2026-01-27 22:45:00,2026-01-27 23:17:00,32,Planned,Changeover
DT00000493,WO00000621,P01,P01_L02,M006,A,2026-01-27 06:48:00,2026-01-27 06:54:00,6,Unplanned,Utility Interruption
DT00000494,WO00000622,P01,P01_L02,M005,B,2026-01-27 14:17:00,2026-01-27 14:46:00,29,Unplanned,Material Starvation
DT00000495,WO00000624,P01,P01_L03,M012,A,2026-01-27 06:24:00,2026-01-27 06:47:00,23,Planned,Preventive Maintenance
DT00000496,WO00000626,P01,P01_L03,M010,C,2026-01-27 22:29:00,2026-01-27 23:11:00,42,Planned,Preventive Maintenance
DT00000497,WO00000628,P02,P02_L01,M015,B,2026-01-27 14:34:00,2026-01-27 15:21:00,47,Planned,Changeover
DT00000498,WO00000628,P02,P02_L01,M015,B,2026-01-27 15:26:00,2026-01-27 16:42:00,76,Unplanned,Electrical Fault
DT00000499,WO00000629,P02,P02_L01,M013,C,2026-01-27 22:26:00,2026-01-27 22:55:00,29,Planned,Planned Inspection
DT00000500,WO00000630,P02,P02_L02,M018,A,2026-01-27 06:37:00,2026-01-27 06:59:00,22,Planned,Changeover
DT00000501,WO00000632,P02,P02_L02,M020,C,2026-01-27 22:29:00,2026-01-27 22:47:00,18,Unplanned,Material Starvation
DT00000502,WO00000632,P02,P02_L02,M018,C,2026-01-27 22:50:00,2026-01-28 00:21:00,91,Unplanned,Mechanical Failure
DT00000503,WO00000634,P02,P02_L03,M021,B,2026-01-27 14:26:00,2026-01-27 14:52:00,26,Unplanned,Electrical Fault
DT00000504,WO00000635,P02,P02_L03,M024,C,2026-01-27 22:24:00,2026-01-27 23:03:00,39,Planned,Planned Inspection
DT00000505,WO00000640,P03,P03_L02,M030,B,2026-01-27 14:25:00,2026-01-27 15:19:00,54,Planned,Preventive Maintenance
DT00000506,WO00000641,P03,P03_L02,M031,C,2026-01-27 22:48:00,2026-01-27 23:36:00,48,Planned,Preventive Maintenance
DT00000507,WO00000641,P03,P03_L02,M030,C,2026-01-27 23:41:00,2026-01-27 23:51:00,10,Unplanned,Quality Hold
DT00000508,WO00000641,P03,P03_L02,M030,C,2026-01-27 23:54:00,2026-01-28 01:24:00,90,Unplanned,Sensor/Controls Fault
DT00000509,WO00000643,P03,P03_L03,M036,B,2026-01-27 14:11:00,2026-01-27 15:05:00,54,Planned,Preventive Maintenance
DT00000510,WO00000645,P01,P01_L01,M003,A,2026-01-28 06:18:00,2026-01-28 06:48:00,30,Planned,Planned Inspection
DT00000511,WO00000645,P01,P01_L01,M001,A,2026-01-28 06:53:00,2026-01-28 07:08:00,15,Unplanned,Mechanical Failure
DT00000512,WO00000645,P01,P01_L01,M001,A,2026-01-28 07:11:00,2026-01-28 07:20:00,9,Unplanned,Sensor/Controls Fault
DT00000513,WO00000645,P01,P01_L01,M003,A,2026-01-28 07:23:00,2026-01-28 07:39:00,16,Unplanned,Mechanical Failure
DT00000514,WO00000647,P01,P01_L01,M002,C,2026-01-28 22:16:00,2026-01-28 22:43:00,27,Planned,Preventive Maintenance
DT00000515,WO00000649,P01,P01_L02,M008,B,2026-01-28 14:46:00,2026-01-28 15:41:00,55,Unplanned,Mechanical Failure
DT00000516,WO00000650,P01,P01_L02,M006,C,2026-01-28 22:30:00,2026-01-28 22:56:00,26,Planned,Changeover
DT00000517,WO00000651,P01,P01_L03,M011,A,2026-01-28 06:17:00,2026-01-28 06:38:00,21,Planned,Preventive Maintenance
DT00000518,WO00000651,P01,P01_L03,M010,A,2026-01-28 06:43:00,2026-01-28 06:53:00,10,Unplanned,Electrical Fault
DT00000519,WO00000653,P01,P01_L03,M012,C,2026-01-28 22:41:00,2026-01-28 23:11:00,30,Planned,Cleaning/Sanitation
DT00000520,WO00000654,P02,P02_L01,M013,A,2026-01-28 06:23:00,2026-01-28 06:51:00,28,Unplanned,Mechanical Failure
DT00000521,WO00000656,P02,P02_L01,M014,C,2026-01-28 22:12:00,2026-01-28 22:27:00,15,Planned,Changeover
DT00000522,WO00000657,P02,P02_L02,M018,A,2026-01-28 06:34:00,2026-01-28 06:40:00,6,Unplanned,Material Starvation
DT00000523,WO00000661,P02,P02_L03,M024,B,2026-01-28 14:16:00,2026-01-28 14:33:00,17,Planned,Changeover
DT00000524,WO00000665,P03,P03_L01,M027,C,2026-01-28 22:41:00,2026-01-28 23:24:00,43,Planned,Planned Inspection
DT00000525,WO00000666,P03,P03_L02,M031,A,2026-01-28 06:12:00,2026-01-28 06:44:00,32,Planned,Changeover
DT00000526,WO00000667,P03,P03_L02,M032,B,2026-01-28 14:33:00,2026-01-28 14:57:00,24,Planned,Changeover
DT00000527,WO00000667,P03,P03_L02,M031,B,2026-01-28 15:02:00,2026-01-28 15:24:00,22,Unplanned,Electrical Fault
DT00000528,WO00000668,P03,P03_L02,M029,C,2026-01-28 22:28:00,2026-01-28 22:39:00,11,Unplanned,Mechanical Failure
DT00000529,WO00000669,P03,P03_L03,M035,A,2026-01-28 06:16:00,2026-01-28 06:42:00,26,Planned,Preventive Maintenance
DT00000530,WO00000670,P03,P03_L03,M036,B,2026-01-28 14:39:00,2026-01-28 15:02:00,23,Planned,Changeover
DT00000531,WO00000670,P03,P03_L03,M035,B,2026-01-28 15:07:00,2026-01-28 15:17:00,10,Unplanned,Mechanical Failure
DT00000532,WO00000671,P03,P03_L03,M036,C,2026-01-28 22:35:00,2026-01-28 23:07:00,32,Planned,Changeover
DT00000533,WO00000674,P01,P01_L01,M003,C,2026-01-29 22:23:00,2026-01-29 22:59:00,36,Planned,Preventive Maintenance
DT00000534,WO00000674,P01,P01_L01,M003,C,2026-01-29 23:04:00,2026-01-29 23:27:00,23,Unplanned,Mechanical Failure
DT00000535,WO00000674,P01,P01_L01,M001,C,2026-01-29 23:30:00,2026-01-30 00:15:00,45,Unplanned,Mechanical Failure
DT00000536,WO00000675,P01,P01_L02,M007,A,2026-01-29 06:42:00,2026-01-29 06:58:00,16,Planned,Preventive Maintenance
DT00000537,WO00000678,P01,P01_L03,M012,A,2026-01-29 06:48:00,2026-01-29 07:15:00,27,Planned,Changeover
DT00000538,WO00000680,P01,P01_L03,M009,C,2026-01-29 22:38:00,2026-01-29 23:08:00,30,Planned,Changeover
DT00000539,WO00000683,P02,P02_L01,M016,C,2026-01-29 22:12:00,2026-01-29 22:32:00,20,Planned,Cleaning/Sanitation
DT00000540,WO00000684,P02,P02_L02,M017,A,2026-01-29 06:18:00,2026-01-29 06:45:00,27,Planned,Cleaning/Sanitation
DT00000541,WO00000686,P02,P02_L02,M017,C,2026-01-29 22:42:00,2026-01-29 23:01:00,19,Planned,Preventive Maintenance
DT00000542,WO00000689,P02,P02_L03,M022,C,2026-01-29 22:37:00,2026-01-29 23:21:00,44,Planned,Changeover
DT00000543,WO00000691,P03,P03_L01,M026,B,2026-01-29 14:10:00,2026-01-29 14:22:00,12,Unplanned,Sensor/Controls Fault
DT00000544,WO00000693,P03,P03_L02,M032,A,2026-01-29 06:25:00,2026-01-29 06:47:00,22,Planned,Changeover
DT00000545,WO00000694,P03,P03_L02,M032,B,2026-01-29 14:42:00,2026-01-29 15:05:00,23,Planned,Preventive Maintenance
DT00000546,WO00000695,P03,P03_L02,M031,C,2026-01-29 22:44:00,2026-01-29 23:40:00,56,Planned,Planned Inspection
DT00000547,WO00000697,P03,P03_L03,M036,B,2026-01-29 14:46:00,2026-01-29 15:11:00,25,Planned,Changeover
DT00000548,WO00000698,P03,P03_L03,M035,C,2026-01-29 22:47:00,2026-01-29 23:15:00,28,Planned,Changeover
DT00000549,WO00000698,P03,P03_L03,M036,C,2026-01-29 23:20:00,2026-01-29 23:30:00,10,Unplanned,Electrical Fault
DT00000550,WO00000699,P01,P01_L01,M004,A,2026-01-30 06:21:00,2026-01-30 06:47:00,26,Planned,Changeover
DT00000551,WO00000699,P01,P01_L01,M002,A,2026-01-30 06:52:00,2026-01-30 07:02:00,10,Unplanned,Mechanical Failure
DT00000552,WO00000701,P01,P01_L01,M004,C,2026-01-30 22:23:00,2026-01-30 23:11:00,48,Planned,Changeover
DT00000553,WO00000702,P01,P01_L02,M008,A,2026-01-30 06:19:00,2026-01-30 07:11:00,52,Planned,Changeover
DT00000554,WO00000703,P01,P01_L02,M007,B,2026-01-30 14:49:00,2026-01-30 15:11:00,22,Unplanned,Electrical Fault
DT00000555,WO00000703,P01,P01_L02,M005,B,2026-01-30 15:14:00,2026-01-30 15:30:00,16,Unplanned,Mechanical Failure
DT00000556,WO00000706,P01,P01_L03,M012,B,2026-01-30 14:21:00,2026-01-30 14:49:00,28,Planned,Changeover
DT00000557,WO00000708,P02,P02_L01,M016,A,2026-01-30 06:34:00,2026-01-30 06:56:00,22,Unplanned,Electrical Fault
DT00000558,WO00000709,P02,P02_L01,M014,B,2026-01-30 14:40:00,2026-01-30 15:32:00,52,Planned,Preventive Maintenance
DT00000559,WO00000710,P02,P02_L01,M015,C,2026-01-30 22:30:00,2026-01-30 22:59:00,29,Planned,Cleaning/Sanitation
DT00000560,WO00000711,P02,P02_L02,M019,A,2026-01-30 06:37:00,2026-01-30 06:51:00,14,Unplanned,Mechanical Failure
DT00000561,WO00000713,P02,P02_L02,M018,C,2026-01-30 22:27:00,2026-01-30 22:31:00,4,Unplanned,Electrical Fault
DT00000562,WO00000714,P02,P02_L03,M022,A,2026-01-30 06:46:00,2026-01-30 07:17:00,31,Unplanned,Sensor/Controls Fault
DT00000563,WO00000716,P02,P02_L03,M021,C,2026-01-30 22:37:00,2026-01-30 22:55:00,18,Unplanned,Quality Hold
DT00000564,WO00000717,P03,P03_L01,M025,A,2026-01-30 06:26:00,2026-01-30 07:09:00,43,Unplanned,Mechanical Failure
DT00000565,WO00000718,P03,P03_L01,M026,B,2026-01-30 14:42:00,2026-01-30 15:24:00,42,Planned,Changeover
DT00000566,WO00000719,P03,P03_L01,M027,C,2026-01-30 22:44:00,2026-01-30 23:14:00,30,Planned,Changeover
DT00000567,WO00000719,P03,P03_L01,M028,C,2026-01-30 23:19:00,2026-01-30 23:38:00,19,Unplanned,Material Starvation
DT00000568,WO00000722,P03,P03_L02,M029,C,2026-01-30 22:21:00,2026-01-30 23:33:00,72,Unplanned,Sensor/Controls Fault
DT00000569,WO00000722,P03,P03_L02,M031,C,2026-01-30 23:36:00,2026-01-31 00:15:00,39,Unplanned,Quality Hold
DT00000570,WO00000723,P03,P03_L03,M033,A,2026-01-30 06:42:00,2026-01-30 07:17:00,35,Unplanned,Electrical Fault
DT00000571,WO00000726,P01,P01_L01,M004,B,2026-01-31 14:32:00,2026-01-31 14:56:00,24,Planned,Changeover
DT00000572,WO00000728,P01,P01_L02,M005,C,2026-01-31 22:24:00,2026-01-31 22:50:00,26,Planned,Preventive Maintenance
DT00000573,WO00000732,P02,P02_L01,M016,C,2026-01-31 22:11:00,2026-01-31 22:40:00,29,Planned,Preventive Maintenance
DT00000574,WO00000734,P02,P02_L02,M019,B,2026-01-31 14:41:00,2026-01-31 15:04:00,23,Planned,Changeover
DT00000575,WO00000735,P02,P02_L03,M022,A,2026-01-31 06:28:00,2026-01-31 06:47:00,19,Unplanned,Mechanical Failure
DT00000576,WO00000738,P03,P03_L01,M026,C,2026-01-31 22:14:00,2026-01-31 22:33:00,19,Planned,Changeover
DT00000577,WO00000738,P03,P03_L01,M026,C,2026-01-31 22:38:00,2026-01-31 23:10:00,32,Unplanned,Electrical Fault
DT00000578,WO00000739,P03,P03_L02,M030,B,2026-01-31 14:47:00,2026-01-31 15:13:00,26,Planned,Changeover
DT00000579,WO00000742,P01,P01_L01,M002,B,2026-02-01 14:45:00,2026-02-01 15:14:00,29,Planned,Cleaning/Sanitation
DT00000580,WO00000744,P01,P01_L02,M006,A,2026-02-01 06:32:00,2026-02-01 06:52:00,20,Planned,Changeover
DT00000581,WO00000744,P01,P01_L02,M005,A,2026-02-01 06:57:00,2026-02-01 07:59:00,62,Unplanned,Mechanical Failure
DT00000582,WO00000746,P01,P01_L03,M009,B,2026-02-01 14:35:00,2026-02-01 15:09:00,34,Planned,Planned Inspection
DT00000583,WO00000749,P02,P02_L01,M013,B,2026-02-01 14:33:00,2026-02-01 14:45:00,12,Unplanned,Mechanical Failure
DT00000584,WO00000749,P02,P02_L01,M013,B,2026-02-01 14:48:00,2026-02-01 15:49:00,61,Unplanned,Operator Adjustment
DT00000585,WO00000751,P02,P02_L02,M018,A,2026-02-01 06:39:00,2026-02-01 06:56:00,17,Planned,Changeover
DT00000586,WO00000754,P02,P02_L03,M021,C,2026-02-01 22:37:00,2026-02-01 23:03:00,26,Planned,Changeover
DT00000587,WO00000755,P03,P03_L01,M027,B,2026-02-01 14:13:00,2026-02-01 14:34:00,21,Planned,Changeover
DT00000588,WO00000757,P03,P03_L02,M030,A,2026-02-01 06:42:00,2026-02-01 07:02:00,20,Planned,Changeover
DT00000589,WO00000759,P03,P03_L02,M030,C,2026-02-01 22:29:00,2026-02-01 22:48:00,19,Planned,Preventive Maintenance
DT00000590,WO00000760,P03,P03_L03,M034,A,2026-02-01 06:37:00,2026-02-01 07:49:00,72,Planned,Preventive Maintenance
DT00000591,WO00000760,P03,P03_L03,M033,A,2026-02-01 07:54:00,2026-02-01 08:02:00,8,Unplanned,Operator Adjustment
DT00000592,WO00000762,P01,P01_L01,M001,A,2026-02-02 06:17:00,2026-02-02 06:41:00,24,Unplanned,Mechanical Failure
DT00000593,WO00000764,P01,P01_L01,M004,C,2026-02-02 22:42:00,2026-02-02 23:07:00,25,Unplanned,Operator Adjustment
DT00000594,WO00000767,P01,P01_L02,M007,C,2026-02-02 22:39:00,2026-02-02 23:02:00,23,Planned,Preventive Maintenance
DT00000595,WO00000768,P01,P01_L03,M011,A,2026-02-02 06:20:00,2026-02-02 06:39:00,19,Unplanned,Mechanical Failure
DT00000596,WO00000770,P01,P01_L03,M012,C,2026-02-02 22:23:00,2026-02-03 00:38:00,135,Unplanned,Mechanical Failure
DT00000597,WO00000771,P02,P02_L01,M013,A,2026-02-02 06:37:00,2026-02-02 06:59:00,22,Planned,Cleaning/Sanitation
DT00000598,WO00000771,P02,P02_L01,M014,A,2026-02-02 07:04:00,2026-02-02 07:25:00,21,Unplanned,Operator Adjustment
DT00000599,WO00000773,P02,P02_L01,M015,C,2026-02-02 22:42:00,2026-02-02 23:02:00,20,Planned,Changeover
DT00000600,WO00000775,P02,P02_L02,M018,B,2026-02-02 14:49:00,2026-02-02 15:24:00,35,Planned,Planned Inspection
DT00000601,WO00000777,P02,P02_L03,M022,A,2026-02-02 06:29:00,2026-02-02 06:59:00,30,Planned,Changeover
DT00000602,WO00000779,P02,P02_L03,M022,C,2026-02-02 22:22:00,2026-02-02 23:06:00,44,Unplanned,Electrical Fault
DT00000603,WO00000780,P03,P03_L01,M025,A,2026-02-02 06:44:00,2026-02-02 07:43:00,59,Planned,Cleaning/Sanitation
DT00000604,WO00000781,P03,P03_L01,M025,B,2026-02-02 14:31:00,2026-02-02 14:52:00,21,Planned,Preventive Maintenance
DT00000605,WO00000782,P03,P03_L01,M028,C,2026-02-02 22:39:00,2026-02-02 23:39:00,60,Planned,Cleaning/Sanitation
DT00000606,WO00000784,P03,P03_L02,M029,B,2026-02-02 14:28:00,2026-02-02 15:07:00,39,Unplanned,Quality Hold
DT00000607,WO00000785,P03,P03_L02,M031,C,2026-02-02 22:25:00,2026-02-02 23:07:00,42,Planned,Changeover
DT00000608,WO00000786,P03,P03_L03,M035,A,2026-02-02 06:27:00,2026-02-02 06:54:00,27,Unplanned,Mechanical Failure
DT00000609,WO00000789,P01,P01_L01,M001,A,2026-02-03 06:11:00,2026-02-03 06:42:00,31,Unplanned,Mechanical Failure
DT00000610,WO00000790,P01,P01_L01,M002,B,2026-02-03 14:36:00,2026-02-03 15:06:00,30,Planned,Preventive Maintenance
DT00000611,WO00000791,P01,P01_L01,M004,C,2026-02-03 22:40:00,2026-02-04 00:35:00,115,Unplanned,Utility Interruption
DT00000612,WO00000792,P01,P01_L02,M006,A,2026-02-03 06:46:00,2026-02-03 07:19:00,33,Planned,Changeover
DT00000613,WO00000793,P01,P01_L02,M008,B,2026-02-03 14:12:00,2026-02-03 14:37:00,25,Planned,Planned Inspection
DT00000614,WO00000794,P01,P01_L02,M007,C,2026-02-03 22:12:00,2026-02-03 22:34:00,22,Unplanned,Mechanical Failure
DT00000615,WO00000795,P01,P01_L03,M011,A,2026-02-03 06:24:00,2026-02-03 06:46:00,22,Planned,Changeover
DT00000616,WO00000798,P02,P02_L01,M014,A,2026-02-03 06:31:00,2026-02-03 06:50:00,19,Planned,Changeover
DT00000617,WO00000799,P02,P02_L01,M015,B,2026-02-03 14:15:00,2026-02-03 14:38:00,23,Planned,Changeover
DT00000618,WO00000800,P02,P02_L01,M016,C,2026-02-03 22:45:00,2026-02-03 23:21:00,36,Planned,Preventive Maintenance
DT00000619,WO00000801,P02,P02_L02,M019,A,2026-02-03 06:40:00,2026-02-03 07:28:00,48,Unplanned,Quality Hold
DT00000620,WO00000802,P02,P02_L02,M020,B,2026-02-03 14:21:00,2026-02-03 14:43:00,22,Planned,Changeover
DT00000621,WO00000802,P02,P02_L02,M019,B,2026-02-03 14:48:00,2026-02-03 15:08:00,20,Unplanned,Mechanical Failure
DT00000622,WO00000803,P02,P02_L02,M020,C,2026-02-03 22:24:00,2026-02-03 22:36:00,12,Planned,Changeover
DT00000623,WO00000804,P02,P02_L03,M024,A,2026-02-03 06:20:00,2026-02-03 06:37:00,17,Planned,Planned Inspection
DT00000624,WO00000805,P02,P02_L03,M021,B,2026-02-03 14:18:00,2026-02-03 14:34:00,16,Unplanned,Mechanical Failure
DT00000625,WO00000806,P02,P02_L03,M023,C,2026-02-03 22:44:00,2026-02-03 23:23:00,39,Planned,Changeover
DT00000626,WO00000808,P03,P03_L01,M028,B,2026-02-03 14:17:00,2026-02-03 14:21:00,4,Unplanned,Mechanical Failure
DT00000627,WO00000809,P03,P03_L01,M026,C,2026-02-03 22:16:00,2026-02-03 22:40:00,24,Planned,Cleaning/Sanitation
DT00000628,WO00000810,P03,P03_L02,M032,A,2026-02-03 06:41:00,2026-02-03 06:52:00,11,Unplanned,Electrical Fault
DT00000629,WO00000810,P03,P03_L02,M031,A,2026-02-03 06:55:00,2026-02-03 07:38:00,43,Unplanned,Mechanical Failure
DT00000630,WO00000811,P03,P03_L02,M029,B,2026-02-03 14:12:00,2026-02-03 14:38:00,26,Planned,Planned Inspection
DT00000631,WO00000813,P03,P03_L03,M034,A,2026-02-03 06:11:00,2026-02-03 06:45:00,34,Planned,Preventive Maintenance
DT00000632,WO00000813,P03,P03_L03,M035,A,2026-02-03 06:50:00,2026-02-03 07:15:00,25,Unplanned,Material Starvation
DT00000633,WO00000813,P03,P03_L03,M034,A,2026-02-03 07:18:00,2026-02-03 07:44:00,26,Unplanned,Material Starvation
DT00000634,WO00000815,P03,P03_L03,M035,C,2026-02-03 22:37:00,2026-02-03 22:55:00,18,Unplanned,Mechanical Failure
DT00000635,WO00000816,P01,P01_L01,M004,A,2026-02-04 06:31:00,2026-02-04 06:55:00,24,Planned,Planned Inspection
DT00000636,WO00000817,P01,P01_L01,M003,B,2026-02-04 14:35:00,2026-02-04 15:14:00,39,Planned,Changeover
DT00000637,WO00000818,P01,P01_L01,M001,C,2026-02-04 22:47:00,2026-02-04 23:00:00,13,Unplanned,Electrical Fault
DT00000638,WO00000819,P01,P01_L02,M008,A,2026-02-04 06:39:00,2026-02-04 06:57:00,18,Planned,Preventive Maintenance
DT00000639,WO00000820,P01,P01_L02,M008,B,2026-02-04 14:21:00,2026-02-04 14:44:00,23,Planned,Cleaning/Sanitation
DT00000640,WO00000820,P01,P01_L02,M006,B,2026-02-04 14:49:00,2026-02-04 15:07:00,18,Unplanned,Quality Hold
DT00000641,WO00000821,P01,P01_L02,M005,C,2026-02-04 22:23:00,2026-02-04 22:33:00,10,Unplanned,Electrical Fault
DT00000642,WO00000822,P01,P01_L03,M009,A,2026-02-04 06:30:00,2026-02-04 07:13:00,43,Planned,Planned Inspection
DT00000643,WO00000822,P01,P01_L03,M009,A,2026-02-04 07:18:00,2026-02-04 07:32:00,14,Unplanned,Mechanical Failure
DT00000644,WO00000823,P01,P01_L03,M012,B,2026-02-04 14:11:00,2026-02-04 14:44:00,33,Planned,Changeover
DT00000645,WO00000824,P01,P01_L03,M010,C,2026-02-04 22:22:00,2026-02-04 22:54:00,32,Planned,Preventive Maintenance
DT00000646,WO00000825,P02,P02_L01,M016,A,2026-02-04 06:48:00,2026-02-04 07:05:00,17,Planned,Cleaning/Sanitation
DT00000647,WO00000826,P02,P02_L01,M015,B,2026-02-04 14:30:00,2026-02-04 14:46:00,16,Planned,Changeover
DT00000648,WO00000827,P02,P02_L01,M013,C,2026-02-04 22:15:00,2026-02-04 22:41:00,26,Planned,Changeover
DT00000649,WO00000828,P02,P02_L02,M017,A,2026-02-04 06:41:00,2026-02-04 07:11:00,30,Planned,Planned Inspection
DT00000650,WO00000829,P02,P02_L02,M018,B,2026-02-04 14:23:00,2026-02-04 15:06:00,43,Planned,Changeover
DT00000651,WO00000832,P02,P02_L03,M021,B,2026-02-04 14:15:00,2026-02-04 14:42:00,27,Planned,Preventive Maintenance
DT00000652,WO00000834,P03,P03_L01,M028,A,2026-02-04 06:21:00,2026-02-04 06:44:00,23,Planned,Preventive Maintenance
DT00000653,WO00000835,P03,P03_L01,M026,B,2026-02-04 14:20:00,2026-02-04 15:01:00,41,Planned,Cleaning/Sanitation
DT00000654,WO00000835,P03,P03_L01,M027,B,2026-02-04 15:06:00,2026-02-04 15:10:00,4,Unplanned,Sensor/Controls Fault
DT00000655,WO00000836,P03,P03_L01,M025,C,2026-02-04 22:44:00,2026-02-04 23:07:00,23,Planned,Planned Inspection
DT00000656,WO00000838,P03,P03_L02,M032,B,2026-02-04 14:43:00,2026-02-04 15:11:00,28,Planned,Changeover
DT00000657,WO00000840,P03,P03_L03,M036,A,2026-02-04 06:39:00,2026-02-04 07:01:00,22,Planned,Cleaning/Sanitation
DT00000658,WO00000841,P03,P03_L03,M034,B,2026-02-04 14:42:00,2026-02-04 14:47:00,5,Unplanned,Mechanical Failure
DT00000659,WO00000842,P03,P03_L03,M034,C,2026-02-04 22:49:00,2026-02-04 23:43:00,54,Planned,Cleaning/Sanitation
DT00000660,WO00000843,P01,P01_L01,M002,A,2026-02-05 06:13:00,2026-02-05 07:06:00,53,Planned,Changeover
DT00000661,WO00000845,P01,P01_L01,M001,C,2026-02-05 22:35:00,2026-02-05 23:01:00,26,Planned,Changeover
DT00000662,WO00000847,P01,P01_L02,M006,B,2026-02-05 14:16:00,2026-02-05 14:36:00,20,Planned,Cleaning/Sanitation
DT00000663,WO00000847,P01,P01_L02,M007,B,2026-02-05 14:41:00,2026-02-05 15:25:00,44,Unplanned,Electrical Fault
DT00000664,WO00000848,P01,P01_L02,M008,C,2026-02-05 22:25:00,2026-02-05 22:40:00,15,Unplanned,Electrical Fault
DT00000665,WO00000851,P01,P01_L03,M009,C,2026-02-05 22:23:00,2026-02-05 22:30:00,7,Unplanned,Quality Hold
DT00000666,WO00000852,P02,P02_L01,M013,A,2026-02-05 06:40:00,2026-02-05 06:54:00,14,Unplanned,Material Starvation
DT00000667,WO00000854,P02,P02_L01,M014,C,2026-02-05 22:28:00,2026-02-05 22:54:00,26,Unplanned,Material Starvation
DT00000668,WO00000856,P02,P02_L02,M018,B,2026-02-05 14:36:00,2026-02-05 15:07:00,31,Planned,Changeover
DT00000669,WO00000857,P02,P02_L02,M017,C,2026-02-05 22:19:00,2026-02-05 22:50:00,31,Planned,Changeover
DT00000670,WO00000859,P02,P02_L03,M022,B,2026-02-05 14:31:00,2026-02-05 14:39:00,8,Unplanned,Mechanical Failure
DT00000671,WO00000860,P02,P02_L03,M023,C,2026-02-05 22:19:00,2026-02-05 23:02:00,43,Planned,Preventive Maintenance
DT00000672,WO00000860,P02,P02_L03,M022,C,2026-02-05 23:07:00,2026-02-06 00:09:00,62,Unplanned,Quality Hold
DT00000673,WO00000861,P03,P03_L01,M025,A,2026-02-05 06:22:00,2026-02-05 06:42:00,20,Unplanned,Sensor/Controls Fault
DT00000674,WO00000862,P03,P03_L01,M027,B,2026-02-05 14:35:00,2026-02-05 15:14:00,39,Planned,Changeover
DT00000675,WO00000865,P03,P03_L02,M030,B,2026-02-05 14:13:00,2026-02-05 14:24:00,11,Unplanned,Mechanical Failure
DT00000676,WO00000869,P03,P03_L03,M034,C,2026-02-05 22:12:00,2026-02-05 22:52:00,40,Planned,Planned Inspection
DT00000677,WO00000873,P01,P01_L02,M006,A,2026-02-06 06:36:00,2026-02-06 07:33:00,57,Planned,Changeover
DT00000678,WO00000873,P01,P01_L02,M008,A,2026-02-06 07:38:00,2026-02-06 08:18:00,40,Unplanned,Operator Adjustment
DT00000679,WO00000874,P01,P01_L02,M008,B,2026-02-06 14:13:00,2026-02-06 14:52:00,39,Planned,Planned Inspection
DT00000680,WO00000874,P01,P01_L02,M005,B,2026-02-06 14:57:00,2026-02-06 15:30:00,33,Unplanned,Electrical Fault
DT00000681,WO00000874,P01,P01_L02,M005,B,2026-02-06 15:33:00,2026-02-06 17:04:00,91,Unplanned,Quality Hold
DT00000682,WO00000875,P01,P01_L02,M006,C,2026-02-06 22:47:00,2026-02-06 23:03:00,16,Planned,Changeover
DT00000683,WO00000875,P01,P01_L02,M005,C,2026-02-06 23:08:00,2026-02-06 23:19:00,11,Unplanned,Quality Hold
DT00000684,WO00000879,P02,P02_L01,M014,A,2026-02-06 06:35:00,2026-02-06 07:00:00,25,Planned,Changeover
DT00000685,WO00000879,P02,P02_L01,M016,A,2026-02-06 07:05:00,2026-02-06 07:23:00,18,Unplanned,Utility Interruption
DT00000686,WO00000880,P02,P02_L01,M013,B,2026-02-06 14:17:00,2026-02-06 14:32:00,15,Unplanned,Material Starvation
DT00000687,WO00000881,P02,P02_L01,M013,C,2026-02-06 22:19:00,2026-02-06 23:29:00,70,Unplanned,Mechanical Failure
DT00000688,WO00000885,P02,P02_L03,M022,A,2026-02-06 06:10:00,2026-02-06 06:48:00,38,Planned,Cleaning/Sanitation
DT00000689,WO00000885,P02,P02_L03,M024,A,2026-02-06 06:53:00,2026-02-06 07:17:00,24,Unplanned,Material Starvation
DT00000690,WO00000886,P02,P02_L03,M022,B,2026-02-06 14:28:00,2026-02-06 15:10:00,42,Planned,Changeover
DT00000691,WO00000888,P03,P03_L01,M027,A,2026-02-06 06:25:00,2026-02-06 07:11:00,46,Unplanned,Sensor/Controls Fault
DT00000692,WO00000889,P03,P03_L01,M026,B,2026-02-06 14:49:00,2026-02-06 15:32:00,43,Planned,Preventive Maintenance
DT00000693,WO00000889,P03,P03_L01,M025,B,2026-02-06 15:37:00,2026-02-06 16:04:00,27,Unplanned,Mechanical Failure
DT00000694,WO00000889,P03,P03_L01,M026,B,2026-02-06 16:07:00,2026-02-06 16:44:00,37,Unplanned,Material Starvation
DT00000695,WO00000890,P03,P03_L01,M027,C,2026-02-06 22:20:00,2026-02-06 22:58:00,38,Planned,Changeover
DT00000696,WO00000892,P03,P03_L02,M030,B,2026-02-06 14:32:00,2026-02-06 14:50:00,18,Planned,Changeover
DT00000697,WO00000893,P03,P03_L02,M032,C,2026-02-06 22:33:00,2026-02-06 23:15:00,42,Planned,Preventive Maintenance
DT00000698,WO00000894,P03,P03_L03,M036,A,2026-02-06 06:18:00,2026-02-06 06:44:00,26,Planned,Changeover
DT00000699,WO00000894,P03,P03_L03,M033,A,2026-02-06 06:49:00,2026-02-06 07:16:00,27,Unplanned,Quality Hold
DT00000700,WO00000897,P01,P01_L01,M002,A,2026-02-07 06:32:00,2026-02-07 06:53:00,21,Unplanned,Material Starvation
DT00000701,WO00000898,P01,P01_L01,M004,B,2026-02-07 14:24:00,2026-02-07 14:57:00,33,Planned,Preventive Maintenance
DT00000702,WO00000898,P01,P01_L01,M003,B,2026-02-07 15:02:00,2026-02-07 15:22:00,20,Unplanned,Material Starvation
DT00000703,WO00000899,P01,P01_L01,M001,C,2026-02-07 22:38:00,2026-02-07 22:58:00,20,Planned,Preventive Maintenance
DT00000704,WO00000899,P01,P01_L01,M001,C,2026-02-07 23:03:00,2026-02-07 23:31:00,28,Unplanned,Sensor/Controls Fault
DT00000705,WO00000901,P01,P01_L03,M012,A,2026-02-07 06:11:00,2026-02-07 07:00:00,49,Unplanned,Operator Adjustment
DT00000706,WO00000902,P01,P01_L03,M011,B,2026-02-07 14:39:00,2026-02-07 15:08:00,29,Planned,Cleaning/Sanitation
DT00000707,WO00000902,P01,P01_L03,M012,B,2026-02-07 15:13:00,2026-02-07 15:33:00,20,Unplanned,Mechanical Failure
DT00000708,WO00000903,P01,P01_L03,M011,C,2026-02-07 22:13:00,2026-02-07 22:26:00,13,Unplanned,Electrical Fault
DT00000709,WO00000904,P02,P02_L01,M016,B,2026-02-07 14:25:00,2026-02-07 14:56:00,31,Planned,Preventive Maintenance
DT00000710,WO00000906,P02,P02_L02,M020,A,2026-02-07 06:41:00,2026-02-07 07:46:00,65,Unplanned,Electrical Fault
DT00000711,WO00000910,P02,P02_L03,M022,B,2026-02-07 14:23:00,2026-02-07 14:41:00,18,Planned,Planned Inspection
DT00000712,WO00000911,P03,P03_L01,M026,C,2026-02-07 22:38:00,2026-02-07 23:13:00,35,Planned,Changeover
DT00000713,WO00000913,P03,P03_L02,M029,C,2026-02-07 22:15:00,2026-02-07 22:37:00,22,Planned,Preventive Maintenance
DT00000714,WO00000915,P03,P03_L03,M036,B,2026-02-07 14:22:00,2026-02-07 14:43:00,21,Unplanned,Utility Interruption
DT00000715,WO00000916,P03,P03_L03,M033,C,2026-02-07 22:18:00,2026-02-07 22:43:00,25,Planned,Preventive Maintenance
DT00000716,WO00000917,P01,P01_L01,M002,B,2026-02-08 14:39:00,2026-02-08 14:55:00,16,Unplanned,Quality Hold
DT00000717,WO00000920,P01,P01_L02,M008,C,2026-02-08 22:29:00,2026-02-08 22:46:00,17,Planned,Cleaning/Sanitation
DT00000718,WO00000923,P02,P02_L02,M018,C,2026-02-08 22:35:00,2026-02-08 22:43:00,8,Unplanned,Mechanical Failure
DT00000719,WO00000924,P02,P02_L03,M024,B,2026-02-08 14:20:00,2026-02-08 14:46:00,26,Planned,Planned Inspection
DT00000720,WO00000924,P02,P02_L03,M023,B,2026-02-08 14:51:00,2026-02-08 15:04:00,13,Unplanned,Quality Hold
DT00000721,WO00000925,P03,P03_L01,M025,A,2026-02-08 06:29:00,2026-02-08 07:13:00,44,Planned,Changeover
DT00000722,WO00000926,P03,P03_L01,M025,C,2026-02-08 22:18:00,2026-02-08 22:41:00,23,Planned,Changeover
DT00000723,WO00000927,P03,P03_L02,M030,B,2026-02-08 14:42:00,2026-02-08 15:07:00,25,Planned,Changeover
DT00000724,WO00000927,P03,P03_L02,M032,B,2026-02-08 15:12:00,2026-02-08 15:37:00,25,Unplanned,Sensor/Controls Fault
DT00000725,WO00000927,P03,P03_L02,M029,B,2026-02-08 15:40:00,2026-02-08 15:59:00,19,Unplanned,Sensor/Controls Fault
DT00000726,WO00000930,P01,P01_L01,M001,A,2026-02-09 06:21:00,2026-02-09 06:59:00,38,Planned,Cleaning/Sanitation
DT00000727,WO00000931,P01,P01_L01,M001,B,2026-02-09 14:36:00,2026-02-09 15:20:00,44,Unplanned,Electrical Fault
DT00000728,WO00000934,P01,P01_L02,M008,B,2026-02-09 14:24:00,2026-02-09 15:03:00,39,Planned,Planned Inspection
DT00000729,WO00000937,P01,P01_L03,M012,B,2026-02-09 14:18:00,2026-02-09 14:34:00,16,Planned,Changeover
DT00000730,WO00000939,P02,P02_L01,M015,A,2026-02-09 06:23:00,2026-02-09 06:52:00,29,Unplanned,Utility Interruption
DT00000731,WO00000941,P02,P02_L01,M015,C,2026-02-09 22:20:00,2026-02-09 22:48:00,28,Planned,Preventive Maintenance
DT00000732,WO00000943,P02,P02_L02,M019,B,2026-02-09 14:16:00,2026-02-09 14:45:00,29,Planned,Preventive Maintenance
DT00000733,WO00000943,P02,P02_L02,M018,B,2026-02-09 14:50:00,2026-02-09 14:59:00,9,Unplanned,Electrical Fault
DT00000734,WO00000944,P02,P02_L02,M020,C,2026-02-09 22:49:00,2026-02-09 23:12:00,23,Planned,Planned Inspection
DT00000735,WO00000945,P02,P02_L03,M024,A,2026-02-09 06:38:00,2026-02-09 07:12:00,34,Unplanned,Utility Interruption
DT00000736,WO00000946,P02,P02_L03,M022,B,2026-02-09 14:34:00,2026-02-09 14:49:00,15,Planned,Changeover
DT00000737,WO00000947,P02,P02_L03,M021,C,2026-02-09 22:47:00,2026-02-09 23:12:00,25,Planned,Cleaning/Sanitation
DT00000738,WO00000947,P02,P02_L03,M023,C,2026-02-09 23:17:00,2026-02-09 23:41:00,24,Unplanned,Mechanical Failure
DT00000739,WO00000949,P03,P03_L01,M025,B,2026-02-09 14:26:00,2026-02-09 14:55:00,29,Planned,Changeover
DT00000740,WO00000950,P03,P03_L01,M027,C,2026-02-09 22:36:00,2026-02-09 23:45:00,69,Unplanned,Mechanical Failure
DT00000741,WO00000952,P03,P03_L02,M029,B,2026-02-09 14:17:00,2026-02-09 14:39:00,22,Unplanned,Mechanical Failure
DT00000742,WO00000956,P03,P03_L03,M034,C,2026-02-09 22:48:00,2026-02-09 23:14:00,26,Unplanned,Operator Adjustment
DT00000743,WO00000957,P01,P01_L01,M003,A,2026-02-10 06:41:00,2026-02-10 07:02:00,21,Planned,Cleaning/Sanitation
DT00000744,WO00000963,P01,P01_L03,M011,A,2026-02-10 06:17:00,2026-02-10 06:39:00,22,Planned,Changeover
DT00000745,WO00000967,P02,P02_L01,M014,B,2026-02-10 14:23:00,2026-02-10 14:46:00,23,Planned,Preventive Maintenance
DT00000746,WO00000972,P02,P02_L03,M023,A,2026-02-10 06:20:00,2026-02-10 06:49:00,29,Planned,Changeover
DT00000747,WO00000973,P02,P02_L03,M024,B,2026-02-10 14:12:00,2026-02-10 14:55:00,43,Planned,Preventive Maintenance
DT00000748,WO00000973,P02,P02_L03,M023,B,2026-02-10 15:00:00,2026-02-10 15:20:00,20,Unplanned,Electrical Fault
DT00000749,WO00000976,P03,P03_L01,M026,B,2026-02-10 14:35:00,2026-02-10 15:26:00,51,Planned,Preventive Maintenance
DT00000750,WO00000978,P03,P03_L02,M030,A,2026-02-10 06:41:00,2026-02-10 07:06:00,25,Planned,Changeover
DT00000751,WO00000979,P03,P03_L02,M030,B,2026-02-10 14:20:00,2026-02-10 14:44:00,24,Unplanned,Sensor/Controls Fault
DT00000752,WO00000981,P03,P03_L03,M034,A,2026-02-10 06:25:00,2026-02-10 06:52:00,27,Planned,Changeover
DT00000753,WO00000983,P03,P03_L03,M034,C,2026-02-10 22:33:00,2026-02-10 23:09:00,36,Planned,Changeover
DT00000754,WO00000984,P01,P01_L01,M001,A,2026-02-11 06:39:00,2026-02-11 07:02:00,23,Planned,Cleaning/Sanitation
DT00000755,WO00000993,P02,P02_L01,M014,A,2026-02-11 06:35:00,2026-02-11 07:04:00,29,Planned,Cleaning/Sanitation
DT00000756,WO00000994,P02,P02_L01,M016,B,2026-02-11 14:48:00,2026-02-11 15:42:00,54,Planned,Cleaning/Sanitation
DT00000757,WO00000994,P02,P02_L01,M015,B,2026-02-11 15:47:00,2026-02-11 16:14:00,27,Unplanned,Material Starvation
DT00000758,WO00000995,P02,P02_L01,M016,C,2026-02-11 22:14:00,2026-02-11 22:44:00,30,Planned,Changeover
DT00000759,WO00000997,P02,P02_L02,M020,B,2026-02-11 14:14:00,2026-02-11 15:13:00,59,Unplanned,Material Starvation
DT00000760,WO00000998,P02,P02_L02,M017,C,2026-02-11 22:17:00,2026-02-11 22:55:00,38,Planned,Planned Inspection
DT00000761,WO00000998,P02,P02_L02,M020,C,2026-02-11 23:00:00,2026-02-11 23:53:00,53,Unplanned,Electrical Fault
DT00000762,WO00000999,P02,P02_L03,M024,A,2026-02-11 06:45:00,2026-02-11 07:13:00,28,Planned,Changeover
DT00000763,WO00001000,P02,P02_L03,M024,B,2026-02-11 14:22:00,2026-02-11 15:01:00,39,Planned,Preventive Maintenance
DT00000764,WO00001001,P02,P02_L03,M022,C,2026-02-11 22:47:00,2026-02-11 23:30:00,43,Planned,Planned Inspection
DT00000765,WO00001001,P02,P02_L03,M024,C,2026-02-11 23:35:00,2026-02-11 23:51:00,16,Unplanned,Mechanical Failure
DT00000766,WO00001001,P02,P02_L03,M023,C,2026-02-11 23:54:00,2026-02-12 00:08:00,14,Unplanned,Electrical Fault
DT00000767,WO00001003,P03,P03_L01,M028,B,2026-02-11 14:38:00,2026-02-11 14:55:00,17,Planned,Cleaning/Sanitation
DT00000768,WO00001004,P03,P03_L01,M028,C,2026-02-11 22:26:00,2026-02-11 23:03:00,37,Planned,Changeover
DT00000769,WO00001005,P03,P03_L02,M032,A,2026-02-11 06:20:00,2026-02-11 06:30:00,10,Unplanned,Material Starvation
DT00000770,WO00001006,P03,P03_L02,M031,B,2026-02-11 14:27:00,2026-02-11 15:01:00,34,Planned,Preventive Maintenance
DT00000771,WO00001007,P03,P03_L02,M032,C,2026-02-11 22:24:00,2026-02-11 22:51:00,27,Planned,Changeover
DT00000772,WO00001010,P03,P03_L03,M036,C,2026-02-11 22:44:00,2026-02-11 22:53:00,9,Unplanned,Utility Interruption
DT00000773,WO00001011,P01,P01_L01,M003,A,2026-02-12 06:34:00,2026-02-12 07:25:00,51,Unplanned,Sensor/Controls Fault
DT00000774,WO00001011,P01,P01_L01,M004,A,2026-02-12 07:28:00,2026-02-12 07:46:00,18,Unplanned,Sensor/Controls Fault
DT00000775,WO00001012,P01,P01_L01,M002,B,2026-02-12 14:33:00,2026-02-12 15:24:00,51,Unplanned,Material Starvation
DT00000776,WO00001013,P01,P01_L01,M003,C,2026-02-12 22:21:00,2026-02-12 23:57:00,96,Unplanned,Electrical Fault
DT00000777,WO00001015,P01,P01_L02,M007,B,2026-02-12 14:16:00,2026-02-12 14:56:00,40,Planned,Preventive Maintenance
DT00000778,WO00001018,P01,P01_L03,M011,B,2026-02-12 14:35:00,2026-02-12 15:00:00,25,Planned,Preventive Maintenance
DT00000779,WO00001019,P01,P01_L03,M009,C,2026-02-12 22:20:00,2026-02-12 22:43:00,23,Planned,Cleaning/Sanitation
DT00000780,WO00001020,P02,P02_L01,M016,A,2026-02-12 06:27:00,2026-02-12 07:34:00,67,Planned,Changeover
DT00000781,WO00001022,P02,P02_L01,M013,C,2026-02-12 22:17:00,2026-02-12 22:21:00,4,Unplanned,Quality Hold
DT00000782,WO00001023,P02,P02_L02,M017,A,2026-02-12 06:22:00,2026-02-12 06:38:00,16,Unplanned,Electrical Fault
DT00000783,WO00001023,P02,P02_L02,M017,A,2026-02-12 06:41:00,2026-02-12 07:29:00,48,Unplanned,Mechanical Failure
DT00000784,WO00001026,P02,P02_L03,M023,A,2026-02-12 06:34:00,2026-02-12 06:50:00,16,Planned,Changeover
DT00000785,WO00001027,P02,P02_L03,M022,B,2026-02-12 14:33:00,2026-02-12 15:15:00,42,Unplanned,Sensor/Controls Fault
DT00000786,WO00001028,P02,P02_L03,M023,C,2026-02-12 22:29:00,2026-02-12 23:06:00,37,Planned,Changeover
DT00000787,WO00001029,P03,P03_L01,M026,A,2026-02-12 06:27:00,2026-02-12 06:57:00,30,Planned,Changeover
DT00000788,WO00001030,P03,P03_L01,M026,B,2026-02-12 14:23:00,2026-02-12 14:58:00,35,Planned,Changeover
DT00000789,WO00001031,P03,P03_L01,M026,C,2026-02-12 22:24:00,2026-02-12 22:41:00,17,Planned,Preventive Maintenance
DT00000790,WO00001032,P03,P03_L02,M032,A,2026-02-12 06:31:00,2026-02-12 07:16:00,45,Planned,Planned Inspection
DT00000791,WO00001033,P03,P03_L02,M030,B,2026-02-12 14:46:00,2026-02-12 15:14:00,28,Planned,Cleaning/Sanitation
DT00000792,WO00001033,P03,P03_L02,M032,B,2026-02-12 15:19:00,2026-02-12 15:40:00,21,Unplanned,Mechanical Failure
DT00000793,WO00001033,P03,P03_L02,M031,B,2026-02-12 15:43:00,2026-02-12 17:17:00,94,Unplanned,Mechanical Failure
DT00000794,WO00001034,P03,P03_L02,M032,C,2026-02-12 22:44:00,2026-02-12 23:40:00,56,Unplanned,Material Starvation
DT00000795,WO00001034,P03,P03_L02,M032,C,2026-02-12 23:43:00,2026-02-12 23:54:00,11,Unplanned,Mechanical Failure
DT00000796,WO00001036,P03,P03_L03,M036,B,2026-02-12 14:10:00,2026-02-12 14:32:00,22,Planned,Changeover
DT00000797,WO00001038,P01,P01_L01,M002,A,2026-02-13 06:35:00,2026-02-13 07:00:00,25,Planned,Preventive Maintenance
DT00000798,WO00001039,P01,P01_L01,M003,B,2026-02-13 14:15:00,2026-02-13 14:47:00,32,Unplanned,Material Starvation
DT00000799,WO00001041,P01,P01_L02,M005,A,2026-02-13 06:43:00,2026-02-13 07:13:00,30,Planned,Changeover
DT00000800,WO00001042,P01,P01_L02,M006,B,2026-02-13 14:15:00,2026-02-13 15:02:00,47,Planned,Preventive Maintenance
DT00000801,WO00001042,P01,P01_L02,M007,B,2026-02-13 15:07:00,2026-02-13 15:38:00,31,Unplanned,Electrical Fault
DT00000802,WO00001043,P01,P01_L02,M007,C,2026-02-13 22:46:00,2026-02-13 23:05:00,19,Unplanned,Material Starvation
DT00000803,WO00001045,P01,P01_L03,M012,B,2026-02-13 14:11:00,2026-02-13 14:34:00,23,Planned,Planned Inspection
DT00000804,WO00001048,P02,P02_L01,M013,B,2026-02-13 14:47:00,2026-02-13 15:08:00,21,Unplanned,Electrical Fault
DT00000805,WO00001049,P02,P02_L01,M014,C,2026-02-13 22:27:00,2026-02-13 22:56:00,29,Planned,Changeover
DT00000806,WO00001050,P02,P02_L02,M020,A,2026-02-13 06:22:00,2026-02-13 07:00:00,38,Unplanned,Electrical Fault
DT00000807,WO00001051,P02,P02_L02,M020,B,2026-02-13 14:36:00,2026-02-13 16:06:00,90,Unplanned,Electrical Fault
DT00000808,WO00001052,P02,P02_L02,M018,C,2026-02-13 22:24:00,2026-02-13 23:13:00,49,Planned,Changeover
DT00000809,WO00001054,P02,P02_L03,M023,B,2026-02-13 14:33:00,2026-02-13 15:02:00,29,Unplanned,Mechanical Failure
DT00000810,WO00001055,P02,P02_L03,M022,C,2026-02-13 22:47:00,2026-02-13 23:20:00,33,Planned,Planned Inspection
DT00000811,WO00001056,P03,P03_L01,M027,A,2026-02-13 06:13:00,2026-02-13 06:56:00,43,Planned,Planned Inspection
DT00000812,WO00001057,P03,P03_L01,M026,B,2026-02-13 14:15:00,2026-02-13 15:30:00,75,Planned,Changeover
DT00000813,WO00001057,P03,P03_L01,M028,B,2026-02-13 15:35:00,2026-02-13 15:46:00,11,Unplanned,Electrical Fault
DT00000814,WO00001058,P03,P03_L01,M025,C,2026-02-13 22:22:00,2026-02-13 23:03:00,41,Unplanned,Electrical Fault
DT00000815,WO00001058,P03,P03_L01,M027,C,2026-02-13 23:06:00,2026-02-14 00:05:00,59,Unplanned,Material Starvation
DT00000816,WO00001059,P03,P03_L02,M031,A,2026-02-13 06:39:00,2026-02-13 07:00:00,21,Planned,Preventive Maintenance
DT00000817,WO00001061,P03,P03_L02,M031,C,2026-02-13 22:42:00,2026-02-13 23:21:00,39,Unplanned,Electrical Fault
DT00000818,WO00001062,P03,P03_L03,M035,A,2026-02-13 06:43:00,2026-02-13 07:00:00,17,Unplanned,Electrical Fault
DT00000819,WO00001064,P03,P03_L03,M035,C,2026-02-13 22:15:00,2026-02-13 22:37:00,22,Planned,Preventive Maintenance
DT00000820,WO00001064,P03,P03_L03,M034,C,2026-02-13 22:42:00,2026-02-13 22:56:00,14,Unplanned,Material Starvation
DT00000821,WO00001064,P03,P03_L03,M036,C,2026-02-13 22:59:00,2026-02-13 23:17:00,18,Unplanned,Mechanical Failure
DT00000822,WO00001065,P01,P01_L01,M001,B,2026-02-14 14:31:00,2026-02-14 14:53:00,22,Planned,Preventive Maintenance
DT00000823,WO00001069,P02,P02_L01,M015,A,2026-02-14 06:29:00,2026-02-14 07:00:00,31,Planned,Preventive Maintenance
DT00000824,WO00001070,P02,P02_L02,M020,B,2026-02-14 14:42:00,2026-02-14 15:08:00,26,Planned,Preventive Maintenance
DT00000825,WO00001071,P02,P02_L03,M023,A,2026-02-14 06:33:00,2026-02-14 07:10:00,37,Planned,Preventive Maintenance
DT00000826,WO00001071,P02,P02_L03,M021,A,2026-02-14 07:15:00,2026-02-14 07:32:00,17,Unplanned,Sensor/Controls Fault
DT00000827,WO00001074,P03,P03_L02,M030,A,2026-02-14 06:30:00,2026-02-14 06:52:00,22,Planned,Cleaning/Sanitation
DT00000828,WO00001074,P03,P03_L02,M032,A,2026-02-14 06:57:00,2026-02-14 07:34:00,37,Unplanned,Mechanical Failure
DT00000829,WO00001075,P03,P03_L03,M033,B,2026-02-14 14:39:00,2026-02-14 15:08:00,29,Planned,Preventive Maintenance
DT00000830,WO00001077,P01,P01_L02,M008,C,2026-02-15 22:21:00,2026-02-15 22:59:00,38,Planned,Changeover
DT00000831,WO00001078,P01,P01_L03,M011,A,2026-02-15 06:13:00,2026-02-15 06:36:00,23,Planned,Preventive Maintenance
DT00000832,WO00001078,P01,P01_L03,M011,A,2026-02-15 06:41:00,2026-02-15 07:30:00,49,Unplanned,Electrical Fault
DT00000833,WO00001080,P02,P02_L01,M016,A,2026-02-15 06:26:00,2026-02-15 06:52:00,26,Planned,Changeover
DT00000834,WO00001081,P02,P02_L01,M015,B,2026-02-15 14:40:00,2026-02-15 14:47:00,7,Unplanned,Quality Hold
DT00000835,WO00001082,P02,P02_L01,M015,C,2026-02-15 22:25:00,2026-02-15 23:06:00,41,Unplanned,Mechanical Failure
DT00000836,WO00001083,P02,P02_L02,M018,A,2026-02-15 06:29:00,2026-02-15 06:51:00,22,Planned,Preventive Maintenance
DT00000837,WO00001086,P02,P02_L03,M021,A,2026-02-15 06:39:00,2026-02-15 07:07:00,28,Planned,Preventive Maintenance
DT00000838,WO00001086,P02,P02_L03,M024,A,2026-02-15 07:12:00,2026-02-15 07:28:00,16,Unplanned,Sensor/Controls Fault
DT00000839,WO00001087,P02,P02_L03,M023,B,2026-02-15 14:32:00,2026-02-15 15:01:00,29,Planned,Preventive Maintenance
DT00000840,WO00001090,P03,P03_L01,M025,B,2026-02-15 14:33:00,2026-02-15 14:48:00,15,Planned,Cleaning/Sanitation
DT00000841,WO00001092,P03,P03_L02,M031,C,2026-02-15 22:36:00,2026-02-16 00:03:00,87,Planned,Changeover
DT00000842,WO00001094,P01,P01_L01,M001,A,2026-02-16 06:47:00,2026-02-16 07:19:00,32,Planned,Planned Inspection
DT00000843,WO00001095,P01,P01_L01,M002,B,2026-02-16 14:34:00,2026-02-16 14:58:00,24,Planned,Preventive Maintenance
DT00000844,WO00001095,P01,P01_L01,M003,B,2026-02-16 15:03:00,2026-02-16 15:07:00,4,Unplanned,Electrical Fault
DT00000845,WO00001097,P01,P01_L02,M007,A,2026-02-16 06:36:00,2026-02-16 07:08:00,32,Planned,Preventive Maintenance
DT00000846,WO00001098,P01,P01_L02,M007,B,2026-02-16 14:32:00,2026-02-16 15:13:00,41,Planned,Preventive Maintenance
DT00000847,WO00001099,P01,P01_L02,M008,C,2026-02-16 22:40:00,2026-02-16 23:04:00,24,Planned,Planned Inspection
DT00000848,WO00001100,P01,P01_L03,M009,A,2026-02-16 06:14:00,2026-02-16 06:38:00,24,Planned,Planned Inspection
DT00000849,WO00001102,P01,P01_L03,M011,C,2026-02-16 22:38:00,2026-02-16 23:02:00,24,Planned,Preventive Maintenance
DT00000850,WO00001102,P01,P01_L03,M010,C,2026-02-16 23:07:00,2026-02-16 23:24:00,17,Unplanned,Material Starvation
DT00000851,WO00001105,P02,P02_L01,M015,C,2026-02-16 22:14:00,2026-02-16 22:31:00,17,Unplanned,Mechanical Failure
DT00000852,WO00001107,P02,P02_L02,M019,B,2026-02-16 14:43:00,2026-02-16 15:13:00,30,Unplanned,Electrical Fault
DT00000853,WO00001112,P03,P03_L01,M026,A,2026-02-16 06:34:00,2026-02-16 06:58:00,24,Planned,Changeover
DT00000854,WO00001114,P03,P03_L01,M026,C,2026-02-16 22:24:00,2026-02-16 23:08:00,44,Unplanned,Quality Hold
DT00000855,WO00001114,P03,P03_L01,M026,C,2026-02-16 23:11:00,2026-02-17 00:35:00,84,Unplanned,Quality Hold
DT00000856,WO00001116,P03,P03_L02,M031,B,2026-02-16 14:36:00,2026-02-16 14:48:00,12,Unplanned,Mechanical Failure
DT00000857,WO00001118,P03,P03_L03,M033,A,2026-02-16 06:20:00,2026-02-16 06:32:00,12,Unplanned,Utility Interruption
DT00000858,WO00001118,P03,P03_L03,M035,A,2026-02-16 06:35:00,2026-02-16 06:54:00,19,Unplanned,Mechanical Failure
DT00000859,WO00001119,P03,P03_L03,M036,B,2026-02-16 14:46:00,2026-02-16 15:09:00,23,Planned,Planned Inspection
DT00000860,WO00001122,P01,P01_L01,M002,B,2026-02-17 14:39:00,2026-02-17 14:51:00,12,Planned,Preventive Maintenance
DT00000861,WO00001122,P01,P01_L01,M004,B,2026-02-17 14:56:00,2026-02-17 15:39:00,43,Unplanned,Sensor/Controls Fault
DT00000862,WO00001125,P01,P01_L02,M007,B,2026-02-17 14:12:00,2026-02-17 14:56:00,44,Planned,Cleaning/Sanitation
DT00000863,WO00001125,P01,P01_L02,M006,B,2026-02-17 15:01:00,2026-02-17 15:46:00,45,Unplanned,Mechanical Failure
DT00000864,WO00001125,P01,P01_L02,M008,B,2026-02-17 15:49:00,2026-02-17 16:07:00,18,Unplanned,Quality Hold
DT00000865,WO00001126,P01,P01_L02,M005,C,2026-02-17 22:34:00,2026-02-17 23:08:00,34,Planned,Preventive Maintenance
DT00000866,WO00001127,P01,P01_L03,M012,A,2026-02-17 06:17:00,2026-02-17 06:35:00,18,Planned,Planned Inspection
DT00000867,WO00001127,P01,P01_L03,M009,A,2026-02-17 06:40:00,2026-02-17 07:05:00,25,Unplanned,Sensor/Controls Fault
DT00000868,WO00001129,P01,P01_L03,M009,C,2026-02-17 22:23:00,2026-02-17 22:41:00,18,Unplanned,Mechanical Failure
DT00000869,WO00001130,P02,P02_L01,M014,A,2026-02-17 06:43:00,2026-02-17 06:58:00,15,Unplanned,Electrical Fault
DT00000870,WO00001131,P02,P02_L01,M013,B,2026-02-17 14:14:00,2026-02-17 15:11:00,57,Planned,Planned Inspection
DT00000871,WO00001133,P02,P02_L02,M020,A,2026-02-17 06:11:00,2026-02-17 06:51:00,40,Unplanned,Utility Interruption
DT00000872,WO00001137,P02,P02_L03,M024,B,2026-02-17 14:13:00,2026-02-17 14:44:00,31,Planned,Planned Inspection
DT00000873,WO00001137,P02,P02_L03,M024,B,2026-02-17 14:49:00,2026-02-17 14:59:00,10,Unplanned,Mechanical Failure
DT00000874,WO00001138,P02,P02_L03,M022,C,2026-02-17 22:14:00,2026-02-17 22:29:00,15,Planned,Changeover
DT00000875,WO00001141,P03,P03_L01,M027,C,2026-02-17 22:43:00,2026-02-17 23:27:00,44,Planned,Preventive Maintenance
DT00000876,WO00001142,P03,P03_L02,M029,A,2026-02-17 06:49:00,2026-02-17 07:06:00,17,Unplanned,Operator Adjustment
DT00000877,WO00001143,P03,P03_L02,M030,B,2026-02-17 14:25:00,2026-02-17 14:39:00,14,Planned,Changeover
DT00000878,WO00001145,P03,P03_L03,M036,A,2026-02-17 06:40:00,2026-02-17 06:48:00,8,Unplanned,Material Starvation
DT00000879,WO00001146,P03,P03_L03,M034,B,2026-02-17 14:32:00,2026-02-17 15:22:00,50,Planned,Changeover
DT00000880,WO00001147,P03,P03_L03,M035,C,2026-02-17 22:47:00,2026-02-17 22:59:00,12,Unplanned,Electrical Fault
DT00000881,WO00001148,P01,P01_L01,M004,A,2026-02-18 06:41:00,2026-02-18 06:59:00,18,Planned,Planned Inspection
DT00000882,WO00001149,P01,P01_L01,M002,B,2026-02-18 14:16:00,2026-02-18 14:38:00,22,Planned,Preventive Maintenance
DT00000883,WO00001150,P01,P01_L01,M001,C,2026-02-18 22:13:00,2026-02-18 23:14:00,61,Planned,Planned Inspection
DT00000884,WO00001154,P01,P01_L03,M011,A,2026-02-18 06:45:00,2026-02-18 07:28:00,43,Planned,Changeover
DT00000885,WO00001158,P02,P02_L01,M014,B,2026-02-18 14:24:00,2026-02-18 14:57:00,33,Planned,Changeover
DT00000886,WO00001159,P02,P02_L01,M015,C,2026-02-18 22:35:00,2026-02-18 23:01:00,26,Planned,Changeover
DT00000887,WO00001161,P02,P02_L02,M019,B,2026-02-18 14:36:00,2026-02-18 15:07:00,31,Planned,Changeover
DT00000888,WO00001165,P02,P02_L03,M023,C,2026-02-18 22:16:00,2026-02-18 22:28:00,12,Planned,Changeover
DT00000889,WO00001170,P03,P03_L02,M031,B,2026-02-18 14:21:00,2026-02-18 14:45:00,24,Planned,Cleaning/Sanitation
DT00000890,WO00001171,P03,P03_L02,M030,C,2026-02-18 22:30:00,2026-02-18 23:03:00,33,Planned,Preventive Maintenance
DT00000891,WO00001171,P03,P03_L02,M032,C,2026-02-18 23:08:00,2026-02-18 23:18:00,10,Unplanned,Electrical Fault
DT00000892,WO00001173,P03,P03_L03,M033,B,2026-02-18 14:36:00,2026-02-18 14:54:00,18,Planned,Changeover
DT00000893,WO00001174,P03,P03_L03,M033,C,2026-02-18 22:16:00,2026-02-18 23:37:00,81,Planned,Cleaning/Sanitation
DT00000894,WO00001175,P01,P01_L01,M001,A,2026-02-19 06:35:00,2026-02-19 07:06:00,31,Unplanned,Material Starvation
DT00000895,WO00001178,P01,P01_L02,M008,A,2026-02-19 06:24:00,2026-02-19 06:48:00,24,Unplanned,Mechanical Failure
DT00000896,WO00001180,P01,P01_L02,M008,C,2026-02-19 22:22:00,2026-02-19 22:38:00,16,Unplanned,Electrical Fault
DT00000897,WO00001181,P01,P01_L03,M009,A,2026-02-19 06:41:00,2026-02-19 07:11:00,30,Planned,Cleaning/Sanitation
DT00000898,WO00001182,P01,P01_L03,M009,B,2026-02-19 14:18:00,2026-02-19 14:50:00,32,Planned,Changeover
DT00000899,WO00001183,P01,P01_L03,M012,C,2026-02-19 22:18:00,2026-02-19 22:41:00,23,Planned,Changeover
DT00000900,WO00001183,P01,P01_L03,M011,C,2026-02-19 22:46:00,2026-02-19 23:05:00,19,Unplanned,Material Starvation
DT00000901,WO00001185,P02,P02_L01,M014,B,2026-02-19 14:22:00,2026-02-19 14:34:00,12,Planned,Preventive Maintenance
DT00000902,WO00001187,P02,P02_L02,M017,A,2026-02-19 06:40:00,2026-02-19 07:03:00,23,Planned,Changeover
DT00000903,WO00001191,P02,P02_L03,M021,B,2026-02-19 14:46:00,2026-02-19 15:10:00,24,Unplanned,Mechanical Failure
DT00000904,WO00001192,P02,P02_L03,M021,C,2026-02-19 22:22:00,2026-02-19 22:54:00,32,Planned,Preventive Maintenance
DT00000905,WO00001193,P03,P03_L01,M027,A,2026-02-19 06:42:00,2026-02-19 06:57:00,15,Unplanned,Mechanical Failure
DT00000906,WO00001194,P03,P03_L01,M025,B,2026-02-19 14:24:00,2026-02-19 14:37:00,13,Unplanned,Material Starvation
DT00000907,WO00001196,P03,P03_L02,M029,A,2026-02-19 06:28:00,2026-02-19 06:58:00,30,Planned,Changeover
DT00000908,WO00001198,P03,P03_L02,M032,C,2026-02-19 22:13:00,2026-02-19 22:59:00,46,Planned,Changeover
DT00000909,WO00001199,P03,P03_L03,M033,A,2026-02-19 06:44:00,2026-02-19 06:58:00,14,Unplanned,Mechanical Failure
DT00000910,WO00001200,P03,P03_L03,M035,B,2026-02-19 14:41:00,2026-02-19 15:02:00,21,Planned,Changeover
DT00000911,WO00001202,P01,P01_L01,M004,A,2026-02-20 06:17:00,2026-02-20 06:30:00,13,Planned,Preventive Maintenance
DT00000912,WO00001202,P01,P01_L01,M001,A,2026-02-20 06:35:00,2026-02-20 06:50:00,15,Unplanned,Mechanical Failure
DT00000913,WO00001203,P01,P01_L01,M002,B,2026-02-20 14:16:00,2026-02-20 14:43:00,27,Planned,Cleaning/Sanitation
DT00000914,WO00001204,P01,P01_L01,M001,C,2026-02-20 22:17:00,2026-02-20 22:56:00,39,Unplanned,Mechanical Failure
DT00000915,WO00001205,P01,P01_L02,M005,A,2026-02-20 06:38:00,2026-02-20 07:16:00,38,Planned,Cleaning/Sanitation
DT00000916,WO00001205,P01,P01_L02,M007,A,2026-02-20 07:21:00,2026-02-20 07:50:00,29,Unplanned,Utility Interruption
DT00000917,WO00001207,P01,P01_L02,M005,C,2026-02-20 22:49:00,2026-02-20 23:37:00,48,Planned,Cleaning/Sanitation
DT00000918,WO00001208,P01,P01_L03,M009,A,2026-02-20 06:15:00,2026-02-20 06:23:00,8,Unplanned,Material Starvation
DT00000919,WO00001210,P01,P01_L03,M010,C,2026-02-20 22:15:00,2026-02-20 22:55:00,40,Planned,Cleaning/Sanitation
DT00000920,WO00001210,P01,P01_L03,M012,C,2026-02-20 23:00:00,2026-02-20 23:07:00,7,Unplanned,Electrical Fault
DT00000921,WO00001212,P02,P02_L01,M014,B,2026-02-20 14:12:00,2026-02-20 14:28:00,16,Unplanned,Quality Hold
DT00000922,WO00001214,P02,P02_L02,M017,A,2026-02-20 06:11:00,2026-02-20 06:26:00,15,Unplanned,Electrical Fault
DT00000923,WO00001215,P02,P02_L02,M019,B,2026-02-20 14:19:00,2026-02-20 14:48:00,29,Unplanned,Sensor/Controls Fault
DT00000924,WO00001216,P02,P02_L02,M020,C,2026-02-20 22:38:00,2026-02-20 23:26:00,48,Unplanned,Mechanical Failure
DT00000925,WO00001217,P02,P02_L03,M023,A,2026-02-20 06:47:00,2026-02-20 07:38:00,51,Planned,Changeover
DT00000926,WO00001218,P02,P02_L03,M023,B,2026-02-20 14:44:00,2026-02-20 15:17:00,33,Unplanned,Operator Adjustment
DT00000927,WO00001225,P03,P03_L02,M029,C,2026-02-20 22:23:00,2026-02-20 23:07:00,44,Planned,Planned Inspection
DT00000928,WO00001227,P03,P03_L03,M036,B,2026-02-20 14:20:00,2026-02-20 14:44:00,24,Planned,Preventive Maintenance
DT00000929,WO00001229,P01,P01_L01,M003,B,2026-02-21 14:16:00,2026-02-21 14:39:00,23,Planned,Preventive Maintenance
DT00000930,WO00001230,P01,P01_L01,M002,C,2026-02-21 22:33:00,2026-02-21 23:00:00,27,Unplanned,Operator Adjustment
DT00000931,WO00001233,P01,P01_L02,M005,C,2026-02-21 22:39:00,2026-02-22 00:50:00,131,Unplanned,Electrical Fault
DT00000932,WO00001234,P01,P01_L03,M009,A,2026-02-21 06:27:00,2026-02-21 06:46:00,19,Planned,Preventive Maintenance
DT00000933,WO00001235,P02,P02_L01,M013,A,2026-02-21 06:49:00,2026-02-21 07:01:00,12,Planned,Changeover
DT00000934,WO00001236,P02,P02_L02,M017,A,2026-02-21 06:32:00,2026-02-21 07:09:00,37,Unplanned,Mechanical Failure
DT00000935,WO00001237,P02,P02_L02,M018,C,2026-02-21 22:16:00,2026-02-21 23:20:00,64,Unplanned,Quality Hold
DT00000936,WO00001238,P02,P02_L03,M022,A,2026-02-21 06:38:00,2026-02-21 07:48:00,70,Planned,Changeover
DT00000937,WO00001239,P02,P02_L03,M021,B,2026-02-21 14:37:00,2026-02-21 15:07:00,30,Planned,Preventive Maintenance
DT00000938,WO00001240,P03,P03_L01,M025,A,2026-02-21 06:11:00,2026-02-21 06:32:00,21,Unplanned,Material Starvation
DT00000939,WO00001242,P03,P03_L02,M032,A,2026-02-21 06:38:00,2026-02-21 07:15:00,37,Unplanned,Material Starvation
DT00000940,WO00001244,P03,P03_L02,M030,C,2026-02-21 22:23:00,2026-02-21 22:53:00,30,Planned,Changeover
DT00000941,WO00001245,P03,P03_L03,M033,A,2026-02-21 06:45:00,2026-02-21 07:10:00,25,Unplanned,Sensor/Controls Fault
DT00000942,WO00001246,P03,P03_L03,M033,B,2026-02-21 14:27:00,2026-02-21 15:00:00,33,Planned,Changeover
DT00000943,WO00001246,P03,P03_L03,M033,B,2026-02-21 15:05:00,2026-02-21 15:23:00,18,Unplanned,Material Starvation
DT00000944,WO00001247,P03,P03_L03,M034,C,2026-02-21 22:30:00,2026-02-21 23:05:00,35,Unplanned,Mechanical Failure
DT00000945,WO00001249,P01,P01_L01,M001,C,2026-02-22 22:23:00,2026-02-22 22:49:00,26,Unplanned,Mechanical Failure
DT00000946,WO00001250,P01,P01_L02,M005,A,2026-02-22 06:33:00,2026-02-22 06:43:00,10,Unplanned,Electrical Fault
DT00000947,WO00001251,P01,P01_L02,M008,B,2026-02-22 14:40:00,2026-02-22 14:51:00,11,Unplanned,Electrical Fault
DT00000948,WO00001251,P01,P01_L02,M006,B,2026-02-22 14:54:00,2026-02-22 15:30:00,36,Unplanned,Mechanical Failure
DT00000949,WO00001254,P02,P02_L01,M016,B,2026-02-22 14:33:00,2026-02-22 15:09:00,36,Planned,Planned Inspection
DT00000950,WO00001254,P02,P02_L01,M016,B,2026-02-22 15:14:00,2026-02-22 15:42:00,28,Unplanned,Sensor/Controls Fault
DT00000951,WO00001255,P02,P02_L01,M016,C,2026-02-22 22:14:00,2026-02-22 22:29:00,15,Planned,Preventive Maintenance
DT00000952,WO00001256,P02,P02_L02,M017,A,2026-02-22 06:14:00,2026-02-22 06:30:00,16,Planned,Preventive Maintenance
DT00000953,WO00001258,P02,P02_L03,M024,B,2026-02-22 14:33:00,2026-02-22 14:49:00,16,Unplanned,Quality Hold
DT00000954,WO00001258,P02,P02_L03,M023,B,2026-02-22 14:52:00,2026-02-22 15:38:00,46,Unplanned,Quality Hold
DT00000955,WO00001259,P02,P02_L03,M024,C,2026-02-22 22:10:00,2026-02-22 22:29:00,19,Planned,Planned Inspection
DT00000956,WO00001259,P02,P02_L03,M023,C,2026-02-22 22:34:00,2026-02-22 22:51:00,17,Unplanned,Quality Hold
DT00000957,WO00001261,P03,P03_L02,M031,A,2026-02-22 06:23:00,2026-02-22 06:58:00,35,Planned,Changeover
DT00000958,WO00001261,P03,P03_L02,M031,A,2026-02-22 07:03:00,2026-02-22 07:43:00,40,Unplanned,Operator Adjustment
DT00000959,WO00001261,P03,P03_L02,M030,A,2026-02-22 07:46:00,2026-02-22 07:54:00,8,Unplanned,Material Starvation
DT00000960,WO00001262,P03,P03_L02,M032,B,2026-02-22 14:42:00,2026-02-22 15:05:00,23,Unplanned,Quality Hold
DT00000961,WO00001266,P01,P01_L01,M003,A,2026-02-23 06:23:00,2026-02-23 06:59:00,36,Planned,Changeover
DT00000962,WO00001267,P01,P01_L01,M001,B,2026-02-23 14:43:00,2026-02-23 15:20:00,37,Unplanned,Electrical Fault
DT00000963,WO00001268,P01,P01_L01,M002,C,2026-02-23 22:49:00,2026-02-23 23:19:00,30,Unplanned,Material Starvation
DT00000964,WO00001271,P01,P01_L02,M005,C,2026-02-23 22:35:00,2026-02-23 22:54:00,19,Planned,Preventive Maintenance
DT00000965,WO00001272,P01,P01_L03,M010,A,2026-02-23 06:35:00,2026-02-23 07:22:00,47,Planned,Changeover
DT00000966,WO00001274,P01,P01_L03,M010,C,2026-02-23 22:33:00,2026-02-23 23:15:00,42,Planned,Planned Inspection
DT00000967,WO00001276,P02,P02_L01,M014,B,2026-02-23 14:13:00,2026-02-23 14:34:00,21,Planned,Cleaning/Sanitation
DT00000968,WO00001278,P02,P02_L02,M020,A,2026-02-23 06:33:00,2026-02-23 06:49:00,16,Unplanned,Quality Hold
DT00000969,WO00001280,P02,P02_L02,M018,C,2026-02-23 22:24:00,2026-02-23 22:38:00,14,Unplanned,Quality Hold
DT00000970,WO00001281,P02,P02_L03,M023,A,2026-02-23 06:11:00,2026-02-23 06:30:00,19,Planned,Preventive Maintenance
DT00000971,WO00001281,P02,P02_L03,M023,A,2026-02-23 06:35:00,2026-02-23 06:50:00,15,Unplanned,Mechanical Failure
DT00000972,WO00001282,P02,P02_L03,M023,B,2026-02-23 14:43:00,2026-02-23 15:14:00,31,Unplanned,Quality Hold
DT00000973,WO00001285,P03,P03_L01,M028,B,2026-02-23 14:27:00,2026-02-23 14:38:00,11,Unplanned,Mechanical Failure
DT00000974,WO00001285,P03,P03_L01,M027,B,2026-02-23 14:41:00,2026-02-23 14:48:00,7,Unplanned,Material Starvation
DT00000975,WO00001286,P03,P03_L01,M028,C,2026-02-23 22:26:00,2026-02-23 23:03:00,37,Unplanned,Operator Adjustment
DT00000976,WO00001288,P03,P03_L02,M029,B,2026-02-23 14:49:00,2026-02-23 15:34:00,45,Planned,Changeover
DT00000977,WO00001289,P03,P03_L02,M031,C,2026-02-23 22:43:00,2026-02-23 23:22:00,39,Unplanned,Material Starvation
DT00000978,WO00001289,P03,P03_L02,M031,C,2026-02-23 23:25:00,2026-02-23 23:31:00,6,Unplanned,Material Starvation
DT00000979,WO00001289,P03,P03_L02,M032,C,2026-02-23 23:34:00,2026-02-24 00:01:00,27,Unplanned,Quality Hold
DT00000980,WO00001294,P01,P01_L01,M001,B,2026-02-24 14:30:00,2026-02-24 14:57:00,27,Planned,Cleaning/Sanitation
DT00000981,WO00001297,P01,P01_L02,M008,B,2026-02-24 14:31:00,2026-02-24 14:50:00,19,Unplanned,Mechanical Failure
DT00000982,WO00001300,P01,P01_L03,M011,B,2026-02-24 14:15:00,2026-02-24 14:40:00,25,Planned,Changeover
DT00000983,WO00001301,P01,P01_L03,M011,C,2026-02-24 22:29:00,2026-02-24 22:49:00,20,Planned,Changeover
DT00000984,WO00001303,P02,P02_L01,M013,B,2026-02-24 14:38:00,2026-02-24 15:08:00,30,Unplanned,Mechanical Failure
DT00000985,WO00001304,P02,P02_L01,M013,C,2026-02-24 22:31:00,2026-02-24 22:50:00,19,Unplanned,Sensor/Controls Fault
DT00000986,WO00001305,P02,P02_L02,M017,A,2026-02-24 06:34:00,2026-02-24 07:06:00,32,Planned,Planned Inspection
DT00000987,WO00001305,P02,P02_L02,M017,A,2026-02-24 07:11:00,2026-02-24 08:33:00,82,Unplanned,Electrical Fault
DT00000988,WO00001306,P02,P02_L02,M019,B,2026-02-24 14:44:00,2026-02-24 15:24:00,40,Planned,Planned Inspection
DT00000989,WO00001307,P02,P02_L02,M018,C,2026-02-24 22:19:00,2026-02-24 22:40:00,21,Planned,Cleaning/Sanitation
DT00000990,WO00001307,P02,P02_L02,M018,C,2026-02-24 22:45:00,2026-02-24 23:22:00,37,Unplanned,Utility Interruption
DT00000991,WO00001310,P02,P02_L03,M021,C,2026-02-24 22:35:00,2026-02-24 22:56:00,21,Planned,Changeover
DT00000992,WO00001311,P03,P03_L01,M026,A,2026-02-24 06:32:00,2026-02-24 07:10:00,38,Planned,Preventive Maintenance
DT00000993,WO00001312,P03,P03_L01,M026,B,2026-02-24 14:22:00,2026-02-24 14:35:00,13,Unplanned,Material Starvation
DT00000994,WO00001314,P03,P03_L02,M029,A,2026-02-24 06:41:00,2026-02-24 07:17:00,36,Planned,Preventive Maintenance
DT00000995,WO00001315,P03,P03_L02,M029,B,2026-02-24 14:18:00,2026-02-24 14:41:00,23,Planned,Cleaning/Sanitation
DT00000996,WO00001318,P03,P03_L03,M035,B,2026-02-24 14:11:00,2026-02-24 14:46:00,35,Planned,Cleaning/Sanitation
DT00000997,WO00001319,P03,P03_L03,M036,C,2026-02-24 22:44:00,2026-02-24 23:12:00,28,Planned,Changeover
DT00000998,WO00001319,P03,P03_L03,M033,C,2026-02-24 23:17:00,2026-02-24 23:43:00,26,Unplanned,Material Starvation
DT00000999,WO00001321,P01,P01_L01,M004,B,2026-02-25 14:19:00,2026-02-25 14:56:00,37,Unplanned,Electrical Fault
DT00001000,WO00001322,P01,P01_L01,M004,C,2026-02-25 22:41:00,2026-02-25 23:27:00,46,Planned,Preventive Maintenance
DT00001001,WO00001323,P01,P01_L02,M005,A,2026-02-25 06:11:00,2026-02-25 06:55:00,44,Unplanned,Electrical Fault
DT00001002,WO00001324,P01,P01_L02,M006,B,2026-02-25 14:30:00,2026-02-25 14:59:00,29,Planned,Changeover
DT00001003,WO00001324,P01,P01_L02,M007,B,2026-02-25 15:04:00,2026-02-25 16:07:00,63,Unplanned,Electrical Fault
DT00001004,WO00001325,P01,P01_L02,M006,C,2026-02-25 22:12:00,2026-02-25 22:33:00,21,Planned,Cleaning/Sanitation
DT00001005,WO00001326,P01,P01_L03,M009,A,2026-02-25 06:48:00,2026-02-25 08:08:00,80,Unplanned,Material Starvation
DT00001006,WO00001327,P01,P01_L03,M009,B,2026-02-25 14:25:00,2026-02-25 15:18:00,53,Planned,Changeover
DT00001007,WO00001328,P01,P01_L03,M009,C,2026-02-25 22:44:00,2026-02-25 23:34:00,50,Planned,Preventive Maintenance
DT00001008,WO00001330,P02,P02_L01,M014,B,2026-02-25 14:28:00,2026-02-25 14:43:00,15,Unplanned,Operator Adjustment
DT00001009,WO00001332,P02,P02_L02,M017,A,2026-02-25 06:33:00,2026-02-25 06:53:00,20,Planned,Changeover
DT00001010,WO00001333,P02,P02_L02,M020,B,2026-02-25 14:22:00,2026-02-25 14:37:00,15,Unplanned,Quality Hold
DT00001011,WO00001335,P02,P02_L03,M023,A,2026-02-25 06:36:00,2026-02-25 07:20:00,44,Planned,Changeover
DT00001012,WO00001336,P02,P02_L03,M023,B,2026-02-25 14:45:00,2026-02-25 15:10:00,25,Planned,Changeover
DT00001013,WO00001336,P02,P02_L03,M023,B,2026-02-25 15:15:00,2026-02-25 15:24:00,9,Unplanned,Material Starvation
DT00001014,WO00001338,P03,P03_L01,M025,A,2026-02-25 06:10:00,2026-02-25 06:48:00,38,Planned,Preventive Maintenance
DT00001015,WO00001339,P03,P03_L01,M026,B,2026-02-25 14:41:00,2026-02-25 15:35:00,54,Planned,Changeover
DT00001016,WO00001341,P03,P03_L02,M030,A,2026-02-25 06:13:00,2026-02-25 06:46:00,33,Planned,Changeover
DT00001017,WO00001341,P03,P03_L02,M031,A,2026-02-25 06:51:00,2026-02-25 07:15:00,24,Unplanned,Operator Adjustment
DT00001018,WO00001342,P03,P03_L02,M029,B,2026-02-25 14:42:00,2026-02-25 15:04:00,22,Planned,Changeover
DT00001019,WO00001343,P03,P03_L02,M031,C,2026-02-25 22:41:00,2026-02-25 23:22:00,41,Planned,Preventive Maintenance
DT00001020,WO00001345,P03,P03_L03,M034,B,2026-02-25 14:24:00,2026-02-25 15:31:00,67,Unplanned,Material Starvation
DT00001021,WO00001348,P01,P01_L01,M001,B,2026-02-26 14:28:00,2026-02-26 15:16:00,48,Planned,Cleaning/Sanitation
DT00001022,WO00001348,P01,P01_L01,M004,B,2026-02-26 15:21:00,2026-02-26 15:28:00,7,Unplanned,Electrical Fault
DT00001023,WO00001349,P01,P01_L01,M002,C,2026-02-26 22:36:00,2026-02-26 23:05:00,29,Planned,Changeover
DT00001024,WO00001354,P01,P01_L03,M010,B,2026-02-26 14:11:00,2026-02-26 15:10:00,59,Planned,Preventive Maintenance
DT00001025,WO00001355,P01,P01_L03,M012,C,2026-02-26 22:47:00,2026-02-26 23:16:00,29,Planned,Changeover
DT00001026,WO00001360,P02,P02_L02,M020,B,2026-02-26 14:38:00,2026-02-26 14:48:00,10,Unplanned,Mechanical Failure
DT00001027,WO00001361,P02,P02_L02,M018,C,2026-02-26 22:44:00,2026-02-26 23:36:00,52,Planned,Preventive Maintenance
DT00001028,WO00001364,P02,P02_L03,M023,C,2026-02-26 22:13:00,2026-02-26 23:16:00,63,Planned,Preventive Maintenance
DT00001029,WO00001365,P03,P03_L01,M027,A,2026-02-26 06:23:00,2026-02-26 07:27:00,64,Planned,Changeover
DT00001030,WO00001367,P03,P03_L01,M027,C,2026-02-26 22:10:00,2026-02-26 22:47:00,37,Planned,Cleaning/Sanitation
DT00001031,WO00001367,P03,P03_L01,M028,C,2026-02-26 22:52:00,2026-02-26 23:20:00,28,Unplanned,Mechanical Failure
DT00001032,WO00001367,P03,P03_L01,M027,C,2026-02-26 23:23:00,2026-02-26 23:44:00,21,Unplanned,Quality Hold
DT00001033,WO00001369,P03,P03_L02,M030,B,2026-02-26 14:32:00,2026-02-26 14:53:00,21,Unplanned,Electrical Fault
DT00001034,WO00001372,P03,P03_L03,M033,B,2026-02-26 14:13:00,2026-02-26 14:23:00,10,Unplanned,Electrical Fault
DT00001035,WO00001375,P01,P01_L01,M002,B,2026-02-27 14:12:00,2026-02-27 15:18:00,66,Unplanned,Mechanical Failure
DT00001036,WO00001378,P01,P01_L02,M007,B,2026-02-27 14:33:00,2026-02-27 14:51:00,18,Planned,Preventive Maintenance
DT00001037,WO00001381,P01,P01_L03,M011,B,2026-02-27 14:43:00,2026-02-27 14:58:00,15,Unplanned,Operator Adjustment
DT00001038,WO00001383,P02,P02_L01,M013,A,2026-02-27 06:39:00,2026-02-27 07:08:00,29,Planned,Changeover
DT00001039,WO00001384,P02,P02_L01,M014,B,2026-02-27 14:18:00,2026-02-27 15:05:00,47,Planned,Changeover
DT00001040,WO00001384,P02,P02_L01,M015,B,2026-02-27 15:10:00,2026-02-27 15:39:00,29,Unplanned,Mechanical Failure
DT00001041,WO00001385,P02,P02_L01,M016,C,2026-02-27 22:46:00,2026-02-27 23:16:00,30,Planned,Preventive Maintenance
DT00001042,WO00001385,P02,P02_L01,M014,C,2026-02-27 23:21:00,2026-02-28 00:00:00,39,Unplanned,Mechanical Failure
DT00001043,WO00001386,P02,P02_L02,M018,A,2026-02-27 06:15:00,2026-02-27 06:41:00,26,Planned,Changeover
DT00001044,WO00001386,P02,P02_L02,M017,A,2026-02-27 06:46:00,2026-02-27 06:53:00,7,Unplanned,Operator Adjustment
DT00001045,WO00001387,P02,P02_L02,M018,B,2026-02-27 14:41:00,2026-02-27 15:46:00,65,Planned,Preventive Maintenance
DT00001046,WO00001390,P02,P02_L03,M022,B,2026-02-27 14:44:00,2026-02-27 15:18:00,34,Planned,Preventive Maintenance
DT00001047,WO00001392,P03,P03_L01,M025,A,2026-02-27 06:26:00,2026-02-27 06:49:00,23,Unplanned,Utility Interruption
DT00001048,WO00001394,P03,P03_L01,M026,C,2026-02-27 22:15:00,2026-02-27 22:40:00,25,Planned,Preventive Maintenance
DT00001049,WO00001395,P03,P03_L02,M029,A,2026-02-27 06:26:00,2026-02-27 06:45:00,19,Unplanned,Mechanical Failure
DT00001050,WO00001396,P03,P03_L02,M031,B,2026-02-27 14:36:00,2026-02-27 14:56:00,20,Unplanned,Mechanical Failure
DT00001051,WO00001397,P03,P03_L02,M031,C,2026-02-27 22:10:00,2026-02-27 22:58:00,48,Planned,Preventive Maintenance
DT00001052,WO00001398,P03,P03_L03,M033,A,2026-02-27 06:11:00,2026-02-27 06:31:00,20,Planned,Cleaning/Sanitation
DT00001053,WO00001399,P03,P03_L03,M033,B,2026-02-27 14:29:00,2026-02-27 15:08:00,39,Planned,Preventive Maintenance
DT00001054,WO00001399,P03,P03_L03,M034,B,2026-02-27 15:13:00,2026-02-27 15:30:00,17,Unplanned,Electrical Fault
DT00001055,WO00001401,P01,P01_L01,M004,A,2026-02-28 06:40:00,2026-02-28 07:07:00,27,Planned,Changeover
DT00001056,WO00001403,P01,P01_L02,M007,C,2026-02-28 22:16:00,2026-02-28 22:34:00,18,Planned,Planned Inspection
DT00001057,WO00001405,P01,P01_L03,M010,B,2026-02-28 14:19:00,2026-02-28 14:44:00,25,Planned,Changeover
DT00001058,WO00001409,P02,P02_L02,M020,A,2026-02-28 06:33:00,2026-02-28 07:04:00,31,Planned,Preventive Maintenance
DT00001059,WO00001412,P02,P02_L03,M023,A,2026-02-28 06:15:00,2026-02-28 06:45:00,30,Unplanned,Quality Hold
DT00001060,WO00001413,P02,P02_L03,M023,B,2026-02-28 14:30:00,2026-02-28 15:13:00,43,Planned,Changeover
DT00001061,WO00001416,P03,P03_L02,M030,A,2026-02-28 06:19:00,2026-02-28 06:42:00,23,Planned,Changeover
DT00001062,WO00001416,P03,P03_L02,M031,A,2026-02-28 06:47:00,2026-02-28 06:53:00,6,Unplanned,Mechanical Failure
DT00001063,WO00001417,P03,P03_L02,M030,B,2026-02-28 14:26:00,2026-02-28 14:39:00,13,Unplanned,Mechanical Failure
DT00001064,WO00001418,P03,P03_L02,M032,C,2026-02-28 22:40:00,2026-02-28 22:45:00,5,Unplanned,Mechanical Failure
DT00001065,WO00001419,P03,P03_L03,M034,A,2026-02-28 06:30:00,2026-02-28 06:47:00,17,Planned,Planned Inspection
DT00001066,WO00001419,P03,P03_L03,M033,A,2026-02-28 06:52:00,2026-02-28 07:58:00,66,Unplanned,Material Starvation
DT00001067,WO00001420,P03,P03_L03,M035,B,2026-02-28 14:37:00,2026-02-28 14:58:00,21,Planned,Cleaning/Sanitation
DT00001068,WO00001420,P03,P03_L03,M034,B,2026-02-28 15:03:00,2026-02-28 15:26:00,23,Unplanned,Mechanical Failure
DT00001069,WO00001421,P03,P03_L03,M035,C,2026-02-28 22:15:00,2026-02-28 22:47:00,32,Planned,Preventive Maintenance
DT00001070,WO00001421,P03,P03_L03,M036,C,2026-02-28 22:52:00,2026-02-28 23:21:00,29,Unplanned,Sensor/Controls Fault
DT00001071,WO00001422,P01,P01_L01,M001,B,2026-03-01 14:13:00,2026-03-01 14:37:00,24,Unplanned,Mechanical Failure
DT00001072,WO00001427,P01,P01_L03,M010,C,2026-03-01 22:13:00,2026-03-01 22:22:00,9,Unplanned,Quality Hold
DT00001073,WO00001429,P02,P02_L01,M014,C,2026-03-01 22:21:00,2026-03-01 22:46:00,25,Planned,Changeover
DT00001074,WO00001430,P02,P02_L02,M017,A,2026-03-01 06:24:00,2026-03-01 06:42:00,18,Unplanned,Utility Interruption
DT00001075,WO00001435,P03,P03_L02,M032,A,2026-03-01 06:49:00,2026-03-01 07:05:00,16,Unplanned,Electrical Fault
DT00001076,WO00001436,P03,P03_L02,M032,C,2026-03-01 22:27:00,2026-03-01 23:23:00,56,Unplanned,Material Starvation
DT00001077,WO00001437,P01,P01_L01,M003,A,2026-03-02 06:42:00,2026-03-02 07:17:00,35,Unplanned,Utility Interruption
DT00001078,WO00001441,P01,P01_L02,M005,B,2026-03-02 14:31:00,2026-03-02 14:55:00,24,Unplanned,Mechanical Failure
DT00001079,WO00001442,P01,P01_L02,M007,C,2026-03-02 22:10:00,2026-03-02 22:26:00,16,Planned,Changeover
DT00001080,WO00001446,P02,P02_L01,M015,A,2026-03-02 06:48:00,2026-03-02 07:04:00,16,Unplanned,Sensor/Controls Fault
DT00001081,WO00001446,P02,P02_L01,M014,A,2026-03-02 07:07:00,2026-03-02 07:17:00,10,Unplanned,Mechanical Failure
DT00001082,WO00001448,P02,P02_L01,M015,C,2026-03-02 22:16:00,2026-03-02 23:07:00,51,Planned,Preventive Maintenance
DT00001083,WO00001455,P03,P03_L01,M027,A,2026-03-02 06:21:00,2026-03-02 06:36:00,15,Unplanned,Quality Hold
DT00001084,WO00001455,P03,P03_L01,M025,A,2026-03-02 06:39:00,2026-03-02 06:50:00,11,Unplanned,Quality Hold
DT00001085,WO00001457,P03,P03_L01,M025,C,2026-03-02 22:28:00,2026-03-02 22:33:00,5,Unplanned,Quality Hold
DT00001086,WO00001457,P03,P03_L01,M026,C,2026-03-02 22:36:00,2026-03-03 00:16:00,100,Unplanned,Electrical Fault
DT00001087,WO00001459,P03,P03_L02,M030,B,2026-03-02 14:12:00,2026-03-02 14:36:00,24,Planned,Preventive Maintenance
DT00001088,WO00001459,P03,P03_L02,M029,B,2026-03-02 14:41:00,2026-03-02 15:16:00,35,Unplanned,Electrical Fault
DT00001089,WO00001461,P03,P03_L03,M034,A,2026-03-02 06:30:00,2026-03-02 07:04:00,34,Planned,Planned Inspection
DT00001090,WO00001462,P03,P03_L03,M033,B,2026-03-02 14:32:00,2026-03-02 14:54:00,22,Planned,Changeover
DT00001091,WO00001464,P01,P01_L01,M003,A,2026-03-03 06:14:00,2026-03-03 06:47:00,33,Planned,Changeover
DT00001092,WO00001464,P01,P01_L01,M002,A,2026-03-03 06:52:00,2026-03-03 07:17:00,25,Unplanned,Material Starvation
DT00001093,WO00001465,P01,P01_L01,M002,B,2026-03-03 14:35:00,2026-03-03 15:27:00,52,Planned,Changeover
DT00001094,WO00001465,P01,P01_L01,M001,B,2026-03-03 15:32:00,2026-03-03 15:59:00,27,Unplanned,Material Starvation
DT00001095,WO00001466,P01,P01_L01,M002,C,2026-03-03 22:13:00,2026-03-03 22:42:00,29,Planned,Preventive Maintenance
DT00001096,WO00001466,P01,P01_L01,M003,C,2026-03-03 22:47:00,2026-03-04 02:26:00,219,Unplanned,Utility Interruption
DT00001097,WO00001468,P01,P01_L02,M006,B,2026-03-03 14:22:00,2026-03-03 14:43:00,21,Planned,Changeover
DT00001098,WO00001469,P01,P01_L02,M008,C,2026-03-03 22:26:00,2026-03-03 23:12:00,46,Planned,Preventive Maintenance
DT00001099,WO00001471,P01,P01_L03,M012,B,2026-03-03 14:26:00,2026-03-03 14:54:00,28,Unplanned,Mechanical Failure
DT00001100,WO00001473,P02,P02_L01,M015,A,2026-03-03 06:23:00,2026-03-03 06:46:00,23,Unplanned,Material Starvation
DT00001101,WO00001473,P02,P02_L01,M016,A,2026-03-03 06:49:00,2026-03-03 07:15:00,26,Unplanned,Mechanical Failure
DT00001102,WO00001473,P02,P02_L01,M015,A,2026-03-03 07:18:00,2026-03-03 07:49:00,31,Unplanned,Mechanical Failure
DT00001103,WO00001475,P02,P02_L01,M013,C,2026-03-03 22:23:00,2026-03-03 22:37:00,14,Unplanned,Material Starvation
DT00001104,WO00001476,P02,P02_L02,M018,A,2026-03-03 06:49:00,2026-03-03 07:31:00,42,Unplanned,Material Starvation
DT00001105,WO00001479,P02,P02_L03,M023,A,2026-03-03 06:42:00,2026-03-03 07:36:00,54,Planned,Preventive Maintenance
DT00001106,WO00001480,P02,P02_L03,M023,B,2026-03-03 14:26:00,2026-03-03 15:55:00,89,Planned,Cleaning/Sanitation
DT00001107,WO00001481,P02,P02_L03,M021,C,2026-03-03 22:34:00,2026-03-03 22:49:00,15,Planned,Preventive Maintenance
DT00001108,WO00001482,P03,P03_L01,M027,A,2026-03-03 06:43:00,2026-03-03 07:27:00,44,Planned,Cleaning/Sanitation
DT00001109,WO00001483,P03,P03_L01,M028,B,2026-03-03 14:20:00,2026-03-03 14:41:00,21,Unplanned,Mechanical Failure
DT00001110,WO00001486,P03,P03_L02,M031,B,2026-03-03 14:48:00,2026-03-03 15:05:00,17,Planned,Preventive Maintenance
DT00001111,WO00001487,P03,P03_L02,M032,C,2026-03-03 22:28:00,2026-03-03 22:56:00,28,Planned,Changeover
DT00001112,WO00001487,P03,P03_L02,M032,C,2026-03-03 23:01:00,2026-03-03 23:26:00,25,Unplanned,Utility Interruption
DT00001113,WO00001491,P01,P01_L01,M002,A,2026-03-04 06:30:00,2026-03-04 06:47:00,17,Planned,Cleaning/Sanitation
DT00001114,WO00001491,P01,P01_L01,M004,A,2026-03-04 06:52:00,2026-03-04 07:04:00,12,Unplanned,Mechanical Failure
DT00001115,WO00001492,P01,P01_L01,M001,B,2026-03-04 14:23:00,2026-03-04 14:55:00,32,Planned,Changeover
DT00001116,WO00001493,P01,P01_L01,M004,C,2026-03-04 22:26:00,2026-03-04 22:44:00,18,Unplanned,Electrical Fault
DT00001117,WO00001494,P01,P01_L02,M005,A,2026-03-04 06:13:00,2026-03-04 06:44:00,31,Unplanned,Mechanical Failure
DT00001118,WO00001497,P01,P01_L03,M009,A,2026-03-04 06:13:00,2026-03-04 06:54:00,41,Planned,Changeover
DT00001119,WO00001498,P01,P01_L03,M012,B,2026-03-04 14:33:00,2026-03-04 15:20:00,47,Planned,Cleaning/Sanitation
DT00001120,WO00001498,P01,P01_L03,M010,B,2026-03-04 15:25:00,2026-03-04 15:40:00,15,Unplanned,Material Starvation
DT00001121,WO00001500,P02,P02_L01,M015,A,2026-03-04 06:21:00,2026-03-04 06:56:00,35,Planned,Changeover
DT00001122,WO00001500,P02,P02_L01,M015,A,2026-03-04 07:01:00,2026-03-04 07:46:00,45,Unplanned,Mechanical Failure
DT00001123,WO00001501,P02,P02_L01,M015,B,2026-03-04 14:26:00,2026-03-04 14:44:00,18,Unplanned,Mechanical Failure
DT00001124,WO00001504,P02,P02_L02,M018,B,2026-03-04 14:23:00,2026-03-04 15:09:00,46,Planned,Changeover
DT00001125,WO00001506,P02,P02_L03,M022,A,2026-03-04 06:39:00,2026-03-04 06:55:00,16,Unplanned,Mechanical Failure
DT00001126,WO00001507,P02,P02_L03,M024,B,2026-03-04 14:41:00,2026-03-04 15:18:00,37,Planned,Changeover
DT00001127,WO00001507,P02,P02_L03,M024,B,2026-03-04 15:23:00,2026-03-04 15:35:00,12,Unplanned,Mechanical Failure
DT00001128,WO00001508,P02,P02_L03,M022,C,2026-03-04 22:17:00,2026-03-04 22:44:00,27,Planned,Changeover
DT00001129,WO00001508,P02,P02_L03,M024,C,2026-03-04 22:49:00,2026-03-04 22:56:00,7,Unplanned,Electrical Fault
DT00001130,WO00001509,P03,P03_L01,M026,A,2026-03-04 06:46:00,2026-03-04 07:09:00,23,Planned,Changeover
DT00001131,WO00001511,P03,P03_L01,M028,C,2026-03-04 22:17:00,2026-03-04 22:44:00,27,Planned,Changeover
DT00001132,WO00001513,P03,P03_L02,M032,B,2026-03-04 14:48:00,2026-03-04 15:30:00,42,Planned,Changeover
DT00001133,WO00001514,P03,P03_L02,M031,C,2026-03-04 22:33:00,2026-03-04 23:05:00,32,Planned,Changeover
DT00001134,WO00001514,P03,P03_L02,M032,C,2026-03-04 23:10:00,2026-03-04 23:46:00,36,Unplanned,Material Starvation
DT00001135,WO00001517,P03,P03_L03,M036,C,2026-03-04 22:34:00,2026-03-04 22:47:00,13,Planned,Changeover
DT00001136,WO00001517,P03,P03_L03,M033,C,2026-03-04 22:52:00,2026-03-04 23:09:00,17,Unplanned,Material Starvation
DT00001137,WO00001518,P01,P01_L01,M002,A,2026-03-05 06:49:00,2026-03-05 07:31:00,42,Planned,Changeover
DT00001138,WO00001521,P01,P01_L02,M006,A,2026-03-05 06:41:00,2026-03-05 07:13:00,32,Planned,Cleaning/Sanitation
DT00001139,WO00001521,P01,P01_L02,M007,A,2026-03-05 07:18:00,2026-03-05 07:33:00,15,Unplanned,Electrical Fault
DT00001140,WO00001522,P01,P01_L02,M008,B,2026-03-05 14:18:00,2026-03-05 14:55:00,37,Unplanned,Utility Interruption
DT00001141,WO00001524,P01,P01_L03,M012,A,2026-03-05 06:39:00,2026-03-05 07:32:00,53,Planned,Preventive Maintenance
DT00001142,WO00001524,P01,P01_L03,M012,A,2026-03-05 07:37:00,2026-03-05 07:46:00,9,Unplanned,Sensor/Controls Fault
DT00001143,WO00001525,P01,P01_L03,M012,B,2026-03-05 14:49:00,2026-03-05 15:18:00,29,Planned,Changeover
DT00001144,WO00001526,P01,P01_L03,M009,C,2026-03-05 22:10:00,2026-03-05 22:27:00,17,Unplanned,Quality Hold
DT00001145,WO00001527,P02,P02_L01,M016,A,2026-03-05 06:41:00,2026-03-05 07:01:00,20,Planned,Changeover
DT00001146,WO00001528,P02,P02_L01,M014,B,2026-03-05 14:24:00,2026-03-05 14:56:00,32,Planned,Preventive Maintenance
DT00001147,WO00001528,P02,P02_L01,M013,B,2026-03-05 15:01:00,2026-03-05 15:19:00,18,Unplanned,Material Starvation
DT00001148,WO00001529,P02,P02_L01,M014,C,2026-03-05 22:28:00,2026-03-05 23:09:00,41,Planned,Cleaning/Sanitation
DT00001149,WO00001529,P02,P02_L01,M014,C,2026-03-05 23:14:00,2026-03-05 23:32:00,18,Unplanned,Operator Adjustment
DT00001150,WO00001529,P02,P02_L01,M013,C,2026-03-05 23:35:00,2026-03-05 23:45:00,10,Unplanned,Mechanical Failure
DT00001151,WO00001530,P02,P02_L02,M017,A,2026-03-05 06:13:00,2026-03-05 06:33:00,20,Planned,Changeover
DT00001152,WO00001532,P02,P02_L02,M018,C,2026-03-05 22:22:00,2026-03-05 23:22:00,60,Planned,Planned Inspection
DT00001153,WO00001533,P02,P02_L03,M024,A,2026-03-05 06:35:00,2026-03-05 07:32:00,57,Planned,Preventive Maintenance
DT00001154,WO00001536,P03,P03_L01,M027,A,2026-03-05 06:28:00,2026-03-05 06:45:00,17,Planned,Changeover
DT00001155,WO00001538,P03,P03_L01,M025,C,2026-03-05 22:35:00,2026-03-05 23:31:00,56,Planned,Cleaning/Sanitation
DT00001156,WO00001539,P03,P03_L02,M030,A,2026-03-05 06:10:00,2026-03-05 07:01:00,51,Planned,Preventive Maintenance
DT00001157,WO00001541,P03,P03_L02,M031,C,2026-03-05 22:36:00,2026-03-05 22:57:00,21,Planned,Cleaning/Sanitation
DT00001158,WO00001542,P03,P03_L03,M034,A,2026-03-05 06:49:00,2026-03-05 07:05:00,16,Unplanned,Quality Hold
DT00001159,WO00001543,P03,P03_L03,M033,B,2026-03-05 14:46:00,2026-03-05 15:08:00,22,Planned,Cleaning/Sanitation
DT00001160,WO00001545,P01,P01_L01,M004,A,2026-03-06 06:46:00,2026-03-06 06:58:00,12,Planned,Changeover
DT00001161,WO00001546,P01,P01_L01,M003,B,2026-03-06 14:38:00,2026-03-06 14:56:00,18,Planned,Preventive Maintenance
DT00001162,WO00001547,P01,P01_L01,M001,C,2026-03-06 22:35:00,2026-03-06 23:02:00,27,Planned,Cleaning/Sanitation
DT00001163,WO00001548,P01,P01_L02,M008,A,2026-03-06 06:12:00,2026-03-06 06:37:00,25,Planned,Changeover
DT00001164,WO00001550,P01,P01_L02,M007,C,2026-03-06 22:19:00,2026-03-06 22:38:00,19,Unplanned,Electrical Fault
DT00001165,WO00001551,P01,P01_L03,M012,A,2026-03-06 06:34:00,2026-03-06 06:52:00,18,Planned,Preventive Maintenance
DT00001166,WO00001553,P01,P01_L03,M010,C,2026-03-06 22:10:00,2026-03-06 22:33:00,23,Planned,Changeover
DT00001167,WO00001555,P02,P02_L01,M016,B,2026-03-06 14:36:00,2026-03-06 15:26:00,50,Planned,Preventive Maintenance
DT00001168,WO00001555,P02,P02_L01,M015,B,2026-03-06 15:31:00,2026-03-06 16:37:00,66,Unplanned,Mechanical Failure
DT00001169,WO00001556,P02,P02_L01,M013,C,2026-03-06 22:35:00,2026-03-06 23:20:00,45,Planned,Preventive Maintenance
DT00001170,WO00001556,P02,P02_L01,M013,C,2026-03-06 23:25:00,2026-03-07 00:30:00,65,Unplanned,Mechanical Failure
DT00001171,WO00001560,P02,P02_L03,M021,A,2026-03-06 06:26:00,2026-03-06 06:49:00,23,Unplanned,Mechanical Failure
DT00001172,WO00001561,P02,P02_L03,M024,B,2026-03-06 14:20:00,2026-03-06 14:55:00,35,Planned,Changeover
DT00001173,WO00001563,P03,P03_L01,M027,A,2026-03-06 06:31:00,2026-03-06 07:06:00,35,Unplanned,Sensor/Controls Fault
DT00001174,WO00001563,P03,P03_L01,M027,A,2026-03-06 07:09:00,2026-03-06 07:22:00,13,Unplanned,Mechanical Failure
DT00001175,WO00001564,P03,P03_L01,M028,B,2026-03-06 14:35:00,2026-03-06 15:02:00,27,Planned,Changeover
DT00001176,WO00001567,P03,P03_L02,M029,B,2026-03-06 14:29:00,2026-03-06 15:03:00,34,Planned,Preventive Maintenance
DT00001177,WO00001568,P03,P03_L02,M031,C,2026-03-06 22:14:00,2026-03-06 22:24:00,10,Unplanned,Electrical Fault
DT00001178,WO00001569,P03,P03_L03,M036,A,2026-03-06 06:17:00,2026-03-06 06:40:00,23,Planned,Cleaning/Sanitation
DT00001179,WO00001569,P03,P03_L03,M034,A,2026-03-06 06:45:00,2026-03-06 07:33:00,48,Unplanned,Electrical Fault
DT00001180,WO00001571,P03,P03_L03,M035,C,2026-03-06 22:46:00,2026-03-06 23:05:00,19,Planned,Changeover
DT00001181,WO00001573,P01,P01_L01,M001,C,2026-03-07 22:47:00,2026-03-07 23:31:00,44,Unplanned,Operator Adjustment
DT00001182,WO00001575,P01,P01_L03,M012,A,2026-03-07 06:30:00,2026-03-07 07:02:00,32,Planned,Planned Inspection
DT00001183,WO00001578,P02,P02_L01,M015,A,2026-03-07 06:34:00,2026-03-07 06:52:00,18,Unplanned,Material Starvation
DT00001184,WO00001578,P02,P02_L01,M014,A,2026-03-07 06:55:00,2026-03-07 07:38:00,43,Unplanned,Quality Hold
DT00001185,WO00001582,P02,P02_L02,M017,C,2026-03-07 22:32:00,2026-03-07 23:00:00,28,Planned,Changeover
DT00001186,WO00001584,P02,P02_L03,M023,B,2026-03-07 14:16:00,2026-03-07 14:50:00,34,Planned,Planned Inspection
DT00001187,WO00001587,P03,P03_L02,M029,A,2026-03-07 06:26:00,2026-03-07 06:53:00,27,Planned,Cleaning/Sanitation
DT00001188,WO00001588,P03,P03_L02,M030,B,2026-03-07 14:23:00,2026-03-07 15:41:00,78,Planned,Preventive Maintenance
DT00001189,WO00001590,P03,P03_L03,M035,A,2026-03-07 06:15:00,2026-03-07 06:32:00,17,Planned,Cleaning/Sanitation
DT00001190,WO00001592,P01,P01_L01,M001,C,2026-03-08 22:25:00,2026-03-08 22:33:00,8,Unplanned,Material Starvation
DT00001191,WO00001594,P01,P01_L03,M011,A,2026-03-08 06:13:00,2026-03-08 06:47:00,34,Planned,Preventive Maintenance
DT00001192,WO00001599,P02,P02_L02,M017,C,2026-03-08 22:30:00,2026-03-08 23:49:00,79,Planned,Preventive Maintenance
DT00001193,WO00001600,P02,P02_L03,M023,B,2026-03-08 14:19:00,2026-03-08 15:23:00,64,Planned,Cleaning/Sanitation
DT00001194,WO00001601,P02,P02_L03,M022,C,2026-03-08 22:28:00,2026-03-08 22:54:00,26,Planned,Planned Inspection
DT00001195,WO00001606,P03,P03_L03,M033,A,2026-03-08 06:34:00,2026-03-08 07:11:00,37,Planned,Cleaning/Sanitation
DT00001196,WO00001610,P01,P01_L01,M002,C,2026-03-09 22:48:00,2026-03-09 23:27:00,39,Planned,Preventive Maintenance
DT00001197,WO00001610,P01,P01_L01,M004,C,2026-03-09 23:32:00,2026-03-09 23:51:00,19,Unplanned,Mechanical Failure
DT00001198,WO00001615,P01,P01_L03,M010,B,2026-03-09 14:45:00,2026-03-09 15:01:00,16,Planned,Preventive Maintenance
DT00001199,WO00001618,P02,P02_L01,M014,B,2026-03-09 14:32:00,2026-03-09 14:55:00,23,Unplanned,Material Starvation
DT00001200,WO00001619,P02,P02_L01,M015,C,2026-03-09 22:46:00,2026-03-09 23:09:00,23,Planned,Changeover
DT00001201,WO00001619,P02,P02_L01,M013,C,2026-03-09 23:14:00,2026-03-09 23:35:00,21,Unplanned,Mechanical Failure
DT00001202,WO00001621,P02,P02_L02,M017,B,2026-03-09 14:23:00,2026-03-09 15:14:00,51,Planned,Cleaning/Sanitation
DT00001203,WO00001622,P02,P02_L02,M017,C,2026-03-09 22:31:00,2026-03-09 23:34:00,63,Planned,Preventive Maintenance
DT00001204,WO00001623,P02,P02_L03,M021,A,2026-03-09 06:40:00,2026-03-09 07:15:00,35,Planned,Changeover
DT00001205,WO00001625,P02,P02_L03,M024,C,2026-03-09 22:39:00,2026-03-09 23:11:00,32,Planned,Changeover
DT00001206,WO00001625,P02,P02_L03,M022,C,2026-03-09 23:16:00,2026-03-10 00:04:00,48,Unplanned,Sensor/Controls Fault
DT00001207,WO00001626,P03,P03_L01,M026,A,2026-03-09 06:18:00,2026-03-09 06:32:00,14,Unplanned,Utility Interruption
DT00001208,WO00001628,P03,P03_L01,M028,C,2026-03-09 22:31:00,2026-03-09 22:53:00,22,Unplanned,Electrical Fault
DT00001209,WO00001629,P03,P03_L02,M031,A,2026-03-09 06:26:00,2026-03-09 07:01:00,35,Planned,Changeover
DT00001210,WO00001629,P03,P03_L02,M031,A,2026-03-09 07:06:00,2026-03-09 07:30:00,24,Unplanned,Mechanical Failure
DT00001211,WO00001630,P03,P03_L02,M032,B,2026-03-09 14:46:00,2026-03-09 15:32:00,46,Unplanned,Electrical Fault
DT00001212,WO00001632,P03,P03_L03,M036,A,2026-03-09 06:33:00,2026-03-09 07:00:00,27,Planned,Changeover
DT00001213,WO00001633,P03,P03_L03,M035,B,2026-03-09 14:47:00,2026-03-09 15:04:00,17,Planned,Preventive Maintenance
DT00001214,WO00001635,P01,P01_L01,M001,A,2026-03-10 06:16:00,2026-03-10 06:56:00,40,Planned,Changeover
DT00001215,WO00001638,P01,P01_L02,M007,A,2026-03-10 06:23:00,2026-03-10 06:59:00,36,Planned,Planned Inspection
DT00001216,WO00001641,P01,P01_L03,M011,A,2026-03-10 06:42:00,2026-03-10 08:49:00,127,Unplanned,Utility Interruption
DT00001217,WO00001641,P01,P01_L03,M012,A,2026-03-10 08:52:00,2026-03-10 09:37:00,45,Unplanned,Sensor/Controls Fault
DT00001218,WO00001642,P01,P01_L03,M009,B,2026-03-10 14:47:00,2026-03-10 14:56:00,9,Unplanned,Electrical Fault
DT00001219,WO00001643,P01,P01_L03,M011,C,2026-03-10 22:10:00,2026-03-10 22:48:00,38,Planned,Preventive Maintenance
DT00001220,WO00001644,P02,P02_L01,M014,A,2026-03-10 06:39:00,2026-03-10 06:55:00,16,Planned,Changeover
DT00001221,WO00001646,P02,P02_L01,M016,C,2026-03-10 22:41:00,2026-03-11 00:49:00,128,Unplanned,Electrical Fault
DT00001222,WO00001649,P02,P02_L02,M018,C,2026-03-10 22:18:00,2026-03-10 22:44:00,26,Unplanned,Mechanical Failure
DT00001223,WO00001650,P02,P02_L03,M024,A,2026-03-10 06:16:00,2026-03-10 06:40:00,24,Planned,Preventive Maintenance
DT00001224,WO00001651,P02,P02_L03,M024,B,2026-03-10 14:22:00,2026-03-10 14:52:00,30,Planned,Planned Inspection
DT00001225,WO00001651,P02,P02_L03,M024,B,2026-03-10 14:57:00,2026-03-10 16:00:00,63,Unplanned,Utility Interruption
DT00001226,WO00001652,P02,P02_L03,M021,C,2026-03-10 22:29:00,2026-03-10 22:57:00,28,Planned,Preventive Maintenance
DT00001227,WO00001652,P02,P02_L03,M022,C,2026-03-10 23:02:00,2026-03-10 23:15:00,13,Unplanned,Sensor/Controls Fault
DT00001228,WO00001652,P02,P02_L03,M022,C,2026-03-10 23:18:00,2026-03-10 23:30:00,12,Unplanned,Mechanical Failure
DT00001229,WO00001653,P03,P03_L01,M025,A,2026-03-10 06:42:00,2026-03-10 07:12:00,30,Planned,Preventive Maintenance
DT00001230,WO00001657,P03,P03_L02,M029,B,2026-03-10 14:36:00,2026-03-10 15:10:00,34,Planned,Preventive Maintenance
DT00001231,WO00001657,P03,P03_L02,M030,B,2026-03-10 15:15:00,2026-03-10 15:25:00,10,Unplanned,Electrical Fault
DT00001232,WO00001658,P03,P03_L02,M030,C,2026-03-10 22:46:00,2026-03-10 23:04:00,18,Planned,Changeover
DT00001233,WO00001662,P01,P01_L01,M004,A,2026-03-11 06:29:00,2026-03-11 07:04:00,35,Planned,Planned Inspection
DT00001234,WO00001662,P01,P01_L01,M004,A,2026-03-11 07:09:00,2026-03-11 07:25:00,16,Unplanned,Electrical Fault
DT00001235,WO00001665,P01,P01_L02,M005,A,2026-03-11 06:41:00,2026-03-11 07:11:00,30,Planned,Cleaning/Sanitation
DT00001236,WO00001665,P01,P01_L02,M008,A,2026-03-11 07:16:00,2026-03-11 07:28:00,12,Unplanned,Operator Adjustment
DT00001237,WO00001666,P01,P01_L02,M008,B,2026-03-11 14:25:00,2026-03-11 14:49:00,24,Planned,Planned Inspection
DT00001238,WO00001667,P01,P01_L02,M007,C,2026-03-11 22:44:00,2026-03-11 23:13:00,29,Planned,Cleaning/Sanitation
DT00001239,WO00001669,P01,P01_L03,M012,B,2026-03-11 14:18:00,2026-03-11 15:27:00,69,Planned,Changeover
DT00001240,WO00001670,P01,P01_L03,M010,C,2026-03-11 22:13:00,2026-03-11 23:00:00,47,Planned,Changeover
DT00001241,WO00001670,P01,P01_L03,M011,C,2026-03-11 23:05:00,2026-03-12 00:17:00,72,Unplanned,Material Starvation
DT00001242,WO00001672,P02,P02_L01,M016,B,2026-03-11 14:43:00,2026-03-11 15:14:00,31,Planned,Preventive Maintenance
DT00001243,WO00001672,P02,P02_L01,M016,B,2026-03-11 15:19:00,2026-03-11 15:24:00,5,Unplanned,Mechanical Failure
DT00001244,WO00001674,P02,P02_L02,M017,A,2026-03-11 06:45:00,2026-03-11 07:03:00,18,Unplanned,Operator Adjustment
DT00001245,WO00001675,P02,P02_L02,M018,B,2026-03-11 14:37:00,2026-03-11 15:02:00,25,Unplanned,Material Starvation
DT00001246,WO00001676,P02,P02_L02,M020,C,2026-03-11 22:17:00,2026-03-11 22:46:00,29,Planned,Changeover
DT00001247,WO00001676,P02,P02_L02,M020,C,2026-03-11 22:51:00,2026-03-11 23:05:00,14,Unplanned,Electrical Fault
DT00001248,WO00001677,P02,P02_L03,M021,A,2026-03-11 06:17:00,2026-03-11 07:07:00,50,Unplanned,Electrical Fault
DT00001249,WO00001678,P02,P02_L03,M024,B,2026-03-11 14:36:00,2026-03-11 15:44:00,68,Planned,Preventive Maintenance
DT00001250,WO00001681,P03,P03_L01,M025,B,2026-03-11 14:17:00,2026-03-11 15:08:00,51,Planned,Preventive Maintenance
DT00001251,WO00001682,P03,P03_L01,M025,C,2026-03-11 22:26:00,2026-03-12 00:02:00,96,Unplanned,Operator Adjustment
DT00001252,WO00001683,P03,P03_L02,M030,A,2026-03-11 06:14:00,2026-03-11 06:37:00,23,Planned,Preventive Maintenance
DT00001253,WO00001684,P03,P03_L02,M032,B,2026-03-11 14:40:00,2026-03-11 15:31:00,51,Unplanned,Mechanical Failure
DT00001254,WO00001685,P03,P03_L02,M030,C,2026-03-11 22:43:00,2026-03-11 23:14:00,31,Planned,Changeover
DT00001255,WO00001685,P03,P03_L02,M029,C,2026-03-11 23:19:00,2026-03-11 23:33:00,14,Unplanned,Electrical Fault
DT00001256,WO00001685,P03,P03_L02,M029,C,2026-03-11 23:36:00,2026-03-11 23:48:00,12,Unplanned,Sensor/Controls Fault
DT00001257,WO00001687,P03,P03_L03,M036,B,2026-03-11 14:28:00,2026-03-11 14:53:00,25,Planned,Cleaning/Sanitation
DT00001258,WO00001687,P03,P03_L03,M036,B,2026-03-11 14:58:00,2026-03-11 15:12:00,14,Unplanned,Electrical Fault
DT00001259,WO00001687,P03,P03_L03,M033,B,2026-03-11 15:15:00,2026-03-11 15:47:00,32,Unplanned,Material Starvation
DT00001260,WO00001688,P03,P03_L03,M035,C,2026-03-11 22:33:00,2026-03-11 22:56:00,23,Planned,Preventive Maintenance
DT00001261,WO00001688,P03,P03_L03,M034,C,2026-03-11 23:01:00,2026-03-11 23:21:00,20,Unplanned,Sensor/Controls Fault
DT00001262,WO00001688,P03,P03_L03,M036,C,2026-03-11 23:24:00,2026-03-12 00:16:00,52,Unplanned,Sensor/Controls Fault
DT00001263,WO00001688,P03,P03_L03,M036,C,2026-03-12 00:19:00,2026-03-12 00:29:00,10,Unplanned,Mechanical Failure
DT00001264,WO00001690,P01,P01_L01,M004,B,2026-03-12 14:16:00,2026-03-12 14:39:00,23,Planned,Cleaning/Sanitation
DT00001265,WO00001691,P01,P01_L01,M002,C,2026-03-12 22:42:00,2026-03-12 22:58:00,16,Unplanned,Electrical Fault
DT00001266,WO00001693,P01,P01_L02,M005,B,2026-03-12 14:44:00,2026-03-12 14:57:00,13,Unplanned,Sensor/Controls Fault
DT00001267,WO00001694,P01,P01_L02,M007,C,2026-03-12 22:14:00,2026-03-12 22:42:00,28,Planned,Preventive Maintenance
DT00001268,WO00001694,P01,P01_L02,M007,C,2026-03-12 22:47:00,2026-03-13 00:08:00,81,Unplanned,Quality Hold
DT00001269,WO00001694,P01,P01_L02,M007,C,2026-03-13 00:11:00,2026-03-13 00:32:00,21,Unplanned,Utility Interruption
DT00001270,WO00001695,P01,P01_L03,M011,A,2026-03-12 06:14:00,2026-03-12 06:29:00,15,Unplanned,Sensor/Controls Fault
DT00001271,WO00001696,P01,P01_L03,M011,B,2026-03-12 14:27:00,2026-03-12 14:53:00,26,Planned,Cleaning/Sanitation
DT00001272,WO00001698,P02,P02_L01,M016,A,2026-03-12 06:34:00,2026-03-12 06:59:00,25,Planned,Cleaning/Sanitation
DT00001273,WO00001699,P02,P02_L01,M016,B,2026-03-12 14:11:00,2026-03-12 14:57:00,46,Planned,Changeover
DT00001274,WO00001700,P02,P02_L01,M015,C,2026-03-12 22:23:00,2026-03-12 22:41:00,18,Planned,Cleaning/Sanitation
DT00001275,WO00001701,P02,P02_L02,M018,A,2026-03-12 06:32:00,2026-03-12 07:06:00,34,Planned,Changeover
DT00001276,WO00001702,P02,P02_L02,M017,B,2026-03-12 14:42:00,2026-03-12 15:04:00,22,Planned,Preventive Maintenance
DT00001277,WO00001706,P02,P02_L03,M021,C,2026-03-12 22:24:00,2026-03-12 22:55:00,31,Planned,Changeover
DT00001278,WO00001708,P03,P03_L01,M025,B,2026-03-12 14:46:00,2026-03-12 15:15:00,29,Planned,Changeover
DT00001279,WO00001710,P03,P03_L02,M031,A,2026-03-12 06:13:00,2026-03-12 06:45:00,32,Planned,Changeover
DT00001280,WO00001714,P03,P03_L03,M034,B,2026-03-12 14:21:00,2026-03-12 14:52:00,31,Planned,Cleaning/Sanitation
DT00001281,WO00001715,P03,P03_L03,M035,C,2026-03-12 22:13:00,2026-03-12 22:40:00,27,Planned,Preventive Maintenance
DT00001282,WO00001717,P01,P01_L01,M002,B,2026-03-13 14:33:00,2026-03-13 15:07:00,34,Unplanned,Material Starvation
DT00001283,WO00001717,P01,P01_L01,M004,B,2026-03-13 15:10:00,2026-03-13 18:00:00,170,Unplanned,Material Starvation
DT00001284,WO00001719,P01,P01_L02,M008,A,2026-03-13 06:21:00,2026-03-13 06:42:00,21,Planned,Changeover
DT00001285,WO00001720,P01,P01_L02,M006,B,2026-03-13 14:31:00,2026-03-13 14:52:00,21,Planned,Changeover
DT00001286,WO00001720,P01,P01_L02,M008,B,2026-03-13 14:57:00,2026-03-13 16:38:00,101,Unplanned,Electrical Fault
DT00001287,WO00001721,P01,P01_L02,M006,C,2026-03-13 22:27:00,2026-03-13 22:45:00,18,Unplanned,Electrical Fault
DT00001288,WO00001722,P01,P01_L03,M011,A,2026-03-13 06:31:00,2026-03-13 07:18:00,47,Unplanned,Quality Hold
DT00001289,WO00001725,P02,P02_L01,M015,A,2026-03-13 06:22:00,2026-03-13 07:09:00,47,Unplanned,Mechanical Failure
DT00001290,WO00001728,P02,P02_L02,M018,A,2026-03-13 06:34:00,2026-03-13 06:42:00,8,Unplanned,Operator Adjustment
DT00001291,WO00001729,P02,P02_L02,M020,B,2026-03-13 14:48:00,2026-03-13 15:15:00,27,Planned,Cleaning/Sanitation
DT00001292,WO00001730,P02,P02_L02,M019,C,2026-03-13 22:43:00,2026-03-13 23:02:00,19,Planned,Cleaning/Sanitation
DT00001293,WO00001732,P02,P02_L03,M024,B,2026-03-13 14:21:00,2026-03-13 15:32:00,71,Planned,Changeover
DT00001294,WO00001733,P02,P02_L03,M021,C,2026-03-13 22:24:00,2026-03-13 22:54:00,30,Planned,Changeover
DT00001295,WO00001737,P03,P03_L02,M031,A,2026-03-13 06:30:00,2026-03-13 06:44:00,14,Unplanned,Mechanical Failure
DT00001296,WO00001740,P03,P03_L03,M033,A,2026-03-13 06:46:00,2026-03-13 07:01:00,15,Unplanned,Mechanical Failure
DT00001297,WO00001740,P03,P03_L03,M034,A,2026-03-13 07:04:00,2026-03-13 07:37:00,33,Unplanned,Electrical Fault
DT00001298,WO00001741,P03,P03_L03,M034,B,2026-03-13 14:14:00,2026-03-13 14:31:00,17,Planned,Preventive Maintenance
DT00001299,WO00001741,P03,P03_L03,M034,B,2026-03-13 14:36:00,2026-03-13 15:02:00,26,Unplanned,Quality Hold
DT00001300,WO00001743,P01,P01_L01,M004,A,2026-03-14 06:11:00,2026-03-14 06:37:00,26,Planned,Preventive Maintenance
DT00001301,WO00001744,P01,P01_L01,M002,B,2026-03-14 14:17:00,2026-03-14 14:47:00,30,Planned,Cleaning/Sanitation
DT00001302,WO00001745,P01,P01_L01,M003,C,2026-03-14 22:39:00,2026-03-14 23:03:00,24,Unplanned,Material Starvation
DT00001303,WO00001751,P02,P02_L01,M016,B,2026-03-14 14:32:00,2026-03-14 15:02:00,30,Planned,Changeover
DT00001304,WO00001751,P02,P02_L01,M016,B,2026-03-14 15:07:00,2026-03-14 15:18:00,11,Unplanned,Operator Adjustment
DT00001305,WO00001752,P02,P02_L01,M013,C,2026-03-14 22:48:00,2026-03-14 22:58:00,10,Unplanned,Material Starvation
DT00001306,WO00001753,P02,P02_L02,M017,A,2026-03-14 06:26:00,2026-03-14 06:48:00,22,Unplanned,Quality Hold
DT00001307,WO00001754,P02,P02_L02,M018,C,2026-03-14 22:48:00,2026-03-14 23:32:00,44,Planned,Planned Inspection
DT00001308,WO00001757,P03,P03_L01,M027,B,2026-03-14 14:37:00,2026-03-14 14:57:00,20,Planned,Planned Inspection
DT00001309,WO00001760,P03,P03_L03,M035,B,2026-03-14 14:34:00,2026-03-14 15:12:00,38,Planned,Cleaning/Sanitation
DT00001310,WO00001761,P03,P03_L03,M035,C,2026-03-14 22:20:00,2026-03-14 22:25:00,5,Unplanned,Sensor/Controls Fault
DT00001311,WO00001762,P01,P01_L01,M001,A,2026-03-15 06:17:00,2026-03-15 06:44:00,27,Planned,Preventive Maintenance
DT00001312,WO00001764,P01,P01_L02,M007,A,2026-03-15 06:48:00,2026-03-15 08:03:00,75,Unplanned,Utility Interruption
DT00001313,WO00001765,P01,P01_L02,M008,B,2026-03-15 14:49:00,2026-03-15 15:13:00,24,Planned,Preventive Maintenance
DT00001314,WO00001765,P01,P01_L02,M007,B,2026-03-15 15:18:00,2026-03-15 15:57:00,39,Unplanned,Utility Interruption
DT00001315,WO00001766,P01,P01_L02,M008,C,2026-03-15 22:22:00,2026-03-16 00:34:00,132,Unplanned,Quality Hold
DT00001316,WO00001767,P01,P01_L03,M009,A,2026-03-15 06:30:00,2026-03-15 06:55:00,25,Unplanned,Mechanical Failure
DT00001317,WO00001768,P02,P02_L01,M013,A,2026-03-15 06:45:00,2026-03-15 07:19:00,34,Planned,Cleaning/Sanitation
DT00001318,WO00001768,P02,P02_L01,M016,A,2026-03-15 07:24:00,2026-03-15 07:59:00,35,Unplanned,Material Starvation
DT00001319,WO00001769,P02,P02_L01,M014,C,2026-03-15 22:38:00,2026-03-15 23:08:00,30,Planned,Changeover
DT00001320,WO00001769,P02,P02_L01,M014,C,2026-03-15 23:13:00,2026-03-15 23:25:00,12,Unplanned,Quality Hold
DT00001321,WO00001769,P02,P02_L01,M014,C,2026-03-15 23:28:00,2026-03-15 23:34:00,6,Unplanned,Electrical Fault
DT00001322,WO00001773,P02,P02_L03,M022,B,2026-03-15 14:43:00,2026-03-15 15:42:00,59,Planned,Preventive Maintenance
DT00001323,WO00001774,P03,P03_L01,M028,B,2026-03-15 14:25:00,2026-03-15 14:50:00,25,Unplanned,Material Starvation
DT00001324,WO00001775,P03,P03_L02,M032,C,2026-03-15 22:45:00,2026-03-15 23:23:00,38,Planned,Changeover
DT00001325,WO00001776,P03,P03_L03,M033,B,2026-03-15 14:21:00,2026-03-15 14:39:00,18,Planned,Changeover
DT00001326,WO00001777,P03,P03_L03,M033,C,2026-03-15 22:22:00,2026-03-15 22:54:00,32,Planned,Preventive Maintenance
DT00001327,WO00001778,P01,P01_L01,M003,A,2026-03-16 06:43:00,2026-03-16 07:16:00,33,Unplanned,Electrical Fault
DT00001328,WO00001780,P01,P01_L01,M001,C,2026-03-16 22:11:00,2026-03-16 22:35:00,24,Planned,Changeover
DT00001329,WO00001780,P01,P01_L01,M001,C,2026-03-16 22:40:00,2026-03-16 23:01:00,21,Unplanned,Electrical Fault
DT00001330,WO00001781,P01,P01_L02,M005,A,2026-03-16 06:33:00,2026-03-16 07:09:00,36,Planned,Changeover
DT00001331,WO00001782,P01,P01_L02,M006,B,2026-03-16 14:18:00,2026-03-16 15:02:00,44,Planned,Preventive Maintenance
DT00001332,WO00001784,P01,P01_L03,M009,A,2026-03-16 06:13:00,2026-03-16 06:45:00,32,Planned,Changeover
DT00001333,WO00001785,P01,P01_L03,M011,B,2026-03-16 14:11:00,2026-03-16 14:30:00,19,Unplanned,Material Starvation
DT00001334,WO00001786,P01,P01_L03,M010,C,2026-03-16 22:18:00,2026-03-16 22:41:00,23,Unplanned,Mechanical Failure
DT00001335,WO00001787,P02,P02_L01,M014,A,2026-03-16 06:13:00,2026-03-16 06:30:00,17,Planned,Preventive Maintenance
DT00001336,WO00001787,P02,P02_L01,M013,A,2026-03-16 06:35:00,2026-03-16 06:59:00,24,Unplanned,Utility Interruption
DT00001337,WO00001788,P02,P02_L01,M014,B,2026-03-16 14:22:00,2026-03-16 14:42:00,20,Planned,Changeover
DT00001338,WO00001790,P02,P02_L02,M019,A,2026-03-16 06:16:00,2026-03-16 06:37:00,21,Planned,Cleaning/Sanitation
DT00001339,WO00001790,P02,P02_L02,M017,A,2026-03-16 06:42:00,2026-03-16 07:03:00,21,Unplanned,Utility Interruption
DT00001340,WO00001792,P02,P02_L02,M018,C,2026-03-16 22:35:00,2026-03-16 22:52:00,17,Unplanned,Mechanical Failure
DT00001341,WO00001793,P02,P02_L03,M021,A,2026-03-16 06:10:00,2026-03-16 06:53:00,43,Unplanned,Mechanical Failure
DT00001342,WO00001794,P02,P02_L03,M024,B,2026-03-16 14:18:00,2026-03-16 14:42:00,24,Planned,Cleaning/Sanitation
DT00001343,WO00001794,P02,P02_L03,M021,B,2026-03-16 14:47:00,2026-03-16 15:22:00,35,Unplanned,Electrical Fault
DT00001344,WO00001796,P03,P03_L01,M028,A,2026-03-16 06:44:00,2026-03-16 07:12:00,28,Planned,Changeover
DT00001345,WO00001796,P03,P03_L01,M028,A,2026-03-16 07:17:00,2026-03-16 08:02:00,45,Unplanned,Mechanical Failure
DT00001346,WO00001798,P03,P03_L01,M028,C,2026-03-16 22:29:00,2026-03-16 22:50:00,21,Unplanned,Quality Hold
DT00001347,WO00001799,P03,P03_L02,M032,A,2026-03-16 06:31:00,2026-03-16 07:00:00,29,Planned,Planned Inspection
DT00001348,WO00001801,P03,P03_L02,M030,C,2026-03-16 22:32:00,2026-03-16 23:01:00,29,Planned,Planned Inspection
DT00001349,WO00001801,P03,P03_L02,M032,C,2026-03-16 23:06:00,2026-03-17 01:43:00,157,Unplanned,Electrical Fault
DT00001350,WO00001801,P03,P03_L02,M030,C,2026-03-17 01:46:00,2026-03-17 02:00:00,14,Unplanned,Utility Interruption
DT00001351,WO00001802,P03,P03_L03,M035,A,2026-03-16 06:48:00,2026-03-16 07:10:00,22,Planned,Changeover
DT00001352,WO00001803,P03,P03_L03,M034,B,2026-03-16 14:23:00,2026-03-16 14:57:00,34,Planned,Cleaning/Sanitation
DT00001353,WO00001807,P01,P01_L01,M002,C,2026-03-17 22:48:00,2026-03-17 23:02:00,14,Planned,Changeover
DT00001354,WO00001808,P01,P01_L02,M007,A,2026-03-17 06:18:00,2026-03-17 06:45:00,27,Planned,Preventive Maintenance
DT00001355,WO00001809,P01,P01_L02,M008,B,2026-03-17 14:20:00,2026-03-17 15:03:00,43,Planned,Changeover
DT00001356,WO00001810,P01,P01_L02,M005,C,2026-03-17 22:42:00,2026-03-17 23:07:00,25,Planned,Changeover
DT00001357,WO00001811,P01,P01_L03,M011,A,2026-03-17 06:23:00,2026-03-17 06:54:00,31,Planned,Changeover
DT00001358,WO00001812,P01,P01_L03,M009,B,2026-03-17 14:22:00,2026-03-17 14:41:00,19,Planned,Cleaning/Sanitation
DT00001359,WO00001812,P01,P01_L03,M010,B,2026-03-17 14:46:00,2026-03-17 14:57:00,11,Unplanned,Quality Hold
DT00001360,WO00001814,P02,P02_L01,M014,A,2026-03-17 06:41:00,2026-03-17 06:52:00,11,Unplanned,Mechanical Failure
DT00001361,WO00001815,P02,P02_L01,M014,B,2026-03-17 14:35:00,2026-03-17 15:12:00,37,Planned,Changeover
DT00001362,WO00001816,P02,P02_L01,M016,C,2026-03-17 22:43:00,2026-03-17 23:13:00,30,Planned,Preventive Maintenance
DT00001363,WO00001817,P02,P02_L02,M017,A,2026-03-17 06:43:00,2026-03-17 07:36:00,53,Planned,Cleaning/Sanitation
DT00001364,WO00001817,P02,P02_L02,M020,A,2026-03-17 07:41:00,2026-03-17 08:07:00,26,Unplanned,Mechanical Failure
DT00001365,WO00001817,P02,P02_L02,M018,A,2026-03-17 08:10:00,2026-03-17 08:33:00,23,Unplanned,Mechanical Failure
DT00001366,WO00001818,P02,P02_L02,M019,B,2026-03-17 14:14:00,2026-03-17 15:24:00,70,Planned,Changeover
DT00001367,WO00001821,P02,P02_L03,M023,B,2026-03-17 14:46:00,2026-03-17 14:51:00,5,Unplanned,Sensor/Controls Fault
DT00001368,WO00001825,P03,P03_L01,M026,C,2026-03-17 22:30:00,2026-03-17 22:56:00,26,Planned,Preventive Maintenance
DT00001369,WO00001826,P03,P03_L02,M029,A,2026-03-17 06:38:00,2026-03-17 07:10:00,32,Planned,Changeover
DT00001370,WO00001827,P03,P03_L02,M029,B,2026-03-17 14:12:00,2026-03-17 15:03:00,51,Planned,Changeover
DT00001371,WO00001827,P03,P03_L02,M029,B,2026-03-17 15:08:00,2026-03-17 15:28:00,20,Unplanned,Material Starvation
DT00001372,WO00001828,P03,P03_L02,M029,C,2026-03-17 22:13:00,2026-03-17 22:20:00,7,Unplanned,Operator Adjustment
DT00001373,WO00001829,P03,P03_L03,M034,A,2026-03-17 06:22:00,2026-03-17 07:05:00,43,Planned,Preventive Maintenance
DT00001374,WO00001831,P03,P03_L03,M036,C,2026-03-17 22:31:00,2026-03-17 23:04:00,33,Unplanned,Mechanical Failure
DT00001375,WO00001832,P01,P01_L01,M002,A,2026-03-18 06:38:00,2026-03-18 06:47:00,9,Unplanned,Sensor/Controls Fault
DT00001376,WO00001833,P01,P01_L01,M001,B,2026-03-18 14:45:00,2026-03-18 15:38:00,53,Planned,Preventive Maintenance
DT00001377,WO00001835,P01,P01_L02,M006,A,2026-03-18 06:17:00,2026-03-18 06:44:00,27,Planned,Changeover
DT00001378,WO00001837,P01,P01_L02,M006,C,2026-03-18 22:21:00,2026-03-18 22:41:00,20,Planned,Cleaning/Sanitation
DT00001379,WO00001840,P01,P01_L03,M011,C,2026-03-18 22:21:00,2026-03-18 22:30:00,9,Unplanned,Mechanical Failure
DT00001380,WO00001844,P02,P02_L02,M019,A,2026-03-18 06:24:00,2026-03-18 06:43:00,19,Planned,Changeover
DT00001381,WO00001845,P02,P02_L02,M020,B,2026-03-18 14:41:00,2026-03-18 15:03:00,22,Unplanned,Electrical Fault
DT00001382,WO00001849,P02,P02_L03,M023,C,2026-03-18 22:26:00,2026-03-18 22:53:00,27,Planned,Cleaning/Sanitation
DT00001383,WO00001849,P02,P02_L03,M024,C,2026-03-18 22:58:00,2026-03-18 23:16:00,18,Unplanned,Electrical Fault
DT00001384,WO00001850,P03,P03_L01,M028,A,2026-03-18 06:41:00,2026-03-18 06:58:00,17,Planned,Planned Inspection
DT00001385,WO00001850,P03,P03_L01,M028,A,2026-03-18 07:03:00,2026-03-18 07:10:00,7,Unplanned,Quality Hold
DT00001386,WO00001853,P03,P03_L02,M031,A,2026-03-18 06:24:00,2026-03-18 07:29:00,65,Planned,Planned Inspection
DT00001387,WO00001854,P03,P03_L02,M031,B,2026-03-18 14:45:00,2026-03-18 14:58:00,13,Unplanned,Mechanical Failure
DT00001388,WO00001855,P03,P03_L02,M031,C,2026-03-18 22:24:00,2026-03-18 22:51:00,27,Planned,Planned Inspection
DT00001389,WO00001856,P03,P03_L03,M033,A,2026-03-18 06:26:00,2026-03-18 07:13:00,47,Unplanned,Mechanical Failure
DT00001390,WO00001856,P03,P03_L03,M033,A,2026-03-18 07:16:00,2026-03-18 07:20:00,4,Unplanned,Quality Hold
DT00001391,WO00001858,P03,P03_L03,M035,C,2026-03-18 22:34:00,2026-03-18 23:35:00,61,Planned,Changeover
DT00001392,WO00001859,P01,P01_L01,M003,A,2026-03-19 06:34:00,2026-03-19 07:00:00,26,Planned,Changeover
DT00001393,WO00001860,P01,P01_L01,M003,B,2026-03-19 14:42:00,2026-03-19 15:18:00,36,Planned,Preventive Maintenance
DT00001394,WO00001861,P01,P01_L01,M002,C,2026-03-19 22:41:00,2026-03-19 23:24:00,43,Planned,Cleaning/Sanitation
DT00001395,WO00001862,P01,P01_L02,M008,A,2026-03-19 06:37:00,2026-03-19 07:01:00,24,Planned,Changeover
DT00001396,WO00001862,P01,P01_L02,M007,A,2026-03-19 07:06:00,2026-03-19 07:38:00,32,Unplanned,Material Starvation
DT00001397,WO00001864,P01,P01_L02,M008,C,2026-03-19 22:47:00,2026-03-19 23:28:00,41,Planned,Preventive Maintenance
DT00001398,WO00001865,P01,P01_L03,M011,A,2026-03-19 06:47:00,2026-03-19 07:19:00,32,Planned,Changeover
DT00001399,WO00001867,P01,P01_L03,M011,C,2026-03-19 22:26:00,2026-03-19 22:49:00,23,Planned,Cleaning/Sanitation
DT00001400,WO00001867,P01,P01_L03,M009,C,2026-03-19 22:54:00,2026-03-19 23:08:00,14,Unplanned,Operator Adjustment
DT00001401,WO00001868,P02,P02_L01,M014,A,2026-03-19 06:46:00,2026-03-19 07:02:00,16,Planned,Preventive Maintenance
DT00001402,WO00001869,P02,P02_L01,M016,B,2026-03-19 14:24:00,2026-03-19 14:36:00,12,Unplanned,Sensor/Controls Fault
DT00001403,WO00001872,P02,P02_L02,M017,B,2026-03-19 14:41:00,2026-03-19 15:06:00,25,Planned,Changeover
DT00001404,WO00001873,P02,P02_L02,M017,C,2026-03-19 22:44:00,2026-03-19 23:15:00,31,Planned,Changeover
DT00001405,WO00001874,P02,P02_L03,M022,A,2026-03-19 06:49:00,2026-03-19 07:07:00,18,Unplanned,Utility Interruption
DT00001406,WO00001875,P02,P02_L03,M022,B,2026-03-19 14:47:00,2026-03-19 15:07:00,20,Unplanned,Quality Hold
DT00001407,WO00001876,P02,P02_L03,M023,C,2026-03-19 22:19:00,2026-03-19 22:53:00,34,Planned,Changeover
DT00001408,WO00001878,P03,P03_L01,M026,B,2026-03-19 14:29:00,2026-03-19 14:50:00,21,Planned,Cleaning/Sanitation
DT00001409,WO00001879,P03,P03_L01,M028,C,2026-03-19 22:32:00,2026-03-19 23:01:00,29,Planned,Planned Inspection
DT00001410,WO00001880,P03,P03_L02,M029,A,2026-03-19 06:44:00,2026-03-19 07:12:00,28,Unplanned,Electrical Fault
DT00001411,WO00001882,P03,P03_L02,M029,C,2026-03-19 22:18:00,2026-03-19 22:31:00,13,Unplanned,Electrical Fault
DT00001412,WO00001884,P03,P03_L03,M033,B,2026-03-19 14:34:00,2026-03-19 14:54:00,20,Planned,Changeover
DT00001413,WO00001885,P03,P03_L03,M033,C,2026-03-19 22:26:00,2026-03-19 22:46:00,20,Planned,Changeover
DT00001414,WO00001886,P01,P01_L01,M004,A,2026-03-20 06:37:00,2026-03-20 07:00:00,23,Planned,Preventive Maintenance
DT00001415,WO00001886,P01,P01_L01,M004,A,2026-03-20 07:05:00,2026-03-20 07:29:00,24,Unplanned,Electrical Fault
DT00001416,WO00001887,P01,P01_L01,M004,B,2026-03-20 14:11:00,2026-03-20 14:15:00,4,Unplanned,Operator Adjustment
DT00001417,WO00001887,P01,P01_L01,M004,B,2026-03-20 14:18:00,2026-03-20 14:43:00,25,Unplanned,Mechanical Failure
DT00001418,WO00001887,P01,P01_L01,M003,B,2026-03-20 14:46:00,2026-03-20 15:13:00,27,Unplanned,Mechanical Failure
DT00001419,WO00001888,P01,P01_L01,M002,C,2026-03-20 22:28:00,2026-03-20 22:47:00,19,Planned,Changeover
DT00001420,WO00001889,P01,P01_L02,M007,A,2026-03-20 06:10:00,2026-03-20 06:55:00,45,Planned,Preventive Maintenance
DT00001421,WO00001890,P01,P01_L02,M008,B,2026-03-20 14:28:00,2026-03-20 15:04:00,36,Planned,Changeover
DT00001422,WO00001891,P01,P01_L02,M007,C,2026-03-20 22:41:00,2026-03-20 23:02:00,21,Planned,Preventive Maintenance
DT00001423,WO00001892,P01,P01_L03,M012,A,2026-03-20 06:17:00,2026-03-20 06:42:00,25,Planned,Cleaning/Sanitation
DT00001424,WO00001893,P01,P01_L03,M009,B,2026-03-20 14:23:00,2026-03-20 14:51:00,28,Planned,Cleaning/Sanitation
DT00001425,WO00001896,P02,P02_L01,M014,B,2026-03-20 14:38:00,2026-03-20 15:24:00,46,Planned,Changeover
DT00001426,WO00001897,P02,P02_L01,M016,C,2026-03-20 22:12:00,2026-03-20 22:47:00,35,Planned,Changeover
DT00001427,WO00001898,P02,P02_L02,M019,A,2026-03-20 06:21:00,2026-03-20 06:37:00,16,Unplanned,Mechanical Failure
DT00001428,WO00001901,P02,P02_L03,M021,A,2026-03-20 06:43:00,2026-03-20 07:12:00,29,Planned,Changeover
DT00001429,WO00001902,P02,P02_L03,M024,B,2026-03-20 14:15:00,2026-03-20 14:59:00,44,Planned,Cleaning/Sanitation
DT00001430,WO00001902,P02,P02_L03,M023,B,2026-03-20 15:04:00,2026-03-20 15:50:00,46,Unplanned,Operator Adjustment
DT00001431,WO00001902,P02,P02_L03,M022,B,2026-03-20 15:53:00,2026-03-20 15:58:00,5,Unplanned,Operator Adjustment
DT00001432,WO00001903,P02,P02_L03,M021,C,2026-03-20 22:31:00,2026-03-20 22:41:00,10,Unplanned,Mechanical Failure
DT00001433,WO00001904,P03,P03_L01,M028,A,2026-03-20 06:35:00,2026-03-20 07:26:00,51,Unplanned,Sensor/Controls Fault
DT00001434,WO00001904,P03,P03_L01,M028,A,2026-03-20 07:29:00,2026-03-20 08:05:00,36,Unplanned,Electrical Fault
DT00001435,WO00001908,P03,P03_L02,M029,B,2026-03-20 14:37:00,2026-03-20 14:57:00,20,Unplanned,Sensor/Controls Fault
DT00001436,WO00001910,P03,P03_L03,M035,A,2026-03-20 06:40:00,2026-03-20 07:08:00,28,Planned,Changeover
DT00001437,WO00001912,P03,P03_L03,M036,C,2026-03-20 22:41:00,2026-03-20 22:54:00,13,Unplanned,Mechanical Failure
DT00001438,WO00001913,P01,P01_L01,M001,B,2026-03-21 14:20:00,2026-03-21 14:52:00,32,Planned,Changeover
DT00001439,WO00001913,P01,P01_L01,M003,B,2026-03-21 14:57:00,2026-03-21 15:53:00,56,Unplanned,Operator Adjustment
DT00001440,WO00001915,P01,P01_L02,M007,A,2026-03-21 06:29:00,2026-03-21 06:47:00,18,Planned,Changeover
DT00001441,WO00001916,P01,P01_L02,M007,B,2026-03-21 14:27:00,2026-03-21 14:47:00,20,Planned,Cleaning/Sanitation
DT00001442,WO00001917,P01,P01_L02,M006,C,2026-03-21 22:39:00,2026-03-21 23:07:00,28,Planned,Cleaning/Sanitation
DT00001443,WO00001921,P02,P02_L01,M016,C,2026-03-21 22:19:00,2026-03-21 23:10:00,51,Unplanned,Utility Interruption
DT00001444,WO00001926,P02,P02_L03,M022,C,2026-03-21 22:15:00,2026-03-21 22:47:00,32,Planned,Changeover
DT00001445,WO00001927,P03,P03_L01,M027,C,2026-03-21 22:25:00,2026-03-21 23:08:00,43,Planned,Preventive Maintenance
DT00001446,WO00001928,P03,P03_L02,M032,A,2026-03-21 06:18:00,2026-03-21 06:40:00,22,Planned,Preventive Maintenance
DT00001447,WO00001929,P03,P03_L02,M030,B,2026-03-21 14:31:00,2026-03-21 14:43:00,12,Unplanned,Mechanical Failure
DT00001448,WO00001930,P03,P03_L03,M033,A,2026-03-21 06:13:00,2026-03-21 06:30:00,17,Unplanned,Quality Hold
DT00001449,WO00001931,P03,P03_L03,M033,B,2026-03-21 14:11:00,2026-03-21 14:42:00,31,Planned,Changeover
DT00001450,WO00001934,P01,P01_L01,M002,C,2026-03-22 22:29:00,2026-03-22 22:50:00,21,Planned,Changeover
DT00001451,WO00001936,P01,P01_L03,M011,A,2026-03-22 06:47:00,2026-03-22 07:08:00,21,Planned,Preventive Maintenance
DT00001452,WO00001936,P01,P01_L03,M009,A,2026-03-22 07:13:00,2026-03-22 08:17:00,64,Unplanned,Mechanical Failure
DT00001453,WO00001937,P02,P02_L01,M016,B,2026-03-22 14:48:00,2026-03-22 15:07:00,19,Planned,Changeover
DT00001454,WO00001939,P02,P02_L03,M023,A,2026-03-22 06:26:00,2026-03-22 06:54:00,28,Planned,Cleaning/Sanitation
DT00001455,WO00001940,P02,P02_L03,M021,B,2026-03-22 14:14:00,2026-03-22 14:45:00,31,Planned,Changeover
DT00001456,WO00001941,P02,P02_L03,M022,C,2026-03-22 22:22:00,2026-03-22 22:45:00,23,Unplanned,Mechanical Failure
DT00001457,WO00001942,P03,P03_L01,M026,A,2026-03-22 06:20:00,2026-03-22 06:31:00,11,Unplanned,Electrical Fault
DT00001458,WO00001942,P03,P03_L01,M028,A,2026-03-22 06:34:00,2026-03-22 06:42:00,8,Unplanned,Material Starvation
DT00001459,WO00001943,P03,P03_L01,M028,B,2026-03-22 14:11:00,2026-03-22 14:47:00,36,Planned,Changeover
DT00001460,WO00001944,P03,P03_L02,M029,A,2026-03-22 06:25:00,2026-03-22 07:01:00,36,Planned,Cleaning/Sanitation
DT00001461,WO00001945,P03,P03_L02,M030,B,2026-03-22 14:44:00,2026-03-22 15:16:00,32,Planned,Cleaning/Sanitation
DT00001462,WO00001945,P03,P03_L02,M031,B,2026-03-22 15:21:00,2026-03-22 15:28:00,7,Unplanned,Operator Adjustment
DT00001463,WO00001947,P03,P03_L03,M035,A,2026-03-22 06:34:00,2026-03-22 06:59:00,25,Planned,Preventive Maintenance
DT00001464,WO00001951,P01,P01_L01,M004,C,2026-03-23 22:18:00,2026-03-23 23:30:00,72,Planned,Changeover
DT00001465,WO00001952,P01,P01_L02,M007,A,2026-03-23 06:45:00,2026-03-23 07:28:00,43,Planned,Preventive Maintenance
DT00001466,WO00001952,P01,P01_L02,M008,A,2026-03-23 07:33:00,2026-03-23 07:39:00,6,Unplanned,Operator Adjustment
DT00001467,WO00001952,P01,P01_L02,M008,A,2026-03-23 07:42:00,2026-03-23 07:54:00,12,Unplanned,Material Starvation
DT00001468,WO00001953,P01,P01_L02,M007,B,2026-03-23 14:20:00,2026-03-23 14:51:00,31,Planned,Cleaning/Sanitation
DT00001469,WO00001954,P01,P01_L02,M007,C,2026-03-23 22:28:00,2026-03-23 23:05:00,37,Unplanned,Sensor/Controls Fault
DT00001470,WO00001956,P01,P01_L03,M012,B,2026-03-23 14:22:00,2026-03-23 14:38:00,16,Unplanned,Utility Interruption
DT00001471,WO00001957,P01,P01_L03,M011,C,2026-03-23 22:30:00,2026-03-23 22:53:00,23,Planned,Preventive Maintenance
DT00001472,WO00001958,P02,P02_L01,M016,A,2026-03-23 06:35:00,2026-03-23 07:20:00,45,Planned,Planned Inspection
DT00001473,WO00001959,P02,P02_L01,M015,B,2026-03-23 14:13:00,2026-03-23 15:27:00,74,Planned,Preventive Maintenance
DT00001474,WO00001962,P02,P02_L02,M017,B,2026-03-23 14:21:00,2026-03-23 14:41:00,20,Unplanned,Utility Interruption
DT00001475,WO00001962,P02,P02_L02,M017,B,2026-03-23 14:44:00,2026-03-23 15:30:00,46,Unplanned,Electrical Fault
DT00001476,WO00001964,P02,P02_L03,M023,A,2026-03-23 06:36:00,2026-03-23 07:04:00,28,Planned,Preventive Maintenance
DT00001477,WO00001964,P02,P02_L03,M024,A,2026-03-23 07:09:00,2026-03-23 07:50:00,41,Unplanned,Material Starvation
DT00001478,WO00001966,P02,P02_L03,M021,C,2026-03-23 22:25:00,2026-03-23 22:53:00,28,Planned,Changeover
DT00001479,WO00001966,P02,P02_L03,M023,C,2026-03-23 22:58:00,2026-03-23 23:29:00,31,Unplanned,Mechanical Failure
DT00001480,WO00001966,P02,P02_L03,M022,C,2026-03-23 23:32:00,2026-03-23 23:42:00,10,Unplanned,Utility Interruption
DT00001481,WO00001972,P03,P03_L02,M031,C,2026-03-23 22:41:00,2026-03-23 22:57:00,16,Planned,Changeover
DT00001482,WO00001975,P03,P03_L03,M035,C,2026-03-23 22:32:00,2026-03-23 22:57:00,25,Planned,Preventive Maintenance
DT00001483,WO00001976,P01,P01_L01,M002,A,2026-03-24 06:26:00,2026-03-24 06:43:00,17,Planned,Changeover
DT00001484,WO00001977,P01,P01_L01,M002,B,2026-03-24 14:15:00,2026-03-24 14:42:00,27,Planned,Changeover
DT00001485,WO00001980,P01,P01_L02,M005,B,2026-03-24 14:31:00,2026-03-24 15:51:00,80,Unplanned,Mechanical Failure
DT00001486,WO00001981,P01,P01_L02,M006,C,2026-03-24 22:41:00,2026-03-24 23:12:00,31,Planned,Changeover
DT00001487,WO00001982,P01,P01_L03,M011,A,2026-03-24 06:36:00,2026-03-24 07:10:00,34,Planned,Cleaning/Sanitation
DT00001488,WO00001984,P01,P01_L03,M010,C,2026-03-24 22:45:00,2026-03-24 23:15:00,30,Planned,Changeover
DT00001489,WO00001985,P02,P02_L01,M014,A,2026-03-24 06:29:00,2026-03-24 06:46:00,17,Unplanned,Sensor/Controls Fault
DT00001490,WO00001987,P02,P02_L01,M013,C,2026-03-24 22:31:00,2026-03-24 22:56:00,25,Planned,Changeover
DT00001491,WO00001987,P02,P02_L01,M015,C,2026-03-24 23:01:00,2026-03-24 23:17:00,16,Unplanned,Operator Adjustment
DT00001492,WO00001988,P02,P02_L02,M017,A,2026-03-24 06:22:00,2026-03-24 06:48:00,26,Planned,Preventive Maintenance
DT00001493,WO00001992,P02,P02_L03,M021,B,2026-03-24 14:15:00,2026-03-24 14:58:00,43,Planned,Changeover
DT00001494,WO00001992,P02,P02_L03,M022,B,2026-03-24 15:03:00,2026-03-24 15:23:00,20,Unplanned,Quality Hold
DT00001495,WO00001993,P02,P02_L03,M021,C,2026-03-24 22:20:00,2026-03-24 22:44:00,24,Planned,Changeover
DT00001496,WO00001996,P03,P03_L01,M026,C,2026-03-24 22:42:00,2026-03-24 23:02:00,20,Planned,Preventive Maintenance
DT00001497,WO00001998,P03,P03_L02,M031,B,2026-03-24 14:38:00,2026-03-24 15:07:00,29,Planned,Cleaning/Sanitation
DT00001498,WO00002000,P03,P03_L03,M036,A,2026-03-24 06:33:00,2026-03-24 06:55:00,22,Unplanned,Material Starvation
DT00001499,WO00002001,P03,P03_L03,M033,B,2026-03-24 14:27:00,2026-03-24 15:02:00,35,Unplanned,Mechanical Failure
DT00001500,WO00002002,P03,P03_L03,M033,C,2026-03-24 22:42:00,2026-03-24 23:33:00,51,Planned,Changeover
DT00001501,WO00002004,P01,P01_L01,M003,B,2026-03-25 14:42:00,2026-03-25 15:01:00,19,Unplanned,Utility Interruption
DT00001502,WO00002005,P01,P01_L01,M001,C,2026-03-25 22:31:00,2026-03-25 23:20:00,49,Planned,Changeover
DT00001503,WO00002006,P01,P01_L02,M008,A,2026-03-25 06:28:00,2026-03-25 06:47:00,19,Planned,Preventive Maintenance
DT00001504,WO00002009,P01,P01_L03,M009,A,2026-03-25 06:46:00,2026-03-25 07:16:00,30,Unplanned,Quality Hold
DT00001505,WO00002010,P01,P01_L03,M009,B,2026-03-25 14:48:00,2026-03-25 15:05:00,17,Planned,Planned Inspection
DT00001506,WO00002011,P01,P01_L03,M009,C,2026-03-25 22:29:00,2026-03-26 00:05:00,96,Unplanned,Mechanical Failure
DT00001507,WO00002012,P02,P02_L01,M016,A,2026-03-25 06:29:00,2026-03-25 06:46:00,17,Planned,Preventive Maintenance
DT00001508,WO00002012,P02,P02_L01,M015,A,2026-03-25 06:51:00,2026-03-25 06:59:00,8,Unplanned,Mechanical Failure
DT00001509,WO00002013,P02,P02_L01,M013,B,2026-03-25 14:18:00,2026-03-25 14:52:00,34,Planned,Cleaning/Sanitation
DT00001510,WO00002013,P02,P02_L01,M016,B,2026-03-25 14:57:00,2026-03-25 15:24:00,27,Unplanned,Operator Adjustment
DT00001511,WO00002016,P02,P02_L02,M020,B,2026-03-25 14:29:00,2026-03-25 14:41:00,12,Unplanned,Operator Adjustment
DT00001512,WO00002017,P02,P02_L02,M018,C,2026-03-25 22:48:00,2026-03-25 23:01:00,13,Unplanned,Material Starvation
DT00001513,WO00002018,P02,P02_L03,M022,A,2026-03-25 06:36:00,2026-03-25 07:03:00,27,Planned,Changeover
DT00001514,WO00002019,P02,P02_L03,M024,B,2026-03-25 14:49:00,2026-03-25 15:27:00,38,Planned,Changeover
DT00001515,WO00002022,P03,P03_L01,M025,B,2026-03-25 14:44:00,2026-03-25 14:56:00,12,Planned,Changeover
DT00001516,WO00002022,P03,P03_L01,M028,B,2026-03-25 15:01:00,2026-03-25 15:11:00,10,Unplanned,Sensor/Controls Fault
DT00001517,WO00002024,P03,P03_L02,M030,A,2026-03-25 06:49:00,2026-03-25 07:09:00,20,Planned,Changeover
DT00001518,WO00002025,P03,P03_L02,M029,B,2026-03-25 14:12:00,2026-03-25 14:28:00,16,Planned,Changeover
DT00001519,WO00002027,P03,P03_L03,M034,A,2026-03-25 06:28:00,2026-03-25 06:54:00,26,Planned,Changeover
DT00001520,WO00002028,P03,P03_L03,M034,B,2026-03-25 14:26:00,2026-03-25 15:20:00,54,Planned,Planned Inspection
DT00001521,WO00002029,P03,P03_L03,M033,C,2026-03-25 22:38:00,2026-03-25 23:14:00,36,Planned,Changeover
DT00001522,WO00002029,P03,P03_L03,M034,C,2026-03-25 23:19:00,2026-03-25 23:53:00,34,Unplanned,Mechanical Failure
DT00001523,WO00002031,P01,P01_L01,M004,B,2026-03-26 14:17:00,2026-03-26 14:26:00,9,Unplanned,Mechanical Failure
DT00001524,WO00002036,P01,P01_L03,M011,A,2026-03-26 06:43:00,2026-03-26 07:11:00,28,Planned,Cleaning/Sanitation
DT00001525,WO00002036,P01,P01_L03,M012,A,2026-03-26 07:16:00,2026-03-26 07:31:00,15,Unplanned,Electrical Fault
DT00001526,WO00002038,P01,P01_L03,M012,C,2026-03-26 22:45:00,2026-03-26 23:06:00,21,Planned,Preventive Maintenance
DT00001527,WO00002039,P02,P02_L01,M016,A,2026-03-26 06:20:00,2026-03-26 06:36:00,16,Unplanned,Electrical Fault
DT00001528,WO00002041,P02,P02_L01,M013,C,2026-03-26 22:44:00,2026-03-26 23:18:00,34,Planned,Preventive Maintenance
DT00001529,WO00002042,P02,P02_L02,M017,A,2026-03-26 06:43:00,2026-03-26 07:13:00,30,Planned,Preventive Maintenance
DT00001530,WO00002044,P02,P02_L02,M020,C,2026-03-26 22:29:00,2026-03-26 22:53:00,24,Planned,Changeover
DT00001531,WO00002046,P02,P02_L03,M023,B,2026-03-26 14:28:00,2026-03-26 14:48:00,20,Planned,Changeover
DT00001532,WO00002049,P03,P03_L01,M028,B,2026-03-26 14:26:00,2026-03-26 14:53:00,27,Planned,Changeover
DT00001533,WO00002050,P03,P03_L01,M028,C,2026-03-26 22:26:00,2026-03-26 22:47:00,21,Planned,Changeover
DT00001534,WO00002051,P03,P03_L02,M030,A,2026-03-26 06:33:00,2026-03-26 06:53:00,20,Planned,Changeover
DT00001535,WO00002052,P03,P03_L02,M030,B,2026-03-26 14:44:00,2026-03-26 15:24:00,40,Planned,Preventive Maintenance
DT00001536,WO00002057,P01,P01_L01,M004,A,2026-03-27 06:17:00,2026-03-27 06:55:00,38,Unplanned,Utility Interruption
DT00001537,WO00002057,P01,P01_L01,M003,A,2026-03-27 06:58:00,2026-03-27 07:10:00,12,Unplanned,Quality Hold
DT00001538,WO00002059,P01,P01_L01,M004,C,2026-03-27 22:26:00,2026-03-27 22:58:00,32,Planned,Changeover
DT00001539,WO00002060,P01,P01_L02,M006,A,2026-03-27 06:25:00,2026-03-27 07:04:00,39,Planned,Changeover
DT00001540,WO00002060,P01,P01_L02,M008,A,2026-03-27 07:09:00,2026-03-27 07:50:00,41,Unplanned,Material Starvation
DT00001541,WO00002062,P01,P01_L02,M008,C,2026-03-27 22:32:00,2026-03-27 23:01:00,29,Planned,Changeover
DT00001542,WO00002062,P01,P01_L02,M005,C,2026-03-27 23:06:00,2026-03-27 23:20:00,14,Unplanned,Quality Hold
DT00001543,WO00002065,P01,P01_L03,M012,C,2026-03-27 22:45:00,2026-03-27 22:57:00,12,Planned,Changeover
DT00001544,WO00002068,P02,P02_L01,M015,C,2026-03-27 22:23:00,2026-03-27 22:51:00,28,Planned,Changeover
DT00001545,WO00002069,P02,P02_L02,M018,A,2026-03-27 06:35:00,2026-03-27 06:52:00,17,Planned,Planned Inspection
DT00001546,WO00002070,P02,P02_L02,M020,B,2026-03-27 14:16:00,2026-03-27 15:46:00,90,Unplanned,Mechanical Failure
DT00001547,WO00002071,P02,P02_L02,M018,C,2026-03-27 22:33:00,2026-03-27 22:50:00,17,Unplanned,Utility Interruption
DT00001548,WO00002072,P02,P02_L03,M022,A,2026-03-27 06:17:00,2026-03-27 06:37:00,20,Planned,Preventive Maintenance
DT00001549,WO00002073,P02,P02_L03,M021,B,2026-03-27 14:44:00,2026-03-27 15:02:00,18,Planned,Preventive Maintenance
DT00001550,WO00002075,P03,P03_L01,M027,A,2026-03-27 06:46:00,2026-03-27 07:27:00,41,Planned,Changeover
DT00001551,WO00002079,P03,P03_L02,M030,B,2026-03-27 14:19:00,2026-03-27 14:40:00,21,Unplanned,Quality Hold
DT00001552,WO00002081,P03,P03_L03,M036,A,2026-03-27 06:39:00,2026-03-27 06:55:00,16,Planned,Preventive Maintenance
DT00001553,WO00002082,P03,P03_L03,M035,B,2026-03-27 14:41:00,2026-03-27 15:41:00,60,Planned,Preventive Maintenance
DT00001554,WO00002085,P01,P01_L01,M004,B,2026-03-28 14:45:00,2026-03-28 15:12:00,27,Planned,Planned Inspection
DT00001555,WO00002087,P01,P01_L02,M005,B,2026-03-28 14:31:00,2026-03-28 15:15:00,44,Planned,Preventive Maintenance
DT00001556,WO00002088,P01,P01_L02,M008,C,2026-03-28 22:10:00,2026-03-28 22:30:00,20,Unplanned,Quality Hold
DT00001557,WO00002089,P01,P01_L03,M009,A,2026-03-28 06:28:00,2026-03-28 07:33:00,65,Planned,Preventive Maintenance
DT00001558,WO00002090,P01,P01_L03,M009,C,2026-03-28 22:34:00,2026-03-28 22:52:00,18,Planned,Changeover
DT00001559,WO00002091,P02,P02_L01,M016,A,2026-03-28 06:10:00,2026-03-28 06:25:00,15,Unplanned,Mechanical Failure
DT00001560,WO00002091,P02,P02_L01,M013,A,2026-03-28 06:28:00,2026-03-28 06:47:00,19,Unplanned,Mechanical Failure
DT00001561,WO00002093,P02,P02_L02,M020,A,2026-03-28 06:47:00,2026-03-28 07:05:00,18,Planned,Changeover
DT00001562,WO00002094,P02,P02_L02,M018,B,2026-03-28 14:37:00,2026-03-28 14:50:00,13,Planned,Preventive Maintenance
DT00001563,WO00002094,P02,P02_L02,M020,B,2026-03-28 14:55:00,2026-03-28 14:59:00,4,Unplanned,Mechanical Failure
DT00001564,WO00002095,P03,P03_L01,M026,B,2026-03-28 14:28:00,2026-03-28 15:14:00,46,Planned,Preventive Maintenance
DT00001565,WO00002096,P03,P03_L01,M028,C,2026-03-28 22:48:00,2026-03-28 23:17:00,29,Planned,Cleaning/Sanitation
DT00001566,WO00002096,P03,P03_L01,M026,C,2026-03-28 23:22:00,2026-03-28 23:47:00,25,Unplanned,Material Starvation
DT00001567,WO00002098,P03,P03_L02,M032,B,2026-03-28 14:46:00,2026-03-28 15:35:00,49,Planned,Changeover
DT00001568,WO00002098,P03,P03_L02,M030,B,2026-03-28 15:40:00,2026-03-28 15:53:00,13,Unplanned,Mechanical Failure
DT00001569,WO00002099,P03,P03_L02,M030,C,2026-03-28 22:36:00,2026-03-28 23:16:00,40,Unplanned,Electrical Fault
DT00001570,WO00002101,P03,P03_L03,M033,B,2026-03-28 14:46:00,2026-03-28 15:01:00,15,Planned,Changeover
DT00001571,WO00002102,P03,P03_L03,M034,C,2026-03-28 22:20:00,2026-03-28 22:51:00,31,Planned,Preventive Maintenance
DT00001572,WO00002102,P03,P03_L03,M035,C,2026-03-28 22:56:00,2026-03-28 23:03:00,7,Unplanned,Electrical Fault
DT00001573,WO00002105,P01,P01_L01,M004,C,2026-03-29 22:48:00,2026-03-29 23:05:00,17,Planned,Changeover
DT00001574,WO00002106,P01,P01_L02,M007,A,2026-03-29 06:16:00,2026-03-29 06:46:00,30,Unplanned,Quality Hold
DT00001575,WO00002108,P01,P01_L03,M010,B,2026-03-29 14:28:00,2026-03-29 14:50:00,22,Unplanned,Mechanical Failure
DT00001576,WO00002109,P01,P01_L03,M009,C,2026-03-29 22:20:00,2026-03-29 22:34:00,14,Planned,Planned Inspection
DT00001577,WO00002110,P02,P02_L01,M015,A,2026-03-29 06:32:00,2026-03-29 06:54:00,22,Planned,Changeover
DT00001578,WO00002110,P02,P02_L01,M014,A,2026-03-29 06:59:00,2026-03-29 07:36:00,37,Unplanned,Operator Adjustment
DT00001579,WO00002111,P02,P02_L02,M018,A,2026-03-29 06:28:00,2026-03-29 06:47:00,19,Planned,Preventive Maintenance
DT00001580,WO00002113,P02,P02_L02,M017,C,2026-03-29 22:48:00,2026-03-29 23:11:00,23,Planned,Preventive Maintenance
DT00001581,WO00002114,P03,P03_L01,M025,A,2026-03-29 06:18:00,2026-03-29 06:55:00,37,Planned,Preventive Maintenance
DT00001582,WO00002116,P03,P03_L01,M027,C,2026-03-29 22:40:00,2026-03-29 23:07:00,27,Planned,Planned Inspection
DT00001583,WO00002117,P03,P03_L02,M030,B,2026-03-29 14:18:00,2026-03-29 14:51:00,33,Planned,Preventive Maintenance
DT00001584,WO00002118,P03,P03_L03,M033,A,2026-03-29 06:46:00,2026-03-29 07:24:00,38,Planned,Cleaning/Sanitation
DT00001585,WO00002119,P03,P03_L03,M035,B,2026-03-29 14:38:00,2026-03-29 14:59:00,21,Unplanned,Operator Adjustment
DT00001586,WO00002122,P01,P01_L01,M002,B,2026-03-30 14:22:00,2026-03-30 14:47:00,25,Planned,Changeover
DT00001587,WO00002122,P01,P01_L01,M002,B,2026-03-30 14:52:00,2026-03-30 15:15:00,23,Unplanned,Sensor/Controls Fault
DT00001588,WO00002125,P01,P01_L02,M006,B,2026-03-30 14:34:00,2026-03-30 15:15:00,41,Planned,Changeover
DT00001589,WO00002126,P01,P01_L02,M008,C,2026-03-30 22:48:00,2026-03-30 23:16:00,28,Planned,Cleaning/Sanitation
DT00001590,WO00002128,P01,P01_L03,M010,B,2026-03-30 14:15:00,2026-03-30 14:38:00,23,Planned,Preventive Maintenance
DT00001591,WO00002129,P01,P01_L03,M012,C,2026-03-30 22:38:00,2026-03-30 23:32:00,54,Planned,Preventive Maintenance
DT00001592,WO00002129,P01,P01_L03,M010,C,2026-03-30 23:37:00,2026-03-30 23:58:00,21,Unplanned,Operator Adjustment
DT00001593,WO00002129,P01,P01_L03,M012,C,2026-03-31 00:01:00,2026-03-31 00:17:00,16,Unplanned,Material Starvation
DT00001594,WO00002131,P02,P02_L01,M014,B,2026-03-30 14:49:00,2026-03-30 15:10:00,21,Planned,Cleaning/Sanitation
DT00001595,WO00002132,P02,P02_L01,M013,C,2026-03-30 22:45:00,2026-03-30 23:23:00,38,Planned,Cleaning/Sanitation
DT00001596,WO00002132,P02,P02_L01,M016,C,2026-03-30 23:28:00,2026-03-30 23:41:00,13,Unplanned,Quality Hold
DT00001597,WO00002133,P02,P02_L02,M018,A,2026-03-30 06:25:00,2026-03-30 07:53:00,88,Planned,Preventive Maintenance
DT00001598,WO00002134,P02,P02_L02,M020,B,2026-03-30 14:42:00,2026-03-30 15:06:00,24,Unplanned,Quality Hold
DT00001599,WO00002134,P02,P02_L02,M017,B,2026-03-30 15:09:00,2026-03-30 16:16:00,67,Unplanned,Quality Hold
DT00001600,WO00002135,P02,P02_L02,M018,C,2026-03-30 22:33:00,2026-03-30 22:43:00,10,Unplanned,Mechanical Failure
DT00001601,WO00002135,P02,P02_L02,M019,C,2026-03-30 22:46:00,2026-03-30 23:02:00,16,Unplanned,Quality Hold
DT00001602,WO00002137,P02,P02_L03,M024,B,2026-03-30 14:21:00,2026-03-30 14:35:00,14,Unplanned,Utility Interruption
DT00001603,WO00002138,P02,P02_L03,M024,C,2026-03-30 22:37:00,2026-03-30 23:03:00,26,Unplanned,Electrical Fault
DT00001604,WO00002139,P03,P03_L01,M028,A,2026-03-30 06:33:00,2026-03-30 07:05:00,32,Unplanned,Mechanical Failure
DT00001605,WO00002139,P03,P03_L01,M025,A,2026-03-30 07:08:00,2026-03-30 07:25:00,17,Unplanned,Mechanical Failure
DT00001606,WO00002140,P03,P03_L01,M026,B,2026-03-30 14:15:00,2026-03-30 15:18:00,63,Planned,Changeover
DT00001607,WO00002140,P03,P03_L01,M025,B,2026-03-30 15:23:00,2026-03-30 15:58:00,35,Unplanned,Mechanical Failure
DT00001608,WO00002141,P03,P03_L01,M025,C,2026-03-30 22:12:00,2026-03-30 22:44:00,32,Unplanned,Mechanical Failure
DT00001609,WO00002145,P03,P03_L03,M036,A,2026-03-30 06:11:00,2026-03-30 06:28:00,17,Planned,Preventive Maintenance
DT00001610,WO00002146,P03,P03_L03,M033,B,2026-03-30 14:12:00,2026-03-30 14:57:00,45,Planned,Changeover
DT00001611,WO00002147,P03,P03_L03,M036,C,2026-03-30 22:42:00,2026-03-31 00:02:00,80,Planned,Preventive Maintenance
DT00001612,WO00002147,P03,P03_L03,M034,C,2026-03-31 00:07:00,2026-03-31 00:55:00,48,Unplanned,Sensor/Controls Fault
DT00001613,WO00002148,P01,P01_L01,M004,A,2026-03-31 06:43:00,2026-03-31 06:49:00,6,Unplanned,Electrical Fault
DT00001614,WO00002150,P01,P01_L01,M002,C,2026-03-31 22:39:00,2026-03-31 22:51:00,12,Planned,Cleaning/Sanitation
DT00001615,WO00002151,P01,P01_L02,M005,A,2026-03-31 06:20:00,2026-03-31 06:46:00,26,Planned,Preventive Maintenance
DT00001616,WO00002152,P01,P01_L02,M005,B,2026-03-31 14:47:00,2026-03-31 15:23:00,36,Planned,Preventive Maintenance
DT00001617,WO00002152,P01,P01_L02,M007,B,2026-03-31 15:28:00,2026-03-31 15:52:00,24,Unplanned,Mechanical Failure
DT00001618,WO00002153,P01,P01_L02,M008,C,2026-03-31 22:10:00,2026-03-31 22:35:00,25,Planned,Changeover
DT00001619,WO00002155,P01,P01_L03,M010,B,2026-03-31 14:17:00,2026-03-31 15:10:00,53,Planned,Cleaning/Sanitation
DT00001620,WO00002155,P01,P01_L03,M011,B,2026-03-31 15:15:00,2026-03-31 17:10:00,115,Unplanned,Material Starvation
DT00001621,WO00002156,P01,P01_L03,M012,C,2026-03-31 22:40:00,2026-03-31 23:31:00,51,Planned,Preventive Maintenance
DT00001622,WO00002157,P02,P02_L01,M016,A,2026-03-31 06:49:00,2026-03-31 07:20:00,31,Planned,Changeover
DT00001623,WO00002161,P02,P02_L02,M018,B,2026-03-31 14:18:00,2026-03-31 14:50:00,32,Planned,Changeover
DT00001624,WO00002161,P02,P02_L02,M020,B,2026-03-31 14:55:00,2026-03-31 16:18:00,83,Unplanned,Sensor/Controls Fault
DT00001625,WO00002162,P02,P02_L02,M020,C,2026-03-31 22:28:00,2026-03-31 22:52:00,24,Planned,Changeover
DT00001626,WO00002167,P03,P03_L01,M026,B,2026-03-31 14:37:00,2026-03-31 15:10:00,33,Planned,Preventive Maintenance
DT00001627,WO00002170,P03,P03_L02,M032,B,2026-03-31 14:29:00,2026-03-31 14:50:00,21,Planned,Planned Inspection
DT00001628,WO00002171,P03,P03_L02,M029,C,2026-03-31 22:24:00,2026-03-31 22:56:00,32,Planned,Changeover
DT00001629,WO00002172,P03,P03_L03,M035,A,2026-03-31 06:40:00,2026-03-31 07:04:00,24,Planned,Changeover
DT00001630,WO00002176,P01,P01_L01,M001,B,2026-04-01 14:47:00,2026-04-01 15:39:00,52,Planned,Changeover
DT00001631,WO00002178,P01,P01_L02,M006,A,2026-04-01 06:32:00,2026-04-01 06:38:00,6,Unplanned,Mechanical Failure
DT00001632,WO00002179,P01,P01_L02,M008,B,2026-04-01 14:43:00,2026-04-01 14:58:00,15,Planned,Changeover
DT00001633,WO00002180,P01,P01_L02,M008,C,2026-04-01 22:19:00,2026-04-01 22:54:00,35,Unplanned,Mechanical Failure
DT00001634,WO00002181,P01,P01_L03,M009,A,2026-04-01 06:41:00,2026-04-01 06:51:00,10,Unplanned,Electrical Fault
DT00001635,WO00002184,P02,P02_L01,M013,A,2026-04-01 06:40:00,2026-04-01 07:00:00,20,Planned,Changeover
DT00001636,WO00002184,P02,P02_L01,M014,A,2026-04-01 07:05:00,2026-04-01 08:22:00,77,Unplanned,Utility Interruption
DT00001637,WO00002185,P02,P02_L01,M016,B,2026-04-01 14:14:00,2026-04-01 14:34:00,20,Planned,Preventive Maintenance
DT00001638,WO00002186,P02,P02_L01,M014,C,2026-04-01 22:22:00,2026-04-01 22:52:00,30,Planned,Changeover
DT00001639,WO00002190,P02,P02_L03,M024,A,2026-04-01 06:43:00,2026-04-01 07:12:00,29,Planned,Changeover
DT00001640,WO00002191,P02,P02_L03,M023,B,2026-04-01 14:10:00,2026-04-01 14:19:00,9,Unplanned,Material Starvation
DT00001641,WO00002193,P03,P03_L01,M025,A,2026-04-01 06:23:00,2026-04-01 07:05:00,42,Planned,Changeover
DT00001642,WO00002194,P03,P03_L01,M027,B,2026-04-01 14:46:00,2026-04-01 15:12:00,26,Planned,Preventive Maintenance
DT00001643,WO00002195,P03,P03_L01,M025,C,2026-04-01 22:43:00,2026-04-01 22:56:00,13,Planned,Preventive Maintenance
DT00001644,WO00002196,P03,P03_L02,M031,A,2026-04-01 06:36:00,2026-04-01 07:08:00,32,Planned,Changeover
DT00001645,WO00002198,P03,P03_L02,M030,C,2026-04-01 22:23:00,2026-04-01 23:13:00,50,Unplanned,Mechanical Failure
DT00001646,WO00002198,P03,P03_L02,M032,C,2026-04-01 23:16:00,2026-04-01 23:22:00,6,Unplanned,Mechanical Failure
DT00001647,WO00002199,P03,P03_L03,M033,A,2026-04-01 06:35:00,2026-04-01 06:56:00,21,Unplanned,Electrical Fault
DT00001648,WO00002200,P03,P03_L03,M035,B,2026-04-01 14:10:00,2026-04-01 14:28:00,18,Planned,Cleaning/Sanitation
DT00001649,WO00002200,P03,P03_L03,M035,B,2026-04-01 14:33:00,2026-04-01 14:58:00,25,Unplanned,Quality Hold
DT00001650,WO00002204,P01,P01_L01,M002,C,2026-04-02 22:30:00,2026-04-02 22:53:00,23,Planned,Cleaning/Sanitation
DT00001651,WO00002206,P01,P01_L02,M007,B,2026-04-02 14:20:00,2026-04-02 14:29:00,9,Unplanned,Sensor/Controls Fault
DT00001652,WO00002206,P01,P01_L02,M007,B,2026-04-02 14:32:00,2026-04-02 15:26:00,54,Unplanned,Mechanical Failure
DT00001653,WO00002207,P01,P01_L02,M006,C,2026-04-02 22:20:00,2026-04-02 23:05:00,45,Planned,Changeover
DT00001654,WO00002207,P01,P01_L02,M006,C,2026-04-02 23:10:00,2026-04-03 00:03:00,53,Unplanned,Mechanical Failure
DT00001655,WO00002208,P01,P01_L03,M010,A,2026-04-02 06:20:00,2026-04-02 06:36:00,16,Planned,Cleaning/Sanitation
DT00001656,WO00002211,P02,P02_L01,M013,A,2026-04-02 06:46:00,2026-04-02 08:01:00,75,Unplanned,Electrical Fault
DT00001657,WO00002212,P02,P02_L01,M015,B,2026-04-02 14:18:00,2026-04-02 14:45:00,27,Planned,Changeover
DT00001658,WO00002212,P02,P02_L01,M013,B,2026-04-02 14:50:00,2026-04-02 15:10:00,20,Unplanned,Mechanical Failure
DT00001659,WO00002213,P02,P02_L01,M014,C,2026-04-02 22:22:00,2026-04-02 22:45:00,23,Unplanned,Utility Interruption
DT00001660,WO00002213,P02,P02_L01,M013,C,2026-04-02 22:48:00,2026-04-02 23:02:00,14,Unplanned,Sensor/Controls Fault
DT00001661,WO00002216,P02,P02_L02,M019,C,2026-04-02 22:41:00,2026-04-02 23:09:00,28,Planned,Changeover
DT00001662,WO00002218,P02,P02_L03,M022,B,2026-04-02 14:17:00,2026-04-02 15:19:00,62,Unplanned,Mechanical Failure
DT00001663,WO00002219,P02,P02_L03,M024,C,2026-04-02 22:12:00,2026-04-02 22:47:00,35,Planned,Changeover
DT00001664,WO00002219,P02,P02_L03,M022,C,2026-04-02 22:52:00,2026-04-02 23:27:00,35,Unplanned,Material Starvation
DT00001665,WO00002220,P03,P03_L01,M026,A,2026-04-02 06:21:00,2026-04-02 06:41:00,20,Unplanned,Utility Interruption
DT00001666,WO00002220,P03,P03_L01,M025,A,2026-04-02 06:44:00,2026-04-02 07:05:00,21,Unplanned,Mechanical Failure
DT00001667,WO00002223,P03,P03_L02,M031,A,2026-04-02 06:44:00,2026-04-02 07:00:00,16,Planned,Changeover
DT00001668,WO00002224,P03,P03_L02,M030,B,2026-04-02 14:41:00,2026-04-02 16:10:00,89,Planned,Cleaning/Sanitation
DT00001669,WO00002226,P03,P03_L03,M035,A,2026-04-02 06:44:00,2026-04-02 06:48:00,4,Unplanned,Quality Hold
DT00001670,WO00002227,P03,P03_L03,M033,B,2026-04-02 14:27:00,2026-04-02 14:57:00,30,Unplanned,Mechanical Failure
DT00001671,WO00002227,P03,P03_L03,M035,B,2026-04-02 15:00:00,2026-04-02 15:20:00,20,Unplanned,Mechanical Failure
DT00001672,WO00002228,P03,P03_L03,M034,C,2026-04-02 22:21:00,2026-04-02 22:57:00,36,Planned,Changeover
DT00001673,WO00002229,P01,P01_L01,M001,A,2026-04-03 06:38:00,2026-04-03 06:45:00,7,Unplanned,Electrical Fault
DT00001674,WO00002236,P01,P01_L03,M010,B,2026-04-03 14:28:00,2026-04-03 14:46:00,18,Unplanned,Material Starvation
DT00001675,WO00002237,P01,P01_L03,M011,C,2026-04-03 22:24:00,2026-04-03 22:59:00,35,Planned,Cleaning/Sanitation
DT00001676,WO00002241,P02,P02_L02,M020,A,2026-04-03 06:38:00,2026-04-03 07:04:00,26,Planned,Cleaning/Sanitation
DT00001677,WO00002242,P02,P02_L02,M018,B,2026-04-03 14:46:00,2026-04-03 14:59:00,13,Unplanned,Material Starvation
DT00001678,WO00002243,P02,P02_L02,M020,C,2026-04-03 22:26:00,2026-04-03 23:07:00,41,Unplanned,Material Starvation
DT00001679,WO00002244,P02,P02_L03,M023,A,2026-04-03 06:41:00,2026-04-03 07:00:00,19,Planned,Changeover
DT00001680,WO00002248,P03,P03_L01,M027,B,2026-04-03 14:12:00,2026-04-03 14:25:00,13,Unplanned,Mechanical Failure
DT00001681,WO00002248,P03,P03_L01,M028,B,2026-04-03 14:28:00,2026-04-03 15:52:00,84,Unplanned,Material Starvation
DT00001682,WO00002248,P03,P03_L01,M027,B,2026-04-03 15:55:00,2026-04-03 16:14:00,19,Unplanned,Mechanical Failure
DT00001683,WO00002249,P03,P03_L01,M027,C,2026-04-03 22:20:00,2026-04-03 22:58:00,38,Planned,Cleaning/Sanitation
DT00001684,WO00002249,P03,P03_L01,M026,C,2026-04-03 23:03:00,2026-04-03 23:22:00,19,Unplanned,Material Starvation
DT00001685,WO00002250,P03,P03_L02,M030,A,2026-04-03 06:37:00,2026-04-03 07:17:00,40,Unplanned,Operator Adjustment
DT00001686,WO00002252,P03,P03_L02,M031,C,2026-04-03 22:31:00,2026-04-03 22:47:00,16,Planned,Changeover
DT00001687,WO00002252,P03,P03_L02,M030,C,2026-04-03 22:52:00,2026-04-03 23:05:00,13,Unplanned,Quality Hold
DT00001688,WO00002253,P03,P03_L03,M033,A,2026-04-03 06:24:00,2026-04-03 06:43:00,19,Planned,Planned Inspection
DT00001689,WO00002254,P03,P03_L03,M036,B,2026-04-03 14:10:00,2026-04-03 14:26:00,16,Planned,Changeover
DT00001690,WO00002254,P03,P03_L03,M033,B,2026-04-03 14:31:00,2026-04-03 15:53:00,82,Unplanned,Material Starvation
DT00001691,WO00002255,P03,P03_L03,M034,C,2026-04-03 22:19:00,2026-04-03 22:50:00,31,Planned,Preventive Maintenance
DT00001692,WO00002259,P01,P01_L02,M006,A,2026-04-04 06:33:00,2026-04-04 06:54:00,21,Planned,Changeover
DT00001693,WO00002260,P01,P01_L02,M008,B,2026-04-04 14:49:00,2026-04-04 15:03:00,14,Unplanned,Electrical Fault
DT00001694,WO00002260,P01,P01_L02,M005,B,2026-04-04 15:06:00,2026-04-04 15:23:00,17,Unplanned,Mechanical Failure
DT00001695,WO00002262,P02,P02_L01,M013,A,2026-04-04 06:33:00,2026-04-04 07:27:00,54,Planned,Changeover
DT00001696,WO00002262,P02,P02_L01,M014,A,2026-04-04 07:32:00,2026-04-04 08:16:00,44,Unplanned,Mechanical Failure
DT00001697,WO00002264,P02,P02_L02,M017,A,2026-04-04 06:13:00,2026-04-04 06:42:00,29,Planned,Preventive Maintenance
DT00001698,WO00002265,P02,P02_L02,M019,B,2026-04-04 14:19:00,2026-04-04 14:36:00,17,Planned,Changeover
DT00001699,WO00002268,P02,P02_L03,M024,B,2026-04-04 14:17:00,2026-04-04 14:43:00,26,Planned,Preventive Maintenance
DT00001700,WO00002269,P03,P03_L01,M027,B,2026-04-04 14:29:00,2026-04-04 15:12:00,43,Planned,Cleaning/Sanitation
DT00001701,WO00002271,P03,P03_L02,M032,C,2026-04-04 22:37:00,2026-04-04 23:07:00,30,Planned,Changeover
DT00001702,WO00002272,P03,P03_L03,M033,A,2026-04-04 06:20:00,2026-04-04 06:58:00,38,Planned,Changeover
DT00001703,WO00002273,P03,P03_L03,M036,B,2026-04-04 14:14:00,2026-04-04 15:08:00,54,Planned,Planned Inspection
DT00001704,WO00002275,P01,P01_L01,M002,A,2026-04-05 06:21:00,2026-04-05 07:22:00,61,Planned,Cleaning/Sanitation
DT00001705,WO00002276,P01,P01_L01,M001,B,2026-04-05 14:31:00,2026-04-05 15:21:00,50,Unplanned,Mechanical Failure
DT00001706,WO00002277,P01,P01_L01,M002,C,2026-04-05 22:40:00,2026-04-05 23:33:00,53,Planned,Changeover
DT00001707,WO00002277,P01,P01_L01,M004,C,2026-04-05 23:38:00,2026-04-06 00:45:00,67,Unplanned,Electrical Fault
DT00001708,WO00002278,P01,P01_L02,M008,B,2026-04-05 14:20:00,2026-04-05 14:43:00,23,Planned,Preventive Maintenance
DT00001709,WO00002278,P01,P01_L02,M006,B,2026-04-05 14:48:00,2026-04-05 15:25:00,37,Unplanned,Quality Hold
DT00001710,WO00002279,P01,P01_L03,M009,B,2026-04-05 14:41:00,2026-04-05 15:07:00,26,Planned,Preventive Maintenance
DT00001711,WO00002279,P01,P01_L03,M011,B,2026-04-05 15:12:00,2026-04-05 15:28:00,16,Unplanned,Sensor/Controls Fault
DT00001712,WO00002285,P03,P03_L01,M025,A,2026-04-05 06:29:00,2026-04-05 06:55:00,26,Unplanned,Electrical Fault
DT00001713,WO00002288,P03,P03_L02,M031,A,2026-04-05 06:31:00,2026-04-05 06:51:00,20,Planned,Changeover
DT00001714,WO00002289,P03,P03_L02,M032,B,2026-04-05 14:19:00,2026-04-05 14:54:00,35,Unplanned,Electrical Fault
DT00001715,WO00002290,P03,P03_L03,M034,A,2026-04-05 06:30:00,2026-04-05 06:47:00,17,Planned,Changeover
DT00001716,WO00002291,P03,P03_L03,M035,B,2026-04-05 14:21:00,2026-04-05 14:50:00,29,Planned,Changeover
DT00001717,WO00002291,P03,P03_L03,M036,B,2026-04-05 14:55:00,2026-04-05 15:05:00,10,Unplanned,Electrical Fault
DT00001718,WO00002294,P01,P01_L01,M001,B,2026-04-06 14:20:00,2026-04-06 14:47:00,27,Planned,Changeover
DT00001719,WO00002298,P01,P01_L02,M008,C,2026-04-06 22:22:00,2026-04-06 22:40:00,18,Planned,Planned Inspection
DT00001720,WO00002299,P01,P01_L03,M011,A,2026-04-06 06:21:00,2026-04-06 06:41:00,20,Unplanned,Quality Hold
DT00001721,WO00002299,P01,P01_L03,M009,A,2026-04-06 06:44:00,2026-04-06 07:00:00,16,Unplanned,Quality Hold
DT00001722,WO00002300,P01,P01_L03,M012,B,2026-04-06 14:11:00,2026-04-06 14:38:00,27,Planned,Preventive Maintenance
DT00001723,WO00002301,P01,P01_L03,M010,C,2026-04-06 22:41:00,2026-04-06 23:06:00,25,Planned,Preventive Maintenance
DT00001724,WO00002302,P02,P02_L01,M016,A,2026-04-06 06:37:00,2026-04-06 06:50:00,13,Unplanned,Material Starvation
DT00001725,WO00002302,P02,P02_L01,M016,A,2026-04-06 06:53:00,2026-04-06 07:18:00,25,Unplanned,Operator Adjustment
DT00001726,WO00002303,P02,P02_L01,M015,B,2026-04-06 14:43:00,2026-04-06 14:59:00,16,Unplanned,Utility Interruption
DT00001727,WO00002304,P02,P02_L01,M016,C,2026-04-06 22:14:00,2026-04-06 22:36:00,22,Planned,Changeover
DT00001728,WO00002306,P02,P02_L02,M020,B,2026-04-06 14:26:00,2026-04-06 14:54:00,28,Planned,Changeover
DT00001729,WO00002306,P02,P02_L02,M017,B,2026-04-06 14:59:00,2026-04-06 15:24:00,25,Unplanned,Mechanical Failure
DT00001730,WO00002308,P02,P02_L03,M023,A,2026-04-06 06:49:00,2026-04-06 07:05:00,16,Unplanned,Mechanical Failure
DT00001731,WO00002312,P03,P03_L01,M026,B,2026-04-06 14:35:00,2026-04-06 15:01:00,26,Planned,Cleaning/Sanitation
DT00001732,WO00002313,P03,P03_L01,M026,C,2026-04-06 22:41:00,2026-04-06 22:55:00,14,Planned,Changeover
DT00001733,WO00002318,P03,P03_L03,M035,B,2026-04-06 14:31:00,2026-04-06 15:04:00,33,Planned,Cleaning/Sanitation
DT00001734,WO00002320,P01,P01_L01,M004,A,2026-04-07 06:48:00,2026-04-07 07:11:00,23,Planned,Preventive Maintenance
DT00001735,WO00002322,P01,P01_L01,M003,C,2026-04-07 22:10:00,2026-04-07 22:22:00,12,Unplanned,Quality Hold
DT00001736,WO00002323,P01,P01_L02,M007,A,2026-04-07 06:32:00,2026-04-07 06:59:00,27,Planned,Changeover
DT00001737,WO00002324,P01,P01_L02,M007,B,2026-04-07 14:12:00,2026-04-07 14:39:00,27,Planned,Preventive Maintenance
DT00001738,WO00002325,P01,P01_L02,M005,C,2026-04-07 22:38:00,2026-04-07 23:02:00,24,Unplanned,Electrical Fault
DT00001739,WO00002325,P01,P01_L02,M005,C,2026-04-07 23:05:00,2026-04-07 23:14:00,9,Unplanned,Mechanical Failure
DT00001740,WO00002326,P01,P01_L03,M012,A,2026-04-07 06:19:00,2026-04-07 06:42:00,23,Planned,Planned Inspection
DT00001741,WO00002328,P01,P01_L03,M009,C,2026-04-07 22:27:00,2026-04-07 22:46:00,19,Unplanned,Sensor/Controls Fault
DT00001742,WO00002330,P02,P02_L01,M015,B,2026-04-07 14:48:00,2026-04-07 15:21:00,33,Unplanned,Mechanical Failure
DT00001743,WO00002331,P02,P02_L01,M013,C,2026-04-07 22:32:00,2026-04-07 23:39:00,67,Unplanned,Operator Adjustment
DT00001744,WO00002332,P02,P02_L02,M017,A,2026-04-07 06:35:00,2026-04-07 07:02:00,27,Planned,Preventive Maintenance
DT00001745,WO00002333,P02,P02_L02,M020,B,2026-04-07 14:12:00,2026-04-07 14:47:00,35,Planned,Changeover
DT00001746,WO00002334,P02,P02_L02,M018,C,2026-04-07 22:46:00,2026-04-07 23:36:00,50,Planned,Preventive Maintenance
DT00001747,WO00002335,P02,P02_L03,M024,A,2026-04-07 06:32:00,2026-04-07 07:19:00,47,Unplanned,Sensor/Controls Fault
DT00001748,WO00002337,P02,P02_L03,M024,C,2026-04-07 22:32:00,2026-04-07 22:54:00,22,Planned,Changeover
DT00001749,WO00002338,P03,P03_L01,M028,A,2026-04-07 06:43:00,2026-04-07 07:01:00,18,Planned,Changeover
DT00001750,WO00002340,P03,P03_L01,M026,C,2026-04-07 22:29:00,2026-04-07 23:11:00,42,Unplanned,Quality Hold
DT00001751,WO00002341,P03,P03_L02,M029,A,2026-04-07 06:37:00,2026-04-07 07:27:00,50,Planned,Preventive Maintenance
DT00001752,WO00002342,P03,P03_L02,M030,B,2026-04-07 14:45:00,2026-04-07 15:03:00,18,Planned,Cleaning/Sanitation
DT00001753,WO00002343,P03,P03_L02,M032,C,2026-04-07 22:16:00,2026-04-07 22:42:00,26,Planned,Changeover
DT00001754,WO00002346,P03,P03_L03,M034,C,2026-04-07 22:25:00,2026-04-07 23:22:00,57,Planned,Preventive Maintenance
DT00001755,WO00002347,P01,P01_L01,M003,A,2026-04-08 06:44:00,2026-04-08 07:31:00,47,Planned,Cleaning/Sanitation
DT00001756,WO00002350,P01,P01_L02,M007,A,2026-04-08 06:48:00,2026-04-08 07:18:00,30,Unplanned,Material Starvation
DT00001757,WO00002350,P01,P01_L02,M008,A,2026-04-08 07:21:00,2026-04-08 07:30:00,9,Unplanned,Mechanical Failure
DT00001758,WO00002352,P01,P01_L02,M005,C,2026-04-08 22:25:00,2026-04-08 23:07:00,42,Planned,Changeover
DT00001759,WO00002352,P01,P01_L02,M006,C,2026-04-08 23:12:00,2026-04-08 23:40:00,28,Unplanned,Electrical Fault
DT00001760,WO00002353,P01,P01_L03,M009,A,2026-04-08 06:29:00,2026-04-08 07:40:00,71,Planned,Changeover
DT00001761,WO00002353,P01,P01_L03,M010,A,2026-04-08 07:45:00,2026-04-08 09:09:00,84,Unplanned,Electrical Fault
DT00001762,WO00002355,P01,P01_L03,M011,C,2026-04-08 22:40:00,2026-04-08 23:03:00,23,Planned,Planned Inspection
DT00001763,WO00002356,P02,P02_L01,M015,A,2026-04-08 06:25:00,2026-04-08 06:38:00,13,Planned,Changeover
DT00001764,WO00002356,P02,P02_L01,M013,A,2026-04-08 06:43:00,2026-04-08 09:28:00,165,Unplanned,Material Starvation
DT00001765,WO00002357,P02,P02_L01,M013,B,2026-04-08 14:29:00,2026-04-08 14:45:00,16,Planned,Changeover
DT00001766,WO00002358,P02,P02_L01,M016,C,2026-04-08 22:26:00,2026-04-08 23:06:00,40,Planned,Preventive Maintenance
DT00001767,WO00002359,P02,P02_L02,M020,A,2026-04-08 06:37:00,2026-04-08 06:48:00,11,Unplanned,Sensor/Controls Fault
DT00001768,WO00002361,P02,P02_L02,M020,C,2026-04-08 22:29:00,2026-04-08 22:49:00,20,Planned,Cleaning/Sanitation
DT00001769,WO00002361,P02,P02_L02,M018,C,2026-04-08 22:54:00,2026-04-08 23:46:00,52,Unplanned,Utility Interruption
DT00001770,WO00002364,P02,P02_L03,M024,C,2026-04-08 22:39:00,2026-04-08 23:52:00,73,Planned,Changeover
DT00001771,WO00002365,P03,P03_L01,M026,A,2026-04-08 06:47:00,2026-04-08 07:50:00,63,Planned,Preventive Maintenance
DT00001772,WO00002367,P03,P03_L01,M028,C,2026-04-08 22:31:00,2026-04-08 22:58:00,27,Planned,Changeover
DT00001773,WO00002368,P03,P03_L02,M031,A,2026-04-08 06:22:00,2026-04-08 06:37:00,15,Planned,Cleaning/Sanitation
DT00001774,WO00002368,P03,P03_L02,M032,A,2026-04-08 06:42:00,2026-04-08 06:54:00,12,Unplanned,Quality Hold
DT00001775,WO00002369,P03,P03_L02,M030,B,2026-04-08 14:17:00,2026-04-08 15:24:00,67,Planned,Cleaning/Sanitation
DT00001776,WO00002369,P03,P03_L02,M030,B,2026-04-08 15:29:00,2026-04-08 15:41:00,12,Unplanned,Sensor/Controls Fault
DT00001777,WO00002370,P03,P03_L02,M031,C,2026-04-08 22:40:00,2026-04-08 22:58:00,18,Unplanned,Material Starvation
DT00001778,WO00002373,P03,P03_L03,M034,C,2026-04-08 22:12:00,2026-04-08 22:24:00,12,Unplanned,Sensor/Controls Fault
DT00001779,WO00002374,P01,P01_L01,M003,A,2026-04-09 06:21:00,2026-04-09 06:47:00,26,Unplanned,Electrical Fault
DT00001780,WO00002374,P01,P01_L01,M001,A,2026-04-09 06:50:00,2026-04-09 08:22:00,92,Unplanned,Material Starvation
DT00001781,WO00002375,P01,P01_L01,M003,B,2026-04-09 14:46:00,2026-04-09 15:25:00,39,Planned,Changeover
DT00001782,WO00002375,P01,P01_L01,M004,B,2026-04-09 15:30:00,2026-04-09 15:51:00,21,Unplanned,Material Starvation
DT00001783,WO00002376,P01,P01_L01,M004,C,2026-04-09 22:49:00,2026-04-09 23:26:00,37,Planned,Cleaning/Sanitation
DT00001784,WO00002377,P01,P01_L02,M007,A,2026-04-09 06:35:00,2026-04-09 07:13:00,38,Planned,Changeover
DT00001785,WO00002379,P01,P01_L02,M008,C,2026-04-09 22:36:00,2026-04-09 23:10:00,34,Planned,Preventive Maintenance
DT00001786,WO00002380,P01,P01_L03,M011,A,2026-04-09 06:49:00,2026-04-09 07:05:00,16,Unplanned,Material Starvation
DT00001787,WO00002381,P01,P01_L03,M010,B,2026-04-09 14:25:00,2026-04-09 15:17:00,52,Planned,Cleaning/Sanitation
DT00001788,WO00002383,P02,P02_L01,M016,A,2026-04-09 06:28:00,2026-04-09 07:03:00,35,Planned,Changeover
DT00001789,WO00002384,P02,P02_L01,M015,B,2026-04-09 14:32:00,2026-04-09 15:07:00,35,Planned,Planned Inspection
DT00001790,WO00002388,P02,P02_L02,M020,C,2026-04-09 22:49:00,2026-04-09 23:13:00,24,Planned,Changeover
DT00001791,WO00002389,P02,P02_L03,M023,A,2026-04-09 06:30:00,2026-04-09 06:57:00,27,Planned,Preventive Maintenance
DT00001792,WO00002390,P02,P02_L03,M023,B,2026-04-09 14:20:00,2026-04-09 15:13:00,53,Planned,Changeover
DT00001793,WO00002390,P02,P02_L03,M022,B,2026-04-09 15:18:00,2026-04-09 15:41:00,23,Unplanned,Mechanical Failure
DT00001794,WO00002392,P03,P03_L01,M027,A,2026-04-09 06:17:00,2026-04-09 06:48:00,31,Planned,Cleaning/Sanitation
DT00001795,WO00002392,P03,P03_L01,M025,A,2026-04-09 06:53:00,2026-04-09 07:02:00,9,Unplanned,Mechanical Failure
DT00001796,WO00002393,P03,P03_L01,M028,B,2026-04-09 14:43:00,2026-04-09 14:52:00,9,Unplanned,Mechanical Failure
DT00001797,WO00002394,P03,P03_L01,M027,C,2026-04-09 22:45:00,2026-04-09 23:13:00,28,Planned,Changeover
DT00001798,WO00002395,P03,P03_L02,M031,A,2026-04-09 06:40:00,2026-04-09 08:14:00,94,Unplanned,Quality Hold
DT00001799,WO00002396,P03,P03_L02,M031,B,2026-04-09 14:18:00,2026-04-09 14:31:00,13,Unplanned,Electrical Fault
DT00001800,WO00002397,P03,P03_L02,M031,C,2026-04-09 22:35:00,2026-04-09 23:11:00,36,Planned,Changeover
DT00001801,WO00002398,P03,P03_L03,M034,A,2026-04-09 06:31:00,2026-04-09 07:34:00,63,Planned,Changeover
DT00001802,WO00002399,P03,P03_L03,M033,B,2026-04-09 14:28:00,2026-04-09 15:23:00,55,Planned,Changeover
DT00001803,WO00002400,P03,P03_L03,M035,C,2026-04-09 22:32:00,2026-04-09 23:21:00,49,Planned,Cleaning/Sanitation
DT00001804,WO00002400,P03,P03_L03,M034,C,2026-04-09 23:26:00,2026-04-10 00:17:00,51,Unplanned,Utility Interruption
DT00001805,WO00002400,P03,P03_L03,M033,C,2026-04-10 00:20:00,2026-04-10 00:29:00,9,Unplanned,Material Starvation
DT00001806,WO00002401,P01,P01_L01,M003,A,2026-04-10 06:19:00,2026-04-10 06:45:00,26,Planned,Changeover
DT00001807,WO00002402,P01,P01_L01,M001,B,2026-04-10 14:18:00,2026-04-10 14:36:00,18,Planned,Preventive Maintenance
DT00001808,WO00002403,P01,P01_L01,M004,C,2026-04-10 22:44:00,2026-04-10 23:03:00,19,Unplanned,Mechanical Failure
DT00001809,WO00002403,P01,P01_L01,M001,C,2026-04-10 23:06:00,2026-04-10 23:20:00,14,Unplanned,Quality Hold
DT00001810,WO00002404,P01,P01_L02,M006,A,2026-04-10 06:38:00,2026-04-10 06:59:00,21,Planned,Planned Inspection
DT00001811,WO00002406,P01,P01_L02,M006,C,2026-04-10 22:49:00,2026-04-10 23:10:00,21,Planned,Changeover
DT00001812,WO00002410,P02,P02_L01,M015,A,2026-04-10 06:43:00,2026-04-10 07:05:00,22,Planned,Changeover
DT00001813,WO00002411,P02,P02_L01,M013,B,2026-04-10 14:48:00,2026-04-10 15:22:00,34,Planned,Cleaning/Sanitation
DT00001814,WO00002411,P02,P02_L01,M013,B,2026-04-10 15:27:00,2026-04-10 15:42:00,15,Unplanned,Material Starvation
DT00001815,WO00002412,P02,P02_L01,M015,C,2026-04-10 22:15:00,2026-04-10 23:32:00,77,Planned,Preventive Maintenance
DT00001816,WO00002414,P02,P02_L02,M019,B,2026-04-10 14:30:00,2026-04-10 14:58:00,28,Unplanned,Mechanical Failure
DT00001817,WO00002415,P02,P02_L02,M018,C,2026-04-10 22:46:00,2026-04-10 23:09:00,23,Planned,Changeover
DT00001818,WO00002416,P02,P02_L03,M023,A,2026-04-10 06:29:00,2026-04-10 07:03:00,34,Planned,Preventive Maintenance
DT00001819,WO00002418,P02,P02_L03,M023,C,2026-04-10 22:48:00,2026-04-10 23:38:00,50,Unplanned,Mechanical Failure
DT00001820,WO00002419,P03,P03_L01,M027,A,2026-04-10 06:34:00,2026-04-10 07:01:00,27,Planned,Cleaning/Sanitation
DT00001821,WO00002420,P03,P03_L01,M026,B,2026-04-10 14:16:00,2026-04-10 14:35:00,19,Unplanned,Quality Hold
DT00001822,WO00002422,P03,P03_L02,M030,A,2026-04-10 06:44:00,2026-04-10 07:03:00,19,Planned,Planned Inspection
DT00001823,WO00002423,P03,P03_L02,M032,B,2026-04-10 14:39:00,2026-04-10 14:57:00,18,Planned,Changeover
DT00001824,WO00002425,P03,P03_L03,M034,A,2026-04-10 06:35:00,2026-04-10 06:57:00,22,Planned,Changeover
DT00001825,WO00002427,P03,P03_L03,M035,C,2026-04-10 22:44:00,2026-04-10 22:56:00,12,Unplanned,Mechanical Failure
DT00001826,WO00002429,P01,P01_L02,M008,A,2026-04-11 06:33:00,2026-04-11 07:12:00,39,Planned,Changeover
DT00001827,WO00002430,P01,P01_L02,M008,B,2026-04-11 14:23:00,2026-04-11 14:56:00,33,Unplanned,Material Starvation
DT00001828,WO00002431,P01,P01_L03,M012,B,2026-04-11 14:18:00,2026-04-11 14:35:00,17,Planned,Preventive Maintenance
DT00001829,WO00002431,P01,P01_L03,M009,B,2026-04-11 14:40:00,2026-04-11 15:01:00,21,Unplanned,Mechanical Failure
DT00001830,WO00002432,P01,P01_L03,M011,C,2026-04-11 22:41:00,2026-04-11 23:44:00,63,Planned,Cleaning/Sanitation
DT00001831,WO00002432,P01,P01_L03,M009,C,2026-04-11 23:49:00,2026-04-12 00:10:00,21,Unplanned,Material Starvation
DT00001832,WO00002433,P02,P02_L01,M015,A,2026-04-11 06:35:00,2026-04-11 07:00:00,25,Unplanned,Mechanical Failure
DT00001833,WO00002435,P02,P02_L02,M019,A,2026-04-11 06:22:00,2026-04-11 07:19:00,57,Unplanned,Operator Adjustment
DT00001834,WO00002435,P02,P02_L02,M019,A,2026-04-11 07:22:00,2026-04-11 07:38:00,16,Unplanned,Mechanical Failure
DT00001835,WO00002436,P02,P02_L02,M018,B,2026-04-11 14:46:00,2026-04-11 15:38:00,52,Unplanned,Utility Interruption
DT00001836,WO00002436,P02,P02_L02,M017,B,2026-04-11 15:41:00,2026-04-11 16:08:00,27,Unplanned,Mechanical Failure
DT00001837,WO00002439,P03,P03_L01,M025,C,2026-04-11 22:29:00,2026-04-11 22:55:00,26,Planned,Preventive Maintenance
DT00001838,WO00002440,P03,P03_L02,M030,B,2026-04-11 14:17:00,2026-04-11 15:18:00,61,Unplanned,Mechanical Failure
DT00001839,WO00002441,P03,P03_L02,M031,C,2026-04-11 22:20:00,2026-04-11 22:43:00,23,Planned,Planned Inspection
DT00001840,WO00002442,P01,P01_L01,M004,A,2026-04-12 06:49:00,2026-04-12 07:07:00,18,Planned,Preventive Maintenance
DT00001841,WO00002446,P01,P01_L03,M010,C,2026-04-12 22:13:00,2026-04-12 22:25:00,12,Unplanned,Material Starvation
DT00001842,WO00002448,P02,P02_L01,M013,C,2026-04-12 22:39:00,2026-04-12 23:02:00,23,Unplanned,Electrical Fault
DT00001843,WO00002450,P02,P02_L02,M019,B,2026-04-12 14:17:00,2026-04-12 14:43:00,26,Planned,Cleaning/Sanitation
DT00001844,WO00002450,P02,P02_L02,M019,B,2026-04-12 14:48:00,2026-04-12 15:03:00,15,Unplanned,Electrical Fault
DT00001845,WO00002451,P02,P02_L02,M019,C,2026-04-12 22:41:00,2026-04-12 22:47:00,6,Unplanned,Mechanical Failure
DT00001846,WO00002452,P02,P02_L03,M022,A,2026-04-12 06:41:00,2026-04-12 07:10:00,29,Planned,Preventive Maintenance
DT00001847,WO00002453,P02,P02_L03,M023,C,2026-04-12 22:47:00,2026-04-12 23:13:00,26,Planned,Cleaning/Sanitation
DT00001848,WO00002453,P02,P02_L03,M022,C,2026-04-12 23:18:00,2026-04-12 23:24:00,6,Unplanned,Sensor/Controls Fault
DT00001849,WO00002455,P03,P03_L01,M028,C,2026-04-12 22:17:00,2026-04-12 22:41:00,24,Planned,Changeover
DT00001850,WO00002456,P03,P03_L02,M031,A,2026-04-12 06:38:00,2026-04-12 07:02:00,24,Unplanned,Mechanical Failure
DT00001851,WO00002457,P03,P03_L02,M029,B,2026-04-12 14:44:00,2026-04-12 15:32:00,48,Planned,Cleaning/Sanitation
DT00001852,WO00002458,P03,P03_L02,M030,C,2026-04-12 22:35:00,2026-04-12 23:31:00,56,Planned,Changeover
DT00001853,WO00002460,P03,P03_L03,M035,C,2026-04-12 22:37:00,2026-04-12 23:19:00,42,Planned,Preventive Maintenance
DT00001854,WO00002462,P01,P01_L01,M001,B,2026-04-13 14:20:00,2026-04-13 15:34:00,74,Planned,Changeover
DT00001855,WO00002464,P01,P01_L02,M008,A,2026-04-13 06:28:00,2026-04-13 06:48:00,20,Planned,Preventive Maintenance
DT00001856,WO00002465,P01,P01_L02,M008,B,2026-04-13 14:26:00,2026-04-13 15:04:00,38,Planned,Preventive Maintenance
DT00001857,WO00002468,P01,P01_L03,M011,B,2026-04-13 14:22:00,2026-04-13 15:02:00,40,Planned,Planned Inspection
DT00001858,WO00002469,P01,P01_L03,M009,C,2026-04-13 22:31:00,2026-04-13 23:15:00,44,Planned,Changeover
DT00001859,WO00002469,P01,P01_L03,M010,C,2026-04-13 23:20:00,2026-04-13 23:36:00,16,Unplanned,Mechanical Failure
DT00001860,WO00002470,P02,P02_L01,M014,A,2026-04-13 06:12:00,2026-04-13 06:38:00,26,Planned,Cleaning/Sanitation
DT00001861,WO00002473,P02,P02_L02,M017,A,2026-04-13 06:26:00,2026-04-13 06:45:00,19,Planned,Changeover
DT00001862,WO00002476,P02,P02_L03,M024,A,2026-04-13 06:10:00,2026-04-13 06:38:00,28,Planned,Planned Inspection
DT00001863,WO00002476,P02,P02_L03,M023,A,2026-04-13 06:43:00,2026-04-13 07:00:00,17,Unplanned,Material Starvation
DT00001864,WO00002477,P02,P02_L03,M023,B,2026-04-13 14:11:00,2026-04-13 14:23:00,12,Planned,Planned Inspection
DT00001865,WO00002477,P02,P02_L03,M023,B,2026-04-13 14:28:00,2026-04-13 14:46:00,18,Unplanned,Operator Adjustment
DT00001866,WO00002478,P02,P02_L03,M022,C,2026-04-13 22:34:00,2026-04-13 22:51:00,17,Planned,Changeover
DT00001867,WO00002481,P03,P03_L01,M027,C,2026-04-13 22:46:00,2026-04-13 23:05:00,19,Unplanned,Mechanical Failure
DT00001868,WO00002482,P03,P03_L02,M031,A,2026-04-13 06:26:00,2026-04-13 06:42:00,16,Planned,Changeover
DT00001869,WO00002482,P03,P03_L02,M029,A,2026-04-13 06:47:00,2026-04-13 07:26:00,39,Unplanned,Electrical Fault
DT00001870,WO00002483,P03,P03_L02,M031,B,2026-04-13 14:28:00,2026-04-13 14:52:00,24,Planned,Preventive Maintenance
DT00001871,WO00002484,P03,P03_L02,M031,C,2026-04-13 22:15:00,2026-04-13 23:28:00,73,Planned,Preventive Maintenance
DT00001872,WO00002484,P03,P03_L02,M031,C,2026-04-13 23:33:00,2026-04-13 23:46:00,13,Unplanned,Operator Adjustment
DT00001873,WO00002486,P03,P03_L03,M035,B,2026-04-13 14:46:00,2026-04-13 16:03:00,77,Planned,Changeover
DT00001874,WO00002489,P01,P01_L01,M004,B,2026-04-14 14:49:00,2026-04-14 15:15:00,26,Planned,Preventive Maintenance
DT00001875,WO00002491,P01,P01_L02,M005,A,2026-04-14 06:22:00,2026-04-14 06:57:00,35,Planned,Preventive Maintenance
DT00001876,WO00002493,P01,P01_L02,M008,C,2026-04-14 22:21:00,2026-04-14 23:09:00,48,Unplanned,Mechanical Failure
DT00001877,WO00002496,P01,P01_L03,M011,C,2026-04-14 22:32:00,2026-04-14 22:57:00,25,Planned,Changeover
DT00001878,WO00002497,P02,P02_L01,M015,A,2026-04-14 06:44:00,2026-04-14 07:00:00,16,Planned,Changeover
DT00001879,WO00002502,P02,P02_L02,M020,C,2026-04-14 22:34:00,2026-04-14 23:11:00,37,Planned,Preventive Maintenance
DT00001880,WO00002503,P02,P02_L03,M021,A,2026-04-14 06:37:00,2026-04-14 07:20:00,43,Planned,Preventive Maintenance
DT00001881,WO00002505,P02,P02_L03,M022,C,2026-04-14 22:21:00,2026-04-14 22:41:00,20,Planned,Changeover
DT00001882,WO00002505,P02,P02_L03,M022,C,2026-04-14 22:46:00,2026-04-14 23:20:00,34,Unplanned,Mechanical Failure
DT00001883,WO00002507,P03,P03_L01,M025,B,2026-04-14 14:37:00,2026-04-14 14:54:00,17,Planned,Planned Inspection
DT00001884,WO00002508,P03,P03_L01,M027,C,2026-04-14 22:19:00,2026-04-14 22:32:00,13,Unplanned,Quality Hold
DT00001885,WO00002510,P03,P03_L02,M029,B,2026-04-14 14:45:00,2026-04-14 15:00:00,15,Planned,Changeover
DT00001886,WO00002511,P03,P03_L02,M029,C,2026-04-14 22:33:00,2026-04-14 23:05:00,32,Planned,Preventive Maintenance
DT00001887,WO00002512,P03,P03_L03,M035,A,2026-04-14 06:34:00,2026-04-14 06:58:00,24,Planned,Planned Inspection
DT00001888,WO00002512,P03,P03_L03,M035,A,2026-04-14 07:03:00,2026-04-14 07:11:00,8,Unplanned,Mechanical Failure
DT00001889,WO00002512,P03,P03_L03,M036,A,2026-04-14 07:14:00,2026-04-14 09:03:00,109,Unplanned,Sensor/Controls Fault
DT00001890,WO00002515,P01,P01_L01,M002,A,2026-04-15 06:15:00,2026-04-15 06:46:00,31,Planned,Changeover
DT00001891,WO00002518,P01,P01_L02,M008,A,2026-04-15 06:45:00,2026-04-15 07:18:00,33,Planned,Changeover
DT00001892,WO00002521,P01,P01_L03,M009,A,2026-04-15 06:19:00,2026-04-15 06:49:00,30,Planned,Changeover
DT00001893,WO00002522,P01,P01_L03,M011,B,2026-04-15 14:24:00,2026-04-15 15:22:00,58,Unplanned,Sensor/Controls Fault
DT00001894,WO00002524,P02,P02_L01,M015,A,2026-04-15 06:40:00,2026-04-15 07:32:00,52,Planned,Cleaning/Sanitation
DT00001895,WO00002525,P02,P02_L01,M016,B,2026-04-15 14:22:00,2026-04-15 14:43:00,21,Planned,Planned Inspection
DT00001896,WO00002526,P02,P02_L01,M015,C,2026-04-15 22:34:00,2026-04-15 23:08:00,34,Unplanned,Mechanical Failure
DT00001897,WO00002527,P02,P02_L02,M019,A,2026-04-15 06:37:00,2026-04-15 07:08:00,31,Planned,Changeover
DT00001898,WO00002527,P02,P02_L02,M017,A,2026-04-15 07:13:00,2026-04-15 08:05:00,52,Unplanned,Material Starvation
DT00001899,WO00002528,P02,P02_L02,M018,B,2026-04-15 14:21:00,2026-04-15 14:54:00,33,Planned,Changeover
DT00001900,WO00002529,P02,P02_L02,M019,C,2026-04-15 22:48:00,2026-04-15 23:12:00,24,Planned,Cleaning/Sanitation
DT00001901,WO00002529,P02,P02_L02,M018,C,2026-04-15 23:17:00,2026-04-15 23:38:00,21,Unplanned,Utility Interruption
DT00001902,WO00002530,P02,P02_L03,M022,A,2026-04-15 06:24:00,2026-04-15 06:56:00,32,Unplanned,Material Starvation
DT00001903,WO00002531,P02,P02_L03,M023,B,2026-04-15 14:27:00,2026-04-15 15:14:00,47,Planned,Preventive Maintenance
DT00001904,WO00002535,P03,P03_L01,M026,C,2026-04-15 22:49:00,2026-04-15 23:22:00,33,Planned,Preventive Maintenance
DT00001905,WO00002537,P03,P03_L02,M030,B,2026-04-15 14:29:00,2026-04-15 15:25:00,56,Unplanned,Electrical Fault
DT00001906,WO00002539,P03,P03_L03,M033,A,2026-04-15 06:12:00,2026-04-15 06:40:00,28,Unplanned,Mechanical Failure
DT00001907,WO00002541,P03,P03_L03,M034,C,2026-04-15 22:46:00,2026-04-15 23:12:00,26,Planned,Cleaning/Sanitation
DT00001908,WO00002543,P01,P01_L01,M003,B,2026-04-16 14:41:00,2026-04-16 15:40:00,59,Planned,Preventive Maintenance
DT00001909,WO00002544,P01,P01_L01,M001,C,2026-04-16 22:16:00,2026-04-16 22:23:00,7,Unplanned,Quality Hold
DT00001910,WO00002545,P01,P01_L02,M007,A,2026-04-16 06:19:00,2026-04-16 06:40:00,21,Unplanned,Utility Interruption
DT00001911,WO00002547,P01,P01_L02,M007,C,2026-04-16 22:48:00,2026-04-16 23:09:00,21,Planned,Changeover
DT00001912,WO00002550,P01,P01_L03,M010,C,2026-04-16 22:36:00,2026-04-16 22:53:00,17,Planned,Changeover
DT00001913,WO00002551,P02,P02_L01,M016,A,2026-04-16 06:30:00,2026-04-16 06:52:00,22,Unplanned,Sensor/Controls Fault
DT00001914,WO00002552,P02,P02_L01,M013,B,2026-04-16 14:39:00,2026-04-16 15:28:00,49,Planned,Changeover
DT00001915,WO00002556,P02,P02_L02,M020,C,2026-04-16 22:35:00,2026-04-16 22:46:00,11,Unplanned,Mechanical Failure
DT00001916,WO00002559,P02,P02_L03,M022,C,2026-04-16 22:12:00,2026-04-16 22:27:00,15,Unplanned,Mechanical Failure
DT00001917,WO00002560,P03,P03_L01,M027,A,2026-04-16 06:22:00,2026-04-16 06:53:00,31,Planned,Changeover
DT00001918,WO00002560,P03,P03_L01,M028,A,2026-04-16 06:58:00,2026-04-16 07:20:00,22,Unplanned,Sensor/Controls Fault
DT00001919,WO00002560,P03,P03_L01,M026,A,2026-04-16 07:23:00,2026-04-16 07:39:00,16,Unplanned,Operator Adjustment
DT00001920,WO00002564,P03,P03_L02,M029,B,2026-04-16 14:30:00,2026-04-16 15:06:00,36,Planned,Changeover
DT00001921,WO00002565,P03,P03_L02,M032,C,2026-04-16 22:38:00,2026-04-16 22:57:00,19,Planned,Preventive Maintenance
DT00001922,WO00002565,P03,P03_L02,M029,C,2026-04-16 23:02:00,2026-04-16 23:13:00,11,Unplanned,Sensor/Controls Fault
DT00001923,WO00002568,P03,P03_L03,M036,C,2026-04-16 22:49:00,2026-04-16 23:20:00,31,Planned,Preventive Maintenance
DT00001924,WO00002569,P01,P01_L01,M001,A,2026-04-17 06:43:00,2026-04-17 07:16:00,33,Planned,Changeover
DT00001925,WO00002571,P01,P01_L01,M001,C,2026-04-17 22:32:00,2026-04-17 22:57:00,25,Planned,Preventive Maintenance
DT00001926,WO00002573,P01,P01_L02,M007,B,2026-04-17 14:19:00,2026-04-17 15:09:00,50,Planned,Preventive Maintenance
DT00001927,WO00002573,P01,P01_L02,M007,B,2026-04-17 15:14:00,2026-04-17 17:15:00,121,Unplanned,Operator Adjustment
DT00001928,WO00002574,P01,P01_L02,M008,C,2026-04-17 22:17:00,2026-04-17 23:22:00,65,Unplanned,Mechanical Failure
DT00001929,WO00002575,P01,P01_L03,M012,A,2026-04-17 06:48:00,2026-04-17 07:03:00,15,Planned,Changeover
DT00001930,WO00002578,P02,P02_L01,M015,A,2026-04-17 06:17:00,2026-04-17 06:44:00,27,Planned,Changeover
DT00001931,WO00002578,P02,P02_L01,M014,A,2026-04-17 06:49:00,2026-04-17 07:19:00,30,Unplanned,Material Starvation
DT00001932,WO00002578,P02,P02_L01,M013,A,2026-04-17 07:22:00,2026-04-17 07:26:00,4,Unplanned,Utility Interruption
DT00001933,WO00002579,P02,P02_L01,M013,B,2026-04-17 14:35:00,2026-04-17 15:06:00,31,Planned,Changeover
DT00001934,WO00002581,P02,P02_L02,M019,A,2026-04-17 06:40:00,2026-04-17 07:08:00,28,Planned,Changeover
DT00001935,WO00002585,P02,P02_L03,M022,B,2026-04-17 14:25:00,2026-04-17 14:45:00,20,Planned,Changeover
DT00001936,WO00002586,P02,P02_L03,M022,C,2026-04-17 22:44:00,2026-04-17 23:23:00,39,Planned,Planned Inspection
DT00001937,WO00002587,P03,P03_L01,M026,A,2026-04-17 06:18:00,2026-04-17 06:22:00,4,Unplanned,Quality Hold
DT00001938,WO00002588,P03,P03_L01,M026,B,2026-04-17 14:13:00,2026-04-17 14:34:00,21,Planned,Changeover
DT00001939,WO00002590,P03,P03_L02,M032,A,2026-04-17 06:21:00,2026-04-17 06:40:00,19,Planned,Changeover
DT00001940,WO00002590,P03,P03_L02,M031,A,2026-04-17 06:45:00,2026-04-17 08:07:00,82,Unplanned,Quality Hold
DT00001941,WO00002592,P03,P03_L02,M032,C,2026-04-17 22:12:00,2026-04-17 22:29:00,17,Planned,Changeover
DT00001942,WO00002593,P03,P03_L03,M034,A,2026-04-17 06:28:00,2026-04-17 07:08:00,40,Planned,Changeover
DT00001943,WO00002596,P01,P01_L01,M001,B,2026-04-18 14:10:00,2026-04-18 14:44:00,34,Planned,Changeover
DT00001944,WO00002600,P01,P01_L03,M012,A,2026-04-18 06:27:00,2026-04-18 07:02:00,35,Planned,Cleaning/Sanitation
DT00001945,WO00002602,P02,P02_L01,M014,C,2026-04-18 22:38:00,2026-04-18 23:02:00,24,Planned,Preventive Maintenance
DT00001946,WO00002603,P02,P02_L02,M020,B,2026-04-18 14:16:00,2026-04-18 14:50:00,34,Unplanned,Quality Hold
DT00001947,WO00002606,P02,P02_L03,M021,C,2026-04-18 22:18:00,2026-04-18 23:12:00,54,Planned,Changeover
DT00001948,WO00002609,P03,P03_L01,M028,C,2026-04-18 22:16:00,2026-04-18 22:37:00,21,Planned,Preventive Maintenance
DT00001949,WO00002610,P03,P03_L02,M030,A,2026-04-18 06:21:00,2026-04-18 06:54:00,33,Unplanned,Operator Adjustment
DT00001950,WO00002611,P03,P03_L02,M031,B,2026-04-18 14:25:00,2026-04-18 14:48:00,23,Planned,Planned Inspection
DT00001951,WO00002613,P01,P01_L01,M001,C,2026-04-19 22:13:00,2026-04-19 22:36:00,23,Planned,Changeover
DT00001952,WO00002613,P01,P01_L01,M004,C,2026-04-19 22:41:00,2026-04-19 22:51:00,10,Unplanned,Utility Interruption
DT00001953,WO00002614,P01,P01_L02,M005,A,2026-04-19 06:36:00,2026-04-19 07:24:00,48,Planned,Cleaning/Sanitation
DT00001954,WO00002615,P01,P01_L02,M008,C,2026-04-19 22:32:00,2026-04-19 22:57:00,25,Planned,Changeover
DT00001955,WO00002617,P02,P02_L01,M013,B,2026-04-19 14:31:00,2026-04-19 15:31:00,60,Planned,Cleaning/Sanitation
DT00001956,WO00002620,P02,P02_L02,M019,C,2026-04-19 22:19:00,2026-04-19 22:50:00,31,Planned,Changeover
DT00001957,WO00002622,P02,P02_L03,M021,B,2026-04-19 14:31:00,2026-04-19 14:48:00,17,Planned,Changeover
DT00001958,WO00002623,P02,P02_L03,M024,C,2026-04-19 22:46:00,2026-04-19 23:18:00,32,Planned,Changeover
DT00001959,WO00002624,P03,P03_L01,M027,A,2026-04-19 06:17:00,2026-04-19 07:00:00,43,Planned,Cleaning/Sanitation
DT00001960,WO00002625,P03,P03_L01,M027,B,2026-04-19 14:21:00,2026-04-19 14:51:00,30,Unplanned,Sensor/Controls Fault
DT00001961,WO00002625,P03,P03_L01,M026,B,2026-04-19 14:54:00,2026-04-19 16:27:00,93,Unplanned,Quality Hold
DT00001962,WO00002627,P03,P03_L02,M029,C,2026-04-19 22:49:00,2026-04-19 23:30:00,41,Planned,Planned Inspection
DT00001963,WO00002633,P01,P01_L02,M005,A,2026-04-20 06:41:00,2026-04-20 07:11:00,30,Planned,Changeover
DT00001964,WO00002634,P01,P01_L02,M008,B,2026-04-20 14:29:00,2026-04-20 14:48:00,19,Unplanned,Mechanical Failure
DT00001965,WO00002634,P01,P01_L02,M006,B,2026-04-20 14:51:00,2026-04-20 15:16:00,25,Unplanned,Mechanical Failure
DT00001966,WO00002637,P01,P01_L03,M011,B,2026-04-20 14:24:00,2026-04-20 15:05:00,41,Planned,Changeover
DT00001967,WO00002639,P02,P02_L01,M014,A,2026-04-20 06:23:00,2026-04-20 06:44:00,21,Unplanned,Material Starvation
DT00001968,WO00002643,P02,P02_L02,M018,B,2026-04-20 14:41:00,2026-04-20 15:33:00,52,Planned,Preventive Maintenance
DT00001969,WO00002643,P02,P02_L02,M017,B,2026-04-20 15:38:00,2026-04-20 16:13:00,35,Unplanned,Electrical Fault
DT00001970,WO00002643,P02,P02_L02,M017,B,2026-04-20 16:16:00,2026-04-20 16:56:00,40,Unplanned,Mechanical Failure
DT00001971,WO00002645,P02,P02_L03,M022,A,2026-04-20 06:42:00,2026-04-20 07:24:00,42,Planned,Changeover
DT00001972,WO00002646,P02,P02_L03,M024,B,2026-04-20 14:45:00,2026-04-20 15:02:00,17,Unplanned,Material Starvation
DT00001973,WO00002647,P02,P02_L03,M023,C,2026-04-20 22:11:00,2026-04-20 22:38:00,27,Planned,Changeover
DT00001974,WO00002648,P03,P03_L01,M028,A,2026-04-20 06:28:00,2026-04-20 07:15:00,47,Unplanned,Mechanical Failure
DT00001975,WO00002651,P03,P03_L02,M030,A,2026-04-20 06:39:00,2026-04-20 07:55:00,76,Planned,Cleaning/Sanitation
DT00001976,WO00002652,P03,P03_L02,M031,B,2026-04-20 14:12:00,2026-04-20 15:29:00,77,Planned,Planned Inspection
DT00001977,WO00002652,P03,P03_L02,M030,B,2026-04-20 15:34:00,2026-04-20 15:55:00,21,Unplanned,Material Starvation
DT00001978,WO00002654,P03,P03_L03,M034,A,2026-04-20 06:47:00,2026-04-20 07:17:00,30,Planned,Preventive Maintenance
DT00001979,WO00002659,P01,P01_L01,M002,C,2026-04-21 22:26:00,2026-04-21 22:51:00,25,Planned,Changeover
DT00001980,WO00002663,P01,P01_L03,M010,A,2026-04-21 06:17:00,2026-04-21 06:47:00,30,Planned,Cleaning/Sanitation
DT00001981,WO00002664,P01,P01_L03,M012,B,2026-04-21 14:30:00,2026-04-21 14:53:00,23,Planned,Preventive Maintenance
DT00001982,WO00002664,P01,P01_L03,M009,B,2026-04-21 14:58:00,2026-04-21 16:06:00,68,Unplanned,Utility Interruption
DT00001983,WO00002665,P01,P01_L03,M009,C,2026-04-21 22:39:00,2026-04-21 23:20:00,41,Planned,Cleaning/Sanitation
DT00001984,WO00002666,P02,P02_L01,M016,A,2026-04-21 06:34:00,2026-04-21 06:54:00,20,Planned,Preventive Maintenance
DT00001985,WO00002666,P02,P02_L01,M013,A,2026-04-21 06:59:00,2026-04-21 07:13:00,14,Unplanned,Mechanical Failure
DT00001986,WO00002668,P02,P02_L01,M015,C,2026-04-21 22:26:00,2026-04-21 23:17:00,51,Planned,Preventive Maintenance
DT00001987,WO00002669,P02,P02_L02,M018,A,2026-04-21 06:24:00,2026-04-21 06:49:00,25,Planned,Preventive Maintenance
DT00001988,WO00002670,P02,P02_L02,M019,B,2026-04-21 14:25:00,2026-04-21 14:29:00,4,Unplanned,Material Starvation
DT00001989,WO00002671,P02,P02_L02,M017,C,2026-04-21 22:19:00,2026-04-21 22:47:00,28,Unplanned,Operator Adjustment
DT00001990,WO00002673,P02,P02_L03,M021,B,2026-04-21 14:44:00,2026-04-21 14:58:00,14,Unplanned,Mechanical Failure
DT00001991,WO00002677,P03,P03_L01,M026,C,2026-04-21 22:22:00,2026-04-21 22:43:00,21,Planned,Preventive Maintenance
DT00001992,WO00002681,P03,P03_L03,M035,A,2026-04-21 06:25:00,2026-04-21 07:01:00,36,Planned,Preventive Maintenance
DT00001993,WO00002682,P03,P03_L03,M033,B,2026-04-21 14:26:00,2026-04-21 16:13:00,107,Unplanned,Sensor/Controls Fault
DT00001994,WO00002684,P01,P01_L01,M002,A,2026-04-22 06:19:00,2026-04-22 06:39:00,20,Planned,Preventive Maintenance
DT00001995,WO00002686,P01,P01_L01,M002,C,2026-04-22 22:45:00,2026-04-22 22:59:00,14,Unplanned,Quality Hold
DT00001996,WO00002687,P01,P01_L02,M006,A,2026-04-22 06:37:00,2026-04-22 07:13:00,36,Planned,Planned Inspection
DT00001997,WO00002689,P01,P01_L02,M008,C,2026-04-22 22:36:00,2026-04-22 23:13:00,37,Planned,Changeover
DT00001998,WO00002691,P01,P01_L03,M010,B,2026-04-22 14:19:00,2026-04-22 14:38:00,19,Planned,Changeover
DT00001999,WO00002692,P01,P01_L03,M009,C,2026-04-22 22:37:00,2026-04-22 23:13:00,36,Planned,Preventive Maintenance
DT00002000,WO00002693,P02,P02_L01,M016,A,2026-04-22 06:48:00,2026-04-22 07:02:00,14,Planned,Cleaning/Sanitation
DT00002001,WO00002694,P02,P02_L01,M016,B,2026-04-22 14:31:00,2026-04-22 14:39:00,8,Unplanned,Electrical Fault
DT00002002,WO00002695,P02,P02_L01,M013,C,2026-04-22 22:16:00,2026-04-22 22:41:00,25,Planned,Changeover
DT00002003,WO00002695,P02,P02_L01,M013,C,2026-04-22 22:46:00,2026-04-22 22:56:00,10,Unplanned,Mechanical Failure
DT00002004,WO00002698,P02,P02_L02,M020,C,2026-04-22 22:18:00,2026-04-22 22:30:00,12,Planned,Preventive Maintenance
DT00002005,WO00002701,P02,P02_L03,M022,C,2026-04-22 22:36:00,2026-04-23 00:01:00,85,Unplanned,Electrical Fault
DT00002006,WO00002702,P03,P03_L01,M028,A,2026-04-22 06:16:00,2026-04-22 06:36:00,20,Unplanned,Utility Interruption
DT00002007,WO00002704,P03,P03_L01,M028,C,2026-04-22 22:24:00,2026-04-22 23:18:00,54,Unplanned,Material Starvation
DT00002008,WO00002706,P03,P03_L02,M031,B,2026-04-22 14:39:00,2026-04-22 15:03:00,24,Planned,Changeover
DT00002009,WO00002708,P03,P03_L03,M034,A,2026-04-22 06:13:00,2026-04-22 06:52:00,39,Unplanned,Mechanical Failure
DT00002010,WO00002709,P03,P03_L03,M035,B,2026-04-22 14:20:00,2026-04-22 14:48:00,28,Planned,Preventive Maintenance
DT00002011,WO00002710,P03,P03_L03,M034,C,2026-04-22 22:29:00,2026-04-22 23:01:00,32,Planned,Changeover
DT00002012,WO00002711,P01,P01_L01,M003,A,2026-04-23 06:42:00,2026-04-23 06:51:00,9,Unplanned,Sensor/Controls Fault
DT00002013,WO00002711,P01,P01_L01,M003,A,2026-04-23 06:54:00,2026-04-23 07:27:00,33,Unplanned,Sensor/Controls Fault
DT00002014,WO00002714,P01,P01_L02,M005,A,2026-04-23 06:15:00,2026-04-23 06:37:00,22,Planned,Changeover
DT00002015,WO00002716,P01,P01_L02,M005,C,2026-04-23 22:40:00,2026-04-23 22:50:00,10,Unplanned,Operator Adjustment
DT00002016,WO00002718,P01,P01_L03,M011,B,2026-04-23 14:28:00,2026-04-23 15:28:00,60,Unplanned,Operator Adjustment
DT00002017,WO00002719,P01,P01_L03,M010,C,2026-04-23 22:29:00,2026-04-23 22:59:00,30,Planned,Changeover
DT00002018,WO00002722,P02,P02_L01,M013,C,2026-04-23 22:42:00,2026-04-23 22:59:00,17,Planned,Planned Inspection
DT00002019,WO00002723,P02,P02_L02,M020,A,2026-04-23 06:29:00,2026-04-23 07:00:00,31,Planned,Changeover
DT00002020,WO00002724,P02,P02_L02,M018,B,2026-04-23 14:48:00,2026-04-23 15:37:00,49,Planned,Preventive Maintenance
DT00002021,WO00002725,P02,P02_L02,M020,C,2026-04-23 22:22:00,2026-04-23 22:43:00,21,Planned,Changeover
DT00002022,WO00002727,P02,P02_L03,M024,B,2026-04-23 14:10:00,2026-04-23 15:15:00,65,Unplanned,Electrical Fault
DT00002023,WO00002727,P02,P02_L03,M023,B,2026-04-23 15:18:00,2026-04-23 15:49:00,31,Unplanned,Mechanical Failure
DT00002024,WO00002728,P02,P02_L03,M024,C,2026-04-23 22:44:00,2026-04-23 23:05:00,21,Unplanned,Electrical Fault
DT00002025,WO00002728,P02,P02_L03,M024,C,2026-04-23 23:08:00,2026-04-23 23:32:00,24,Unplanned,Sensor/Controls Fault
DT00002026,WO00002729,P03,P03_L01,M027,A,2026-04-23 06:13:00,2026-04-23 06:48:00,35,Planned,Changeover
DT00002027,WO00002731,P03,P03_L01,M028,C,2026-04-23 22:44:00,2026-04-23 23:17:00,33,Planned,Planned Inspection
DT00002028,WO00002733,P03,P03_L02,M030,B,2026-04-23 14:29:00,2026-04-23 14:47:00,18,Planned,Preventive Maintenance
DT00002029,WO00002735,P03,P03_L03,M034,A,2026-04-23 06:42:00,2026-04-23 07:21:00,39,Planned,Changeover
DT00002030,WO00002736,P03,P03_L03,M035,B,2026-04-23 14:28:00,2026-04-23 15:10:00,42,Unplanned,Operator Adjustment
DT00002031,WO00002740,P01,P01_L01,M003,C,2026-04-24 22:48:00,2026-04-24 23:50:00,62,Planned,Cleaning/Sanitation
DT00002032,WO00002741,P01,P01_L02,M005,A,2026-04-24 06:43:00,2026-04-24 07:36:00,53,Planned,Preventive Maintenance
DT00002033,WO00002742,P01,P01_L02,M007,B,2026-04-24 14:47:00,2026-04-24 15:42:00,55,Planned,Preventive Maintenance
DT00002034,WO00002742,P01,P01_L02,M005,B,2026-04-24 15:47:00,2026-04-24 16:20:00,33,Unplanned,Electrical Fault
DT00002035,WO00002744,P01,P01_L03,M010,A,2026-04-24 06:14:00,2026-04-24 06:31:00,17,Planned,Preventive Maintenance
DT00002036,WO00002748,P02,P02_L01,M013,B,2026-04-24 14:44:00,2026-04-24 15:09:00,25,Planned,Preventive Maintenance
DT00002037,WO00002749,P02,P02_L01,M016,C,2026-04-24 22:49:00,2026-04-24 23:20:00,31,Planned,Preventive Maintenance
DT00002038,WO00002753,P02,P02_L03,M023,A,2026-04-24 06:19:00,2026-04-24 06:34:00,15,Planned,Preventive Maintenance
DT00002039,WO00002753,P02,P02_L03,M021,A,2026-04-24 06:39:00,2026-04-24 06:50:00,11,Unplanned,Utility Interruption
DT00002040,WO00002754,P02,P02_L03,M024,B,2026-04-24 14:43:00,2026-04-24 15:25:00,42,Planned,Changeover
DT00002041,WO00002758,P03,P03_L01,M026,C,2026-04-24 22:34:00,2026-04-24 23:16:00,42,Planned,Changeover
DT00002042,WO00002760,P03,P03_L02,M029,B,2026-04-24 14:43:00,2026-04-24 15:13:00,30,Planned,Cleaning/Sanitation
DT00002043,WO00002761,P03,P03_L02,M031,C,2026-04-24 22:28:00,2026-04-24 22:56:00,28,Planned,Changeover
DT00002044,WO00002762,P03,P03_L03,M033,A,2026-04-24 06:30:00,2026-04-24 07:10:00,40,Unplanned,Mechanical Failure
DT00002045,WO00002764,P03,P03_L03,M036,C,2026-04-24 22:18:00,2026-04-24 23:08:00,50,Planned,Preventive Maintenance
DT00002046,WO00002765,P01,P01_L01,M003,B,2026-04-25 14:15:00,2026-04-25 14:37:00,22,Planned,Planned Inspection
DT00002047,WO00002766,P01,P01_L02,M007,A,2026-04-25 06:32:00,2026-04-25 06:47:00,15,Unplanned,Mechanical Failure
DT00002048,WO00002773,P02,P02_L03,M024,B,2026-04-25 14:42:00,2026-04-25 14:59:00,17,Planned,Changeover
DT00002049,WO00002775,P03,P03_L01,M025,A,2026-04-25 06:24:00,2026-04-25 07:16:00,52,Planned,Preventive Maintenance
DT00002050,WO00002775,P03,P03_L01,M028,A,2026-04-25 07:21:00,2026-04-25 07:40:00,19,Unplanned,Mechanical Failure
DT00002051,WO00002776,P03,P03_L01,M027,C,2026-04-25 22:26:00,2026-04-25 22:42:00,16,Planned,Changeover
DT00002052,WO00002777,P03,P03_L02,M029,A,2026-04-25 06:42:00,2026-04-25 07:09:00,27,Planned,Changeover
DT00002053,WO00002779,P03,P03_L03,M034,A,2026-04-25 06:17:00,2026-04-25 06:29:00,12,Planned,Planned Inspection
DT00002054,WO00002781,P01,P01_L01,M002,B,2026-04-26 14:26:00,2026-04-26 15:01:00,35,Planned,Changeover
DT00002055,WO00002782,P01,P01_L01,M003,C,2026-04-26 22:31:00,2026-04-26 23:17:00,46,Planned,Preventive Maintenance
DT00002056,WO00002782,P01,P01_L01,M003,C,2026-04-26 23:22:00,2026-04-26 23:38:00,16,Unplanned,Sensor/Controls Fault
DT00002057,WO00002783,P01,P01_L02,M006,A,2026-04-26 06:30:00,2026-04-26 07:00:00,30,Planned,Preventive Maintenance
DT00002058,WO00002783,P01,P01_L02,M008,A,2026-04-26 07:05:00,2026-04-26 07:31:00,26,Unplanned,Operator Adjustment
DT00002059,WO00002785,P01,P01_L03,M012,B,2026-04-26 14:45:00,2026-04-26 15:09:00,24,Planned,Preventive Maintenance
DT00002060,WO00002786,P02,P02_L01,M013,B,2026-04-26 14:24:00,2026-04-26 14:49:00,25,Planned,Changeover
DT00002061,WO00002790,P02,P02_L03,M021,B,2026-04-26 14:14:00,2026-04-26 14:47:00,33,Planned,Planned Inspection
DT00002062,WO00002791,P03,P03_L01,M026,B,2026-04-26 14:32:00,2026-04-26 15:19:00,47,Planned,Changeover
DT00002063,WO00002792,P03,P03_L01,M027,C,2026-04-26 22:38:00,2026-04-26 22:53:00,15,Planned,Cleaning/Sanitation
DT00002064,WO00002793,P03,P03_L02,M032,A,2026-04-26 06:10:00,2026-04-26 07:15:00,65,Planned,Preventive Maintenance
DT00002065,WO00002793,P03,P03_L02,M030,A,2026-04-26 07:20:00,2026-04-26 07:45:00,25,Unplanned,Mechanical Failure
DT00002066,WO00002793,P03,P03_L02,M030,A,2026-04-26 07:48:00,2026-04-26 07:58:00,10,Unplanned,Material Starvation
DT00002067,WO00002796,P03,P03_L03,M033,A,2026-04-26 06:13:00,2026-04-26 06:23:00,10,Unplanned,Quality Hold
DT00002068,WO00002797,P03,P03_L03,M036,B,2026-04-26 14:21:00,2026-04-26 14:33:00,12,Unplanned,Utility Interruption
DT00002069,WO00002800,P01,P01_L01,M003,C,2026-04-27 22:45:00,2026-04-27 23:05:00,20,Planned,Changeover
DT00002070,WO00002801,P01,P01_L02,M005,A,2026-04-27 06:25:00,2026-04-27 07:07:00,42,Planned,Changeover
DT00002071,WO00002801,P01,P01_L02,M007,A,2026-04-27 07:12:00,2026-04-27 07:40:00,28,Unplanned,Mechanical Failure
DT00002072,WO00002802,P01,P01_L02,M006,B,2026-04-27 14:26:00,2026-04-27 14:46:00,20,Planned,Changeover
DT00002073,WO00002803,P01,P01_L02,M007,C,2026-04-27 22:33:00,2026-04-27 23:08:00,35,Planned,Changeover
DT00002074,WO00002804,P01,P01_L03,M011,A,2026-04-27 06:17:00,2026-04-27 06:36:00,19,Unplanned,Mechanical Failure
DT00002075,WO00002805,P01,P01_L03,M010,B,2026-04-27 14:17:00,2026-04-27 14:51:00,34,Planned,Changeover
DT00002076,WO00002806,P01,P01_L03,M009,C,2026-04-27 22:44:00,2026-04-27 22:53:00,9,Unplanned,Mechanical Failure
DT00002077,WO00002809,P02,P02_L01,M016,C,2026-04-27 22:42:00,2026-04-27 23:05:00,23,Planned,Preventive Maintenance
DT00002078,WO00002810,P02,P02_L02,M018,A,2026-04-27 06:41:00,2026-04-27 07:24:00,43,Planned,Changeover
DT00002079,WO00002812,P02,P02_L02,M018,C,2026-04-27 22:33:00,2026-04-27 23:19:00,46,Planned,Preventive Maintenance
DT00002080,WO00002814,P02,P02_L03,M024,B,2026-04-27 14:43:00,2026-04-27 16:00:00,77,Planned,Changeover
DT00002081,WO00002815,P02,P02_L03,M022,C,2026-04-27 22:10:00,2026-04-27 22:29:00,19,Planned,Preventive Maintenance
DT00002082,WO00002817,P03,P03_L01,M026,B,2026-04-27 14:10:00,2026-04-27 14:42:00,32,Unplanned,Material Starvation
DT00002083,WO00002822,P03,P03_L03,M036,A,2026-04-27 06:39:00,2026-04-27 07:08:00,29,Planned,Preventive Maintenance
DT00002084,WO00002822,P03,P03_L03,M034,A,2026-04-27 07:13:00,2026-04-27 07:28:00,15,Unplanned,Quality Hold
DT00002085,WO00002825,P01,P01_L01,M002,A,2026-04-28 06:28:00,2026-04-28 07:15:00,47,Unplanned,Quality Hold
DT00002086,WO00002829,P01,P01_L02,M007,B,2026-04-28 14:28:00,2026-04-28 14:52:00,24,Unplanned,Mechanical Failure
DT00002087,WO00002830,P01,P01_L02,M005,C,2026-04-28 22:32:00,2026-04-28 22:57:00,25,Unplanned,Mechanical Failure
DT00002088,WO00002831,P01,P01_L03,M011,A,2026-04-28 06:18:00,2026-04-28 06:39:00,21,Unplanned,Material Starvation
DT00002089,WO00002832,P01,P01_L03,M009,B,2026-04-28 14:41:00,2026-04-28 15:06:00,25,Planned,Changeover
DT00002090,WO00002833,P01,P01_L03,M009,C,2026-04-28 22:12:00,2026-04-28 22:34:00,22,Planned,Changeover
DT00002091,WO00002833,P01,P01_L03,M010,C,2026-04-28 22:39:00,2026-04-28 23:08:00,29,Unplanned,Mechanical Failure
DT00002092,WO00002833,P01,P01_L03,M010,C,2026-04-28 23:11:00,2026-04-29 00:07:00,56,Unplanned,Material Starvation
DT00002093,WO00002835,P02,P02_L01,M013,B,2026-04-28 14:30:00,2026-04-28 15:00:00,30,Planned,Changeover
DT00002094,WO00002837,P02,P02_L02,M018,A,2026-04-28 06:21:00,2026-04-28 06:45:00,24,Unplanned,Mechanical Failure
DT00002095,WO00002838,P02,P02_L02,M019,B,2026-04-28 14:35:00,2026-04-28 14:56:00,21,Planned,Preventive Maintenance
DT00002096,WO00002839,P02,P02_L02,M020,C,2026-04-28 22:14:00,2026-04-28 22:52:00,38,Planned,Preventive Maintenance
DT00002097,WO00002840,P02,P02_L03,M021,A,2026-04-28 06:19:00,2026-04-28 06:46:00,27,Planned,Cleaning/Sanitation
DT00002098,WO00002842,P02,P02_L03,M023,C,2026-04-28 22:49:00,2026-04-28 23:38:00,49,Planned,Preventive Maintenance
DT00002099,WO00002846,P03,P03_L02,M029,A,2026-04-28 06:16:00,2026-04-28 06:58:00,42,Unplanned,Mechanical Failure
DT00002100,WO00002847,P03,P03_L02,M030,B,2026-04-28 14:45:00,2026-04-28 15:24:00,39,Unplanned,Operator Adjustment
DT00002101,WO00002848,P03,P03_L02,M031,C,2026-04-28 22:37:00,2026-04-28 23:08:00,31,Planned,Planned Inspection
DT00002102,WO00002853,P01,P01_L01,M003,B,2026-04-29 14:36:00,2026-04-29 15:15:00,39,Planned,Changeover
DT00002103,WO00002853,P01,P01_L01,M001,B,2026-04-29 15:20:00,2026-04-29 16:13:00,53,Unplanned,Quality Hold
DT00002104,WO00002854,P01,P01_L01,M004,C,2026-04-29 22:39:00,2026-04-29 23:14:00,35,Planned,Cleaning/Sanitation
DT00002105,WO00002854,P01,P01_L01,M004,C,2026-04-29 23:19:00,2026-04-29 23:27:00,8,Unplanned,Electrical Fault
DT00002106,WO00002857,P01,P01_L02,M005,C,2026-04-29 22:34:00,2026-04-29 23:16:00,42,Unplanned,Mechanical Failure
DT00002107,WO00002859,P01,P01_L03,M012,B,2026-04-29 14:12:00,2026-04-29 14:40:00,28,Unplanned,Sensor/Controls Fault
DT00002108,WO00002860,P01,P01_L03,M011,C,2026-04-29 22:48:00,2026-04-29 23:04:00,16,Unplanned,Electrical Fault
DT00002109,WO00002861,P02,P02_L01,M014,A,2026-04-29 06:26:00,2026-04-29 06:51:00,25,Planned,Preventive Maintenance
DT00002110,WO00002862,P02,P02_L01,M013,B,2026-04-29 14:45:00,2026-04-29 15:27:00,42,Planned,Cleaning/Sanitation
DT00002111,WO00002863,P02,P02_L01,M014,C,2026-04-29 22:32:00,2026-04-29 22:36:00,4,Unplanned,Operator Adjustment
DT00002112,WO00002865,P02,P02_L02,M019,B,2026-04-29 14:14:00,2026-04-29 14:37:00,23,Unplanned,Mechanical Failure
DT00002113,WO00002865,P02,P02_L02,M020,B,2026-04-29 14:40:00,2026-04-29 14:57:00,17,Unplanned,Material Starvation
DT00002114,WO00002866,P02,P02_L02,M020,C,2026-04-29 22:42:00,2026-04-29 23:04:00,22,Planned,Cleaning/Sanitation
DT00002115,WO00002866,P02,P02_L02,M019,C,2026-04-29 23:09:00,2026-04-29 23:31:00,22,Unplanned,Electrical Fault
DT00002116,WO00002867,P02,P02_L03,M023,A,2026-04-29 06:14:00,2026-04-29 06:36:00,22,Unplanned,Quality Hold
DT00002117,WO00002867,P02,P02_L03,M023,A,2026-04-29 06:39:00,2026-04-29 06:51:00,12,Unplanned,Material Starvation
DT00002118,WO00002871,P03,P03_L01,M027,B,2026-04-29 14:20:00,2026-04-29 14:59:00,39,Unplanned,Quality Hold
DT00002119,WO00002872,P03,P03_L01,M028,C,2026-04-29 22:16:00,2026-04-29 22:54:00,38,Planned,Planned Inspection
DT00002120,WO00002873,P03,P03_L02,M032,A,2026-04-29 06:10:00,2026-04-29 06:45:00,35,Planned,Cleaning/Sanitation
DT00002121,WO00002874,P03,P03_L02,M032,B,2026-04-29 14:20:00,2026-04-29 14:56:00,36,Planned,Cleaning/Sanitation
DT00002122,WO00002876,P03,P03_L03,M034,A,2026-04-29 06:21:00,2026-04-29 06:59:00,38,Planned,Cleaning/Sanitation
DT00002123,WO00002877,P03,P03_L03,M033,B,2026-04-29 14:28:00,2026-04-29 14:56:00,28,Planned,Cleaning/Sanitation
DT00002124,WO00002877,P03,P03_L03,M033,B,2026-04-29 15:01:00,2026-04-29 15:20:00,19,Unplanned,Material Starvation
DT00002125,WO00002879,P01,P01_L01,M004,A,2026-04-30 06:32:00,2026-04-30 07:52:00,80,Unplanned,Mechanical Failure
DT00002126,WO00002880,P01,P01_L01,M001,B,2026-04-30 14:47:00,2026-04-30 15:11:00,24,Planned,Changeover
DT00002127,WO00002880,P01,P01_L01,M003,B,2026-04-30 15:16:00,2026-04-30 15:56:00,40,Unplanned,Mechanical Failure
DT00002128,WO00002881,P01,P01_L01,M002,C,2026-04-30 22:28:00,2026-04-30 22:48:00,20,Planned,Changeover
DT00002129,WO00002883,P01,P01_L02,M006,B,2026-04-30 14:30:00,2026-04-30 14:59:00,29,Planned,Preventive Maintenance
DT00002130,WO00002888,P02,P02_L01,M014,A,2026-04-30 06:44:00,2026-04-30 07:21:00,37,Planned,Preventive Maintenance
DT00002131,WO00002888,P02,P02_L01,M013,A,2026-04-30 07:26:00,2026-04-30 07:30:00,4,Unplanned,Mechanical Failure
DT00002132,WO00002889,P02,P02_L01,M014,B,2026-04-30 14:19:00,2026-04-30 14:56:00,37,Planned,Changeover
DT00002133,WO00002889,P02,P02_L01,M015,B,2026-04-30 15:01:00,2026-04-30 15:28:00,27,Unplanned,Quality Hold
DT00002134,WO00002890,P02,P02_L01,M014,C,2026-04-30 22:19:00,2026-04-30 22:40:00,21,Unplanned,Sensor/Controls Fault
DT00002135,WO00002891,P02,P02_L02,M018,A,2026-04-30 06:42:00,2026-04-30 06:55:00,13,Unplanned,Sensor/Controls Fault
DT00002136,WO00002891,P02,P02_L02,M019,A,2026-04-30 06:58:00,2026-04-30 07:21:00,23,Unplanned,Electrical Fault
DT00002137,WO00002892,P02,P02_L02,M019,B,2026-04-30 14:30:00,2026-04-30 15:24:00,54,Planned,Preventive Maintenance
DT00002138,WO00002894,P02,P02_L03,M024,A,2026-04-30 06:21:00,2026-04-30 06:55:00,34,Planned,Changeover
DT00002139,WO00002896,P02,P02_L03,M021,C,2026-04-30 22:48:00,2026-04-30 23:14:00,26,Planned,Changeover
DT00002140,WO00002896,P02,P02_L03,M023,C,2026-04-30 23:19:00,2026-05-01 00:03:00,44,Unplanned,Mechanical Failure
DT00002141,WO00002897,P03,P03_L01,M027,A,2026-04-30 06:45:00,2026-04-30 07:07:00,22,Unplanned,Material Starvation
DT00002142,WO00002899,P03,P03_L01,M028,C,2026-04-30 22:22:00,2026-04-30 22:51:00,29,Unplanned,Electrical Fault
DT00002143,WO00002903,P03,P03_L03,M036,A,2026-04-30 06:22:00,2026-04-30 06:26:00,4,Unplanned,Material Starvation
DT00002144,WO00002905,P03,P03_L03,M035,C,2026-04-30 22:10:00,2026-04-30 22:22:00,12,Unplanned,Utility Interruption
DT00002145,WO00002905,P03,P03_L03,M033,C,2026-04-30 22:25:00,2026-04-30 23:00:00,35,Unplanned,Mechanical Failure
DT00002146,WO00002906,P01,P01_L01,M002,A,2026-05-01 06:31:00,2026-05-01 07:08:00,37,Unplanned,Quality Hold
DT00002147,WO00002907,P01,P01_L01,M004,B,2026-05-01 14:40:00,2026-05-01 14:47:00,7,Unplanned,Utility Interruption
DT00002148,WO00002909,P01,P01_L02,M008,A,2026-05-01 06:40:00,2026-05-01 06:48:00,8,Unplanned,Sensor/Controls Fault
DT00002149,WO00002911,P01,P01_L02,M006,C,2026-05-01 22:31:00,2026-05-01 23:02:00,31,Planned,Changeover
DT00002150,WO00002912,P01,P01_L03,M009,A,2026-05-01 06:48:00,2026-05-01 07:18:00,30,Planned,Preventive Maintenance
DT00002151,WO00002913,P01,P01_L03,M011,B,2026-05-01 14:37:00,2026-05-01 14:57:00,20,Unplanned,Material Starvation
DT00002152,WO00002913,P01,P01_L03,M010,B,2026-05-01 15:00:00,2026-05-01 15:50:00,50,Unplanned,Mechanical Failure
DT00002153,WO00002915,P02,P02_L01,M013,A,2026-05-01 06:17:00,2026-05-01 06:31:00,14,Planned,Preventive Maintenance
DT00002154,WO00002916,P02,P02_L01,M016,B,2026-05-01 14:17:00,2026-05-01 14:37:00,20,Planned,Changeover
DT00002155,WO00002919,P02,P02_L02,M020,B,2026-05-01 14:36:00,2026-05-01 15:14:00,38,Planned,Changeover
DT00002156,WO00002921,P02,P02_L03,M021,A,2026-05-01 06:11:00,2026-05-01 06:40:00,29,Planned,Changeover
DT00002157,WO00002921,P02,P02_L03,M023,A,2026-05-01 06:45:00,2026-05-01 07:00:00,15,Unplanned,Material Starvation
DT00002158,WO00002924,P03,P03_L01,M027,A,2026-05-01 06:18:00,2026-05-01 07:10:00,52,Planned,Cleaning/Sanitation
DT00002159,WO00002925,P03,P03_L01,M025,B,2026-05-01 14:28:00,2026-05-01 15:07:00,39,Planned,Preventive Maintenance
DT00002160,WO00002926,P03,P03_L01,M026,C,2026-05-01 22:36:00,2026-05-01 23:01:00,25,Planned,Changeover
DT00002161,WO00002928,P03,P03_L02,M032,B,2026-05-01 14:28:00,2026-05-01 14:46:00,18,Unplanned,Material Starvation
DT00002162,WO00002928,P03,P03_L02,M032,B,2026-05-01 14:49:00,2026-05-01 15:18:00,29,Unplanned,Electrical Fault
DT00002163,WO00002930,P03,P03_L03,M033,A,2026-05-01 06:36:00,2026-05-01 07:28:00,52,Planned,Cleaning/Sanitation
DT00002164,WO00002933,P01,P01_L01,M004,A,2026-05-02 06:37:00,2026-05-02 07:04:00,27,Planned,Preventive Maintenance
DT00002165,WO00002933,P01,P01_L01,M004,A,2026-05-02 07:09:00,2026-05-02 07:20:00,11,Unplanned,Material Starvation
DT00002166,WO00002933,P01,P01_L01,M001,A,2026-05-02 07:23:00,2026-05-02 07:31:00,8,Unplanned,Mechanical Failure
DT00002167,WO00002934,P01,P01_L01,M003,B,2026-05-02 14:46:00,2026-05-02 15:20:00,34,Planned,Preventive Maintenance
DT00002168,WO00002934,P01,P01_L01,M003,B,2026-05-02 15:25:00,2026-05-02 15:32:00,7,Unplanned,Utility Interruption
DT00002169,WO00002937,P01,P01_L03,M010,B,2026-05-02 14:44:00,2026-05-02 15:20:00,36,Planned,Changeover
DT00002170,WO00002941,P02,P02_L01,M014,C,2026-05-02 22:31:00,2026-05-02 22:57:00,26,Planned,Cleaning/Sanitation
DT00002171,WO00002941,P02,P02_L01,M014,C,2026-05-02 23:02:00,2026-05-02 23:56:00,54,Unplanned,Operator Adjustment
DT00002172,WO00002943,P02,P02_L02,M019,B,2026-05-02 14:37:00,2026-05-02 15:09:00,32,Planned,Planned Inspection
DT00002173,WO00002944,P03,P03_L01,M027,A,2026-05-02 06:29:00,2026-05-02 06:53:00,24,Planned,Changeover
DT00002174,WO00002944,P03,P03_L01,M028,A,2026-05-02 06:58:00,2026-05-02 07:06:00,8,Unplanned,Electrical Fault
DT00002175,WO00002946,P03,P03_L02,M031,A,2026-05-02 06:17:00,2026-05-02 06:33:00,16,Planned,Preventive Maintenance
DT00002176,WO00002947,P01,P01_L01,M003,A,2026-05-03 06:19:00,2026-05-03 06:44:00,25,Planned,Cleaning/Sanitation
DT00002177,WO00002948,P01,P01_L01,M004,B,2026-05-03 14:29:00,2026-05-03 14:39:00,10,Unplanned,Utility Interruption
DT00002178,WO00002949,P01,P01_L01,M001,C,2026-05-03 22:21:00,2026-05-03 22:56:00,35,Planned,Cleaning/Sanitation
DT00002179,WO00002949,P01,P01_L01,M001,C,2026-05-03 23:01:00,2026-05-03 23:21:00,20,Unplanned,Electrical Fault
DT00002180,WO00002950,P01,P01_L02,M008,A,2026-05-03 06:32:00,2026-05-03 06:55:00,23,Planned,Changeover
DT00002181,WO00002955,P02,P02_L02,M017,C,2026-05-03 22:42:00,2026-05-03 23:17:00,35,Planned,Cleaning/Sanitation
DT00002182,WO00002958,P02,P02_L03,M023,C,2026-05-03 22:41:00,2026-05-03 23:05:00,24,Planned,Preventive Maintenance
DT00002183,WO00002958,P02,P02_L03,M022,C,2026-05-03 23:10:00,2026-05-03 23:33:00,23,Unplanned,Mechanical Failure
DT00002184,WO00002962,P03,P03_L03,M034,A,2026-05-03 06:20:00,2026-05-03 06:43:00,23,Planned,Preventive Maintenance
DT00002185,WO00002963,P03,P03_L03,M033,B,2026-05-03 14:48:00,2026-05-03 15:07:00,19,Planned,Preventive Maintenance
DT00002186,WO00002963,P03,P03_L03,M034,B,2026-05-03 15:12:00,2026-05-03 15:28:00,16,Unplanned,Mechanical Failure
DT00002187,WO00002963,P03,P03_L03,M033,B,2026-05-03 15:31:00,2026-05-03 15:39:00,8,Unplanned,Mechanical Failure
DT00002188,WO00002964,P01,P01_L01,M003,A,2026-05-04 06:37:00,2026-05-04 07:10:00,33,Planned,Cleaning/Sanitation
DT00002189,WO00002969,P01,P01_L02,M005,C,2026-05-04 22:32:00,2026-05-04 22:56:00,24,Planned,Preventive Maintenance
DT00002190,WO00002970,P01,P01_L03,M011,A,2026-05-04 06:31:00,2026-05-04 06:52:00,21,Planned,Changeover
DT00002191,WO00002970,P01,P01_L03,M012,A,2026-05-04 06:57:00,2026-05-04 07:30:00,33,Unplanned,Material Starvation
DT00002192,WO00002975,P02,P02_L01,M014,C,2026-05-04 22:47:00,2026-05-04 23:20:00,33,Planned,Cleaning/Sanitation
DT00002193,WO00002975,P02,P02_L01,M013,C,2026-05-04 23:25:00,2026-05-04 23:49:00,24,Unplanned,Quality Hold
DT00002194,WO00002977,P02,P02_L02,M018,B,2026-05-04 14:47:00,2026-05-04 15:40:00,53,Planned,Preventive Maintenance
DT00002195,WO00002979,P02,P02_L03,M023,A,2026-05-04 06:29:00,2026-05-04 06:51:00,22,Planned,Planned Inspection
DT00002196,WO00002981,P02,P02_L03,M022,C,2026-05-04 22:48:00,2026-05-04 23:37:00,49,Planned,Cleaning/Sanitation
DT00002197,WO00002982,P03,P03_L01,M026,A,2026-05-04 06:24:00,2026-05-04 06:43:00,19,Planned,Changeover
DT00002198,WO00002984,P03,P03_L01,M027,C,2026-05-04 22:35:00,2026-05-04 22:59:00,24,Planned,Changeover
DT00002199,WO00002986,P03,P03_L02,M030,B,2026-05-04 14:18:00,2026-05-04 14:44:00,26,Planned,Cleaning/Sanitation
DT00002200,WO00002987,P03,P03_L02,M032,C,2026-05-04 22:34:00,2026-05-04 23:15:00,41,Planned,Preventive Maintenance
DT00002201,WO00002987,P03,P03_L02,M029,C,2026-05-04 23:20:00,2026-05-04 23:28:00,8,Unplanned,Electrical Fault
DT00002202,WO00002988,P03,P03_L03,M036,A,2026-05-04 06:23:00,2026-05-04 06:48:00,25,Planned,Preventive Maintenance
DT00002203,WO00002991,P01,P01_L01,M004,A,2026-05-05 06:40:00,2026-05-05 07:23:00,43,Planned,Preventive Maintenance
DT00002204,WO00002992,P01,P01_L01,M003,B,2026-05-05 14:14:00,2026-05-05 14:44:00,30,Planned,Changeover
DT00002205,WO00002992,P01,P01_L01,M003,B,2026-05-05 14:49:00,2026-05-05 15:22:00,33,Unplanned,Quality Hold
DT00002206,WO00002993,P01,P01_L01,M002,C,2026-05-05 22:17:00,2026-05-05 23:21:00,64,Planned,Preventive Maintenance
DT00002207,WO00002993,P01,P01_L01,M004,C,2026-05-05 23:26:00,2026-05-05 23:58:00,32,Unplanned,Electrical Fault
DT00002208,WO00002993,P01,P01_L01,M003,C,2026-05-06 00:01:00,2026-05-06 00:53:00,52,Unplanned,Quality Hold
DT00002209,WO00002994,P01,P01_L02,M005,A,2026-05-05 06:42:00,2026-05-05 06:58:00,16,Planned,Changeover
DT00002210,WO00002996,P01,P01_L02,M006,C,2026-05-05 22:13:00,2026-05-05 22:49:00,36,Planned,Changeover
DT00002211,WO00002999,P01,P01_L03,M010,C,2026-05-05 22:39:00,2026-05-05 23:36:00,57,Planned,Changeover
DT00002212,WO00003000,P02,P02_L01,M015,A,2026-05-05 06:45:00,2026-05-05 07:12:00,27,Unplanned,Quality Hold
DT00002213,WO00003002,P02,P02_L01,M013,C,2026-05-05 22:15:00,2026-05-05 22:56:00,41,Unplanned,Sensor/Controls Fault
DT00002214,WO00003004,P02,P02_L02,M019,B,2026-05-05 14:29:00,2026-05-05 15:27:00,58,Planned,Preventive Maintenance
DT00002215,WO00003006,P02,P02_L03,M024,A,2026-05-05 06:28:00,2026-05-05 06:43:00,15,Unplanned,Mechanical Failure
DT00002216,WO00003007,P02,P02_L03,M022,B,2026-05-05 14:46:00,2026-05-05 15:22:00,36,Planned,Changeover
DT00002217,WO00003011,P03,P03_L01,M028,C,2026-05-05 22:36:00,2026-05-05 23:04:00,28,Planned,Preventive Maintenance
DT00002218,WO00003011,P03,P03_L01,M025,C,2026-05-05 23:09:00,2026-05-05 23:24:00,15,Unplanned,Mechanical Failure
DT00002219,WO00003013,P03,P03_L02,M031,B,2026-05-05 14:33:00,2026-05-05 15:49:00,76,Planned,Preventive Maintenance
DT00002220,WO00003016,P03,P03_L03,M033,B,2026-05-05 14:25:00,2026-05-05 15:04:00,39,Planned,Changeover
DT00002221,WO00003017,P03,P03_L03,M035,C,2026-05-05 22:33:00,2026-05-05 23:07:00,34,Planned,Planned Inspection
DT00002222,WO00003018,P01,P01_L01,M004,A,2026-05-06 06:34:00,2026-05-06 06:59:00,25,Planned,Changeover
DT00002223,WO00003019,P01,P01_L01,M001,B,2026-05-06 14:18:00,2026-05-06 15:12:00,54,Planned,Preventive Maintenance
DT00002224,WO00003022,P01,P01_L02,M006,B,2026-05-06 14:46:00,2026-05-06 15:22:00,36,Planned,Preventive Maintenance
DT00002225,WO00003022,P01,P01_L02,M007,B,2026-05-06 15:27:00,2026-05-06 15:44:00,17,Unplanned,Mechanical Failure
DT00002226,WO00003024,P01,P01_L03,M010,A,2026-05-06 06:26:00,2026-05-06 06:53:00,27,Planned,Preventive Maintenance
DT00002227,WO00003025,P01,P01_L03,M011,B,2026-05-06 14:12:00,2026-05-06 14:49:00,37,Planned,Changeover
DT00002228,WO00003028,P02,P02_L01,M013,B,2026-05-06 14:47:00,2026-05-06 15:09:00,22,Planned,Changeover
DT00002229,WO00003028,P02,P02_L01,M015,B,2026-05-06 15:14:00,2026-05-06 15:32:00,18,Unplanned,Electrical Fault
DT00002230,WO00003032,P02,P02_L02,M020,C,2026-05-06 22:21:00,2026-05-06 22:39:00,18,Planned,Changeover
DT00002231,WO00003033,P02,P02_L03,M022,A,2026-05-06 06:16:00,2026-05-06 06:42:00,26,Planned,Changeover
DT00002232,WO00003033,P02,P02_L03,M022,A,2026-05-06 06:47:00,2026-05-06 07:10:00,23,Unplanned,Mechanical Failure
DT00002233,WO00003034,P02,P02_L03,M021,B,2026-05-06 14:11:00,2026-05-06 14:32:00,21,Planned,Planned Inspection
DT00002234,WO00003034,P02,P02_L03,M024,B,2026-05-06 14:37:00,2026-05-06 14:49:00,12,Unplanned,Quality Hold
DT00002235,WO00003035,P02,P02_L03,M023,C,2026-05-06 22:37:00,2026-05-06 23:03:00,26,Planned,Changeover
DT00002236,WO00003036,P03,P03_L01,M027,A,2026-05-06 06:32:00,2026-05-06 06:57:00,25,Planned,Cleaning/Sanitation
DT00002237,WO00003039,P03,P03_L02,M032,A,2026-05-06 06:20:00,2026-05-06 06:54:00,34,Planned,Changeover
DT00002238,WO00003040,P03,P03_L02,M029,B,2026-05-06 14:16:00,2026-05-06 15:03:00,47,Unplanned,Quality Hold
DT00002239,WO00003041,P03,P03_L02,M030,C,2026-05-06 22:36:00,2026-05-06 23:05:00,29,Planned,Changeover
DT00002240,WO00003041,P03,P03_L02,M029,C,2026-05-06 23:10:00,2026-05-07 00:00:00,50,Unplanned,Quality Hold
DT00002241,WO00003043,P03,P03_L03,M033,B,2026-05-06 14:45:00,2026-05-06 15:15:00,30,Planned,Preventive Maintenance
DT00002242,WO00003046,P01,P01_L01,M001,B,2026-05-07 14:36:00,2026-05-07 14:56:00,20,Planned,Preventive Maintenance
DT00002243,WO00003046,P01,P01_L01,M004,B,2026-05-07 15:01:00,2026-05-07 15:08:00,7,Unplanned,Sensor/Controls Fault
DT00002244,WO00003047,P01,P01_L01,M004,C,2026-05-07 22:42:00,2026-05-07 23:16:00,34,Planned,Cleaning/Sanitation
DT00002245,WO00003048,P01,P01_L02,M008,A,2026-05-07 06:21:00,2026-05-07 07:00:00,39,Planned,Changeover
DT00002246,WO00003050,P01,P01_L02,M006,C,2026-05-07 22:28:00,2026-05-07 22:54:00,26,Planned,Cleaning/Sanitation
DT00002247,WO00003056,P02,P02_L01,M015,C,2026-05-07 22:49:00,2026-05-07 23:04:00,15,Planned,Planned Inspection
DT00002248,WO00003056,P02,P02_L01,M016,C,2026-05-07 23:09:00,2026-05-07 23:41:00,32,Unplanned,Sensor/Controls Fault
DT00002249,WO00003057,P02,P02_L02,M019,A,2026-05-07 06:39:00,2026-05-07 07:05:00,26,Planned,Preventive Maintenance
DT00002250,WO00003057,P02,P02_L02,M018,A,2026-05-07 07:10:00,2026-05-07 07:30:00,20,Unplanned,Mechanical Failure
DT00002251,WO00003058,P02,P02_L02,M019,B,2026-05-07 14:14:00,2026-05-07 14:33:00,19,Planned,Preventive Maintenance
DT00002252,WO00003058,P02,P02_L02,M019,B,2026-05-07 14:38:00,2026-05-07 14:53:00,15,Unplanned,Mechanical Failure
DT00002253,WO00003060,P02,P02_L03,M024,A,2026-05-07 06:13:00,2026-05-07 06:47:00,34,Planned,Planned Inspection
DT00002254,WO00003062,P02,P02_L03,M023,C,2026-05-07 22:20:00,2026-05-07 23:08:00,48,Planned,Changeover
DT00002255,WO00003063,P03,P03_L01,M026,A,2026-05-07 06:36:00,2026-05-07 07:55:00,79,Planned,Changeover
DT00002256,WO00003064,P03,P03_L01,M028,B,2026-05-07 14:49:00,2026-05-07 15:04:00,15,Planned,Planned Inspection
DT00002257,WO00003066,P03,P03_L02,M031,A,2026-05-07 06:22:00,2026-05-07 07:07:00,45,Planned,Preventive Maintenance
DT00002258,WO00003068,P03,P03_L02,M031,C,2026-05-07 22:36:00,2026-05-07 22:54:00,18,Planned,Planned Inspection
DT00002259,WO00003069,P03,P03_L03,M034,A,2026-05-07 06:39:00,2026-05-07 07:03:00,24,Planned,Planned Inspection
DT00002260,WO00003070,P03,P03_L03,M036,B,2026-05-07 14:28:00,2026-05-07 15:05:00,37,Planned,Preventive Maintenance
DT00002261,WO00003071,P03,P03_L03,M035,C,2026-05-07 22:44:00,2026-05-07 23:05:00,21,Planned,Preventive Maintenance
DT00002262,WO00003073,P01,P01_L01,M003,B,2026-05-08 14:14:00,2026-05-08 14:44:00,30,Planned,Changeover
DT00002263,WO00003075,P01,P01_L02,M007,A,2026-05-08 06:47:00,2026-05-08 07:44:00,57,Unplanned,Material Starvation
DT00002264,WO00003076,P01,P01_L02,M007,B,2026-05-08 14:32:00,2026-05-08 15:48:00,76,Unplanned,Sensor/Controls Fault
DT00002265,WO00003077,P01,P01_L02,M006,C,2026-05-08 22:30:00,2026-05-08 23:11:00,41,Planned,Changeover
DT00002266,WO00003079,P01,P01_L03,M012,B,2026-05-08 14:16:00,2026-05-08 14:52:00,36,Planned,Changeover
DT00002267,WO00003079,P01,P01_L03,M010,B,2026-05-08 14:57:00,2026-05-08 15:11:00,14,Unplanned,Utility Interruption
DT00002268,WO00003081,P02,P02_L01,M013,A,2026-05-08 06:24:00,2026-05-08 06:59:00,35,Planned,Preventive Maintenance
DT00002269,WO00003083,P02,P02_L01,M014,C,2026-05-08 22:41:00,2026-05-08 23:15:00,34,Planned,Preventive Maintenance
DT00002270,WO00003084,P02,P02_L02,M019,A,2026-05-08 06:19:00,2026-05-08 06:50:00,31,Planned,Changeover
DT00002271,WO00003085,P02,P02_L02,M019,B,2026-05-08 14:38:00,2026-05-08 15:20:00,42,Planned,Changeover
DT00002272,WO00003087,P02,P02_L03,M021,A,2026-05-08 06:14:00,2026-05-08 06:35:00,21,Planned,Preventive Maintenance
DT00002273,WO00003088,P02,P02_L03,M021,B,2026-05-08 14:20:00,2026-05-08 14:55:00,35,Planned,Changeover
DT00002274,WO00003089,P02,P02_L03,M024,C,2026-05-08 22:13:00,2026-05-08 22:40:00,27,Unplanned,Sensor/Controls Fault
DT00002275,WO00003091,P03,P03_L01,M026,B,2026-05-08 14:19:00,2026-05-08 14:34:00,15,Planned,Preventive Maintenance
DT00002276,WO00003092,P03,P03_L01,M025,C,2026-05-08 22:20:00,2026-05-08 22:42:00,22,Planned,Changeover
DT00002277,WO00003093,P03,P03_L02,M031,A,2026-05-08 06:33:00,2026-05-08 07:07:00,34,Unplanned,Quality Hold
DT00002278,WO00003093,P03,P03_L02,M031,A,2026-05-08 07:10:00,2026-05-08 07:21:00,11,Unplanned,Material Starvation
DT00002279,WO00003094,P03,P03_L02,M029,B,2026-05-08 14:22:00,2026-05-08 14:49:00,27,Unplanned,Mechanical Failure
DT00002280,WO00003095,P03,P03_L02,M030,C,2026-05-08 22:33:00,2026-05-08 22:51:00,18,Unplanned,Mechanical Failure
DT00002281,WO00003097,P03,P03_L03,M033,B,2026-05-08 14:19:00,2026-05-08 14:55:00,36,Planned,Cleaning/Sanitation
DT00002282,WO00003098,P03,P03_L03,M033,C,2026-05-08 22:26:00,2026-05-08 22:46:00,20,Unplanned,Utility Interruption
DT00002283,WO00003101,P01,P01_L02,M005,A,2026-05-09 06:39:00,2026-05-09 07:43:00,64,Unplanned,Mechanical Failure
DT00002284,WO00003104,P01,P01_L03,M009,A,2026-05-09 06:32:00,2026-05-09 07:33:00,61,Planned,Preventive Maintenance
DT00002285,WO00003107,P02,P02_L02,M019,A,2026-05-09 06:19:00,2026-05-09 07:09:00,50,Planned,Preventive Maintenance
DT00002286,WO00003107,P02,P02_L02,M019,A,2026-05-09 07:14:00,2026-05-09 07:32:00,18,Unplanned,Mechanical Failure
DT00002287,WO00003108,P02,P02_L02,M017,B,2026-05-09 14:12:00,2026-05-09 14:35:00,23,Planned,Planned Inspection
DT00002288,WO00003109,P02,P02_L02,M017,C,2026-05-09 22:44:00,2026-05-09 23:30:00,46,Planned,Changeover
DT00002289,WO00003109,P02,P02_L02,M018,C,2026-05-09 23:35:00,2026-05-10 00:12:00,37,Unplanned,Operator Adjustment
DT00002290,WO00003110,P02,P02_L03,M024,B,2026-05-09 14:35:00,2026-05-09 15:00:00,25,Unplanned,Material Starvation
DT00002291,WO00003111,P02,P02_L03,M023,C,2026-05-09 22:19:00,2026-05-09 22:36:00,17,Unplanned,Mechanical Failure
DT00002292,WO00003112,P03,P03_L01,M027,A,2026-05-09 06:41:00,2026-05-09 06:57:00,16,Planned,Changeover
DT00002293,WO00003113,P03,P03_L01,M026,B,2026-05-09 14:34:00,2026-05-09 14:51:00,17,Planned,Changeover
DT00002294,WO00003114,P03,P03_L02,M031,A,2026-05-09 06:43:00,2026-05-09 07:10:00,27,Planned,Preventive Maintenance
DT00002295,WO00003115,P03,P03_L02,M029,B,2026-05-09 14:38:00,2026-05-09 15:09:00,31,Planned,Preventive Maintenance
DT00002296,WO00003116,P03,P03_L03,M033,A,2026-05-09 06:10:00,2026-05-09 06:38:00,28,Planned,Changeover
DT00002297,WO00003117,P03,P03_L03,M036,B,2026-05-09 14:20:00,2026-05-09 14:40:00,20,Planned,Cleaning/Sanitation
DT00002298,WO00003118,P01,P01_L01,M002,C,2026-05-10 22:11:00,2026-05-10 22:48:00,37,Planned,Cleaning/Sanitation
DT00002299,WO00003118,P01,P01_L01,M002,C,2026-05-10 22:53:00,2026-05-10 23:08:00,15,Unplanned,Mechanical Failure
DT00002300,WO00003119,P01,P01_L02,M007,B,2026-05-10 14:49:00,2026-05-10 15:16:00,27,Planned,Preventive Maintenance
DT00002301,WO00003121,P01,P01_L03,M012,A,2026-05-10 06:25:00,2026-05-10 06:56:00,31,Planned,Cleaning/Sanitation
DT00002302,WO00003123,P02,P02_L01,M016,A,2026-05-10 06:29:00,2026-05-10 06:54:00,25,Planned,Changeover
DT00002303,WO00003124,P02,P02_L01,M015,B,2026-05-10 14:26:00,2026-05-10 14:53:00,27,Planned,Changeover
DT00002304,WO00003127,P02,P02_L03,M021,A,2026-05-10 06:35:00,2026-05-10 06:55:00,20,Planned,Cleaning/Sanitation
DT00002305,WO00003128,P02,P02_L03,M024,B,2026-05-10 14:47:00,2026-05-10 15:04:00,17,Unplanned,Material Starvation
DT00002306,WO00003129,P02,P02_L03,M024,C,2026-05-10 22:27:00,2026-05-10 23:01:00,34,Planned,Planned Inspection
DT00002307,WO00003130,P03,P03_L01,M026,A,2026-05-10 06:41:00,2026-05-10 07:06:00,25,Planned,Planned Inspection
DT00002308,WO00003134,P03,P03_L02,M030,C,2026-05-10 22:16:00,2026-05-10 22:57:00,41,Planned,Changeover
DT00002309,WO00003137,P01,P01_L01,M001,B,2026-05-11 14:38:00,2026-05-11 15:29:00,51,Unplanned,Electrical Fault
DT00002310,WO00003138,P01,P01_L01,M003,C,2026-05-11 22:15:00,2026-05-11 23:19:00,64,Unplanned,Utility Interruption
DT00002311,WO00003139,P01,P01_L02,M006,A,2026-05-11 06:34:00,2026-05-11 06:57:00,23,Planned,Cleaning/Sanitation
DT00002312,WO00003141,P01,P01_L02,M005,C,2026-05-11 22:20:00,2026-05-11 22:33:00,13,Unplanned,Sensor/Controls Fault
DT00002313,WO00003144,P01,P01_L03,M009,C,2026-05-11 22:33:00,2026-05-11 23:05:00,32,Unplanned,Utility Interruption
DT00002314,WO00003145,P02,P02_L01,M013,A,2026-05-11 06:35:00,2026-05-11 07:11:00,36,Planned,Changeover
DT00002315,WO00003146,P02,P02_L01,M013,B,2026-05-11 14:14:00,2026-05-11 14:26:00,12,Planned,Preventive Maintenance
DT00002316,WO00003147,P02,P02_L01,M016,C,2026-05-11 22:49:00,2026-05-11 22:56:00,7,Unplanned,Sensor/Controls Fault
DT00002317,WO00003149,P02,P02_L02,M018,B,2026-05-11 14:28:00,2026-05-11 15:07:00,39,Planned,Changeover
DT00002318,WO00003151,P02,P02_L03,M022,A,2026-05-11 06:29:00,2026-05-11 06:51:00,22,Planned,Changeover
DT00002319,WO00003152,P02,P02_L03,M024,B,2026-05-11 14:18:00,2026-05-11 14:33:00,15,Unplanned,Material Starvation
DT00002320,WO00003153,P02,P02_L03,M023,C,2026-05-11 22:39:00,2026-05-11 23:01:00,22,Planned,Preventive Maintenance
DT00002321,WO00003154,P03,P03_L01,M027,A,2026-05-11 06:34:00,2026-05-11 08:39:00,125,Unplanned,Material Starvation
DT00002322,WO00003154,P03,P03_L01,M027,A,2026-05-11 08:42:00,2026-05-11 10:38:00,116,Unplanned,Mechanical Failure
DT00002323,WO00003154,P03,P03_L01,M027,A,2026-05-11 10:41:00,2026-05-11 11:37:00,56,Unplanned,Quality Hold
DT00002324,WO00003156,P03,P03_L01,M025,C,2026-05-11 22:10:00,2026-05-11 23:10:00,60,Planned,Cleaning/Sanitation
DT00002325,WO00003157,P03,P03_L02,M031,A,2026-05-11 06:25:00,2026-05-11 06:49:00,24,Planned,Planned Inspection
DT00002326,WO00003157,P03,P03_L02,M031,A,2026-05-11 06:54:00,2026-05-11 07:17:00,23,Unplanned,Mechanical Failure
DT00002327,WO00003157,P03,P03_L02,M030,A,2026-05-11 07:20:00,2026-05-11 07:24:00,4,Unplanned,Mechanical Failure
DT00002328,WO00003158,P03,P03_L02,M029,B,2026-05-11 14:26:00,2026-05-11 15:22:00,56,Planned,Changeover
DT00002329,WO00003159,P03,P03_L02,M031,C,2026-05-11 22:32:00,2026-05-11 22:55:00,23,Planned,Changeover
DT00002330,WO00003161,P03,P03_L03,M036,B,2026-05-11 14:38:00,2026-05-11 15:21:00,43,Planned,Changeover
DT00002331,WO00003163,P01,P01_L01,M004,A,2026-05-12 06:14:00,2026-05-12 06:26:00,12,Unplanned,Electrical Fault
DT00002332,WO00003164,P01,P01_L01,M003,B,2026-05-12 14:32:00,2026-05-12 14:59:00,27,Planned,Cleaning/Sanitation
DT00002333,WO00003165,P01,P01_L01,M002,C,2026-05-12 22:13:00,2026-05-12 22:49:00,36,Unplanned,Quality Hold
DT00002334,WO00003167,P01,P01_L02,M005,B,2026-05-12 14:43:00,2026-05-12 15:15:00,32,Planned,Cleaning/Sanitation
DT00002335,WO00003169,P01,P01_L03,M012,A,2026-05-12 06:21:00,2026-05-12 06:41:00,20,Planned,Cleaning/Sanitation
DT00002336,WO00003171,P01,P01_L03,M009,C,2026-05-12 22:48:00,2026-05-12 23:15:00,27,Planned,Changeover
DT00002337,WO00003172,P02,P02_L01,M014,A,2026-05-12 06:23:00,2026-05-12 06:34:00,11,Unplanned,Quality Hold
DT00002338,WO00003173,P02,P02_L01,M014,B,2026-05-12 14:25:00,2026-05-12 14:56:00,31,Planned,Cleaning/Sanitation
DT00002339,WO00003175,P02,P02_L02,M017,A,2026-05-12 06:32:00,2026-05-12 07:16:00,44,Planned,Cleaning/Sanitation
DT00002340,WO00003177,P02,P02_L02,M020,C,2026-05-12 22:40:00,2026-05-12 23:09:00,29,Planned,Cleaning/Sanitation
DT00002341,WO00003177,P02,P02_L02,M018,C,2026-05-12 23:14:00,2026-05-13 00:10:00,56,Unplanned,Operator Adjustment
DT00002342,WO00003178,P02,P02_L03,M023,A,2026-05-12 06:17:00,2026-05-12 06:45:00,28,Planned,Changeover
DT00002343,WO00003179,P02,P02_L03,M022,B,2026-05-12 14:48:00,2026-05-12 15:21:00,33,Planned,Changeover
DT00002344,WO00003179,P02,P02_L03,M022,B,2026-05-12 15:26:00,2026-05-12 15:43:00,17,Unplanned,Mechanical Failure
DT00002345,WO00003179,P02,P02_L03,M024,B,2026-05-12 15:46:00,2026-05-12 16:13:00,27,Unplanned,Material Starvation
DT00002346,WO00003181,P03,P03_L01,M027,A,2026-05-12 06:20:00,2026-05-12 06:46:00,26,Planned,Changeover
DT00002347,WO00003181,P03,P03_L01,M026,A,2026-05-12 06:51:00,2026-05-12 08:54:00,123,Unplanned,Material Starvation
DT00002348,WO00003181,P03,P03_L01,M026,A,2026-05-12 08:57:00,2026-05-12 09:15:00,18,Unplanned,Sensor/Controls Fault
DT00002349,WO00003181,P03,P03_L01,M028,A,2026-05-12 09:18:00,2026-05-12 09:32:00,14,Unplanned,Quality Hold
DT00002350,WO00003182,P03,P03_L01,M028,B,2026-05-12 14:33:00,2026-05-12 15:05:00,32,Planned,Cleaning/Sanitation
DT00002351,WO00003182,P03,P03_L01,M025,B,2026-05-12 15:10:00,2026-05-12 15:31:00,21,Unplanned,Mechanical Failure
DT00002352,WO00003183,P03,P03_L01,M025,C,2026-05-12 22:48:00,2026-05-12 23:06:00,18,Unplanned,Operator Adjustment
DT00002353,WO00003184,P03,P03_L02,M029,A,2026-05-12 06:42:00,2026-05-12 07:25:00,43,Planned,Preventive Maintenance
DT00002354,WO00003185,P03,P03_L02,M031,B,2026-05-12 14:17:00,2026-05-12 14:49:00,32,Planned,Changeover
DT00002355,WO00003185,P03,P03_L02,M030,B,2026-05-12 14:54:00,2026-05-12 14:58:00,4,Unplanned,Material Starvation
DT00002356,WO00003186,P03,P03_L02,M032,C,2026-05-12 22:11:00,2026-05-12 22:31:00,20,Planned,Changeover
DT00002357,WO00003190,P01,P01_L01,M002,A,2026-05-13 06:25:00,2026-05-13 06:53:00,28,Unplanned,Material Starvation
DT00002358,WO00003191,P01,P01_L01,M003,B,2026-05-13 14:40:00,2026-05-13 15:02:00,22,Planned,Cleaning/Sanitation
DT00002359,WO00003192,P01,P01_L01,M002,C,2026-05-13 22:15:00,2026-05-13 22:35:00,20,Planned,Cleaning/Sanitation
DT00002360,WO00003195,P01,P01_L02,M005,C,2026-05-13 22:32:00,2026-05-13 23:31:00,59,Planned,Preventive Maintenance
DT00002361,WO00003196,P01,P01_L03,M011,A,2026-05-13 06:23:00,2026-05-13 06:53:00,30,Planned,Preventive Maintenance
DT00002362,WO00003197,P01,P01_L03,M009,B,2026-05-13 14:10:00,2026-05-13 14:44:00,34,Planned,Preventive Maintenance
DT00002363,WO00003199,P02,P02_L01,M016,A,2026-05-13 06:37:00,2026-05-13 07:52:00,75,Planned,Cleaning/Sanitation
DT00002364,WO00003200,P02,P02_L01,M013,B,2026-05-13 14:27:00,2026-05-13 15:01:00,34,Planned,Preventive Maintenance
DT00002365,WO00003200,P02,P02_L01,M016,B,2026-05-13 15:06:00,2026-05-13 15:31:00,25,Unplanned,Electrical Fault
DT00002366,WO00003201,P02,P02_L01,M013,C,2026-05-13 22:22:00,2026-05-13 23:13:00,51,Unplanned,Electrical Fault
DT00002367,WO00003202,P02,P02_L02,M020,A,2026-05-13 06:28:00,2026-05-13 07:11:00,43,Planned,Changeover
DT00002368,WO00003206,P02,P02_L03,M024,B,2026-05-13 14:13:00,2026-05-13 14:17:00,4,Unplanned,Electrical Fault
DT00002369,WO00003208,P03,P03_L01,M026,A,2026-05-13 06:23:00,2026-05-13 06:57:00,34,Planned,Planned Inspection
DT00002370,WO00003211,P03,P03_L02,M031,A,2026-05-13 06:35:00,2026-05-13 07:01:00,26,Planned,Preventive Maintenance
DT00002371,WO00003213,P03,P03_L02,M030,C,2026-05-13 22:46:00,2026-05-13 23:12:00,26,Planned,Changeover
DT00002372,WO00003214,P03,P03_L03,M036,A,2026-05-13 06:45:00,2026-05-13 07:21:00,36,Planned,Changeover
DT00002373,WO00003215,P03,P03_L03,M036,B,2026-05-13 14:49:00,2026-05-13 15:21:00,32,Planned,Preventive Maintenance
DT00002374,WO00003216,P03,P03_L03,M035,C,2026-05-13 22:48:00,2026-05-13 23:29:00,41,Planned,Changeover
DT00002375,WO00003216,P03,P03_L03,M036,C,2026-05-13 23:34:00,2026-05-14 00:34:00,60,Unplanned,Utility Interruption
DT00002376,WO00003218,P01,P01_L01,M001,B,2026-05-14 14:29:00,2026-05-14 14:54:00,25,Planned,Preventive Maintenance
DT00002377,WO00003223,P01,P01_L03,M012,A,2026-05-14 06:47:00,2026-05-14 07:32:00,45,Planned,Preventive Maintenance
DT00002378,WO00003226,P02,P02_L01,M016,A,2026-05-14 06:40:00,2026-05-14 07:06:00,26,Unplanned,Mechanical Failure
DT00002379,WO00003229,P02,P02_L02,M019,A,2026-05-14 06:29:00,2026-05-14 07:15:00,46,Planned,Changeover
DT00002380,WO00003231,P02,P02_L02,M020,C,2026-05-14 22:24:00,2026-05-14 22:50:00,26,Planned,Preventive Maintenance
DT00002381,WO00003232,P02,P02_L03,M022,A,2026-05-14 06:21:00,2026-05-14 07:03:00,42,Planned,Changeover
DT00002382,WO00003233,P02,P02_L03,M023,B,2026-05-14 14:32:00,2026-05-14 15:02:00,30,Planned,Changeover
DT00002383,WO00003233,P02,P02_L03,M021,B,2026-05-14 15:07:00,2026-05-14 15:21:00,14,Unplanned,Electrical Fault
DT00002384,WO00003236,P03,P03_L01,M028,B,2026-05-14 14:22:00,2026-05-14 15:31:00,69,Planned,Preventive Maintenance
DT00002385,WO00003238,P03,P03_L02,M030,A,2026-05-14 06:20:00,2026-05-14 07:22:00,62,Planned,Planned Inspection
DT00002386,WO00003240,P03,P03_L02,M029,C,2026-05-14 22:34:00,2026-05-14 22:57:00,23,Planned,Preventive Maintenance
DT00002387,WO00003241,P03,P03_L03,M034,A,2026-05-14 06:35:00,2026-05-14 07:37:00,62,Planned,Cleaning/Sanitation
DT00002388,WO00003242,P03,P03_L03,M034,B,2026-05-14 14:47:00,2026-05-14 14:56:00,9,Unplanned,Mechanical Failure
DT00002389,WO00003243,P03,P03_L03,M036,C,2026-05-14 22:12:00,2026-05-14 23:06:00,54,Planned,Cleaning/Sanitation
DT00002390,WO00003247,P01,P01_L02,M008,A,2026-05-15 06:29:00,2026-05-15 06:51:00,22,Planned,Changeover
DT00002391,WO00003248,P01,P01_L02,M007,B,2026-05-15 14:28:00,2026-05-15 14:50:00,22,Planned,Changeover
DT00002392,WO00003248,P01,P01_L02,M006,B,2026-05-15 14:55:00,2026-05-15 15:18:00,23,Unplanned,Mechanical Failure
DT00002393,WO00003250,P01,P01_L03,M010,A,2026-05-15 06:38:00,2026-05-15 06:59:00,21,Planned,Changeover
DT00002394,WO00003250,P01,P01_L03,M010,A,2026-05-15 07:04:00,2026-05-15 07:52:00,48,Unplanned,Electrical Fault
DT00002395,WO00003252,P01,P01_L03,M009,C,2026-05-15 22:14:00,2026-05-15 22:32:00,18,Planned,Changeover
DT00002396,WO00003255,P02,P02_L01,M014,C,2026-05-15 22:30:00,2026-05-15 22:55:00,25,Planned,Preventive Maintenance
DT00002397,WO00003257,P02,P02_L02,M020,B,2026-05-15 14:43:00,2026-05-15 15:31:00,48,Planned,Cleaning/Sanitation
DT00002398,WO00003257,P02,P02_L02,M018,B,2026-05-15 15:36:00,2026-05-15 16:47:00,71,Unplanned,Operator Adjustment
DT00002399,WO00003259,P02,P02_L03,M023,A,2026-05-15 06:17:00,2026-05-15 06:49:00,32,Planned,Cleaning/Sanitation
DT00002400,WO00003262,P03,P03_L01,M025,A,2026-05-15 06:47:00,2026-05-15 07:00:00,13,Unplanned,Utility Interruption
DT00002401,WO00003265,P03,P03_L02,M029,A,2026-05-15 06:22:00,2026-05-15 06:48:00,26,Planned,Planned Inspection
DT00002402,WO00003265,P03,P03_L02,M030,A,2026-05-15 06:53:00,2026-05-15 07:03:00,10,Unplanned,Quality Hold
DT00002403,WO00003266,P03,P03_L02,M032,B,2026-05-15 14:49:00,2026-05-15 15:27:00,38,Planned,Preventive Maintenance
DT00002404,WO00003268,P03,P03_L03,M033,A,2026-05-15 06:46:00,2026-05-15 07:26:00,40,Planned,Cleaning/Sanitation
DT00002405,WO00003269,P03,P03_L03,M033,B,2026-05-15 14:42:00,2026-05-15 15:10:00,28,Planned,Preventive Maintenance
DT00002406,WO00003270,P03,P03_L03,M035,C,2026-05-15 22:27:00,2026-05-15 22:32:00,5,Unplanned,Material Starvation
DT00002407,WO00003272,P01,P01_L01,M001,C,2026-05-16 22:21:00,2026-05-16 23:11:00,50,Planned,Changeover
DT00002408,WO00003272,P01,P01_L01,M004,C,2026-05-16 23:16:00,2026-05-16 23:28:00,12,Unplanned,Material Starvation
DT00002409,WO00003274,P01,P01_L02,M006,B,2026-05-16 14:24:00,2026-05-16 15:05:00,41,Planned,Changeover
DT00002410,WO00003275,P01,P01_L02,M006,C,2026-05-16 22:34:00,2026-05-16 22:57:00,23,Planned,Preventive Maintenance
DT00002411,WO00003277,P02,P02_L01,M013,A,2026-05-16 06:30:00,2026-05-16 06:54:00,24,Planned,Changeover
DT00002412,WO00003278,P02,P02_L01,M013,C,2026-05-16 22:26:00,2026-05-16 22:42:00,16,Planned,Changeover
DT00002413,WO00003278,P02,P02_L01,M016,C,2026-05-16 22:47:00,2026-05-16 23:02:00,15,Unplanned,Electrical Fault
DT00002414,WO00003278,P02,P02_L01,M016,C,2026-05-16 23:05:00,2026-05-17 00:05:00,60,Unplanned,Electrical Fault
DT00002415,WO00003279,P02,P02_L02,M020,B,2026-05-16 14:38:00,2026-05-16 15:09:00,31,Planned,Changeover
DT00002416,WO00003279,P02,P02_L02,M019,B,2026-05-16 15:14:00,2026-05-16 15:28:00,14,Unplanned,Sensor/Controls Fault
DT00002417,WO00003279,P02,P02_L02,M017,B,2026-05-16 15:31:00,2026-05-16 15:56:00,25,Unplanned,Sensor/Controls Fault
DT00002418,WO00003280,P02,P02_L02,M019,C,2026-05-16 22:13:00,2026-05-16 22:44:00,31,Planned,Changeover
DT00002419,WO00003280,P02,P02_L02,M020,C,2026-05-16 22:49:00,2026-05-16 23:22:00,33,Unplanned,Mechanical Failure
DT00002420,WO00003283,P03,P03_L01,M028,A,2026-05-16 06:17:00,2026-05-16 06:58:00,41,Unplanned,Electrical Fault
DT00002421,WO00003284,P03,P03_L01,M027,B,2026-05-16 14:44:00,2026-05-16 15:15:00,31,Planned,Preventive Maintenance
DT00002422,WO00003285,P03,P03_L01,M026,C,2026-05-16 22:38:00,2026-05-16 23:13:00,35,Planned,Preventive Maintenance
DT00002423,WO00003285,P03,P03_L01,M028,C,2026-05-16 23:18:00,2026-05-16 23:30:00,12,Unplanned,Operator Adjustment
DT00002424,WO00003286,P03,P03_L02,M032,A,2026-05-16 06:14:00,2026-05-16 06:35:00,21,Planned,Changeover
DT00002425,WO00003287,P03,P03_L02,M030,B,2026-05-16 14:49:00,2026-05-16 15:04:00,15,Planned,Preventive Maintenance
DT00002426,WO00003288,P03,P03_L02,M032,C,2026-05-16 22:35:00,2026-05-16 23:07:00,32,Planned,Preventive Maintenance
DT00002427,WO00003290,P03,P03_L03,M035,B,2026-05-16 14:47:00,2026-05-16 15:15:00,28,Planned,Changeover
DT00002428,WO00003291,P03,P03_L03,M033,C,2026-05-16 22:42:00,2026-05-16 23:29:00,47,Planned,Preventive Maintenance
DT00002429,WO00003291,P03,P03_L03,M036,C,2026-05-16 23:34:00,2026-05-17 00:13:00,39,Unplanned,Mechanical Failure
DT00002430,WO00003292,P01,P01_L01,M001,A,2026-05-17 06:44:00,2026-05-17 07:09:00,25,Planned,Cleaning/Sanitation
DT00002431,WO00003293,P01,P01_L01,M001,B,2026-05-17 14:31:00,2026-05-17 15:06:00,35,Unplanned,Operator Adjustment
DT00002432,WO00003294,P01,P01_L02,M007,B,2026-05-17 14:41:00,2026-05-17 15:53:00,72,Unplanned,Operator Adjustment
DT00002433,WO00003296,P01,P01_L03,M010,B,2026-05-17 14:33:00,2026-05-17 14:53:00,20,Planned,Changeover
DT00002434,WO00003297,P01,P01_L03,M011,C,2026-05-17 22:40:00,2026-05-17 23:07:00,27,Planned,Preventive Maintenance
DT00002435,WO00003298,P02,P02_L01,M014,B,2026-05-17 14:35:00,2026-05-17 14:56:00,21,Planned,Cleaning/Sanitation
DT00002436,WO00003298,P02,P02_L01,M014,B,2026-05-17 15:01:00,2026-05-17 15:05:00,4,Unplanned,Material Starvation
DT00002437,WO00003299,P02,P02_L01,M015,C,2026-05-17 22:42:00,2026-05-17 23:01:00,19,Planned,Changeover
DT00002438,WO00003300,P02,P02_L02,M018,A,2026-05-17 06:20:00,2026-05-17 06:37:00,17,Planned,Preventive Maintenance
DT00002439,WO00003301,P02,P02_L02,M018,B,2026-05-17 14:43:00,2026-05-17 14:59:00,16,Unplanned,Operator Adjustment
DT00002440,WO00003302,P02,P02_L02,M020,C,2026-05-17 22:49:00,2026-05-17 23:27:00,38,Planned,Changeover
DT00002441,WO00003303,P02,P02_L03,M023,B,2026-05-17 14:11:00,2026-05-17 14:35:00,24,Planned,Planned Inspection
DT00002442,WO00003305,P03,P03_L01,M027,A,2026-05-17 06:46:00,2026-05-17 07:06:00,20,Planned,Preventive Maintenance
DT00002443,WO00003305,P03,P03_L01,M028,A,2026-05-17 07:11:00,2026-05-17 07:34:00,23,Unplanned,Electrical Fault
DT00002444,WO00003306,P03,P03_L02,M029,A,2026-05-17 06:26:00,2026-05-17 06:53:00,27,Planned,Cleaning/Sanitation
DT00002445,WO00003307,P03,P03_L02,M030,B,2026-05-17 14:22:00,2026-05-17 14:41:00,19,Planned,Preventive Maintenance
DT00002446,WO00003308,P03,P03_L02,M032,C,2026-05-17 22:46:00,2026-05-17 23:11:00,25,Planned,Planned Inspection
DT00002447,WO00003309,P03,P03_L03,M035,B,2026-05-17 14:24:00,2026-05-17 14:42:00,18,Planned,Preventive Maintenance
DT00002448,WO00003310,P03,P03_L03,M034,C,2026-05-17 22:22:00,2026-05-17 23:04:00,42,Planned,Planned Inspection
DT00002449,WO00003311,P01,P01_L01,M003,A,2026-05-18 06:36:00,2026-05-18 07:01:00,25,Planned,Changeover
DT00002450,WO00003313,P01,P01_L01,M001,C,2026-05-18 22:11:00,2026-05-18 22:42:00,31,Planned,Changeover
DT00002451,WO00003313,P01,P01_L01,M002,C,2026-05-18 22:47:00,2026-05-18 23:01:00,14,Unplanned,Sensor/Controls Fault
DT00002452,WO00003314,P01,P01_L02,M006,A,2026-05-18 06:38:00,2026-05-18 06:59:00,21,Planned,Preventive Maintenance
DT00002453,WO00003315,P01,P01_L02,M007,B,2026-05-18 14:39:00,2026-05-18 14:58:00,19,Unplanned,Utility Interruption
DT00002454,WO00003317,P01,P01_L03,M012,A,2026-05-18 06:23:00,2026-05-18 07:18:00,55,Planned,Planned Inspection
DT00002455,WO00003320,P02,P02_L01,M015,A,2026-05-18 06:12:00,2026-05-18 07:56:00,104,Planned,Changeover
DT00002456,WO00003320,P02,P02_L01,M014,A,2026-05-18 08:01:00,2026-05-18 08:27:00,26,Unplanned,Operator Adjustment
DT00002457,WO00003321,P02,P02_L01,M014,B,2026-05-18 14:22:00,2026-05-18 14:48:00,26,Planned,Preventive Maintenance
DT00002458,WO00003322,P02,P02_L01,M015,C,2026-05-18 22:31:00,2026-05-18 23:04:00,33,Unplanned,Mechanical Failure
DT00002459,WO00003325,P02,P02_L02,M017,C,2026-05-18 22:45:00,2026-05-18 23:11:00,26,Planned,Cleaning/Sanitation
DT00002460,WO00003326,P02,P02_L03,M024,A,2026-05-18 06:41:00,2026-05-18 07:37:00,56,Unplanned,Electrical Fault
DT00002461,WO00003327,P02,P02_L03,M021,B,2026-05-18 14:27:00,2026-05-18 14:53:00,26,Planned,Changeover
DT00002462,WO00003328,P02,P02_L03,M021,C,2026-05-18 22:19:00,2026-05-18 22:42:00,23,Planned,Changeover
DT00002463,WO00003330,P03,P03_L01,M025,B,2026-05-18 14:10:00,2026-05-18 14:57:00,47,Planned,Cleaning/Sanitation
DT00002464,WO00003332,P03,P03_L02,M032,A,2026-05-18 06:27:00,2026-05-18 06:39:00,12,Planned,Changeover
DT00002465,WO00003333,P03,P03_L02,M032,B,2026-05-18 14:48:00,2026-05-18 15:06:00,18,Planned,Changeover
DT00002466,WO00003333,P03,P03_L02,M031,B,2026-05-18 15:11:00,2026-05-18 15:39:00,28,Unplanned,Utility Interruption
DT00002467,WO00003335,P03,P03_L03,M035,A,2026-05-18 06:37:00,2026-05-18 07:09:00,32,Planned,Changeover
DT00002468,WO00003336,P03,P03_L03,M036,B,2026-05-18 14:23:00,2026-05-18 14:45:00,22,Planned,Planned Inspection
DT00002469,WO00003337,P03,P03_L03,M033,C,2026-05-18 22:11:00,2026-05-18 23:47:00,96,Planned,Changeover
DT00002470,WO00003337,P03,P03_L03,M033,C,2026-05-18 23:52:00,2026-05-19 02:08:00,136,Unplanned,Mechanical Failure
DT00002471,WO00003338,P01,P01_L01,M001,A,2026-05-19 06:49:00,2026-05-19 07:12:00,23,Planned,Cleaning/Sanitation
DT00002472,WO00003338,P01,P01_L01,M002,A,2026-05-19 07:17:00,2026-05-19 07:41:00,24,Unplanned,Material Starvation
DT00002473,WO00003339,P01,P01_L01,M004,B,2026-05-19 14:14:00,2026-05-19 14:54:00,40,Planned,Planned Inspection
DT00002474,WO00003340,P01,P01_L01,M003,C,2026-05-19 22:22:00,2026-05-19 22:50:00,28,Planned,Changeover
DT00002475,WO00003343,P01,P01_L02,M007,C,2026-05-19 22:10:00,2026-05-19 22:35:00,25,Unplanned,Electrical Fault
DT00002476,WO00003344,P01,P01_L03,M010,A,2026-05-19 06:36:00,2026-05-19 07:05:00,29,Unplanned,Sensor/Controls Fault
DT00002477,WO00003345,P01,P01_L03,M010,B,2026-05-19 14:10:00,2026-05-19 14:28:00,18,Planned,Cleaning/Sanitation
DT00002478,WO00003346,P01,P01_L03,M011,C,2026-05-19 22:36:00,2026-05-19 23:00:00,24,Planned,Changeover
DT00002479,WO00003347,P02,P02_L01,M013,A,2026-05-19 06:49:00,2026-05-19 07:15:00,26,Planned,Planned Inspection
DT00002480,WO00003348,P02,P02_L01,M016,B,2026-05-19 14:32:00,2026-05-19 14:50:00,18,Planned,Changeover
DT00002481,WO00003350,P02,P02_L02,M018,A,2026-05-19 06:44:00,2026-05-19 07:11:00,27,Planned,Changeover
DT00002482,WO00003351,P02,P02_L02,M017,B,2026-05-19 14:14:00,2026-05-19 14:41:00,27,Planned,Changeover
DT00002483,WO00003351,P02,P02_L02,M019,B,2026-05-19 14:46:00,2026-05-19 15:09:00,23,Unplanned,Mechanical Failure
DT00002484,WO00003352,P02,P02_L02,M019,C,2026-05-19 22:40:00,2026-05-19 23:08:00,28,Planned,Preventive Maintenance
DT00002485,WO00003352,P02,P02_L02,M019,C,2026-05-19 23:13:00,2026-05-20 00:17:00,64,Unplanned,Utility Interruption
DT00002486,WO00003353,P02,P02_L03,M022,A,2026-05-19 06:48:00,2026-05-19 07:51:00,63,Planned,Planned Inspection
DT00002487,WO00003355,P02,P02_L03,M021,C,2026-05-19 22:36:00,2026-05-19 22:54:00,18,Unplanned,Utility Interruption
DT00002488,WO00003356,P03,P03_L01,M025,A,2026-05-19 06:26:00,2026-05-19 06:44:00,18,Unplanned,Quality Hold
DT00002489,WO00003357,P03,P03_L01,M026,B,2026-05-19 14:25:00,2026-05-19 14:46:00,21,Planned,Changeover
DT00002490,WO00003357,P03,P03_L01,M026,B,2026-05-19 14:51:00,2026-05-19 15:19:00,28,Unplanned,Sensor/Controls Fault
DT00002491,WO00003358,P03,P03_L01,M026,C,2026-05-19 22:18:00,2026-05-19 22:51:00,33,Planned,Changeover
DT00002492,WO00003358,P03,P03_L01,M028,C,2026-05-19 22:56:00,2026-05-19 23:21:00,25,Unplanned,Operator Adjustment
DT00002493,WO00003359,P03,P03_L02,M029,A,2026-05-19 06:36:00,2026-05-19 07:09:00,33,Planned,Cleaning/Sanitation
DT00002494,WO00003361,P03,P03_L02,M032,C,2026-05-19 22:24:00,2026-05-19 23:34:00,70,Unplanned,Quality Hold
DT00002495,WO00003363,P03,P03_L03,M033,B,2026-05-19 14:43:00,2026-05-19 15:27:00,44,Planned,Changeover
DT00002496,WO00003365,P01,P01_L01,M002,A,2026-05-20 06:39:00,2026-05-20 07:16:00,37,Unplanned,Material Starvation
DT00002497,WO00003369,P01,P01_L02,M008,B,2026-05-20 14:18:00,2026-05-20 14:47:00,29,Planned,Changeover
DT00002498,WO00003369,P01,P01_L02,M008,B,2026-05-20 14:52:00,2026-05-20 16:01:00,69,Unplanned,Operator Adjustment
DT00002499,WO00003371,P01,P01_L03,M011,A,2026-05-20 06:16:00,2026-05-20 06:39:00,23,Planned,Changeover
DT00002500,WO00003373,P01,P01_L03,M012,C,2026-05-20 22:20:00,2026-05-20 22:41:00,21,Unplanned,Electrical Fault
DT00002501,WO00003374,P02,P02_L01,M014,A,2026-05-20 06:22:00,2026-05-20 06:48:00,26,Planned,Preventive Maintenance
DT00002502,WO00003375,P02,P02_L01,M015,B,2026-05-20 14:12:00,2026-05-20 14:33:00,21,Planned,Planned Inspection
DT00002503,WO00003376,P02,P02_L01,M015,C,2026-05-20 22:31:00,2026-05-20 22:59:00,28,Unplanned,Electrical Fault
DT00002504,WO00003382,P02,P02_L03,M022,C,2026-05-20 22:19:00,2026-05-20 22:56:00,37,Planned,Changeover
DT00002505,WO00003383,P03,P03_L01,M027,A,2026-05-20 06:39:00,2026-05-20 07:05:00,26,Planned,Changeover
DT00002506,WO00003383,P03,P03_L01,M027,A,2026-05-20 07:10:00,2026-05-20 07:20:00,10,Unplanned,Mechanical Failure
DT00002507,WO00003385,P03,P03_L01,M028,C,2026-05-20 22:19:00,2026-05-20 22:31:00,12,Unplanned,Mechanical Failure
DT00002508,WO00003386,P03,P03_L02,M030,A,2026-05-20 06:35:00,2026-05-20 07:08:00,33,Unplanned,Quality Hold
DT00002509,WO00003388,P03,P03_L02,M032,C,2026-05-20 22:16:00,2026-05-20 22:42:00,26,Planned,Changeover
DT00002510,WO00003390,P03,P03_L03,M035,B,2026-05-20 14:47:00,2026-05-20 15:21:00,34,Unplanned,Operator Adjustment
DT00002511,WO00003392,P01,P01_L01,M002,A,2026-05-21 06:38:00,2026-05-21 06:53:00,15,Planned,Preventive Maintenance
DT00002512,WO00003393,P01,P01_L01,M002,B,2026-05-21 14:39:00,2026-05-21 14:44:00,5,Unplanned,Mechanical Failure
DT00002513,WO00003394,P01,P01_L01,M004,C,2026-05-21 22:26:00,2026-05-21 22:53:00,27,Planned,Preventive Maintenance
DT00002514,WO00003395,P01,P01_L02,M008,A,2026-05-21 06:35:00,2026-05-21 06:52:00,17,Planned,Preventive Maintenance
DT00002515,WO00003396,P01,P01_L02,M008,B,2026-05-21 14:22:00,2026-05-21 14:45:00,23,Planned,Planned Inspection
DT00002516,WO00003399,P01,P01_L03,M012,B,2026-05-21 14:22:00,2026-05-21 15:00:00,38,Planned,Changeover
DT00002517,WO00003403,P02,P02_L01,M016,C,2026-05-21 22:14:00,2026-05-21 22:29:00,15,Unplanned,Operator Adjustment
DT00002518,WO00003404,P02,P02_L02,M019,A,2026-05-21 06:44:00,2026-05-21 07:28:00,44,Unplanned,Sensor/Controls Fault
DT00002519,WO00003405,P02,P02_L02,M018,B,2026-05-21 14:35:00,2026-05-21 14:54:00,19,Planned,Changeover
DT00002520,WO00003407,P02,P02_L03,M023,A,2026-05-21 06:36:00,2026-05-21 07:07:00,31,Planned,Changeover
DT00002521,WO00003409,P02,P02_L03,M021,C,2026-05-21 22:41:00,2026-05-21 23:03:00,22,Planned,Preventive Maintenance
DT00002522,WO00003410,P03,P03_L01,M026,A,2026-05-21 06:48:00,2026-05-21 07:36:00,48,Unplanned,Utility Interruption
DT00002523,WO00003411,P03,P03_L01,M025,B,2026-05-21 14:16:00,2026-05-21 14:49:00,33,Planned,Preventive Maintenance
DT00002524,WO00003412,P03,P03_L01,M027,C,2026-05-21 22:43:00,2026-05-21 23:32:00,49,Unplanned,Quality Hold
DT00002525,WO00003413,P03,P03_L02,M029,A,2026-05-21 06:26:00,2026-05-21 07:15:00,49,Planned,Cleaning/Sanitation
DT00002526,WO00003414,P03,P03_L02,M032,B,2026-05-21 14:17:00,2026-05-21 14:43:00,26,Planned,Preventive Maintenance
DT00002527,WO00003414,P03,P03_L02,M031,B,2026-05-21 14:48:00,2026-05-21 15:12:00,24,Unplanned,Quality Hold
DT00002528,WO00003416,P03,P03_L03,M033,A,2026-05-21 06:47:00,2026-05-21 07:13:00,26,Planned,Cleaning/Sanitation
DT00002529,WO00003417,P03,P03_L03,M033,B,2026-05-21 14:18:00,2026-05-21 14:34:00,16,Planned,Preventive Maintenance
DT00002530,WO00003418,P03,P03_L03,M034,C,2026-05-21 22:24:00,2026-05-21 22:35:00,11,Unplanned,Material Starvation
DT00002531,WO00003419,P01,P01_L01,M001,A,2026-05-22 06:38:00,2026-05-22 07:31:00,53,Planned,Changeover
DT00002532,WO00003419,P01,P01_L01,M001,A,2026-05-22 07:36:00,2026-05-22 07:43:00,7,Unplanned,Electrical Fault
DT00002533,WO00003420,P01,P01_L01,M003,B,2026-05-22 14:39:00,2026-05-22 15:04:00,25,Planned,Changeover
DT00002534,WO00003423,P01,P01_L02,M006,B,2026-05-22 14:11:00,2026-05-22 15:09:00,58,Unplanned,Material Starvation
DT00002535,WO00003431,P02,P02_L02,M020,A,2026-05-22 06:46:00,2026-05-22 06:59:00,13,Unplanned,Electrical Fault
DT00002536,WO00003432,P02,P02_L02,M020,B,2026-05-22 14:27:00,2026-05-22 14:35:00,8,Unplanned,Mechanical Failure
DT00002537,WO00003435,P02,P02_L03,M021,B,2026-05-22 14:23:00,2026-05-22 14:43:00,20,Planned,Preventive Maintenance
DT00002538,WO00003437,P03,P03_L01,M025,A,2026-05-22 06:44:00,2026-05-22 07:43:00,59,Planned,Changeover
DT00002539,WO00003438,P03,P03_L01,M028,B,2026-05-22 14:48:00,2026-05-22 15:18:00,30,Planned,Changeover
DT00002540,WO00003441,P03,P03_L02,M030,B,2026-05-22 14:13:00,2026-05-22 14:33:00,20,Unplanned,Sensor/Controls Fault
DT00002541,WO00003444,P03,P03_L03,M035,B,2026-05-22 14:28:00,2026-05-22 14:59:00,31,Planned,Preventive Maintenance
DT00002542,WO00003445,P03,P03_L03,M036,C,2026-05-22 22:20:00,2026-05-22 23:08:00,48,Planned,Planned Inspection
DT00002543,WO00003447,P01,P01_L02,M006,A,2026-05-23 06:16:00,2026-05-23 06:56:00,40,Planned,Changeover
DT00002544,WO00003449,P01,P01_L02,M008,C,2026-05-23 22:13:00,2026-05-23 22:34:00,21,Unplanned,Mechanical Failure
DT00002545,WO00003449,P01,P01_L02,M008,C,2026-05-23 22:37:00,2026-05-23 22:50:00,13,Unplanned,Utility Interruption
DT00002546,WO00003450,P01,P01_L03,M009,A,2026-05-23 06:15:00,2026-05-23 06:42:00,27,Planned,Preventive Maintenance
DT00002547,WO00003450,P01,P01_L03,M011,A,2026-05-23 06:47:00,2026-05-23 06:59:00,12,Unplanned,Sensor/Controls Fault
DT00002548,WO00003450,P01,P01_L03,M010,A,2026-05-23 07:02:00,2026-05-23 07:13:00,11,Unplanned,Electrical Fault
DT00002549,WO00003451,P01,P01_L03,M009,B,2026-05-23 14:41:00,2026-05-23 15:17:00,36,Planned,Preventive Maintenance
DT00002550,WO00003451,P01,P01_L03,M010,B,2026-05-23 15:22:00,2026-05-23 15:35:00,13,Unplanned,Electrical Fault
DT00002551,WO00003452,P01,P01_L03,M011,C,2026-05-23 22:32:00,2026-05-23 23:03:00,31,Planned,Preventive Maintenance
DT00002552,WO00003455,P02,P02_L03,M024,A,2026-05-23 06:16:00,2026-05-23 06:48:00,32,Planned,Cleaning/Sanitation
DT00002553,WO00003456,P02,P02_L03,M022,B,2026-05-23 14:45:00,2026-05-23 15:06:00,21,Unplanned,Material Starvation
DT00002554,WO00003458,P03,P03_L01,M025,A,2026-05-23 06:20:00,2026-05-23 06:50:00,30,Planned,Cleaning/Sanitation
DT00002555,WO00003459,P03,P03_L02,M030,A,2026-05-23 06:42:00,2026-05-23 07:31:00,49,Unplanned,Electrical Fault
DT00002556,WO00003466,P01,P01_L03,M010,C,2026-05-24 22:29:00,2026-05-24 23:00:00,31,Planned,Planned Inspection
DT00002557,WO00003467,P02,P02_L01,M016,A,2026-05-24 06:24:00,2026-05-24 06:54:00,30,Planned,Changeover
DT00002558,WO00003467,P02,P02_L01,M015,A,2026-05-24 06:59:00,2026-05-24 07:16:00,17,Unplanned,Material Starvation
DT00002559,WO00003467,P02,P02_L01,M014,A,2026-05-24 07:19:00,2026-05-24 08:01:00,42,Unplanned,Mechanical Failure
DT00002560,WO00003467,P02,P02_L01,M015,A,2026-05-24 08:04:00,2026-05-24 08:18:00,14,Unplanned,Quality Hold
DT00002561,WO00003468,P02,P02_L01,M016,B,2026-05-24 14:25:00,2026-05-24 15:25:00,60,Planned,Preventive Maintenance
DT00002562,WO00003468,P02,P02_L01,M013,B,2026-05-24 15:30:00,2026-05-24 15:55:00,25,Unplanned,Material Starvation
DT00002563,WO00003470,P02,P02_L02,M020,B,2026-05-24 14:30:00,2026-05-24 14:50:00,20,Planned,Preventive Maintenance
DT00002564,WO00003470,P02,P02_L02,M020,B,2026-05-24 14:55:00,2026-05-24 15:31:00,36,Unplanned,Utility Interruption
DT00002565,WO00003470,P02,P02_L02,M017,B,2026-05-24 15:34:00,2026-05-24 15:50:00,16,Unplanned,Operator Adjustment
DT00002566,WO00003471,P02,P02_L03,M021,A,2026-05-24 06:25:00,2026-05-24 06:42:00,17,Planned,Preventive Maintenance
DT00002567,WO00003472,P02,P02_L03,M024,C,2026-05-24 22:12:00,2026-05-24 22:30:00,18,Planned,Preventive Maintenance
DT00002568,WO00003474,P03,P03_L01,M027,B,2026-05-24 14:32:00,2026-05-24 15:20:00,48,Planned,Planned Inspection
DT00002569,WO00003478,P03,P03_L03,M035,B,2026-05-24 14:21:00,2026-05-24 14:55:00,34,Planned,Planned Inspection
DT00002570,WO00003478,P03,P03_L03,M036,B,2026-05-24 15:00:00,2026-05-24 15:09:00,9,Unplanned,Quality Hold
DT00002571,WO00003478,P03,P03_L03,M034,B,2026-05-24 15:12:00,2026-05-24 15:53:00,41,Unplanned,Electrical Fault
DT00002572,WO00003479,P03,P03_L03,M034,C,2026-05-24 22:42:00,2026-05-24 23:12:00,30,Planned,Changeover
DT00002573,WO00003481,P01,P01_L01,M001,B,2026-05-25 14:45:00,2026-05-25 15:10:00,25,Planned,Cleaning/Sanitation
DT00002574,WO00003488,P01,P01_L03,M012,C,2026-05-25 22:32:00,2026-05-25 23:25:00,53,Unplanned,Operator Adjustment
DT00002575,WO00003492,P02,P02_L02,M020,A,2026-05-25 06:29:00,2026-05-25 06:42:00,13,Unplanned,Material Starvation
DT00002576,WO00003494,P02,P02_L02,M017,C,2026-05-25 22:15:00,2026-05-25 22:23:00,8,Unplanned,Operator Adjustment
DT00002577,WO00003497,P02,P02_L03,M024,C,2026-05-25 22:14:00,2026-05-25 22:19:00,5,Unplanned,Operator Adjustment
DT00002578,WO00003497,P02,P02_L03,M022,C,2026-05-25 22:22:00,2026-05-25 22:37:00,15,Unplanned,Mechanical Failure
DT00002579,WO00003497,P02,P02_L03,M024,C,2026-05-25 22:40:00,2026-05-25 22:55:00,15,Unplanned,Utility Interruption
DT00002580,WO00003498,P03,P03_L01,M026,A,2026-05-25 06:21:00,2026-05-25 06:55:00,34,Planned,Changeover
DT00002581,WO00003501,P03,P03_L02,M032,A,2026-05-25 06:24:00,2026-05-25 06:47:00,23,Planned,Preventive Maintenance
DT00002582,WO00003502,P03,P03_L02,M032,B,2026-05-25 14:49:00,2026-05-25 15:06:00,17,Planned,Cleaning/Sanitation
DT00002583,WO00003503,P03,P03_L02,M030,C,2026-05-25 22:14:00,2026-05-25 22:37:00,23,Planned,Cleaning/Sanitation
DT00002584,WO00003504,P03,P03_L03,M035,A,2026-05-25 06:24:00,2026-05-25 07:13:00,49,Unplanned,Operator Adjustment
DT00002585,WO00003506,P03,P03_L03,M033,C,2026-05-25 22:39:00,2026-05-25 23:09:00,30,Planned,Preventive Maintenance
DT00002586,WO00003506,P03,P03_L03,M035,C,2026-05-25 23:14:00,2026-05-25 23:39:00,25,Unplanned,Mechanical Failure
DT00002587,WO00003508,P01,P01_L01,M001,B,2026-05-26 14:29:00,2026-05-26 14:37:00,8,Unplanned,Mechanical Failure
DT00002588,WO00003508,P01,P01_L01,M004,B,2026-05-26 14:40:00,2026-05-26 14:44:00,4,Unplanned,Mechanical Failure
DT00002589,WO00003510,P01,P01_L02,M006,A,2026-05-26 06:30:00,2026-05-26 07:00:00,30,Planned,Preventive Maintenance
DT00002590,WO00003510,P01,P01_L02,M008,A,2026-05-26 07:05:00,2026-05-26 07:20:00,15,Unplanned,Material Starvation
DT00002591,WO00003511,P01,P01_L02,M005,B,2026-05-26 14:29:00,2026-05-26 14:59:00,30,Unplanned,Quality Hold
DT00002592,WO00003513,P01,P01_L03,M012,A,2026-05-26 06:26:00,2026-05-26 06:46:00,20,Planned,Changeover
DT00002593,WO00003517,P02,P02_L01,M016,B,2026-05-26 14:41:00,2026-05-26 15:12:00,31,Planned,Cleaning/Sanitation
DT00002594,WO00003518,P02,P02_L01,M013,C,2026-05-26 22:28:00,2026-05-26 22:52:00,24,Planned,Preventive Maintenance
DT00002595,WO00003519,P02,P02_L02,M018,A,2026-05-26 06:30:00,2026-05-26 06:51:00,21,Unplanned,Electrical Fault
DT00002596,WO00003520,P02,P02_L02,M017,B,2026-05-26 14:18:00,2026-05-26 14:45:00,27,Planned,Cleaning/Sanitation
DT00002597,WO00003522,P02,P02_L03,M021,A,2026-05-26 06:25:00,2026-05-26 07:21:00,56,Planned,Cleaning/Sanitation
DT00002598,WO00003522,P02,P02_L03,M022,A,2026-05-26 07:26:00,2026-05-26 07:46:00,20,Unplanned,Utility Interruption
DT00002599,WO00003525,P03,P03_L01,M026,A,2026-05-26 06:43:00,2026-05-26 07:22:00,39,Planned,Planned Inspection
DT00002600,WO00003528,P03,P03_L02,M029,A,2026-05-26 06:25:00,2026-05-26 06:53:00,28,Planned,Changeover
DT00002601,WO00003535,P01,P01_L01,M004,B,2026-05-27 14:15:00,2026-05-27 14:37:00,22,Planned,Changeover
DT00002602,WO00003536,P01,P01_L01,M003,C,2026-05-27 22:16:00,2026-05-27 22:34:00,18,Planned,Preventive Maintenance
DT00002603,WO00003540,P01,P01_L03,M010,A,2026-05-27 06:19:00,2026-05-27 06:58:00,39,Planned,Preventive Maintenance
DT00002604,WO00003541,P01,P01_L03,M012,B,2026-05-27 14:41:00,2026-05-27 15:02:00,21,Unplanned,Mechanical Failure
DT00002605,WO00003542,P01,P01_L03,M012,C,2026-05-27 22:33:00,2026-05-27 23:12:00,39,Planned,Changeover
DT00002606,WO00003545,P02,P02_L01,M015,C,2026-05-27 22:30:00,2026-05-27 23:11:00,41,Planned,Changeover
DT00002607,WO00003546,P02,P02_L02,M018,A,2026-05-27 06:21:00,2026-05-27 07:00:00,39,Planned,Preventive Maintenance
DT00002608,WO00003547,P02,P02_L02,M018,B,2026-05-27 14:33:00,2026-05-27 15:18:00,45,Unplanned,Utility Interruption
DT00002609,WO00003548,P02,P02_L02,M019,C,2026-05-27 22:21:00,2026-05-27 22:53:00,32,Planned,Cleaning/Sanitation
DT00002610,WO00003549,P02,P02_L03,M023,A,2026-05-27 06:46:00,2026-05-27 06:57:00,11,Unplanned,Material Starvation
DT00002611,WO00003550,P02,P02_L03,M024,B,2026-05-27 14:24:00,2026-05-27 14:38:00,14,Unplanned,Electrical Fault
DT00002612,WO00003551,P02,P02_L03,M023,C,2026-05-27 22:37:00,2026-05-27 23:05:00,28,Planned,Preventive Maintenance
DT00002613,WO00003554,P03,P03_L01,M026,C,2026-05-27 22:49:00,2026-05-27 23:24:00,35,Planned,Changeover
DT00002614,WO00003554,P03,P03_L01,M028,C,2026-05-27 23:29:00,2026-05-27 23:48:00,19,Unplanned,Mechanical Failure
DT00002615,WO00003555,P03,P03_L02,M030,A,2026-05-27 06:11:00,2026-05-27 06:38:00,27,Planned,Cleaning/Sanitation
DT00002616,WO00003555,P03,P03_L02,M029,A,2026-05-27 06:43:00,2026-05-27 07:23:00,40,Unplanned,Operator Adjustment
DT00002617,WO00003555,P03,P03_L02,M031,A,2026-05-27 07:26:00,2026-05-27 07:38:00,12,Unplanned,Material Starvation
DT00002618,WO00003556,P03,P03_L02,M031,B,2026-05-27 14:42:00,2026-05-27 14:55:00,13,Unplanned,Mechanical Failure
DT00002619,WO00003557,P03,P03_L02,M030,C,2026-05-27 22:21:00,2026-05-27 22:56:00,35,Planned,Changeover
DT00002620,WO00003559,P03,P03_L03,M034,B,2026-05-27 14:35:00,2026-05-27 15:15:00,40,Planned,Changeover
DT00002621,WO00003561,P01,P01_L01,M003,A,2026-05-28 06:15:00,2026-05-28 06:55:00,40,Unplanned,Mechanical Failure
DT00002622,WO00003561,P01,P01_L01,M003,A,2026-05-28 06:58:00,2026-05-28 07:20:00,22,Unplanned,Electrical Fault
DT00002623,WO00003563,P01,P01_L01,M001,C,2026-05-28 22:29:00,2026-05-28 23:02:00,33,Planned,Changeover
DT00002624,WO00003564,P01,P01_L02,M005,A,2026-05-28 06:34:00,2026-05-28 08:14:00,100,Unplanned,Electrical Fault
DT00002625,WO00003565,P01,P01_L02,M006,B,2026-05-28 14:36:00,2026-05-28 15:07:00,31,Unplanned,Electrical Fault
DT00002626,WO00003567,P01,P01_L03,M009,A,2026-05-28 06:13:00,2026-05-28 06:30:00,17,Unplanned,Operator Adjustment
DT00002627,WO00003570,P02,P02_L01,M014,A,2026-05-28 06:22:00,2026-05-28 06:43:00,21,Planned,Changeover
DT00002628,WO00003570,P02,P02_L01,M013,A,2026-05-28 06:48:00,2026-05-28 06:56:00,8,Unplanned,Sensor/Controls Fault
DT00002629,WO00003570,P02,P02_L01,M014,A,2026-05-28 06:59:00,2026-05-28 07:13:00,14,Unplanned,Operator Adjustment
DT00002630,WO00003570,P02,P02_L01,M016,A,2026-05-28 07:16:00,2026-05-28 08:10:00,54,Unplanned,Material Starvation
DT00002631,WO00003573,P02,P02_L02,M018,A,2026-05-28 06:21:00,2026-05-28 06:53:00,32,Planned,Cleaning/Sanitation
DT00002632,WO00003574,P02,P02_L02,M019,B,2026-05-28 14:12:00,2026-05-28 14:22:00,10,Unplanned,Quality Hold
DT00002633,WO00003575,P02,P02_L02,M019,C,2026-05-28 22:45:00,2026-05-28 23:04:00,19,Planned,Preventive Maintenance
DT00002634,WO00003577,P02,P02_L03,M024,B,2026-05-28 14:37:00,2026-05-28 15:07:00,30,Planned,Changeover
DT00002635,WO00003579,P03,P03_L01,M028,A,2026-05-28 06:37:00,2026-05-28 07:28:00,51,Planned,Preventive Maintenance
DT00002636,WO00003580,P03,P03_L01,M028,B,2026-05-28 14:17:00,2026-05-28 14:47:00,30,Planned,Cleaning/Sanitation
DT00002637,WO00003581,P03,P03_L01,M028,C,2026-05-28 22:17:00,2026-05-28 22:58:00,41,Planned,Cleaning/Sanitation
DT00002638,WO00003581,P03,P03_L01,M025,C,2026-05-28 23:03:00,2026-05-28 23:11:00,8,Unplanned,Utility Interruption
DT00002639,WO00003582,P03,P03_L02,M030,A,2026-05-28 06:21:00,2026-05-28 06:48:00,27,Unplanned,Mechanical Failure
DT00002640,WO00003583,P03,P03_L02,M031,B,2026-05-28 14:12:00,2026-05-28 14:49:00,37,Planned,Cleaning/Sanitation
DT00002641,WO00003584,P03,P03_L02,M029,C,2026-05-28 22:12:00,2026-05-28 23:33:00,81,Planned,Changeover
DT00002642,WO00003587,P03,P03_L03,M033,C,2026-05-28 22:20:00,2026-05-28 22:46:00,26,Planned,Preventive Maintenance
DT00002643,WO00003588,P01,P01_L01,M001,A,2026-05-29 06:23:00,2026-05-29 06:49:00,26,Planned,Preventive Maintenance
DT00002644,WO00003588,P01,P01_L01,M002,A,2026-05-29 06:54:00,2026-05-29 07:33:00,39,Unplanned,Operator Adjustment
DT00002645,WO00003590,P01,P01_L01,M004,C,2026-05-29 22:48:00,2026-05-29 23:01:00,13,Planned,Preventive Maintenance
DT00002646,WO00003592,P01,P01_L02,M006,B,2026-05-29 14:18:00,2026-05-29 15:04:00,46,Planned,Cleaning/Sanitation
DT00002647,WO00003593,P01,P01_L02,M006,C,2026-05-29 22:36:00,2026-05-29 23:00:00,24,Planned,Changeover
DT00002648,WO00003593,P01,P01_L02,M008,C,2026-05-29 23:05:00,2026-05-29 23:23:00,18,Unplanned,Sensor/Controls Fault
DT00002649,WO00003595,P01,P01_L03,M009,B,2026-05-29 14:25:00,2026-05-29 15:04:00,39,Planned,Cleaning/Sanitation
DT00002650,WO00003599,P02,P02_L01,M014,C,2026-05-29 22:39:00,2026-05-29 22:51:00,12,Unplanned,Mechanical Failure
DT00002651,WO00003599,P02,P02_L01,M014,C,2026-05-29 22:54:00,2026-05-29 22:58:00,4,Unplanned,Operator Adjustment
DT00002652,WO00003600,P02,P02_L02,M020,A,2026-05-29 06:43:00,2026-05-29 07:09:00,26,Planned,Changeover
DT00002653,WO00003600,P02,P02_L02,M017,A,2026-05-29 07:14:00,2026-05-29 07:29:00,15,Unplanned,Mechanical Failure
DT00002654,WO00003602,P02,P02_L02,M017,C,2026-05-29 22:41:00,2026-05-29 23:23:00,42,Planned,Changeover
DT00002655,WO00003603,P02,P02_L03,M022,A,2026-05-29 06:13:00,2026-05-29 06:18:00,5,Unplanned,Mechanical Failure
DT00002656,WO00003603,P02,P02_L03,M022,A,2026-05-29 06:21:00,2026-05-29 06:31:00,10,Unplanned,Quality Hold
DT00002657,WO00003607,P03,P03_L01,M028,B,2026-05-29 14:29:00,2026-05-29 15:08:00,39,Planned,Planned Inspection
DT00002658,WO00003611,P03,P03_L02,M029,C,2026-05-29 22:34:00,2026-05-29 23:05:00,31,Planned,Planned Inspection
DT00002659,WO00003611,P03,P03_L02,M029,C,2026-05-29 23:10:00,2026-05-29 23:24:00,14,Unplanned,Sensor/Controls Fault
DT00002660,WO00003611,P03,P03_L02,M031,C,2026-05-29 23:27:00,2026-05-29 23:47:00,20,Unplanned,Operator Adjustment
DT00002661,WO00003614,P03,P03_L03,M033,C,2026-05-29 22:33:00,2026-05-29 23:50:00,77,Planned,Preventive Maintenance
DT00002662,WO00003614,P03,P03_L03,M033,C,2026-05-29 23:55:00,2026-05-30 00:35:00,40,Unplanned,Mechanical Failure
DT00002663,WO00003615,P01,P01_L01,M004,A,2026-05-30 06:12:00,2026-05-30 06:31:00,19,Planned,Preventive Maintenance
DT00002664,WO00003616,P01,P01_L01,M002,C,2026-05-30 22:32:00,2026-05-30 23:01:00,29,Planned,Cleaning/Sanitation
DT00002665,WO00003617,P01,P01_L02,M005,A,2026-05-30 06:18:00,2026-05-30 06:55:00,37,Planned,Preventive Maintenance
DT00002666,WO00003618,P01,P01_L02,M008,B,2026-05-30 14:19:00,2026-05-30 14:59:00,40,Planned,Changeover
DT00002667,WO00003620,P01,P01_L03,M010,A,2026-05-30 06:46:00,2026-05-30 07:16:00,30,Planned,Changeover
DT00002668,WO00003621,P01,P01_L03,M010,C,2026-05-30 22:33:00,2026-05-30 22:56:00,23,Planned,Preventive Maintenance
DT00002669,WO00003622,P02,P02_L01,M015,B,2026-05-30 14:46:00,2026-05-30 15:21:00,35,Planned,Cleaning/Sanitation
DT00002670,WO00003622,P02,P02_L01,M013,B,2026-05-30 15:26:00,2026-05-30 15:55:00,29,Unplanned,Material Starvation
DT00002671,WO00003623,P02,P02_L01,M013,C,2026-05-30 22:26:00,2026-05-30 22:59:00,33,Planned,Preventive Maintenance
DT00002672,WO00003624,P02,P02_L02,M017,B,2026-05-30 14:16:00,2026-05-30 14:30:00,14,Unplanned,Mechanical Failure
DT00002673,WO00003625,P02,P02_L02,M019,C,2026-05-30 22:35:00,2026-05-30 23:02:00,27,Planned,Preventive Maintenance
DT00002674,WO00003626,P02,P02_L03,M024,A,2026-05-30 06:24:00,2026-05-30 06:53:00,29,Planned,Changeover
DT00002675,WO00003626,P02,P02_L03,M021,A,2026-05-30 06:58:00,2026-05-30 07:18:00,20,Unplanned,Material Starvation
DT00002676,WO00003627,P02,P02_L03,M024,C,2026-05-30 22:13:00,2026-05-30 22:43:00,30,Planned,Preventive Maintenance
DT00002677,WO00003628,P03,P03_L01,M025,B,2026-05-30 14:32:00,2026-05-30 15:24:00,52,Planned,Changeover
DT00002678,WO00003629,P03,P03_L02,M029,A,2026-05-30 06:36:00,2026-05-30 06:55:00,19,Planned,Cleaning/Sanitation
DT00002679,WO00003630,P03,P03_L02,M029,B,2026-05-30 14:37:00,2026-05-30 15:47:00,70,Planned,Changeover
DT00002680,WO00003630,P03,P03_L02,M031,B,2026-05-30 15:52:00,2026-05-30 17:01:00,69,Unplanned,Electrical Fault
DT00002681,WO00003634,P01,P01_L02,M007,B,2026-05-31 14:40:00,2026-05-31 15:47:00,67,Planned,Planned Inspection
DT00002682,WO00003634,P01,P01_L02,M006,B,2026-05-31 15:52:00,2026-05-31 16:03:00,11,Unplanned,Quality Hold
DT00002683,WO00003635,P01,P01_L02,M008,C,2026-05-31 22:44:00,2026-05-31 22:48:00,4,Unplanned,Material Starvation
DT00002684,WO00003635,P01,P01_L02,M008,C,2026-05-31 22:51:00,2026-06-01 00:01:00,70,Unplanned,Quality Hold
DT00002685,WO00003636,P01,P01_L03,M011,A,2026-05-31 06:24:00,2026-05-31 06:41:00,17,Planned,Changeover
DT00002686,WO00003637,P01,P01_L03,M011,B,2026-05-31 14:43:00,2026-05-31 15:54:00,71,Planned,Cleaning/Sanitation
DT00002687,WO00003638,P02,P02_L01,M015,B,2026-05-31 14:45:00,2026-05-31 15:56:00,71,Planned,Changeover
DT00002688,WO00003642,P02,P02_L03,M022,B,2026-05-31 14:35:00,2026-05-31 15:25:00,50,Planned,Preventive Maintenance
DT00002689,WO00003643,P02,P02_L03,M023,C,2026-05-31 22:49:00,2026-05-31 23:35:00,46,Planned,Changeover
DT00002690,WO00003643,P02,P02_L03,M023,C,2026-05-31 23:40:00,2026-06-01 00:02:00,22,Unplanned,Quality Hold
DT00002691,WO00003644,P03,P03_L01,M025,B,2026-05-31 14:41:00,2026-05-31 15:31:00,50,Planned,Preventive Maintenance
DT00002692,WO00003645,P03,P03_L01,M027,C,2026-05-31 22:49:00,2026-05-31 23:20:00,31,Planned,Preventive Maintenance
DT00002693,WO00003646,P03,P03_L02,M030,B,2026-05-31 14:41:00,2026-05-31 14:55:00,14,Unplanned,Utility Interruption
DT00002694,WO00003652,P01,P01_L02,M005,B,2026-06-01 14:24:00,2026-06-01 15:19:00,55,Unplanned,Operator Adjustment
DT00002695,WO00003654,P01,P01_L03,M011,A,2026-06-01 06:19:00,2026-06-01 06:45:00,26,Planned,Cleaning/Sanitation
DT00002696,WO00003655,P01,P01_L03,M011,B,2026-06-01 14:35:00,2026-06-01 14:42:00,7,Unplanned,Operator Adjustment
DT00002697,WO00003657,P02,P02_L01,M014,A,2026-06-01 06:20:00,2026-06-01 06:35:00,15,Planned,Changeover
DT00002698,WO00003658,P02,P02_L01,M013,B,2026-06-01 14:41:00,2026-06-01 15:05:00,24,Unplanned,Mechanical Failure
DT00002699,WO00003659,P02,P02_L01,M014,C,2026-06-01 22:20:00,2026-06-01 22:59:00,39,Planned,Preventive Maintenance
DT00002700,WO00003660,P02,P02_L02,M020,A,2026-06-01 06:18:00,2026-06-01 07:18:00,60,Planned,Cleaning/Sanitation
DT00002701,WO00003661,P02,P02_L02,M020,B,2026-06-01 14:36:00,2026-06-01 14:56:00,20,Planned,Cleaning/Sanitation
DT00002702,WO00003664,P02,P02_L03,M022,B,2026-06-01 14:16:00,2026-06-01 14:35:00,19,Planned,Cleaning/Sanitation
DT00002703,WO00003664,P02,P02_L03,M023,B,2026-06-01 14:40:00,2026-06-01 15:39:00,59,Unplanned,Mechanical Failure
DT00002704,WO00003665,P02,P02_L03,M024,C,2026-06-01 22:15:00,2026-06-01 22:32:00,17,Planned,Preventive Maintenance
DT00002705,WO00003665,P02,P02_L03,M024,C,2026-06-01 22:37:00,2026-06-01 22:51:00,14,Unplanned,Material Starvation
DT00002706,WO00003666,P03,P03_L01,M027,A,2026-06-01 06:44:00,2026-06-01 07:12:00,28,Planned,Preventive Maintenance
DT00002707,WO00003668,P03,P03_L01,M026,C,2026-06-01 22:20:00,2026-06-01 23:13:00,53,Planned,Changeover
DT00002708,WO00003669,P03,P03_L02,M029,A,2026-06-01 06:38:00,2026-06-01 07:01:00,23,Unplanned,Utility Interruption
DT00002709,WO00003669,P03,P03_L02,M031,A,2026-06-01 07:04:00,2026-06-01 07:55:00,51,Unplanned,Utility Interruption
DT00002710,WO00003670,P03,P03_L02,M031,B,2026-06-01 14:34:00,2026-06-01 15:05:00,31,Planned,Preventive Maintenance
DT00002711,WO00003671,P03,P03_L02,M032,C,2026-06-01 22:22:00,2026-06-01 23:05:00,43,Planned,Preventive Maintenance
DT00002712,WO00003672,P03,P03_L03,M035,A,2026-06-01 06:38:00,2026-06-01 07:17:00,39,Unplanned,Electrical Fault
DT00002713,WO00003673,P03,P03_L03,M036,B,2026-06-01 14:25:00,2026-06-01 14:52:00,27,Planned,Preventive Maintenance
DT00002714,WO00003673,P03,P03_L03,M036,B,2026-06-01 14:57:00,2026-06-01 15:49:00,52,Unplanned,Mechanical Failure
DT00002715,WO00003676,P01,P01_L01,M001,B,2026-06-02 14:44:00,2026-06-02 15:21:00,37,Planned,Preventive Maintenance
DT00002716,WO00003676,P01,P01_L01,M001,B,2026-06-02 15:26:00,2026-06-02 15:34:00,8,Unplanned,Operator Adjustment
DT00002717,WO00003678,P01,P01_L02,M007,A,2026-06-02 06:18:00,2026-06-02 06:39:00,21,Unplanned,Mechanical Failure
DT00002718,WO00003678,P01,P01_L02,M006,A,2026-06-02 06:42:00,2026-06-02 08:10:00,88,Unplanned,Quality Hold
DT00002719,WO00003679,P01,P01_L02,M005,B,2026-06-02 14:29:00,2026-06-02 14:49:00,20,Planned,Preventive Maintenance
DT00002720,WO00003680,P01,P01_L02,M005,C,2026-06-02 22:18:00,2026-06-02 22:55:00,37,Planned,Preventive Maintenance
DT00002721,WO00003683,P01,P01_L03,M009,C,2026-06-02 22:17:00,2026-06-02 22:45:00,28,Unplanned,Material Starvation
DT00002722,WO00003684,P02,P02_L01,M013,A,2026-06-02 06:35:00,2026-06-02 07:31:00,56,Planned,Preventive Maintenance
DT00002723,WO00003684,P02,P02_L01,M014,A,2026-06-02 07:36:00,2026-06-02 08:01:00,25,Unplanned,Electrical Fault
DT00002724,WO00003685,P02,P02_L01,M014,B,2026-06-02 14:22:00,2026-06-02 15:38:00,76,Planned,Cleaning/Sanitation
DT00002725,WO00003687,P02,P02_L02,M020,A,2026-06-02 06:32:00,2026-06-02 07:05:00,33,Planned,Preventive Maintenance
DT00002726,WO00003688,P02,P02_L02,M017,B,2026-06-02 14:39:00,2026-06-02 15:16:00,37,Planned,Cleaning/Sanitation
DT00002727,WO00003689,P02,P02_L02,M020,C,2026-06-02 22:37:00,2026-06-02 22:51:00,14,Unplanned,Mechanical Failure
DT00002728,WO00003690,P02,P02_L03,M022,A,2026-06-02 06:37:00,2026-06-02 06:56:00,19,Planned,Cleaning/Sanitation
DT00002729,WO00003690,P02,P02_L03,M024,A,2026-06-02 07:01:00,2026-06-02 07:11:00,10,Unplanned,Electrical Fault
DT00002730,WO00003691,P02,P02_L03,M022,B,2026-06-02 14:34:00,2026-06-02 15:07:00,33,Planned,Cleaning/Sanitation
DT00002731,WO00003692,P02,P02_L03,M022,C,2026-06-02 22:42:00,2026-06-02 23:01:00,19,Unplanned,Mechanical Failure
DT00002732,WO00003694,P03,P03_L01,M026,B,2026-06-02 14:33:00,2026-06-02 15:45:00,72,Planned,Changeover
DT00002733,WO00003694,P03,P03_L01,M027,B,2026-06-02 15:50:00,2026-06-02 16:24:00,34,Unplanned,Electrical Fault
DT00002734,WO00003695,P03,P03_L01,M026,C,2026-06-02 22:44:00,2026-06-02 23:06:00,22,Planned,Cleaning/Sanitation
DT00002735,WO00003695,P03,P03_L01,M028,C,2026-06-02 23:11:00,2026-06-02 23:43:00,32,Unplanned,Material Starvation
DT00002736,WO00003695,P03,P03_L01,M027,C,2026-06-02 23:46:00,2026-06-03 00:18:00,32,Unplanned,Mechanical Failure
DT00002737,WO00003699,P03,P03_L03,M033,A,2026-06-02 06:49:00,2026-06-02 07:15:00,26,Planned,Preventive Maintenance
DT00002738,WO00003703,P01,P01_L01,M003,B,2026-06-03 14:28:00,2026-06-03 14:58:00,30,Planned,Cleaning/Sanitation
DT00002739,WO00003704,P01,P01_L01,M004,C,2026-06-03 22:28:00,2026-06-03 22:35:00,7,Unplanned,Material Starvation
DT00002740,WO00003704,P01,P01_L01,M001,C,2026-06-03 22:38:00,2026-06-03 23:12:00,34,Unplanned,Utility Interruption
DT00002741,WO00003705,P01,P01_L02,M008,A,2026-06-03 06:11:00,2026-06-03 06:43:00,32,Planned,Preventive Maintenance
DT00002742,WO00003706,P01,P01_L02,M006,B,2026-06-03 14:21:00,2026-06-03 14:49:00,28,Planned,Preventive Maintenance
DT00002743,WO00003708,P01,P01_L03,M011,A,2026-06-03 06:33:00,2026-06-03 07:08:00,35,Planned,Preventive Maintenance
DT00002744,WO00003709,P01,P01_L03,M012,B,2026-06-03 14:45:00,2026-06-03 15:34:00,49,Planned,Changeover
DT00002745,WO00003710,P01,P01_L03,M010,C,2026-06-03 22:49:00,2026-06-03 23:14:00,25,Planned,Preventive Maintenance
DT00002746,WO00003714,P02,P02_L02,M018,A,2026-06-03 06:32:00,2026-06-03 07:10:00,38,Planned,Cleaning/Sanitation
DT00002747,WO00003715,P02,P02_L02,M018,B,2026-06-03 14:21:00,2026-06-03 15:22:00,61,Planned,Preventive Maintenance
DT00002748,WO00003715,P02,P02_L02,M018,B,2026-06-03 15:27:00,2026-06-03 15:43:00,16,Unplanned,Mechanical Failure
DT00002749,WO00003717,P02,P02_L03,M021,A,2026-06-03 06:45:00,2026-06-03 07:23:00,38,Planned,Cleaning/Sanitation
DT00002750,WO00003718,P02,P02_L03,M024,B,2026-06-03 14:17:00,2026-06-03 14:50:00,33,Planned,Cleaning/Sanitation
DT00002751,WO00003719,P02,P02_L03,M024,C,2026-06-03 22:18:00,2026-06-03 22:39:00,21,Planned,Planned Inspection
DT00002752,WO00003720,P03,P03_L01,M026,A,2026-06-03 06:27:00,2026-06-03 07:04:00,37,Unplanned,Quality Hold
DT00002753,WO00003722,P03,P03_L01,M025,C,2026-06-03 22:17:00,2026-06-03 22:44:00,27,Planned,Changeover
DT00002754,WO00003723,P03,P03_L02,M030,A,2026-06-03 06:12:00,2026-06-03 06:30:00,18,Unplanned,Mechanical Failure
DT00002755,WO00003724,P03,P03_L02,M031,B,2026-06-03 14:20:00,2026-06-03 14:36:00,16,Unplanned,Operator Adjustment
DT00002756,WO00003727,P03,P03_L03,M034,B,2026-06-03 14:13:00,2026-06-03 14:32:00,19,Planned,Preventive Maintenance
DT00002757,WO00003729,P01,P01_L01,M002,A,2026-06-04 06:32:00,2026-06-04 06:53:00,21,Planned,Planned Inspection
DT00002758,WO00003729,P01,P01_L01,M004,A,2026-06-04 06:58:00,2026-06-04 07:21:00,23,Unplanned,Electrical Fault
DT00002759,WO00003730,P01,P01_L01,M004,B,2026-06-04 14:18:00,2026-06-04 14:35:00,17,Unplanned,Mechanical Failure
DT00002760,WO00003733,P01,P01_L02,M006,B,2026-06-04 14:32:00,2026-06-04 14:56:00,24,Unplanned,Electrical Fault
DT00002761,WO00003735,P01,P01_L03,M012,A,2026-06-04 06:15:00,2026-06-04 08:45:00,150,Unplanned,Mechanical Failure
DT00002762,WO00003736,P01,P01_L03,M009,B,2026-06-04 14:19:00,2026-06-04 15:02:00,43,Planned,Cleaning/Sanitation
DT00002763,WO00003738,P02,P02_L01,M013,A,2026-06-04 06:18:00,2026-06-04 06:51:00,33,Planned,Changeover
DT00002764,WO00003740,P02,P02_L01,M013,C,2026-06-04 22:28:00,2026-06-04 23:06:00,38,Planned,Preventive Maintenance
DT00002765,WO00003741,P02,P02_L02,M019,A,2026-06-04 06:18:00,2026-06-04 06:30:00,12,Planned,Changeover
DT00002766,WO00003743,P02,P02_L02,M020,C,2026-06-04 22:46:00,2026-06-04 23:15:00,29,Planned,Changeover
DT00002767,WO00003744,P02,P02_L03,M023,A,2026-06-04 06:10:00,2026-06-04 06:39:00,29,Planned,Preventive Maintenance
DT00002768,WO00003745,P02,P02_L03,M023,B,2026-06-04 14:25:00,2026-06-04 14:52:00,27,Planned,Planned Inspection
DT00002769,WO00003746,P02,P02_L03,M022,C,2026-06-04 22:12:00,2026-06-04 22:45:00,33,Planned,Changeover
DT00002770,WO00003748,P03,P03_L01,M027,B,2026-06-04 14:22:00,2026-06-04 14:37:00,15,Unplanned,Electrical Fault
DT00002771,WO00003752,P03,P03_L02,M031,C,2026-06-04 22:47:00,2026-06-04 23:07:00,20,Unplanned,Operator Adjustment
DT00002772,WO00003753,P03,P03_L03,M036,A,2026-06-04 06:23:00,2026-06-04 06:37:00,14,Planned,Changeover
DT00002773,WO00003754,P03,P03_L03,M035,B,2026-06-04 14:42:00,2026-06-04 15:21:00,39,Planned,Changeover
DT00002774,WO00003756,P01,P01_L01,M004,A,2026-06-05 06:45:00,2026-06-05 06:57:00,12,Unplanned,Mechanical Failure
DT00002775,WO00003757,P01,P01_L01,M002,B,2026-06-05 14:45:00,2026-06-05 15:06:00,21,Planned,Changeover
DT00002776,WO00003761,P01,P01_L02,M005,C,2026-06-05 22:10:00,2026-06-05 22:48:00,38,Planned,Planned Inspection
DT00002777,WO00003763,P01,P01_L03,M012,B,2026-06-05 14:13:00,2026-06-05 14:34:00,21,Unplanned,Sensor/Controls Fault
DT00002778,WO00003765,P02,P02_L01,M016,A,2026-06-05 06:46:00,2026-06-05 07:03:00,17,Planned,Changeover
DT00002779,WO00003766,P02,P02_L01,M013,B,2026-06-05 14:26:00,2026-06-05 15:01:00,35,Planned,Cleaning/Sanitation
DT00002780,WO00003767,P02,P02_L01,M014,C,2026-06-05 22:42:00,2026-06-05 23:15:00,33,Planned,Changeover
DT00002781,WO00003769,P02,P02_L02,M019,B,2026-06-05 14:15:00,2026-06-05 14:25:00,10,Unplanned,Quality Hold
DT00002782,WO00003769,P02,P02_L02,M018,B,2026-06-05 14:28:00,2026-06-05 14:50:00,22,Unplanned,Sensor/Controls Fault
DT00002783,WO00003770,P02,P02_L02,M017,C,2026-06-05 22:26:00,2026-06-05 22:51:00,25,Planned,Cleaning/Sanitation
DT00002784,WO00003770,P02,P02_L02,M019,C,2026-06-05 22:56:00,2026-06-05 23:20:00,24,Unplanned,Utility Interruption
DT00002785,WO00003771,P02,P02_L03,M021,A,2026-06-05 06:41:00,2026-06-05 07:28:00,47,Unplanned,Mechanical Failure
DT00002786,WO00003773,P02,P02_L03,M023,C,2026-06-05 22:45:00,2026-06-05 23:21:00,36,Unplanned,Quality Hold
DT00002787,WO00003773,P02,P02_L03,M022,C,2026-06-05 23:24:00,2026-06-05 23:46:00,22,Unplanned,Electrical Fault
DT00002788,WO00003774,P03,P03_L01,M026,A,2026-06-05 06:37:00,2026-06-05 07:03:00,26,Planned,Preventive Maintenance
DT00002789,WO00003775,P03,P03_L01,M028,B,2026-06-05 14:40:00,2026-06-05 15:03:00,23,Unplanned,Mechanical Failure
DT00002790,WO00003775,P03,P03_L01,M025,B,2026-06-05 15:06:00,2026-06-05 15:19:00,13,Unplanned,Mechanical Failure
DT00002791,WO00003780,P03,P03_L03,M034,A,2026-06-05 06:31:00,2026-06-05 07:21:00,50,Planned,Preventive Maintenance
DT00002792,WO00003781,P03,P03_L03,M034,B,2026-06-05 14:27:00,2026-06-05 14:54:00,27,Planned,Changeover
DT00002793,WO00003782,P03,P03_L03,M035,C,2026-06-05 22:48:00,2026-06-05 23:28:00,40,Planned,Cleaning/Sanitation
DT00002794,WO00003782,P03,P03_L03,M035,C,2026-06-05 23:33:00,2026-06-06 00:15:00,42,Unplanned,Electrical Fault
DT00002795,WO00003783,P01,P01_L01,M002,A,2026-06-06 06:37:00,2026-06-06 06:54:00,17,Planned,Cleaning/Sanitation
DT00002796,WO00003784,P01,P01_L01,M003,C,2026-06-06 22:35:00,2026-06-06 23:11:00,36,Planned,Changeover
DT00002797,WO00003786,P01,P01_L03,M009,A,2026-06-06 06:25:00,2026-06-06 07:40:00,75,Unplanned,Operator Adjustment
DT00002798,WO00003788,P02,P02_L01,M013,A,2026-06-06 06:36:00,2026-06-06 06:55:00,19,Unplanned,Utility Interruption
DT00002799,WO00003790,P02,P02_L01,M015,C,2026-06-06 22:26:00,2026-06-06 23:25:00,59,Planned,Cleaning/Sanitation
DT00002800,WO00003790,P02,P02_L01,M016,C,2026-06-06 23:30:00,2026-06-07 01:12:00,102,Unplanned,Material Starvation
DT00002801,WO00003791,P02,P02_L02,M018,A,2026-06-06 06:16:00,2026-06-06 06:34:00,18,Planned,Changeover
DT00002802,WO00003792,P02,P02_L02,M020,B,2026-06-06 14:45:00,2026-06-06 15:21:00,36,Planned,Changeover
DT00002803,WO00003792,P02,P02_L02,M017,B,2026-06-06 15:26:00,2026-06-06 16:06:00,40,Unplanned,Utility Interruption
DT00002804,WO00003792,P02,P02_L02,M020,B,2026-06-06 16:09:00,2026-06-06 16:33:00,24,Unplanned,Quality Hold
DT00002805,WO00003794,P02,P02_L03,M021,C,2026-06-06 22:34:00,2026-06-06 22:55:00,21,Planned,Cleaning/Sanitation
DT00002806,WO00003796,P03,P03_L01,M027,B,2026-06-06 14:48:00,2026-06-06 15:24:00,36,Planned,Changeover
DT00002807,WO00003796,P03,P03_L01,M028,B,2026-06-06 15:29:00,2026-06-06 16:21:00,52,Unplanned,Utility Interruption
DT00002808,WO00003797,P03,P03_L01,M028,C,2026-06-06 22:41:00,2026-06-06 23:03:00,22,Unplanned,Electrical Fault
DT00002809,WO00003800,P03,P03_L03,M035,A,2026-06-06 06:21:00,2026-06-06 06:28:00,7,Unplanned,Mechanical Failure
DT00002810,WO00003801,P03,P03_L03,M035,B,2026-06-06 14:39:00,2026-06-06 15:12:00,33,Planned,Preventive Maintenance
DT00002811,WO00003801,P03,P03_L03,M036,B,2026-06-06 15:17:00,2026-06-06 15:39:00,22,Unplanned,Electrical Fault
DT00002812,WO00003802,P01,P01_L01,M001,B,2026-06-07 14:10:00,2026-06-07 14:40:00,30,Planned,Changeover
DT00002813,WO00003802,P01,P01_L01,M001,B,2026-06-07 14:45:00,2026-06-07 15:09:00,24,Unplanned,Mechanical Failure
DT00002814,WO00003803,P01,P01_L02,M008,A,2026-06-07 06:28:00,2026-06-07 06:38:00,10,Unplanned,Quality Hold
DT00002815,WO00003806,P01,P01_L03,M010,A,2026-06-07 06:33:00,2026-06-07 07:30:00,57,Unplanned,Mechanical Failure
DT00002816,WO00003808,P02,P02_L01,M016,A,2026-06-07 06:12:00,2026-06-07 06:34:00,22,Unplanned,Sensor/Controls Fault
DT00002817,WO00003809,P02,P02_L01,M016,B,2026-06-07 14:24:00,2026-06-07 14:58:00,34,Planned,Preventive Maintenance
DT00002818,WO00003813,P02,P02_L02,M017,C,2026-06-07 22:25:00,2026-06-07 22:59:00,34,Planned,Preventive Maintenance
DT00002819,WO00003813,P02,P02_L02,M017,C,2026-06-07 23:04:00,2026-06-08 00:02:00,58,Unplanned,Mechanical Failure
DT00002820,WO00003815,P03,P03_L01,M027,A,2026-06-07 06:47:00,2026-06-07 07:06:00,19,Planned,Preventive Maintenance
DT00002821,WO00003817,P03,P03_L02,M032,A,2026-06-07 06:17:00,2026-06-07 06:48:00,31,Unplanned,Electrical Fault
DT00002822,WO00003818,P03,P03_L02,M029,C,2026-06-07 22:38:00,2026-06-07 23:11:00,33,Planned,Cleaning/Sanitation
DT00002823,WO00003819,P03,P03_L03,M033,B,2026-06-07 14:25:00,2026-06-07 14:49:00,24,Unplanned,Mechanical Failure
DT00002824,WO00003819,P03,P03_L03,M035,B,2026-06-07 14:52:00,2026-06-07 15:15:00,23,Unplanned,Mechanical Failure
DT00002825,WO00003820,P01,P01_L01,M001,A,2026-06-08 06:36:00,2026-06-08 07:30:00,54,Planned,Changeover
DT00002826,WO00003821,P01,P01_L01,M002,B,2026-06-08 14:48:00,2026-06-08 15:02:00,14,Planned,Changeover
DT00002827,WO00003823,P01,P01_L02,M006,A,2026-06-08 06:48:00,2026-06-08 07:08:00,20,Planned,Changeover
DT00002828,WO00003825,P01,P01_L02,M008,C,2026-06-08 22:20:00,2026-06-08 23:40:00,80,Unplanned,Quality Hold
DT00002829,WO00003827,P01,P01_L03,M010,B,2026-06-08 14:34:00,2026-06-08 15:06:00,32,Unplanned,Mechanical Failure
DT00002830,WO00003829,P02,P02_L01,M014,A,2026-06-08 06:36:00,2026-06-08 08:05:00,89,Unplanned,Mechanical Failure
DT00002831,WO00003829,P02,P02_L01,M013,A,2026-06-08 08:08:00,2026-06-08 08:26:00,18,Unplanned,Mechanical Failure
DT00002832,WO00003830,P02,P02_L01,M014,B,2026-06-08 14:26:00,2026-06-08 15:01:00,35,Planned,Planned Inspection
DT00002833,WO00003830,P02,P02_L01,M016,B,2026-06-08 15:06:00,2026-06-08 16:17:00,71,Unplanned,Utility Interruption
DT00002834,WO00003831,P02,P02_L01,M016,C,2026-06-08 22:45:00,2026-06-08 23:15:00,30,Planned,Preventive Maintenance
DT00002835,WO00003833,P02,P02_L02,M019,B,2026-06-08 14:38:00,2026-06-08 15:14:00,36,Unplanned,Material Starvation
DT00002836,WO00003834,P02,P02_L02,M019,C,2026-06-08 22:20:00,2026-06-08 22:52:00,32,Planned,Changeover
DT00002837,WO00003836,P02,P02_L03,M022,B,2026-06-08 14:33:00,2026-06-08 14:59:00,26,Planned,Changeover
DT00002838,WO00003836,P02,P02_L03,M022,B,2026-06-08 15:04:00,2026-06-08 15:09:00,5,Unplanned,Mechanical Failure
DT00002839,WO00003837,P02,P02_L03,M022,C,2026-06-08 22:35:00,2026-06-08 22:54:00,19,Unplanned,Quality Hold
DT00002840,WO00003839,P03,P03_L01,M027,B,2026-06-08 14:42:00,2026-06-08 15:03:00,21,Unplanned,Mechanical Failure
DT00002841,WO00003840,P03,P03_L01,M027,C,2026-06-08 22:47:00,2026-06-08 23:13:00,26,Planned,Preventive Maintenance
DT00002842,WO00003841,P03,P03_L02,M031,A,2026-06-08 06:38:00,2026-06-08 07:00:00,22,Planned,Planned Inspection
DT00002843,WO00003841,P03,P03_L02,M031,A,2026-06-08 07:05:00,2026-06-08 07:11:00,6,Unplanned,Material Starvation
DT00002844,WO00003842,P03,P03_L02,M030,B,2026-06-08 14:30:00,2026-06-08 14:50:00,20,Planned,Planned Inspection
DT00002845,WO00003842,P03,P03_L02,M032,B,2026-06-08 14:55:00,2026-06-08 15:02:00,7,Unplanned,Electrical Fault
DT00002846,WO00003842,P03,P03_L02,M030,B,2026-06-08 15:05:00,2026-06-08 15:27:00,22,Unplanned,Operator Adjustment
DT00002847,WO00003843,P03,P03_L02,M031,C,2026-06-08 22:32:00,2026-06-08 23:25:00,53,Unplanned,Utility Interruption
DT00002848,WO00003849,P01,P01_L01,M002,C,2026-06-09 22:35:00,2026-06-09 22:52:00,17,Planned,Changeover
DT00002849,WO00003851,P01,P01_L02,M006,B,2026-06-09 14:47:00,2026-06-09 15:22:00,35,Planned,Changeover
DT00002850,WO00003852,P01,P01_L02,M008,C,2026-06-09 22:42:00,2026-06-09 23:32:00,50,Planned,Changeover
DT00002851,WO00003854,P01,P01_L03,M010,B,2026-06-09 14:41:00,2026-06-09 15:12:00,31,Planned,Cleaning/Sanitation
DT00002852,WO00003855,P01,P01_L03,M011,C,2026-06-09 22:43:00,2026-06-09 23:02:00,19,Planned,Changeover
DT00002853,WO00003856,P02,P02_L01,M013,A,2026-06-09 06:31:00,2026-06-09 07:12:00,41,Planned,Preventive Maintenance
DT00002854,WO00003856,P02,P02_L01,M013,A,2026-06-09 07:17:00,2026-06-09 07:32:00,15,Unplanned,Operator Adjustment
DT00002855,WO00003858,P02,P02_L01,M014,C,2026-06-09 22:15:00,2026-06-09 22:50:00,35,Planned,Cleaning/Sanitation
DT00002856,WO00003858,P02,P02_L01,M014,C,2026-06-09 22:55:00,2026-06-09 23:45:00,50,Unplanned,Operator Adjustment
DT00002857,WO00003859,P02,P02_L02,M017,A,2026-06-09 06:45:00,2026-06-09 07:21:00,36,Planned,Changeover
DT00002858,WO00003859,P02,P02_L02,M020,A,2026-06-09 07:26:00,2026-06-09 08:06:00,40,Unplanned,Electrical Fault
DT00002859,WO00003860,P02,P02_L02,M017,B,2026-06-09 14:15:00,2026-06-09 14:52:00,37,Planned,Changeover
DT00002860,WO00003861,P02,P02_L02,M020,C,2026-06-09 22:18:00,2026-06-09 22:35:00,17,Planned,Preventive Maintenance
DT00002861,WO00003864,P02,P02_L03,M022,C,2026-06-09 22:29:00,2026-06-09 22:45:00,16,Unplanned,Quality Hold
DT00002862,WO00003864,P02,P02_L03,M023,C,2026-06-09 22:48:00,2026-06-09 23:22:00,34,Unplanned,Mechanical Failure
DT00002863,WO00003866,P03,P03_L01,M025,B,2026-06-09 14:48:00,2026-06-09 15:28:00,40,Planned,Preventive Maintenance
DT00002864,WO00003867,P03,P03_L01,M026,C,2026-06-09 22:37:00,2026-06-09 23:08:00,31,Planned,Preventive Maintenance
DT00002865,WO00003868,P03,P03_L02,M030,A,2026-06-09 06:34:00,2026-06-09 06:50:00,16,Unplanned,Electrical Fault
DT00002866,WO00003870,P03,P03_L02,M031,C,2026-06-09 22:45:00,2026-06-09 23:18:00,33,Planned,Changeover
DT00002867,WO00003871,P03,P03_L03,M035,A,2026-06-09 06:29:00,2026-06-09 07:13:00,44,Planned,Cleaning/Sanitation
DT00002868,WO00003873,P03,P03_L03,M036,C,2026-06-09 22:38:00,2026-06-09 22:55:00,17,Planned,Preventive Maintenance
DT00002869,WO00003875,P01,P01_L01,M002,B,2026-06-10 14:10:00,2026-06-10 14:34:00,24,Planned,Changeover
DT00002870,WO00003875,P01,P01_L01,M002,B,2026-06-10 14:39:00,2026-06-10 14:49:00,10,Unplanned,Electrical Fault
DT00002871,WO00003875,P01,P01_L01,M004,B,2026-06-10 14:52:00,2026-06-10 15:03:00,11,Unplanned,Quality Hold
DT00002872,WO00003876,P01,P01_L01,M004,C,2026-06-10 22:49:00,2026-06-10 23:24:00,35,Planned,Changeover
DT00002873,WO00003876,P01,P01_L01,M004,C,2026-06-10 23:29:00,2026-06-10 23:48:00,19,Unplanned,Electrical Fault
DT00002874,WO00003882,P01,P01_L03,M009,C,2026-06-10 22:25:00,2026-06-10 22:35:00,10,Unplanned,Electrical Fault
DT00002875,WO00003883,P02,P02_L01,M016,A,2026-06-10 06:20:00,2026-06-10 06:37:00,17,Unplanned,Material Starvation
DT00002876,WO00003886,P02,P02_L02,M018,A,2026-06-10 06:32:00,2026-06-10 06:52:00,20,Unplanned,Electrical Fault
DT00002877,WO00003887,P02,P02_L02,M018,B,2026-06-10 14:31:00,2026-06-10 15:03:00,32,Planned,Preventive Maintenance
DT00002878,WO00003887,P02,P02_L02,M018,B,2026-06-10 15:08:00,2026-06-10 15:29:00,21,Unplanned,Operator Adjustment
DT00002879,WO00003890,P02,P02_L03,M024,B,2026-06-10 14:44:00,2026-06-10 15:22:00,38,Planned,Planned Inspection
DT00002880,WO00003892,P03,P03_L01,M028,A,2026-06-10 06:15:00,2026-06-10 06:33:00,18,Planned,Preventive Maintenance
DT00002881,WO00003893,P03,P03_L01,M025,B,2026-06-10 14:26:00,2026-06-10 14:48:00,22,Unplanned,Material Starvation
DT00002882,WO00003894,P03,P03_L01,M028,C,2026-06-10 22:12:00,2026-06-10 22:50:00,38,Planned,Cleaning/Sanitation
DT00002883,WO00003897,P03,P03_L02,M032,C,2026-06-10 22:44:00,2026-06-10 23:06:00,22,Unplanned,Electrical Fault
DT00002884,WO00003900,P03,P03_L03,M034,C,2026-06-10 22:24:00,2026-06-10 22:40:00,16,Unplanned,Material Starvation
DT00002885,WO00003901,P01,P01_L01,M001,A,2026-06-11 06:47:00,2026-06-11 07:10:00,23,Planned,Changeover
DT00002886,WO00003902,P01,P01_L01,M001,B,2026-06-11 14:25:00,2026-06-11 14:54:00,29,Planned,Changeover
DT00002887,WO00003902,P01,P01_L01,M002,B,2026-06-11 14:59:00,2026-06-11 15:44:00,45,Unplanned,Sensor/Controls Fault
DT00002888,WO00003904,P01,P01_L02,M008,A,2026-06-11 06:44:00,2026-06-11 07:24:00,40,Planned,Changeover
DT00002889,WO00003904,P01,P01_L02,M007,A,2026-06-11 07:29:00,2026-06-11 07:43:00,14,Unplanned,Mechanical Failure
DT00002890,WO00003904,P01,P01_L02,M008,A,2026-06-11 07:46:00,2026-06-11 08:02:00,16,Unplanned,Operator Adjustment
DT00002891,WO00003904,P01,P01_L02,M005,A,2026-06-11 08:05:00,2026-06-11 09:59:00,114,Unplanned,Electrical Fault
DT00002892,WO00003907,P01,P01_L03,M009,A,2026-06-11 06:40:00,2026-06-11 07:17:00,37,Planned,Preventive Maintenance
DT00002893,WO00003908,P01,P01_L03,M011,B,2026-06-11 14:44:00,2026-06-11 15:03:00,19,Planned,Cleaning/Sanitation
DT00002894,WO00003908,P01,P01_L03,M011,B,2026-06-11 15:08:00,2026-06-11 15:15:00,7,Unplanned,Utility Interruption
DT00002895,WO00003909,P01,P01_L03,M012,C,2026-06-11 22:11:00,2026-06-11 22:57:00,46,Planned,Preventive Maintenance
DT00002896,WO00003911,P02,P02_L01,M013,B,2026-06-11 14:22:00,2026-06-11 14:47:00,25,Planned,Changeover
DT00002897,WO00003912,P02,P02_L01,M013,C,2026-06-11 22:42:00,2026-06-11 23:00:00,18,Planned,Changeover
DT00002898,WO00003915,P02,P02_L02,M019,C,2026-06-11 22:20:00,2026-06-11 22:31:00,11,Unplanned,Electrical Fault
DT00002899,WO00003916,P02,P02_L03,M022,A,2026-06-11 06:24:00,2026-06-11 07:12:00,48,Planned,Preventive Maintenance
DT00002900,WO00003917,P02,P02_L03,M024,B,2026-06-11 14:38:00,2026-06-11 14:57:00,19,Planned,Changeover
DT00002901,WO00003917,P02,P02_L03,M021,B,2026-06-11 15:02:00,2026-06-11 15:20:00,18,Unplanned,Mechanical Failure
DT00002902,WO00003918,P02,P02_L03,M021,C,2026-06-11 22:23:00,2026-06-11 22:44:00,21,Planned,Changeover
DT00002903,WO00003919,P03,P03_L01,M025,A,2026-06-11 06:30:00,2026-06-11 06:39:00,9,Unplanned,Electrical Fault
DT00002904,WO00003922,P03,P03_L02,M029,A,2026-06-11 06:14:00,2026-06-11 06:46:00,32,Planned,Cleaning/Sanitation
DT00002905,WO00003923,P03,P03_L02,M030,B,2026-06-11 14:17:00,2026-06-11 14:33:00,16,Unplanned,Quality Hold
DT00002906,WO00003924,P03,P03_L02,M031,C,2026-06-11 22:20:00,2026-06-11 23:03:00,43,Unplanned,Electrical Fault
DT00002907,WO00003926,P03,P03_L03,M035,B,2026-06-11 14:39:00,2026-06-11 16:00:00,81,Planned,Cleaning/Sanitation
DT00002908,WO00003927,P03,P03_L03,M033,C,2026-06-11 22:30:00,2026-06-11 22:59:00,29,Planned,Changeover
DT00002909,WO00003930,P01,P01_L01,M004,C,2026-06-12 22:44:00,2026-06-12 23:21:00,37,Planned,Preventive Maintenance
DT00002910,WO00003933,P01,P01_L02,M005,C,2026-06-12 22:33:00,2026-06-12 22:52:00,19,Planned,Changeover
DT00002911,WO00003934,P01,P01_L03,M009,A,2026-06-12 06:18:00,2026-06-12 06:54:00,36,Unplanned,Utility Interruption
DT00002912,WO00003938,P02,P02_L01,M015,B,2026-06-12 14:38:00,2026-06-12 15:31:00,53,Planned,Preventive Maintenance
DT00002913,WO00003939,P02,P02_L01,M014,C,2026-06-12 22:12:00,2026-06-12 22:28:00,16,Planned,Changeover
DT00002914,WO00003940,P02,P02_L02,M020,A,2026-06-12 06:18:00,2026-06-12 06:41:00,23,Planned,Changeover
DT00002915,WO00003942,P02,P02_L02,M020,C,2026-06-12 22:38:00,2026-06-12 22:58:00,20,Planned,Changeover
DT00002916,WO00003943,P02,P02_L03,M022,A,2026-06-12 06:21:00,2026-06-12 06:50:00,29,Planned,Changeover
DT00002917,WO00003944,P02,P02_L03,M023,B,2026-06-12 14:21:00,2026-06-12 14:46:00,25,Planned,Preventive Maintenance
DT00002918,WO00003945,P02,P02_L03,M024,C,2026-06-12 22:11:00,2026-06-12 22:43:00,32,Planned,Preventive Maintenance
DT00002919,WO00003948,P03,P03_L01,M026,C,2026-06-12 22:29:00,2026-06-12 23:00:00,31,Planned,Cleaning/Sanitation
DT00002920,WO00003948,P03,P03_L01,M027,C,2026-06-12 23:05:00,2026-06-12 23:13:00,8,Unplanned,Sensor/Controls Fault
DT00002921,WO00003949,P03,P03_L02,M031,A,2026-06-12 06:48:00,2026-06-12 07:11:00,23,Unplanned,Utility Interruption
DT00002922,WO00003950,P03,P03_L02,M031,B,2026-06-12 14:35:00,2026-06-12 14:55:00,20,Planned,Preventive Maintenance
DT00002923,WO00003950,P03,P03_L02,M029,B,2026-06-12 15:00:00,2026-06-12 15:35:00,35,Unplanned,Electrical Fault
DT00002924,WO00003954,P03,P03_L03,M036,C,2026-06-12 22:37:00,2026-06-12 23:00:00,23,Planned,Changeover
DT00002925,WO00003955,P01,P01_L01,M002,C,2026-06-13 22:46:00,2026-06-13 23:12:00,26,Planned,Changeover
DT00002926,WO00003956,P01,P01_L02,M006,A,2026-06-13 06:10:00,2026-06-13 06:39:00,29,Unplanned,Mechanical Failure
DT00002927,WO00003956,P01,P01_L02,M007,A,2026-06-13 06:42:00,2026-06-13 06:54:00,12,Unplanned,Electrical Fault
DT00002928,WO00003966,P03,P03_L01,M025,A,2026-06-13 06:41:00,2026-06-13 07:15:00,34,Planned,Changeover
DT00002929,WO00003967,P03,P03_L01,M025,B,2026-06-13 14:13:00,2026-06-13 14:28:00,15,Unplanned,Mechanical Failure
DT00002930,WO00003969,P03,P03_L02,M031,A,2026-06-13 06:47:00,2026-06-13 07:23:00,36,Planned,Changeover
DT00002931,WO00003970,P03,P03_L02,M029,B,2026-06-13 14:43:00,2026-06-13 15:02:00,19,Planned,Changeover
DT00002932,WO00003971,P03,P03_L02,M030,C,2026-06-13 22:19:00,2026-06-13 22:36:00,17,Planned,Preventive Maintenance
DT00002933,WO00003974,P01,P01_L01,M004,B,2026-06-14 14:40:00,2026-06-14 15:13:00,33,Planned,Preventive Maintenance
DT00002934,WO00003974,P01,P01_L01,M002,B,2026-06-14 15:18:00,2026-06-14 15:47:00,29,Unplanned,Electrical Fault
DT00002935,WO00003975,P01,P01_L01,M001,C,2026-06-14 22:37:00,2026-06-14 22:58:00,21,Planned,Cleaning/Sanitation
DT00002936,WO00003976,P01,P01_L02,M008,B,2026-06-14 14:10:00,2026-06-14 14:44:00,34,Planned,Changeover
DT00002937,WO00003983,P02,P02_L02,M017,B,2026-06-14 14:10:00,2026-06-14 14:52:00,42,Unplanned,Mechanical Failure
DT00002938,WO00003986,P03,P03_L02,M032,B,2026-06-14 14:15:00,2026-06-14 15:24:00,69,Unplanned,Utility Interruption
DT00002939,WO00003987,P03,P03_L03,M036,A,2026-06-14 06:25:00,2026-06-14 06:53:00,28,Planned,Preventive Maintenance
DT00002940,WO00003987,P03,P03_L03,M034,A,2026-06-14 06:58:00,2026-06-14 07:40:00,42,Unplanned,Operator Adjustment
DT00002941,WO00003990,P01,P01_L01,M004,A,2026-06-15 06:34:00,2026-06-15 07:02:00,28,Unplanned,Sensor/Controls Fault
DT00002942,WO00003991,P01,P01_L01,M004,B,2026-06-15 14:34:00,2026-06-15 14:48:00,14,Planned,Changeover
DT00002943,WO00003992,P01,P01_L01,M002,C,2026-06-15 22:17:00,2026-06-15 22:41:00,24,Planned,Preventive Maintenance
DT00002944,WO00003994,P01,P01_L02,M008,B,2026-06-15 14:19:00,2026-06-15 14:39:00,20,Planned,Changeover
DT00002945,WO00003994,P01,P01_L02,M006,B,2026-06-15 14:44:00,2026-06-15 15:09:00,25,Unplanned,Operator Adjustment
DT00002946,WO00003995,P01,P01_L02,M007,C,2026-06-15 22:43:00,2026-06-15 22:55:00,12,Unplanned,Quality Hold
DT00002947,WO00003996,P01,P01_L03,M012,A,2026-06-15 06:45:00,2026-06-15 07:11:00,26,Planned,Cleaning/Sanitation
DT00002948,WO00003997,P01,P01_L03,M011,B,2026-06-15 14:30:00,2026-06-15 15:36:00,66,Planned,Planned Inspection
DT00002949,WO00003997,P01,P01_L03,M011,B,2026-06-15 15:41:00,2026-06-15 16:13:00,32,Unplanned,Mechanical Failure
DT00002950,WO00003998,P01,P01_L03,M010,C,2026-06-15 22:29:00,2026-06-15 22:54:00,25,Planned,Cleaning/Sanitation
DT00002951,WO00003998,P01,P01_L03,M009,C,2026-06-15 22:59:00,2026-06-15 23:13:00,14,Unplanned,Utility Interruption
DT00002952,WO00003999,P02,P02_L01,M014,A,2026-06-15 06:29:00,2026-06-15 07:06:00,37,Planned,Changeover
DT00002953,WO00004001,P02,P02_L01,M016,C,2026-06-15 22:13:00,2026-06-15 22:35:00,22,Planned,Cleaning/Sanitation
DT00002954,WO00004001,P02,P02_L01,M014,C,2026-06-15 22:40:00,2026-06-15 22:52:00,12,Unplanned,Material Starvation
DT00002955,WO00004003,P02,P02_L02,M019,B,2026-06-15 14:30:00,2026-06-15 15:15:00,45,Planned,Changeover
DT00002956,WO00004004,P02,P02_L02,M019,C,2026-06-15 22:41:00,2026-06-15 23:19:00,38,Planned,Changeover
DT00002957,WO00004005,P02,P02_L03,M023,A,2026-06-15 06:18:00,2026-06-15 06:56:00,38,Planned,Preventive Maintenance
DT00002958,WO00004006,P02,P02_L03,M024,B,2026-06-15 14:39:00,2026-06-15 15:58:00,79,Planned,Preventive Maintenance
DT00002959,WO00004007,P02,P02_L03,M023,C,2026-06-15 22:47:00,2026-06-15 23:07:00,20,Unplanned,Electrical Fault
DT00002960,WO00004008,P03,P03_L01,M027,A,2026-06-15 06:40:00,2026-06-15 07:14:00,34,Planned,Planned Inspection
DT00002961,WO00004010,P03,P03_L01,M027,C,2026-06-15 22:10:00,2026-06-15 22:47:00,37,Planned,Preventive Maintenance
DT00002962,WO00004011,P03,P03_L02,M032,A,2026-06-15 06:12:00,2026-06-15 07:02:00,50,Planned,Changeover
DT00002963,WO00004011,P03,P03_L02,M032,A,2026-06-15 07:07:00,2026-06-15 08:29:00,82,Unplanned,Mechanical Failure
DT00002964,WO00004014,P03,P03_L03,M033,A,2026-06-15 06:34:00,2026-06-15 07:27:00,53,Planned,Preventive Maintenance
DT00002965,WO00004015,P03,P03_L03,M036,B,2026-06-15 14:24:00,2026-06-15 15:04:00,40,Planned,Cleaning/Sanitation
DT00002966,WO00004017,P01,P01_L01,M004,A,2026-06-16 06:13:00,2026-06-16 06:36:00,23,Planned,Changeover
DT00002967,WO00004017,P01,P01_L01,M004,A,2026-06-16 06:41:00,2026-06-16 07:04:00,23,Unplanned,Utility Interruption
DT00002968,WO00004018,P01,P01_L01,M003,B,2026-06-16 14:40:00,2026-06-16 15:59:00,79,Planned,Changeover
DT00002969,WO00004018,P01,P01_L01,M002,B,2026-06-16 16:04:00,2026-06-16 16:23:00,19,Unplanned,Operator Adjustment
DT00002970,WO00004020,P01,P01_L02,M008,A,2026-06-16 06:10:00,2026-06-16 06:40:00,30,Planned,Preventive Maintenance
DT00002971,WO00004022,P01,P01_L02,M008,C,2026-06-16 22:38:00,2026-06-16 23:22:00,44,Planned,Changeover
DT00002972,WO00004024,P01,P01_L03,M012,B,2026-06-16 14:13:00,2026-06-16 14:44:00,31,Unplanned,Quality Hold
DT00002973,WO00004025,P01,P01_L03,M009,C,2026-06-16 22:28:00,2026-06-16 22:47:00,19,Unplanned,Operator Adjustment
DT00002974,WO00004026,P02,P02_L01,M015,A,2026-06-16 06:17:00,2026-06-16 06:35:00,18,Planned,Changeover
DT00002975,WO00004030,P02,P02_L02,M019,B,2026-06-16 14:18:00,2026-06-16 14:45:00,27,Planned,Changeover
DT00002976,WO00004032,P02,P02_L03,M024,A,2026-06-16 06:47:00,2026-06-16 07:05:00,18,Planned,Preventive Maintenance
DT00002977,WO00004033,P02,P02_L03,M021,B,2026-06-16 14:35:00,2026-06-16 15:26:00,51,Planned,Preventive Maintenance
DT00002978,WO00004035,P03,P03_L01,M028,A,2026-06-16 06:17:00,2026-06-16 07:24:00,67,Planned,Cleaning/Sanitation
DT00002979,WO00004035,P03,P03_L01,M027,A,2026-06-16 07:29:00,2026-06-16 08:03:00,34,Unplanned,Sensor/Controls Fault
DT00002980,WO00004036,P03,P03_L01,M025,B,2026-06-16 14:40:00,2026-06-16 15:29:00,49,Planned,Changeover
DT00002981,WO00004037,P03,P03_L01,M025,C,2026-06-16 22:47:00,2026-06-16 23:13:00,26,Planned,Changeover
DT00002982,WO00004038,P03,P03_L02,M031,A,2026-06-16 06:36:00,2026-06-16 07:17:00,41,Unplanned,Sensor/Controls Fault
DT00002983,WO00004040,P03,P03_L02,M030,C,2026-06-16 22:40:00,2026-06-16 23:09:00,29,Planned,Changeover
DT00002984,WO00004041,P03,P03_L03,M036,A,2026-06-16 06:41:00,2026-06-16 07:17:00,36,Planned,Preventive Maintenance
DT00002985,WO00004041,P03,P03_L03,M036,A,2026-06-16 07:22:00,2026-06-16 07:38:00,16,Unplanned,Electrical Fault
DT00002986,WO00004042,P03,P03_L03,M034,B,2026-06-16 14:42:00,2026-06-16 15:08:00,26,Planned,Changeover
DT00002987,WO00004042,P03,P03_L03,M033,B,2026-06-16 15:13:00,2026-06-16 15:41:00,28,Unplanned,Quality Hold
DT00002988,WO00004043,P03,P03_L03,M034,C,2026-06-16 22:41:00,2026-06-16 23:29:00,48,Planned,Preventive Maintenance
DT00002989,WO00004045,P01,P01_L01,M002,B,2026-06-17 14:37:00,2026-06-17 14:50:00,13,Planned,Changeover
DT00002990,WO00004046,P01,P01_L01,M001,C,2026-06-17 22:17:00,2026-06-17 22:43:00,26,Planned,Cleaning/Sanitation
DT00002991,WO00004046,P01,P01_L01,M004,C,2026-06-17 22:48:00,2026-06-17 22:58:00,10,Unplanned,Utility Interruption
DT00002992,WO00004047,P01,P01_L02,M005,A,2026-06-17 06:39:00,2026-06-17 07:09:00,30,Planned,Cleaning/Sanitation
DT00002993,WO00004047,P01,P01_L02,M006,A,2026-06-17 07:14:00,2026-06-17 08:10:00,56,Unplanned,Quality Hold
DT00002994,WO00004048,P01,P01_L02,M006,B,2026-06-17 14:27:00,2026-06-17 14:38:00,11,Unplanned,Mechanical Failure
DT00002995,WO00004051,P01,P01_L03,M011,B,2026-06-17 14:35:00,2026-06-17 14:55:00,20,Planned,Preventive Maintenance
DT00002996,WO00004052,P01,P01_L03,M011,C,2026-06-17 22:47:00,2026-06-17 23:13:00,26,Planned,Preventive Maintenance
DT00002997,WO00004052,P01,P01_L03,M010,C,2026-06-17 23:18:00,2026-06-18 01:15:00,117,Unplanned,Sensor/Controls Fault
DT00002998,WO00004052,P01,P01_L03,M010,C,2026-06-18 01:18:00,2026-06-18 02:05:00,47,Unplanned,Electrical Fault
DT00002999,WO00004053,P02,P02_L01,M016,A,2026-06-17 06:12:00,2026-06-17 06:43:00,31,Planned,Preventive Maintenance
DT00003000,WO00004055,P02,P02_L01,M016,C,2026-06-17 22:39:00,2026-06-17 23:49:00,70,Planned,Cleaning/Sanitation
DT00003001,WO00004056,P02,P02_L02,M017,A,2026-06-17 06:43:00,2026-06-17 07:16:00,33,Planned,Changeover
DT00003002,WO00004060,P02,P02_L03,M023,B,2026-06-17 14:11:00,2026-06-17 14:50:00,39,Planned,Preventive Maintenance
DT00003003,WO00004061,P02,P02_L03,M023,C,2026-06-17 22:24:00,2026-06-17 22:57:00,33,Planned,Preventive Maintenance
DT00003004,WO00004062,P03,P03_L01,M025,A,2026-06-17 06:13:00,2026-06-17 06:33:00,20,Planned,Preventive Maintenance
DT00003005,WO00004063,P03,P03_L01,M025,B,2026-06-17 14:13:00,2026-06-17 14:44:00,31,Planned,Changeover
DT00003006,WO00004065,P03,P03_L02,M029,A,2026-06-17 06:30:00,2026-06-17 06:55:00,25,Planned,Changeover
DT00003007,WO00004065,P03,P03_L02,M029,A,2026-06-17 07:00:00,2026-06-17 07:27:00,27,Unplanned,Material Starvation
DT00003008,WO00004065,P03,P03_L02,M031,A,2026-06-17 07:30:00,2026-06-17 07:52:00,22,Unplanned,Electrical Fault
DT00003009,WO00004066,P03,P03_L02,M029,B,2026-06-17 14:34:00,2026-06-17 15:11:00,37,Unplanned,Sensor/Controls Fault
DT00003010,WO00004071,P01,P01_L01,M002,A,2026-06-18 06:41:00,2026-06-18 07:15:00,34,Planned,Changeover
DT00003011,WO00004072,P01,P01_L01,M002,B,2026-06-18 14:37:00,2026-06-18 15:13:00,36,Planned,Changeover
DT00003012,WO00004073,P01,P01_L01,M002,C,2026-06-18 22:19:00,2026-06-18 22:35:00,16,Planned,Changeover
DT00003013,WO00004073,P01,P01_L01,M003,C,2026-06-18 22:40:00,2026-06-18 22:46:00,6,Unplanned,Electrical Fault
DT00003014,WO00004075,P01,P01_L02,M006,B,2026-06-18 14:32:00,2026-06-18 15:03:00,31,Planned,Changeover
DT00003015,WO00004075,P01,P01_L02,M008,B,2026-06-18 15:08:00,2026-06-18 15:14:00,6,Unplanned,Material Starvation
DT00003016,WO00004078,P01,P01_L03,M011,B,2026-06-18 14:20:00,2026-06-18 14:38:00,18,Unplanned,Mechanical Failure
DT00003017,WO00004082,P02,P02_L01,M013,C,2026-06-18 22:13:00,2026-06-18 22:41:00,28,Planned,Changeover
DT00003018,WO00004082,P02,P02_L01,M015,C,2026-06-18 22:46:00,2026-06-18 23:11:00,25,Unplanned,Material Starvation
DT00003019,WO00004082,P02,P02_L01,M013,C,2026-06-18 23:14:00,2026-06-18 23:53:00,39,Unplanned,Mechanical Failure
DT00003020,WO00004083,P02,P02_L02,M017,A,2026-06-18 06:27:00,2026-06-18 06:46:00,19,Unplanned,Sensor/Controls Fault
DT00003021,WO00004087,P02,P02_L03,M022,B,2026-06-18 14:44:00,2026-06-18 15:25:00,41,Planned,Changeover
DT00003022,WO00004092,P03,P03_L02,M029,A,2026-06-18 06:35:00,2026-06-18 06:56:00,21,Unplanned,Mechanical Failure
DT00003023,WO00004092,P03,P03_L02,M031,A,2026-06-18 06:59:00,2026-06-18 07:25:00,26,Unplanned,Quality Hold
DT00003024,WO00004093,P03,P03_L02,M029,B,2026-06-18 14:27:00,2026-06-18 14:46:00,19,Planned,Changeover
DT00003025,WO00004094,P03,P03_L02,M031,C,2026-06-18 22:12:00,2026-06-18 22:27:00,15,Unplanned,Electrical Fault
DT00003026,WO00004095,P03,P03_L03,M036,A,2026-06-18 06:32:00,2026-06-18 07:22:00,50,Planned,Planned Inspection
DT00003027,WO00004096,P03,P03_L03,M034,B,2026-06-18 14:37:00,2026-06-18 15:14:00,37,Planned,Preventive Maintenance
DT00003028,WO00004097,P03,P03_L03,M035,C,2026-06-18 22:10:00,2026-06-18 22:30:00,20,Planned,Changeover
DT00003029,WO00004098,P01,P01_L01,M002,A,2026-06-19 06:12:00,2026-06-19 07:23:00,71,Unplanned,Sensor/Controls Fault
DT00003030,WO00004099,P01,P01_L01,M002,B,2026-06-19 14:47:00,2026-06-19 16:08:00,81,Unplanned,Utility Interruption
DT00003031,WO00004100,P01,P01_L01,M004,C,2026-06-19 22:35:00,2026-06-19 23:01:00,26,Planned,Planned Inspection
DT00003032,WO00004101,P01,P01_L02,M006,A,2026-06-19 06:13:00,2026-06-19 06:43:00,30,Planned,Changeover
DT00003033,WO00004101,P01,P01_L02,M007,A,2026-06-19 06:48:00,2026-06-19 07:09:00,21,Unplanned,Utility Interruption
DT00003034,WO00004102,P01,P01_L02,M007,B,2026-06-19 14:37:00,2026-06-19 15:21:00,44,Planned,Preventive Maintenance
DT00003035,WO00004102,P01,P01_L02,M008,B,2026-06-19 15:26:00,2026-06-19 15:39:00,13,Unplanned,Electrical Fault
DT00003036,WO00004103,P01,P01_L02,M007,C,2026-06-19 22:26:00,2026-06-19 23:02:00,36,Planned,Changeover
DT00003037,WO00004104,P01,P01_L03,M011,A,2026-06-19 06:39:00,2026-06-19 06:47:00,8,Unplanned,Electrical Fault
DT00003038,WO00004104,P01,P01_L03,M011,A,2026-06-19 06:50:00,2026-06-19 07:15:00,25,Unplanned,Material Starvation
DT00003039,WO00004106,P01,P01_L03,M012,C,2026-06-19 22:46:00,2026-06-19 23:21:00,35,Planned,Cleaning/Sanitation
DT00003040,WO00004109,P02,P02_L01,M013,C,2026-06-19 22:20:00,2026-06-19 22:57:00,37,Unplanned,Mechanical Failure
DT00003041,WO00004110,P02,P02_L02,M017,A,2026-06-19 06:48:00,2026-06-19 07:19:00,31,Planned,Cleaning/Sanitation
DT00003042,WO00004111,P02,P02_L02,M017,B,2026-06-19 14:46:00,2026-06-19 14:55:00,9,Unplanned,Electrical Fault
DT00003043,WO00004112,P02,P02_L02,M017,C,2026-06-19 22:13:00,2026-06-19 22:34:00,21,Planned,Changeover
DT00003044,WO00004113,P02,P02_L03,M024,A,2026-06-19 06:11:00,2026-06-19 06:40:00,29,Planned,Changeover
DT00003045,WO00004115,P02,P02_L03,M021,C,2026-06-19 22:33:00,2026-06-19 22:42:00,9,Unplanned,Mechanical Failure
DT00003046,WO00004116,P03,P03_L01,M025,A,2026-06-19 06:45:00,2026-06-19 07:58:00,73,Unplanned,Mechanical Failure
DT00003047,WO00004119,P03,P03_L02,M029,A,2026-06-19 06:47:00,2026-06-19 07:32:00,45,Planned,Preventive Maintenance
DT00003048,WO00004119,P03,P03_L02,M030,A,2026-06-19 07:37:00,2026-06-19 08:26:00,49,Unplanned,Quality Hold
DT00003049,WO00004121,P03,P03_L02,M032,C,2026-06-19 22:24:00,2026-06-19 22:49:00,25,Planned,Planned Inspection
DT00003050,WO00004123,P03,P03_L03,M035,B,2026-06-19 14:12:00,2026-06-19 14:37:00,25,Planned,Cleaning/Sanitation
DT00003051,WO00004125,P01,P01_L01,M001,A,2026-06-20 06:35:00,2026-06-20 06:49:00,14,Planned,Planned Inspection
DT00003052,WO00004126,P01,P01_L01,M004,B,2026-06-20 14:31:00,2026-06-20 14:50:00,19,Planned,Preventive Maintenance
DT00003053,WO00004128,P01,P01_L03,M011,A,2026-06-20 06:43:00,2026-06-20 07:25:00,42,Planned,Preventive Maintenance
DT00003054,WO00004132,P02,P02_L02,M020,A,2026-06-20 06:42:00,2026-06-20 07:04:00,22,Planned,Changeover
DT00003055,WO00004134,P02,P02_L02,M019,C,2026-06-20 22:41:00,2026-06-20 23:32:00,51,Planned,Changeover
DT00003056,WO00004136,P03,P03_L01,M028,A,2026-06-20 06:41:00,2026-06-20 06:58:00,17,Planned,Changeover
DT00003057,WO00004138,P03,P03_L02,M029,A,2026-06-20 06:38:00,2026-06-20 08:30:00,112,Unplanned,Sensor/Controls Fault
DT00003058,WO00004139,P03,P03_L02,M030,B,2026-06-20 14:12:00,2026-06-20 14:43:00,31,Planned,Changeover
DT00003059,WO00004140,P03,P03_L02,M032,C,2026-06-20 22:18:00,2026-06-20 22:53:00,35,Planned,Changeover
DT00003060,WO00004141,P03,P03_L03,M035,A,2026-06-20 06:45:00,2026-06-20 07:32:00,47,Planned,Cleaning/Sanitation
DT00003061,WO00004141,P03,P03_L03,M034,A,2026-06-20 07:37:00,2026-06-20 08:32:00,55,Unplanned,Sensor/Controls Fault
DT00003062,WO00004142,P03,P03_L03,M034,B,2026-06-20 14:22:00,2026-06-20 14:45:00,23,Planned,Planned Inspection
DT00003063,WO00004143,P03,P03_L03,M036,C,2026-06-20 22:39:00,2026-06-20 23:08:00,29,Planned,Preventive Maintenance
DT00003064,WO00004144,P01,P01_L01,M001,A,2026-06-21 06:15:00,2026-06-21 07:07:00,52,Planned,Planned Inspection
DT00003065,WO00004145,P01,P01_L01,M003,C,2026-06-21 22:39:00,2026-06-21 22:59:00,20,Unplanned,Material Starvation
DT00003066,WO00004147,P01,P01_L02,M007,B,2026-06-21 14:48:00,2026-06-21 15:20:00,32,Planned,Changeover
DT00003067,WO00004150,P02,P02_L01,M014,A,2026-06-21 06:32:00,2026-06-21 06:47:00,15,Planned,Cleaning/Sanitation
DT00003068,WO00004151,P02,P02_L01,M014,B,2026-06-21 14:25:00,2026-06-21 14:44:00,19,Planned,Changeover
DT00003069,WO00004154,P02,P02_L02,M019,B,2026-06-21 14:17:00,2026-06-21 15:04:00,47,Planned,Changeover
DT00003070,WO00004157,P03,P03_L01,M028,B,2026-06-21 14:42:00,2026-06-21 15:34:00,52,Planned,Preventive Maintenance
DT00003071,WO00004157,P03,P03_L01,M028,B,2026-06-21 15:39:00,2026-06-21 16:05:00,26,Unplanned,Material Starvation
DT00003072,WO00004159,P03,P03_L02,M030,B,2026-06-21 14:24:00,2026-06-21 15:35:00,71,Planned,Preventive Maintenance
DT00003073,WO00004163,P01,P01_L01,M002,B,2026-06-22 14:49:00,2026-06-22 15:43:00,54,Planned,Preventive Maintenance
DT00003074,WO00004164,P01,P01_L01,M002,C,2026-06-22 22:44:00,2026-06-22 23:02:00,18,Planned,Planned Inspection
DT00003075,WO00004165,P01,P01_L02,M005,A,2026-06-22 06:46:00,2026-06-22 07:44:00,58,Planned,Preventive Maintenance
DT00003076,WO00004166,P01,P01_L02,M005,B,2026-06-22 14:23:00,2026-06-22 14:30:00,7,Unplanned,Utility Interruption
DT00003077,WO00004167,P01,P01_L02,M005,C,2026-06-22 22:49:00,2026-06-22 23:44:00,55,Planned,Preventive Maintenance
DT00003078,WO00004171,P02,P02_L01,M013,A,2026-06-22 06:13:00,2026-06-22 06:43:00,30,Planned,Changeover
DT00003079,WO00004172,P02,P02_L01,M015,B,2026-06-22 14:20:00,2026-06-22 14:50:00,30,Planned,Preventive Maintenance
DT00003080,WO00004174,P02,P02_L02,M018,A,2026-06-22 06:40:00,2026-06-22 07:13:00,33,Planned,Preventive Maintenance
DT00003081,WO00004174,P02,P02_L02,M018,A,2026-06-22 07:18:00,2026-06-22 07:27:00,9,Unplanned,Utility Interruption
DT00003082,WO00004175,P02,P02_L02,M018,B,2026-06-22 14:11:00,2026-06-22 14:53:00,42,Planned,Preventive Maintenance
DT00003083,WO00004180,P03,P03_L01,M027,A,2026-06-22 06:36:00,2026-06-22 06:57:00,21,Unplanned,Mechanical Failure
DT00003084,WO00004183,P03,P03_L02,M032,A,2026-06-22 06:31:00,2026-06-22 07:00:00,29,Planned,Changeover
DT00003085,WO00004186,P03,P03_L03,M035,A,2026-06-22 06:14:00,2026-06-22 06:38:00,24,Planned,Cleaning/Sanitation
DT00003086,WO00004187,P03,P03_L03,M033,B,2026-06-22 14:16:00,2026-06-22 14:57:00,41,Unplanned,Electrical Fault
DT00003087,WO00004188,P03,P03_L03,M033,C,2026-06-22 22:16:00,2026-06-22 22:44:00,28,Planned,Changeover
DT00003088,WO00004188,P03,P03_L03,M034,C,2026-06-22 22:49:00,2026-06-22 23:19:00,30,Unplanned,Material Starvation
DT00003089,WO00004189,P01,P01_L01,M001,A,2026-06-23 06:29:00,2026-06-23 06:41:00,12,Planned,Changeover
DT00003090,WO00004190,P01,P01_L01,M001,B,2026-06-23 14:24:00,2026-06-23 15:06:00,42,Planned,Changeover
DT00003091,WO00004192,P01,P01_L02,M007,A,2026-06-23 06:18:00,2026-06-23 07:12:00,54,Planned,Cleaning/Sanitation
DT00003092,WO00004193,P01,P01_L02,M005,B,2026-06-23 14:49:00,2026-06-23 15:06:00,17,Unplanned,Electrical Fault
DT00003093,WO00004194,P01,P01_L02,M006,C,2026-06-23 22:28:00,2026-06-23 23:45:00,77,Planned,Changeover
DT00003094,WO00004194,P01,P01_L02,M006,C,2026-06-23 23:50:00,2026-06-24 00:09:00,19,Unplanned,Mechanical Failure
DT00003095,WO00004198,P02,P02_L01,M015,A,2026-06-23 06:48:00,2026-06-23 07:18:00,30,Planned,Changeover
DT00003096,WO00004199,P02,P02_L01,M014,B,2026-06-23 14:24:00,2026-06-23 15:11:00,47,Unplanned,Electrical Fault
DT00003097,WO00004199,P02,P02_L01,M013,B,2026-06-23 15:14:00,2026-06-23 15:42:00,28,Unplanned,Operator Adjustment
DT00003098,WO00004200,P02,P02_L01,M014,C,2026-06-23 22:25:00,2026-06-23 22:44:00,19,Planned,Changeover
DT00003099,WO00004201,P02,P02_L02,M017,A,2026-06-23 06:18:00,2026-06-23 06:47:00,29,Planned,Cleaning/Sanitation
DT00003100,WO00004203,P02,P02_L02,M019,C,2026-06-23 22:20:00,2026-06-23 22:44:00,24,Planned,Planned Inspection
DT00003101,WO00004207,P03,P03_L01,M027,A,2026-06-23 06:33:00,2026-06-23 07:01:00,28,Unplanned,Quality Hold
DT00003102,WO00004208,P03,P03_L01,M025,B,2026-06-23 14:44:00,2026-06-23 14:57:00,13,Planned,Changeover
DT00003103,WO00004209,P03,P03_L01,M028,C,2026-06-23 22:43:00,2026-06-23 23:07:00,24,Planned,Preventive Maintenance
DT00003104,WO00004212,P03,P03_L02,M030,C,2026-06-23 22:17:00,2026-06-23 22:44:00,27,Planned,Changeover
DT00003105,WO00004213,P03,P03_L03,M034,A,2026-06-23 06:41:00,2026-06-23 07:10:00,29,Unplanned,Material Starvation
DT00003106,WO00004214,P03,P03_L03,M034,B,2026-06-23 14:42:00,2026-06-23 15:22:00,40,Planned,Cleaning/Sanitation
DT00003107,WO00004217,P01,P01_L01,M004,B,2026-06-24 14:45:00,2026-06-24 15:03:00,18,Planned,Preventive Maintenance
DT00003108,WO00004219,P01,P01_L02,M008,A,2026-06-24 06:47:00,2026-06-24 07:30:00,43,Planned,Cleaning/Sanitation
DT00003109,WO00004219,P01,P01_L02,M005,A,2026-06-24 07:35:00,2026-06-24 08:05:00,30,Unplanned,Operator Adjustment
DT00003110,WO00004220,P01,P01_L02,M007,B,2026-06-24 14:27:00,2026-06-24 14:50:00,23,Unplanned,Electrical Fault
DT00003111,WO00004223,P01,P01_L03,M010,B,2026-06-24 14:22:00,2026-06-24 15:07:00,45,Planned,Preventive Maintenance
DT00003112,WO00004225,P02,P02_L01,M015,A,2026-06-24 06:25:00,2026-06-24 06:50:00,25,Unplanned,Mechanical Failure
DT00003113,WO00004225,P02,P02_L01,M016,A,2026-06-24 06:53:00,2026-06-24 07:12:00,19,Unplanned,Quality Hold
DT00003114,WO00004226,P02,P02_L01,M013,B,2026-06-24 14:14:00,2026-06-24 15:41:00,87,Planned,Planned Inspection
DT00003115,WO00004228,P02,P02_L02,M020,A,2026-06-24 06:46:00,2026-06-24 07:19:00,33,Planned,Planned Inspection
DT00003116,WO00004228,P02,P02_L02,M018,A,2026-06-24 07:24:00,2026-06-24 07:29:00,5,Unplanned,Operator Adjustment
DT00003117,WO00004229,P02,P02_L02,M020,B,2026-06-24 14:25:00,2026-06-24 14:57:00,32,Planned,Planned Inspection
DT00003118,WO00004230,P02,P02_L02,M019,C,2026-06-24 22:37:00,2026-06-24 22:58:00,21,Planned,Preventive Maintenance
DT00003119,WO00004231,P02,P02_L03,M021,A,2026-06-24 06:13:00,2026-06-24 06:28:00,15,Planned,Changeover
DT00003120,WO00004231,P02,P02_L03,M022,A,2026-06-24 06:33:00,2026-06-24 07:05:00,32,Unplanned,Sensor/Controls Fault
DT00003121,WO00004232,P02,P02_L03,M023,B,2026-06-24 14:47:00,2026-06-24 15:11:00,24,Planned,Preventive Maintenance
DT00003122,WO00004235,P03,P03_L01,M027,B,2026-06-24 14:18:00,2026-06-24 14:44:00,26,Planned,Preventive Maintenance
DT00003123,WO00004237,P03,P03_L02,M030,A,2026-06-24 06:11:00,2026-06-24 06:33:00,22,Unplanned,Electrical Fault
DT00003124,WO00004239,P03,P03_L02,M032,C,2026-06-24 22:10:00,2026-06-24 22:49:00,39,Planned,Changeover
DT00003125,WO00004241,P03,P03_L03,M034,B,2026-06-24 14:46:00,2026-06-24 15:23:00,37,Planned,Changeover
DT00003126,WO00004242,P03,P03_L03,M036,C,2026-06-24 22:30:00,2026-06-24 22:51:00,21,Unplanned,Sensor/Controls Fault
DT00003127,WO00004243,P01,P01_L01,M001,A,2026-06-25 06:15:00,2026-06-25 06:29:00,14,Planned,Cleaning/Sanitation
DT00003128,WO00004244,P01,P01_L01,M003,B,2026-06-25 14:48:00,2026-06-25 15:20:00,32,Unplanned,Operator Adjustment
DT00003129,WO00004246,P01,P01_L02,M008,A,2026-06-25 06:34:00,2026-06-25 06:59:00,25,Planned,Changeover
DT00003130,WO00004246,P01,P01_L02,M006,A,2026-06-25 07:04:00,2026-06-25 07:13:00,9,Unplanned,Mechanical Failure
DT00003131,WO00004247,P01,P01_L02,M005,B,2026-06-25 14:27:00,2026-06-25 15:00:00,33,Unplanned,Electrical Fault
DT00003132,WO00004248,P01,P01_L02,M008,C,2026-06-25 22:45:00,2026-06-25 23:08:00,23,Planned,Preventive Maintenance
DT00003133,WO00004249,P01,P01_L03,M009,A,2026-06-25 06:13:00,2026-06-25 06:32:00,19,Planned,Changeover
DT00003134,WO00004249,P01,P01_L03,M011,A,2026-06-25 06:37:00,2026-06-25 06:56:00,19,Unplanned,Electrical Fault
DT00003135,WO00004250,P01,P01_L03,M011,B,2026-06-25 14:19:00,2026-06-25 15:07:00,48,Planned,Cleaning/Sanitation
DT00003136,WO00004251,P01,P01_L03,M009,C,2026-06-25 22:26:00,2026-06-25 23:08:00,42,Planned,Changeover
DT00003137,WO00004252,P02,P02_L01,M014,A,2026-06-25 06:47:00,2026-06-25 07:20:00,33,Planned,Preventive Maintenance
DT00003138,WO00004252,P02,P02_L01,M015,A,2026-06-25 07:25:00,2026-06-25 08:28:00,63,Unplanned,Operator Adjustment
DT00003139,WO00004252,P02,P02_L01,M013,A,2026-06-25 08:31:00,2026-06-25 08:53:00,22,Unplanned,Mechanical Failure
DT00003140,WO00004253,P02,P02_L01,M015,B,2026-06-25 14:10:00,2026-06-25 14:24:00,14,Planned,Preventive Maintenance
DT00003141,WO00004253,P02,P02_L01,M016,B,2026-06-25 14:29:00,2026-06-25 14:43:00,14,Unplanned,Utility Interruption
DT00003142,WO00004255,P02,P02_L02,M019,A,2026-06-25 06:11:00,2026-06-25 06:36:00,25,Planned,Changeover
DT00003143,WO00004256,P02,P02_L02,M018,B,2026-06-25 14:46:00,2026-06-25 15:42:00,56,Planned,Planned Inspection
DT00003144,WO00004257,P02,P02_L02,M018,C,2026-06-25 22:41:00,2026-06-25 22:48:00,7,Unplanned,Mechanical Failure
DT00003145,WO00004262,P03,P03_L01,M027,B,2026-06-25 14:33:00,2026-06-25 14:58:00,25,Planned,Preventive Maintenance
DT00003146,WO00004263,P03,P03_L01,M026,C,2026-06-25 22:32:00,2026-06-25 22:51:00,19,Planned,Preventive Maintenance
DT00003147,WO00004267,P03,P03_L03,M033,A,2026-06-25 06:13:00,2026-06-25 07:00:00,47,Unplanned,Electrical Fault
DT00003148,WO00004267,P03,P03_L03,M034,A,2026-06-25 07:03:00,2026-06-25 07:10:00,7,Unplanned,Electrical Fault
DT00003149,WO00004270,P01,P01_L01,M001,A,2026-06-26 06:15:00,2026-06-26 06:49:00,34,Planned,Preventive Maintenance
DT00003150,WO00004271,P01,P01_L01,M004,B,2026-06-26 14:31:00,2026-06-26 15:05:00,34,Planned,Preventive Maintenance
DT00003151,WO00004272,P01,P01_L01,M002,C,2026-06-26 22:11:00,2026-06-26 22:36:00,25,Planned,Planned Inspection
DT00003152,WO00004273,P01,P01_L02,M007,A,2026-06-26 06:32:00,2026-06-26 07:16:00,44,Planned,Preventive Maintenance
DT00003153,WO00004275,P01,P01_L02,M007,C,2026-06-26 22:26:00,2026-06-26 23:12:00,46,Planned,Changeover
DT00003154,WO00004275,P01,P01_L02,M007,C,2026-06-26 23:17:00,2026-06-26 23:51:00,34,Unplanned,Material Starvation
DT00003155,WO00004277,P01,P01_L03,M011,B,2026-06-26 14:12:00,2026-06-26 15:27:00,75,Planned,Preventive Maintenance
DT00003156,WO00004279,P02,P02_L01,M016,A,2026-06-26 06:16:00,2026-06-26 06:45:00,29,Planned,Cleaning/Sanitation
DT00003157,WO00004281,P02,P02_L01,M016,C,2026-06-26 22:17:00,2026-06-26 22:24:00,7,Unplanned,Material Starvation
DT00003158,WO00004286,P02,P02_L03,M021,B,2026-06-26 14:13:00,2026-06-26 14:54:00,41,Planned,Planned Inspection
DT00003159,WO00004287,P02,P02_L03,M024,C,2026-06-26 22:13:00,2026-06-26 22:39:00,26,Planned,Preventive Maintenance
DT00003160,WO00004288,P03,P03_L01,M027,A,2026-06-26 06:20:00,2026-06-26 06:41:00,21,Planned,Cleaning/Sanitation
DT00003161,WO00004290,P03,P03_L01,M027,C,2026-06-26 22:48:00,2026-06-26 23:46:00,58,Planned,Changeover
DT00003162,WO00004290,P03,P03_L01,M026,C,2026-06-26 23:51:00,2026-06-27 00:27:00,36,Unplanned,Sensor/Controls Fault
DT00003163,WO00004291,P03,P03_L02,M029,A,2026-06-26 06:24:00,2026-06-26 06:59:00,35,Planned,Preventive Maintenance
DT00003164,WO00004292,P03,P03_L02,M030,B,2026-06-26 14:36:00,2026-06-26 14:40:00,4,Unplanned,Utility Interruption
DT00003165,WO00004296,P03,P03_L03,M035,C,2026-06-26 22:15:00,2026-06-26 22:27:00,12,Planned,Planned Inspection
DT00003166,WO00004297,P01,P01_L01,M004,A,2026-06-27 06:33:00,2026-06-27 06:59:00,26,Planned,Preventive Maintenance
DT00003167,WO00004297,P01,P01_L01,M004,A,2026-06-27 07:04:00,2026-06-27 07:34:00,30,Unplanned,Utility Interruption
DT00003168,WO00004297,P01,P01_L01,M004,A,2026-06-27 07:37:00,2026-06-27 07:54:00,17,Unplanned,Operator Adjustment
DT00003169,WO00004298,P01,P01_L01,M004,B,2026-06-27 14:16:00,2026-06-27 14:52:00,36,Planned,Cleaning/Sanitation
DT00003170,WO00004300,P01,P01_L02,M005,A,2026-06-27 06:46:00,2026-06-27 07:09:00,23,Planned,Changeover
DT00003171,WO00004302,P02,P02_L01,M016,A,2026-06-27 06:19:00,2026-06-27 07:00:00,41,Unplanned,Material Starvation
DT00003172,WO00004303,P02,P02_L02,M019,A,2026-06-27 06:37:00,2026-06-27 07:14:00,37,Planned,Preventive Maintenance
DT00003173,WO00004305,P02,P02_L02,M019,C,2026-06-27 22:17:00,2026-06-27 22:30:00,13,Unplanned,Operator Adjustment
DT00003174,WO00004308,P03,P03_L01,M025,A,2026-06-27 06:14:00,2026-06-27 06:37:00,23,Planned,Changeover
DT00003175,WO00004309,P03,P03_L01,M027,B,2026-06-27 14:16:00,2026-06-27 14:52:00,36,Planned,Preventive Maintenance
DT00003176,WO00004309,P03,P03_L01,M026,B,2026-06-27 14:57:00,2026-06-27 16:26:00,89,Unplanned,Operator Adjustment
DT00003177,WO00004313,P01,P01_L02,M006,B,2026-06-28 14:21:00,2026-06-28 14:37:00,16,Unplanned,Electrical Fault
DT00003178,WO00004315,P01,P01_L03,M012,A,2026-06-28 06:16:00,2026-06-28 07:09:00,53,Planned,Preventive Maintenance
DT00003179,WO00004321,P02,P02_L02,M018,B,2026-06-28 14:42:00,2026-06-28 15:30:00,48,Planned,Changeover
DT00003180,WO00004322,P02,P02_L02,M017,C,2026-06-28 22:41:00,2026-06-28 22:45:00,4,Unplanned,Operator Adjustment
DT00003181,WO00004323,P02,P02_L03,M024,A,2026-06-28 06:45:00,2026-06-28 07:02:00,17,Unplanned,Operator Adjustment
DT00003182,WO00004325,P03,P03_L01,M027,B,2026-06-28 14:22:00,2026-06-28 14:43:00,21,Unplanned,Mechanical Failure
DT00003183,WO00004326,P03,P03_L01,M027,C,2026-06-28 22:49:00,2026-06-28 23:01:00,12,Unplanned,Sensor/Controls Fault
DT00003184,WO00004328,P03,P03_L02,M029,C,2026-06-28 22:23:00,2026-06-28 23:00:00,37,Planned,Changeover
DT00003185,WO00004330,P01,P01_L01,M001,A,2026-06-29 06:33:00,2026-06-29 07:40:00,67,Planned,Cleaning/Sanitation
DT00003186,WO00004331,P01,P01_L01,M004,B,2026-06-29 14:45:00,2026-06-29 15:30:00,45,Planned,Changeover
DT00003187,WO00004333,P01,P01_L02,M007,A,2026-06-29 06:23:00,2026-06-29 06:42:00,19,Planned,Preventive Maintenance
DT00003188,WO00004333,P01,P01_L02,M008,A,2026-06-29 06:47:00,2026-06-29 06:55:00,8,Unplanned,Utility Interruption
DT00003189,WO00004334,P01,P01_L02,M007,B,2026-06-29 14:49:00,2026-06-29 15:02:00,13,Unplanned,Sensor/Controls Fault
DT00003190,WO00004335,P01,P01_L02,M005,C,2026-06-29 22:36:00,2026-06-29 23:00:00,24,Planned,Preventive Maintenance
DT00003191,WO00004335,P01,P01_L02,M005,C,2026-06-29 23:05:00,2026-06-29 23:12:00,7,Unplanned,Quality Hold
DT00003192,WO00004336,P01,P01_L03,M012,A,2026-06-29 06:40:00,2026-06-29 07:26:00,46,Planned,Preventive Maintenance
DT00003193,WO00004338,P01,P01_L03,M012,C,2026-06-29 22:25:00,2026-06-29 22:55:00,30,Planned,Changeover
DT00003194,WO00004339,P02,P02_L01,M013,A,2026-06-29 06:15:00,2026-06-29 06:29:00,14,Unplanned,Mechanical Failure
DT00003195,WO00004341,P02,P02_L01,M016,C,2026-06-29 22:24:00,2026-06-29 23:10:00,46,Planned,Cleaning/Sanitation
DT00003196,WO00004343,P02,P02_L02,M017,B,2026-06-29 14:43:00,2026-06-29 17:18:00,155,Unplanned,Sensor/Controls Fault
DT00003197,WO00004344,P02,P02_L02,M019,C,2026-06-29 22:19:00,2026-06-29 22:59:00,40,Planned,Preventive Maintenance
DT00003198,WO00004345,P02,P02_L03,M023,A,2026-06-29 06:46:00,2026-06-29 07:15:00,29,Planned,Changeover
DT00003199,WO00004347,P02,P02_L03,M022,C,2026-06-29 22:37:00,2026-06-29 23:06:00,29,Planned,Changeover
DT00003200,WO00004348,P03,P03_L01,M025,A,2026-06-29 06:39:00,2026-06-29 06:55:00,16,Unplanned,Mechanical Failure
DT00003201,WO00004350,P03,P03_L01,M026,C,2026-06-29 22:47:00,2026-06-29 23:38:00,51,Planned,Preventive Maintenance
DT00003202,WO00004350,P03,P03_L01,M028,C,2026-06-29 23:43:00,2026-06-30 00:10:00,27,Unplanned,Mechanical Failure
DT00003203,WO00004351,P03,P03_L02,M030,A,2026-06-29 06:27:00,2026-06-29 06:46:00,19,Planned,Preventive Maintenance
DT00003204,WO00004352,P03,P03_L02,M031,B,2026-06-29 14:24:00,2026-06-29 14:55:00,31,Unplanned,Electrical Fault
DT00003205,WO00004356,P03,P03_L03,M033,C,2026-06-29 22:11:00,2026-06-29 22:25:00,14,Planned,Changeover
