production_id,work_order_id,production_date,shift_id,plant_id,line_id,product_id,scheduled_minutes,planned_downtime_minutes,unplanned_downtime_minutes,operating_minutes,ideal_rate_units_per_hour,total_units,good_units,scrap_units,actual_run_rate_units_per_hour
PR00000001,WO00000001,2026-01-01,A,P01,P01_L01,SKU001,480,21,0,459,49.793,332,323,9,43.399
PR00000002,WO00000002,2026-01-01,B,P01,P01_L01,SKU007,480,37,6,437,69.9,461,455,6,63.295
PR00000003,WO00000003,2026-01-01,C,P01,P01_L01,SKU005,480,0,0,480,50.42,330,320,10,41.25
PR00000004,WO00000004,2026-01-01,A,P01,P01_L02,SKU004,480,0,0,480,56.693,409,398,11,51.125
PR00000005,WO00000005,2026-01-01,B,P01,P01_L02,SKU003,480,30,33,417,61.962,406,396,10,58.417
PR00000006,WO00000006,2026-01-01,C,P01,P01_L02,SKU004,480,0,0,480,56.693,366,351,15,45.75
PR00000007,WO00000007,2026-01-01,A,P01,P01_L03,SKU003,480,0,6,474,61.962,451,440,11,57.089
PR00000008,WO00000008,2026-01-01,B,P01,P01_L03,SKU002,480,0,0,480,72.0,494,474,20,61.75
PR00000009,WO00000009,2026-01-01,C,P01,P01_L03,SKU003,480,0,0,480,61.962,453,439,14,56.625
PR00000010,WO00000010,2026-01-01,A,P02,P02_L01,SKU001,480,31,0,449,48.8,298,290,8,39.822
PR00000011,WO00000011,2026-01-01,B,P02,P02_L01,SKU001,480,0,0,480,48.8,334,327,7,41.75
PR00000012,WO00000012,2026-01-01,C,P02,P02_L01,SKU006,480,17,0,463,48.8,297,287,10,38.488
PR00000013,WO00000013,2026-01-01,A,P02,P02_L02,SKU005,480,29,26,425,50.42,317,309,8,44.753
PR00000014,WO00000014,2026-01-01,B,P02,P02_L02,SKU002,480,18,0,462,55.9,339,328,11,44.026
PR00000015,WO00000015,2026-01-01,C,P02,P02_L02,SKU004,480,0,0,480,55.9,370,357,13,46.25
PR00000016,WO00000016,2026-01-01,A,P02,P02_L03,SKU007,480,22,0,458,47.0,303,300,3,39.694
PR00000017,WO00000017,2026-01-01,B,P02,P02_L03,SKU003,480,0,0,480,47.0,329,323,6,41.125
PR00000018,WO00000018,2026-01-01,C,P02,P02_L03,SKU004,480,39,0,441,47.0,272,261,11,37.007
PR00000019,WO00000019,2026-01-01,A,P03,P03_L01,SKU001,480,0,0,480,49.793,353,346,7,44.125
PR00000020,WO00000020,2026-01-01,B,P03,P03_L01,SKU001,480,12,0,468,49.793,349,341,8,44.744
PR00000021,WO00000021,2026-01-01,C,P03,P03_L01,SKU004,480,0,33,447,56.693,368,352,16,49.396
PR00000022,WO00000022,2026-01-01,A,P03,P03_L02,SKU006,480,29,4,447,54.878,391,382,9,52.483
PR00000023,WO00000023,2026-01-01,B,P03,P03_L02,SKU001,480,56,20,404,49.793,282,276,6,41.881
PR00000024,WO00000024,2026-01-01,C,P03,P03_L02,SKU006,480,0,11,469,54.878,383,372,11,48.998
PR00000025,WO00000025,2026-01-01,A,P03,P03_L03,SKU004,480,52,0,428,56.693,361,348,13,50.607
PR00000026,WO00000026,2026-01-01,B,P03,P03_L03,SKU003,480,0,0,480,58.1,416,408,8,52.0
PR00000027,WO00000027,2026-01-01,C,P03,P03_L03,SKU003,480,0,30,450,58.1,365,356,9,48.667
PR00000028,WO00000028,2026-01-02,A,P01,P01_L01,SKU007,480,33,0,447,69.9,494,486,8,66.309
PR00000029,WO00000029,2026-01-02,B,P01,P01_L01,SKU001,480,0,0,480,49.793,351,344,7,43.875
PR00000030,WO00000030,2026-01-02,C,P01,P01_L01,SKU004,480,0,82,398,56.693,338,324,14,50.955
PR00000031,WO00000031,2026-01-02,A,P01,P01_L02,SKU001,480,0,0,480,49.793,355,346,9,44.375
PR00000032,WO00000032,2026-01-02,B,P01,P01_L02,SKU008,480,0,0,480,60.302,386,381,5,48.25
PR00000033,WO00000033,2026-01-02,C,P01,P01_L02,SKU008,480,47,0,433,60.302,334,329,5,46.282
PR00000034,WO00000034,2026-01-02,A,P01,P01_L03,SKU008,480,0,0,480,60.302,430,423,7,53.75
PR00000035,WO00000035,2026-01-02,B,P01,P01_L03,SKU003,480,0,0,480,61.962,487,477,10,60.875
PR00000036,WO00000036,2026-01-02,C,P01,P01_L03,SKU008,480,26,0,454,60.302,383,376,7,50.617
PR00000037,WO00000037,2026-01-02,A,P02,P02_L01,SKU002,480,0,0,480,48.8,311,301,10,38.875
PR00000038,WO00000038,2026-01-02,B,P02,P02_L01,SKU004,480,26,0,454,48.8,312,301,11,41.233
PR00000039,WO00000039,2026-01-02,C,P02,P02_L01,SKU003,480,0,0,480,48.8,324,318,6,40.5
PR00000040,WO00000040,2026-01-02,A,P02,P02_L02,SKU002,480,51,0,429,55.9,339,329,10,47.413
PR00000041,WO00000041,2026-01-02,B,P02,P02_L02,SKU006,480,0,0,480,54.878,423,411,12,52.875
PR00000042,WO00000042,2026-01-02,C,P02,P02_L02,SKU004,480,0,0,480,55.9,364,353,11,45.5
PR00000043,WO00000043,2026-01-02,A,P02,P02_L03,SKU004,480,31,0,449,47.0,299,287,12,39.955
PR00000044,WO00000044,2026-01-02,B,P02,P02_L03,SKU005,480,0,0,480,47.0,295,287,8,36.875
PR00000045,WO00000045,2026-01-02,C,P02,P02_L03,SKU007,480,0,10,470,47.0,300,296,4,38.298
PR00000046,WO00000046,2026-01-02,A,P03,P03_L01,SKU004,480,0,0,480,56.693,417,401,16,52.125
PR00000047,WO00000047,2026-01-02,B,P03,P03_L01,SKU001,480,33,0,447,49.793,331,322,9,44.43
PR00000048,WO00000048,2026-01-02,C,P03,P03_L01,SKU006,480,0,0,480,54.878,380,370,10,47.5
PR00000049,WO00000049,2026-01-02,A,P03,P03_L02,SKU006,480,0,0,480,54.878,400,390,10,50.0
PR00000050,WO00000050,2026-01-02,B,P03,P03_L02,SKU008,480,80,0,400,56.6,321,316,5,48.15
PR00000051,WO00000051,2026-01-02,C,P03,P03_L02,SKU004,480,21,0,459,56.6,340,328,12,44.444
PR00000052,WO00000052,2026-01-02,A,P03,P03_L03,SKU001,480,18,0,462,49.793,341,333,8,44.286
PR00000053,WO00000053,2026-01-02,B,P03,P03_L03,SKU003,480,53,0,427,58.1,380,372,8,53.396
PR00000054,WO00000054,2026-01-02,C,P03,P03_L03,SKU003,480,38,12,430,58.1,354,347,7,49.395
PR00000055,WO00000055,2026-01-03,B,P01,P01_L01,SKU006,480,0,0,480,54.878,394,381,13,49.25
PR00000056,WO00000056,2026-01-03,C,P01,P01_L01,SKU001,480,0,0,480,49.793,314,304,10,39.25
PR00000057,WO00000057,2026-01-03,A,P01,P01_L02,SKU008,480,62,0,418,60.302,381,371,10,54.689
PR00000058,WO00000058,2026-01-03,C,P01,P01_L02,SKU004,480,0,0,480,56.693,374,357,17,46.75
PR00000059,WO00000059,2026-01-03,B,P01,P01_L03,SKU003,480,0,23,457,61.962,421,410,11,55.274
PR00000060,WO00000060,2026-01-03,C,P01,P01_L03,SKU006,480,0,0,480,54.878,397,382,15,49.625
PR00000061,WO00000061,2026-01-03,C,P02,P02_L01,SKU006,480,0,0,480,48.8,339,330,9,42.375
PR00000062,WO00000062,2026-01-03,C,P02,P02_L02,SKU006,480,0,11,469,54.878,361,350,11,46.183
PR00000063,WO00000063,2026-01-03,C,P02,P02_L03,SKU003,480,0,0,480,47.0,331,323,8,41.375
PR00000064,WO00000064,2026-01-03,C,P03,P03_L01,SKU001,480,25,0,455,49.793,321,313,8,42.33
PR00000065,WO00000065,2026-01-03,B,P03,P03_L02,SKU006,480,0,0,480,54.878,399,387,12,49.875
PR00000066,WO00000066,2026-01-03,C,P03,P03_L02,SKU001,480,0,6,474,49.793,347,337,10,43.924
PR00000067,WO00000067,2026-01-03,B,P03,P03_L03,SKU004,480,12,0,468,56.693,403,391,12,51.667
PR00000068,WO00000068,2026-01-03,C,P03,P03_L03,SKU004,480,0,6,474,56.693,374,359,15,47.342
PR00000069,WO00000069,2026-01-04,A,P01,P01_L01,SKU005,480,64,11,405,50.42,308,299,9,45.63
PR00000070,WO00000070,2026-01-04,C,P01,P01_L01,SKU001,480,0,0,480,49.793,326,317,9,40.75
PR00000071,WO00000071,2026-01-04,B,P01,P01_L02,SKU004,480,38,0,442,56.693,370,356,14,50.226
PR00000072,WO00000072,2026-01-04,A,P01,P01_L03,SKU004,480,0,0,480,56.693,421,406,15,52.625
PR00000073,WO00000073,2026-01-04,B,P01,P01_L03,SKU008,480,29,0,451,60.302,391,386,5,52.018
PR00000074,WO00000074,2026-01-04,A,P02,P02_L01,SKU003,480,0,0,480,48.8,342,337,5,42.75
PR00000075,WO00000075,2026-01-04,B,P02,P02_L01,SKU003,480,20,0,460,48.8,366,360,6,47.739
PR00000076,WO00000076,2026-01-04,C,P02,P02_L01,SKU006,480,0,59,421,48.8,286,276,10,40.76
PR00000077,WO00000077,2026-01-04,A,P02,P02_L02,SKU004,480,0,0,480,55.9,416,402,14,52.0
PR00000078,WO00000078,2026-01-04,C,P02,P02_L02,SKU006,480,0,0,480,54.878,349,337,12,43.625
PR00000079,WO00000079,2026-01-04,A,P02,P02_L03,SKU007,480,0,0,480,47.0,318,312,6,39.75
PR00000080,WO00000080,2026-01-04,B,P02,P02_L03,SKU008,480,0,0,480,47.0,318,314,4,39.75
PR00000081,WO00000081,2026-01-04,A,P03,P03_L01,SKU006,480,44,0,436,54.878,356,348,8,48.991
PR00000082,WO00000082,2026-01-04,B,P03,P03_L01,SKU003,480,0,0,480,57.7,399,393,6,49.875
PR00000083,WO00000083,2026-01-04,C,P03,P03_L01,SKU001,480,30,0,450,49.793,329,319,10,43.867
PR00000084,WO00000084,2026-01-04,A,P03,P03_L02,SKU008,480,36,0,444,56.6,326,324,2,44.054
PR00000085,WO00000085,2026-01-04,C,P03,P03_L02,SKU008,480,0,0,480,56.6,348,342,6,43.5
PR00000086,WO00000086,2026-01-05,A,P01,P01_L01,SKU001,480,0,0,480,49.793,350,341,9,43.75
PR00000087,WO00000087,2026-01-05,B,P01,P01_L01,SKU001,480,0,25,455,49.793,331,322,9,43.648
PR00000088,WO00000088,2026-01-05,C,P01,P01_L01,SKU005,480,0,0,480,50.42,361,349,12,45.125
PR00000089,WO00000089,2026-01-05,A,P01,P01_L02,SKU001,480,44,25,411,49.793,306,296,10,44.672
PR00000090,WO00000090,2026-01-05,B,P01,P01_L02,SKU001,480,42,0,438,49.793,316,306,10,43.288
PR00000091,WO00000091,2026-01-05,C,P01,P01_L02,SKU006,480,0,58,422,54.878,336,325,11,47.773
PR00000092,WO00000092,2026-01-05,A,P01,P01_L03,SKU003,480,37,145,298,61.962,286,281,5,57.584
PR00000093,WO00000093,2026-01-05,B,P01,P01_L03,SKU003,480,29,0,451,61.962,469,454,15,62.395
PR00000094,WO00000094,2026-01-05,C,P01,P01_L03,SKU003,480,0,0,480,61.962,451,437,14,56.375
PR00000095,WO00000095,2026-01-05,A,P02,P02_L01,SKU004,480,76,0,404,48.8,289,277,12,42.921
PR00000096,WO00000096,2026-01-05,B,P02,P02_L01,SKU003,480,24,22,434,48.8,314,308,6,43.41
PR00000097,WO00000097,2026-01-05,C,P02,P02_L01,SKU006,480,0,0,480,48.8,329,319,10,41.125
PR00000098,WO00000098,2026-01-05,A,P02,P02_L02,SKU004,480,0,0,480,55.9,411,398,13,51.375
PR00000099,WO00000099,2026-01-05,B,P02,P02_L02,SKU006,480,0,42,438,54.878,331,320,11,45.342
PR00000100,WO00000100,2026-01-05,C,P02,P02_L02,SKU004,480,29,0,451,55.9,343,329,14,45.632
PR00000101,WO00000101,2026-01-05,A,P02,P02_L03,SKU005,480,37,16,427,47.0,299,293,6,42.014
PR00000102,WO00000102,2026-01-05,B,P02,P02_L03,SKU003,480,0,0,480,47.0,335,327,8,41.875
PR00000103,WO00000103,2026-01-05,C,P02,P02_L03,SKU003,480,0,0,480,47.0,323,318,5,40.375
PR00000104,WO00000104,2026-01-05,A,P03,P03_L01,SKU001,480,37,0,443,49.793,321,316,5,43.476
PR00000105,WO00000105,2026-01-05,B,P03,P03_L01,SKU004,480,0,0,480,56.693,409,395,14,51.125
PR00000106,WO00000106,2026-01-05,C,P03,P03_L01,SKU008,480,21,0,459,57.7,360,353,7,47.059
PR00000107,WO00000107,2026-01-05,A,P03,P03_L02,SKU008,480,16,37,427,56.6,340,331,9,47.775
PR00000108,WO00000108,2026-01-05,B,P03,P03_L02,SKU004,480,23,0,457,56.6,365,353,12,47.921
PR00000109,WO00000109,2026-01-05,C,P03,P03_L02,SKU002,480,27,0,453,56.6,338,324,14,44.768
PR00000110,WO00000110,2026-01-05,A,P03,P03_L03,SKU001,480,30,0,450,49.793,334,327,7,44.533
PR00000111,WO00000111,2026-01-05,B,P03,P03_L03,SKU004,480,28,0,452,56.693,386,373,13,51.239
PR00000112,WO00000112,2026-01-05,C,P03,P03_L03,SKU003,480,0,7,473,58.1,374,366,8,47.442
PR00000113,WO00000113,2026-01-06,A,P01,P01_L01,SKU005,480,0,0,480,50.42,331,324,7,41.375
PR00000114,WO00000114,2026-01-06,B,P01,P01_L01,SKU001,480,0,0,480,49.793,355,344,11,44.375
PR00000115,WO00000115,2026-01-06,C,P01,P01_L01,SKU006,480,0,0,480,54.878,391,376,15,48.875
PR00000116,WO00000116,2026-01-06,A,P01,P01_L02,SKU008,480,42,0,438,60.302,396,389,7,54.247
PR00000117,WO00000117,2026-01-06,B,P01,P01_L02,SKU004,480,23,0,457,56.693,396,379,17,51.991
PR00000118,WO00000118,2026-01-06,C,P01,P01_L02,SKU002,480,0,4,476,65.2,433,413,20,54.58
PR00000119,WO00000119,2026-01-06,A,P01,P01_L03,SKU003,480,0,0,480,61.962,481,475,6,60.125
PR00000120,WO00000120,2026-01-06,B,P01,P01_L03,SKU003,480,54,0,426,61.962,409,399,10,57.606
PR00000121,WO00000121,2026-01-06,C,P01,P01_L03,SKU003,480,0,55,425,61.962,385,376,9,54.353
PR00000122,WO00000122,2026-01-06,A,P02,P02_L01,SKU004,480,0,0,480,48.8,327,316,11,40.875
PR00000123,WO00000123,2026-01-06,B,P02,P02_L01,SKU001,480,30,0,450,48.8,316,307,9,42.133
PR00000124,WO00000124,2026-01-06,C,P02,P02_L01,SKU005,480,19,0,461,48.8,303,294,9,39.436
PR00000125,WO00000125,2026-01-06,A,P02,P02_L02,SKU006,480,0,0,480,54.878,376,367,9,47.0
PR00000126,WO00000126,2026-01-06,B,P02,P02_L02,SKU002,480,0,8,472,55.9,366,352,14,46.525
PR00000127,WO00000127,2026-01-06,C,P02,P02_L02,SKU002,480,21,0,459,55.9,340,326,14,44.444
PR00000128,WO00000128,2026-01-06,A,P02,P02_L03,SKU007,480,0,0,480,47.0,337,330,7,42.125
PR00000129,WO00000129,2026-01-06,B,P02,P02_L03,SKU006,480,0,0,480,47.0,349,338,11,43.625
PR00000130,WO00000130,2026-01-06,C,P02,P02_L03,SKU001,480,25,0,455,47.0,280,271,9,36.923
PR00000131,WO00000131,2026-01-06,A,P03,P03_L01,SKU003,480,36,0,444,57.7,407,401,6,55.0
PR00000132,WO00000132,2026-01-06,B,P03,P03_L01,SKU004,480,0,28,452,56.693,364,352,12,48.319
PR00000133,WO00000133,2026-01-06,C,P03,P03_L01,SKU006,480,0,7,473,54.878,369,356,13,46.808
PR00000134,WO00000134,2026-01-06,A,P03,P03_L02,SKU006,480,0,0,480,54.878,411,402,9,51.375
PR00000135,WO00000135,2026-01-06,B,P03,P03_L02,SKU001,480,52,0,428,49.793,325,318,7,45.561
PR00000136,WO00000136,2026-01-06,C,P03,P03_L02,SKU002,480,0,51,429,56.6,323,310,13,45.175
PR00000137,WO00000137,2026-01-06,A,P03,P03_L03,SKU003,480,18,27,435,58.1,402,391,11,55.448
PR00000138,WO00000138,2026-01-06,B,P03,P03_L03,SKU006,480,26,60,394,54.878,336,325,11,51.168
PR00000139,WO00000139,2026-01-06,C,P03,P03_L03,SKU004,480,26,62,392,56.693,307,296,11,46.99
PR00000140,WO00000140,2026-01-07,A,P01,P01_L01,SKU005,480,0,0,480,50.42,349,339,10,43.625
PR00000141,WO00000141,2026-01-07,B,P01,P01_L01,SKU004,480,33,0,447,56.693,346,332,14,46.443
PR00000142,WO00000142,2026-01-07,C,P01,P01_L01,SKU007,480,28,16,436,69.9,438,429,9,60.275
PR00000143,WO00000143,2026-01-07,A,P01,P01_L02,SKU008,480,0,0,480,60.302,400,391,9,50.0
PR00000144,WO00000144,2026-01-07,B,P01,P01_L02,SKU008,480,0,0,480,60.302,403,395,8,50.375
PR00000145,WO00000145,2026-01-07,C,P01,P01_L02,SKU002,480,0,0,480,65.2,403,385,18,50.375
PR00000146,WO00000146,2026-01-07,A,P01,P01_L03,SKU004,480,36,0,444,56.693,402,388,14,54.324
PR00000147,WO00000147,2026-01-07,B,P01,P01_L03,SKU008,480,0,0,480,60.302,411,405,6,51.375
PR00000148,WO00000148,2026-01-07,C,P01,P01_L03,SKU002,480,0,0,480,72.0,476,453,23,59.5
PR00000149,WO00000149,2026-01-07,A,P02,P02_L01,SKU006,480,0,33,447,48.8,345,334,11,46.309
PR00000150,WO00000150,2026-01-07,B,P02,P02_L01,SKU003,480,41,0,439,48.8,308,299,9,42.096
PR00000151,WO00000151,2026-01-07,C,P02,P02_L01,SKU001,480,0,0,480,48.8,319,312,7,39.875
PR00000152,WO00000152,2026-01-07,A,P02,P02_L02,SKU003,480,48,0,432,55.9,375,368,7,52.083
PR00000153,WO00000153,2026-01-07,B,P02,P02_L02,SKU002,480,0,0,480,55.9,370,355,15,46.25
PR00000154,WO00000154,2026-01-07,C,P02,P02_L02,SKU002,480,27,0,453,55.9,336,323,13,44.503
PR00000155,WO00000155,2026-01-07,A,P02,P02_L03,SKU001,480,0,0,480,47.0,305,297,8,38.125
PR00000156,WO00000156,2026-01-07,B,P02,P02_L03,SKU007,480,0,0,480,47.0,330,325,5,41.25
PR00000157,WO00000157,2026-01-07,C,P02,P02_L03,SKU003,480,40,20,420,47.0,304,298,6,43.429
PR00000158,WO00000158,2026-01-07,A,P03,P03_L01,SKU007,480,0,132,348,57.7,317,313,4,54.655
PR00000159,WO00000159,2026-01-07,B,P03,P03_L01,SKU001,480,49,0,431,49.793,310,304,6,43.155
PR00000160,WO00000160,2026-01-07,C,P03,P03_L01,SKU001,480,0,0,480,49.793,330,323,7,41.25
PR00000161,WO00000161,2026-01-07,A,P03,P03_L02,SKU006,480,16,0,464,54.878,390,380,10,50.431
PR00000162,WO00000162,2026-01-07,B,P03,P03_L02,SKU006,480,26,0,454,54.878,377,368,9,49.824
PR00000163,WO00000163,2026-01-07,C,P03,P03_L02,SKU001,480,0,0,480,49.793,361,351,10,45.125
PR00000164,WO00000164,2026-01-07,A,P03,P03_L03,SKU001,480,0,111,369,49.793,266,260,6,43.252
PR00000165,WO00000165,2026-01-07,B,P03,P03_L03,SKU004,480,0,0,480,56.693,391,379,12,48.875
PR00000166,WO00000166,2026-01-07,C,P03,P03_L03,SKU001,480,23,0,457,49.793,335,326,9,43.982
PR00000167,WO00000167,2026-01-08,A,P01,P01_L01,SKU006,480,33,27,420,54.878,368,355,13,52.571
PR00000168,WO00000168,2026-01-08,B,P01,P01_L01,SKU006,480,28,0,452,54.878,362,347,15,48.053
PR00000169,WO00000169,2026-01-08,C,P01,P01_L01,SKU001,480,0,0,480,49.793,353,341,12,44.125
PR00000170,WO00000170,2026-01-08,A,P01,P01_L02,SKU004,480,0,43,437,56.693,355,341,14,48.741
PR00000171,WO00000171,2026-01-08,B,P01,P01_L02,SKU002,480,0,0,480,65.2,453,436,17,56.625
PR00000172,WO00000172,2026-01-08,C,P01,P01_L02,SKU003,480,21,0,459,61.962,423,413,10,55.294
PR00000173,WO00000173,2026-01-08,A,P01,P01_L03,SKU003,480,0,0,480,61.962,467,459,8,58.375
PR00000174,WO00000174,2026-01-08,B,P01,P01_L03,SKU003,480,0,0,480,61.962,456,450,6,57.0
PR00000175,WO00000175,2026-01-08,C,P01,P01_L03,SKU008,480,0,0,480,60.302,382,374,8,47.75
PR00000176,WO00000176,2026-01-08,A,P02,P02_L01,SKU003,480,24,0,456,48.8,335,329,6,44.079
PR00000177,WO00000177,2026-01-08,B,P02,P02_L01,SKU005,480,22,0,458,48.8,294,286,8,38.515
PR00000178,WO00000178,2026-01-08,C,P02,P02_L01,SKU002,480,0,0,480,48.8,305,290,15,38.125
PR00000179,WO00000179,2026-01-08,A,P02,P02_L02,SKU002,480,0,0,480,55.9,393,380,13,49.125
PR00000180,WO00000180,2026-01-08,B,P02,P02_L02,SKU006,480,0,0,480,54.878,364,352,12,45.5
PR00000181,WO00000181,2026-01-08,C,P02,P02_L02,SKU004,480,20,0,460,55.9,355,344,11,46.304
PR00000182,WO00000182,2026-01-08,A,P02,P02_L03,SKU003,480,71,0,409,47.0,283,279,4,41.516
PR00000183,WO00000183,2026-01-08,B,P02,P02_L03,SKU007,480,21,0,459,47.0,315,314,1,41.176
PR00000184,WO00000184,2026-01-08,C,P02,P02_L03,SKU004,480,0,0,480,47.0,316,302,14,39.5
PR00000185,WO00000185,2026-01-08,A,P03,P03_L01,SKU001,480,0,0,480,49.793,350,343,7,43.75
PR00000186,WO00000186,2026-01-08,B,P03,P03_L01,SKU004,480,39,98,343,56.693,292,282,10,51.079
PR00000187,WO00000187,2026-01-08,C,P03,P03_L01,SKU001,480,0,0,480,49.793,328,319,9,41.0
PR00000188,WO00000188,2026-01-08,A,P03,P03_L02,SKU006,480,50,0,430,54.878,364,355,9,50.791
PR00000189,WO00000189,2026-01-08,B,P03,P03_L02,SKU006,480,0,0,480,54.878,391,381,10,48.875
PR00000190,WO00000190,2026-01-08,C,P03,P03_L02,SKU006,480,18,0,462,54.878,378,365,13,49.091
PR00000191,WO00000191,2026-01-08,A,P03,P03_L03,SKU004,480,0,0,480,56.693,381,368,13,47.625
PR00000192,WO00000192,2026-01-08,B,P03,P03_L03,SKU008,480,29,31,420,58.1,358,354,4,51.143
PR00000193,WO00000193,2026-01-08,C,P03,P03_L03,SKU001,480,0,13,467,49.793,333,325,8,42.784
PR00000194,WO00000194,2026-01-09,A,P01,P01_L01,SKU005,480,26,20,434,50.42,295,289,6,40.783
PR00000195,WO00000195,2026-01-09,B,P01,P01_L01,SKU004,480,0,15,465,56.693,373,359,14,48.129
PR00000196,WO00000196,2026-01-09,C,P01,P01_L01,SKU006,480,0,0,480,54.878,379,366,13,47.375
PR00000197,WO00000197,2026-01-09,A,P01,P01_L02,SKU001,480,0,25,455,49.793,355,348,7,46.813
PR00000198,WO00000198,2026-01-09,B,P01,P01_L02,SKU002,480,36,0,444,65.2,405,387,18,54.73
PR00000199,WO00000199,2026-01-09,C,P01,P01_L02,SKU007,480,24,0,456,65.2,442,433,9,58.158
PR00000200,WO00000200,2026-01-09,A,P01,P01_L03,SKU004,480,25,75,380,56.693,303,294,9,47.842
PR00000201,WO00000201,2026-01-09,B,P01,P01_L03,SKU003,480,0,0,480,61.962,450,438,12,56.25
PR00000202,WO00000202,2026-01-09,C,P01,P01_L03,SKU003,480,0,0,480,61.962,459,449,10,57.375
PR00000203,WO00000203,2026-01-09,A,P02,P02_L01,SKU003,480,0,0,480,48.8,362,353,9,45.25
PR00000204,WO00000204,2026-01-09,B,P02,P02_L01,SKU003,480,0,0,480,48.8,330,324,6,41.25
PR00000205,WO00000205,2026-01-09,C,P02,P02_L01,SKU003,480,58,64,358,48.8,257,253,4,43.073
PR00000206,WO00000206,2026-01-09,A,P02,P02_L02,SKU004,480,26,8,446,55.9,389,375,14,52.332
PR00000207,WO00000207,2026-01-09,B,P02,P02_L02,SKU005,480,42,0,438,50.42,294,288,6,40.274
PR00000208,WO00000208,2026-01-09,C,P02,P02_L02,SKU006,480,42,0,438,54.878,350,341,9,47.945
PR00000209,WO00000209,2026-01-09,A,P02,P02_L03,SKU003,480,75,39,366,47.0,278,274,4,45.574
PR00000210,WO00000210,2026-01-09,B,P02,P02_L03,SKU003,480,0,0,480,47.0,341,335,6,42.625
PR00000211,WO00000211,2026-01-09,C,P02,P02_L03,SKU007,480,0,0,480,47.0,303,298,5,37.875
PR00000212,WO00000212,2026-01-09,A,P03,P03_L01,SKU004,480,0,49,431,56.693,370,357,13,51.508
PR00000213,WO00000213,2026-01-09,B,P03,P03_L01,SKU003,480,20,0,460,57.7,402,396,6,52.435
PR00000214,WO00000214,2026-01-09,C,P03,P03_L01,SKU001,480,0,0,480,49.793,330,320,10,41.25
PR00000215,WO00000215,2026-01-09,A,P03,P03_L02,SKU001,480,0,0,480,49.793,352,343,9,44.0
PR00000216,WO00000216,2026-01-09,B,P03,P03_L02,SKU004,480,20,0,460,56.6,361,348,13,47.087
PR00000217,WO00000217,2026-01-09,C,P03,P03_L02,SKU004,480,0,19,461,56.6,350,337,13,45.553
PR00000218,WO00000218,2026-01-09,A,P03,P03_L03,SKU004,480,20,0,460,56.693,395,383,12,51.522
PR00000219,WO00000219,2026-01-09,B,P03,P03_L03,SKU006,480,33,0,447,54.878,356,347,9,47.785
PR00000220,WO00000220,2026-01-09,C,P03,P03_L03,SKU001,480,32,54,394,49.793,271,264,7,41.269
PR00000221,WO00000221,2026-01-10,C,P01,P01_L01,SKU001,480,50,6,424,49.793,290,281,9,41.038
PR00000222,WO00000222,2026-01-10,C,P01,P01_L02,SKU003,480,20,4,456,61.962,416,405,11,54.737
PR00000223,WO00000223,2026-01-10,B,P01,P01_L03,SKU004,480,32,0,448,56.693,373,357,16,49.955
PR00000224,WO00000224,2026-01-10,C,P01,P01_L03,SKU004,480,0,0,480,56.693,384,368,16,48.0
PR00000225,WO00000225,2026-01-10,A,P02,P02_L02,SKU002,480,0,0,480,55.9,383,369,14,47.875
PR00000226,WO00000226,2026-01-10,B,P02,P02_L02,SKU004,480,58,14,408,55.9,354,344,10,52.059
PR00000227,WO00000227,2026-01-10,A,P02,P02_L03,SKU003,480,0,0,480,47.0,345,338,7,43.125
PR00000228,WO00000228,2026-01-10,C,P02,P02_L03,SKU001,480,12,14,454,47.0,286,277,9,37.797
PR00000229,WO00000229,2026-01-10,B,P03,P03_L01,SKU007,480,20,0,460,57.7,363,360,3,47.348
PR00000230,WO00000230,2026-01-10,C,P03,P03_L01,SKU004,480,22,0,458,56.693,378,364,14,49.52
PR00000231,WO00000231,2026-01-10,A,P03,P03_L02,SKU004,480,17,0,463,56.6,413,396,17,53.521
PR00000232,WO00000232,2026-01-10,B,P03,P03_L02,SKU002,480,0,0,480,56.6,339,327,12,42.375
PR00000233,WO00000233,2026-01-10,C,P03,P03_L02,SKU001,480,35,0,445,49.793,305,299,6,41.124
PR00000234,WO00000234,2026-01-10,A,P03,P03_L03,SKU003,480,0,0,480,58.1,430,421,9,53.75
PR00000235,WO00000235,2026-01-10,B,P03,P03_L03,SKU003,480,26,31,423,58.1,389,380,9,55.177
PR00000236,WO00000236,2026-01-11,A,P01,P01_L01,SKU004,480,22,0,458,56.693,357,344,13,46.769
PR00000237,WO00000237,2026-01-11,C,P01,P01_L01,SKU002,480,65,0,415,69.9,382,364,18,55.229
PR00000238,WO00000238,2026-01-11,A,P01,P01_L02,SKU003,480,0,18,462,61.962,415,406,9,53.896
PR00000239,WO00000239,2026-01-11,B,P01,P01_L02,SKU006,480,0,0,480,54.878,387,371,16,48.375
PR00000240,WO00000240,2026-01-11,C,P01,P01_L02,SKU002,480,25,0,455,65.2,404,384,20,53.275
PR00000241,WO00000241,2026-01-11,A,P01,P01_L03,SKU003,480,0,6,474,61.962,473,463,10,59.873
PR00000242,WO00000242,2026-01-11,C,P01,P01_L03,SKU004,480,35,0,445,56.693,360,343,17,48.539
PR00000243,WO00000243,2026-01-11,A,P02,P02_L01,SKU006,480,0,0,480,48.8,361,350,11,45.125
PR00000244,WO00000244,2026-01-11,C,P02,P02_L01,SKU008,480,27,9,444,48.8,294,289,5,39.73
PR00000245,WO00000245,2026-01-11,A,P02,P02_L02,SKU002,480,0,41,439,55.9,331,322,9,45.239
PR00000246,WO00000246,2026-01-11,B,P02,P02_L02,SKU004,480,0,0,480,55.9,390,377,13,48.75
PR00000247,WO00000247,2026-01-11,B,P02,P02_L03,SKU003,480,24,0,456,47.0,312,304,8,41.053
PR00000248,WO00000248,2026-01-11,C,P02,P02_L03,SKU003,480,0,0,480,47.0,357,349,8,44.625
PR00000249,WO00000249,2026-01-11,A,P03,P03_L01,SKU001,480,0,0,480,49.793,370,362,8,46.25
PR00000250,WO00000250,2026-01-11,B,P03,P03_L01,SKU003,480,0,0,480,57.7,413,408,5,51.625
PR00000251,WO00000251,2026-01-11,C,P03,P03_L02,SKU001,480,21,0,459,49.793,322,316,6,42.092
PR00000252,WO00000252,2026-01-11,A,P03,P03_L03,SKU004,480,0,50,430,56.693,342,330,12,47.721
PR00000253,WO00000253,2026-01-12,A,P01,P01_L01,SKU001,480,0,46,434,49.793,323,316,7,44.654
PR00000254,WO00000254,2026-01-12,B,P01,P01_L01,SKU001,480,0,83,397,49.793,291,282,9,43.98
PR00000255,WO00000255,2026-01-12,C,P01,P01_L01,SKU001,480,27,22,431,49.793,304,294,10,42.32
PR00000256,WO00000256,2026-01-12,A,P01,P01_L02,SKU008,480,0,72,408,60.302,373,366,7,54.853
PR00000257,WO00000257,2026-01-12,B,P01,P01_L02,SKU001,480,0,0,480,49.793,390,378,12,48.75
PR00000258,WO00000258,2026-01-12,C,P01,P01_L02,SKU008,480,51,0,429,60.302,348,342,6,48.671
PR00000259,WO00000259,2026-01-12,A,P01,P01_L03,SKU008,480,0,0,480,60.302,411,402,9,51.375
PR00000260,WO00000260,2026-01-12,B,P01,P01_L03,SKU008,480,0,0,480,60.302,415,410,5,51.875
PR00000261,WO00000261,2026-01-12,C,P01,P01_L03,SKU003,480,0,0,480,61.962,459,448,11,57.375
PR00000262,WO00000262,2026-01-12,A,P02,P02_L01,SKU003,480,26,65,389,48.8,312,304,8,48.123
PR00000263,WO00000263,2026-01-12,B,P02,P02_L01,SKU004,480,0,0,480,48.8,310,300,10,38.75
PR00000264,WO00000264,2026-01-12,C,P02,P02_L01,SKU004,480,0,0,480,48.8,303,293,10,37.875
PR00000265,WO00000265,2026-01-12,A,P02,P02_L02,SKU004,480,47,0,433,55.9,359,349,10,49.746
PR00000266,WO00000266,2026-01-12,B,P02,P02_L02,SKU004,480,0,0,480,55.9,376,363,13,47.0
PR00000267,WO00000267,2026-01-12,C,P02,P02_L02,SKU004,480,79,0,401,55.9,316,306,10,47.282
PR00000268,WO00000268,2026-01-12,A,P02,P02_L03,SKU004,480,20,0,460,47.0,317,306,11,41.348
PR00000269,WO00000269,2026-01-12,B,P02,P02_L03,SKU005,480,0,0,480,47.0,302,297,5,37.75
PR00000270,WO00000270,2026-01-12,C,P02,P02_L03,SKU005,480,0,41,439,47.0,263,257,6,35.945
PR00000271,WO00000271,2026-01-12,A,P03,P03_L01,SKU001,480,0,0,480,49.793,353,347,6,44.125
PR00000272,WO00000272,2026-01-12,B,P03,P03_L01,SKU004,480,37,0,443,56.693,369,356,13,49.977
PR00000273,WO00000273,2026-01-12,C,P03,P03_L01,SKU001,480,0,0,480,49.793,325,319,6,40.625
PR00000274,WO00000274,2026-01-12,A,P03,P03_L02,SKU001,480,0,0,480,49.793,369,360,9,46.125
PR00000275,WO00000275,2026-01-12,B,P03,P03_L02,SKU002,480,52,7,421,56.6,323,311,12,46.033
PR00000276,WO00000276,2026-01-12,C,P03,P03_L02,SKU001,480,23,0,457,49.793,315,307,8,41.357
PR00000277,WO00000277,2026-01-12,A,P03,P03_L03,SKU006,480,38,0,442,54.878,375,365,10,50.905
PR00000278,WO00000278,2026-01-12,B,P03,P03_L03,SKU004,480,16,0,464,56.693,380,368,12,49.138
PR00000279,WO00000279,2026-01-12,C,P03,P03_L03,SKU001,480,0,60,420,49.793,280,273,7,40.0
PR00000280,WO00000280,2026-01-13,A,P01,P01_L01,SKU005,480,0,0,480,50.42,350,340,10,43.75
PR00000281,WO00000281,2026-01-13,B,P01,P01_L01,SKU005,480,22,0,458,50.42,350,339,11,45.852
PR00000282,WO00000282,2026-01-13,C,P01,P01_L01,SKU001,480,0,0,480,49.793,326,317,9,40.75
PR00000283,WO00000283,2026-01-13,A,P01,P01_L02,SKU002,480,17,0,463,65.2,448,431,17,58.056
PR00000284,WO00000284,2026-01-13,B,P01,P01_L02,SKU006,480,30,0,450,54.878,394,382,12,52.533
PR00000285,WO00000285,2026-01-13,C,P01,P01_L02,SKU001,480,22,0,458,49.793,332,324,8,43.493
PR00000286,WO00000286,2026-01-13,A,P01,P01_L03,SKU003,480,0,0,480,61.962,457,447,10,57.125
PR00000287,WO00000287,2026-01-13,B,P01,P01_L03,SKU008,480,37,48,395,60.302,331,325,6,50.278
PR00000288,WO00000288,2026-01-13,C,P01,P01_L03,SKU003,480,34,0,446,61.962,420,409,11,56.502
PR00000289,WO00000289,2026-01-13,A,P02,P02_L01,SKU003,480,19,0,461,48.8,363,357,6,47.245
PR00000290,WO00000290,2026-01-13,B,P02,P02_L01,SKU003,480,43,21,416,48.8,290,282,8,41.827
PR00000291,WO00000291,2026-01-13,C,P02,P02_L01,SKU005,480,0,27,453,48.8,307,299,8,40.662
PR00000292,WO00000292,2026-01-13,A,P02,P02_L02,SKU004,480,25,0,455,55.9,366,352,14,48.264
PR00000293,WO00000293,2026-01-13,B,P02,P02_L02,SKU002,480,29,0,451,55.9,359,345,14,47.761
PR00000294,WO00000294,2026-01-13,C,P02,P02_L02,SKU004,480,0,0,480,55.9,383,369,14,47.875
PR00000295,WO00000295,2026-01-13,A,P02,P02_L03,SKU007,480,0,0,480,47.0,317,313,4,39.625
PR00000296,WO00000296,2026-01-13,B,P02,P02_L03,SKU003,480,0,0,480,47.0,340,332,8,42.5
PR00000297,WO00000297,2026-01-13,C,P02,P02_L03,SKU003,480,0,13,467,47.0,308,300,8,39.572
PR00000298,WO00000298,2026-01-13,A,P03,P03_L01,SKU004,480,68,0,412,56.693,342,332,10,49.806
PR00000299,WO00000299,2026-01-13,B,P03,P03_L01,SKU001,480,35,0,445,49.793,327,318,9,44.09
PR00000300,WO00000300,2026-01-13,C,P03,P03_L01,SKU001,480,0,0,480,49.793,344,335,9,43.0
PR00000301,WO00000301,2026-01-13,A,P03,P03_L02,SKU006,480,67,0,413,54.878,365,356,9,53.027
PR00000302,WO00000302,2026-01-13,B,P03,P03_L02,SKU006,480,28,0,452,54.878,373,363,10,49.513
PR00000303,WO00000303,2026-01-13,C,P03,P03_L02,SKU005,480,0,0,480,50.42,319,310,9,39.875
PR00000304,WO00000304,2026-01-13,A,P03,P03_L03,SKU001,480,0,0,480,49.793,348,338,10,43.5
PR00000305,WO00000305,2026-01-13,B,P03,P03_L03,SKU003,480,26,0,454,58.1,393,383,10,51.938
PR00000306,WO00000306,2026-01-13,C,P03,P03_L03,SKU001,480,22,0,458,49.793,319,311,8,41.79
PR00000307,WO00000307,2026-01-14,A,P01,P01_L01,SKU005,480,0,0,480,50.42,367,358,9,45.875
PR00000308,WO00000308,2026-01-14,B,P01,P01_L01,SKU005,480,0,72,408,50.42,289,283,6,42.5
PR00000309,WO00000309,2026-01-14,C,P01,P01_L01,SKU008,480,18,0,462,60.302,382,373,9,49.61
PR00000310,WO00000310,2026-01-14,A,P01,P01_L02,SKU006,480,0,0,480,54.878,412,396,16,51.5
PR00000311,WO00000311,2026-01-14,B,P01,P01_L02,SKU006,480,24,7,449,54.878,357,344,13,47.706
PR00000312,WO00000312,2026-01-14,C,P01,P01_L02,SKU002,480,0,0,480,65.2,422,402,20,52.75
PR00000313,WO00000313,2026-01-14,A,P01,P01_L03,SKU008,480,0,0,480,60.302,398,394,4,49.75
PR00000314,WO00000314,2026-01-14,B,P01,P01_L03,SKU003,480,0,0,480,61.962,486,474,12,60.75
PR00000315,WO00000315,2026-01-14,C,P01,P01_L03,SKU003,480,0,0,480,61.962,479,469,10,59.875
PR00000316,WO00000316,2026-01-14,A,P02,P02_L01,SKU005,480,0,56,424,48.8,307,300,7,43.443
PR00000317,WO00000317,2026-01-14,B,P02,P02_L01,SKU006,480,0,17,463,48.8,353,344,9,45.745
PR00000318,WO00000318,2026-01-14,C,P02,P02_L01,SKU003,480,35,0,445,48.8,318,311,7,42.876
PR00000319,WO00000319,2026-01-14,A,P02,P02_L02,SKU002,480,0,12,468,55.9,358,346,12,45.897
PR00000320,WO00000320,2026-01-14,B,P02,P02_L02,SKU008,480,43,0,437,55.9,352,345,7,48.33
PR00000321,WO00000321,2026-01-14,C,P02,P02_L02,SKU006,480,0,0,480,54.878,412,398,14,51.5
PR00000322,WO00000322,2026-01-14,A,P02,P02_L03,SKU007,480,0,11,469,47.0,327,323,4,41.834
PR00000323,WO00000323,2026-01-14,B,P02,P02_L03,SKU003,480,0,0,480,47.0,341,332,9,42.625
PR00000324,WO00000324,2026-01-14,C,P02,P02_L03,SKU003,480,0,0,480,47.0,303,298,5,37.875
PR00000325,WO00000325,2026-01-14,A,P03,P03_L01,SKU001,480,89,0,391,49.793,297,290,7,45.575
PR00000326,WO00000326,2026-01-14,B,P03,P03_L01,SKU003,480,19,0,461,57.7,422,416,6,54.924
PR00000327,WO00000327,2026-01-14,C,P03,P03_L01,SKU004,480,0,0,480,56.693,382,366,16,47.75
PR00000328,WO00000328,2026-01-14,A,P03,P03_L02,SKU001,480,0,0,480,49.793,369,363,6,46.125
PR00000329,WO00000329,2026-01-14,B,P03,P03_L02,SKU006,480,69,0,411,54.878,367,355,12,53.577
PR00000330,WO00000330,2026-01-14,C,P03,P03_L02,SKU001,480,0,0,480,49.793,322,313,9,40.25
PR00000331,WO00000331,2026-01-14,A,P03,P03_L03,SKU004,480,0,0,480,56.693,415,401,14,51.875
PR00000332,WO00000332,2026-01-14,B,P03,P03_L03,SKU006,480,23,4,453,54.878,374,364,10,49.536
PR00000333,WO00000333,2026-01-14,C,P03,P03_L03,SKU004,480,0,0,480,56.693,397,383,14,49.625
PR00000334,WO00000334,2026-01-15,A,P01,P01_L01,SKU001,480,19,0,461,49.793,353,344,9,45.944
PR00000335,WO00000335,2026-01-15,B,P01,P01_L01,SKU005,480,0,0,480,50.42,346,339,7,43.25
PR00000336,WO00000336,2026-01-15,C,P01,P01_L01,SKU006,480,20,0,460,54.878,381,369,12,49.696
PR00000337,WO00000337,2026-01-15,A,P01,P01_L02,SKU001,480,0,0,480,49.793,339,331,8,42.375
PR00000338,WO00000338,2026-01-15,B,P01,P01_L02,SKU004,480,0,0,480,56.693,392,378,14,49.0
PR00000339,WO00000339,2026-01-15,C,P01,P01_L02,SKU002,480,26,0,454,65.2,386,371,15,51.013
PR00000340,WO00000340,2026-01-15,A,P01,P01_L03,SKU002,480,48,0,432,72.0,447,426,21,62.083
PR00000341,WO00000341,2026-01-15,B,P01,P01_L03,SKU002,480,36,0,444,72.0,445,425,20,60.135
PR00000342,WO00000342,2026-01-15,C,P01,P01_L03,SKU008,480,0,14,466,60.302,387,382,5,49.828
PR00000343,WO00000343,2026-01-15,A,P02,P02_L01,SKU003,480,0,0,480,48.8,380,372,8,47.5
PR00000344,WO00000344,2026-01-15,B,P02,P02_L01,SKU002,480,38,0,442,48.8,293,283,10,39.774
PR00000345,WO00000345,2026-01-15,C,P02,P02_L01,SKU006,480,99,0,381,48.8,265,257,8,41.732
PR00000346,WO00000346,2026-01-15,A,P02,P02_L02,SKU006,480,0,0,480,54.878,402,392,10,50.25
PR00000347,WO00000347,2026-01-15,B,P02,P02_L02,SKU004,480,49,0,431,55.9,334,323,11,46.497
PR00000348,WO00000348,2026-01-15,C,P02,P02_L02,SKU004,480,28,0,452,55.9,334,318,16,44.336
PR00000349,WO00000349,2026-01-15,A,P02,P02_L03,SKU003,480,33,0,447,47.0,328,323,5,44.027
PR00000350,WO00000350,2026-01-15,B,P02,P02_L03,SKU005,480,0,0,480,47.0,294,288,6,36.75
PR00000351,WO00000351,2026-01-15,C,P02,P02_L03,SKU008,480,14,0,466,47.0,294,288,6,37.854
PR00000352,WO00000352,2026-01-15,A,P03,P03_L01,SKU001,480,22,12,446,49.793,350,341,9,47.085
PR00000353,WO00000353,2026-01-15,B,P03,P03_L01,SKU001,480,20,0,460,49.793,337,332,5,43.957
PR00000354,WO00000354,2026-01-15,C,P03,P03_L01,SKU004,480,33,20,427,56.693,326,314,12,45.808
PR00000355,WO00000355,2026-01-15,A,P03,P03_L02,SKU001,480,0,0,480,49.793,359,350,9,44.875
PR00000356,WO00000356,2026-01-15,B,P03,P03_L02,SKU001,480,0,0,480,49.793,330,322,8,41.25
PR00000357,WO00000357,2026-01-15,C,P03,P03_L02,SKU006,480,0,0,480,54.878,358,346,12,44.75
PR00000358,WO00000358,2026-01-15,A,P03,P03_L03,SKU004,480,36,0,444,56.693,379,366,13,51.216
PR00000359,WO00000359,2026-01-15,B,P03,P03_L03,SKU004,480,0,0,480,56.693,382,367,15,47.75
PR00000360,WO00000360,2026-01-15,C,P03,P03_L03,SKU001,480,27,43,410,49.793,290,283,7,42.439
PR00000361,WO00000361,2026-01-16,A,P01,P01_L01,SKU001,480,0,0,480,49.793,353,344,9,44.125
PR00000362,WO00000362,2026-01-16,B,P01,P01_L01,SKU005,480,37,20,423,50.42,308,300,8,43.688
PR00000363,WO00000363,2026-01-16,C,P01,P01_L01,SKU005,480,0,38,442,50.42,315,305,10,42.76
PR00000364,WO00000364,2026-01-16,A,P01,P01_L02,SKU001,480,33,0,447,49.793,330,322,8,44.295
PR00000365,WO00000365,2026-01-16,B,P01,P01_L02,SKU003,480,0,0,480,61.962,449,440,9,56.125
PR00000366,WO00000366,2026-01-16,C,P01,P01_L02,SKU004,480,0,7,473,56.693,386,371,15,48.964
PR00000367,WO00000367,2026-01-16,A,P01,P01_L03,SKU003,480,0,37,443,61.962,455,445,10,61.625
PR00000368,WO00000368,2026-01-16,B,P01,P01_L03,SKU004,480,30,0,450,56.693,365,351,14,48.667
PR00000369,WO00000369,2026-01-16,C,P01,P01_L03,SKU003,480,0,0,480,61.962,432,421,11,54.0
PR00000370,WO00000370,2026-01-16,A,P02,P02_L01,SKU003,480,0,0,480,48.8,350,343,7,43.75
PR00000371,WO00000371,2026-01-16,B,P02,P02_L01,SKU002,480,0,15,465,48.8,302,293,9,38.968
PR00000372,WO00000372,2026-01-16,C,P02,P02_L01,SKU003,480,32,18,430,48.8,282,274,8,39.349
PR00000373,WO00000373,2026-01-16,A,P02,P02_L02,SKU006,480,15,0,465,54.878,364,354,10,46.968
PR00000374,WO00000374,2026-01-16,B,P02,P02_L02,SKU006,480,0,0,480,54.878,395,385,10,49.375
PR00000375,WO00000375,2026-01-16,C,P02,P02_L02,SKU006,480,0,32,448,54.878,352,341,11,47.143
PR00000376,WO00000376,2026-01-16,A,P02,P02_L03,SKU003,480,23,0,457,47.0,339,331,8,44.508
PR00000377,WO00000377,2026-01-16,B,P02,P02_L03,SKU004,480,20,16,444,47.0,294,282,12,39.73
PR00000378,WO00000378,2026-01-16,C,P02,P02_L03,SKU007,480,0,0,480,47.0,302,298,4,37.75
PR00000379,WO00000379,2026-01-16,A,P03,P03_L01,SKU001,480,0,0,480,49.793,353,346,7,44.125
PR00000380,WO00000380,2026-01-16,B,P03,P03_L01,SKU003,480,0,139,341,57.7,298,292,6,52.434
PR00000381,WO00000381,2026-01-16,C,P03,P03_L01,SKU003,480,0,17,463,57.7,385,377,8,49.892
PR00000382,WO00000382,2026-01-16,A,P03,P03_L02,SKU002,480,0,0,480,56.6,388,375,13,48.5
PR00000383,WO00000383,2026-01-16,B,P03,P03_L02,SKU006,480,0,59,421,54.878,342,331,11,48.741
PR00000384,WO00000384,2026-01-16,C,P03,P03_L02,SKU001,480,0,50,430,49.793,289,281,8,40.326
PR00000385,WO00000385,2026-01-16,A,P03,P03_L03,SKU004,480,0,0,480,56.693,390,377,13,48.75
PR00000386,WO00000386,2026-01-16,B,P03,P03_L03,SKU003,480,0,35,445,58.1,405,398,7,54.607
PR00000387,WO00000387,2026-01-16,C,P03,P03_L03,SKU004,480,26,0,454,56.693,333,320,13,44.009
PR00000388,WO00000388,2026-01-17,B,P01,P01_L01,SKU001,480,37,9,434,49.793,302,293,9,41.751
PR00000389,WO00000389,2026-01-17,A,P01,P01_L02,SKU002,480,53,0,427,65.2,384,368,16,53.958
PR00000390,WO00000390,2026-01-17,C,P01,P01_L02,SKU003,480,24,0,456,61.962,409,399,10,53.816
PR00000391,WO00000391,2026-01-17,A,P01,P01_L03,SKU003,480,24,0,456,61.962,435,424,11,57.237
PR00000392,WO00000392,2026-01-17,C,P01,P01_L03,SKU003,480,0,0,480,61.962,438,428,10,54.75
PR00000393,WO00000393,2026-01-17,A,P02,P02_L01,SKU005,480,0,30,450,48.8,318,309,9,42.4
PR00000394,WO00000394,2026-01-17,B,P02,P02_L01,SKU005,480,12,0,468,48.8,320,312,8,41.026
PR00000395,WO00000395,2026-01-17,C,P02,P02_L01,SKU001,480,46,0,434,48.8,302,293,9,41.751
PR00000396,WO00000396,2026-01-17,A,P02,P02_L02,SKU004,480,17,0,463,55.9,398,388,10,51.577
PR00000397,WO00000397,2026-01-17,B,P02,P02_L02,SKU003,480,34,0,446,55.9,363,356,7,48.834
PR00000398,WO00000398,2026-01-17,C,P02,P02_L02,SKU002,480,77,57,346,55.9,261,250,11,45.26
PR00000399,WO00000399,2026-01-17,B,P02,P02_L03,SKU005,480,51,80,349,47.0,228,222,6,39.198
PR00000400,WO00000400,2026-01-17,A,P03,P03_L01,SKU003,480,0,0,480,57.7,438,429,9,54.75
PR00000401,WO00000401,2026-01-17,C,P03,P03_L01,SKU007,480,0,28,452,57.7,375,372,3,49.779
PR00000402,WO00000402,2026-01-17,A,P03,P03_L02,SKU006,480,49,0,431,54.878,394,381,13,54.849
PR00000403,WO00000403,2026-01-17,B,P03,P03_L02,SKU006,480,0,0,480,54.878,401,386,15,50.125
PR00000404,WO00000404,2026-01-17,A,P03,P03_L03,SKU001,480,0,0,480,49.793,366,356,10,45.75
PR00000405,WO00000405,2026-01-17,B,P03,P03_L03,SKU006,480,69,0,411,54.878,331,320,11,48.321
PR00000406,WO00000406,2026-01-18,A,P01,P01_L01,SKU001,480,0,0,480,49.793,358,352,6,44.75
PR00000407,WO00000407,2026-01-18,B,P01,P01_L01,SKU004,480,23,24,433,56.693,374,358,16,51.824
PR00000408,WO00000408,2026-01-18,C,P01,P01_L01,SKU007,480,52,0,428,69.9,417,412,5,58.458
PR00000409,WO00000409,2026-01-18,A,P01,P01_L02,SKU004,480,0,0,480,56.693,437,423,14,54.625
PR00000410,WO00000410,2026-01-18,A,P01,P01_L03,SKU003,480,0,13,467,61.962,463,455,8,59.486
PR00000411,WO00000411,2026-01-18,C,P01,P01_L03,SKU003,480,28,0,452,61.962,408,398,10,54.159
PR00000412,WO00000412,2026-01-18,A,P02,P02_L01,SKU003,480,0,17,463,48.8,374,366,8,48.467
PR00000413,WO00000413,2026-01-18,B,P02,P02_L01,SKU003,480,21,0,459,48.8,341,332,9,44.575
PR00000414,WO00000414,2026-01-18,C,P02,P02_L01,SKU001,480,0,23,457,48.8,317,310,7,41.619
PR00000415,WO00000415,2026-01-18,A,P02,P02_L02,SKU002,480,0,0,480,55.9,385,372,13,48.125
PR00000416,WO00000416,2026-01-18,B,P02,P02_L02,SKU002,480,0,0,480,55.9,371,358,13,46.375
PR00000417,WO00000417,2026-01-18,C,P02,P02_L03,SKU003,480,0,0,480,47.0,320,314,6,40.0
PR00000418,WO00000418,2026-01-18,A,P03,P03_L01,SKU001,480,24,0,456,49.793,339,332,7,44.605
PR00000419,WO00000419,2026-01-18,B,P03,P03_L01,SKU004,480,0,0,480,56.693,402,390,12,50.25
PR00000420,WO00000420,2026-01-18,C,P03,P03_L01,SKU001,480,69,0,411,49.793,282,275,7,41.168
PR00000421,WO00000421,2026-01-18,A,P03,P03_L02,SKU006,480,53,0,427,54.878,374,364,10,52.553
PR00000422,WO00000422,2026-01-18,C,P03,P03_L02,SKU006,480,0,0,480,54.878,396,385,11,49.5
PR00000423,WO00000423,2026-01-18,B,P03,P03_L03,SKU004,480,77,0,403,56.693,331,322,9,49.28
PR00000424,WO00000424,2026-01-19,A,P01,P01_L01,SKU005,480,0,0,480,50.42,376,368,8,47.0
PR00000425,WO00000425,2026-01-19,B,P01,P01_L01,SKU005,480,23,22,435,50.42,315,306,9,43.448
PR00000426,WO00000426,2026-01-19,C,P01,P01_L01,SKU005,480,26,0,454,50.42,312,303,9,41.233
PR00000427,WO00000427,2026-01-19,A,P01,P01_L02,SKU004,480,45,0,435,56.693,384,370,14,52.966
PR00000428,WO00000428,2026-01-19,B,P01,P01_L02,SKU001,480,0,0,480,49.793,363,354,9,45.375
PR00000429,WO00000429,2026-01-19,C,P01,P01_L02,SKU004,480,0,0,480,56.693,382,366,16,47.75
PR00000430,WO00000430,2026-01-19,A,P01,P01_L03,SKU004,480,13,0,467,56.693,396,382,14,50.878
PR00000431,WO00000431,2026-01-19,B,P01,P01_L03,SKU005,480,0,0,480,50.42,333,324,9,41.625
PR00000432,WO00000432,2026-01-19,C,P01,P01_L03,SKU008,480,26,0,454,60.302,378,372,6,49.956
PR00000433,WO00000433,2026-01-19,A,P02,P02_L01,SKU005,480,12,0,468,48.8,334,325,9,42.821
PR00000434,WO00000434,2026-01-19,B,P02,P02_L01,SKU003,480,27,0,453,48.8,327,320,7,43.311
PR00000435,WO00000435,2026-01-19,C,P02,P02_L01,SKU003,480,37,21,422,48.8,293,286,7,41.659
PR00000436,WO00000436,2026-01-19,A,P02,P02_L02,SKU006,480,31,0,449,54.878,398,386,12,53.185
PR00000437,WO00000437,2026-01-19,B,P02,P02_L02,SKU005,480,0,0,480,50.42,315,308,7,39.375
PR00000438,WO00000438,2026-01-19,C,P02,P02_L02,SKU004,480,0,0,480,55.9,408,392,16,51.0
PR00000439,WO00000439,2026-01-19,A,P02,P02_L03,SKU005,480,0,0,480,47.0,320,312,8,40.0
PR00000440,WO00000440,2026-01-19,B,P02,P02_L03,SKU003,480,23,0,457,47.0,329,323,6,43.195
PR00000441,WO00000441,2026-01-19,C,P02,P02_L03,SKU005,480,0,37,443,47.0,277,269,8,37.517
PR00000442,WO00000442,2026-01-19,A,P03,P03_L01,SKU001,480,0,20,460,49.793,358,350,8,46.696
PR00000443,WO00000443,2026-01-19,B,P03,P03_L01,SKU004,480,0,0,480,56.693,401,388,13,50.125
PR00000444,WO00000444,2026-01-19,C,P03,P03_L01,SKU001,480,0,0,480,49.793,334,324,10,41.75
PR00000445,WO00000445,2026-01-19,A,P03,P03_L02,SKU001,480,0,20,460,49.793,336,327,9,43.826
PR00000446,WO00000446,2026-01-19,B,P03,P03_L02,SKU001,480,24,0,456,49.793,312,305,7,41.053
PR00000447,WO00000447,2026-01-19,C,P03,P03_L02,SKU006,480,0,0,480,54.878,366,357,9,45.75
PR00000448,WO00000448,2026-01-19,A,P03,P03_L03,SKU004,480,43,64,373,56.693,305,295,10,49.062
PR00000449,WO00000449,2026-01-19,B,P03,P03_L03,SKU001,480,0,52,428,49.793,305,300,5,42.757
PR00000450,WO00000450,2026-01-19,C,P03,P03_L03,SKU001,480,0,0,480,49.793,335,327,8,41.875
PR00000451,WO00000451,2026-01-20,A,P01,P01_L01,SKU005,480,0,0,480,50.42,364,354,10,45.5
PR00000452,WO00000452,2026-01-20,B,P01,P01_L01,SKU005,480,0,0,480,50.42,361,352,9,45.125
PR00000453,WO00000453,2026-01-20,C,P01,P01_L01,SKU004,480,45,74,361,56.693,287,274,13,47.701
PR00000454,WO00000454,2026-01-20,A,P01,P01_L02,SKU003,480,0,37,443,61.962,447,437,10,60.542
PR00000455,WO00000455,2026-01-20,B,P01,P01_L02,SKU001,480,27,0,453,49.793,331,322,9,43.841
PR00000456,WO00000456,2026-01-20,C,P01,P01_L02,SKU008,480,28,0,452,60.302,387,378,9,51.372
PR00000457,WO00000457,2026-01-20,A,P01,P01_L03,SKU003,480,0,0,480,61.962,460,449,11,57.5
PR00000458,WO00000458,2026-01-20,B,P01,P01_L03,SKU004,480,0,0,480,56.693,390,378,12,48.75
PR00000459,WO00000459,2026-01-20,C,P01,P01_L03,SKU003,480,45,12,423,61.962,389,381,8,55.177
PR00000460,WO00000460,2026-01-20,A,P02,P02_L01,SKU001,480,13,0,467,48.8,336,326,10,43.169
PR00000461,WO00000461,2026-01-20,B,P02,P02_L01,SKU003,480,0,29,451,48.8,325,319,6,43.237
PR00000462,WO00000462,2026-01-20,C,P02,P02_L01,SKU001,480,97,6,377,48.8,254,247,7,40.424
PR00000463,WO00000463,2026-01-20,A,P02,P02_L02,SKU002,480,0,18,462,55.9,382,367,15,49.61
PR00000464,WO00000464,2026-01-20,B,P02,P02_L02,SKU002,480,46,0,434,55.9,354,340,14,48.94
PR00000465,WO00000465,2026-01-20,C,P02,P02_L02,SKU006,480,0,0,480,54.878,347,340,7,43.375
PR00000466,WO00000466,2026-01-20,A,P02,P02_L03,SKU003,480,22,0,458,47.0,314,310,4,41.135
PR00000467,WO00000467,2026-01-20,B,P02,P02_L03,SKU004,480,22,0,458,47.0,299,288,11,39.17
PR00000468,WO00000468,2026-01-20,C,P02,P02_L03,SKU007,480,0,0,480,47.0,283,276,7,35.375
PR00000469,WO00000469,2026-01-20,A,P03,P03_L01,SKU004,480,31,0,449,56.693,382,369,13,51.047
PR00000470,WO00000470,2026-01-20,B,P03,P03_L01,SKU003,480,0,93,387,57.7,356,348,8,55.194
PR00000471,WO00000471,2026-01-20,C,P03,P03_L01,SKU001,480,21,0,459,49.793,319,313,6,41.699
PR00000472,WO00000472,2026-01-20,A,P03,P03_L02,SKU008,480,0,15,465,56.6,385,380,5,49.677
PR00000473,WO00000473,2026-01-20,B,P03,P03_L02,SKU001,480,0,0,480,49.793,347,340,7,43.375
PR00000474,WO00000474,2026-01-20,C,P03,P03_L02,SKU001,480,0,0,480,49.793,332,323,9,41.5
PR00000475,WO00000475,2026-01-20,A,P03,P03_L03,SKU003,480,17,45,418,58.1,387,379,8,55.55
PR00000476,WO00000476,2026-01-20,B,P03,P03_L03,SKU003,480,0,0,480,58.1,443,436,7,55.375
PR00000477,WO00000477,2026-01-20,C,P03,P03_L03,SKU003,480,17,75,388,58.1,318,312,6,49.175
PR00000478,WO00000478,2026-01-21,A,P01,P01_L01,SKU005,480,40,0,440,50.42,334,324,10,45.545
PR00000479,WO00000479,2026-01-21,B,P01,P01_L01,SKU005,480,0,0,480,50.42,343,337,6,42.875
PR00000480,WO00000480,2026-01-21,C,P01,P01_L01,SKU007,480,37,70,373,69.9,381,376,5,61.287
PR00000481,WO00000481,2026-01-21,A,P01,P01_L02,SKU004,480,56,39,385,56.693,330,318,12,51.429
PR00000482,WO00000482,2026-01-21,B,P01,P01_L02,SKU004,480,31,0,449,56.693,376,360,16,50.245
PR00000483,WO00000483,2026-01-21,C,P01,P01_L02,SKU001,480,26,8,446,49.793,321,313,8,43.184
PR00000484,WO00000484,2026-01-21,A,P01,P01_L03,SKU003,480,30,0,450,61.962,441,431,10,58.8
PR00000485,WO00000485,2026-01-21,B,P01,P01_L03,SKU003,480,51,0,429,61.962,399,388,11,55.804
PR00000486,WO00000486,2026-01-21,C,P01,P01_L03,SKU003,480,63,0,417,61.962,381,373,8,54.82
PR00000487,WO00000487,2026-01-21,A,P02,P02_L01,SKU003,480,19,16,445,48.8,351,344,7,47.326
PR00000488,WO00000488,2026-01-21,B,P02,P02_L01,SKU001,480,35,0,445,48.8,316,309,7,42.607
PR00000489,WO00000489,2026-01-21,C,P02,P02_L01,SKU002,480,0,33,447,48.8,316,304,12,42.416
PR00000490,WO00000490,2026-01-21,A,P02,P02_L02,SKU004,480,21,0,459,55.9,387,373,14,50.588
PR00000491,WO00000491,2026-01-21,B,P02,P02_L02,SKU004,480,20,10,450,55.9,337,324,13,44.933
PR00000492,WO00000492,2026-01-21,C,P02,P02_L02,SKU004,480,0,0,480,55.9,360,346,14,45.0
PR00000493,WO00000493,2026-01-21,A,P02,P02_L03,SKU001,480,19,28,433,47.0,315,305,10,43.649
PR00000494,WO00000494,2026-01-21,B,P02,P02_L03,SKU001,480,35,0,445,47.0,329,322,7,44.36
PR00000495,WO00000495,2026-01-21,C,P02,P02_L03,SKU007,480,0,0,480,47.0,307,304,3,38.375
PR00000496,WO00000496,2026-01-21,A,P03,P03_L01,SKU004,480,32,0,448,56.693,385,370,15,51.562
PR00000497,WO00000497,2026-01-21,B,P03,P03_L01,SKU001,480,0,0,480,49.793,339,331,8,42.375
PR00000498,WO00000498,2026-01-21,C,P03,P03_L01,SKU001,480,17,33,430,49.793,295,286,9,41.163
PR00000499,WO00000499,2026-01-21,A,P03,P03_L02,SKU001,480,0,0,480,49.793,360,351,9,45.0
PR00000500,WO00000500,2026-01-21,B,P03,P03_L02,SKU006,480,27,0,453,54.878,372,363,9,49.272
PR00000501,WO00000501,2026-01-21,C,P03,P03_L02,SKU008,480,0,0,480,56.6,363,357,6,45.375
PR00000502,WO00000502,2026-01-21,A,P03,P03_L03,SKU001,480,0,20,460,49.793,320,312,8,41.739
PR00000503,WO00000503,2026-01-21,B,P03,P03_L03,SKU004,480,41,53,386,56.693,312,301,11,48.497
PR00000504,WO00000504,2026-01-21,C,P03,P03_L03,SKU004,480,29,0,451,56.693,354,339,15,47.095
PR00000505,WO00000505,2026-01-22,A,P01,P01_L01,SKU007,480,0,0,480,69.9,524,513,11,65.5
PR00000506,WO00000506,2026-01-22,B,P01,P01_L01,SKU001,480,45,0,435,49.793,324,316,8,44.69
PR00000507,WO00000507,2026-01-22,C,P01,P01_L01,SKU001,480,0,0,480,49.793,337,327,10,42.125
PR00000508,WO00000508,2026-01-22,A,P01,P01_L02,SKU004,480,0,0,480,56.693,409,396,13,51.125
PR00000509,WO00000509,2026-01-22,B,P01,P01_L02,SKU004,480,0,0,480,56.693,412,395,17,51.5
PR00000510,WO00000510,2026-01-22,C,P01,P01_L02,SKU002,480,0,0,480,65.2,426,409,17,53.25
PR00000511,WO00000511,2026-01-22,A,P01,P01_L03,SKU004,480,25,0,455,56.693,378,364,14,49.846
PR00000512,WO00000512,2026-01-22,B,P01,P01_L03,SKU003,480,32,0,448,61.962,431,422,9,57.723
PR00000513,WO00000513,2026-01-22,C,P01,P01_L03,SKU003,480,0,0,480,61.962,454,444,10,56.75
PR00000514,WO00000514,2026-01-22,A,P02,P02_L01,SKU006,480,33,0,447,48.8,336,326,10,45.101
PR00000515,WO00000515,2026-01-22,B,P02,P02_L01,SKU003,480,0,0,480,48.8,335,326,9,41.875
PR00000516,WO00000516,2026-01-22,C,P02,P02_L01,SKU003,480,0,0,480,48.8,325,318,7,40.625
PR00000517,WO00000517,2026-01-22,A,P02,P02_L02,SKU004,480,14,0,466,55.9,383,371,12,49.313
PR00000518,WO00000518,2026-01-22,B,P02,P02_L02,SKU002,480,0,0,480,55.9,373,359,14,46.625
PR00000519,WO00000519,2026-01-22,C,P02,P02_L02,SKU006,480,45,0,435,54.878,340,328,12,46.897
PR00000520,WO00000520,2026-01-22,A,P02,P02_L03,SKU003,480,30,0,450,47.0,314,308,6,41.867
PR00000521,WO00000521,2026-01-22,B,P02,P02_L03,SKU003,480,37,0,443,47.0,341,333,8,46.185
PR00000522,WO00000522,2026-01-22,C,P02,P02_L03,SKU007,480,24,95,361,47.0,243,240,3,40.388
PR00000523,WO00000523,2026-01-22,A,P03,P03_L01,SKU001,480,0,43,437,49.793,335,328,7,45.995
PR00000524,WO00000524,2026-01-22,B,P03,P03_L01,SKU004,480,32,0,448,56.693,353,342,11,47.277
PR00000525,WO00000525,2026-01-22,C,P03,P03_L01,SKU001,480,41,8,431,49.793,297,290,7,41.346
PR00000526,WO00000526,2026-01-22,A,P03,P03_L02,SKU001,480,36,0,444,49.793,317,312,5,42.838
PR00000527,WO00000527,2026-01-22,B,P03,P03_L02,SKU001,480,0,0,480,49.793,346,337,9,43.25
PR00000528,WO00000528,2026-01-22,C,P03,P03_L02,SKU004,480,16,0,464,56.6,362,347,15,46.81
PR00000529,WO00000529,2026-01-22,A,P03,P03_L03,SKU003,480,0,55,425,58.1,380,374,6,53.647
PR00000530,WO00000530,2026-01-22,B,P03,P03_L03,SKU003,480,43,18,419,58.1,351,345,6,50.263
PR00000531,WO00000531,2026-01-22,C,P03,P03_L03,SKU004,480,0,0,480,56.693,381,367,14,47.625
PR00000532,WO00000532,2026-01-23,A,P01,P01_L01,SKU004,480,20,0,460,56.693,392,378,14,51.13
PR00000533,WO00000533,2026-01-23,B,P01,P01_L01,SKU001,480,80,0,400,49.793,309,300,9,46.35
PR00000534,WO00000534,2026-01-23,C,P01,P01_L01,SKU005,480,20,0,460,50.42,313,306,7,40.826
PR00000535,WO00000535,2026-01-23,A,P01,P01_L02,SKU006,480,26,19,435,54.878,379,366,13,52.276
PR00000536,WO00000536,2026-01-23,B,P01,P01_L02,SKU004,480,0,0,480,56.693,423,407,16,52.875
PR00000537,WO00000537,2026-01-23,C,P01,P01_L02,SKU001,480,0,0,480,49.793,331,320,11,41.375
PR00000538,WO00000538,2026-01-23,A,P01,P01_L03,SKU003,480,36,0,444,61.962,417,407,10,56.351
PR00000539,WO00000539,2026-01-23,B,P01,P01_L03,SKU008,480,45,9,426,60.302,368,361,7,51.831
PR00000540,WO00000540,2026-01-23,C,P01,P01_L03,SKU003,480,62,0,418,61.962,362,356,6,51.962
PR00000541,WO00000541,2026-01-23,A,P02,P02_L01,SKU006,480,0,0,480,48.8,361,352,9,45.125
PR00000542,WO00000542,2026-01-23,B,P02,P02_L01,SKU003,480,0,0,480,48.8,356,348,8,44.5
PR00000543,WO00000543,2026-01-23,C,P02,P02_L01,SKU006,480,39,18,423,48.8,286,278,8,40.567
PR00000544,WO00000544,2026-01-23,A,P02,P02_L02,SKU002,480,0,0,480,55.9,389,378,11,48.625
PR00000545,WO00000545,2026-01-23,B,P02,P02_L02,SKU002,480,0,0,480,55.9,366,354,12,45.75
PR00000546,WO00000546,2026-01-23,C,P02,P02_L02,SKU002,480,0,20,460,55.9,314,304,10,40.957
PR00000547,WO00000547,2026-01-23,A,P02,P02_L03,SKU005,480,17,0,463,47.0,331,323,8,42.894
PR00000548,WO00000548,2026-01-23,B,P02,P02_L03,SKU001,480,0,0,480,47.0,319,310,9,39.875
PR00000549,WO00000549,2026-01-23,C,P02,P02_L03,SKU003,480,15,0,465,47.0,307,300,7,39.613
PR00000550,WO00000550,2026-01-23,A,P03,P03_L01,SKU007,480,75,0,405,57.7,333,329,4,49.333
PR00000551,WO00000551,2026-01-23,B,P03,P03_L01,SKU001,480,0,0,480,49.793,338,334,4,42.25
PR00000552,WO00000552,2026-01-23,C,P03,P03_L01,SKU004,480,15,0,465,56.693,350,336,14,45.161
PR00000553,WO00000553,2026-01-23,A,P03,P03_L02,SKU002,480,0,0,480,56.6,386,372,14,48.25
PR00000554,WO00000554,2026-01-23,B,P03,P03_L02,SKU006,480,0,0,480,54.878,365,354,11,45.625
PR00000555,WO00000555,2026-01-23,C,P03,P03_L02,SKU002,480,24,160,296,56.6,216,207,9,43.784
PR00000556,WO00000556,2026-01-23,A,P03,P03_L03,SKU003,480,20,0,460,58.1,384,375,9,50.087
PR00000557,WO00000557,2026-01-23,B,P03,P03_L03,SKU004,480,0,0,480,56.693,407,394,13,50.875
PR00000558,WO00000558,2026-01-23,C,P03,P03_L03,SKU004,480,0,0,480,56.693,372,357,15,46.5
PR00000559,WO00000559,2026-01-24,A,P01,P01_L01,SKU005,480,23,31,426,50.42,317,308,9,44.648
PR00000560,WO00000560,2026-01-24,C,P01,P01_L01,SKU001,480,29,59,392,49.793,270,263,7,41.327
PR00000561,WO00000561,2026-01-24,B,P01,P01_L02,SKU001,480,0,0,480,49.793,355,343,12,44.375
PR00000562,WO00000562,2026-01-24,A,P01,P01_L03,SKU003,480,59,25,396,61.962,387,377,10,58.636
PR00000563,WO00000563,2026-01-24,C,P01,P01_L03,SKU003,480,0,0,480,61.962,416,406,10,52.0
PR00000564,WO00000564,2026-01-24,A,P02,P02_L01,SKU006,480,55,0,425,48.8,322,313,9,45.459
PR00000565,WO00000565,2026-01-24,C,P02,P02_L02,SKU002,480,26,4,450,55.9,326,313,13,43.467
PR00000566,WO00000566,2026-01-24,B,P02,P02_L03,SKU003,480,69,0,411,47.0,289,282,7,42.19
PR00000567,WO00000567,2026-01-24,A,P03,P03_L01,SKU003,480,38,0,442,57.7,404,397,7,54.842
PR00000568,WO00000568,2026-01-24,B,P03,P03_L01,SKU001,480,0,126,354,49.793,265,259,6,44.915
PR00000569,WO00000569,2026-01-24,A,P03,P03_L03,SKU003,480,34,0,446,58.1,391,385,6,52.601
PR00000570,WO00000570,2026-01-24,B,P03,P03_L03,SKU004,480,0,0,480,56.693,395,383,12,49.375
PR00000571,WO00000571,2026-01-24,C,P03,P03_L03,SKU004,480,84,0,396,56.693,320,310,10,48.485
PR00000572,WO00000572,2026-01-25,A,P01,P01_L01,SKU001,480,0,0,480,49.793,361,354,7,45.125
PR00000573,WO00000573,2026-01-25,B,P01,P01_L01,SKU001,480,24,0,456,49.793,337,327,10,44.342
PR00000574,WO00000574,2026-01-25,A,P01,P01_L02,SKU008,480,18,0,462,60.302,406,395,11,52.727
PR00000575,WO00000575,2026-01-25,B,P01,P01_L02,SKU001,480,116,33,331,49.793,254,246,8,46.042
PR00000576,WO00000576,2026-01-25,C,P01,P01_L02,SKU001,480,19,0,461,49.793,330,320,10,42.95
PR00000577,WO00000577,2026-01-25,A,P01,P01_L03,SKU008,480,0,0,480,60.302,419,412,7,52.375
PR00000578,WO00000578,2026-01-25,B,P01,P01_L03,SKU008,480,0,0,480,60.302,393,386,7,49.125
PR00000579,WO00000579,2026-01-25,C,P01,P01_L03,SKU003,480,17,0,463,61.962,383,375,8,49.633
PR00000580,WO00000580,2026-01-25,A,P02,P02_L01,SKU006,480,0,0,480,48.8,361,350,11,45.125
PR00000581,WO00000581,2026-01-25,C,P02,P02_L01,SKU008,480,0,0,480,48.8,324,316,8,40.5
PR00000582,WO00000582,2026-01-25,A,P02,P02_L02,SKU006,480,0,0,480,54.878,439,425,14,54.875
PR00000583,WO00000583,2026-01-25,A,P02,P02_L03,SKU007,480,39,0,441,47.0,292,287,5,39.728
PR00000584,WO00000584,2026-01-25,C,P02,P02_L03,SKU008,480,26,0,454,47.0,289,286,3,38.194
PR00000585,WO00000585,2026-01-25,A,P03,P03_L01,SKU001,480,32,0,448,49.793,334,325,9,44.732
PR00000586,WO00000586,2026-01-25,A,P03,P03_L02,SKU006,480,41,0,439,54.878,366,356,10,50.023
PR00000587,WO00000587,2026-01-25,B,P03,P03_L02,SKU006,480,0,0,480,54.878,391,381,10,48.875
PR00000588,WO00000588,2026-01-25,C,P03,P03_L02,SKU001,480,0,0,480,49.793,345,340,5,43.125
PR00000589,WO00000589,2026-01-25,A,P03,P03_L03,SKU004,480,18,48,414,56.693,343,333,10,49.71
PR00000590,WO00000590,2026-01-25,C,P03,P03_L03,SKU003,480,0,0,480,58.1,405,396,9,50.625
PR00000591,WO00000591,2026-01-26,A,P01,P01_L01,SKU002,480,30,23,427,69.9,433,415,18,60.843
PR00000592,WO00000592,2026-01-26,B,P01,P01_L01,SKU007,480,0,13,467,69.9,466,462,4,59.872
PR00000593,WO00000593,2026-01-26,C,P01,P01_L01,SKU007,480,40,0,440,69.9,460,454,6,62.727
PR00000594,WO00000594,2026-01-26,A,P01,P01_L02,SKU008,480,0,0,480,60.302,428,421,7,53.5
PR00000595,WO00000595,2026-01-26,B,P01,P01_L02,SKU006,480,32,0,448,54.878,392,379,13,52.5
PR00000596,WO00000596,2026-01-26,C,P01,P01_L02,SKU004,480,0,0,480,56.693,399,381,18,49.875
PR00000597,WO00000597,2026-01-26,A,P01,P01_L03,SKU004,480,23,14,443,56.693,368,355,13,49.842
PR00000598,WO00000598,2026-01-26,B,P01,P01_L03,SKU003,480,45,0,435,61.962,434,426,8,59.862
PR00000599,WO00000599,2026-01-26,C,P01,P01_L03,SKU008,480,0,6,474,60.302,377,371,6,47.722
PR00000600,WO00000600,2026-01-26,A,P02,P02_L01,SKU003,480,0,0,480,48.8,387,378,9,48.375
PR00000601,WO00000601,2026-01-26,B,P02,P02_L01,SKU003,480,34,42,404,48.8,297,290,7,44.109
PR00000602,WO00000602,2026-01-26,C,P02,P02_L01,SKU002,480,0,0,480,48.8,319,308,11,39.875
PR00000603,WO00000603,2026-01-26,A,P02,P02_L02,SKU006,480,0,22,458,54.878,379,369,10,49.651
PR00000604,WO00000604,2026-01-26,B,P02,P02_L02,SKU002,480,0,0,480,55.9,371,358,13,46.375
PR00000605,WO00000605,2026-01-26,C,P02,P02_L02,SKU004,480,0,0,480,55.9,360,346,14,45.0
PR00000606,WO00000606,2026-01-26,A,P02,P02_L03,SKU007,480,0,36,444,47.0,300,297,3,40.541
PR00000607,WO00000607,2026-01-26,B,P02,P02_L03,SKU003,480,0,0,480,47.0,344,337,7,43.0
PR00000608,WO00000608,2026-01-26,C,P02,P02_L03,SKU005,480,0,0,480,47.0,306,295,11,38.25
PR00000609,WO00000609,2026-01-26,A,P03,P03_L01,SKU001,480,22,8,450,49.793,354,347,7,47.2
PR00000610,WO00000610,2026-01-26,B,P03,P03_L01,SKU001,480,0,27,453,49.793,326,316,10,43.179
PR00000611,WO00000611,2026-01-26,C,P03,P03_L01,SKU004,480,0,0,480,56.693,389,375,14,48.625
PR00000612,WO00000612,2026-01-26,A,P03,P03_L02,SKU004,480,20,0,460,56.6,400,388,12,52.174
PR00000613,WO00000613,2026-01-26,B,P03,P03_L02,SKU006,480,0,0,480,54.878,399,388,11,49.875
PR00000614,WO00000614,2026-01-26,C,P03,P03_L02,SKU006,480,85,34,361,54.878,284,277,7,47.202
PR00000615,WO00000615,2026-01-26,A,P03,P03_L03,SKU004,480,21,0,459,56.693,384,374,10,50.196
PR00000616,WO00000616,2026-01-26,B,P03,P03_L03,SKU003,480,15,0,465,58.1,418,408,10,53.935
PR00000617,WO00000617,2026-01-26,C,P03,P03_L03,SKU004,480,0,0,480,56.693,376,361,15,47.0
PR00000618,WO00000618,2026-01-27,A,P01,P01_L01,SKU005,480,0,0,480,50.42,350,343,7,43.75
PR00000619,WO00000619,2026-01-27,B,P01,P01_L01,SKU005,480,0,0,480,50.42,340,330,10,42.5
PR00000620,WO00000620,2026-01-27,C,P01,P01_L01,SKU005,480,32,0,448,50.42,309,298,11,41.384
PR00000621,WO00000621,2026-01-27,A,P01,P01_L02,SKU001,480,0,6,474,49.793,362,351,11,45.823
PR00000622,WO00000622,2026-01-27,B,P01,P01_L02,SKU004,480,0,29,451,56.693,362,350,12,48.16
PR00000623,WO00000623,2026-01-27,C,P01,P01_L02,SKU003,480,0,0,480,61.962,458,443,15,57.25
PR00000624,WO00000624,2026-01-27,A,P01,P01_L03,SKU008,480,23,0,457,60.302,385,379,6,50.547
PR00000625,WO00000625,2026-01-27,B,P01,P01_L03,SKU003,480,0,0,480,61.962,453,442,11,56.625
PR00000626,WO00000626,2026-01-27,C,P01,P01_L03,SKU003,480,42,0,438,61.962,406,396,10,55.616
PR00000627,WO00000627,2026-01-27,A,P02,P02_L01,SKU003,480,0,0,480,48.8,387,378,9,48.375
PR00000628,WO00000628,2026-01-27,B,P02,P02_L01,SKU002,480,47,76,357,48.8,251,243,8,42.185
PR00000629,WO00000629,2026-01-27,C,P02,P02_L01,SKU003,480,29,0,451,48.8,307,302,5,40.843
PR00000630,WO00000630,2026-01-27,A,P02,P02_L02,SKU002,480,22,0,458,55.9,381,368,13,49.913
PR00000631,WO00000631,2026-01-27,B,P02,P02_L02,SKU006,480,0,0,480,54.878,387,374,13,48.375
PR00000632,WO00000632,2026-01-27,C,P02,P02_L02,SKU006,480,0,109,371,54.878,279,271,8,45.121
PR00000633,WO00000633,2026-01-27,A,P02,P02_L03,SKU007,480,0,0,480,47.0,342,339,3,42.75
PR00000634,WO00000634,2026-01-27,B,P02,P02_L03,SKU005,480,0,26,454,47.0,288,282,6,38.062
PR00000635,WO00000635,2026-01-27,C,P02,P02_L03,SKU007,480,39,0,441,47.0,290,287,3,39.456
PR00000636,WO00000636,2026-01-27,A,P03,P03_L01,SKU003,480,0,0,480,57.7,467,457,10,58.375
PR00000637,WO00000637,2026-01-27,B,P03,P03_L01,SKU001,480,0,0,480,49.793,343,336,7,42.875
PR00000638,WO00000638,2026-01-27,C,P03,P03_L01,SKU006,480,0,0,480,54.878,384,372,12,48.0
PR00000639,WO00000639,2026-01-27,A,P03,P03_L02,SKU001,480,0,0,480,49.793,362,356,6,45.25
PR00000640,WO00000640,2026-01-27,B,P03,P03_L02,SKU006,480,54,0,426,54.878,367,354,13,51.69
PR00000641,WO00000641,2026-01-27,C,P03,P03_L02,SKU002,480,48,100,332,56.6,246,236,10,44.458
PR00000642,WO00000642,2026-01-27,A,P03,P03_L03,SKU004,480,0,0,480,56.693,393,382,11,49.125
PR00000643,WO00000643,2026-01-27,B,P03,P03_L03,SKU001,480,54,0,426,49.793,304,296,8,42.817
PR00000644,WO00000644,2026-01-27,C,P03,P03_L03,SKU001,480,0,0,480,49.793,321,312,9,40.125
PR00000645,WO00000645,2026-01-28,A,P01,P01_L01,SKU007,480,30,40,410,69.9,463,458,5,67.756
PR00000646,WO00000646,2026-01-28,B,P01,P01_L01,SKU004,480,0,0,480,56.693,412,396,16,51.5
PR00000647,WO00000647,2026-01-28,C,P01,P01_L01,SKU007,480,27,0,453,69.9,460,451,9,60.927
PR00000648,WO00000648,2026-01-28,A,P01,P01_L02,SKU004,480,0,0,480,56.693,446,425,21,55.75
PR00000649,WO00000649,2026-01-28,B,P01,P01_L02,SKU001,480,0,55,425,49.793,291,283,8,41.082
PR00000650,WO00000650,2026-01-28,C,P01,P01_L02,SKU008,480,26,0,454,60.302,381,370,11,50.352
PR00000651,WO00000651,2026-01-28,A,P01,P01_L03,SKU003,480,21,10,449,61.962,454,446,8,60.668
PR00000652,WO00000652,2026-01-28,B,P01,P01_L03,SKU003,480,0,0,480,61.962,455,446,9,56.875
PR00000653,WO00000653,2026-01-28,C,P01,P01_L03,SKU003,480,30,0,450,61.962,404,393,11,53.867
PR00000654,WO00000654,2026-01-28,A,P02,P02_L01,SKU004,480,0,28,452,48.8,323,314,9,42.876
PR00000655,WO00000655,2026-01-28,B,P02,P02_L01,SKU003,480,0,0,480,48.8,352,342,10,44.0
PR00000656,WO00000656,2026-01-28,C,P02,P02_L01,SKU001,480,15,0,465,48.8,308,298,10,39.742
PR00000657,WO00000657,2026-01-28,A,P02,P02_L02,SKU004,480,0,6,474,55.9,395,381,14,50.0
PR00000658,WO00000658,2026-01-28,B,P02,P02_L02,SKU002,480,0,0,480,55.9,376,361,15,47.0
PR00000659,WO00000659,2026-01-28,C,P02,P02_L02,SKU004,480,0,0,480,55.9,378,364,14,47.25
PR00000660,WO00000660,2026-01-28,A,P02,P02_L03,SKU004,480,0,0,480,47.0,326,315,11,40.75
PR00000661,WO00000661,2026-01-28,B,P02,P02_L03,SKU001,480,17,0,463,47.0,309,304,5,40.043
PR00000662,WO00000662,2026-01-28,C,P02,P02_L03,SKU005,480,0,0,480,47.0,286,280,6,35.75
PR00000663,WO00000663,2026-01-28,A,P03,P03_L01,SKU004,480,0,0,480,56.693,413,398,15,51.625
PR00000664,WO00000664,2026-01-28,B,P03,P03_L01,SKU004,480,0,0,480,56.693,403,390,13,50.375
PR00000665,WO00000665,2026-01-28,C,P03,P03_L01,SKU005,480,43,0,437,50.42,284,276,8,38.993
PR00000666,WO00000666,2026-01-28,A,P03,P03_L02,SKU001,480,32,0,448,49.793,353,344,9,47.277
PR00000667,WO00000667,2026-01-28,B,P03,P03_L02,SKU002,480,24,22,434,56.6,330,318,12,45.622
PR00000668,WO00000668,2026-01-28,C,P03,P03_L02,SKU006,480,0,11,469,54.878,400,389,11,51.173
PR00000669,WO00000669,2026-01-28,A,P03,P03_L03,SKU001,480,26,0,454,49.793,317,310,7,41.894
PR00000670,WO00000670,2026-01-28,B,P03,P03_L03,SKU001,480,23,10,447,49.793,311,306,5,41.745
PR00000671,WO00000671,2026-01-28,C,P03,P03_L03,SKU001,480,32,0,448,49.793,297,289,8,39.777
PR00000672,WO00000672,2026-01-29,A,P01,P01_L01,SKU001,480,0,0,480,49.793,365,354,11,45.625
PR00000673,WO00000673,2026-01-29,B,P01,P01_L01,SKU007,480,0,0,480,69.9,468,461,7,58.5
PR00000674,WO00000674,2026-01-29,C,P01,P01_L01,SKU001,480,36,68,376,49.793,274,267,7,43.723
PR00000675,WO00000675,2026-01-29,A,P01,P01_L02,SKU008,480,16,0,464,60.302,448,441,7,57.931
PR00000676,WO00000676,2026-01-29,B,P01,P01_L02,SKU003,480,0,0,480,61.962,448,440,8,56.0
PR00000677,WO00000677,2026-01-29,C,P01,P01_L02,SKU001,480,0,0,480,49.793,359,350,9,44.875
PR00000678,WO00000678,2026-01-29,A,P01,P01_L03,SKU008,480,27,0,453,60.302,380,377,3,50.331
PR00000679,WO00000679,2026-01-29,B,P01,P01_L03,SKU006,480,0,0,480,54.878,407,394,13,50.875
PR00000680,WO00000680,2026-01-29,C,P01,P01_L03,SKU003,480,30,0,450,61.962,400,389,11,53.333
PR00000681,WO00000681,2026-01-29,A,P02,P02_L01,SKU003,480,0,0,480,48.8,351,345,6,43.875
PR00000682,WO00000682,2026-01-29,B,P02,P02_L01,SKU003,480,0,0,480,48.8,348,341,7,43.5
PR00000683,WO00000683,2026-01-29,C,P02,P02_L01,SKU001,480,20,0,460,48.8,313,304,9,40.826
PR00000684,WO00000684,2026-01-29,A,P02,P02_L02,SKU004,480,27,0,453,55.9,377,366,11,49.934
PR00000685,WO00000685,2026-01-29,B,P02,P02_L02,SKU004,480,0,0,480,55.9,370,356,14,46.25
PR00000686,WO00000686,2026-01-29,C,P02,P02_L02,SKU002,480,19,0,461,55.9,336,320,16,43.731
PR00000687,WO00000687,2026-01-29,A,P02,P02_L03,SKU004,480,0,0,480,47.0,354,341,13,44.25
PR00000688,WO00000688,2026-01-29,B,P02,P02_L03,SKU008,480,0,0,480,47.0,311,307,4,38.875
PR00000689,WO00000689,2026-01-29,C,P02,P02_L03,SKU007,480,44,0,436,47.0,292,288,4,40.183
PR00000690,WO00000690,2026-01-29,A,P03,P03_L01,SKU003,480,0,0,480,57.7,418,410,8,52.25
PR00000691,WO00000691,2026-01-29,B,P03,P03_L01,SKU005,480,0,12,468,50.42,341,333,8,43.718
PR00000692,WO00000692,2026-01-29,C,P03,P03_L01,SKU006,480,0,0,480,54.878,417,404,13,52.125
PR00000693,WO00000693,2026-01-29,A,P03,P03_L02,SKU006,480,22,0,458,54.878,382,368,14,50.044
PR00000694,WO00000694,2026-01-29,B,P03,P03_L02,SKU006,480,23,0,457,54.878,386,376,10,50.678
PR00000695,WO00000695,2026-01-29,C,P03,P03_L02,SKU008,480,56,0,424,56.6,317,312,5,44.858
PR00000696,WO00000696,2026-01-29,A,P03,P03_L03,SKU001,480,0,0,480,49.793,370,365,5,46.25
PR00000697,WO00000697,2026-01-29,B,P03,P03_L03,SKU004,480,25,0,455,56.693,381,369,12,50.242
PR00000698,WO00000698,2026-01-29,C,P03,P03_L03,SKU003,480,28,10,442,58.1,356,349,7,48.326
PR00000699,WO00000699,2026-01-30,A,P01,P01_L01,SKU005,480,26,10,444,50.42,330,320,10,44.595
PR00000700,WO00000700,2026-01-30,B,P01,P01_L01,SKU005,480,0,0,480,50.42,348,340,8,43.5
PR00000701,WO00000701,2026-01-30,C,P01,P01_L01,SKU005,480,48,0,432,50.42,283,275,8,39.306
PR00000702,WO00000702,2026-01-30,A,P01,P01_L02,SKU008,480,52,0,428,60.302,374,367,7,52.43
PR00000703,WO00000703,2026-01-30,B,P01,P01_L02,SKU004,480,0,38,442,56.693,353,341,12,47.919
PR00000704,WO00000704,2026-01-30,C,P01,P01_L02,SKU004,480,0,0,480,56.693,369,354,15,46.125
PR00000705,WO00000705,2026-01-30,A,P01,P01_L03,SKU002,480,0,0,480,72.0,489,471,18,61.125
PR00000706,WO00000706,2026-01-30,B,P01,P01_L03,SKU003,480,28,0,452,61.962,438,426,12,58.142
PR00000707,WO00000707,2026-01-30,C,P01,P01_L03,SKU003,480,0,0,480,61.962,450,439,11,56.25
PR00000708,WO00000708,2026-01-30,A,P02,P02_L01,SKU001,480,0,22,458,48.8,343,335,8,44.934
PR00000709,WO00000709,2026-01-30,B,P02,P02_L01,SKU004,480,52,0,428,48.8,294,283,11,41.215
PR00000710,WO00000710,2026-01-30,C,P02,P02_L01,SKU003,480,29,0,451,48.8,308,301,7,40.976
PR00000711,WO00000711,2026-01-30,A,P02,P02_L02,SKU002,480,0,14,466,55.9,390,372,18,50.215
PR00000712,WO00000712,2026-01-30,B,P02,P02_L02,SKU002,480,0,0,480,55.9,357,344,13,44.625
PR00000713,WO00000713,2026-01-30,C,P02,P02_L02,SKU005,480,0,4,476,50.42,304,296,8,38.319
PR00000714,WO00000714,2026-01-30,A,P02,P02_L03,SKU007,480,0,31,449,47.0,328,323,5,43.831
PR00000715,WO00000715,2026-01-30,B,P02,P02_L03,SKU003,480,0,0,480,47.0,331,325,6,41.375
PR00000716,WO00000716,2026-01-30,C,P02,P02_L03,SKU001,480,0,18,462,47.0,301,294,7,39.091
PR00000717,WO00000717,2026-01-30,A,P03,P03_L01,SKU001,480,0,43,437,49.793,326,321,5,44.76
PR00000718,WO00000718,2026-01-30,B,P03,P03_L01,SKU004,480,42,0,438,56.693,355,343,12,48.63
PR00000719,WO00000719,2026-01-30,C,P03,P03_L01,SKU003,480,30,19,431,57.7,372,362,10,51.787
PR00000720,WO00000720,2026-01-30,A,P03,P03_L02,SKU004,480,0,0,480,56.6,407,396,11,50.875
PR00000721,WO00000721,2026-01-30,B,P03,P03_L02,SKU001,480,0,0,480,49.793,336,327,9,42.0
PR00000722,WO00000722,2026-01-30,C,P03,P03_L02,SKU006,480,0,111,369,54.878,297,286,11,48.293
PR00000723,WO00000723,2026-01-30,A,P03,P03_L03,SKU007,480,0,35,445,58.1,401,395,6,54.067
PR00000724,WO00000724,2026-01-30,B,P03,P03_L03,SKU004,480,0,0,480,56.693,400,385,15,50.0
PR00000725,WO00000725,2026-01-30,C,P03,P03_L03,SKU006,480,0,0,480,54.878,410,396,14,51.25
PR00000726,WO00000726,2026-01-31,B,P01,P01_L01,SKU001,480,24,0,456,49.793,345,336,9,45.395
PR00000727,WO00000727,2026-01-31,C,P01,P01_L01,SKU005,480,0,0,480,50.42,321,311,10,40.125
PR00000728,WO00000728,2026-01-31,C,P01,P01_L02,SKU004,480,26,0,454,56.693,375,359,16,49.559
PR00000729,WO00000729,2026-01-31,A,P01,P01_L03,SKU004,480,0,0,480,56.693,399,384,15,49.875
PR00000730,WO00000730,2026-01-31,C,P01,P01_L03,SKU003,480,0,0,480,61.962,438,427,11,54.75
PR00000731,WO00000731,2026-01-31,B,P02,P02_L01,SKU002,480,0,0,480,48.8,331,317,14,41.375
PR00000732,WO00000732,2026-01-31,C,P02,P02_L01,SKU003,480,29,0,451,48.8,302,297,5,40.177
PR00000733,WO00000733,2026-01-31,A,P02,P02_L02,SKU006,480,0,0,480,54.878,392,380,12,49.0
PR00000734,WO00000734,2026-01-31,B,P02,P02_L02,SKU004,480,23,0,457,55.9,373,360,13,48.972
PR00000735,WO00000735,2026-01-31,A,P02,P02_L03,SKU007,480,0,19,461,47.0,313,306,7,40.738
PR00000736,WO00000736,2026-01-31,B,P02,P02_L03,SKU004,480,0,0,480,47.0,312,301,11,39.0
PR00000737,WO00000737,2026-01-31,C,P02,P02_L03,SKU007,480,0,0,480,47.0,322,316,6,40.25
PR00000738,WO00000738,2026-01-31,C,P03,P03_L01,SKU003,480,19,32,429,57.7,351,343,8,49.091
PR00000739,WO00000739,2026-01-31,B,P03,P03_L02,SKU001,480,26,0,454,49.793,317,310,7,41.894
PR00000740,WO00000740,2026-01-31,A,P03,P03_L03,SKU004,480,0,0,480,56.693,403,388,15,50.375
PR00000741,WO00000741,2026-02-01,A,P01,P01_L01,SKU007,480,0,0,480,69.9,496,483,13,62.0
PR00000742,WO00000742,2026-02-01,B,P01,P01_L01,SKU001,480,29,0,451,49.793,346,336,10,46.031
PR00000743,WO00000743,2026-02-01,C,P01,P01_L01,SKU001,480,0,0,480,49.793,339,331,8,42.375
PR00000744,WO00000744,2026-02-01,A,P01,P01_L02,SKU001,480,20,62,398,49.793,310,304,6,46.734
PR00000745,WO00000745,2026-02-01,B,P01,P01_L02,SKU006,480,0,0,480,54.878,399,387,12,49.875
PR00000746,WO00000746,2026-02-01,B,P01,P01_L03,SKU003,480,34,0,446,61.962,449,441,8,60.404
PR00000747,WO00000747,2026-02-01,C,P01,P01_L03,SKU003,480,0,0,480,61.962,469,457,12,58.625
PR00000748,WO00000748,2026-02-01,A,P02,P02_L01,SKU004,480,0,0,480,48.8,350,340,10,43.75
PR00000749,WO00000749,2026-02-01,B,P02,P02_L01,SKU002,480,0,73,407,48.8,270,258,12,39.803
PR00000750,WO00000750,2026-02-01,C,P02,P02_L01,SKU006,480,0,0,480,48.8,343,330,13,42.875
PR00000751,WO00000751,2026-02-01,A,P02,P02_L02,SKU002,480,17,0,463,55.9,380,367,13,49.244
PR00000752,WO00000752,2026-02-01,A,P02,P02_L03,SKU005,480,0,0,480,47.0,328,320,8,41.0
PR00000753,WO00000753,2026-02-01,B,P02,P02_L03,SKU005,480,0,0,480,47.0,309,301,8,38.625
PR00000754,WO00000754,2026-02-01,C,P02,P02_L03,SKU007,480,26,0,454,47.0,298,292,6,39.383
PR00000755,WO00000755,2026-02-01,B,P03,P03_L01,SKU004,480,21,0,459,56.693,375,361,14,49.02
PR00000756,WO00000756,2026-02-01,C,P03,P03_L01,SKU001,480,0,0,480,49.793,333,325,8,41.625
PR00000757,WO00000757,2026-02-01,A,P03,P03_L02,SKU006,480,20,0,460,54.878,393,382,11,51.261
PR00000758,WO00000758,2026-02-01,B,P03,P03_L02,SKU006,480,0,0,480,54.878,409,398,11,51.125
PR00000759,WO00000759,2026-02-01,C,P03,P03_L02,SKU002,480,19,0,461,56.6,340,328,12,44.252
PR00000760,WO00000760,2026-02-01,A,P03,P03_L03,SKU001,480,72,8,400,49.793,302,295,7,45.3
PR00000761,WO00000761,2026-02-01,B,P03,P03_L03,SKU004,480,0,0,480,56.693,392,379,13,49.0
PR00000762,WO00000762,2026-02-02,A,P01,P01_L01,SKU005,480,0,24,456,50.42,331,324,7,43.553
PR00000763,WO00000763,2026-02-02,B,P01,P01_L01,SKU001,480,0,0,480,49.793,348,338,10,43.5
PR00000764,WO00000764,2026-02-02,C,P01,P01_L01,SKU005,480,0,25,455,50.42,316,308,8,41.67
PR00000765,WO00000765,2026-02-02,A,P01,P01_L02,SKU001,480,0,0,480,49.793,368,360,8,46.0
PR00000766,WO00000766,2026-02-02,B,P01,P01_L02,SKU004,480,0,0,480,56.693,420,403,17,52.5
PR00000767,WO00000767,2026-02-02,C,P01,P01_L02,SKU004,480,23,0,457,56.693,341,325,16,44.77
PR00000768,WO00000768,2026-02-02,A,P01,P01_L03,SKU003,480,0,19,461,61.962,490,478,12,63.774
PR00000769,WO00000769,2026-02-02,B,P01,P01_L03,SKU004,480,0,0,480,56.693,397,383,14,49.625
PR00000770,WO00000770,2026-02-02,C,P01,P01_L03,SKU003,480,0,135,345,61.962,301,295,6,52.348
PR00000771,WO00000771,2026-02-02,A,P02,P02_L01,SKU005,480,22,21,437,48.8,304,297,7,41.739
PR00000772,WO00000772,2026-02-02,B,P02,P02_L01,SKU001,480,0,0,480,48.8,335,324,11,41.875
PR00000773,WO00000773,2026-02-02,C,P02,P02_L01,SKU003,480,20,0,460,48.8,319,310,9,41.609
PR00000774,WO00000774,2026-02-02,A,P02,P02_L02,SKU004,480,0,0,480,55.9,389,376,13,48.625
PR00000775,WO00000775,2026-02-02,B,P02,P02_L02,SKU002,480,35,0,445,55.9,327,315,12,44.09
PR00000776,WO00000776,2026-02-02,C,P02,P02_L02,SKU002,480,0,0,480,55.9,321,309,12,40.125
PR00000777,WO00000777,2026-02-02,A,P02,P02_L03,SKU003,480,30,0,450,47.0,296,289,7,39.467
PR00000778,WO00000778,2026-02-02,B,P02,P02_L03,SKU003,480,0,0,480,47.0,337,329,8,42.125
PR00000779,WO00000779,2026-02-02,C,P02,P02_L03,SKU007,480,0,44,436,47.0,301,298,3,41.422
PR00000780,WO00000780,2026-02-02,A,P03,P03_L01,SKU006,480,59,0,421,54.878,339,330,9,48.314
PR00000781,WO00000781,2026-02-02,B,P03,P03_L01,SKU001,480,21,0,459,49.793,349,341,8,45.621
PR00000782,WO00000782,2026-02-02,C,P03,P03_L01,SKU001,480,60,0,420,49.793,275,269,6,39.286
PR00000783,WO00000783,2026-02-02,A,P03,P03_L02,SKU001,480,0,0,480,49.793,367,360,7,45.875
PR00000784,WO00000784,2026-02-02,B,P03,P03_L02,SKU002,480,0,39,441,56.6,334,323,11,45.442
PR00000785,WO00000785,2026-02-02,C,P03,P03_L02,SKU006,480,42,0,438,54.878,364,354,10,49.863
PR00000786,WO00000786,2026-02-02,A,P03,P03_L03,SKU003,480,0,27,453,58.1,411,403,8,54.437
PR00000787,WO00000787,2026-02-02,B,P03,P03_L03,SKU003,480,0,0,480,58.1,413,407,6,51.625
PR00000788,WO00000788,2026-02-02,C,P03,P03_L03,SKU004,480,0,0,480,56.693,377,364,13,47.125
PR00000789,WO00000789,2026-02-03,A,P01,P01_L01,SKU005,480,0,31,449,50.42,322,314,8,43.029
PR00000790,WO00000790,2026-02-03,B,P01,P01_L01,SKU007,480,30,0,450,69.9,465,458,7,62.0
PR00000791,WO00000791,2026-02-03,C,P01,P01_L01,SKU002,480,0,115,365,69.9,344,331,13,56.548
PR00000792,WO00000792,2026-02-03,A,P01,P01_L02,SKU001,480,33,0,447,49.793,328,321,7,44.027
PR00000793,WO00000793,2026-02-03,B,P01,P01_L02,SKU008,480,25,0,455,60.302,392,386,6,51.692
PR00000794,WO00000794,2026-02-03,C,P01,P01_L02,SKU004,480,0,22,458,56.693,356,339,17,46.638
PR00000795,WO00000795,2026-02-03,A,P01,P01_L03,SKU008,480,22,0,458,60.302,405,396,9,53.057
PR00000796,WO00000796,2026-02-03,B,P01,P01_L03,SKU008,480,0,0,480,60.302,414,409,5,51.75
PR00000797,WO00000797,2026-02-03,C,P01,P01_L03,SKU003,480,0,0,480,61.962,436,422,14,54.5
PR00000798,WO00000798,2026-02-03,A,P02,P02_L01,SKU003,480,19,0,461,48.8,361,354,7,46.985
PR00000799,WO00000799,2026-02-03,B,P02,P02_L01,SKU003,480,23,0,457,48.8,335,324,11,43.982
PR00000800,WO00000800,2026-02-03,C,P02,P02_L01,SKU003,480,36,0,444,48.8,307,300,7,41.486
PR00000801,WO00000801,2026-02-03,A,P02,P02_L02,SKU004,480,0,48,432,55.9,364,349,15,50.556
PR00000802,WO00000802,2026-02-03,B,P02,P02_L02,SKU002,480,22,20,438,55.9,341,329,12,46.712
PR00000803,WO00000803,2026-02-03,C,P02,P02_L02,SKU004,480,12,0,468,55.9,345,331,14,44.231
PR00000804,WO00000804,2026-02-03,A,P02,P02_L03,SKU007,480,17,0,463,47.0,311,307,4,40.302
PR00000805,WO00000805,2026-02-03,B,P02,P02_L03,SKU001,480,0,16,464,47.0,299,290,9,38.664
PR00000806,WO00000806,2026-02-03,C,P02,P02_L03,SKU005,480,39,0,441,47.0,255,247,8,34.694
PR00000807,WO00000807,2026-02-03,A,P03,P03_L01,SKU001,480,0,0,480,49.793,371,364,7,46.375
PR00000808,WO00000808,2026-02-03,B,P03,P03_L01,SKU003,480,0,4,476,57.7,430,421,9,54.202
PR00000809,WO00000809,2026-02-03,C,P03,P03_L01,SKU001,480,24,0,456,49.793,305,297,8,40.132
PR00000810,WO00000810,2026-02-03,A,P03,P03_L02,SKU004,480,0,54,426,56.6,358,347,11,50.423
PR00000811,WO00000811,2026-02-03,B,P03,P03_L02,SKU004,480,26,0,454,56.6,368,353,15,48.634
PR00000812,WO00000812,2026-02-03,C,P03,P03_L02,SKU006,480,0,0,480,54.878,377,367,10,47.125
PR00000813,WO00000813,2026-02-03,A,P03,P03_L03,SKU001,480,34,51,395,49.793,302,296,6,45.873
PR00000814,WO00000814,2026-02-03,B,P03,P03_L03,SKU004,480,0,0,480,56.693,406,394,12,50.75
PR00000815,WO00000815,2026-02-03,C,P03,P03_L03,SKU001,480,0,18,462,49.793,312,305,7,40.519
PR00000816,WO00000816,2026-02-04,A,P01,P01_L01,SKU007,480,24,0,456,69.9,481,473,8,63.289
PR00000817,WO00000817,2026-02-04,B,P01,P01_L01,SKU001,480,39,0,441,49.793,331,322,9,45.034
PR00000818,WO00000818,2026-02-04,C,P01,P01_L01,SKU001,480,0,13,467,49.793,316,308,8,40.6
PR00000819,WO00000819,2026-02-04,A,P01,P01_L02,SKU004,480,18,0,462,56.693,387,375,12,50.26
PR00000820,WO00000820,2026-02-04,B,P01,P01_L02,SKU001,480,23,18,439,49.793,336,327,9,45.923
PR00000821,WO00000821,2026-02-04,C,P01,P01_L02,SKU008,480,0,10,470,60.302,375,366,9,47.872
PR00000822,WO00000822,2026-02-04,A,P01,P01_L03,SKU008,480,43,14,423,60.302,381,373,8,54.043
PR00000823,WO00000823,2026-02-04,B,P01,P01_L03,SKU004,480,33,0,447,56.693,380,367,13,51.007
PR00000824,WO00000824,2026-02-04,C,P01,P01_L03,SKU008,480,32,0,448,60.302,352,347,5,47.143
PR00000825,WO00000825,2026-02-04,A,P02,P02_L01,SKU004,480,17,0,463,48.8,341,327,14,44.19
PR00000826,WO00000826,2026-02-04,B,P02,P02_L01,SKU001,480,16,0,464,48.8,315,306,9,40.733
PR00000827,WO00000827,2026-02-04,C,P02,P02_L01,SKU001,480,26,0,454,48.8,303,294,9,40.044
PR00000828,WO00000828,2026-02-04,A,P02,P02_L02,SKU006,480,30,0,450,54.878,365,354,11,48.667
PR00000829,WO00000829,2026-02-04,B,P02,P02_L02,SKU004,480,43,0,437,55.9,349,337,12,47.918
PR00000830,WO00000830,2026-02-04,C,P02,P02_L02,SKU004,480,0,0,480,55.9,363,347,16,45.375
PR00000831,WO00000831,2026-02-04,A,P02,P02_L03,SKU003,480,0,0,480,47.0,342,336,6,42.75
PR00000832,WO00000832,2026-02-04,B,P02,P02_L03,SKU003,480,27,0,453,47.0,311,303,8,41.192
PR00000833,WO00000833,2026-02-04,C,P02,P02_L03,SKU003,480,0,0,480,47.0,317,310,7,39.625
PR00000834,WO00000834,2026-02-04,A,P03,P03_L01,SKU003,480,23,0,457,57.7,429,421,8,56.324
PR00000835,WO00000835,2026-02-04,B,P03,P03_L01,SKU001,480,41,4,435,49.793,310,303,7,42.759
PR00000836,WO00000836,2026-02-04,C,P03,P03_L01,SKU001,480,23,0,457,49.793,332,325,7,43.589
PR00000837,WO00000837,2026-02-04,A,P03,P03_L02,SKU001,480,0,0,480,49.793,357,351,6,44.625
PR00000838,WO00000838,2026-02-04,B,P03,P03_L02,SKU006,480,28,0,452,54.878,387,377,10,51.372
PR00000839,WO00000839,2026-02-04,C,P03,P03_L02,SKU004,480,0,0,480,56.6,351,337,14,43.875
PR00000840,WO00000840,2026-02-04,A,P03,P03_L03,SKU004,480,22,0,458,56.693,389,376,13,50.961
PR00000841,WO00000841,2026-02-04,B,P03,P03_L03,SKU004,480,0,5,475,56.693,405,391,14,51.158
PR00000842,WO00000842,2026-02-04,C,P03,P03_L03,SKU004,480,54,0,426,56.693,338,325,13,47.606
PR00000843,WO00000843,2026-02-05,A,P01,P01_L01,SKU007,480,53,0,427,69.9,442,438,4,62.108
PR00000844,WO00000844,2026-02-05,B,P01,P01_L01,SKU004,480,0,0,480,56.693,401,386,15,50.125
PR00000845,WO00000845,2026-02-05,C,P01,P01_L01,SKU006,480,26,0,454,54.878,362,350,12,47.841
PR00000846,WO00000846,2026-02-05,A,P01,P01_L02,SKU002,480,0,0,480,65.2,463,442,21,57.875
PR00000847,WO00000847,2026-02-05,B,P01,P01_L02,SKU002,480,20,44,416,65.2,385,369,16,55.529
PR00000848,WO00000848,2026-02-05,C,P01,P01_L02,SKU004,480,0,15,465,56.693,352,337,15,45.419
PR00000849,WO00000849,2026-02-05,A,P01,P01_L03,SKU007,480,0,0,480,74.2,532,526,6,66.5
PR00000850,WO00000850,2026-02-05,B,P01,P01_L03,SKU008,480,0,0,480,60.302,394,386,8,49.25
PR00000851,WO00000851,2026-02-05,C,P01,P01_L03,SKU003,480,0,7,473,61.962,428,419,9,54.292
PR00000852,WO00000852,2026-02-05,A,P02,P02_L01,SKU003,480,0,14,466,48.8,337,329,8,43.391
PR00000853,WO00000853,2026-02-05,B,P02,P02_L01,SKU003,480,0,0,480,48.8,351,343,8,43.875
PR00000854,WO00000854,2026-02-05,C,P02,P02_L01,SKU004,480,0,26,454,48.8,311,298,13,41.101
PR00000855,WO00000855,2026-02-05,A,P02,P02_L02,SKU004,480,0,0,480,55.9,358,348,10,44.75
PR00000856,WO00000856,2026-02-05,B,P02,P02_L02,SKU004,480,31,0,449,55.9,367,351,16,49.042
PR00000857,WO00000857,2026-02-05,C,P02,P02_L02,SKU006,480,31,0,449,54.878,360,347,13,48.107
PR00000858,WO00000858,2026-02-05,A,P02,P02_L03,SKU008,480,0,0,480,47.0,326,321,5,40.75
PR00000859,WO00000859,2026-02-05,B,P02,P02_L03,SKU005,480,0,8,472,47.0,316,309,7,40.169
PR00000860,WO00000860,2026-02-05,C,P02,P02_L03,SKU005,480,43,62,375,47.0,227,222,5,36.32
PR00000861,WO00000861,2026-02-05,A,P03,P03_L01,SKU007,480,0,20,460,57.7,396,391,5,51.652
PR00000862,WO00000862,2026-02-05,B,P03,P03_L01,SKU001,480,39,0,441,49.793,337,329,8,45.85
PR00000863,WO00000863,2026-02-05,C,P03,P03_L01,SKU006,480,0,0,480,54.878,384,376,8,48.0
PR00000864,WO00000864,2026-02-05,A,P03,P03_L02,SKU006,480,0,0,480,54.878,421,409,12,52.625
PR00000865,WO00000865,2026-02-05,B,P03,P03_L02,SKU001,480,0,11,469,49.793,319,312,7,40.81
PR00000866,WO00000866,2026-02-05,C,P03,P03_L02,SKU006,480,0,0,480,54.878,385,373,12,48.125
PR00000867,WO00000867,2026-02-05,A,P03,P03_L03,SKU007,480,0,0,480,58.1,407,404,3,50.875
PR00000868,WO00000868,2026-02-05,B,P03,P03_L03,SKU004,480,0,0,480,56.693,385,371,14,48.125
PR00000869,WO00000869,2026-02-05,C,P03,P03_L03,SKU004,480,40,0,440,56.693,345,334,11,47.045
PR00000870,WO00000870,2026-02-06,A,P01,P01_L01,SKU004,480,0,0,480,56.693,418,406,12,52.25
PR00000871,WO00000871,2026-02-06,B,P01,P01_L01,SKU007,480,0,0,480,69.9,503,499,4,62.875
PR00000872,WO00000872,2026-02-06,C,P01,P01_L01,SKU007,480,0,0,480,69.9,474,468,6,59.25
PR00000873,WO00000873,2026-02-06,A,P01,P01_L02,SKU001,480,57,40,383,49.793,290,283,7,45.431
PR00000874,WO00000874,2026-02-06,B,P01,P01_L02,SKU001,480,39,124,317,49.793,226,220,6,42.776
PR00000875,WO00000875,2026-02-06,C,P01,P01_L02,SKU001,480,16,11,453,49.793,317,310,7,41.987
PR00000876,WO00000876,2026-02-06,A,P01,P01_L03,SKU003,480,0,0,480,61.962,460,451,9,57.5
PR00000877,WO00000877,2026-02-06,B,P01,P01_L03,SKU005,480,0,0,480,50.42,342,333,9,42.75
PR00000878,WO00000878,2026-02-06,C,P01,P01_L03,SKU006,480,0,0,480,54.878,395,384,11,49.375
PR00000879,WO00000879,2026-02-06,A,P02,P02_L01,SKU001,480,25,18,437,48.8,313,307,6,42.975
PR00000880,WO00000880,2026-02-06,B,P02,P02_L01,SKU003,480,0,15,465,48.8,344,338,6,44.387
PR00000881,WO00000881,2026-02-06,C,P02,P02_L01,SKU004,480,0,70,410,48.8,292,280,12,42.732
PR00000882,WO00000882,2026-02-06,A,P02,P02_L02,SKU008,480,0,0,480,55.9,390,384,6,48.75
PR00000883,WO00000883,2026-02-06,B,P02,P02_L02,SKU006,480,0,0,480,54.878,361,350,11,45.125
PR00000884,WO00000884,2026-02-06,C,P02,P02_L02,SKU001,480,0,0,480,49.793,328,319,9,41.0
PR00000885,WO00000885,2026-02-06,A,P02,P02_L03,SKU007,480,38,24,418,47.0,298,294,4,42.775
PR00000886,WO00000886,2026-02-06,B,P02,P02_L03,SKU002,480,42,0,438,47.0,280,270,10,38.356
PR00000887,WO00000887,2026-02-06,C,P02,P02_L03,SKU003,480,0,0,480,47.0,310,303,7,38.75
PR00000888,WO00000888,2026-02-06,A,P03,P03_L01,SKU001,480,0,46,434,49.793,331,323,8,45.76
PR00000889,WO00000889,2026-02-06,B,P03,P03_L01,SKU001,480,43,64,373,49.793,280,274,6,45.04
PR00000890,WO00000890,2026-02-06,C,P03,P03_L01,SKU003,480,38,0,442,57.7,374,369,5,50.769
PR00000891,WO00000891,2026-02-06,A,P03,P03_L02,SKU001,480,0,0,480,49.793,357,349,8,44.625
PR00000892,WO00000892,2026-02-06,B,P03,P03_L02,SKU006,480,18,0,462,54.878,367,357,10,47.662
PR00000893,WO00000893,2026-02-06,C,P03,P03_L02,SKU002,480,42,0,438,56.6,340,325,15,46.575
PR00000894,WO00000894,2026-02-06,A,P03,P03_L03,SKU001,480,26,27,427,49.793,310,303,7,43.56
PR00000895,WO00000895,2026-02-06,B,P03,P03_L03,SKU004,480,0,0,480,56.693,405,390,15,50.625
PR00000896,WO00000896,2026-02-06,C,P03,P03_L03,SKU001,480,0,0,480,49.793,337,329,8,42.125
PR00000897,WO00000897,2026-02-07,A,P01,P01_L01,SKU008,480,0,21,459,60.302,412,403,9,53.856
PR00000898,WO00000898,2026-02-07,B,P01,P01_L01,SKU005,480,33,20,427,50.42,286,279,7,40.187
PR00000899,WO00000899,2026-02-07,C,P01,P01_L01,SKU004,480,20,28,432,56.693,371,354,17,51.528
PR00000900,WO00000900,2026-02-07,C,P01,P01_L02,SKU001,480,0,0,480,49.793,355,344,11,44.375
PR00000901,WO00000901,2026-02-07,A,P01,P01_L03,SKU006,480,0,49,431,54.878,393,383,10,54.71
PR00000902,WO00000902,2026-02-07,B,P01,P01_L03,SKU008,480,29,20,431,60.302,362,355,7,50.394
PR00000903,WO00000903,2026-02-07,C,P01,P01_L03,SKU003,480,0,13,467,61.962,426,415,11,54.732
PR00000904,WO00000904,2026-02-07,B,P02,P02_L01,SKU001,480,31,0,449,48.8,304,299,5,40.624
PR00000905,WO00000905,2026-02-07,C,P02,P02_L01,SKU005,480,0,0,480,48.8,297,287,10,37.125
PR00000906,WO00000906,2026-02-07,A,P02,P02_L02,SKU002,480,0,65,415,55.9,344,334,10,49.735
PR00000907,WO00000907,2026-02-07,B,P02,P02_L02,SKU002,480,0,0,480,55.9,387,372,15,48.375
PR00000908,WO00000908,2026-02-07,C,P02,P02_L02,SKU004,480,0,0,480,55.9,361,347,14,45.125
PR00000909,WO00000909,2026-02-07,A,P02,P02_L03,SKU005,480,0,0,480,47.0,316,311,5,39.5
PR00000910,WO00000910,2026-02-07,B,P02,P02_L03,SKU007,480,18,0,462,47.0,307,304,3,39.87
PR00000911,WO00000911,2026-02-07,C,P03,P03_L01,SKU004,480,35,0,445,56.693,354,343,11,47.73
PR00000912,WO00000912,2026-02-07,A,P03,P03_L02,SKU006,480,0,0,480,54.878,426,413,13,53.25
PR00000913,WO00000913,2026-02-07,C,P03,P03_L02,SKU001,480,22,0,458,49.793,310,302,8,40.611
PR00000914,WO00000914,2026-02-07,A,P03,P03_L03,SKU004,480,0,0,480,56.693,409,396,13,51.125
PR00000915,WO00000915,2026-02-07,B,P03,P03_L03,SKU006,480,0,21,459,54.878,363,354,9,47.451
PR00000916,WO00000916,2026-02-07,C,P03,P03_L03,SKU003,480,25,0,455,58.1,386,377,9,50.901
PR00000917,WO00000917,2026-02-08,B,P01,P01_L01,SKU007,480,0,16,464,69.9,448,443,5,57.931
PR00000918,WO00000918,2026-02-08,C,P01,P01_L01,SKU001,480,0,0,480,49.793,339,329,10,42.375
PR00000919,WO00000919,2026-02-08,A,P01,P01_L02,SKU001,480,0,0,480,49.793,356,347,9,44.5
PR00000920,WO00000920,2026-02-08,C,P01,P01_L02,SKU001,480,17,0,463,49.793,323,313,10,41.857
PR00000921,WO00000921,2026-02-08,A,P01,P01_L03,SKU004,480,0,0,480,56.693,413,396,17,51.625
PR00000922,WO00000922,2026-02-08,A,P02,P02_L01,SKU006,480,0,0,480,48.8,349,338,11,43.625
PR00000923,WO00000923,2026-02-08,C,P02,P02_L02,SKU006,480,0,8,472,54.878,377,365,12,47.924
PR00000924,WO00000924,2026-02-08,B,P02,P02_L03,SKU003,480,26,13,441,47.0,316,310,6,42.993
PR00000925,WO00000925,2026-02-08,A,P03,P03_L01,SKU003,480,44,0,436,57.7,403,399,4,55.459
PR00000926,WO00000926,2026-02-08,C,P03,P03_L01,SKU001,480,23,0,457,49.793,308,301,7,40.438
PR00000927,WO00000927,2026-02-08,B,P03,P03_L02,SKU006,480,25,44,411,54.878,351,341,10,51.241
PR00000928,WO00000928,2026-02-08,C,P03,P03_L02,SKU006,480,0,0,480,54.878,383,374,9,47.875
PR00000929,WO00000929,2026-02-08,B,P03,P03_L03,SKU003,480,0,0,480,58.1,451,443,8,56.375
PR00000930,WO00000930,2026-02-09,A,P01,P01_L01,SKU001,480,38,0,442,49.793,344,337,7,46.697
PR00000931,WO00000931,2026-02-09,B,P01,P01_L01,SKU005,480,0,44,436,50.42,302,293,9,41.56
PR00000932,WO00000932,2026-02-09,C,P01,P01_L01,SKU005,480,0,0,480,50.42,321,313,8,40.125
PR00000933,WO00000933,2026-02-09,A,P01,P01_L02,SKU004,480,0,0,480,56.693,412,397,15,51.5
PR00000934,WO00000934,2026-02-09,B,P01,P01_L02,SKU001,480,39,0,441,49.793,342,333,9,46.531
PR00000935,WO00000935,2026-02-09,C,P01,P01_L02,SKU004,480,0,0,480,56.693,364,346,18,45.5
PR00000936,WO00000936,2026-02-09,A,P01,P01_L03,SKU002,480,0,0,480,72.0,501,483,18,62.625
PR00000937,WO00000937,2026-02-09,B,P01,P01_L03,SKU003,480,16,0,464,61.962,427,419,8,55.216
PR00000938,WO00000938,2026-02-09,C,P01,P01_L03,SKU007,480,0,0,480,74.2,507,499,8,63.375
PR00000939,WO00000939,2026-02-09,A,P02,P02_L01,SKU003,480,0,29,451,48.8,344,335,9,45.765
PR00000940,WO00000940,2026-02-09,B,P02,P02_L01,SKU002,480,0,0,480,48.8,302,289,13,37.75
PR00000941,WO00000941,2026-02-09,C,P02,P02_L01,SKU002,480,28,0,452,48.8,302,291,11,40.088
PR00000942,WO00000942,2026-02-09,A,P02,P02_L02,SKU004,480,0,0,480,55.9,403,388,15,50.375
PR00000943,WO00000943,2026-02-09,B,P02,P02_L02,SKU002,480,29,9,442,55.9,332,322,10,45.068
PR00000944,WO00000944,2026-02-09,C,P02,P02_L02,SKU004,480,23,0,457,55.9,341,329,12,44.77
PR00000945,WO00000945,2026-02-09,A,P02,P02_L03,SKU006,480,0,34,446,47.0,294,286,8,39.552
PR00000946,WO00000946,2026-02-09,B,P02,P02_L03,SKU007,480,15,0,465,47.0,299,297,2,38.581
PR00000947,WO00000947,2026-02-09,C,P02,P02_L03,SKU007,480,25,24,431,47.0,281,278,3,39.118
PR00000948,WO00000948,2026-02-09,A,P03,P03_L01,SKU001,480,0,0,480,49.793,348,340,8,43.5
PR00000949,WO00000949,2026-02-09,B,P03,P03_L01,SKU001,480,29,0,451,49.793,325,317,8,43.237
PR00000950,WO00000950,2026-02-09,C,P03,P03_L01,SKU001,480,0,69,411,49.793,263,259,4,38.394
PR00000951,WO00000951,2026-02-09,A,P03,P03_L02,SKU008,480,0,0,480,56.6,393,387,6,49.125
PR00000952,WO00000952,2026-02-09,B,P03,P03_L02,SKU006,480,0,22,458,54.878,375,363,12,49.127
PR00000953,WO00000953,2026-02-09,C,P03,P03_L02,SKU001,480,0,0,480,49.793,341,333,8,42.625
PR00000954,WO00000954,2026-02-09,A,P03,P03_L03,SKU003,480,0,0,480,58.1,420,415,5,52.5
PR00000955,WO00000955,2026-02-09,B,P03,P03_L03,SKU004,480,0,0,480,56.693,409,395,14,51.125
PR00000956,WO00000956,2026-02-09,C,P03,P03_L03,SKU004,480,0,26,454,56.693,367,352,15,48.502
PR00000957,WO00000957,2026-02-10,A,P01,P01_L01,SKU007,480,21,0,459,69.9,486,483,3,63.529
PR00000958,WO00000958,2026-02-10,B,P01,P01_L01,SKU001,480,0,0,480,49.793,363,351,12,45.375
PR00000959,WO00000959,2026-02-10,C,P01,P01_L01,SKU005,480,0,0,480,50.42,321,313,8,40.125
PR00000960,WO00000960,2026-02-10,A,P01,P01_L02,SKU004,480,0,0,480,56.693,429,415,14,53.625
PR00000961,WO00000961,2026-02-10,B,P01,P01_L02,SKU006,480,0,0,480,54.878,428,413,15,53.5
PR00000962,WO00000962,2026-02-10,C,P01,P01_L02,SKU008,480,0,0,480,60.302,424,416,8,53.0
PR00000963,WO00000963,2026-02-10,A,P01,P01_L03,SKU003,480,22,0,458,61.962,441,430,11,57.773
PR00000964,WO00000964,2026-02-10,B,P01,P01_L03,SKU008,480,0,0,480,60.302,411,405,6,51.375
PR00000965,WO00000965,2026-02-10,C,P01,P01_L03,SKU003,480,0,0,480,61.962,436,428,8,54.5
PR00000966,WO00000966,2026-02-10,A,P02,P02_L01,SKU001,480,0,0,480,48.8,333,325,8,41.625
PR00000967,WO00000967,2026-02-10,B,P02,P02_L01,SKU005,480,23,0,457,48.8,297,291,6,38.993
PR00000968,WO00000968,2026-02-10,C,P02,P02_L01,SKU003,480,0,0,480,48.8,330,322,8,41.25
PR00000969,WO00000969,2026-02-10,A,P02,P02_L02,SKU002,480,0,0,480,55.9,383,369,14,47.875
PR00000970,WO00000970,2026-02-10,B,P02,P02_L02,SKU004,480,0,0,480,55.9,373,359,14,46.625
PR00000971,WO00000971,2026-02-10,C,P02,P02_L02,SKU004,480,0,0,480,55.9,369,354,15,46.125
PR00000972,WO00000972,2026-02-10,A,P02,P02_L03,SKU007,480,29,0,451,47.0,298,293,5,39.645
PR00000973,WO00000973,2026-02-10,B,P02,P02_L03,SKU008,480,43,20,417,47.0,269,264,5,38.705
PR00000974,WO00000974,2026-02-10,C,P02,P02_L03,SKU007,480,0,0,480,47.0,300,295,5,37.5
PR00000975,WO00000975,2026-02-10,A,P03,P03_L01,SKU004,480,0,0,480,56.693,437,424,13,54.625
PR00000976,WO00000976,2026-02-10,B,P03,P03_L01,SKU006,480,51,0,429,54.878,335,326,9,46.853
PR00000977,WO00000977,2026-02-10,C,P03,P03_L01,SKU002,480,0,0,480,57.7,365,351,14,45.625
PR00000978,WO00000978,2026-02-10,A,P03,P03_L02,SKU004,480,25,0,455,56.6,380,369,11,50.11
PR00000979,WO00000979,2026-02-10,B,P03,P03_L02,SKU006,480,0,24,456,54.878,372,362,10,48.947
PR00000980,WO00000980,2026-02-10,C,P03,P03_L02,SKU004,480,0,0,480,56.6,378,365,13,47.25
PR00000981,WO00000981,2026-02-10,A,P03,P03_L03,SKU003,480,27,0,453,58.1,409,402,7,54.172
PR00000982,WO00000982,2026-02-10,B,P03,P03_L03,SKU004,480,0,0,480,56.693,396,382,14,49.5
PR00000983,WO00000983,2026-02-10,C,P03,P03_L03,SKU003,480,36,0,444,58.1,376,366,10,50.811
PR00000984,WO00000984,2026-02-11,A,P01,P01_L01,SKU007,480,23,0,457,69.9,478,471,7,62.757
PR00000985,WO00000985,2026-02-11,B,P01,P01_L01,SKU001,480,0,0,480,49.793,350,342,8,43.75
PR00000986,WO00000986,2026-02-11,C,P01,P01_L01,SKU008,480,0,0,480,60.302,405,398,7,50.625
PR00000987,WO00000987,2026-02-11,A,P01,P01_L02,SKU001,480,0,0,480,49.793,373,364,9,46.625
PR00000988,WO00000988,2026-02-11,B,P01,P01_L02,SKU001,480,0,0,480,49.793,354,345,9,44.25
PR00000989,WO00000989,2026-02-11,C,P01,P01_L02,SKU004,480,0,0,480,56.693,380,363,17,47.5
PR00000990,WO00000990,2026-02-11,A,P01,P01_L03,SKU003,480,0,0,480,61.962,487,477,10,60.875
PR00000991,WO00000991,2026-02-11,B,P01,P01_L03,SKU003,480,0,0,480,61.962,468,454,14,58.5
PR00000992,WO00000992,2026-02-11,C,P01,P01_L03,SKU006,480,0,0,480,54.878,397,380,17,49.625
PR00000993,WO00000993,2026-02-11,A,P02,P02_L01,SKU001,480,29,0,451,48.8,313,305,8,41.641
PR00000994,WO00000994,2026-02-11,B,P02,P02_L01,SKU003,480,54,27,399,48.8,289,282,7,43.459
PR00000995,WO00000995,2026-02-11,C,P02,P02_L01,SKU001,480,30,0,450,48.8,274,265,9,36.533
PR00000996,WO00000996,2026-02-11,A,P02,P02_L02,SKU002,480,0,0,480,55.9,377,364,13,47.125
PR00000997,WO00000997,2026-02-11,B,P02,P02_L02,SKU002,480,0,59,421,55.9,302,290,12,43.04
PR00000998,WO00000998,2026-02-11,C,P02,P02_L02,SKU003,480,38,53,389,55.9,319,314,5,49.203
PR00000999,WO00000999,2026-02-11,A,P02,P02_L03,SKU005,480,28,0,452,47.0,299,291,8,39.69
PR00001000,WO00001000,2026-02-11,B,P02,P02_L03,SKU001,480,39,0,441,47.0,295,289,6,40.136
PR00001001,WO00001001,2026-02-11,C,P02,P02_L03,SKU003,480,43,30,407,47.0,264,256,8,38.919
PR00001002,WO00001002,2026-02-11,A,P03,P03_L01,SKU001,480,0,0,480,49.793,351,343,8,43.875
PR00001003,WO00001003,2026-02-11,B,P03,P03_L01,SKU004,480,17,0,463,56.693,403,386,17,52.225
PR00001004,WO00001004,2026-02-11,C,P03,P03_L01,SKU003,480,37,0,443,57.7,371,363,8,50.248
PR00001005,WO00001005,2026-02-11,A,P03,P03_L02,SKU006,480,0,10,470,54.878,386,375,11,49.277
PR00001006,WO00001006,2026-02-11,B,P03,P03_L02,SKU006,480,34,0,446,54.878,368,358,10,49.507
PR00001007,WO00001007,2026-02-11,C,P03,P03_L02,SKU002,480,27,0,453,56.6,319,308,11,42.252
PR00001008,WO00001008,2026-02-11,A,P03,P03_L03,SKU001,480,0,0,480,49.793,360,353,7,45.0
PR00001009,WO00001009,2026-02-11,B,P03,P03_L03,SKU001,480,0,0,480,49.793,336,327,9,42.0
PR00001010,WO00001010,2026-02-11,C,P03,P03_L03,SKU004,480,0,9,471,56.693,367,352,15,46.752
PR00001011,WO00001011,2026-02-12,A,P01,P01_L01,SKU007,480,0,69,411,69.9,406,398,8,59.27
PR00001012,WO00001012,2026-02-12,B,P01,P01_L01,SKU002,480,0,51,429,69.9,424,405,19,59.301
PR00001013,WO00001013,2026-02-12,C,P01,P01_L01,SKU005,480,0,96,384,50.42,270,264,6,42.188
PR00001014,WO00001014,2026-02-12,A,P01,P01_L02,SKU001,480,0,0,480,49.793,366,357,9,45.75
PR00001015,WO00001015,2026-02-12,B,P01,P01_L02,SKU001,480,40,0,440,49.793,316,306,10,43.091
PR00001016,WO00001016,2026-02-12,C,P01,P01_L02,SKU001,480,0,0,480,49.793,340,329,11,42.5
PR00001017,WO00001017,2026-02-12,A,P01,P01_L03,SKU002,480,0,0,480,72.0,500,485,15,62.5
PR00001018,WO00001018,2026-02-12,B,P01,P01_L03,SKU008,480,25,0,455,60.302,407,398,9,53.67
PR00001019,WO00001019,2026-02-12,C,P01,P01_L03,SKU004,480,23,0,457,56.693,373,358,15,48.972
PR00001020,WO00001020,2026-02-12,A,P02,P02_L01,SKU003,480,67,0,413,48.8,310,304,6,45.036
PR00001021,WO00001021,2026-02-12,B,P02,P02_L01,SKU002,480,0,0,480,48.8,330,321,9,41.25
PR00001022,WO00001022,2026-02-12,C,P02,P02_L01,SKU003,480,0,4,476,48.8,334,326,8,42.101
PR00001023,WO00001023,2026-02-12,A,P02,P02_L02,SKU004,480,0,64,416,55.9,355,346,9,51.202
PR00001024,WO00001024,2026-02-12,B,P02,P02_L02,SKU003,480,0,0,480,55.9,414,407,7,51.75
PR00001025,WO00001025,2026-02-12,C,P02,P02_L02,SKU004,480,0,0,480,55.9,399,381,18,49.875
PR00001026,WO00001026,2026-02-12,A,P02,P02_L03,SKU007,480,16,0,464,47.0,318,314,4,41.121
PR00001027,WO00001027,2026-02-12,B,P02,P02_L03,SKU003,480,0,42,438,47.0,323,317,6,44.247
PR00001028,WO00001028,2026-02-12,C,P02,P02_L03,SKU005,480,37,0,443,47.0,275,268,7,37.246
PR00001029,WO00001029,2026-02-12,A,P03,P03_L01,SKU003,480,30,0,450,57.7,378,371,7,50.4
PR00001030,WO00001030,2026-02-12,B,P03,P03_L01,SKU003,480,35,0,445,57.7,388,379,9,52.315
PR00001031,WO00001031,2026-02-12,C,P03,P03_L01,SKU001,480,17,0,463,49.793,325,320,5,42.117
PR00001032,WO00001032,2026-02-12,A,P03,P03_L02,SKU006,480,45,0,435,54.878,374,365,9,51.586
PR00001033,WO00001033,2026-02-12,B,P03,P03_L02,SKU002,480,28,115,337,56.6,269,260,9,47.893
PR00001034,WO00001034,2026-02-12,C,P03,P03_L02,SKU006,480,0,67,413,54.878,341,332,9,49.54
PR00001035,WO00001035,2026-02-12,A,P03,P03_L03,SKU001,480,0,0,480,49.793,370,361,9,46.25
PR00001036,WO00001036,2026-02-12,B,P03,P03_L03,SKU006,480,22,0,458,54.878,366,353,13,47.948
PR00001037,WO00001037,2026-02-12,C,P03,P03_L03,SKU003,480,0,0,480,58.1,404,395,9,50.5
PR00001038,WO00001038,2026-02-13,A,P01,P01_L01,SKU004,480,25,0,455,56.693,397,384,13,52.352
PR00001039,WO00001039,2026-02-13,B,P01,P01_L01,SKU004,480,0,32,448,56.693,392,378,14,52.5
PR00001040,WO00001040,2026-02-13,C,P01,P01_L01,SKU001,480,0,0,480,49.793,343,331,12,42.875
PR00001041,WO00001041,2026-02-13,A,P01,P01_L02,SKU004,480,30,0,450,56.693,406,389,17,54.133
PR00001042,WO00001042,2026-02-13,B,P01,P01_L02,SKU008,480,47,31,402,60.302,333,326,7,49.701
PR00001043,WO00001043,2026-02-13,C,P01,P01_L02,SKU004,480,0,19,461,56.693,390,371,19,50.759
PR00001044,WO00001044,2026-02-13,A,P01,P01_L03,SKU004,480,0,0,480,56.693,399,387,12,49.875
PR00001045,WO00001045,2026-02-13,B,P01,P01_L03,SKU004,480,23,0,457,56.693,369,357,12,48.446
PR00001046,WO00001046,2026-02-13,C,P01,P01_L03,SKU003,480,0,0,480,61.962,430,419,11,53.75
PR00001047,WO00001047,2026-02-13,A,P02,P02_L01,SKU003,480,0,0,480,48.8,380,370,10,47.5
PR00001048,WO00001048,2026-02-13,B,P02,P02_L01,SKU003,480,0,21,459,48.8,326,317,9,42.614
PR00001049,WO00001049,2026-02-13,C,P02,P02_L01,SKU003,480,29,0,451,48.8,327,322,5,43.503
PR00001050,WO00001050,2026-02-13,A,P02,P02_L02,SKU004,480,0,38,442,55.9,369,358,11,50.09
PR00001051,WO00001051,2026-02-13,B,P02,P02_L02,SKU002,480,0,90,390,55.9,299,287,12,46.0
PR00001052,WO00001052,2026-02-13,C,P02,P02_L02,SKU002,480,49,0,431,55.9,323,310,13,44.965
PR00001053,WO00001053,2026-02-13,A,P02,P02_L03,SKU003,480,0,0,480,47.0,360,353,7,45.0
PR00001054,WO00001054,2026-02-13,B,P02,P02_L03,SKU007,480,0,29,451,47.0,286,282,4,38.049
PR00001055,WO00001055,2026-02-13,C,P02,P02_L03,SKU007,480,33,0,447,47.0,287,282,5,38.523
PR00001056,WO00001056,2026-02-13,A,P03,P03_L01,SKU001,480,43,0,437,49.793,344,334,10,47.231
PR00001057,WO00001057,2026-02-13,B,P03,P03_L01,SKU001,480,75,11,394,49.793,297,290,7,45.228
PR00001058,WO00001058,2026-02-13,C,P03,P03_L01,SKU004,480,0,100,380,56.693,275,266,9,43.421
PR00001059,WO00001059,2026-02-13,A,P03,P03_L02,SKU006,480,21,0,459,54.878,375,367,8,49.02
PR00001060,WO00001060,2026-02-13,B,P03,P03_L02,SKU001,480,0,0,480,49.793,345,336,9,43.125
PR00001061,WO00001061,2026-02-13,C,P03,P03_L02,SKU004,480,0,39,441,56.6,349,337,12,47.483
PR00001062,WO00001062,2026-02-13,A,P03,P03_L03,SKU004,480,0,17,463,56.693,385,374,11,49.892
PR00001063,WO00001063,2026-02-13,B,P03,P03_L03,SKU004,480,0,0,480,56.693,388,374,14,48.5
PR00001064,WO00001064,2026-02-13,C,P03,P03_L03,SKU001,480,22,32,426,49.793,300,293,7,42.254
PR00001065,WO00001065,2026-02-14,B,P01,P01_L01,SKU001,480,22,0,458,49.793,336,326,10,44.017
PR00001066,WO00001066,2026-02-14,A,P01,P01_L02,SKU004,480,0,0,480,56.693,421,406,15,52.625
PR00001067,WO00001067,2026-02-14,B,P01,P01_L02,SKU008,480,0,0,480,60.302,405,398,7,50.625
PR00001068,WO00001068,2026-02-14,C,P01,P01_L03,SKU004,480,0,0,480,56.693,356,340,16,44.5
PR00001069,WO00001069,2026-02-14,A,P02,P02_L01,SKU003,480,31,0,449,48.8,335,330,5,44.766
PR00001070,WO00001070,2026-02-14,B,P02,P02_L02,SKU002,480,26,0,454,55.9,341,330,11,45.066
PR00001071,WO00001071,2026-02-14,A,P02,P02_L03,SKU004,480,37,17,426,47.0,292,280,12,41.127
PR00001072,WO00001072,2026-02-14,C,P02,P02_L03,SKU002,480,0,0,480,47.0,320,306,14,40.0
PR00001073,WO00001073,2026-02-14,A,P03,P03_L01,SKU001,480,0,0,480,49.793,366,357,9,45.75
PR00001074,WO00001074,2026-02-14,A,P03,P03_L02,SKU001,480,22,37,421,49.793,316,311,5,45.036
PR00001075,WO00001075,2026-02-14,B,P03,P03_L03,SKU003,480,29,0,451,58.1,397,388,9,52.816
PR00001076,WO00001076,2026-02-15,A,P01,P01_L01,SKU005,480,0,0,480,50.42,371,363,8,46.375
PR00001077,WO00001077,2026-02-15,C,P01,P01_L02,SKU001,480,38,0,442,49.793,312,303,9,42.353
PR00001078,WO00001078,2026-02-15,A,P01,P01_L03,SKU003,480,23,49,408,61.962,401,388,13,58.971
PR00001079,WO00001079,2026-02-15,B,P01,P01_L03,SKU003,480,0,0,480,61.962,447,439,8,55.875
PR00001080,WO00001080,2026-02-15,A,P02,P02_L01,SKU002,480,26,0,454,48.8,306,296,10,40.441
PR00001081,WO00001081,2026-02-15,B,P02,P02_L01,SKU003,480,0,7,473,48.8,346,337,9,43.89
PR00001082,WO00001082,2026-02-15,C,P02,P02_L01,SKU003,480,0,41,439,48.8,309,302,7,42.232
PR00001083,WO00001083,2026-02-15,A,P02,P02_L02,SKU008,480,22,0,458,55.9,380,374,6,49.782
PR00001084,WO00001084,2026-02-15,B,P02,P02_L02,SKU002,480,0,0,480,55.9,352,339,13,44.0
PR00001085,WO00001085,2026-02-15,C,P02,P02_L02,SKU006,480,0,0,480,54.878,367,357,10,45.875
PR00001086,WO00001086,2026-02-15,A,P02,P02_L03,SKU008,480,28,16,436,47.0,302,294,8,41.56
PR00001087,WO00001087,2026-02-15,B,P02,P02_L03,SKU005,480,29,0,451,47.0,296,290,6,39.379
PR00001088,WO00001088,2026-02-15,C,P02,P02_L03,SKU001,480,0,0,480,47.0,303,294,9,37.875
PR00001089,WO00001089,2026-02-15,A,P03,P03_L01,SKU001,480,0,0,480,49.793,341,336,5,42.625
PR00001090,WO00001090,2026-02-15,B,P03,P03_L01,SKU003,480,15,0,465,57.7,372,362,10,48.0
PR00001091,WO00001091,2026-02-15,A,P03,P03_L02,SKU006,480,0,0,480,54.878,392,380,12,49.0
PR00001092,WO00001092,2026-02-15,C,P03,P03_L02,SKU001,480,87,0,393,49.793,278,272,6,42.443
PR00001093,WO00001093,2026-02-15,A,P03,P03_L03,SKU001,480,0,0,480,49.793,364,358,6,45.5
PR00001094,WO00001094,2026-02-16,A,P01,P01_L01,SKU007,480,32,0,448,69.9,491,484,7,65.759
PR00001095,WO00001095,2026-02-16,B,P01,P01_L01,SKU001,480,24,4,452,49.793,340,330,10,45.133
PR00001096,WO00001096,2026-02-16,C,P01,P01_L01,SKU001,480,0,0,480,49.793,344,334,10,43.0
PR00001097,WO00001097,2026-02-16,A,P01,P01_L02,SKU004,480,32,0,448,56.693,423,407,16,56.652
PR00001098,WO00001098,2026-02-16,B,P01,P01_L02,SKU004,480,41,0,439,56.693,354,341,13,48.383
PR00001099,WO00001099,2026-02-16,C,P01,P01_L02,SKU001,480,24,0,456,49.793,320,312,8,42.105
PR00001100,WO00001100,2026-02-16,A,P01,P01_L03,SKU004,480,24,0,456,56.693,411,397,14,54.079
PR00001101,WO00001101,2026-02-16,B,P01,P01_L03,SKU003,480,0,0,480,61.962,455,448,7,56.875
PR00001102,WO00001102,2026-02-16,C,P01,P01_L03,SKU008,480,24,17,439,60.302,386,378,8,52.756
PR00001103,WO00001103,2026-02-16,A,P02,P02_L01,SKU003,480,0,0,480,48.8,345,340,5,43.125
PR00001104,WO00001104,2026-02-16,B,P02,P02_L01,SKU003,480,0,0,480,48.8,338,329,9,42.25
PR00001105,WO00001105,2026-02-16,C,P02,P02_L01,SKU003,480,0,17,463,48.8,327,319,8,42.376
PR00001106,WO00001106,2026-02-16,A,P02,P02_L02,SKU002,480,0,0,480,55.9,385,372,13,48.125
PR00001107,WO00001107,2026-02-16,B,P02,P02_L02,SKU003,480,0,30,450,55.9,385,378,7,51.333
PR00001108,WO00001108,2026-02-16,C,P02,P02_L02,SKU006,480,0,0,480,54.878,381,366,15,47.625
PR00001109,WO00001109,2026-02-16,A,P02,P02_L03,SKU007,480,0,0,480,47.0,360,353,7,45.0
PR00001110,WO00001110,2026-02-16,B,P02,P02_L03,SKU008,480,0,0,480,47.0,321,316,5,40.125
PR00001111,WO00001111,2026-02-16,C,P02,P02_L03,SKU007,480,0,0,480,47.0,308,301,7,38.5
PR00001112,WO00001112,2026-02-16,A,P03,P03_L01,SKU005,480,24,0,456,50.42,325,317,8,42.763
PR00001113,WO00001113,2026-02-16,B,P03,P03_L01,SKU004,480,0,0,480,56.693,372,356,16,46.5
PR00001114,WO00001114,2026-02-16,C,P03,P03_L01,SKU003,480,0,128,352,57.7,275,268,7,46.875
PR00001115,WO00001115,2026-02-16,A,P03,P03_L02,SKU001,480,0,0,480,49.793,354,348,6,44.25
PR00001116,WO00001116,2026-02-16,B,P03,P03_L02,SKU006,480,0,12,468,54.878,380,370,10,48.718
PR00001117,WO00001117,2026-02-16,C,P03,P03_L02,SKU001,480,0,0,480,49.793,338,329,9,42.25
PR00001118,WO00001118,2026-02-16,A,P03,P03_L03,SKU001,480,0,31,449,49.793,346,340,6,46.236
PR00001119,WO00001119,2026-02-16,B,P03,P03_L03,SKU004,480,23,0,457,56.693,364,352,12,47.79
PR00001120,WO00001120,2026-02-16,C,P03,P03_L03,SKU001,480,0,0,480,49.793,316,308,8,39.5
PR00001121,WO00001121,2026-02-17,A,P01,P01_L01,SKU001,480,0,0,480,49.793,372,361,11,46.5
PR00001122,WO00001122,2026-02-17,B,P01,P01_L01,SKU005,480,12,43,425,50.42,288,281,7,40.659
PR00001123,WO00001123,2026-02-17,C,P01,P01_L01,SKU007,480,0,0,480,69.9,467,462,5,58.375
PR00001124,WO00001124,2026-02-17,A,P01,P01_L02,SKU001,480,0,0,480,49.793,373,363,10,46.625
PR00001125,WO00001125,2026-02-17,B,P01,P01_L02,SKU004,480,44,63,373,56.693,320,307,13,51.475
PR00001126,WO00001126,2026-02-17,C,P01,P01_L02,SKU001,480,34,0,446,49.793,307,296,11,41.3
PR00001127,WO00001127,2026-02-17,A,P01,P01_L03,SKU003,480,18,25,437,61.962,425,415,10,58.352
PR00001128,WO00001128,2026-02-17,B,P01,P01_L03,SKU003,480,0,0,480,61.962,456,446,10,57.0
PR00001129,WO00001129,2026-02-17,C,P01,P01_L03,SKU003,480,0,18,462,61.962,437,429,8,56.753
PR00001130,WO00001130,2026-02-17,A,P02,P02_L01,SKU002,480,0,15,465,48.8,319,307,12,41.161
PR00001131,WO00001131,2026-02-17,B,P02,P02_L01,SKU003,480,57,0,423,48.8,309,303,6,43.83
PR00001132,WO00001132,2026-02-17,C,P02,P02_L01,SKU006,480,0,0,480,48.8,339,330,9,42.375
PR00001133,WO00001133,2026-02-17,A,P02,P02_L02,SKU006,480,0,40,440,54.878,384,372,12,52.364
PR00001134,WO00001134,2026-02-17,B,P02,P02_L02,SKU006,480,0,0,480,54.878,398,387,11,49.75
PR00001135,WO00001135,2026-02-17,C,P02,P02_L02,SKU002,480,0,0,480,55.9,359,342,17,44.875
PR00001136,WO00001136,2026-02-17,A,P02,P02_L03,SKU001,480,0,0,480,47.0,324,316,8,40.5
PR00001137,WO00001137,2026-02-17,B,P02,P02_L03,SKU004,480,31,10,439,47.0,302,291,11,41.276
PR00001138,WO00001138,2026-02-17,C,P02,P02_L03,SKU007,480,15,0,465,47.0,313,309,4,40.387
PR00001139,WO00001139,2026-02-17,A,P03,P03_L01,SKU001,480,0,0,480,49.793,354,349,5,44.25
PR00001140,WO00001140,2026-02-17,B,P03,P03_L01,SKU001,480,0,0,480,49.793,343,334,9,42.875
PR00001141,WO00001141,2026-02-17,C,P03,P03_L01,SKU004,480,44,0,436,56.693,330,317,13,45.413
PR00001142,WO00001142,2026-02-17,A,P03,P03_L02,SKU006,480,0,17,463,54.878,416,404,12,53.909
PR00001143,WO00001143,2026-02-17,B,P03,P03_L02,SKU006,480,14,0,466,54.878,370,360,10,47.639
PR00001144,WO00001144,2026-02-17,C,P03,P03_L02,SKU006,480,0,0,480,54.878,383,369,14,47.875
PR00001145,WO00001145,2026-02-17,A,P03,P03_L03,SKU001,480,0,8,472,49.793,360,352,8,45.763
PR00001146,WO00001146,2026-02-17,B,P03,P03_L03,SKU001,480,50,0,430,49.793,310,304,6,43.256
PR00001147,WO00001147,2026-02-17,C,P03,P03_L03,SKU006,480,0,12,468,54.878,361,348,13,46.282
PR00001148,WO00001148,2026-02-18,A,P01,P01_L01,SKU001,480,18,0,462,49.793,344,333,11,44.675
PR00001149,WO00001149,2026-02-18,B,P01,P01_L01,SKU008,480,22,0,458,60.302,395,387,8,51.747
PR00001150,WO00001150,2026-02-18,C,P01,P01_L01,SKU005,480,61,0,419,50.42,275,267,8,39.379
PR00001151,WO00001151,2026-02-18,A,P01,P01_L02,SKU001,480,0,0,480,49.793,388,381,7,48.5
PR00001152,WO00001152,2026-02-18,B,P01,P01_L02,SKU001,480,0,0,480,49.793,347,334,13,43.375
PR00001153,WO00001153,2026-02-18,C,P01,P01_L02,SKU001,480,0,0,480,49.793,329,321,8,41.125
PR00001154,WO00001154,2026-02-18,A,P01,P01_L03,SKU008,480,43,0,437,60.302,393,385,8,53.959
PR00001155,WO00001155,2026-02-18,B,P01,P01_L03,SKU002,480,0,0,480,72.0,505,482,23,63.125
PR00001156,WO00001156,2026-02-18,C,P01,P01_L03,SKU004,480,0,0,480,56.693,407,389,18,50.875
PR00001157,WO00001157,2026-02-18,A,P02,P02_L01,SKU003,480,0,0,480,48.8,361,355,6,45.125
PR00001158,WO00001158,2026-02-18,B,P02,P02_L01,SKU003,480,33,0,447,48.8,327,320,7,43.893
PR00001159,WO00001159,2026-02-18,C,P02,P02_L01,SKU003,480,26,0,454,48.8,327,320,7,43.216
PR00001160,WO00001160,2026-02-18,A,P02,P02_L02,SKU002,480,0,0,480,55.9,390,378,12,48.75
PR00001161,WO00001161,2026-02-18,B,P02,P02_L02,SKU004,480,31,0,449,55.9,375,364,11,50.111
PR00001162,WO00001162,2026-02-18,C,P02,P02_L02,SKU002,480,0,0,480,55.9,358,345,13,44.75
PR00001163,WO00001163,2026-02-18,A,P02,P02_L03,SKU003,480,0,0,480,47.0,349,340,9,43.625
PR00001164,WO00001164,2026-02-18,B,P02,P02_L03,SKU007,480,0,0,480,47.0,317,312,5,39.625
PR00001165,WO00001165,2026-02-18,C,P02,P02_L03,SKU008,480,12,0,468,47.0,273,268,5,35.0
PR00001166,WO00001166,2026-02-18,A,P03,P03_L01,SKU003,480,0,0,480,57.7,461,453,8,57.625
PR00001167,WO00001167,2026-02-18,B,P03,P03_L01,SKU003,480,0,0,480,57.7,429,420,9,53.625
PR00001168,WO00001168,2026-02-18,C,P03,P03_L01,SKU001,480,0,0,480,49.793,356,351,5,44.5
PR00001169,WO00001169,2026-02-18,A,P03,P03_L02,SKU006,480,0,0,480,54.878,387,374,13,48.375
PR00001170,WO00001170,2026-02-18,B,P03,P03_L02,SKU008,480,24,0,456,56.6,347,340,7,45.658
PR00001171,WO00001171,2026-02-18,C,P03,P03_L02,SKU002,480,33,10,437,56.6,326,314,12,44.76
PR00001172,WO00001172,2026-02-18,A,P03,P03_L03,SKU001,480,0,0,480,49.793,365,354,11,45.625
PR00001173,WO00001173,2026-02-18,B,P03,P03_L03,SKU003,480,18,0,462,58.1,407,398,9,52.857
PR00001174,WO00001174,2026-02-18,C,P03,P03_L03,SKU004,480,81,0,399,56.693,298,286,12,44.812
PR00001175,WO00001175,2026-02-19,A,P01,P01_L01,SKU007,480,0,31,449,69.9,493,488,5,65.88
PR00001176,WO00001176,2026-02-19,B,P01,P01_L01,SKU001,480,0,0,480,49.793,344,334,10,43.0
PR00001177,WO00001177,2026-02-19,C,P01,P01_L01,SKU001,480,0,0,480,49.793,335,327,8,41.875
PR00001178,WO00001178,2026-02-19,A,P01,P01_L02,SKU004,480,0,24,456,56.693,417,400,17,54.868
PR00001179,WO00001179,2026-02-19,B,P01,P01_L02,SKU008,480,0,0,480,60.302,415,408,7,51.875
PR00001180,WO00001180,2026-02-19,C,P01,P01_L02,SKU006,480,0,16,464,54.878,370,356,14,47.845
PR00001181,WO00001181,2026-02-19,A,P01,P01_L03,SKU003,480,30,0,450,61.962,440,432,8,58.667
PR00001182,WO00001182,2026-02-19,B,P01,P01_L03,SKU003,480,32,0,448,61.962,439,430,9,58.795
PR00001183,WO00001183,2026-02-19,C,P01,P01_L03,SKU003,480,23,19,438,61.962,367,357,10,50.274
PR00001184,WO00001184,2026-02-19,A,P02,P02_L01,SKU004,480,0,0,480,48.8,344,333,11,43.0
PR00001185,WO00001185,2026-02-19,B,P02,P02_L01,SKU004,480,12,0,468,48.8,325,312,13,41.667
PR00001186,WO00001186,2026-02-19,C,P02,P02_L01,SKU002,480,0,0,480,48.8,297,284,13,37.125
PR00001187,WO00001187,2026-02-19,A,P02,P02_L02,SKU003,480,23,0,457,55.9,388,382,6,50.941
PR00001188,WO00001188,2026-02-19,B,P02,P02_L02,SKU002,480,0,0,480,55.9,382,371,11,47.75
PR00001189,WO00001189,2026-02-19,C,P02,P02_L02,SKU004,480,0,0,480,55.9,358,343,15,44.75
PR00001190,WO00001190,2026-02-19,A,P02,P02_L03,SKU007,480,0,0,480,47.0,327,321,6,40.875
PR00001191,WO00001191,2026-02-19,B,P02,P02_L03,SKU003,480,0,24,456,47.0,320,313,7,42.105
PR00001192,WO00001192,2026-02-19,C,P02,P02_L03,SKU007,480,32,0,448,47.0,283,281,2,37.902
PR00001193,WO00001193,2026-02-19,A,P03,P03_L01,SKU003,480,0,15,465,57.7,411,400,11,53.032
PR00001194,WO00001194,2026-02-19,B,P03,P03_L01,SKU003,480,0,13,467,57.7,394,387,7,50.621
PR00001195,WO00001195,2026-02-19,C,P03,P03_L01,SKU002,480,0,0,480,57.7,351,339,12,43.875
PR00001196,WO00001196,2026-02-19,A,P03,P03_L02,SKU006,480,30,0,450,54.878,391,381,10,52.133
PR00001197,WO00001197,2026-02-19,B,P03,P03_L02,SKU006,480,0,0,480,54.878,391,381,10,48.875
PR00001198,WO00001198,2026-02-19,C,P03,P03_L02,SKU002,480,46,0,434,56.6,317,304,13,43.825
PR00001199,WO00001199,2026-02-19,A,P03,P03_L03,SKU004,480,0,14,466,56.693,373,360,13,48.026
PR00001200,WO00001200,2026-02-19,B,P03,P03_L03,SKU007,480,21,0,459,58.1,380,374,6,49.673
PR00001201,WO00001201,2026-02-19,C,P03,P03_L03,SKU003,480,0,0,480,58.1,391,381,10,48.875
PR00001202,WO00001202,2026-02-20,A,P01,P01_L01,SKU005,480,13,15,452,50.42,324,315,9,43.009
PR00001203,WO00001203,2026-02-20,B,P01,P01_L01,SKU004,480,27,0,453,56.693,365,350,15,48.344
PR00001204,WO00001204,2026-02-20,C,P01,P01_L01,SKU001,480,0,39,441,49.793,318,311,7,43.265
PR00001205,WO00001205,2026-02-20,A,P01,P01_L02,SKU001,480,38,29,413,49.793,311,302,9,45.182
PR00001206,WO00001206,2026-02-20,B,P01,P01_L02,SKU008,480,0,0,480,60.302,401,394,7,50.125
PR00001207,WO00001207,2026-02-20,C,P01,P01_L02,SKU001,480,48,0,432,49.793,303,294,9,42.083
PR00001208,WO00001208,2026-02-20,A,P01,P01_L03,SKU007,480,0,8,472,74.2,547,539,8,69.534
PR00001209,WO00001209,2026-02-20,B,P01,P01_L03,SKU003,480,0,0,480,61.962,463,455,8,57.875
PR00001210,WO00001210,2026-02-20,C,P01,P01_L03,SKU003,480,40,7,433,61.962,398,391,7,55.15
PR00001211,WO00001211,2026-02-20,A,P02,P02_L01,SKU003,480,0,0,480,48.8,382,375,7,47.75
PR00001212,WO00001212,2026-02-20,B,P02,P02_L01,SKU001,480,0,16,464,48.8,334,327,7,43.19
PR00001213,WO00001213,2026-02-20,C,P02,P02_L01,SKU004,480,0,0,480,48.8,331,319,12,41.375
PR00001214,WO00001214,2026-02-20,A,P02,P02_L02,SKU002,480,0,15,465,55.9,382,368,14,49.29
PR00001215,WO00001215,2026-02-20,B,P02,P02_L02,SKU004,480,0,29,451,55.9,367,354,13,48.825
PR00001216,WO00001216,2026-02-20,C,P02,P02_L02,SKU002,480,0,48,432,55.9,316,302,14,43.889
PR00001217,WO00001217,2026-02-20,A,P02,P02_L03,SKU007,480,51,0,429,47.0,300,295,5,41.958
PR00001218,WO00001218,2026-02-20,B,P02,P02_L03,SKU007,480,0,33,447,47.0,301,296,5,40.403
PR00001219,WO00001219,2026-02-20,C,P02,P02_L03,SKU008,480,0,0,480,47.0,299,295,4,37.375
PR00001220,WO00001220,2026-02-20,A,P03,P03_L01,SKU001,480,0,0,480,49.793,330,322,8,41.25
PR00001221,WO00001221,2026-02-20,B,P03,P03_L01,SKU001,480,0,0,480,49.793,362,354,8,45.25
PR00001222,WO00001222,2026-02-20,C,P03,P03_L01,SKU001,480,0,0,480,49.793,323,315,8,40.375
PR00001223,WO00001223,2026-02-20,A,P03,P03_L02,SKU006,480,0,0,480,54.878,395,384,11,49.375
PR00001224,WO00001224,2026-02-20,B,P03,P03_L02,SKU006,480,0,0,480,54.878,395,384,11,49.375
PR00001225,WO00001225,2026-02-20,C,P03,P03_L02,SKU002,480,44,0,436,56.6,314,302,12,43.211
PR00001226,WO00001226,2026-02-20,A,P03,P03_L03,SKU004,480,0,0,480,56.693,419,408,11,52.375
PR00001227,WO00001227,2026-02-20,B,P03,P03_L03,SKU004,480,24,0,456,56.693,377,362,15,49.605
PR00001228,WO00001228,2026-02-20,C,P03,P03_L03,SKU003,480,0,0,480,58.1,425,416,9,53.125
PR00001229,WO00001229,2026-02-21,B,P01,P01_L01,SKU007,480,23,0,457,69.9,466,459,7,61.182
PR00001230,WO00001230,2026-02-21,C,P01,P01_L01,SKU001,480,0,27,453,49.793,331,321,10,43.841
PR00001231,WO00001231,2026-02-21,A,P01,P01_L02,SKU001,480,0,0,480,49.793,340,331,9,42.5
PR00001232,WO00001232,2026-02-21,B,P01,P01_L02,SKU004,480,0,0,480,56.693,394,381,13,49.25
PR00001233,WO00001233,2026-02-21,C,P01,P01_L02,SKU004,480,0,131,349,56.693,295,280,15,50.716
PR00001234,WO00001234,2026-02-21,A,P01,P01_L03,SKU002,480,19,0,461,72.0,481,463,18,62.603
PR00001235,WO00001235,2026-02-21,A,P02,P02_L01,SKU003,480,12,0,468,48.8,359,352,7,46.026
PR00001236,WO00001236,2026-02-21,A,P02,P02_L02,SKU002,480,0,37,443,55.9,353,342,11,47.81
PR00001237,WO00001237,2026-02-21,C,P02,P02_L02,SKU006,480,0,64,416,54.878,300,292,8,43.269
PR00001238,WO00001238,2026-02-21,A,P02,P02_L03,SKU003,480,70,0,410,47.0,276,271,5,40.39
PR00001239,WO00001239,2026-02-21,B,P02,P02_L03,SKU002,480,30,0,450,47.0,295,284,11,39.333
PR00001240,WO00001240,2026-02-21,A,P03,P03_L01,SKU001,480,0,21,459,49.793,335,328,7,43.791
PR00001241,WO00001241,2026-02-21,C,P03,P03_L01,SKU003,480,0,0,480,57.7,386,376,10,48.25
PR00001242,WO00001242,2026-02-21,A,P03,P03_L02,SKU001,480,0,37,443,49.793,322,317,5,43.612
PR00001243,WO00001243,2026-02-21,B,P03,P03_L02,SKU001,480,0,0,480,49.793,349,340,9,43.625
PR00001244,WO00001244,2026-02-21,C,P03,P03_L02,SKU001,480,30,0,450,49.793,300,292,8,40.0
PR00001245,WO00001245,2026-02-21,A,P03,P03_L03,SKU001,480,0,25,455,49.793,339,332,7,44.703
PR00001246,WO00001246,2026-02-21,B,P03,P03_L03,SKU004,480,33,18,429,56.693,364,348,16,50.909
PR00001247,WO00001247,2026-02-21,C,P03,P03_L03,SKU001,480,0,35,445,49.793,301,293,8,40.584
PR00001248,WO00001248,2026-02-22,B,P01,P01_L01,SKU005,480,0,0,480,50.42,338,328,10,42.25
PR00001249,WO00001249,2026-02-22,C,P01,P01_L01,SKU001,480,0,26,454,49.793,319,309,10,42.159
PR00001250,WO00001250,2026-02-22,A,P01,P01_L02,SKU001,480,0,10,470,49.793,366,355,11,46.723
PR00001251,WO00001251,2026-02-22,B,P01,P01_L02,SKU001,480,0,47,433,49.793,338,328,10,46.836
PR00001252,WO00001252,2026-02-22,C,P01,P01_L02,SKU002,480,0,0,480,65.2,410,391,19,51.25
PR00001253,WO00001253,2026-02-22,A,P02,P02_L01,SKU003,480,0,0,480,48.8,352,344,8,44.0
PR00001254,WO00001254,2026-02-22,B,P02,P02_L01,SKU002,480,36,28,416,48.8,281,272,9,40.529
PR00001255,WO00001255,2026-02-22,C,P02,P02_L01,SKU003,480,15,0,465,48.8,336,329,7,43.355
PR00001256,WO00001256,2026-02-22,A,P02,P02_L02,SKU002,480,16,0,464,55.9,356,344,12,46.034
PR00001257,WO00001257,2026-02-22,A,P02,P02_L03,SKU007,480,0,0,480,47.0,326,322,4,40.75
PR00001258,WO00001258,2026-02-22,B,P02,P02_L03,SKU003,480,0,62,418,47.0,280,275,5,40.191
PR00001259,WO00001259,2026-02-22,C,P02,P02_L03,SKU003,480,19,17,444,47.0,298,291,7,40.27
PR00001260,WO00001260,2026-02-22,A,P03,P03_L01,SKU003,480,0,0,480,57.7,443,437,6,55.375
PR00001261,WO00001261,2026-02-22,A,P03,P03_L02,SKU002,480,35,48,397,56.6,306,297,9,46.247
PR00001262,WO00001262,2026-02-22,B,P03,P03_L02,SKU004,480,0,23,457,56.6,398,384,14,52.254
PR00001263,WO00001263,2026-02-22,C,P03,P03_L02,SKU001,480,0,0,480,49.793,347,337,10,43.375
PR00001264,WO00001264,2026-02-22,A,P03,P03_L03,SKU001,480,0,0,480,49.793,359,348,11,44.875
PR00001265,WO00001265,2026-02-22,C,P03,P03_L03,SKU004,480,0,0,480,56.693,376,361,15,47.0
PR00001266,WO00001266,2026-02-23,A,P01,P01_L01,SKU001,480,36,0,444,49.793,339,331,8,45.811
PR00001267,WO00001267,2026-02-23,B,P01,P01_L01,SKU001,480,0,37,443,49.793,328,320,8,44.424
PR00001268,WO00001268,2026-02-23,C,P01,P01_L01,SKU001,480,0,30,450,49.793,303,293,10,40.4
PR00001269,WO00001269,2026-02-23,A,P01,P01_L02,SKU001,480,0,0,480,49.793,378,368,10,47.25
PR00001270,WO00001270,2026-02-23,B,P01,P01_L02,SKU001,480,0,0,480,49.793,373,365,8,46.625
PR00001271,WO00001271,2026-02-23,C,P01,P01_L02,SKU001,480,19,0,461,49.793,306,295,11,39.826
PR00001272,WO00001272,2026-02-23,A,P01,P01_L03,SKU003,480,47,0,433,61.962,452,442,10,62.633
PR00001273,WO00001273,2026-02-23,B,P01,P01_L03,SKU004,480,0,0,480,56.693,400,389,11,50.0
PR00001274,WO00001274,2026-02-23,C,P01,P01_L03,SKU003,480,42,0,438,61.962,408,399,9,55.89
PR00001275,WO00001275,2026-02-23,A,P02,P02_L01,SKU003,480,0,0,480,48.8,352,344,8,44.0
PR00001276,WO00001276,2026-02-23,B,P02,P02_L01,SKU002,480,21,0,459,48.8,302,290,12,39.477
PR00001277,WO00001277,2026-02-23,C,P02,P02_L01,SKU003,480,0,0,480,48.8,325,318,7,40.625
PR00001278,WO00001278,2026-02-23,A,P02,P02_L02,SKU004,480,0,16,464,55.9,375,363,12,48.491
PR00001279,WO00001279,2026-02-23,B,P02,P02_L02,SKU006,480,0,0,480,54.878,399,389,10,49.875
PR00001280,WO00001280,2026-02-23,C,P02,P02_L02,SKU002,480,0,14,466,55.9,358,340,18,46.094
PR00001281,WO00001281,2026-02-23,A,P02,P02_L03,SKU003,480,19,15,446,47.0,334,329,5,44.933
PR00001282,WO00001282,2026-02-23,B,P02,P02_L03,SKU003,480,0,31,449,47.0,322,317,5,43.029
PR00001283,WO00001283,2026-02-23,C,P02,P02_L03,SKU004,480,0,0,480,47.0,318,307,11,39.75
PR00001284,WO00001284,2026-02-23,A,P03,P03_L01,SKU001,480,0,0,480,49.793,365,359,6,45.625
PR00001285,WO00001285,2026-02-23,B,P03,P03_L01,SKU001,480,0,18,462,49.793,338,331,7,43.896
PR00001286,WO00001286,2026-02-23,C,P03,P03_L01,SKU003,480,0,37,443,57.7,381,376,5,51.603
PR00001287,WO00001287,2026-02-23,A,P03,P03_L02,SKU006,480,0,0,480,54.878,401,388,13,50.125
PR00001288,WO00001288,2026-02-23,B,P03,P03_L02,SKU002,480,45,0,435,56.6,334,322,12,46.069
PR00001289,WO00001289,2026-02-23,C,P03,P03_L02,SKU004,480,0,72,408,56.6,323,312,11,47.5
PR00001290,WO00001290,2026-02-23,A,P03,P03_L03,SKU004,480,0,0,480,56.693,402,389,13,50.25
PR00001291,WO00001291,2026-02-23,B,P03,P03_L03,SKU003,480,0,0,480,58.1,417,409,8,52.125
PR00001292,WO00001292,2026-02-23,C,P03,P03_L03,SKU001,480,0,0,480,49.793,334,325,9,41.75
PR00001293,WO00001293,2026-02-24,A,P01,P01_L01,SKU001,480,0,0,480,49.793,380,371,9,47.5
PR00001294,WO00001294,2026-02-24,B,P01,P01_L01,SKU005,480,27,0,453,50.42,324,313,11,42.914
PR00001295,WO00001295,2026-02-24,C,P01,P01_L01,SKU005,480,0,0,480,50.42,320,311,9,40.0
PR00001296,WO00001296,2026-02-24,A,P01,P01_L02,SKU001,480,0,0,480,49.793,352,341,11,44.0
PR00001297,WO00001297,2026-02-24,B,P01,P01_L02,SKU002,480,0,19,461,65.2,434,417,17,56.486
PR00001298,WO00001298,2026-02-24,C,P01,P01_L02,SKU004,480,0,0,480,56.693,399,381,18,49.875
PR00001299,WO00001299,2026-02-24,A,P01,P01_L03,SKU003,480,0,0,480,61.962,442,428,14,55.25
PR00001300,WO00001300,2026-02-24,B,P01,P01_L03,SKU008,480,25,0,455,60.302,381,375,6,50.242
PR00001301,WO00001301,2026-02-24,C,P01,P01_L03,SKU002,480,20,0,460,72.0,433,415,18,56.478
PR00001302,WO00001302,2026-02-24,A,P02,P02_L01,SKU003,480,0,0,480,48.8,368,362,6,46.0
PR00001303,WO00001303,2026-02-24,B,P02,P02_L01,SKU003,480,0,30,450,48.8,337,331,6,44.933
PR00001304,WO00001304,2026-02-24,C,P02,P02_L01,SKU002,480,0,19,461,48.8,287,275,12,37.354
PR00001305,WO00001305,2026-02-24,A,P02,P02_L02,SKU002,480,32,82,366,55.9,308,294,14,50.492
PR00001306,WO00001306,2026-02-24,B,P02,P02_L02,SKU006,480,40,0,440,54.878,343,330,13,46.773
PR00001307,WO00001307,2026-02-24,C,P02,P02_L02,SKU002,480,21,37,422,55.9,320,306,14,45.498
PR00001308,WO00001308,2026-02-24,A,P02,P02_L03,SKU007,480,0,0,480,47.0,341,338,3,42.625
PR00001309,WO00001309,2026-02-24,B,P02,P02_L03,SKU005,480,0,0,480,47.0,302,295,7,37.75
PR00001310,WO00001310,2026-02-24,C,P02,P02_L03,SKU005,480,21,0,459,47.0,284,275,9,37.124
PR00001311,WO00001311,2026-02-24,A,P03,P03_L01,SKU001,480,38,0,442,49.793,338,331,7,45.882
PR00001312,WO00001312,2026-02-24,B,P03,P03_L01,SKU005,480,0,13,467,50.42,336,328,8,43.169
PR00001313,WO00001313,2026-02-24,C,P03,P03_L01,SKU003,480,0,0,480,57.7,421,411,10,52.625
PR00001314,WO00001314,2026-02-24,A,P03,P03_L02,SKU005,480,36,0,444,50.42,324,317,7,43.784
PR00001315,WO00001315,2026-02-24,B,P03,P03_L02,SKU001,480,23,0,457,49.793,338,330,8,44.376
PR00001316,WO00001316,2026-02-24,C,P03,P03_L02,SKU006,480,0,0,480,54.878,359,348,11,44.875
PR00001317,WO00001317,2026-02-24,A,P03,P03_L03,SKU003,480,0,0,480,58.1,408,402,6,51.0
PR00001318,WO00001318,2026-02-24,B,P03,P03_L03,SKU003,480,35,0,445,58.1,396,387,9,53.393
PR00001319,WO00001319,2026-02-24,C,P03,P03_L03,SKU001,480,28,26,426,49.793,307,300,7,43.239
PR00001320,WO00001320,2026-02-25,A,P01,P01_L01,SKU004,480,0,0,480,56.693,413,398,15,51.625
PR00001321,WO00001321,2026-02-25,B,P01,P01_L01,SKU001,480,0,37,443,49.793,300,293,7,40.632
PR00001322,WO00001322,2026-02-25,C,P01,P01_L01,SKU005,480,46,0,434,50.42,295,287,8,40.783
PR00001323,WO00001323,2026-02-25,A,P01,P01_L02,SKU001,480,0,44,436,49.793,317,312,5,43.624
PR00001324,WO00001324,2026-02-25,B,P01,P01_L02,SKU002,480,29,63,388,65.2,366,349,17,56.598
PR00001325,WO00001325,2026-02-25,C,P01,P01_L02,SKU006,480,21,0,459,54.878,356,343,13,46.536
PR00001326,WO00001326,2026-02-25,A,P01,P01_L03,SKU004,480,0,80,400,56.693,345,332,13,51.75
PR00001327,WO00001327,2026-02-25,B,P01,P01_L03,SKU008,480,53,0,427,60.302,381,373,8,53.536
PR00001328,WO00001328,2026-02-25,C,P01,P01_L03,SKU004,480,50,0,430,56.693,350,333,17,48.837
PR00001329,WO00001329,2026-02-25,A,P02,P02_L01,SKU002,480,0,0,480,48.8,327,316,11,40.875
PR00001330,WO00001330,2026-02-25,B,P02,P02_L01,SKU005,480,0,15,465,48.8,333,325,8,42.968
PR00001331,WO00001331,2026-02-25,C,P02,P02_L01,SKU006,480,0,0,480,48.8,355,343,12,44.375
PR00001332,WO00001332,2026-02-25,A,P02,P02_L02,SKU002,480,20,0,460,55.9,353,340,13,46.043
PR00001333,WO00001333,2026-02-25,B,P02,P02_L02,SKU004,480,0,15,465,55.9,386,373,13,49.806
PR00001334,WO00001334,2026-02-25,C,P02,P02_L02,SKU002,480,0,0,480,55.9,366,350,16,45.75
PR00001335,WO00001335,2026-02-25,A,P02,P02_L03,SKU007,480,44,0,436,47.0,302,298,4,41.56
PR00001336,WO00001336,2026-02-25,B,P02,P02_L03,SKU007,480,25,9,446,47.0,314,309,5,42.242
PR00001337,WO00001337,2026-02-25,C,P02,P02_L03,SKU003,480,0,0,480,47.0,308,300,8,38.5
PR00001338,WO00001338,2026-02-25,A,P03,P03_L01,SKU003,480,38,0,442,57.7,422,416,6,57.285
PR00001339,WO00001339,2026-02-25,B,P03,P03_L01,SKU001,480,54,0,426,49.793,305,298,7,42.958
PR00001340,WO00001340,2026-02-25,C,P03,P03_L01,SKU003,480,0,0,480,57.7,404,395,9,50.5
PR00001341,WO00001341,2026-02-25,A,P03,P03_L02,SKU004,480,33,24,423,56.6,363,350,13,51.489
PR00001342,WO00001342,2026-02-25,B,P03,P03_L02,SKU008,480,22,0,458,56.6,352,346,6,46.114
PR00001343,WO00001343,2026-02-25,C,P03,P03_L02,SKU001,480,41,0,439,49.793,293,284,9,40.046
PR00001344,WO00001344,2026-02-25,A,P03,P03_L03,SKU004,480,0,0,480,56.693,403,386,17,50.375
PR00001345,WO00001345,2026-02-25,B,P03,P03_L03,SKU001,480,0,67,413,49.793,300,294,6,43.584
PR00001346,WO00001346,2026-02-25,C,P03,P03_L03,SKU001,480,0,0,480,49.793,324,312,12,40.5
PR00001347,WO00001347,2026-02-26,A,P01,P01_L01,SKU005,480,0,0,480,50.42,360,349,11,45.0
PR00001348,WO00001348,2026-02-26,B,P01,P01_L01,SKU001,480,48,7,425,49.793,305,295,10,43.059
PR00001349,WO00001349,2026-02-26,C,P01,P01_L01,SKU007,480,29,0,451,69.9,459,449,10,61.064
PR00001350,WO00001350,2026-02-26,A,P01,P01_L02,SKU001,480,0,0,480,49.793,370,360,10,46.25
PR00001351,WO00001351,2026-02-26,B,P01,P01_L02,SKU001,480,0,0,480,49.793,364,354,10,45.5
PR00001352,WO00001352,2026-02-26,C,P01,P01_L02,SKU008,480,0,0,480,60.302,366,359,7,45.75
PR00001353,WO00001353,2026-02-26,A,P01,P01_L03,SKU004,480,0,0,480,56.693,413,397,16,51.625
PR00001354,WO00001354,2026-02-26,B,P01,P01_L03,SKU002,480,59,0,421,72.0,412,399,13,58.717
PR00001355,WO00001355,2026-02-26,C,P01,P01_L03,SKU008,480,29,0,451,60.302,376,368,8,50.022
PR00001356,WO00001356,2026-02-26,A,P02,P02_L01,SKU003,480,0,0,480,48.8,402,395,7,50.25
PR00001357,WO00001357,2026-02-26,B,P02,P02_L01,SKU004,480,0,0,480,48.8,356,345,11,44.5
PR00001358,WO00001358,2026-02-26,C,P02,P02_L01,SKU003,480,0,0,480,48.8,311,304,7,38.875
PR00001359,WO00001359,2026-02-26,A,P02,P02_L02,SKU006,480,0,0,480,54.878,420,410,10,52.5
PR00001360,WO00001360,2026-02-26,B,P02,P02_L02,SKU002,480,0,10,470,55.9,350,341,9,44.681
PR00001361,WO00001361,2026-02-26,C,P02,P02_L02,SKU001,480,52,0,428,49.793,270,262,8,37.85
PR00001362,WO00001362,2026-02-26,A,P02,P02_L03,SKU008,480,0,0,480,47.0,300,294,6,37.5
PR00001363,WO00001363,2026-02-26,B,P02,P02_L03,SKU003,480,0,0,480,47.0,317,309,8,39.625
PR00001364,WO00001364,2026-02-26,C,P02,P02_L03,SKU003,480,63,0,417,47.0,278,273,5,40.0
PR00001365,WO00001365,2026-02-26,A,P03,P03_L01,SKU001,480,64,0,416,49.793,317,310,7,45.721
PR00001366,WO00001366,2026-02-26,B,P03,P03_L01,SKU001,480,0,0,480,49.793,346,339,7,43.25
PR00001367,WO00001367,2026-02-26,C,P03,P03_L01,SKU001,480,37,49,394,49.793,272,267,5,41.421
PR00001368,WO00001368,2026-02-26,A,P03,P03_L02,SKU006,480,0,0,480,54.878,437,427,10,54.625
PR00001369,WO00001369,2026-02-26,B,P03,P03_L02,SKU004,480,0,21,459,56.6,404,391,13,52.81
PR00001370,WO00001370,2026-02-26,C,P03,P03_L02,SKU008,480,0,0,480,56.6,386,379,7,48.25
PR00001371,WO00001371,2026-02-26,A,P03,P03_L03,SKU006,480,0,0,480,54.878,411,401,10,51.375
PR00001372,WO00001372,2026-02-26,B,P03,P03_L03,SKU001,480,0,10,470,49.793,324,318,6,41.362
PR00001373,WO00001373,2026-02-26,C,P03,P03_L03,SKU004,480,0,0,480,56.693,377,364,13,47.125
PR00001374,WO00001374,2026-02-27,A,P01,P01_L01,SKU005,480,0,0,480,50.42,356,346,10,44.5
PR00001375,WO00001375,2026-02-27,B,P01,P01_L01,SKU004,480,0,66,414,56.693,367,355,12,53.188
PR00001376,WO00001376,2026-02-27,C,P01,P01_L01,SKU001,480,0,0,480,49.793,324,315,9,40.5
PR00001377,WO00001377,2026-02-27,A,P01,P01_L02,SKU001,480,0,0,480,49.793,388,376,12,48.5
PR00001378,WO00001378,2026-02-27,B,P01,P01_L02,SKU004,480,18,0,462,56.693,406,393,13,52.727
PR00001379,WO00001379,2026-02-27,C,P01,P01_L02,SKU004,480,0,0,480,56.693,394,376,18,49.25
PR00001380,WO00001380,2026-02-27,A,P01,P01_L03,SKU003,480,0,0,480,61.962,452,447,5,56.5
PR00001381,WO00001381,2026-02-27,B,P01,P01_L03,SKU007,480,0,15,465,74.2,504,496,8,65.032
PR00001382,WO00001382,2026-02-27,C,P01,P01_L03,SKU003,480,0,0,480,61.962,435,426,9,54.375
PR00001383,WO00001383,2026-02-27,A,P02,P02_L01,SKU001,480,29,0,451,48.8,328,319,9,43.636
PR00001384,WO00001384,2026-02-27,B,P02,P02_L01,SKU001,480,47,29,404,48.8,304,297,7,45.149
PR00001385,WO00001385,2026-02-27,C,P02,P02_L01,SKU003,480,30,39,411,48.8,287,280,7,41.898
PR00001386,WO00001386,2026-02-27,A,P02,P02_L02,SKU005,480,26,7,447,50.42,320,311,9,42.953
PR00001387,WO00001387,2026-02-27,B,P02,P02_L02,SKU004,480,65,0,415,55.9,339,325,14,49.012
PR00001388,WO00001388,2026-02-27,C,P02,P02_L02,SKU002,480,0,0,480,55.9,354,336,18,44.25
PR00001389,WO00001389,2026-02-27,A,P02,P02_L03,SKU003,480,0,0,480,47.0,347,340,7,43.375
PR00001390,WO00001390,2026-02-27,B,P02,P02_L03,SKU005,480,34,0,446,47.0,277,270,7,37.265
PR00001391,WO00001391,2026-02-27,C,P02,P02_L03,SKU006,480,0,0,480,47.0,303,293,10,37.875
PR00001392,WO00001392,2026-02-27,A,P03,P03_L01,SKU001,480,0,23,457,49.793,342,335,7,44.902
PR00001393,WO00001393,2026-02-27,B,P03,P03_L01,SKU001,480,0,0,480,49.793,348,340,8,43.5
PR00001394,WO00001394,2026-02-27,C,P03,P03_L01,SKU004,480,25,0,455,56.693,356,344,12,46.945
PR00001395,WO00001395,2026-02-27,A,P03,P03_L02,SKU006,480,0,19,461,54.878,380,368,12,49.458
PR00001396,WO00001396,2026-02-27,B,P03,P03_L02,SKU002,480,0,20,460,56.6,358,345,13,46.696
PR00001397,WO00001397,2026-02-27,C,P03,P03_L02,SKU006,480,48,0,432,54.878,340,331,9,47.222
PR00001398,WO00001398,2026-02-27,A,P03,P03_L03,SKU001,480,20,0,460,49.793,311,306,5,40.565
PR00001399,WO00001399,2026-02-27,B,P03,P03_L03,SKU003,480,39,17,424,58.1,380,375,5,53.774
PR00001400,WO00001400,2026-02-27,C,P03,P03_L03,SKU001,480,0,0,480,49.793,326,319,7,40.75
PR00001401,WO00001401,2026-02-28,A,P01,P01_L01,SKU001,480,27,0,453,49.793,335,328,7,44.371
PR00001402,WO00001402,2026-02-28,A,P01,P01_L02,SKU003,480,0,0,480,61.962,464,448,16,58.0
PR00001403,WO00001403,2026-02-28,C,P01,P01_L02,SKU002,480,18,0,462,65.2,408,390,18,52.987
PR00001404,WO00001404,2026-02-28,A,P01,P01_L03,SKU003,480,0,0,480,61.962,465,455,10,58.125
PR00001405,WO00001405,2026-02-28,B,P01,P01_L03,SKU003,480,25,0,455,61.962,422,412,10,55.648
PR00001406,WO00001406,2026-02-28,C,P01,P01_L03,SKU002,480,0,0,480,72.0,449,428,21,56.125
PR00001407,WO00001407,2026-02-28,A,P02,P02_L01,SKU002,480,0,0,480,48.8,350,337,13,43.75
PR00001408,WO00001408,2026-02-28,C,P02,P02_L01,SKU006,480,0,0,480,48.8,333,322,11,41.625
PR00001409,WO00001409,2026-02-28,A,P02,P02_L02,SKU002,480,31,0,449,55.9,357,345,12,47.706
PR00001410,WO00001410,2026-02-28,B,P02,P02_L02,SKU002,480,0,0,480,55.9,372,358,14,46.5
PR00001411,WO00001411,2026-02-28,C,P02,P02_L02,SKU002,480,0,0,480,55.9,353,339,14,44.125
PR00001412,WO00001412,2026-02-28,A,P02,P02_L03,SKU003,480,0,30,450,47.0,333,324,9,44.4
PR00001413,WO00001413,2026-02-28,B,P02,P02_L03,SKU006,480,43,0,437,47.0,306,297,9,42.014
PR00001414,WO00001414,2026-02-28,A,P03,P03_L01,SKU003,480,0,0,480,57.7,415,410,5,51.875
PR00001415,WO00001415,2026-02-28,C,P03,P03_L01,SKU004,480,0,0,480,56.693,393,377,16,49.125
PR00001416,WO00001416,2026-02-28,A,P03,P03_L02,SKU002,480,23,6,451,56.6,354,342,12,47.095
PR00001417,WO00001417,2026-02-28,B,P03,P03_L02,SKU001,480,0,13,467,49.793,326,321,5,41.884
PR00001418,WO00001418,2026-02-28,C,P03,P03_L02,SKU008,480,0,5,475,56.6,372,367,5,46.989
PR00001419,WO00001419,2026-02-28,A,P03,P03_L03,SKU004,480,17,66,397,56.693,345,333,12,52.141
PR00001420,WO00001420,2026-02-28,B,P03,P03_L03,SKU003,480,21,23,436,58.1,392,384,8,53.945
PR00001421,WO00001421,2026-02-28,C,P03,P03_L03,SKU003,480,32,29,419,58.1,357,349,8,51.122
PR00001422,WO00001422,2026-03-01,B,P01,P01_L01,SKU007,480,0,24,456,69.9,471,464,7,61.974
PR00001423,WO00001423,2026-03-01,C,P01,P01_L01,SKU005,480,0,0,480,50.42,330,320,10,41.25
PR00001424,WO00001424,2026-03-01,C,P01,P01_L02,SKU001,480,0,0,480,49.793,333,324,9,41.625
PR00001425,WO00001425,2026-03-01,A,P01,P01_L03,SKU008,480,0,0,480,60.302,432,426,6,54.0
PR00001426,WO00001426,2026-03-01,B,P01,P01_L03,SKU003,480,0,0,480,61.962,481,471,10,60.125
PR00001427,WO00001427,2026-03-01,C,P01,P01_L03,SKU008,480,0,9,471,60.302,396,388,8,50.446
PR00001428,WO00001428,2026-03-01,A,P02,P02_L01,SKU003,480,0,0,480,48.8,368,358,10,46.0
PR00001429,WO00001429,2026-03-01,C,P02,P02_L01,SKU002,480,25,0,455,48.8,276,266,10,36.396
PR00001430,WO00001430,2026-03-01,A,P02,P02_L02,SKU003,480,0,18,462,55.9,390,384,6,50.649
PR00001431,WO00001431,2026-03-01,C,P02,P02_L02,SKU002,480,0,0,480,55.9,365,351,14,45.625
PR00001432,WO00001432,2026-03-01,A,P02,P02_L03,SKU007,480,0,0,480,47.0,339,333,6,42.375
PR00001433,WO00001433,2026-03-01,A,P03,P03_L01,SKU007,480,0,0,480,57.7,416,414,2,52.0
PR00001434,WO00001434,2026-03-01,B,P03,P03_L01,SKU007,480,0,0,480,57.7,364,362,2,45.5
PR00001435,WO00001435,2026-03-01,A,P03,P03_L02,SKU006,480,0,16,464,54.878,392,381,11,50.69
PR00001436,WO00001436,2026-03-01,C,P03,P03_L02,SKU001,480,0,56,424,49.793,287,282,5,40.613
PR00001437,WO00001437,2026-03-02,A,P01,P01_L01,SKU007,480,0,35,445,69.9,464,462,2,62.562
PR00001438,WO00001438,2026-03-02,B,P01,P01_L01,SKU005,480,0,0,480,50.42,339,330,9,42.375
PR00001439,WO00001439,2026-03-02,C,P01,P01_L01,SKU004,480,0,0,480,56.693,367,350,17,45.875
PR00001440,WO00001440,2026-03-02,A,P01,P01_L02,SKU008,480,0,0,480,60.302,432,427,5,54.0
PR00001441,WO00001441,2026-03-02,B,P01,P01_L02,SKU001,480,0,24,456,49.793,341,332,9,44.868
PR00001442,WO00001442,2026-03-02,C,P01,P01_L02,SKU002,480,16,0,464,65.2,429,411,18,55.474
PR00001443,WO00001443,2026-03-02,A,P01,P01_L03,SKU003,480,0,0,480,61.962,455,442,13,56.875
PR00001444,WO00001444,2026-03-02,B,P01,P01_L03,SKU003,480,0,0,480,61.962,466,455,11,58.25
PR00001445,WO00001445,2026-03-02,C,P01,P01_L03,SKU003,480,0,0,480,61.962,433,422,11,54.125
PR00001446,WO00001446,2026-03-02,A,P02,P02_L01,SKU003,480,0,26,454,48.8,315,310,5,41.63
PR00001447,WO00001447,2026-03-02,B,P02,P02_L01,SKU003,480,0,0,480,48.8,350,342,8,43.75
PR00001448,WO00001448,2026-03-02,C,P02,P02_L01,SKU005,480,51,0,429,48.8,281,273,8,39.301
PR00001449,WO00001449,2026-03-02,A,P02,P02_L02,SKU002,480,0,0,480,55.9,411,396,15,51.375
PR00001450,WO00001450,2026-03-02,B,P02,P02_L02,SKU004,480,0,0,480,55.9,378,365,13,47.25
PR00001451,WO00001451,2026-03-02,C,P02,P02_L02,SKU002,480,0,0,480,55.9,343,329,14,42.875
PR00001452,WO00001452,2026-03-02,A,P02,P02_L03,SKU007,480,0,0,480,47.0,331,327,4,41.375
PR00001453,WO00001453,2026-03-02,B,P02,P02_L03,SKU007,480,0,0,480,47.0,325,320,5,40.625
PR00001454,WO00001454,2026-03-02,C,P02,P02_L03,SKU007,480,0,0,480,47.0,327,322,5,40.875
PR00001455,WO00001455,2026-03-02,A,P03,P03_L01,SKU004,480,0,26,454,56.693,413,400,13,54.581
PR00001456,WO00001456,2026-03-02,B,P03,P03_L01,SKU001,480,0,0,480,49.793,336,328,8,42.0
PR00001457,WO00001457,2026-03-02,C,P03,P03_L01,SKU001,480,0,105,375,49.793,257,250,7,41.12
PR00001458,WO00001458,2026-03-02,A,P03,P03_L02,SKU001,480,0,0,480,49.793,345,340,5,43.125
PR00001459,WO00001459,2026-03-02,B,P03,P03_L02,SKU008,480,24,35,421,56.6,334,329,5,47.601
PR00001460,WO00001460,2026-03-02,C,P03,P03_L02,SKU008,480,0,0,480,56.6,365,358,7,45.625
PR00001461,WO00001461,2026-03-02,A,P03,P03_L03,SKU006,480,34,0,446,54.878,389,378,11,52.332
PR00001462,WO00001462,2026-03-02,B,P03,P03_L03,SKU001,480,22,0,458,49.793,334,326,8,43.755
PR00001463,WO00001463,2026-03-02,C,P03,P03_L03,SKU001,480,0,0,480,49.793,346,339,7,43.25
PR00001464,WO00001464,2026-03-03,A,P01,P01_L01,SKU005,480,33,25,422,50.42,293,287,6,41.659
PR00001465,WO00001465,2026-03-03,B,P01,P01_L01,SKU005,480,52,27,401,50.42,295,287,8,44.14
PR00001466,WO00001466,2026-03-03,C,P01,P01_L01,SKU008,480,29,219,232,60.302,202,199,3,52.241
PR00001467,WO00001467,2026-03-03,A,P01,P01_L02,SKU004,480,0,0,480,56.693,415,401,14,51.875
PR00001468,WO00001468,2026-03-03,B,P01,P01_L02,SKU008,480,21,0,459,60.302,380,373,7,49.673
PR00001469,WO00001469,2026-03-03,C,P01,P01_L02,SKU004,480,46,0,434,56.693,334,320,14,46.175
PR00001470,WO00001470,2026-03-03,A,P01,P01_L03,SKU008,480,0,0,480,60.302,427,422,5,53.375
PR00001471,WO00001471,2026-03-03,B,P01,P01_L03,SKU005,480,0,28,452,50.42,318,308,10,42.212
PR00001472,WO00001472,2026-03-03,C,P01,P01_L03,SKU004,480,0,0,480,56.693,402,384,18,50.25
PR00001473,WO00001473,2026-03-03,A,P02,P02_L01,SKU006,480,0,80,400,48.8,288,280,8,43.2
PR00001474,WO00001474,2026-03-03,B,P02,P02_L01,SKU001,480,0,0,480,48.8,341,331,10,42.625
PR00001475,WO00001475,2026-03-03,C,P02,P02_L01,SKU006,480,0,14,466,48.8,320,310,10,41.202
PR00001476,WO00001476,2026-03-03,A,P02,P02_L02,SKU002,480,0,42,438,55.9,356,342,14,48.767
PR00001477,WO00001477,2026-03-03,B,P02,P02_L02,SKU002,480,0,0,480,55.9,371,356,15,46.375
PR00001478,WO00001478,2026-03-03,C,P02,P02_L02,SKU004,480,0,0,480,55.9,374,359,15,46.75
PR00001479,WO00001479,2026-03-03,A,P02,P02_L03,SKU007,480,54,0,426,47.0,276,271,5,38.873
PR00001480,WO00001480,2026-03-03,B,P02,P02_L03,SKU003,480,89,0,391,47.0,278,273,5,42.66
PR00001481,WO00001481,2026-03-03,C,P02,P02_L03,SKU002,480,15,0,465,47.0,296,286,10,38.194
PR00001482,WO00001482,2026-03-03,A,P03,P03_L01,SKU004,480,44,0,436,56.693,348,338,10,47.89
PR00001483,WO00001483,2026-03-03,B,P03,P03_L01,SKU004,480,0,21,459,56.693,353,342,11,46.144
PR00001484,WO00001484,2026-03-03,C,P03,P03_L01,SKU001,480,0,0,480,49.793,333,326,7,41.625
PR00001485,WO00001485,2026-03-03,A,P03,P03_L02,SKU008,480,0,0,480,56.6,384,380,4,48.0
PR00001486,WO00001486,2026-03-03,B,P03,P03_L02,SKU002,480,17,0,463,56.6,347,332,15,44.968
PR00001487,WO00001487,2026-03-03,C,P03,P03_L02,SKU008,480,28,25,427,56.6,318,313,5,44.684
PR00001488,WO00001488,2026-03-03,A,P03,P03_L03,SKU004,480,0,0,480,56.693,434,421,13,54.25
PR00001489,WO00001489,2026-03-03,B,P03,P03_L03,SKU004,480,0,0,480,56.693,374,362,12,46.75
PR00001490,WO00001490,2026-03-03,C,P03,P03_L03,SKU001,480,0,0,480,49.793,327,318,9,40.875
PR00001491,WO00001491,2026-03-04,A,P01,P01_L01,SKU004,480,17,12,451,56.693,392,375,17,52.151
PR00001492,WO00001492,2026-03-04,B,P01,P01_L01,SKU001,480,32,0,448,49.793,327,317,10,43.795
PR00001493,WO00001493,2026-03-04,C,P01,P01_L01,SKU005,480,0,18,462,50.42,304,296,8,39.481
PR00001494,WO00001494,2026-03-04,A,P01,P01_L02,SKU002,480,0,31,449,65.2,402,388,14,53.719
PR00001495,WO00001495,2026-03-04,B,P01,P01_L02,SKU001,480,0,0,480,49.793,354,344,10,44.25
PR00001496,WO00001496,2026-03-04,C,P01,P01_L02,SKU003,480,0,0,480,61.962,425,412,13,53.125
PR00001497,WO00001497,2026-03-04,A,P01,P01_L03,SKU004,480,41,0,439,56.693,376,364,12,51.39
PR00001498,WO00001498,2026-03-04,B,P01,P01_L03,SKU004,480,47,15,418,56.693,317,306,11,45.502
PR00001499,WO00001499,2026-03-04,C,P01,P01_L03,SKU003,480,0,0,480,61.962,423,412,11,52.875
PR00001500,WO00001500,2026-03-04,A,P02,P02_L01,SKU003,480,35,45,400,48.8,294,288,6,44.1
PR00001501,WO00001501,2026-03-04,B,P02,P02_L01,SKU001,480,0,18,462,48.8,317,308,9,41.169
PR00001502,WO00001502,2026-03-04,C,P02,P02_L01,SKU003,480,0,0,480,48.8,342,335,7,42.75
PR00001503,WO00001503,2026-03-04,A,P02,P02_L02,SKU004,480,0,0,480,55.9,392,378,14,49.0
PR00001504,WO00001504,2026-03-04,B,P02,P02_L02,SKU002,480,46,0,434,55.9,326,314,12,45.069
PR00001505,WO00001505,2026-03-04,C,P02,P02_L02,SKU002,480,0,0,480,55.9,372,357,15,46.5
PR00001506,WO00001506,2026-03-04,A,P02,P02_L03,SKU004,480,0,16,464,47.0,312,300,12,40.345
PR00001507,WO00001507,2026-03-04,B,P02,P02_L03,SKU007,480,37,12,431,47.0,291,286,5,40.51
PR00001508,WO00001508,2026-03-04,C,P02,P02_L03,SKU007,480,27,7,446,47.0,290,288,2,39.013
PR00001509,WO00001509,2026-03-04,A,P03,P03_L01,SKU001,480,23,0,457,49.793,336,330,6,44.114
PR00001510,WO00001510,2026-03-04,B,P03,P03_L01,SKU004,480,0,0,480,56.693,411,398,13,51.375
PR00001511,WO00001511,2026-03-04,C,P03,P03_L01,SKU006,480,27,0,453,54.878,370,360,10,49.007
PR00001512,WO00001512,2026-03-04,A,P03,P03_L02,SKU001,480,0,0,480,49.793,349,342,7,43.625
PR00001513,WO00001513,2026-03-04,B,P03,P03_L02,SKU001,480,42,0,438,49.793,302,295,7,41.37
PR00001514,WO00001514,2026-03-04,C,P03,P03_L02,SKU004,480,32,36,412,56.6,319,306,13,46.456
PR00001515,WO00001515,2026-03-04,A,P03,P03_L03,SKU004,480,0,0,480,56.693,401,388,13,50.125
PR00001516,WO00001516,2026-03-04,B,P03,P03_L03,SKU006,480,0,0,480,54.878,404,394,10,50.5
PR00001517,WO00001517,2026-03-04,C,P03,P03_L03,SKU001,480,13,17,450,49.793,306,298,8,40.8
PR00001518,WO00001518,2026-03-05,A,P01,P01_L01,SKU005,480,42,0,438,50.42,319,311,8,43.699
PR00001519,WO00001519,2026-03-05,B,P01,P01_L01,SKU004,480,0,0,480,56.693,405,389,16,50.625
PR00001520,WO00001520,2026-03-05,C,P01,P01_L01,SKU006,480,0,0,480,54.878,402,387,15,50.25
PR00001521,WO00001521,2026-03-05,A,P01,P01_L02,SKU004,480,32,15,433,56.693,381,366,15,52.794
PR00001522,WO00001522,2026-03-05,B,P01,P01_L02,SKU004,480,0,37,443,56.693,371,356,15,50.248
PR00001523,WO00001523,2026-03-05,C,P01,P01_L02,SKU001,480,0,0,480,49.793,342,334,8,42.75
PR00001524,WO00001524,2026-03-05,A,P01,P01_L03,SKU007,480,53,9,418,74.2,461,453,8,66.172
PR00001525,WO00001525,2026-03-05,B,P01,P01_L03,SKU003,480,29,0,451,61.962,436,428,8,58.004
PR00001526,WO00001526,2026-03-05,C,P01,P01_L03,SKU008,480,0,17,463,60.302,388,379,9,50.281
PR00001527,WO00001527,2026-03-05,A,P02,P02_L01,SKU003,480,20,0,460,48.8,350,343,7,45.652
PR00001528,WO00001528,2026-03-05,B,P02,P02_L01,SKU001,480,32,18,430,48.8,294,287,7,41.023
PR00001529,WO00001529,2026-03-05,C,P02,P02_L01,SKU006,480,41,28,411,48.8,283,275,8,41.314
PR00001530,WO00001530,2026-03-05,A,P02,P02_L02,SKU006,480,20,0,460,54.878,384,375,9,50.087
PR00001531,WO00001531,2026-03-05,B,P02,P02_L02,SKU004,480,0,0,480,55.9,364,351,13,45.5
PR00001532,WO00001532,2026-03-05,C,P02,P02_L02,SKU006,480,60,0,420,54.878,319,309,10,45.571
PR00001533,WO00001533,2026-03-05,A,P02,P02_L03,SKU005,480,57,0,423,47.0,292,286,6,41.418
PR00001534,WO00001534,2026-03-05,B,P02,P02_L03,SKU005,480,0,0,480,47.0,306,300,6,38.25
PR00001535,WO00001535,2026-03-05,C,P02,P02_L03,SKU001,480,0,0,480,47.0,289,283,6,36.125
PR00001536,WO00001536,2026-03-05,A,P03,P03_L01,SKU004,480,17,0,463,56.693,385,370,15,49.892
PR00001537,WO00001537,2026-03-05,B,P03,P03_L01,SKU001,480,0,0,480,49.793,319,313,6,39.875
PR00001538,WO00001538,2026-03-05,C,P03,P03_L01,SKU001,480,56,0,424,49.793,304,296,8,43.019
PR00001539,WO00001539,2026-03-05,A,P03,P03_L02,SKU001,480,51,0,429,49.793,325,317,8,45.455
PR00001540,WO00001540,2026-03-05,B,P03,P03_L02,SKU001,480,0,0,480,49.793,327,323,4,40.875
PR00001541,WO00001541,2026-03-05,C,P03,P03_L02,SKU002,480,21,0,459,56.6,328,315,13,42.876
PR00001542,WO00001542,2026-03-05,A,P03,P03_L03,SKU003,480,0,16,464,58.1,418,412,6,54.052
PR00001543,WO00001543,2026-03-05,B,P03,P03_L03,SKU001,480,22,0,458,49.793,314,307,7,41.135
PR00001544,WO00001544,2026-03-05,C,P03,P03_L03,SKU006,480,0,0,480,54.878,385,370,15,48.125
PR00001545,WO00001545,2026-03-06,A,P01,P01_L01,SKU006,480,12,0,468,54.878,407,394,13,52.179
PR00001546,WO00001546,2026-03-06,B,P01,P01_L01,SKU004,480,18,0,462,56.693,349,333,16,45.325
PR00001547,WO00001547,2026-03-06,C,P01,P01_L01,SKU005,480,27,0,453,50.42,302,296,6,40.0
PR00001548,WO00001548,2026-03-06,A,P01,P01_L02,SKU003,480,25,0,455,61.962,443,432,11,58.418
PR00001549,WO00001549,2026-03-06,B,P01,P01_L02,SKU001,480,0,0,480,49.793,344,332,12,43.0
PR00001550,WO00001550,2026-03-06,C,P01,P01_L02,SKU001,480,0,19,461,49.793,338,327,11,43.991
PR00001551,WO00001551,2026-03-06,A,P01,P01_L03,SKU006,480,18,0,462,54.878,392,381,11,50.909
PR00001552,WO00001552,2026-03-06,B,P01,P01_L03,SKU003,480,0,0,480,61.962,447,436,11,55.875
PR00001553,WO00001553,2026-03-06,C,P01,P01_L03,SKU002,480,23,0,457,72.0,449,430,19,58.95
PR00001554,WO00001554,2026-03-06,A,P02,P02_L01,SKU002,480,0,0,480,48.8,316,304,12,39.5
PR00001555,WO00001555,2026-03-06,B,P02,P02_L01,SKU004,480,50,66,364,48.8,256,248,8,42.198
PR00001556,WO00001556,2026-03-06,C,P02,P02_L01,SKU006,480,45,65,370,48.8,249,241,8,40.378
PR00001557,WO00001557,2026-03-06,A,P02,P02_L02,SKU002,480,0,0,480,55.9,381,369,12,47.625
PR00001558,WO00001558,2026-03-06,B,P02,P02_L02,SKU002,480,0,0,480,55.9,356,341,15,44.5
PR00001559,WO00001559,2026-03-06,C,P02,P02_L02,SKU003,480,0,0,480,55.9,382,376,6,47.75
PR00001560,WO00001560,2026-03-06,A,P02,P02_L03,SKU005,480,0,23,457,47.0,314,307,7,41.225
PR00001561,WO00001561,2026-03-06,B,P02,P02_L03,SKU007,480,35,0,445,47.0,309,305,4,41.663
PR00001562,WO00001562,2026-03-06,C,P02,P02_L03,SKU005,480,0,0,480,47.0,291,281,10,36.375
PR00001563,WO00001563,2026-03-06,A,P03,P03_L01,SKU003,480,0,48,432,57.7,385,375,10,53.472
PR00001564,WO00001564,2026-03-06,B,P03,P03_L01,SKU001,480,27,0,453,49.793,329,322,7,43.576
PR00001565,WO00001565,2026-03-06,C,P03,P03_L01,SKU003,480,0,0,480,57.7,393,385,8,49.125
PR00001566,WO00001566,2026-03-06,A,P03,P03_L02,SKU006,480,0,0,480,54.878,406,396,10,50.75
PR00001567,WO00001567,2026-03-06,B,P03,P03_L02,SKU008,480,34,0,446,56.6,336,331,5,45.202
PR00001568,WO00001568,2026-03-06,C,P03,P03_L02,SKU001,480,0,10,470,49.793,340,332,8,43.404
PR00001569,WO00001569,2026-03-06,A,P03,P03_L03,SKU003,480,23,48,409,58.1,354,349,5,51.932
PR00001570,WO00001570,2026-03-06,B,P03,P03_L03,SKU004,480,0,0,480,56.693,388,373,15,48.5
PR00001571,WO00001571,2026-03-06,C,P03,P03_L03,SKU001,480,19,0,461,49.793,324,316,8,42.169
PR00001572,WO00001572,2026-03-07,B,P01,P01_L01,SKU007,480,0,0,480,69.9,497,489,8,62.125
PR00001573,WO00001573,2026-03-07,C,P01,P01_L01,SKU001,480,0,44,436,49.793,314,303,11,43.211
PR00001574,WO00001574,2026-03-07,B,P01,P01_L02,SKU001,480,0,0,480,49.793,332,324,8,41.5
PR00001575,WO00001575,2026-03-07,A,P01,P01_L03,SKU002,480,32,0,448,72.0,480,461,19,64.286
PR00001576,WO00001576,2026-03-07,B,P01,P01_L03,SKU003,480,0,0,480,61.962,473,460,13,59.125
PR00001577,WO00001577,2026-03-07,C,P01,P01_L03,SKU005,480,0,0,480,50.42,313,305,8,39.125
PR00001578,WO00001578,2026-03-07,A,P02,P02_L01,SKU003,480,0,61,419,48.8,314,308,6,44.964
PR00001579,WO00001579,2026-03-07,B,P02,P02_L01,SKU003,480,0,0,480,48.8,344,336,8,43.0
PR00001580,WO00001580,2026-03-07,A,P02,P02_L02,SKU004,480,0,0,480,55.9,407,393,14,50.875
PR00001581,WO00001581,2026-03-07,B,P02,P02_L02,SKU002,480,0,0,480,55.9,348,335,13,43.5
PR00001582,WO00001582,2026-03-07,C,P02,P02_L02,SKU002,480,28,0,452,55.9,337,323,14,44.735
PR00001583,WO00001583,2026-03-07,A,P02,P02_L03,SKU007,480,0,0,480,47.0,342,339,3,42.75
PR00001584,WO00001584,2026-03-07,B,P02,P02_L03,SKU007,480,34,0,446,47.0,303,297,6,40.762
PR00001585,WO00001585,2026-03-07,A,P03,P03_L01,SKU001,480,0,0,480,49.793,343,334,9,42.875
PR00001586,WO00001586,2026-03-07,C,P03,P03_L01,SKU004,480,0,0,480,56.693,368,354,14,46.0
PR00001587,WO00001587,2026-03-07,A,P03,P03_L02,SKU006,480,27,0,453,54.878,368,357,11,48.742
PR00001588,WO00001588,2026-03-07,B,P03,P03_L02,SKU006,480,78,0,402,54.878,357,348,9,53.284
PR00001589,WO00001589,2026-03-07,C,P03,P03_L02,SKU001,480,0,0,480,49.793,335,327,8,41.875
PR00001590,WO00001590,2026-03-07,A,P03,P03_L03,SKU004,480,17,0,463,56.693,389,380,9,50.41
PR00001591,WO00001591,2026-03-08,B,P01,P01_L01,SKU007,480,0,0,480,69.9,474,466,8,59.25
PR00001592,WO00001592,2026-03-08,C,P01,P01_L01,SKU005,480,0,8,472,50.42,328,315,13,41.695
PR00001593,WO00001593,2026-03-08,A,P01,P01_L02,SKU004,480,0,0,480,56.693,430,412,18,53.75
PR00001594,WO00001594,2026-03-08,A,P01,P01_L03,SKU003,480,34,0,446,61.962,440,433,7,59.193
PR00001595,WO00001595,2026-03-08,B,P02,P02_L01,SKU003,480,0,0,480,48.8,340,331,9,42.5
PR00001596,WO00001596,2026-03-08,C,P02,P02_L01,SKU008,480,0,0,480,48.8,300,295,5,37.5
PR00001597,WO00001597,2026-03-08,A,P02,P02_L02,SKU001,480,0,0,480,49.793,342,332,10,42.75
PR00001598,WO00001598,2026-03-08,B,P02,P02_L02,SKU002,480,0,0,480,55.9,369,356,13,46.125
PR00001599,WO00001599,2026-03-08,C,P02,P02_L02,SKU008,480,79,0,401,55.9,297,291,6,44.439
PR00001600,WO00001600,2026-03-08,B,P02,P02_L03,SKU007,480,64,0,416,47.0,285,280,5,41.106
PR00001601,WO00001601,2026-03-08,C,P02,P02_L03,SKU006,480,26,0,454,47.0,300,290,10,39.648
PR00001602,WO00001602,2026-03-08,A,P03,P03_L01,SKU007,480,0,0,480,57.7,433,428,5,54.125
PR00001603,WO00001603,2026-03-08,A,P03,P03_L02,SKU002,480,0,0,480,56.6,391,377,14,48.875
PR00001604,WO00001604,2026-03-08,B,P03,P03_L02,SKU001,480,0,0,480,49.793,354,343,11,44.25
PR00001605,WO00001605,2026-03-08,C,P03,P03_L02,SKU001,480,0,0,480,49.793,333,323,10,41.625
PR00001606,WO00001606,2026-03-08,A,P03,P03_L03,SKU003,480,37,0,443,58.1,404,397,7,54.718
PR00001607,WO00001607,2026-03-08,B,P03,P03_L03,SKU001,480,0,0,480,49.793,348,341,7,43.5
PR00001608,WO00001608,2026-03-09,A,P01,P01_L01,SKU005,480,0,0,480,50.42,372,362,10,46.5
PR00001609,WO00001609,2026-03-09,B,P01,P01_L01,SKU007,480,0,0,480,69.9,502,494,8,62.75
PR00001610,WO00001610,2026-03-09,C,P01,P01_L01,SKU005,480,39,19,422,50.42,301,294,7,42.796
PR00001611,WO00001611,2026-03-09,A,P01,P01_L02,SKU004,480,0,0,480,56.693,410,395,15,51.25
PR00001612,WO00001612,2026-03-09,B,P01,P01_L02,SKU002,480,0,0,480,65.2,458,437,21,57.25
PR00001613,WO00001613,2026-03-09,C,P01,P01_L02,SKU001,480,0,0,480,49.793,326,318,8,40.75
PR00001614,WO00001614,2026-03-09,A,P01,P01_L03,SKU008,480,0,0,480,60.302,398,391,7,49.75
PR00001615,WO00001615,2026-03-09,B,P01,P01_L03,SKU003,480,16,0,464,61.962,451,442,9,58.319
PR00001616,WO00001616,2026-03-09,C,P01,P01_L03,SKU004,480,0,0,480,56.693,418,401,17,52.25
PR00001617,WO00001617,2026-03-09,A,P02,P02_L01,SKU003,480,0,0,480,48.8,348,340,8,43.5
PR00001618,WO00001618,2026-03-09,B,P02,P02_L01,SKU003,480,0,23,457,48.8,323,317,6,42.407
PR00001619,WO00001619,2026-03-09,C,P02,P02_L01,SKU003,480,23,21,436,48.8,301,292,9,41.422
PR00001620,WO00001620,2026-03-09,A,P02,P02_L02,SKU004,480,0,0,480,55.9,391,381,10,48.875
PR00001621,WO00001621,2026-03-09,B,P02,P02_L02,SKU004,480,51,0,429,55.9,347,333,14,48.531
PR00001622,WO00001622,2026-03-09,C,P02,P02_L02,SKU004,480,63,0,417,55.9,321,309,12,46.187
PR00001623,WO00001623,2026-03-09,A,P02,P02_L03,SKU005,480,35,0,445,47.0,293,285,8,39.506
PR00001624,WO00001624,2026-03-09,B,P02,P02_L03,SKU005,480,0,0,480,47.0,323,315,8,40.375
PR00001625,WO00001625,2026-03-09,C,P02,P02_L03,SKU003,480,32,48,400,47.0,266,258,8,39.9
PR00001626,WO00001626,2026-03-09,A,P03,P03_L01,SKU004,480,0,14,466,56.693,409,397,12,52.661
PR00001627,WO00001627,2026-03-09,B,P03,P03_L01,SKU002,480,0,0,480,57.7,381,370,11,47.625
PR00001628,WO00001628,2026-03-09,C,P03,P03_L01,SKU001,480,0,22,458,49.793,320,309,11,41.921
PR00001629,WO00001629,2026-03-09,A,P03,P03_L02,SKU006,480,35,24,421,54.878,353,341,12,50.309
PR00001630,WO00001630,2026-03-09,B,P03,P03_L02,SKU001,480,0,46,434,49.793,305,296,9,42.166
PR00001631,WO00001631,2026-03-09,C,P03,P03_L02,SKU006,480,0,0,480,54.878,368,357,11,46.0
PR00001632,WO00001632,2026-03-09,A,P03,P03_L03,SKU004,480,27,0,453,56.693,375,360,15,49.669
PR00001633,WO00001633,2026-03-09,B,P03,P03_L03,SKU007,480,17,0,463,58.1,390,386,4,50.54
PR00001634,WO00001634,2026-03-09,C,P03,P03_L03,SKU008,480,0,0,480,58.1,369,362,7,46.125
PR00001635,WO00001635,2026-03-10,A,P01,P01_L01,SKU005,480,40,0,440,50.42,308,301,7,42.0
PR00001636,WO00001636,2026-03-10,B,P01,P01_L01,SKU001,480,0,0,480,49.793,328,321,7,41.0
PR00001637,WO00001637,2026-03-10,C,P01,P01_L01,SKU007,480,0,0,480,69.9,478,467,11,59.75
PR00001638,WO00001638,2026-03-10,A,P01,P01_L02,SKU001,480,36,0,444,49.793,329,321,8,44.459
PR00001639,WO00001639,2026-03-10,B,P01,P01_L02,SKU008,480,0,0,480,60.302,405,397,8,50.625
PR00001640,WO00001640,2026-03-10,C,P01,P01_L02,SKU001,480,0,0,480,49.793,329,320,9,41.125
PR00001641,WO00001641,2026-03-10,A,P01,P01_L03,SKU003,480,0,172,308,61.962,275,269,6,53.571
PR00001642,WO00001642,2026-03-10,B,P01,P01_L03,SKU003,480,0,9,471,61.962,425,417,8,54.14
PR00001643,WO00001643,2026-03-10,C,P01,P01_L03,SKU003,480,38,0,442,61.962,407,398,9,55.249
PR00001644,WO00001644,2026-03-10,A,P02,P02_L01,SKU006,480,16,0,464,48.8,357,348,9,46.164
PR00001645,WO00001645,2026-03-10,B,P02,P02_L01,SKU003,480,0,0,480,48.8,333,325,8,41.625
PR00001646,WO00001646,2026-03-10,C,P02,P02_L01,SKU003,480,0,128,352,48.8,245,240,5,41.761
PR00001647,WO00001647,2026-03-10,A,P02,P02_L02,SKU006,480,0,0,480,54.878,392,383,9,49.0
PR00001648,WO00001648,2026-03-10,B,P02,P02_L02,SKU002,480,0,0,480,55.9,380,367,13,47.5
PR00001649,WO00001649,2026-03-10,C,P02,P02_L02,SKU004,480,0,26,454,55.9,362,348,14,47.841
PR00001650,WO00001650,2026-03-10,A,P02,P02_L03,SKU007,480,24,0,456,47.0,320,317,3,42.105
PR00001651,WO00001651,2026-03-10,B,P02,P02_L03,SKU001,480,30,63,387,47.0,257,249,8,39.845
PR00001652,WO00001652,2026-03-10,C,P02,P02_L03,SKU007,480,28,25,427,47.0,274,271,3,38.501
PR00001653,WO00001653,2026-03-10,A,P03,P03_L01,SKU001,480,30,0,450,49.793,349,342,7,46.533
PR00001654,WO00001654,2026-03-10,B,P03,P03_L01,SKU001,480,0,0,480,49.793,327,320,7,40.875
PR00001655,WO00001655,2026-03-10,C,P03,P03_L01,SKU003,480,0,0,480,57.7,399,391,8,49.875
PR00001656,WO00001656,2026-03-10,A,P03,P03_L02,SKU002,480,0,0,480,56.6,380,366,14,47.5
PR00001657,WO00001657,2026-03-10,B,P03,P03_L02,SKU006,480,34,10,436,54.878,352,342,10,48.44
PR00001658,WO00001658,2026-03-10,C,P03,P03_L02,SKU004,480,18,0,462,56.6,354,340,14,45.974
PR00001659,WO00001659,2026-03-10,A,P03,P03_L03,SKU004,480,0,0,480,56.693,415,399,16,51.875
PR00001660,WO00001660,2026-03-10,B,P03,P03_L03,SKU003,480,0,0,480,58.1,417,408,9,52.125
PR00001661,WO00001661,2026-03-10,C,P03,P03_L03,SKU001,480,0,0,480,49.793,329,323,6,41.125
PR00001662,WO00001662,2026-03-11,A,P01,P01_L01,SKU001,480,35,16,429,49.793,325,321,4,45.455
PR00001663,WO00001663,2026-03-11,B,P01,P01_L01,SKU005,480,0,0,480,50.42,354,344,10,44.25
PR00001664,WO00001664,2026-03-11,C,P01,P01_L01,SKU004,480,0,0,480,56.693,350,335,15,43.75
PR00001665,WO00001665,2026-03-11,A,P01,P01_L02,SKU001,480,30,12,438,49.793,342,333,9,46.849
PR00001666,WO00001666,2026-03-11,B,P01,P01_L02,SKU001,480,24,0,456,49.793,334,324,10,43.947
PR00001667,WO00001667,2026-03-11,C,P01,P01_L02,SKU001,480,29,0,451,49.793,309,300,9,41.109
PR00001668,WO00001668,2026-03-11,A,P01,P01_L03,SKU003,480,0,0,480,61.962,449,435,14,56.125
PR00001669,WO00001669,2026-03-11,B,P01,P01_L03,SKU003,480,69,0,411,61.962,386,376,10,56.35
PR00001670,WO00001670,2026-03-11,C,P01,P01_L03,SKU003,480,47,72,361,61.962,315,306,9,52.355
PR00001671,WO00001671,2026-03-11,A,P02,P02_L01,SKU001,480,0,0,480,48.8,345,337,8,43.125
PR00001672,WO00001672,2026-03-11,B,P02,P02_L01,SKU003,480,31,5,444,48.8,320,314,6,43.243
PR00001673,WO00001673,2026-03-11,C,P02,P02_L01,SKU004,480,0,0,480,48.8,325,311,14,40.625
PR00001674,WO00001674,2026-03-11,A,P02,P02_L02,SKU002,480,0,18,462,55.9,368,353,15,47.792
PR00001675,WO00001675,2026-03-11,B,P02,P02_L02,SKU008,480,0,25,455,55.9,334,329,5,44.044
PR00001676,WO00001676,2026-03-11,C,P02,P02_L02,SKU002,480,29,14,437,55.9,334,321,13,45.858
PR00001677,WO00001677,2026-03-11,A,P02,P02_L03,SKU007,480,0,50,430,47.0,290,285,5,40.465
PR00001678,WO00001678,2026-03-11,B,P02,P02_L03,SKU003,480,68,0,412,47.0,287,282,5,41.796
PR00001679,WO00001679,2026-03-11,C,P02,P02_L03,SKU002,480,0,0,480,47.0,298,286,12,37.25
PR00001680,WO00001680,2026-03-11,A,P03,P03_L01,SKU003,480,0,0,480,57.7,403,398,5,50.375
PR00001681,WO00001681,2026-03-11,B,P03,P03_L01,SKU001,480,51,0,429,49.793,318,310,8,44.476
PR00001682,WO00001682,2026-03-11,C,P03,P03_L01,SKU001,480,0,96,384,49.793,259,252,7,40.469
PR00001683,WO00001683,2026-03-11,A,P03,P03_L02,SKU002,480,23,0,457,56.6,384,371,13,50.416
PR00001684,WO00001684,2026-03-11,B,P03,P03_L02,SKU006,480,0,51,429,54.878,346,337,9,48.392
PR00001685,WO00001685,2026-03-11,C,P03,P03_L02,SKU001,480,31,26,423,49.793,284,277,7,40.284
PR00001686,WO00001686,2026-03-11,A,P03,P03_L03,SKU007,480,0,0,480,58.1,411,404,7,51.375
PR00001687,WO00001687,2026-03-11,B,P03,P03_L03,SKU001,480,25,46,409,49.793,292,287,5,42.836
PR00001688,WO00001688,2026-03-11,C,P03,P03_L03,SKU001,480,23,82,375,49.793,264,259,5,42.24
PR00001689,WO00001689,2026-03-12,A,P01,P01_L01,SKU004,480,0,0,480,56.693,411,400,11,51.375
PR00001690,WO00001690,2026-03-12,B,P01,P01_L01,SKU005,480,23,0,457,50.42,326,317,9,42.801
PR00001691,WO00001691,2026-03-12,C,P01,P01_L01,SKU007,480,0,16,464,69.9,428,419,9,55.345
PR00001692,WO00001692,2026-03-12,A,P01,P01_L02,SKU007,480,0,0,480,65.2,463,457,6,57.875
PR00001693,WO00001693,2026-03-12,B,P01,P01_L02,SKU001,480,0,13,467,49.793,347,338,9,44.582
PR00001694,WO00001694,2026-03-12,C,P01,P01_L02,SKU001,480,28,102,350,49.793,242,235,7,41.486
PR00001695,WO00001695,2026-03-12,A,P01,P01_L03,SKU003,480,0,15,465,61.962,480,468,12,61.935
PR00001696,WO00001696,2026-03-12,B,P01,P01_L03,SKU003,480,26,0,454,61.962,445,435,10,58.811
PR00001697,WO00001697,2026-03-12,C,P01,P01_L03,SKU003,480,0,0,480,61.962,483,472,11,60.375
PR00001698,WO00001698,2026-03-12,A,P02,P02_L01,SKU003,480,25,0,455,48.8,338,331,7,44.571
PR00001699,WO00001699,2026-03-12,B,P02,P02_L01,SKU002,480,46,0,434,48.8,285,273,12,39.401
PR00001700,WO00001700,2026-03-12,C,P02,P02_L01,SKU003,480,18,0,462,48.8,335,328,7,43.506
PR00001701,WO00001701,2026-03-12,A,P02,P02_L02,SKU003,480,34,0,446,55.9,367,360,7,49.372
PR00001702,WO00001702,2026-03-12,B,P02,P02_L02,SKU002,480,22,0,458,55.9,359,347,12,47.031
PR00001703,WO00001703,2026-03-12,C,P02,P02_L02,SKU008,480,0,0,480,55.9,366,359,7,45.75
PR00001704,WO00001704,2026-03-12,A,P02,P02_L03,SKU003,480,0,0,480,47.0,342,335,7,42.75
PR00001705,WO00001705,2026-03-12,B,P02,P02_L03,SKU007,480,0,0,480,47.0,305,302,3,38.125
PR00001706,WO00001706,2026-03-12,C,P02,P02_L03,SKU007,480,31,0,449,47.0,281,278,3,37.55
PR00001707,WO00001707,2026-03-12,A,P03,P03_L01,SKU004,480,0,0,480,56.693,409,398,11,51.125
PR00001708,WO00001708,2026-03-12,B,P03,P03_L01,SKU001,480,29,0,451,49.793,319,312,7,42.439
PR00001709,WO00001709,2026-03-12,C,P03,P03_L01,SKU001,480,0,0,480,49.793,341,333,8,42.625
PR00001710,WO00001710,2026-03-12,A,P03,P03_L02,SKU004,480,32,0,448,56.6,358,348,10,47.946
PR00001711,WO00001711,2026-03-12,B,P03,P03_L02,SKU006,480,0,0,480,54.878,370,360,10,46.25
PR00001712,WO00001712,2026-03-12,C,P03,P03_L02,SKU008,480,0,0,480,56.6,380,373,7,47.5
PR00001713,WO00001713,2026-03-12,A,P03,P03_L03,SKU001,480,0,0,480,49.793,341,336,5,42.625
PR00001714,WO00001714,2026-03-12,B,P03,P03_L03,SKU006,480,31,0,449,54.878,359,349,10,47.973
PR00001715,WO00001715,2026-03-12,C,P03,P03_L03,SKU004,480,27,0,453,56.693,380,365,15,50.331
PR00001716,WO00001716,2026-03-13,A,P01,P01_L01,SKU005,480,0,0,480,50.42,352,343,9,44.0
PR00001717,WO00001717,2026-03-13,B,P01,P01_L01,SKU006,480,0,204,276,54.878,222,215,7,48.261
PR00001718,WO00001718,2026-03-13,C,P01,P01_L01,SKU005,480,0,0,480,50.42,326,317,9,40.75
PR00001719,WO00001719,2026-03-13,A,P01,P01_L02,SKU004,480,21,0,459,56.693,394,381,13,51.503
PR00001720,WO00001720,2026-03-13,B,P01,P01_L02,SKU008,480,21,101,358,60.302,318,315,3,53.296
PR00001721,WO00001721,2026-03-13,C,P01,P01_L02,SKU001,480,0,18,462,49.793,342,334,8,44.416
PR00001722,WO00001722,2026-03-13,A,P01,P01_L03,SKU003,480,0,47,433,61.962,437,428,9,60.554
PR00001723,WO00001723,2026-03-13,B,P01,P01_L03,SKU004,480,0,0,480,56.693,419,402,17,52.375
PR00001724,WO00001724,2026-03-13,C,P01,P01_L03,SKU004,480,0,0,480,56.693,389,374,15,48.625
PR00001725,WO00001725,2026-03-13,A,P02,P02_L01,SKU003,480,0,47,433,48.8,326,319,7,45.173
PR00001726,WO00001726,2026-03-13,B,P02,P02_L01,SKU003,480,0,0,480,48.8,355,348,7,44.375
PR00001727,WO00001727,2026-03-13,C,P02,P02_L01,SKU006,480,0,0,480,48.8,334,326,8,41.75
PR00001728,WO00001728,2026-03-13,A,P02,P02_L02,SKU002,480,0,8,472,55.9,376,363,13,47.797
PR00001729,WO00001729,2026-03-13,B,P02,P02_L02,SKU004,480,27,0,453,55.9,346,334,12,45.828
PR00001730,WO00001730,2026-03-13,C,P02,P02_L02,SKU004,480,19,0,461,55.9,347,334,13,45.163
PR00001731,WO00001731,2026-03-13,A,P02,P02_L03,SKU003,480,0,0,480,47.0,336,331,5,42.0
PR00001732,WO00001732,2026-03-13,B,P02,P02_L03,SKU006,480,71,0,409,47.0,289,280,9,42.396
PR00001733,WO00001733,2026-03-13,C,P02,P02_L03,SKU003,480,30,0,450,47.0,320,313,7,42.667
PR00001734,WO00001734,2026-03-13,A,P03,P03_L01,SKU001,480,0,0,480,49.793,369,364,5,46.125
PR00001735,WO00001735,2026-03-13,B,P03,P03_L01,SKU001,480,0,0,480,49.793,339,330,9,42.375
PR00001736,WO00001736,2026-03-13,C,P03,P03_L01,SKU001,480,0,0,480,49.793,342,335,7,42.75
PR00001737,WO00001737,2026-03-13,A,P03,P03_L02,SKU001,480,0,14,466,49.793,368,357,11,47.382
PR00001738,WO00001738,2026-03-13,B,P03,P03_L02,SKU001,480,0,0,480,49.793,339,331,8,42.375
PR00001739,WO00001739,2026-03-13,C,P03,P03_L02,SKU004,480,0,0,480,56.6,395,381,14,49.375
PR00001740,WO00001740,2026-03-13,A,P03,P03_L03,SKU008,480,0,48,432,58.1,361,354,7,50.139
PR00001741,WO00001741,2026-03-13,B,P03,P03_L03,SKU004,480,17,26,437,56.693,372,358,14,51.076
PR00001742,WO00001742,2026-03-13,C,P03,P03_L03,SKU001,480,0,0,480,49.793,331,323,8,41.375
PR00001743,WO00001743,2026-03-14,A,P01,P01_L01,SKU005,480,26,0,454,50.42,324,315,9,42.819
PR00001744,WO00001744,2026-03-14,B,P01,P01_L01,SKU001,480,30,0,450,49.793,326,319,7,43.467
PR00001745,WO00001745,2026-03-14,C,P01,P01_L01,SKU005,480,0,24,456,50.42,292,284,8,38.421
PR00001746,WO00001746,2026-03-14,A,P01,P01_L02,SKU004,480,0,0,480,56.693,427,412,15,53.375
PR00001747,WO00001747,2026-03-14,C,P01,P01_L02,SKU001,480,0,0,480,49.793,339,330,9,42.375
PR00001748,WO00001748,2026-03-14,B,P01,P01_L03,SKU002,480,0,0,480,72.0,484,466,18,60.5
PR00001749,WO00001749,2026-03-14,C,P01,P01_L03,SKU002,480,0,0,480,72.0,494,475,19,61.75
PR00001750,WO00001750,2026-03-14,A,P02,P02_L01,SKU003,480,0,0,480,48.8,363,353,10,45.375
PR00001751,WO00001751,2026-03-14,B,P02,P02_L01,SKU006,480,30,11,439,48.8,328,316,12,44.829
PR00001752,WO00001752,2026-03-14,C,P02,P02_L01,SKU006,480,0,10,470,48.8,316,307,9,40.34
PR00001753,WO00001753,2026-03-14,A,P02,P02_L02,SKU003,480,0,22,458,55.9,392,388,4,51.354
PR00001754,WO00001754,2026-03-14,C,P02,P02_L02,SKU006,480,44,0,436,54.878,356,347,9,48.991
PR00001755,WO00001755,2026-03-14,C,P02,P02_L03,SKU001,480,0,0,480,47.0,296,288,8,37.0
PR00001756,WO00001756,2026-03-14,A,P03,P03_L01,SKU001,480,0,0,480,49.793,324,318,6,40.5
PR00001757,WO00001757,2026-03-14,B,P03,P03_L01,SKU006,480,20,0,460,54.878,368,359,9,48.0
PR00001758,WO00001758,2026-03-14,A,P03,P03_L02,SKU006,480,0,0,480,54.878,427,419,8,53.375
PR00001759,WO00001759,2026-03-14,B,P03,P03_L02,SKU006,480,0,0,480,54.878,408,394,14,51.0
PR00001760,WO00001760,2026-03-14,B,P03,P03_L03,SKU004,480,38,0,442,56.693,365,352,13,49.548
PR00001761,WO00001761,2026-03-14,C,P03,P03_L03,SKU001,480,0,5,475,49.793,316,308,8,39.916
PR00001762,WO00001762,2026-03-15,A,P01,P01_L01,SKU001,480,27,0,453,49.793,331,324,7,43.841
PR00001763,WO00001763,2026-03-15,B,P01,P01_L01,SKU007,480,0,0,480,69.9,507,501,6,63.375
PR00001764,WO00001764,2026-03-15,A,P01,P01_L02,SKU001,480,0,75,405,49.793,296,289,7,43.852
PR00001765,WO00001765,2026-03-15,B,P01,P01_L02,SKU008,480,24,39,417,60.302,351,347,4,50.504
PR00001766,WO00001766,2026-03-15,C,P01,P01_L02,SKU008,480,0,132,348,60.302,282,276,6,48.621
PR00001767,WO00001767,2026-03-15,A,P01,P01_L03,SKU008,480,0,25,455,60.302,399,395,4,52.615
PR00001768,WO00001768,2026-03-15,A,P02,P02_L01,SKU003,480,34,35,411,48.8,307,302,5,44.818
PR00001769,WO00001769,2026-03-15,C,P02,P02_L01,SKU001,480,30,18,432,48.8,308,298,10,42.778
PR00001770,WO00001770,2026-03-15,A,P02,P02_L02,SKU002,480,0,0,480,55.9,376,363,13,47.0
PR00001771,WO00001771,2026-03-15,B,P02,P02_L02,SKU002,480,0,0,480,55.9,372,359,13,46.5
PR00001772,WO00001772,2026-03-15,C,P02,P02_L02,SKU006,480,0,0,480,54.878,382,368,14,47.75
PR00001773,WO00001773,2026-03-15,B,P02,P02_L03,SKU001,480,59,0,421,47.0,292,287,5,41.615
PR00001774,WO00001774,2026-03-15,B,P03,P03_L01,SKU003,480,0,25,455,57.7,399,390,9,52.615
PR00001775,WO00001775,2026-03-15,C,P03,P03_L02,SKU006,480,38,0,442,54.878,340,328,12,46.154
PR00001776,WO00001776,2026-03-15,B,P03,P03_L03,SKU006,480,18,0,462,54.878,371,362,9,48.182
PR00001777,WO00001777,2026-03-15,C,P03,P03_L03,SKU003,480,32,0,448,58.1,354,346,8,47.411
PR00001778,WO00001778,2026-03-16,A,P01,P01_L01,SKU001,480,0,33,447,49.793,341,333,8,45.772
PR00001779,WO00001779,2026-03-16,B,P01,P01_L01,SKU001,480,0,0,480,49.793,358,347,11,44.75
PR00001780,WO00001780,2026-03-16,C,P01,P01_L01,SKU007,480,24,21,435,69.9,416,410,6,57.379
PR00001781,WO00001781,2026-03-16,A,P01,P01_L02,SKU006,480,36,0,444,54.878,379,369,10,51.216
PR00001782,WO00001782,2026-03-16,B,P01,P01_L02,SKU001,480,44,0,436,49.793,315,306,9,43.349
PR00001783,WO00001783,2026-03-16,C,P01,P01_L02,SKU002,480,0,0,480,65.2,417,398,19,52.125
PR00001784,WO00001784,2026-03-16,A,P01,P01_L03,SKU003,480,32,0,448,61.962,432,426,6,57.857
PR00001785,WO00001785,2026-03-16,B,P01,P01_L03,SKU004,480,0,19,461,56.693,411,398,13,53.492
PR00001786,WO00001786,2026-03-16,C,P01,P01_L03,SKU008,480,0,23,457,60.302,370,364,6,48.578
PR00001787,WO00001787,2026-03-16,A,P02,P02_L01,SKU005,480,17,24,439,48.8,309,300,9,42.232
PR00001788,WO00001788,2026-03-16,B,P02,P02_L01,SKU001,480,20,0,460,48.8,313,308,5,40.826
PR00001789,WO00001789,2026-03-16,C,P02,P02_L01,SKU003,480,0,0,480,48.8,323,316,7,40.375
PR00001790,WO00001790,2026-03-16,A,P02,P02_L02,SKU002,480,21,21,438,55.9,347,337,10,47.534
PR00001791,WO00001791,2026-03-16,B,P02,P02_L02,SKU004,480,0,0,480,55.9,396,383,13,49.5
PR00001792,WO00001792,2026-03-16,C,P02,P02_L02,SKU002,480,0,17,463,55.9,346,332,14,44.838
PR00001793,WO00001793,2026-03-16,A,P02,P02_L03,SKU007,480,0,43,437,47.0,294,288,6,40.366
PR00001794,WO00001794,2026-03-16,B,P02,P02_L03,SKU007,480,24,35,421,47.0,300,296,4,42.755
PR00001795,WO00001795,2026-03-16,C,P02,P02_L03,SKU007,480,0,0,480,47.0,328,327,1,41.0
PR00001796,WO00001796,2026-03-16,A,P03,P03_L01,SKU001,480,28,45,407,49.793,286,278,8,42.162
PR00001797,WO00001797,2026-03-16,B,P03,P03_L01,SKU004,480,0,0,480,56.693,387,376,11,48.375
PR00001798,WO00001798,2026-03-16,C,P03,P03_L01,SKU003,480,0,21,459,57.7,378,370,8,49.412
PR00001799,WO00001799,2026-03-16,A,P03,P03_L02,SKU001,480,29,0,451,49.793,324,316,8,43.104
PR00001800,WO00001800,2026-03-16,B,P03,P03_L02,SKU006,480,0,0,480,54.878,401,388,13,50.125
PR00001801,WO00001801,2026-03-16,C,P03,P03_L02,SKU002,480,29,171,280,56.6,207,198,9,44.357
PR00001802,WO00001802,2026-03-16,A,P03,P03_L03,SKU006,480,22,0,458,54.878,381,372,9,49.913
PR00001803,WO00001803,2026-03-16,B,P03,P03_L03,SKU003,480,34,0,446,58.1,407,398,9,54.753
PR00001804,WO00001804,2026-03-16,C,P03,P03_L03,SKU004,480,0,0,480,56.693,388,374,14,48.5
PR00001805,WO00001805,2026-03-17,A,P01,P01_L01,SKU007,480,0,0,480,69.9,509,503,6,63.625
PR00001806,WO00001806,2026-03-17,B,P01,P01_L01,SKU006,480,0,0,480,54.878,402,389,13,50.25
PR00001807,WO00001807,2026-03-17,C,P01,P01_L01,SKU007,480,14,0,466,69.9,443,437,6,57.039
PR00001808,WO00001808,2026-03-17,A,P01,P01_L02,SKU004,480,27,0,453,56.693,393,375,18,52.053
PR00001809,WO00001809,2026-03-17,B,P01,P01_L02,SKU001,480,43,0,437,49.793,320,310,10,43.936
PR00001810,WO00001810,2026-03-17,C,P01,P01_L02,SKU004,480,25,0,455,56.693,362,345,17,47.736
PR00001811,WO00001811,2026-03-17,A,P01,P01_L03,SKU008,480,31,0,449,60.302,405,398,7,54.12
PR00001812,WO00001812,2026-03-17,B,P01,P01_L03,SKU002,480,19,11,450,72.0,470,450,20,62.667
PR00001813,WO00001813,2026-03-17,C,P01,P01_L03,SKU004,480,0,0,480,56.693,403,387,16,50.375
PR00001814,WO00001814,2026-03-17,A,P02,P02_L01,SKU006,480,0,11,469,48.8,362,352,10,46.311
PR00001815,WO00001815,2026-03-17,B,P02,P02_L01,SKU002,480,37,0,443,48.8,295,283,12,39.955
PR00001816,WO00001816,2026-03-17,C,P02,P02_L01,SKU002,480,30,0,450,48.8,283,271,12,37.733
PR00001817,WO00001817,2026-03-17,A,P02,P02_L02,SKU004,480,53,49,378,55.9,309,300,9,49.048
PR00001818,WO00001818,2026-03-17,B,P02,P02_L02,SKU006,480,70,0,410,54.878,363,353,10,53.122
PR00001819,WO00001819,2026-03-17,C,P02,P02_L02,SKU001,480,0,0,480,49.793,335,328,7,41.875
PR00001820,WO00001820,2026-03-17,A,P02,P02_L03,SKU004,480,0,0,480,47.0,338,325,13,42.25
PR00001821,WO00001821,2026-03-17,B,P02,P02_L03,SKU005,480,0,5,475,47.0,320,311,9,40.421
PR00001822,WO00001822,2026-03-17,C,P02,P02_L03,SKU001,480,0,0,480,47.0,299,290,9,37.375
PR00001823,WO00001823,2026-03-17,A,P03,P03_L01,SKU003,480,0,0,480,57.7,432,425,7,54.0
PR00001824,WO00001824,2026-03-17,B,P03,P03_L01,SKU003,480,0,0,480,57.7,405,400,5,50.625
PR00001825,WO00001825,2026-03-17,C,P03,P03_L01,SKU004,480,26,0,454,56.693,341,327,14,45.066
PR00001826,WO00001826,2026-03-17,A,P03,P03_L02,SKU001,480,32,0,448,49.793,340,333,7,45.536
PR00001827,WO00001827,2026-03-17,B,P03,P03_L02,SKU005,480,51,20,409,50.42,285,277,8,41.809
PR00001828,WO00001828,2026-03-17,C,P03,P03_L02,SKU006,480,0,7,473,54.878,409,396,13,51.882
PR00001829,WO00001829,2026-03-17,A,P03,P03_L03,SKU006,480,43,0,437,54.878,386,372,14,52.998
PR00001830,WO00001830,2026-03-17,B,P03,P03_L03,SKU003,480,0,0,480,58.1,408,402,6,51.0
PR00001831,WO00001831,2026-03-17,C,P03,P03_L03,SKU004,480,0,33,447,56.693,347,335,12,46.577
PR00001832,WO00001832,2026-03-18,A,P01,P01_L01,SKU005,480,0,9,471,50.42,338,331,7,43.057
PR00001833,WO00001833,2026-03-18,B,P01,P01_L01,SKU001,480,53,0,427,49.793,325,314,11,45.667
PR00001834,WO00001834,2026-03-18,C,P01,P01_L01,SKU004,480,0,0,480,56.693,404,389,15,50.5
PR00001835,WO00001835,2026-03-18,A,P01,P01_L02,SKU001,480,27,0,453,49.793,324,318,6,42.914
PR00001836,WO00001836,2026-03-18,B,P01,P01_L02,SKU001,480,0,0,480,49.793,357,346,11,44.625
PR00001837,WO00001837,2026-03-18,C,P01,P01_L02,SKU002,480,20,0,460,65.2,414,398,16,54.0
PR00001838,WO00001838,2026-03-18,A,P01,P01_L03,SKU004,480,0,0,480,56.693,402,388,14,50.25
PR00001839,WO00001839,2026-03-18,B,P01,P01_L03,SKU008,480,0,0,480,60.302,401,394,7,50.125
PR00001840,WO00001840,2026-03-18,C,P01,P01_L03,SKU003,480,0,9,471,61.962,451,438,13,57.452
PR00001841,WO00001841,2026-03-18,A,P02,P02_L01,SKU002,480,0,0,480,48.8,327,315,12,40.875
PR00001842,WO00001842,2026-03-18,B,P02,P02_L01,SKU004,480,0,0,480,48.8,330,318,12,41.25
PR00001843,WO00001843,2026-03-18,C,P02,P02_L01,SKU006,480,0,0,480,48.8,311,301,10,38.875
PR00001844,WO00001844,2026-03-18,A,P02,P02_L02,SKU002,480,19,0,461,55.9,397,385,12,51.67
PR00001845,WO00001845,2026-03-18,B,P02,P02_L02,SKU004,480,0,22,458,55.9,376,362,14,49.258
PR00001846,WO00001846,2026-03-18,C,P02,P02_L02,SKU008,480,0,0,480,55.9,346,341,5,43.25
PR00001847,WO00001847,2026-03-18,A,P02,P02_L03,SKU008,480,0,0,480,47.0,322,317,5,40.25
PR00001848,WO00001848,2026-03-18,B,P02,P02_L03,SKU007,480,0,0,480,47.0,316,311,5,39.5
PR00001849,WO00001849,2026-03-18,C,P02,P02_L03,SKU007,480,27,18,435,47.0,276,271,5,38.069
PR00001850,WO00001850,2026-03-18,A,P03,P03_L01,SKU005,480,17,7,456,50.42,350,341,9,46.053
PR00001851,WO00001851,2026-03-18,B,P03,P03_L01,SKU001,480,0,0,480,49.793,349,340,9,43.625
PR00001852,WO00001852,2026-03-18,C,P03,P03_L01,SKU001,480,0,0,480,49.793,353,344,9,44.125
PR00001853,WO00001853,2026-03-18,A,P03,P03_L02,SKU002,480,65,0,415,56.6,348,337,11,50.313
PR00001854,WO00001854,2026-03-18,B,P03,P03_L02,SKU006,480,0,13,467,54.878,387,376,11,49.722
PR00001855,WO00001855,2026-03-18,C,P03,P03_L02,SKU001,480,27,0,453,49.793,287,280,7,38.013
PR00001856,WO00001856,2026-03-18,A,P03,P03_L03,SKU001,480,0,51,429,49.793,318,313,5,44.476
PR00001857,WO00001857,2026-03-18,B,P03,P03_L03,SKU003,480,0,0,480,58.1,437,426,11,54.625
PR00001858,WO00001858,2026-03-18,C,P03,P03_L03,SKU004,480,61,0,419,56.693,323,311,12,46.253
PR00001859,WO00001859,2026-03-19,A,P01,P01_L01,SKU002,480,26,0,454,69.9,472,454,18,62.379
PR00001860,WO00001860,2026-03-19,B,P01,P01_L01,SKU005,480,36,0,444,50.42,307,298,9,41.486
PR00001861,WO00001861,2026-03-19,C,P01,P01_L01,SKU001,480,43,0,437,49.793,297,288,9,40.778
PR00001862,WO00001862,2026-03-19,A,P01,P01_L02,SKU001,480,24,32,424,49.793,326,318,8,46.132
PR00001863,WO00001863,2026-03-19,B,P01,P01_L02,SKU006,480,0,0,480,54.878,397,385,12,49.625
PR00001864,WO00001864,2026-03-19,C,P01,P01_L02,SKU005,480,41,0,439,50.42,313,302,11,42.779
PR00001865,WO00001865,2026-03-19,A,P01,P01_L03,SKU003,480,32,0,448,61.962,457,446,11,61.205
PR00001866,WO00001866,2026-03-19,B,P01,P01_L03,SKU003,480,0,0,480,61.962,459,450,9,57.375
PR00001867,WO00001867,2026-03-19,C,P01,P01_L03,SKU008,480,23,14,443,60.302,393,388,5,53.228
PR00001868,WO00001868,2026-03-19,A,P02,P02_L01,SKU002,480,16,0,464,48.8,316,303,13,40.862
PR00001869,WO00001869,2026-03-19,B,P02,P02_L01,SKU004,480,0,12,468,48.8,342,329,13,43.846
PR00001870,WO00001870,2026-03-19,C,P02,P02_L01,SKU003,480,0,0,480,48.8,330,322,8,41.25
PR00001871,WO00001871,2026-03-19,A,P02,P02_L02,SKU004,480,0,0,480,55.9,404,391,13,50.5
PR00001872,WO00001872,2026-03-19,B,P02,P02_L02,SKU002,480,25,0,455,55.9,341,329,12,44.967
PR00001873,WO00001873,2026-03-19,C,P02,P02_L02,SKU008,480,31,0,449,55.9,336,332,4,44.9
PR00001874,WO00001874,2026-03-19,A,P02,P02_L03,SKU007,480,0,18,462,47.0,315,312,3,40.909
PR00001875,WO00001875,2026-03-19,B,P02,P02_L03,SKU004,480,0,20,460,47.0,292,282,10,38.087
PR00001876,WO00001876,2026-03-19,C,P02,P02_L03,SKU007,480,34,0,446,47.0,305,302,3,41.031
PR00001877,WO00001877,2026-03-19,A,P03,P03_L01,SKU001,480,0,0,480,49.793,365,357,8,45.625
PR00001878,WO00001878,2026-03-19,B,P03,P03_L01,SKU001,480,21,0,459,49.793,345,338,7,45.098
PR00001879,WO00001879,2026-03-19,C,P03,P03_L01,SKU004,480,29,0,451,56.693,345,333,12,45.898
PR00001880,WO00001880,2026-03-19,A,P03,P03_L02,SKU006,480,0,28,452,54.878,370,362,8,49.115
PR00001881,WO00001881,2026-03-19,B,P03,P03_L02,SKU006,480,0,0,480,54.878,405,395,10,50.625
PR00001882,WO00001882,2026-03-19,C,P03,P03_L02,SKU002,480,0,13,467,56.6,359,346,13,46.124
PR00001883,WO00001883,2026-03-19,A,P03,P03_L03,SKU004,480,0,0,480,56.693,424,407,17,53.0
PR00001884,WO00001884,2026-03-19,B,P03,P03_L03,SKU004,480,20,0,460,56.693,384,374,10,50.087
PR00001885,WO00001885,2026-03-19,C,P03,P03_L03,SKU006,480,20,0,460,54.878,354,343,11,46.174
PR00001886,WO00001886,2026-03-20,A,P01,P01_L01,SKU006,480,23,24,433,54.878,374,362,12,51.824
PR00001887,WO00001887,2026-03-20,B,P01,P01_L01,SKU008,480,0,56,424,60.302,369,363,6,52.217
PR00001888,WO00001888,2026-03-20,C,P01,P01_L01,SKU001,480,19,0,461,49.793,339,328,11,44.121
PR00001889,WO00001889,2026-03-20,A,P01,P01_L02,SKU002,480,45,0,435,65.2,403,389,14,55.586
PR00001890,WO00001890,2026-03-20,B,P01,P01_L02,SKU004,480,36,0,444,56.693,392,376,16,52.973
PR00001891,WO00001891,2026-03-20,C,P01,P01_L02,SKU008,480,21,0,459,60.302,383,375,8,50.065
PR00001892,WO00001892,2026-03-20,A,P01,P01_L03,SKU004,480,25,0,455,56.693,394,376,18,51.956
PR00001893,WO00001893,2026-03-20,B,P01,P01_L03,SKU003,480,28,0,452,61.962,440,431,9,58.407
PR00001894,WO00001894,2026-03-20,C,P01,P01_L03,SKU004,480,0,0,480,56.693,383,365,18,47.875
PR00001895,WO00001895,2026-03-20,A,P02,P02_L01,SKU003,480,0,0,480,48.8,360,351,9,45.0
PR00001896,WO00001896,2026-03-20,B,P02,P02_L01,SKU003,480,46,0,434,48.8,326,319,7,45.069
PR00001897,WO00001897,2026-03-20,C,P02,P02_L01,SKU001,480,35,0,445,48.8,284,276,8,38.292
PR00001898,WO00001898,2026-03-20,A,P02,P02_L02,SKU004,480,0,16,464,55.9,383,366,17,49.526
PR00001899,WO00001899,2026-03-20,B,P02,P02_L02,SKU002,480,0,0,480,55.9,358,343,15,44.75
PR00001900,WO00001900,2026-03-20,C,P02,P02_L02,SKU004,480,0,0,480,55.9,356,344,12,44.5
PR00001901,WO00001901,2026-03-20,A,P02,P02_L03,SKU001,480,29,0,451,47.0,307,299,8,40.843
PR00001902,WO00001902,2026-03-20,B,P02,P02_L03,SKU003,480,44,51,385,47.0,264,258,6,41.143
PR00001903,WO00001903,2026-03-20,C,P02,P02_L03,SKU004,480,0,10,470,47.0,306,294,12,39.064
PR00001904,WO00001904,2026-03-20,A,P03,P03_L01,SKU001,480,0,87,393,49.793,294,289,5,44.885
PR00001905,WO00001905,2026-03-20,B,P03,P03_L01,SKU001,480,0,0,480,49.793,337,329,8,42.125
PR00001906,WO00001906,2026-03-20,C,P03,P03_L01,SKU004,480,0,0,480,56.693,370,356,14,46.25
PR00001907,WO00001907,2026-03-20,A,P03,P03_L02,SKU004,480,0,0,480,56.6,415,402,13,51.875
PR00001908,WO00001908,2026-03-20,B,P03,P03_L02,SKU001,480,0,20,460,49.793,330,322,8,43.043
PR00001909,WO00001909,2026-03-20,C,P03,P03_L02,SKU006,480,0,0,480,54.878,370,358,12,46.25
PR00001910,WO00001910,2026-03-20,A,P03,P03_L03,SKU004,480,28,0,452,56.693,390,377,13,51.77
PR00001911,WO00001911,2026-03-20,B,P03,P03_L03,SKU003,480,0,0,480,58.1,414,405,9,51.75
PR00001912,WO00001912,2026-03-20,C,P03,P03_L03,SKU001,480,0,13,467,49.793,336,328,8,43.169
PR00001913,WO00001913,2026-03-21,B,P01,P01_L01,SKU001,480,32,56,392,49.793,308,301,7,47.143
PR00001914,WO00001914,2026-03-21,C,P01,P01_L01,SKU008,480,0,0,480,60.302,398,393,5,49.75
PR00001915,WO00001915,2026-03-21,A,P01,P01_L02,SKU001,480,18,0,462,49.793,353,344,9,45.844
PR00001916,WO00001916,2026-03-21,B,P01,P01_L02,SKU002,480,20,0,460,65.2,418,399,19,54.522
PR00001917,WO00001917,2026-03-21,C,P01,P01_L02,SKU008,480,28,0,452,60.302,371,364,7,49.248
PR00001918,WO00001918,2026-03-21,A,P01,P01_L03,SKU003,480,0,0,480,61.962,480,471,9,60.0
PR00001919,WO00001919,2026-03-21,A,P02,P02_L01,SKU001,480,0,0,480,48.8,339,331,8,42.375
PR00001920,WO00001920,2026-03-21,B,P02,P02_L01,SKU003,480,0,0,480,48.8,330,324,6,41.25
PR00001921,WO00001921,2026-03-21,C,P02,P02_L01,SKU002,480,0,51,429,48.8,277,265,12,38.741
PR00001922,WO00001922,2026-03-21,A,P02,P02_L02,SKU006,480,0,0,480,54.878,398,389,9,49.75
PR00001923,WO00001923,2026-03-21,B,P02,P02_L02,SKU004,480,0,0,480,55.9,381,368,13,47.625
PR00001924,WO00001924,2026-03-21,A,P02,P02_L03,SKU003,480,0,0,480,47.0,358,350,8,44.75
PR00001925,WO00001925,2026-03-21,B,P02,P02_L03,SKU004,480,0,0,480,47.0,318,306,12,39.75
PR00001926,WO00001926,2026-03-21,C,P02,P02_L03,SKU003,480,32,0,448,47.0,299,291,8,40.045
PR00001927,WO00001927,2026-03-21,C,P03,P03_L01,SKU001,480,43,0,437,49.793,303,294,9,41.602
PR00001928,WO00001928,2026-03-21,A,P03,P03_L02,SKU005,480,22,0,458,50.42,327,320,7,42.838
PR00001929,WO00001929,2026-03-21,B,P03,P03_L02,SKU001,480,0,12,468,49.793,343,334,9,43.974
PR00001930,WO00001930,2026-03-21,A,P03,P03_L03,SKU003,480,0,17,463,58.1,424,416,8,54.946
PR00001931,WO00001931,2026-03-21,B,P03,P03_L03,SKU004,480,31,0,449,56.693,376,363,13,50.245
PR00001932,WO00001932,2026-03-22,A,P01,P01_L01,SKU001,480,0,0,480,49.793,356,347,9,44.5
PR00001933,WO00001933,2026-03-22,B,P01,P01_L01,SKU001,480,0,0,480,49.793,355,346,9,44.375
PR00001934,WO00001934,2026-03-22,C,P01,P01_L01,SKU002,480,21,0,459,69.9,424,406,18,55.425
PR00001935,WO00001935,2026-03-22,C,P01,P01_L02,SKU008,480,0,0,480,60.302,396,387,9,49.5
PR00001936,WO00001936,2026-03-22,A,P01,P01_L03,SKU003,480,21,64,395,61.962,360,353,7,54.684
PR00001937,WO00001937,2026-03-22,B,P02,P02_L01,SKU003,480,19,0,461,48.8,351,344,7,45.683
PR00001938,WO00001938,2026-03-22,A,P02,P02_L02,SKU002,480,0,0,480,55.9,387,373,14,48.375
PR00001939,WO00001939,2026-03-22,A,P02,P02_L03,SKU002,480,28,0,452,47.0,320,310,10,42.478
PR00001940,WO00001940,2026-03-22,B,P02,P02_L03,SKU007,480,31,0,449,47.0,298,294,4,39.822
PR00001941,WO00001941,2026-03-22,C,P02,P02_L03,SKU008,480,0,23,457,47.0,273,268,5,35.842
PR00001942,WO00001942,2026-03-22,A,P03,P03_L01,SKU001,480,0,19,461,49.793,334,328,6,43.471
PR00001943,WO00001943,2026-03-22,B,P03,P03_L01,SKU006,480,36,0,444,54.878,371,362,9,50.135
PR00001944,WO00001944,2026-03-22,A,P03,P03_L02,SKU001,480,36,0,444,49.793,334,327,7,45.135
PR00001945,WO00001945,2026-03-22,B,P03,P03_L02,SKU001,480,32,7,441,49.793,339,332,7,46.122
PR00001946,WO00001946,2026-03-22,C,P03,P03_L02,SKU008,480,0,0,480,56.6,370,362,8,46.25
PR00001947,WO00001947,2026-03-22,A,P03,P03_L03,SKU003,480,25,0,455,58.1,405,397,8,53.407
PR00001948,WO00001948,2026-03-22,C,P03,P03_L03,SKU004,480,0,0,480,56.693,400,383,17,50.0
PR00001949,WO00001949,2026-03-23,A,P01,P01_L01,SKU004,480,0,0,480,56.693,399,385,14,49.875
PR00001950,WO00001950,2026-03-23,B,P01,P01_L01,SKU002,480,0,0,480,69.9,489,470,19,61.125
PR00001951,WO00001951,2026-03-23,C,P01,P01_L01,SKU005,480,72,0,408,50.42,273,266,7,40.147
PR00001952,WO00001952,2026-03-23,A,P01,P01_L02,SKU006,480,43,18,419,54.878,365,355,10,52.267
PR00001953,WO00001953,2026-03-23,B,P01,P01_L02,SKU004,480,31,0,449,56.693,359,347,12,47.973
PR00001954,WO00001954,2026-03-23,C,P01,P01_L02,SKU002,480,0,37,443,65.2,410,392,18,55.53
PR00001955,WO00001955,2026-03-23,A,P01,P01_L03,SKU002,480,0,0,480,72.0,489,469,20,61.125
PR00001956,WO00001956,2026-03-23,B,P01,P01_L03,SKU003,480,0,16,464,61.962,448,435,13,57.931
PR00001957,WO00001957,2026-03-23,C,P01,P01_L03,SKU003,480,23,0,457,61.962,430,419,11,56.455
PR00001958,WO00001958,2026-03-23,A,P02,P02_L01,SKU001,480,45,0,435,48.8,310,301,9,42.759
PR00001959,WO00001959,2026-03-23,B,P02,P02_L01,SKU003,480,74,0,406,48.8,294,288,6,43.448
PR00001960,WO00001960,2026-03-23,C,P02,P02_L01,SKU003,480,0,0,480,48.8,306,300,6,38.25
PR00001961,WO00001961,2026-03-23,A,P02,P02_L02,SKU006,480,0,0,480,54.878,423,412,11,52.875
PR00001962,WO00001962,2026-03-23,B,P02,P02_L02,SKU002,480,0,66,414,55.9,313,301,12,45.362
PR00001963,WO00001963,2026-03-23,C,P02,P02_L02,SKU002,480,0,0,480,55.9,363,351,12,45.375
PR00001964,WO00001964,2026-03-23,A,P02,P02_L03,SKU002,480,28,41,411,47.0,271,262,9,39.562
PR00001965,WO00001965,2026-03-23,B,P02,P02_L03,SKU007,480,0,0,480,47.0,322,317,5,40.25
PR00001966,WO00001966,2026-03-23,C,P02,P02_L03,SKU003,480,28,41,411,47.0,278,272,6,40.584
PR00001967,WO00001967,2026-03-23,A,P03,P03_L01,SKU004,480,0,0,480,56.693,398,384,14,49.75
PR00001968,WO00001968,2026-03-23,B,P03,P03_L01,SKU001,480,0,0,480,49.793,334,327,7,41.75
PR00001969,WO00001969,2026-03-23,C,P03,P03_L01,SKU003,480,0,0,480,57.7,412,401,11,51.5
PR00001970,WO00001970,2026-03-23,A,P03,P03_L02,SKU006,480,0,0,480,54.878,404,396,8,50.5
PR00001971,WO00001971,2026-03-23,B,P03,P03_L02,SKU001,480,0,0,480,49.793,367,359,8,45.875
PR00001972,WO00001972,2026-03-23,C,P03,P03_L02,SKU008,480,16,0,464,56.6,353,346,7,45.647
PR00001973,WO00001973,2026-03-23,A,P03,P03_L03,SKU001,480,0,0,480,49.793,335,328,7,41.875
PR00001974,WO00001974,2026-03-23,B,P03,P03_L03,SKU004,480,0,0,480,56.693,415,404,11,51.875
PR00001975,WO00001975,2026-03-23,C,P03,P03_L03,SKU004,480,25,0,455,56.693,352,339,13,46.418
PR00001976,WO00001976,2026-03-24,A,P01,P01_L01,SKU005,480,17,0,463,50.42,341,334,7,44.19
PR00001977,WO00001977,2026-03-24,B,P01,P01_L01,SKU004,480,27,0,453,56.693,375,362,13,49.669
PR00001978,WO00001978,2026-03-24,C,P01,P01_L01,SKU001,480,0,0,480,49.793,337,327,10,42.125
PR00001979,WO00001979,2026-03-24,A,P01,P01_L02,SKU001,480,0,0,480,49.793,361,353,8,45.125
PR00001980,WO00001980,2026-03-24,B,P01,P01_L02,SKU001,480,0,80,400,49.793,288,282,6,43.2
PR00001981,WO00001981,2026-03-24,C,P01,P01_L02,SKU001,480,31,0,449,49.793,320,314,6,42.762
PR00001982,WO00001982,2026-03-24,A,P01,P01_L03,SKU008,480,34,0,446,60.302,385,380,5,51.794
PR00001983,WO00001983,2026-03-24,B,P01,P01_L03,SKU008,480,0,0,480,60.302,407,399,8,50.875
PR00001984,WO00001984,2026-03-24,C,P01,P01_L03,SKU003,480,30,0,450,61.962,433,422,11,57.733
PR00001985,WO00001985,2026-03-24,A,P02,P02_L01,SKU006,480,0,17,463,48.8,351,344,7,45.486
PR00001986,WO00001986,2026-03-24,B,P02,P02_L01,SKU003,480,0,0,480,48.8,337,329,8,42.125
PR00001987,WO00001987,2026-03-24,C,P02,P02_L01,SKU003,480,25,16,439,48.8,303,295,8,41.412
PR00001988,WO00001988,2026-03-24,A,P02,P02_L02,SKU002,480,26,0,454,55.9,367,353,14,48.502
PR00001989,WO00001989,2026-03-24,B,P02,P02_L02,SKU006,480,0,0,480,54.878,412,400,12,51.5
PR00001990,WO00001990,2026-03-24,C,P02,P02_L02,SKU006,480,0,0,480,54.878,370,358,12,46.25
PR00001991,WO00001991,2026-03-24,A,P02,P02_L03,SKU007,480,0,0,480,47.0,347,341,6,43.375
PR00001992,WO00001992,2026-03-24,B,P02,P02_L03,SKU007,480,43,20,417,47.0,268,266,2,38.561
PR00001993,WO00001993,2026-03-24,C,P02,P02_L03,SKU001,480,24,0,456,47.0,285,276,9,37.5
PR00001994,WO00001994,2026-03-24,A,P03,P03_L01,SKU006,480,0,0,480,54.878,412,404,8,51.5
PR00001995,WO00001995,2026-03-24,B,P03,P03_L01,SKU007,480,0,0,480,57.7,393,390,3,49.125
PR00001996,WO00001996,2026-03-24,C,P03,P03_L01,SKU001,480,20,0,460,49.793,297,290,7,38.739
PR00001997,WO00001997,2026-03-24,A,P03,P03_L02,SKU004,480,0,0,480,56.6,400,391,9,50.0
PR00001998,WO00001998,2026-03-24,B,P03,P03_L02,SKU006,480,29,0,451,54.878,373,363,10,49.623
PR00001999,WO00001999,2026-03-24,C,P03,P03_L02,SKU004,480,0,0,480,56.6,390,376,14,48.75
PR00002000,WO00002000,2026-03-24,A,P03,P03_L03,SKU004,480,0,22,458,56.693,383,372,11,50.175
PR00002001,WO00002001,2026-03-24,B,P03,P03_L03,SKU003,480,0,35,445,58.1,385,377,8,51.91
PR00002002,WO00002002,2026-03-24,C,P03,P03_L03,SKU003,480,51,0,429,58.1,354,348,6,49.51
PR00002003,WO00002003,2026-03-25,A,P01,P01_L01,SKU001,480,0,0,480,49.793,380,370,10,47.5
PR00002004,WO00002004,2026-03-25,B,P01,P01_L01,SKU005,480,0,19,461,50.42,336,328,8,43.731
PR00002005,WO00002005,2026-03-25,C,P01,P01_L01,SKU001,480,49,0,431,49.793,302,294,8,42.042
PR00002006,WO00002006,2026-03-25,A,P01,P01_L02,SKU002,480,19,0,461,65.2,423,405,18,55.054
PR00002007,WO00002007,2026-03-25,B,P01,P01_L02,SKU006,480,0,0,480,54.878,396,381,15,49.5
PR00002008,WO00002008,2026-03-25,C,P01,P01_L02,SKU001,480,0,0,480,49.793,338,330,8,42.25
PR00002009,WO00002009,2026-03-25,A,P01,P01_L03,SKU002,480,0,30,450,72.0,458,443,15,61.067
PR00002010,WO00002010,2026-03-25,B,P01,P01_L03,SKU003,480,17,0,463,61.962,460,449,11,59.611
PR00002011,WO00002011,2026-03-25,C,P01,P01_L03,SKU003,480,0,96,384,61.962,347,340,7,54.219
PR00002012,WO00002012,2026-03-25,A,P02,P02_L01,SKU002,480,17,8,455,48.8,313,303,10,41.275
PR00002013,WO00002013,2026-03-25,B,P02,P02_L01,SKU003,480,34,27,419,48.8,304,298,6,43.532
PR00002014,WO00002014,2026-03-25,C,P02,P02_L01,SKU006,480,0,0,480,48.8,368,356,12,46.0
PR00002015,WO00002015,2026-03-25,A,P02,P02_L02,SKU004,480,0,0,480,55.9,393,380,13,49.125
PR00002016,WO00002016,2026-03-25,B,P02,P02_L02,SKU005,480,0,12,468,50.42,339,332,7,43.462
PR00002017,WO00002017,2026-03-25,C,P02,P02_L02,SKU004,480,0,13,467,55.9,373,359,14,47.923
PR00002018,WO00002018,2026-03-25,A,P02,P02_L03,SKU001,480,27,0,453,47.0,303,297,6,40.132
PR00002019,WO00002019,2026-03-25,B,P02,P02_L03,SKU001,480,38,0,442,47.0,287,281,6,38.959
PR00002020,WO00002020,2026-03-25,C,P02,P02_L03,SKU007,480,0,0,480,47.0,317,313,4,39.625
PR00002021,WO00002021,2026-03-25,A,P03,P03_L01,SKU004,480,0,0,480,56.693,380,369,11,47.5
PR00002022,WO00002022,2026-03-25,B,P03,P03_L01,SKU004,480,12,10,458,56.693,379,364,15,49.651
PR00002023,WO00002023,2026-03-25,C,P03,P03_L01,SKU003,480,0,0,480,57.7,392,385,7,49.0
PR00002024,WO00002024,2026-03-25,A,P03,P03_L02,SKU006,480,20,0,460,54.878,400,390,10,52.174
PR00002025,WO00002025,2026-03-25,B,P03,P03_L02,SKU006,480,16,0,464,54.878,393,379,14,50.819
PR00002026,WO00002026,2026-03-25,C,P03,P03_L02,SKU006,480,0,0,480,54.878,401,390,11,50.125
PR00002027,WO00002027,2026-03-25,A,P03,P03_L03,SKU004,480,26,0,454,56.693,366,355,11,48.37
PR00002028,WO00002028,2026-03-25,B,P03,P03_L03,SKU004,480,54,0,426,56.693,347,334,13,48.873
PR00002029,WO00002029,2026-03-25,C,P03,P03_L03,SKU001,480,36,34,410,49.793,277,272,5,40.537
PR00002030,WO00002030,2026-03-26,A,P01,P01_L01,SKU005,480,0,0,480,50.42,363,355,8,45.375
PR00002031,WO00002031,2026-03-26,B,P01,P01_L01,SKU005,480,0,9,471,50.42,354,344,10,45.096
PR00002032,WO00002032,2026-03-26,C,P01,P01_L01,SKU006,480,0,0,480,54.878,416,404,12,52.0
PR00002033,WO00002033,2026-03-26,A,P01,P01_L02,SKU003,480,0,0,480,61.962,464,454,10,58.0
PR00002034,WO00002034,2026-03-26,B,P01,P01_L02,SKU001,480,0,0,480,49.793,354,343,11,44.25
PR00002035,WO00002035,2026-03-26,C,P01,P01_L02,SKU001,480,0,0,480,49.793,346,336,10,43.25
PR00002036,WO00002036,2026-03-26,A,P01,P01_L03,SKU003,480,28,15,437,61.962,418,407,11,57.391
PR00002037,WO00002037,2026-03-26,B,P01,P01_L03,SKU004,480,0,0,480,56.693,435,419,16,54.375
PR00002038,WO00002038,2026-03-26,C,P01,P01_L03,SKU003,480,21,0,459,61.962,412,403,9,53.856
PR00002039,WO00002039,2026-03-26,A,P02,P02_L01,SKU008,480,0,16,464,48.8,326,322,4,42.155
PR00002040,WO00002040,2026-03-26,B,P02,P02_L01,SKU008,480,0,0,480,48.8,324,318,6,40.5
PR00002041,WO00002041,2026-03-26,C,P02,P02_L01,SKU003,480,34,0,446,48.8,308,300,8,41.435
PR00002042,WO00002042,2026-03-26,A,P02,P02_L02,SKU004,480,30,0,450,55.9,359,350,9,47.867
PR00002043,WO00002043,2026-03-26,B,P02,P02_L02,SKU004,480,0,0,480,55.9,404,392,12,50.5
PR00002044,WO00002044,2026-03-26,C,P02,P02_L02,SKU004,480,24,0,456,55.9,349,336,13,45.921
PR00002045,WO00002045,2026-03-26,A,P02,P02_L03,SKU007,480,0,0,480,47.0,337,333,4,42.125
PR00002046,WO00002046,2026-03-26,B,P02,P02_L03,SKU003,480,20,0,460,47.0,341,334,7,44.478
PR00002047,WO00002047,2026-03-26,C,P02,P02_L03,SKU003,480,0,0,480,47.0,333,326,7,41.625
PR00002048,WO00002048,2026-03-26,A,P03,P03_L01,SKU004,480,0,0,480,56.693,421,408,13,52.625
PR00002049,WO00002049,2026-03-26,B,P03,P03_L01,SKU001,480,27,0,453,49.793,334,326,8,44.238
PR00002050,WO00002050,2026-03-26,C,P03,P03_L01,SKU004,480,21,0,459,56.693,370,359,11,48.366
PR00002051,WO00002051,2026-03-26,A,P03,P03_L02,SKU001,480,20,0,460,49.793,331,325,6,43.174
PR00002052,WO00002052,2026-03-26,B,P03,P03_L02,SKU002,480,40,0,440,56.6,358,343,15,48.818
PR00002053,WO00002053,2026-03-26,C,P03,P03_L02,SKU006,480,0,0,480,54.878,392,381,11,49.0
PR00002054,WO00002054,2026-03-26,A,P03,P03_L03,SKU004,480,0,0,480,56.693,410,399,11,51.25
PR00002055,WO00002055,2026-03-26,B,P03,P03_L03,SKU004,480,0,0,480,56.693,408,395,13,51.0
PR00002056,WO00002056,2026-03-26,C,P03,P03_L03,SKU004,480,0,0,480,56.693,365,353,12,45.625
PR00002057,WO00002057,2026-03-27,A,P01,P01_L01,SKU005,480,0,50,430,50.42,312,304,8,43.535
PR00002058,WO00002058,2026-03-27,B,P01,P01_L01,SKU005,480,0,0,480,50.42,331,322,9,41.375
PR00002059,WO00002059,2026-03-27,C,P01,P01_L01,SKU002,480,32,0,448,69.9,421,402,19,56.384
PR00002060,WO00002060,2026-03-27,A,P01,P01_L02,SKU001,480,39,41,400,49.793,289,281,8,43.35
PR00002061,WO00002061,2026-03-27,B,P01,P01_L02,SKU001,480,0,0,480,49.793,367,358,9,45.875
PR00002062,WO00002062,2026-03-27,C,P01,P01_L02,SKU004,480,29,14,437,56.693,381,365,16,52.311
PR00002063,WO00002063,2026-03-27,A,P01,P01_L03,SKU008,480,0,0,480,60.302,407,401,6,50.875
PR00002064,WO00002064,2026-03-27,B,P01,P01_L03,SKU003,480,0,0,480,61.962,445,436,9,55.625
PR00002065,WO00002065,2026-03-27,C,P01,P01_L03,SKU003,480,12,0,468,61.962,457,448,9,58.59
PR00002066,WO00002066,2026-03-27,A,P02,P02_L01,SKU003,480,0,0,480,48.8,360,352,8,45.0
PR00002067,WO00002067,2026-03-27,B,P02,P02_L01,SKU003,480,0,0,480,48.8,363,356,7,45.375
PR00002068,WO00002068,2026-03-27,C,P02,P02_L01,SKU003,480,28,0,452,48.8,323,317,6,42.876
PR00002069,WO00002069,2026-03-27,A,P02,P02_L02,SKU006,480,17,0,463,54.878,373,363,10,48.337
PR00002070,WO00002070,2026-03-27,B,P02,P02_L02,SKU002,480,0,90,390,55.9,292,280,12,44.923
PR00002071,WO00002071,2026-03-27,C,P02,P02_L02,SKU006,480,0,17,463,54.878,374,364,10,48.467
PR00002072,WO00002072,2026-03-27,A,P02,P02_L03,SKU007,480,20,0,460,47.0,332,327,5,43.304
PR00002073,WO00002073,2026-03-27,B,P02,P02_L03,SKU003,480,18,0,462,47.0,332,324,8,43.117
PR00002074,WO00002074,2026-03-27,C,P02,P02_L03,SKU003,480,0,0,480,47.0,326,318,8,40.75
PR00002075,WO00002075,2026-03-27,A,P03,P03_L01,SKU001,480,41,0,439,49.793,326,320,6,44.556
PR00002076,WO00002076,2026-03-27,B,P03,P03_L01,SKU004,480,0,0,480,56.693,386,376,10,48.25
PR00002077,WO00002077,2026-03-27,C,P03,P03_L01,SKU003,480,0,0,480,57.7,406,398,8,50.75
PR00002078,WO00002078,2026-03-27,A,P03,P03_L02,SKU006,480,0,0,480,54.878,395,384,11,49.375
PR00002079,WO00002079,2026-03-27,B,P03,P03_L02,SKU006,480,0,21,459,54.878,374,364,10,48.889
PR00002080,WO00002080,2026-03-27,C,P03,P03_L02,SKU006,480,0,0,480,54.878,380,366,14,47.5
PR00002081,WO00002081,2026-03-27,A,P03,P03_L03,SKU007,480,16,0,464,58.1,425,420,5,54.957
PR00002082,WO00002082,2026-03-27,B,P03,P03_L03,SKU003,480,60,0,420,58.1,383,376,7,54.714
PR00002083,WO00002083,2026-03-27,C,P03,P03_L03,SKU001,480,0,0,480,49.793,332,324,8,41.5
PR00002084,WO00002084,2026-03-28,A,P01,P01_L01,SKU005,480,0,0,480,50.42,353,343,10,44.125
PR00002085,WO00002085,2026-03-28,B,P01,P01_L01,SKU007,480,27,0,453,69.9,461,456,5,61.06
PR00002086,WO00002086,2026-03-28,C,P01,P01_L01,SKU005,480,0,0,480,50.42,323,313,10,40.375
PR00002087,WO00002087,2026-03-28,B,P01,P01_L02,SKU001,480,44,0,436,49.793,326,318,8,44.862
PR00002088,WO00002088,2026-03-28,C,P01,P01_L02,SKU004,480,0,20,460,56.693,379,363,16,49.435
PR00002089,WO00002089,2026-03-28,A,P01,P01_L03,SKU003,480,65,0,415,61.962,390,383,7,56.386
PR00002090,WO00002090,2026-03-28,C,P01,P01_L03,SKU008,480,18,0,462,60.302,380,372,8,49.351
PR00002091,WO00002091,2026-03-28,A,P02,P02_L01,SKU006,480,0,34,446,48.8,310,301,9,41.704
PR00002092,WO00002092,2026-03-28,C,P02,P02_L01,SKU001,480,0,0,480,48.8,326,317,9,40.75
PR00002093,WO00002093,2026-03-28,A,P02,P02_L02,SKU002,480,18,0,462,55.9,362,346,16,47.013
PR00002094,WO00002094,2026-03-28,B,P02,P02_L02,SKU002,480,13,4,463,55.9,364,351,13,47.171
PR00002095,WO00002095,2026-03-28,B,P03,P03_L01,SKU001,480,46,0,434,49.793,329,324,5,45.484
PR00002096,WO00002096,2026-03-28,C,P03,P03_L01,SKU003,480,29,25,426,57.7,341,334,7,48.028
PR00002097,WO00002097,2026-03-28,A,P03,P03_L02,SKU008,480,0,0,480,56.6,408,402,6,51.0
PR00002098,WO00002098,2026-03-28,B,P03,P03_L02,SKU001,480,49,13,418,49.793,300,292,8,43.062
PR00002099,WO00002099,2026-03-28,C,P03,P03_L02,SKU006,480,0,40,440,54.878,330,321,9,45.0
PR00002100,WO00002100,2026-03-28,A,P03,P03_L03,SKU003,480,0,0,480,58.1,439,429,10,54.875
PR00002101,WO00002101,2026-03-28,B,P03,P03_L03,SKU003,480,15,0,465,58.1,445,435,10,57.419
PR00002102,WO00002102,2026-03-28,C,P03,P03_L03,SKU004,480,31,7,442,56.693,353,338,15,47.919
PR00002103,WO00002103,2026-03-29,A,P01,P01_L01,SKU001,480,0,0,480,49.793,365,356,9,45.625
PR00002104,WO00002104,2026-03-29,B,P01,P01_L01,SKU008,480,0,0,480,60.302,442,436,6,55.25
PR00002105,WO00002105,2026-03-29,C,P01,P01_L01,SKU005,480,17,0,463,50.42,310,302,8,40.173
PR00002106,WO00002106,2026-03-29,A,P01,P01_L02,SKU004,480,0,30,450,56.693,395,380,15,52.667
PR00002107,WO00002107,2026-03-29,C,P01,P01_L02,SKU001,480,0,0,480,49.793,336,327,9,42.0
PR00002108,WO00002108,2026-03-29,B,P01,P01_L03,SKU003,480,0,22,458,61.962,441,431,10,57.773
PR00002109,WO00002109,2026-03-29,C,P01,P01_L03,SKU003,480,14,0,466,61.962,429,421,8,55.236
PR00002110,WO00002110,2026-03-29,A,P02,P02_L01,SKU003,480,22,37,421,48.8,331,323,8,47.173
PR00002111,WO00002111,2026-03-29,A,P02,P02_L02,SKU002,480,19,0,461,55.9,391,375,16,50.889
PR00002112,WO00002112,2026-03-29,B,P02,P02_L02,SKU003,480,0,0,480,55.9,411,403,8,51.375
PR00002113,WO00002113,2026-03-29,C,P02,P02_L02,SKU001,480,23,0,457,49.793,305,297,8,40.044
PR00002114,WO00002114,2026-03-29,A,P03,P03_L01,SKU005,480,37,0,443,50.42,325,317,8,44.018
PR00002115,WO00002115,2026-03-29,B,P03,P03_L01,SKU004,480,0,0,480,56.693,400,387,13,50.0
PR00002116,WO00002116,2026-03-29,C,P03,P03_L01,SKU001,480,27,0,453,49.793,294,286,8,38.94
PR00002117,WO00002117,2026-03-29,B,P03,P03_L02,SKU006,480,33,0,447,54.878,367,357,10,49.262
PR00002118,WO00002118,2026-03-29,A,P03,P03_L03,SKU004,480,38,0,442,56.693,364,350,14,49.412
PR00002119,WO00002119,2026-03-29,B,P03,P03_L03,SKU003,480,0,21,459,58.1,412,402,10,53.856
PR00002120,WO00002120,2026-03-29,C,P03,P03_L03,SKU004,480,0,0,480,56.693,353,338,15,44.125
PR00002121,WO00002121,2026-03-30,A,P01,P01_L01,SKU005,480,0,0,480,50.42,342,334,8,42.75
PR00002122,WO00002122,2026-03-30,B,P01,P01_L01,SKU005,480,25,23,432,50.42,314,307,7,43.611
PR00002123,WO00002123,2026-03-30,C,P01,P01_L01,SKU007,480,0,0,480,69.9,465,459,6,58.125
PR00002124,WO00002124,2026-03-30,A,P01,P01_L02,SKU001,480,0,0,480,49.793,354,343,11,44.25
PR00002125,WO00002125,2026-03-30,B,P01,P01_L02,SKU006,480,41,0,439,54.878,369,355,14,50.433
PR00002126,WO00002126,2026-03-30,C,P01,P01_L02,SKU004,480,28,0,452,56.693,364,347,17,48.319
PR00002127,WO00002127,2026-03-30,A,P01,P01_L03,SKU003,480,0,0,480,61.962,473,463,10,59.125
PR00002128,WO00002128,2026-03-30,B,P01,P01_L03,SKU004,480,23,0,457,56.693,372,358,14,48.84
PR00002129,WO00002129,2026-03-30,C,P01,P01_L03,SKU003,480,54,37,389,61.962,362,353,9,55.835
PR00002130,WO00002130,2026-03-30,A,P02,P02_L01,SKU003,480,0,0,480,48.8,369,363,6,46.125
PR00002131,WO00002131,2026-03-30,B,P02,P02_L01,SKU004,480,21,0,459,48.8,326,313,13,42.614
PR00002132,WO00002132,2026-03-30,C,P02,P02_L01,SKU006,480,38,13,429,48.8,287,278,9,40.14
PR00002133,WO00002133,2026-03-30,A,P02,P02_L02,SKU002,480,88,0,392,55.9,320,309,11,48.98
PR00002134,WO00002134,2026-03-30,B,P02,P02_L02,SKU001,480,0,91,389,49.793,278,272,6,42.879
PR00002135,WO00002135,2026-03-30,C,P02,P02_L02,SKU004,480,0,26,454,55.9,349,336,13,46.123
PR00002136,WO00002136,2026-03-30,A,P02,P02_L03,SKU007,480,0,0,480,47.0,338,334,4,42.25
PR00002137,WO00002137,2026-03-30,B,P02,P02_L03,SKU003,480,0,14,466,47.0,321,315,6,41.33
PR00002138,WO00002138,2026-03-30,C,P02,P02_L03,SKU007,480,0,26,454,47.0,271,267,4,35.815
PR00002139,WO00002139,2026-03-30,A,P03,P03_L01,SKU004,480,0,49,431,56.693,373,360,13,51.926
PR00002140,WO00002140,2026-03-30,B,P03,P03_L01,SKU003,480,63,35,382,57.7,345,337,8,54.188
PR00002141,WO00002141,2026-03-30,C,P03,P03_L01,SKU003,480,0,32,448,57.7,364,358,6,48.75
PR00002142,WO00002142,2026-03-30,A,P03,P03_L02,SKU006,480,0,0,480,54.878,396,385,11,49.5
PR00002143,WO00002143,2026-03-30,B,P03,P03_L02,SKU007,480,0,0,480,56.6,401,397,4,50.125
PR00002144,WO00002144,2026-03-30,C,P03,P03_L02,SKU006,480,0,0,480,54.878,393,380,13,49.125
PR00002145,WO00002145,2026-03-30,A,P03,P03_L03,SKU001,480,17,0,463,49.793,339,331,8,43.931
PR00002146,WO00002146,2026-03-30,B,P03,P03_L03,SKU007,480,45,0,435,58.1,359,356,3,49.517
PR00002147,WO00002147,2026-03-30,C,P03,P03_L03,SKU003,480,80,48,352,58.1,305,300,5,51.989
PR00002148,WO00002148,2026-03-31,A,P01,P01_L01,SKU005,480,0,6,474,50.42,355,344,11,44.937
PR00002149,WO00002149,2026-03-31,B,P01,P01_L01,SKU004,480,0,0,480,56.693,399,385,14,49.875
PR00002150,WO00002150,2026-03-31,C,P01,P01_L01,SKU007,480,12,0,468,69.9,469,463,6,60.128
PR00002151,WO00002151,2026-03-31,A,P01,P01_L02,SKU008,480,26,0,454,60.302,379,372,7,50.088
PR00002152,WO00002152,2026-03-31,B,P01,P01_L02,SKU002,480,36,24,420,65.2,388,374,14,55.429
PR00002153,WO00002153,2026-03-31,C,P01,P01_L02,SKU008,480,25,0,455,60.302,372,367,5,49.055
PR00002154,WO00002154,2026-03-31,A,P01,P01_L03,SKU003,480,0,0,480,61.962,510,496,14,63.75
PR00002155,WO00002155,2026-03-31,B,P01,P01_L03,SKU008,480,53,115,312,60.302,263,257,6,50.577
PR00002156,WO00002156,2026-03-31,C,P01,P01_L03,SKU003,480,51,0,429,61.962,420,412,8,58.741
PR00002157,WO00002157,2026-03-31,A,P02,P02_L01,SKU006,480,31,0,449,48.8,306,297,9,40.891
PR00002158,WO00002158,2026-03-31,B,P02,P02_L01,SKU003,480,0,0,480,48.8,344,338,6,43.0
PR00002159,WO00002159,2026-03-31,C,P02,P02_L01,SKU003,480,0,0,480,48.8,333,327,6,41.625
PR00002160,WO00002160,2026-03-31,A,P02,P02_L02,SKU002,480,0,0,480,55.9,370,360,10,46.25
PR00002161,WO00002161,2026-03-31,B,P02,P02_L02,SKU002,480,32,83,365,55.9,278,269,9,45.699
PR00002162,WO00002162,2026-03-31,C,P02,P02_L02,SKU004,480,24,0,456,55.9,348,335,13,45.789
PR00002163,WO00002163,2026-03-31,A,P02,P02_L03,SKU007,480,0,0,480,47.0,327,322,5,40.875
PR00002164,WO00002164,2026-03-31,B,P02,P02_L03,SKU007,480,0,0,480,47.0,314,311,3,39.25
PR00002165,WO00002165,2026-03-31,C,P02,P02_L03,SKU001,480,0,0,480,47.0,290,283,7,36.25
PR00002166,WO00002166,2026-03-31,A,P03,P03_L01,SKU003,480,0,0,480,57.7,433,424,9,54.125
PR00002167,WO00002167,2026-03-31,B,P03,P03_L01,SKU004,480,33,0,447,56.693,358,347,11,48.054
PR00002168,WO00002168,2026-03-31,C,P03,P03_L01,SKU001,480,0,0,480,49.793,341,331,10,42.625
PR00002169,WO00002169,2026-03-31,A,P03,P03_L02,SKU006,480,0,0,480,54.878,413,401,12,51.625
PR00002170,WO00002170,2026-03-31,B,P03,P03_L02,SKU001,480,21,0,459,49.793,337,327,10,44.052
PR00002171,WO00002171,2026-03-31,C,P03,P03_L02,SKU002,480,32,0,448,56.6,336,323,13,45.0
PR00002172,WO00002172,2026-03-31,A,P03,P03_L03,SKU004,480,24,0,456,56.693,392,381,11,51.579
PR00002173,WO00002173,2026-03-31,B,P03,P03_L03,SKU001,480,0,0,480,49.793,357,348,9,44.625
PR00002174,WO00002174,2026-03-31,C,P03,P03_L03,SKU006,480,0,0,480,54.878,387,375,12,48.375
PR00002175,WO00002175,2026-04-01,A,P01,P01_L01,SKU005,480,0,0,480,50.42,354,344,10,44.25
PR00002176,WO00002176,2026-04-01,B,P01,P01_L01,SKU005,480,52,0,428,50.42,291,284,7,40.794
PR00002177,WO00002177,2026-04-01,C,P01,P01_L01,SKU001,480,0,0,480,49.793,347,335,12,43.375
PR00002178,WO00002178,2026-04-01,A,P01,P01_L02,SKU002,480,0,6,474,65.2,467,449,18,59.114
PR00002179,WO00002179,2026-04-01,B,P01,P01_L02,SKU006,480,15,0,465,54.878,358,345,13,46.194
PR00002180,WO00002180,2026-04-01,C,P01,P01_L02,SKU001,480,0,35,445,49.793,317,307,10,42.742
PR00002181,WO00002181,2026-04-01,A,P01,P01_L03,SKU003,480,0,10,470,61.962,458,448,10,58.468
PR00002182,WO00002182,2026-04-01,B,P01,P01_L03,SKU007,480,0,0,480,74.2,489,482,7,61.125
PR00002183,WO00002183,2026-04-01,C,P01,P01_L03,SKU003,480,0,0,480,61.962,450,442,8,56.25
PR00002184,WO00002184,2026-04-01,A,P02,P02_L01,SKU004,480,20,77,383,48.8,284,275,9,44.491
PR00002185,WO00002185,2026-04-01,B,P02,P02_L01,SKU006,480,20,0,460,48.8,343,333,10,44.739
PR00002186,WO00002186,2026-04-01,C,P02,P02_L01,SKU006,480,30,0,450,48.8,304,295,9,40.533
PR00002187,WO00002187,2026-04-01,A,P02,P02_L02,SKU006,480,0,0,480,54.878,381,368,13,47.625
PR00002188,WO00002188,2026-04-01,B,P02,P02_L02,SKU003,480,0,0,480,55.9,393,384,9,49.125
PR00002189,WO00002189,2026-04-01,C,P02,P02_L02,SKU002,480,0,0,480,55.9,356,341,15,44.5
PR00002190,WO00002190,2026-04-01,A,P02,P02_L03,SKU007,480,29,0,451,47.0,307,302,5,40.843
PR00002191,WO00002191,2026-04-01,B,P02,P02_L03,SKU008,480,0,9,471,47.0,310,305,5,39.49
PR00002192,WO00002192,2026-04-01,C,P02,P02_L03,SKU003,480,0,0,480,47.0,329,319,10,41.125
PR00002193,WO00002193,2026-04-01,A,P03,P03_L01,SKU004,480,42,0,438,56.693,372,361,11,50.959
PR00002194,WO00002194,2026-04-01,B,P03,P03_L01,SKU004,480,26,0,454,56.693,380,366,14,50.22
PR00002195,WO00002195,2026-04-01,C,P03,P03_L01,SKU001,480,13,0,467,49.793,307,302,5,39.443
PR00002196,WO00002196,2026-04-01,A,P03,P03_L02,SKU008,480,32,0,448,56.6,365,361,4,48.884
PR00002197,WO00002197,2026-04-01,B,P03,P03_L02,SKU001,480,0,0,480,49.793,331,324,7,41.375
PR00002198,WO00002198,2026-04-01,C,P03,P03_L02,SKU001,480,0,56,424,49.793,280,274,6,39.623
PR00002199,WO00002199,2026-04-01,A,P03,P03_L03,SKU003,480,0,21,459,58.1,442,433,9,57.778
PR00002200,WO00002200,2026-04-01,B,P03,P03_L03,SKU004,480,18,25,437,56.693,389,374,15,53.41
PR00002201,WO00002201,2026-04-01,C,P03,P03_L03,SKU004,480,0,0,480,56.693,363,348,15,45.375
PR00002202,WO00002202,2026-04-02,A,P01,P01_L01,SKU006,480,0,0,480,54.878,433,420,13,54.125
PR00002203,WO00002203,2026-04-02,B,P01,P01_L01,SKU005,480,0,0,480,50.42,348,337,11,43.5
PR00002204,WO00002204,2026-04-02,C,P01,P01_L01,SKU005,480,23,0,457,50.42,313,303,10,41.094
PR00002205,WO00002205,2026-04-02,A,P01,P01_L02,SKU002,480,0,0,480,65.2,450,433,17,56.25
PR00002206,WO00002206,2026-04-02,B,P01,P01_L02,SKU001,480,0,63,417,49.793,317,309,8,45.612
PR00002207,WO00002207,2026-04-02,C,P01,P01_L02,SKU004,480,45,53,382,56.693,306,294,12,48.063
PR00002208,WO00002208,2026-04-02,A,P01,P01_L03,SKU008,480,16,0,464,60.302,411,403,8,53.147
PR00002209,WO00002209,2026-04-02,B,P01,P01_L03,SKU003,480,0,0,480,61.962,471,462,9,58.875
PR00002210,WO00002210,2026-04-02,C,P01,P01_L03,SKU003,480,0,0,480,61.962,428,416,12,53.5
PR00002211,WO00002211,2026-04-02,A,P02,P02_L01,SKU003,480,0,75,405,48.8,317,311,6,46.963
PR00002212,WO00002212,2026-04-02,B,P02,P02_L01,SKU006,480,27,20,433,48.8,323,314,9,44.758
PR00002213,WO00002213,2026-04-02,C,P02,P02_L01,SKU003,480,0,37,443,48.8,309,301,8,41.851
PR00002214,WO00002214,2026-04-02,A,P02,P02_L02,SKU004,480,0,0,480,55.9,384,371,13,48.0
PR00002215,WO00002215,2026-04-02,B,P02,P02_L02,SKU006,480,0,0,480,54.878,381,369,12,47.625
PR00002216,WO00002216,2026-04-02,C,P02,P02_L02,SKU004,480,28,0,452,55.9,338,324,14,44.867
PR00002217,WO00002217,2026-04-02,A,P02,P02_L03,SKU003,480,0,0,480,47.0,341,333,8,42.625
PR00002218,WO00002218,2026-04-02,B,P02,P02_L03,SKU007,480,0,62,418,47.0,274,269,5,39.33
PR00002219,WO00002219,2026-04-02,C,P02,P02_L03,SKU006,480,35,35,410,47.0,280,270,10,40.976
PR00002220,WO00002220,2026-04-02,A,P03,P03_L01,SKU001,480,0,41,439,49.793,325,320,5,44.419
PR00002221,WO00002221,2026-04-02,B,P03,P03_L01,SKU004,480,0,0,480,56.693,412,398,14,51.5
PR00002222,WO00002222,2026-04-02,C,P03,P03_L01,SKU001,480,0,0,480,49.793,318,311,7,39.75
PR00002223,WO00002223,2026-04-02,A,P03,P03_L02,SKU006,480,16,0,464,54.878,401,392,9,51.853
PR00002224,WO00002224,2026-04-02,B,P03,P03_L02,SKU006,480,89,0,391,54.878,319,309,10,48.951
PR00002225,WO00002225,2026-04-02,C,P03,P03_L02,SKU002,480,0,0,480,56.6,350,337,13,43.75
PR00002226,WO00002226,2026-04-02,A,P03,P03_L03,SKU006,480,0,4,476,54.878,407,399,8,51.303
PR00002227,WO00002227,2026-04-02,B,P03,P03_L03,SKU004,480,0,50,430,56.693,359,346,13,50.093
PR00002228,WO00002228,2026-04-02,C,P03,P03_L03,SKU001,480,36,0,444,49.793,317,312,5,42.838
PR00002229,WO00002229,2026-04-03,A,P01,P01_L01,SKU004,480,0,7,473,56.693,417,403,14,52.896
PR00002230,WO00002230,2026-04-03,B,P01,P01_L01,SKU004,480,0,0,480,56.693,391,375,16,48.875
PR00002231,WO00002231,2026-04-03,C,P01,P01_L01,SKU005,480,0,0,480,50.42,323,314,9,40.375
PR00002232,WO00002232,2026-04-03,A,P01,P01_L02,SKU004,480,0,0,480,56.693,408,390,18,51.0
PR00002233,WO00002233,2026-04-03,B,P01,P01_L02,SKU002,480,0,0,480,65.2,432,415,17,54.0
PR00002234,WO00002234,2026-04-03,C,P01,P01_L02,SKU004,480,0,0,480,56.693,384,367,17,48.0
PR00002235,WO00002235,2026-04-03,A,P01,P01_L03,SKU003,480,0,0,480,61.962,463,457,6,57.875
PR00002236,WO00002236,2026-04-03,B,P01,P01_L03,SKU003,480,0,18,462,61.962,441,429,12,57.273
PR00002237,WO00002237,2026-04-03,C,P01,P01_L03,SKU008,480,35,0,445,60.302,357,353,4,48.135
PR00002238,WO00002238,2026-04-03,A,P02,P02_L01,SKU002,480,0,0,480,48.8,318,306,12,39.75
PR00002239,WO00002239,2026-04-03,B,P02,P02_L01,SKU005,480,0,0,480,48.8,313,302,11,39.125
PR00002240,WO00002240,2026-04-03,C,P02,P02_L01,SKU003,480,0,0,480,48.8,331,326,5,41.375
PR00002241,WO00002241,2026-04-03,A,P02,P02_L02,SKU004,480,26,0,454,55.9,363,354,9,47.974
PR00002242,WO00002242,2026-04-03,B,P02,P02_L02,SKU002,480,0,13,467,55.9,365,353,12,46.895
PR00002243,WO00002243,2026-04-03,C,P02,P02_L02,SKU004,480,0,41,439,55.9,358,346,12,48.929
PR00002244,WO00002244,2026-04-03,A,P02,P02_L03,SKU004,480,19,0,461,47.0,298,287,11,38.785
PR00002245,WO00002245,2026-04-03,B,P02,P02_L03,SKU005,480,0,0,480,47.0,323,315,8,40.375
PR00002246,WO00002246,2026-04-03,C,P02,P02_L03,SKU004,480,0,0,480,47.0,302,290,12,37.75
PR00002247,WO00002247,2026-04-03,A,P03,P03_L01,SKU001,480,0,0,480,49.793,374,366,8,46.75
PR00002248,WO00002248,2026-04-03,B,P03,P03_L01,SKU004,480,0,116,364,56.693,290,279,11,47.802
PR00002249,WO00002249,2026-04-03,C,P03,P03_L01,SKU001,480,38,19,423,49.793,305,300,5,43.262
PR00002250,WO00002250,2026-04-03,A,P03,P03_L02,SKU006,480,0,40,440,54.878,396,388,8,54.0
PR00002251,WO00002251,2026-04-03,B,P03,P03_L02,SKU006,480,0,0,480,54.878,390,380,10,48.75
PR00002252,WO00002252,2026-04-03,C,P03,P03_L02,SKU006,480,16,13,451,54.878,385,373,12,51.22
PR00002253,WO00002253,2026-04-03,A,P03,P03_L03,SKU002,480,19,0,461,58.1,394,381,13,51.28
PR00002254,WO00002254,2026-04-03,B,P03,P03_L03,SKU001,480,16,82,382,49.793,269,263,6,42.251
PR00002255,WO00002255,2026-04-03,C,P03,P03_L03,SKU003,480,31,0,449,58.1,372,362,10,49.71
PR00002256,WO00002256,2026-04-04,A,P01,P01_L01,SKU005,480,0,0,480,50.42,361,349,12,45.125
PR00002257,WO00002257,2026-04-04,B,P01,P01_L01,SKU005,480,0,0,480,50.42,353,341,12,44.125
PR00002258,WO00002258,2026-04-04,C,P01,P01_L01,SKU001,480,0,0,480,49.793,337,328,9,42.125
PR00002259,WO00002259,2026-04-04,A,P01,P01_L02,SKU004,480,21,0,459,56.693,383,371,12,50.065
PR00002260,WO00002260,2026-04-04,B,P01,P01_L02,SKU006,480,0,31,449,54.878,369,354,15,49.31
PR00002261,WO00002261,2026-04-04,C,P01,P01_L02,SKU008,480,0,0,480,60.302,388,378,10,48.5
PR00002262,WO00002262,2026-04-04,A,P02,P02_L01,SKU003,480,54,44,382,48.8,291,283,8,45.707
PR00002263,WO00002263,2026-04-04,B,P02,P02_L01,SKU002,480,0,0,480,48.8,330,318,12,41.25
PR00002264,WO00002264,2026-04-04,A,P02,P02_L02,SKU001,480,29,0,451,49.793,332,325,7,44.169
PR00002265,WO00002265,2026-04-04,B,P02,P02_L02,SKU002,480,17,0,463,55.9,355,342,13,46.004
PR00002266,WO00002266,2026-04-04,C,P02,P02_L02,SKU004,480,0,0,480,55.9,376,362,14,47.0
PR00002267,WO00002267,2026-04-04,A,P02,P02_L03,SKU001,480,0,0,480,47.0,343,334,9,42.875
PR00002268,WO00002268,2026-04-04,B,P02,P02_L03,SKU007,480,26,0,454,47.0,318,312,6,42.026
PR00002269,WO00002269,2026-04-04,B,P03,P03_L01,SKU002,480,43,0,437,57.7,350,335,15,48.055
PR00002270,WO00002270,2026-04-04,B,P03,P03_L02,SKU002,480,0,0,480,56.6,385,373,12,48.125
PR00002271,WO00002271,2026-04-04,C,P03,P03_L02,SKU002,480,30,0,450,56.6,342,328,14,45.6
PR00002272,WO00002272,2026-04-04,A,P03,P03_L03,SKU008,480,38,0,442,58.1,357,353,4,48.462
PR00002273,WO00002273,2026-04-04,B,P03,P03_L03,SKU003,480,54,0,426,58.1,376,368,8,52.958
PR00002274,WO00002274,2026-04-04,C,P03,P03_L03,SKU001,480,0,0,480,49.793,336,328,8,42.0
PR00002275,WO00002275,2026-04-05,A,P01,P01_L01,SKU007,480,61,0,419,69.9,442,437,5,63.294
PR00002276,WO00002276,2026-04-05,B,P01,P01_L01,SKU004,480,0,50,430,56.693,347,333,14,48.419
PR00002277,WO00002277,2026-04-05,C,P01,P01_L01,SKU001,480,53,67,360,49.793,254,248,6,42.333
PR00002278,WO00002278,2026-04-05,B,P01,P01_L02,SKU007,480,23,37,420,65.2,396,389,7,56.571
PR00002279,WO00002279,2026-04-05,B,P01,P01_L03,SKU003,480,26,16,438,61.962,403,392,11,55.205
PR00002280,WO00002280,2026-04-05,B,P02,P02_L01,SKU003,480,0,0,480,48.8,352,346,6,44.0
PR00002281,WO00002281,2026-04-05,B,P02,P02_L02,SKU002,480,0,0,480,55.9,362,348,14,45.25
PR00002282,WO00002282,2026-04-05,A,P02,P02_L03,SKU005,480,0,0,480,47.0,319,311,8,39.875
PR00002283,WO00002283,2026-04-05,B,P02,P02_L03,SKU007,480,0,0,480,47.0,326,323,3,40.75
PR00002284,WO00002284,2026-04-05,C,P02,P02_L03,SKU008,480,0,0,480,47.0,306,301,5,38.25
PR00002285,WO00002285,2026-04-05,A,P03,P03_L01,SKU003,480,0,26,454,57.7,385,378,7,50.881
PR00002286,WO00002286,2026-04-05,B,P03,P03_L01,SKU006,480,0,0,480,54.878,411,398,13,51.375
PR00002287,WO00002287,2026-04-05,C,P03,P03_L01,SKU001,480,0,0,480,49.793,359,349,10,44.875
PR00002288,WO00002288,2026-04-05,A,P03,P03_L02,SKU004,480,20,0,460,56.6,397,382,15,51.783
PR00002289,WO00002289,2026-04-05,B,P03,P03_L02,SKU006,480,0,35,445,54.878,363,354,9,48.944
PR00002290,WO00002290,2026-04-05,A,P03,P03_L03,SKU003,480,17,0,463,58.1,409,401,8,53.002
PR00002291,WO00002291,2026-04-05,B,P03,P03_L03,SKU004,480,29,10,441,56.693,355,341,14,48.299
PR00002292,WO00002292,2026-04-05,C,P03,P03_L03,SKU006,480,0,0,480,54.878,389,377,12,48.625
PR00002293,WO00002293,2026-04-06,A,P01,P01_L01,SKU001,480,0,0,480,49.793,369,361,8,46.125
PR00002294,WO00002294,2026-04-06,B,P01,P01_L01,SKU007,480,27,0,453,69.9,490,482,8,64.901
PR00002295,WO00002295,2026-04-06,C,P01,P01_L01,SKU004,480,0,0,480,56.693,373,358,15,46.625
PR00002296,WO00002296,2026-04-06,A,P01,P01_L02,SKU001,480,0,0,480,49.793,367,357,10,45.875
PR00002297,WO00002297,2026-04-06,B,P01,P01_L02,SKU001,480,0,0,480,49.793,346,335,11,43.25
PR00002298,WO00002298,2026-04-06,C,P01,P01_L02,SKU001,480,18,0,462,49.793,329,319,10,42.727
PR00002299,WO00002299,2026-04-06,A,P01,P01_L03,SKU004,480,0,36,444,56.693,385,372,13,52.027
PR00002300,WO00002300,2026-04-06,B,P01,P01_L03,SKU003,480,27,0,453,61.962,420,413,7,55.629
PR00002301,WO00002301,2026-04-06,C,P01,P01_L03,SKU008,480,25,0,455,60.302,394,385,9,51.956
PR00002302,WO00002302,2026-04-06,A,P02,P02_L01,SKU002,480,0,38,442,48.8,322,307,15,43.71
PR00002303,WO00002303,2026-04-06,B,P02,P02_L01,SKU005,480,0,16,464,48.8,301,290,11,38.922
PR00002304,WO00002304,2026-04-06,C,P02,P02_L01,SKU003,480,22,0,458,48.8,316,309,7,41.397
PR00002305,WO00002305,2026-04-06,A,P02,P02_L02,SKU004,480,0,0,480,55.9,396,383,13,49.5
PR00002306,WO00002306,2026-04-06,B,P02,P02_L02,SKU004,480,28,25,427,55.9,336,325,11,47.213
PR00002307,WO00002307,2026-04-06,C,P02,P02_L02,SKU002,480,0,0,480,55.9,360,346,14,45.0
PR00002308,WO00002308,2026-04-06,A,P02,P02_L03,SKU005,480,0,16,464,47.0,323,312,11,41.767
PR00002309,WO00002309,2026-04-06,B,P02,P02_L03,SKU004,480,0,0,480,47.0,310,297,13,38.75
PR00002310,WO00002310,2026-04-06,C,P02,P02_L03,SKU007,480,0,0,480,47.0,294,290,4,36.75
PR00002311,WO00002311,2026-04-06,A,P03,P03_L01,SKU004,480,0,0,480,56.693,425,415,10,53.125
PR00002312,WO00002312,2026-04-06,B,P03,P03_L01,SKU004,480,26,0,454,56.693,364,350,14,48.106
PR00002313,WO00002313,2026-04-06,C,P03,P03_L01,SKU005,480,14,0,466,50.42,310,303,7,39.914
PR00002314,WO00002314,2026-04-06,A,P03,P03_L02,SKU008,480,0,0,480,56.6,399,392,7,49.875
PR00002315,WO00002315,2026-04-06,B,P03,P03_L02,SKU006,480,0,0,480,54.878,390,380,10,48.75
PR00002316,WO00002316,2026-04-06,C,P03,P03_L02,SKU006,480,0,0,480,54.878,356,345,11,44.5
PR00002317,WO00002317,2026-04-06,A,P03,P03_L03,SKU006,480,0,0,480,54.878,395,385,10,49.375
PR00002318,WO00002318,2026-04-06,B,P03,P03_L03,SKU004,480,33,0,447,56.693,354,344,10,47.517
PR00002319,WO00002319,2026-04-06,C,P03,P03_L03,SKU004,480,0,0,480,56.693,381,368,13,47.625
PR00002320,WO00002320,2026-04-07,A,P01,P01_L01,SKU005,480,23,0,457,50.42,348,338,10,45.689
PR00002321,WO00002321,2026-04-07,B,P01,P01_L01,SKU002,480,0,0,480,69.9,469,451,18,58.625
PR00002322,WO00002322,2026-04-07,C,P01,P01_L01,SKU001,480,0,12,468,49.793,330,321,9,42.308
PR00002323,WO00002323,2026-04-07,A,P01,P01_L02,SKU001,480,27,0,453,49.793,339,331,8,44.901
PR00002324,WO00002324,2026-04-07,B,P01,P01_L02,SKU002,480,27,0,453,65.2,422,405,17,55.894
PR00002325,WO00002325,2026-04-07,C,P01,P01_L02,SKU008,480,0,33,447,60.302,379,370,9,50.872
PR00002326,WO00002326,2026-04-07,A,P01,P01_L03,SKU007,480,23,0,457,74.2,496,489,7,65.12
PR00002327,WO00002327,2026-04-07,B,P01,P01_L03,SKU007,480,0,0,480,74.2,562,554,8,70.25
PR00002328,WO00002328,2026-04-07,C,P01,P01_L03,SKU003,480,0,19,461,61.962,409,400,9,53.232
PR00002329,WO00002329,2026-04-07,A,P02,P02_L01,SKU006,480,0,0,480,48.8,353,343,10,44.125
PR00002330,WO00002330,2026-04-07,B,P02,P02_L01,SKU003,480,0,33,447,48.8,321,314,7,43.087
PR00002331,WO00002331,2026-04-07,C,P02,P02_L01,SKU001,480,0,67,413,48.8,279,274,5,40.533
PR00002332,WO00002332,2026-04-07,A,P02,P02_L02,SKU004,480,27,0,453,55.9,352,342,10,46.623
PR00002333,WO00002333,2026-04-07,B,P02,P02_L02,SKU005,480,35,0,445,50.42,310,302,8,41.798
PR00002334,WO00002334,2026-04-07,C,P02,P02_L02,SKU001,480,50,0,430,49.793,282,274,8,39.349
PR00002335,WO00002335,2026-04-07,A,P02,P02_L03,SKU003,480,0,47,433,47.0,322,316,6,44.619
PR00002336,WO00002336,2026-04-07,B,P02,P02_L03,SKU006,480,0,0,480,47.0,348,339,9,43.5
PR00002337,WO00002337,2026-04-07,C,P02,P02_L03,SKU007,480,22,0,458,47.0,295,290,5,38.646
PR00002338,WO00002338,2026-04-07,A,P03,P03_L01,SKU003,480,18,0,462,57.7,413,402,11,53.636
PR00002339,WO00002339,2026-04-07,B,P03,P03_L01,SKU001,480,0,0,480,49.793,330,323,7,41.25
PR00002340,WO00002340,2026-04-07,C,P03,P03_L01,SKU003,480,0,42,438,57.7,362,354,8,49.589
PR00002341,WO00002341,2026-04-07,A,P03,P03_L02,SKU006,480,50,0,430,54.878,347,340,7,48.419
PR00002342,WO00002342,2026-04-07,B,P03,P03_L02,SKU001,480,18,0,462,49.793,320,312,8,41.558
PR00002343,WO00002343,2026-04-07,C,P03,P03_L02,SKU008,480,26,0,454,56.6,358,352,6,47.313
PR00002344,WO00002344,2026-04-07,A,P03,P03_L03,SKU004,480,0,0,480,56.693,410,397,13,51.25
PR00002345,WO00002345,2026-04-07,B,P03,P03_L03,SKU003,480,0,0,480,58.1,456,446,10,57.0
PR00002346,WO00002346,2026-04-07,C,P03,P03_L03,SKU004,480,57,0,423,56.693,329,318,11,46.667
PR00002347,WO00002347,2026-04-08,A,P01,P01_L01,SKU004,480,47,0,433,56.693,380,366,14,52.656
PR00002348,WO00002348,2026-04-08,B,P01,P01_L01,SKU005,480,0,0,480,50.42,334,327,7,41.75
PR00002349,WO00002349,2026-04-08,C,P01,P01_L01,SKU007,480,0,0,480,69.9,458,453,5,57.25
PR00002350,WO00002350,2026-04-08,A,P01,P01_L02,SKU004,480,0,39,441,56.693,373,359,14,50.748
PR00002351,WO00002351,2026-04-08,B,P01,P01_L02,SKU008,480,0,0,480,60.302,398,391,7,49.75
PR00002352,WO00002352,2026-04-08,C,P01,P01_L02,SKU004,480,42,28,410,56.693,334,319,15,48.878
PR00002353,WO00002353,2026-04-08,A,P01,P01_L03,SKU003,480,71,84,325,61.962,344,337,7,63.508
PR00002354,WO00002354,2026-04-08,B,P01,P01_L03,SKU001,480,0,0,480,49.793,344,334,10,43.0
PR00002355,WO00002355,2026-04-08,C,P01,P01_L03,SKU003,480,23,0,457,61.962,439,430,9,57.637
PR00002356,WO00002356,2026-04-08,A,P02,P02_L01,SKU003,480,13,165,302,48.8,236,230,6,46.887
PR00002357,WO00002357,2026-04-08,B,P02,P02_L01,SKU003,480,16,0,464,48.8,313,307,6,40.474
PR00002358,WO00002358,2026-04-08,C,P02,P02_L01,SKU003,480,40,0,440,48.8,307,300,7,41.864
PR00002359,WO00002359,2026-04-08,A,P02,P02_L02,SKU006,480,0,11,469,54.878,402,392,10,51.429
PR00002360,WO00002360,2026-04-08,B,P02,P02_L02,SKU004,480,0,0,480,55.9,395,382,13,49.375
PR00002361,WO00002361,2026-04-08,C,P02,P02_L02,SKU002,480,20,52,408,55.9,317,306,11,46.618
PR00002362,WO00002362,2026-04-08,A,P02,P02_L03,SKU005,480,0,0,480,47.0,304,295,9,38.0
PR00002363,WO00002363,2026-04-08,B,P02,P02_L03,SKU007,480,0,0,480,47.0,316,313,3,39.5
PR00002364,WO00002364,2026-04-08,C,P02,P02_L03,SKU004,480,73,0,407,47.0,258,247,11,38.034
PR00002365,WO00002365,2026-04-08,A,P03,P03_L01,SKU001,480,63,0,417,49.793,316,308,8,45.468
PR00002366,WO00002366,2026-04-08,B,P03,P03_L01,SKU005,480,0,0,480,50.42,321,312,9,40.125
PR00002367,WO00002367,2026-04-08,C,P03,P03_L01,SKU004,480,27,0,453,56.693,356,345,11,47.152
PR00002368,WO00002368,2026-04-08,A,P03,P03_L02,SKU006,480,15,12,453,54.878,394,382,12,52.185
PR00002369,WO00002369,2026-04-08,B,P03,P03_L02,SKU006,480,67,12,401,54.878,335,325,10,50.125
PR00002370,WO00002370,2026-04-08,C,P03,P03_L02,SKU002,480,0,18,462,56.6,352,336,16,45.714
PR00002371,WO00002371,2026-04-08,A,P03,P03_L03,SKU004,480,0,0,480,56.693,402,388,14,50.25
PR00002372,WO00002372,2026-04-08,B,P03,P03_L03,SKU004,480,0,0,480,56.693,368,354,14,46.0
PR00002373,WO00002373,2026-04-08,C,P03,P03_L03,SKU004,480,0,12,468,56.693,358,345,13,45.897
PR00002374,WO00002374,2026-04-09,A,P01,P01_L01,SKU001,480,0,118,362,49.793,282,273,9,46.74
PR00002375,WO00002375,2026-04-09,B,P01,P01_L01,SKU006,480,39,21,420,54.878,341,330,11,48.714
PR00002376,WO00002376,2026-04-09,C,P01,P01_L01,SKU007,480,37,0,443,69.9,443,438,5,60.0
PR00002377,WO00002377,2026-04-09,A,P01,P01_L02,SKU008,480,38,0,442,60.302,382,376,6,51.855
PR00002378,WO00002378,2026-04-09,B,P01,P01_L02,SKU001,480,0,0,480,49.793,336,325,11,42.0
PR00002379,WO00002379,2026-04-09,C,P01,P01_L02,SKU002,480,34,0,446,65.2,379,363,16,50.987
PR00002380,WO00002380,2026-04-09,A,P01,P01_L03,SKU004,480,0,16,464,56.693,385,369,16,49.784
PR00002381,WO00002381,2026-04-09,B,P01,P01_L03,SKU003,480,52,0,428,61.962,424,415,9,59.439
PR00002382,WO00002382,2026-04-09,C,P01,P01_L03,SKU004,480,0,0,480,56.693,409,392,17,51.125
PR00002383,WO00002383,2026-04-09,A,P02,P02_L01,SKU006,480,35,0,445,48.8,317,309,8,42.742
PR00002384,WO00002384,2026-04-09,B,P02,P02_L01,SKU001,480,35,0,445,48.8,293,284,9,39.506
PR00002385,WO00002385,2026-04-09,C,P02,P02_L01,SKU006,480,0,0,480,48.8,324,312,12,40.5
PR00002386,WO00002386,2026-04-09,A,P02,P02_L02,SKU004,480,0,0,480,55.9,391,377,14,48.875
PR00002387,WO00002387,2026-04-09,B,P02,P02_L02,SKU004,480,0,0,480,55.9,398,385,13,49.75
PR00002388,WO00002388,2026-04-09,C,P02,P02_L02,SKU002,480,24,0,456,55.9,323,309,14,42.5
PR00002389,WO00002389,2026-04-09,A,P02,P02_L03,SKU003,480,27,0,453,47.0,340,333,7,45.033
PR00002390,WO00002390,2026-04-09,B,P02,P02_L03,SKU003,480,53,23,404,47.0,282,275,7,41.881
PR00002391,WO00002391,2026-04-09,C,P02,P02_L03,SKU007,480,0,0,480,47.0,315,309,6,39.375
PR00002392,WO00002392,2026-04-09,A,P03,P03_L01,SKU001,480,31,9,440,49.793,327,319,8,44.591
PR00002393,WO00002393,2026-04-09,B,P03,P03_L01,SKU003,480,0,9,471,57.7,407,397,10,51.847
PR00002394,WO00002394,2026-04-09,C,P03,P03_L01,SKU001,480,28,0,452,49.793,299,290,9,39.69
PR00002395,WO00002395,2026-04-09,A,P03,P03_L02,SKU006,480,0,94,386,54.878,345,337,8,53.627
PR00002396,WO00002396,2026-04-09,B,P03,P03_L02,SKU001,480,0,13,467,49.793,345,338,7,44.325
PR00002397,WO00002397,2026-04-09,C,P03,P03_L02,SKU005,480,36,0,444,50.42,295,289,6,39.865
PR00002398,WO00002398,2026-04-09,A,P03,P03_L03,SKU003,480,63,0,417,58.1,354,349,5,50.935
PR00002399,WO00002399,2026-04-09,B,P03,P03_L03,SKU004,480,55,0,425,56.693,373,360,13,52.659
PR00002400,WO00002400,2026-04-09,C,P03,P03_L03,SKU004,480,49,60,371,56.693,295,285,10,47.709
PR00002401,WO00002401,2026-04-10,A,P01,P01_L01,SKU004,480,26,0,454,56.693,390,375,15,51.542
PR00002402,WO00002402,2026-04-10,B,P01,P01_L01,SKU001,480,18,0,462,49.793,339,330,9,44.026
PR00002403,WO00002403,2026-04-10,C,P01,P01_L01,SKU005,480,0,33,447,50.42,309,301,8,41.477
PR00002404,WO00002404,2026-04-10,A,P01,P01_L02,SKU006,480,21,0,459,54.878,401,389,12,52.418
PR00002405,WO00002405,2026-04-10,B,P01,P01_L02,SKU001,480,0,0,480,49.793,357,347,10,44.625
PR00002406,WO00002406,2026-04-10,C,P01,P01_L02,SKU004,480,21,0,459,56.693,353,337,16,46.144
PR00002407,WO00002407,2026-04-10,A,P01,P01_L03,SKU004,480,0,0,480,56.693,408,391,17,51.0
PR00002408,WO00002408,2026-04-10,B,P01,P01_L03,SKU003,480,0,0,480,61.962,464,452,12,58.0
PR00002409,WO00002409,2026-04-10,C,P01,P01_L03,SKU005,480,0,0,480,50.42,317,310,7,39.625
PR00002410,WO00002410,2026-04-10,A,P02,P02_L01,SKU002,480,22,0,458,48.8,313,301,12,41.004
PR00002411,WO00002411,2026-04-10,B,P02,P02_L01,SKU003,480,34,15,431,48.8,310,307,3,43.155
PR00002412,WO00002412,2026-04-10,C,P02,P02_L01,SKU003,480,77,0,403,48.8,308,299,9,45.856
PR00002413,WO00002413,2026-04-10,A,P02,P02_L02,SKU006,480,0,0,480,54.878,419,408,11,52.375
PR00002414,WO00002414,2026-04-10,B,P02,P02_L02,SKU002,480,0,28,452,55.9,347,335,12,46.062
PR00002415,WO00002415,2026-04-10,C,P02,P02_L02,SKU004,480,23,0,457,55.9,357,343,14,46.871
PR00002416,WO00002416,2026-04-10,A,P02,P02_L03,SKU003,480,34,0,446,47.0,321,313,8,43.184
PR00002417,WO00002417,2026-04-10,B,P02,P02_L03,SKU003,480,0,0,480,47.0,326,320,6,40.75
PR00002418,WO00002418,2026-04-10,C,P02,P02_L03,SKU003,480,0,50,430,47.0,292,284,8,40.744
PR00002419,WO00002419,2026-04-10,A,P03,P03_L01,SKU004,480,27,0,453,56.693,376,365,11,49.801
PR00002420,WO00002420,2026-04-10,B,P03,P03_L01,SKU004,480,0,19,461,56.693,392,379,13,51.02
PR00002421,WO00002421,2026-04-10,C,P03,P03_L01,SKU001,480,0,0,480,49.793,343,333,10,42.875
PR00002422,WO00002422,2026-04-10,A,P03,P03_L02,SKU008,480,19,0,461,56.6,379,374,5,49.328
PR00002423,WO00002423,2026-04-10,B,P03,P03_L02,SKU001,480,18,0,462,49.793,324,317,7,42.078
PR00002424,WO00002424,2026-04-10,C,P03,P03_L02,SKU001,480,0,0,480,49.793,334,325,9,41.75
PR00002425,WO00002425,2026-04-10,A,P03,P03_L03,SKU001,480,22,0,458,49.793,344,340,4,45.066
PR00002426,WO00002426,2026-04-10,B,P03,P03_L03,SKU001,480,0,0,480,49.793,352,348,4,44.0
PR00002427,WO00002427,2026-04-10,C,P03,P03_L03,SKU004,480,0,12,468,56.693,368,354,14,47.179
PR00002428,WO00002428,2026-04-11,B,P01,P01_L01,SKU005,480,0,0,480,50.42,331,323,8,41.375
PR00002429,WO00002429,2026-04-11,A,P01,P01_L02,SKU001,480,39,0,441,49.793,316,308,8,42.993
PR00002430,WO00002430,2026-04-11,B,P01,P01_L02,SKU001,480,0,33,447,49.793,310,300,10,41.611
PR00002431,WO00002431,2026-04-11,B,P01,P01_L03,SKU008,480,17,21,442,60.302,382,377,5,51.855
PR00002432,WO00002432,2026-04-11,C,P01,P01_L03,SKU004,480,63,21,396,56.693,322,311,11,48.788
PR00002433,WO00002433,2026-04-11,A,P02,P02_L01,SKU006,480,0,25,455,48.8,366,355,11,48.264
PR00002434,WO00002434,2026-04-11,C,P02,P02_L01,SKU003,480,0,0,480,48.8,327,317,10,40.875
PR00002435,WO00002435,2026-04-11,A,P02,P02_L02,SKU002,480,0,73,407,55.9,339,327,12,49.975
PR00002436,WO00002436,2026-04-11,B,P02,P02_L02,SKU002,480,0,79,401,55.9,297,285,12,44.439
PR00002437,WO00002437,2026-04-11,B,P02,P02_L03,SKU007,480,0,0,480,47.0,324,319,5,40.5
PR00002438,WO00002438,2026-04-11,C,P02,P02_L03,SKU007,480,0,0,480,47.0,294,289,5,36.75
PR00002439,WO00002439,2026-04-11,C,P03,P03_L01,SKU003,480,26,0,454,57.7,377,368,9,49.824
PR00002440,WO00002440,2026-04-11,B,P03,P03_L02,SKU002,480,0,61,419,56.6,313,304,9,44.821
PR00002441,WO00002441,2026-04-11,C,P03,P03_L02,SKU006,480,23,0,457,54.878,358,348,10,47.002
PR00002442,WO00002442,2026-04-12,A,P01,P01_L01,SKU005,480,18,0,462,50.42,332,324,8,43.117
PR00002443,WO00002443,2026-04-12,B,P01,P01_L01,SKU005,480,0,0,480,50.42,325,315,10,40.625
PR00002444,WO00002444,2026-04-12,C,P01,P01_L01,SKU007,480,0,0,480,69.9,465,458,7,58.125
PR00002445,WO00002445,2026-04-12,A,P01,P01_L02,SKU002,480,0,0,480,65.2,452,435,17,56.5
PR00002446,WO00002446,2026-04-12,C,P01,P01_L03,SKU003,480,0,12,468,61.962,429,416,13,55.0
PR00002447,WO00002447,2026-04-12,B,P02,P02_L01,SKU001,480,0,0,480,48.8,357,350,7,44.625
PR00002448,WO00002448,2026-04-12,C,P02,P02_L01,SKU001,480,0,23,457,48.8,288,282,6,37.812
PR00002449,WO00002449,2026-04-12,A,P02,P02_L02,SKU002,480,0,0,480,55.9,394,383,11,49.25
PR00002450,WO00002450,2026-04-12,B,P02,P02_L02,SKU004,480,26,15,439,55.9,363,349,14,49.613
PR00002451,WO00002451,2026-04-12,C,P02,P02_L02,SKU002,480,0,6,474,55.9,351,336,15,44.43
PR00002452,WO00002452,2026-04-12,A,P02,P02_L03,SKU004,480,29,0,451,47.0,313,301,12,41.641
PR00002453,WO00002453,2026-04-12,C,P02,P02_L03,SKU003,480,26,6,448,47.0,292,284,8,39.107
PR00002454,WO00002454,2026-04-12,B,P03,P03_L01,SKU006,480,0,0,480,54.878,411,401,10,51.375
PR00002455,WO00002455,2026-04-12,C,P03,P03_L01,SKU004,480,24,0,456,56.693,356,343,13,46.842
PR00002456,WO00002456,2026-04-12,A,P03,P03_L02,SKU001,480,0,24,456,49.793,343,336,7,45.132
PR00002457,WO00002457,2026-04-12,B,P03,P03_L02,SKU002,480,48,0,432,56.6,356,343,13,49.444
PR00002458,WO00002458,2026-04-12,C,P03,P03_L02,SKU006,480,56,0,424,54.878,322,311,11,45.566
PR00002459,WO00002459,2026-04-12,B,P03,P03_L03,SKU001,480,0,0,480,49.793,338,332,6,42.25
PR00002460,WO00002460,2026-04-12,C,P03,P03_L03,SKU001,480,42,0,438,49.793,291,283,8,39.863
PR00002461,WO00002461,2026-04-13,A,P01,P01_L01,SKU001,480,0,0,480,49.793,372,366,6,46.5
PR00002462,WO00002462,2026-04-13,B,P01,P01_L01,SKU004,480,74,0,406,56.693,329,317,12,48.621
PR00002463,WO00002463,2026-04-13,C,P01,P01_L01,SKU005,480,0,0,480,50.42,333,326,7,41.625
PR00002464,WO00002464,2026-04-13,A,P01,P01_L02,SKU001,480,20,0,460,49.793,343,331,12,44.739
PR00002465,WO00002465,2026-04-13,B,P01,P01_L02,SKU001,480,38,0,442,49.793,323,313,10,43.846
PR00002466,WO00002466,2026-04-13,C,P01,P01_L02,SKU006,480,0,0,480,54.878,400,385,15,50.0
PR00002467,WO00002467,2026-04-13,A,P01,P01_L03,SKU003,480,0,0,480,61.962,474,459,15,59.25
PR00002468,WO00002468,2026-04-13,B,P01,P01_L03,SKU004,480,40,0,440,56.693,356,340,16,48.545
PR00002469,WO00002469,2026-04-13,C,P01,P01_L03,SKU004,480,44,16,420,56.693,335,322,13,47.857
PR00002470,WO00002470,2026-04-13,A,P02,P02_L01,SKU001,480,26,0,454,48.8,337,329,8,44.537
PR00002471,WO00002471,2026-04-13,B,P02,P02_L01,SKU003,480,0,0,480,48.8,331,323,8,41.375
PR00002472,WO00002472,2026-04-13,C,P02,P02_L01,SKU005,480,0,0,480,48.8,302,295,7,37.75
PR00002473,WO00002473,2026-04-13,A,P02,P02_L02,SKU006,480,19,0,461,54.878,389,379,10,50.629
PR00002474,WO00002474,2026-04-13,B,P02,P02_L02,SKU002,480,0,0,480,55.9,384,369,15,48.0
PR00002475,WO00002475,2026-04-13,C,P02,P02_L02,SKU008,480,0,0,480,55.9,350,345,5,43.75
PR00002476,WO00002476,2026-04-13,A,P02,P02_L03,SKU002,480,28,17,435,47.0,295,284,11,40.69
PR00002477,WO00002477,2026-04-13,B,P02,P02_L03,SKU003,480,12,18,450,47.0,315,309,6,42.0
PR00002478,WO00002478,2026-04-13,C,P02,P02_L03,SKU005,480,17,0,463,47.0,273,266,7,35.378
PR00002479,WO00002479,2026-04-13,A,P03,P03_L01,SKU001,480,0,0,480,49.793,366,357,9,45.75
PR00002480,WO00002480,2026-04-13,B,P03,P03_L01,SKU001,480,0,0,480,49.793,356,348,8,44.5
PR00002481,WO00002481,2026-04-13,C,P03,P03_L01,SKU001,480,0,19,461,49.793,324,318,6,42.169
PR00002482,WO00002482,2026-04-13,A,P03,P03_L02,SKU006,480,16,39,425,54.878,350,343,7,49.412
PR00002483,WO00002483,2026-04-13,B,P03,P03_L02,SKU006,480,24,0,456,54.878,389,380,9,51.184
PR00002484,WO00002484,2026-04-13,C,P03,P03_L02,SKU001,480,73,13,394,49.793,297,288,9,45.228
PR00002485,WO00002485,2026-04-13,A,P03,P03_L03,SKU001,480,0,0,480,49.793,341,333,8,42.625
PR00002486,WO00002486,2026-04-13,B,P03,P03_L03,SKU001,480,77,0,403,49.793,303,294,9,45.112
PR00002487,WO00002487,2026-04-13,C,P03,P03_L03,SKU004,480,0,0,480,56.693,367,356,11,45.875
PR00002488,WO00002488,2026-04-14,A,P01,P01_L01,SKU001,480,0,0,480,49.793,359,352,7,44.875
PR00002489,WO00002489,2026-04-14,B,P01,P01_L01,SKU007,480,26,0,454,69.9,441,435,6,58.282
PR00002490,WO00002490,2026-04-14,C,P01,P01_L01,SKU001,480,0,0,480,49.793,352,343,9,44.0
PR00002491,WO00002491,2026-04-14,A,P01,P01_L02,SKU003,480,35,0,445,61.962,431,422,9,58.112
PR00002492,WO00002492,2026-04-14,B,P01,P01_L02,SKU001,480,0,0,480,49.793,360,349,11,45.0
PR00002493,WO00002493,2026-04-14,C,P01,P01_L02,SKU008,480,0,48,432,60.302,333,326,7,46.25
PR00002494,WO00002494,2026-04-14,A,P01,P01_L03,SKU003,480,0,0,480,61.962,470,463,7,58.75
PR00002495,WO00002495,2026-04-14,B,P01,P01_L03,SKU008,480,0,0,480,60.302,403,395,8,50.375
PR00002496,WO00002496,2026-04-14,C,P01,P01_L03,SKU003,480,25,0,455,61.962,411,398,13,54.198
PR00002497,WO00002497,2026-04-14,A,P02,P02_L01,SKU005,480,16,0,464,48.8,339,330,9,43.836
PR00002498,WO00002498,2026-04-14,B,P02,P02_L01,SKU002,480,0,0,480,48.8,317,304,13,39.625
PR00002499,WO00002499,2026-04-14,C,P02,P02_L01,SKU006,480,0,0,480,48.8,344,335,9,43.0
PR00002500,WO00002500,2026-04-14,A,P02,P02_L02,SKU006,480,0,0,480,54.878,417,405,12,52.125
PR00002501,WO00002501,2026-04-14,B,P02,P02_L02,SKU002,480,0,0,480,55.9,363,350,13,45.375
PR00002502,WO00002502,2026-04-14,C,P02,P02_L02,SKU002,480,37,0,443,55.9,306,295,11,41.445
PR00002503,WO00002503,2026-04-14,A,P02,P02_L03,SKU007,480,43,0,437,47.0,303,298,5,41.602
PR00002504,WO00002504,2026-04-14,B,P02,P02_L03,SKU003,480,0,0,480,47.0,342,335,7,42.75
PR00002505,WO00002505,2026-04-14,C,P02,P02_L03,SKU004,480,20,34,426,47.0,274,264,10,38.592
PR00002506,WO00002506,2026-04-14,A,P03,P03_L01,SKU001,480,0,0,480,49.793,364,356,8,45.5
PR00002507,WO00002507,2026-04-14,B,P03,P03_L01,SKU001,480,17,0,463,49.793,332,324,8,43.024
PR00002508,WO00002508,2026-04-14,C,P03,P03_L01,SKU003,480,0,13,467,57.7,391,386,5,50.236
PR00002509,WO00002509,2026-04-14,A,P03,P03_L02,SKU001,480,0,0,480,49.793,344,339,5,43.0
PR00002510,WO00002510,2026-04-14,B,P03,P03_L02,SKU001,480,15,0,465,49.793,340,331,9,43.871
PR00002511,WO00002511,2026-04-14,C,P03,P03_L02,SKU006,480,32,0,448,54.878,369,355,14,49.42
PR00002512,WO00002512,2026-04-14,A,P03,P03_L03,SKU001,480,24,117,339,49.793,249,244,5,44.071
PR00002513,WO00002513,2026-04-14,B,P03,P03_L03,SKU003,480,0,0,480,58.1,428,418,10,53.5
PR00002514,WO00002514,2026-04-14,C,P03,P03_L03,SKU003,480,0,0,480,58.1,395,386,9,49.375
PR00002515,WO00002515,2026-04-15,A,P01,P01_L01,SKU001,480,31,0,449,49.793,334,324,10,44.633
PR00002516,WO00002516,2026-04-15,B,P01,P01_L01,SKU006,480,0,0,480,54.878,413,399,14,51.625
PR00002517,WO00002517,2026-04-15,C,P01,P01_L01,SKU005,480,0,0,480,50.42,318,309,9,39.75
PR00002518,WO00002518,2026-04-15,A,P01,P01_L02,SKU001,480,33,0,447,49.793,352,344,8,47.248
PR00002519,WO00002519,2026-04-15,B,P01,P01_L02,SKU001,480,0,0,480,49.793,353,342,11,44.125
PR00002520,WO00002520,2026-04-15,C,P01,P01_L02,SKU001,480,0,0,480,49.793,331,321,10,41.375
PR00002521,WO00002521,2026-04-15,A,P01,P01_L03,SKU003,480,30,0,450,61.962,434,428,6,57.867
PR00002522,WO00002522,2026-04-15,B,P01,P01_L03,SKU007,480,0,58,422,74.2,464,456,8,65.972
PR00002523,WO00002523,2026-04-15,C,P01,P01_L03,SKU003,480,0,0,480,61.962,424,412,12,53.0
PR00002524,WO00002524,2026-04-15,A,P02,P02_L01,SKU001,480,52,0,428,48.8,311,305,6,43.598
PR00002525,WO00002525,2026-04-15,B,P02,P02_L01,SKU006,480,21,0,459,48.8,322,312,10,42.092
PR00002526,WO00002526,2026-04-15,C,P02,P02_L01,SKU003,480,0,34,446,48.8,304,298,6,40.897
PR00002527,WO00002527,2026-04-15,A,P02,P02_L02,SKU002,480,31,52,397,55.9,319,307,12,48.212
PR00002528,WO00002528,2026-04-15,B,P02,P02_L02,SKU002,480,33,0,447,55.9,337,324,13,45.235
PR00002529,WO00002529,2026-04-15,C,P02,P02_L02,SKU002,480,24,21,435,55.9,327,313,14,45.103
PR00002530,WO00002530,2026-04-15,A,P02,P02_L03,SKU005,480,0,32,448,47.0,297,292,5,39.777
PR00002531,WO00002531,2026-04-15,B,P02,P02_L03,SKU001,480,47,0,433,47.0,295,289,6,40.878
PR00002532,WO00002532,2026-04-15,C,P02,P02_L03,SKU007,480,0,0,480,47.0,308,302,6,38.5
PR00002533,WO00002533,2026-04-15,A,P03,P03_L01,SKU001,480,0,0,480,49.793,384,376,8,48.0
PR00002534,WO00002534,2026-04-15,B,P03,P03_L01,SKU003,480,0,0,480,57.7,423,416,7,52.875
PR00002535,WO00002535,2026-04-15,C,P03,P03_L01,SKU003,480,33,0,447,57.7,382,375,7,51.275
PR00002536,WO00002536,2026-04-15,A,P03,P03_L02,SKU006,480,0,0,480,54.878,412,401,11,51.5
PR00002537,WO00002537,2026-04-15,B,P03,P03_L02,SKU006,480,0,56,424,54.878,332,325,7,46.981
PR00002538,WO00002538,2026-04-15,C,P03,P03_L02,SKU004,480,0,0,480,56.6,396,381,15,49.5
PR00002539,WO00002539,2026-04-15,A,P03,P03_L03,SKU004,480,0,28,452,56.693,395,383,12,52.434
PR00002540,WO00002540,2026-04-15,B,P03,P03_L03,SKU001,480,0,0,480,49.793,351,342,9,43.875
PR00002541,WO00002541,2026-04-15,C,P03,P03_L03,SKU003,480,26,0,454,58.1,363,356,7,47.974
PR00002542,WO00002542,2026-04-16,A,P01,P01_L01,SKU005,480,0,0,480,50.42,343,335,8,42.875
PR00002543,WO00002543,2026-04-16,B,P01,P01_L01,SKU005,480,59,0,421,50.42,309,301,8,44.038
PR00002544,WO00002544,2026-04-16,C,P01,P01_L01,SKU007,480,0,7,473,69.9,495,489,6,62.791
PR00002545,WO00002545,2026-04-16,A,P01,P01_L02,SKU008,480,0,21,459,60.302,403,395,8,52.68
PR00002546,WO00002546,2026-04-16,B,P01,P01_L02,SKU008,480,0,0,480,60.302,415,404,11,51.875
PR00002547,WO00002547,2026-04-16,C,P01,P01_L02,SKU008,480,21,0,459,60.302,391,380,11,51.111
PR00002548,WO00002548,2026-04-16,A,P01,P01_L03,SKU008,480,0,0,480,60.302,409,402,7,51.125
PR00002549,WO00002549,2026-04-16,B,P01,P01_L03,SKU008,480,0,0,480,60.302,424,415,9,53.0
PR00002550,WO00002550,2026-04-16,C,P01,P01_L03,SKU008,480,17,0,463,60.302,382,374,8,49.503
PR00002551,WO00002551,2026-04-16,A,P02,P02_L01,SKU005,480,0,22,458,48.8,332,326,6,43.493
PR00002552,WO00002552,2026-04-16,B,P02,P02_L01,SKU001,480,49,0,431,48.8,302,293,9,42.042
PR00002553,WO00002553,2026-04-16,C,P02,P02_L01,SKU003,480,0,0,480,48.8,319,312,7,39.875
PR00002554,WO00002554,2026-04-16,A,P02,P02_L02,SKU001,480,0,0,480,49.793,353,346,7,44.125
PR00002555,WO00002555,2026-04-16,B,P02,P02_L02,SKU002,480,0,0,480,55.9,352,338,14,44.0
PR00002556,WO00002556,2026-04-16,C,P02,P02_L02,SKU004,480,0,11,469,55.9,356,341,15,45.544
PR00002557,WO00002557,2026-04-16,A,P02,P02_L03,SKU005,480,0,0,480,47.0,308,303,5,38.5
PR00002558,WO00002558,2026-04-16,B,P02,P02_L03,SKU003,480,0,0,480,47.0,362,353,9,45.25
PR00002559,WO00002559,2026-04-16,C,P02,P02_L03,SKU007,480,0,15,465,47.0,311,307,4,40.129
PR00002560,WO00002560,2026-04-16,A,P03,P03_L01,SKU004,480,31,38,411,56.693,367,354,13,53.577
PR00002561,WO00002561,2026-04-16,B,P03,P03_L01,SKU003,480,0,0,480,57.7,395,385,10,49.375
PR00002562,WO00002562,2026-04-16,C,P03,P03_L01,SKU005,480,0,0,480,50.42,320,313,7,40.0
PR00002563,WO00002563,2026-04-16,A,P03,P03_L02,SKU008,480,0,0,480,56.6,384,380,4,48.0
PR00002564,WO00002564,2026-04-16,B,P03,P03_L02,SKU004,480,36,0,444,56.6,398,385,13,53.784
PR00002565,WO00002565,2026-04-16,C,P03,P03_L02,SKU006,480,19,11,450,54.878,345,335,10,46.0
PR00002566,WO00002566,2026-04-16,A,P03,P03_L03,SKU004,480,0,0,480,56.693,408,394,14,51.0
PR00002567,WO00002567,2026-04-16,B,P03,P03_L03,SKU004,480,0,0,480,56.693,394,379,15,49.25
PR00002568,WO00002568,2026-04-16,C,P03,P03_L03,SKU008,480,31,0,449,58.1,363,359,4,48.508
PR00002569,WO00002569,2026-04-17,A,P01,P01_L01,SKU006,480,33,0,447,54.878,410,394,16,55.034
PR00002570,WO00002570,2026-04-17,B,P01,P01_L01,SKU001,480,0,0,480,49.793,369,359,10,46.125
PR00002571,WO00002571,2026-04-17,C,P01,P01_L01,SKU005,480,25,0,455,50.42,317,307,10,41.802
PR00002572,WO00002572,2026-04-17,A,P01,P01_L02,SKU006,480,0,0,480,54.878,407,395,12,50.875
PR00002573,WO00002573,2026-04-17,B,P01,P01_L02,SKU001,480,50,121,309,49.793,237,230,7,46.019
PR00002574,WO00002574,2026-04-17,C,P01,P01_L02,SKU004,480,0,65,415,56.693,333,320,13,48.145
PR00002575,WO00002575,2026-04-17,A,P01,P01_L03,SKU008,480,15,0,465,60.302,403,394,9,52.0
PR00002576,WO00002576,2026-04-17,B,P01,P01_L03,SKU008,480,0,0,480,60.302,409,400,9,51.125
PR00002577,WO00002577,2026-04-17,C,P01,P01_L03,SKU004,480,0,0,480,56.693,370,353,17,46.25
PR00002578,WO00002578,2026-04-17,A,P02,P02_L01,SKU003,480,27,34,419,48.8,299,295,4,42.816
PR00002579,WO00002579,2026-04-17,B,P02,P02_L01,SKU003,480,31,0,449,48.8,319,312,7,42.628
PR00002580,WO00002580,2026-04-17,C,P02,P02_L01,SKU001,480,0,0,480,48.8,319,311,8,39.875
PR00002581,WO00002581,2026-04-17,A,P02,P02_L02,SKU006,480,28,0,452,54.878,386,374,12,51.239
PR00002582,WO00002582,2026-04-17,B,P02,P02_L02,SKU002,480,0,0,480,55.9,383,371,12,47.875
PR00002583,WO00002583,2026-04-17,C,P02,P02_L02,SKU005,480,0,0,480,50.42,311,303,8,38.875
PR00002584,WO00002584,2026-04-17,A,P02,P02_L03,SKU003,480,0,0,480,47.0,333,324,9,41.625
PR00002585,WO00002585,2026-04-17,B,P02,P02_L03,SKU002,480,20,0,460,47.0,285,274,11,37.174
PR00002586,WO00002586,2026-04-17,C,P02,P02_L03,SKU007,480,39,0,441,47.0,286,280,6,38.912
PR00002587,WO00002587,2026-04-17,A,P03,P03_L01,SKU001,480,0,4,476,49.793,350,344,6,44.118
PR00002588,WO00002588,2026-04-17,B,P03,P03_L01,SKU003,480,21,0,459,57.7,382,378,4,49.935
PR00002589,WO00002589,2026-04-17,C,P03,P03_L01,SKU001,480,0,0,480,49.793,332,324,8,41.5
PR00002590,WO00002590,2026-04-17,A,P03,P03_L02,SKU002,480,19,82,379,56.6,310,298,12,49.077
PR00002591,WO00002591,2026-04-17,B,P03,P03_L02,SKU006,480,0,0,480,54.878,409,394,15,51.125
PR00002592,WO00002592,2026-04-17,C,P03,P03_L02,SKU001,480,17,0,463,49.793,302,296,6,39.136
PR00002593,WO00002593,2026-04-17,A,P03,P03_L03,SKU001,480,40,0,440,49.793,304,296,8,41.455
PR00002594,WO00002594,2026-04-17,B,P03,P03_L03,SKU003,480,0,0,480,58.1,421,412,9,52.625
PR00002595,WO00002595,2026-04-17,C,P03,P03_L03,SKU003,480,0,0,480,58.1,403,396,7,50.375
PR00002596,WO00002596,2026-04-18,B,P01,P01_L01,SKU002,480,34,0,446,69.9,452,433,19,60.807
PR00002597,WO00002597,2026-04-18,C,P01,P01_L01,SKU001,480,0,0,480,49.793,338,328,10,42.25
PR00002598,WO00002598,2026-04-18,B,P01,P01_L02,SKU001,480,0,0,480,49.793,350,341,9,43.75
PR00002599,WO00002599,2026-04-18,C,P01,P01_L02,SKU001,480,0,0,480,49.793,347,339,8,43.375
PR00002600,WO00002600,2026-04-18,A,P01,P01_L03,SKU008,480,35,0,445,60.302,405,397,8,54.607
PR00002601,WO00002601,2026-04-18,B,P02,P02_L01,SKU003,480,0,0,480,48.8,351,344,7,43.875
PR00002602,WO00002602,2026-04-18,C,P02,P02_L01,SKU006,480,24,0,456,48.8,301,290,11,39.605
PR00002603,WO00002603,2026-04-18,B,P02,P02_L02,SKU003,480,0,34,446,55.9,372,366,6,50.045
PR00002604,WO00002604,2026-04-18,A,P02,P02_L03,SKU007,480,0,0,480,47.0,330,326,4,41.25
PR00002605,WO00002605,2026-04-18,B,P02,P02_L03,SKU005,480,0,0,480,47.0,322,314,8,40.25
PR00002606,WO00002606,2026-04-18,C,P02,P02_L03,SKU003,480,54,0,426,47.0,286,280,6,40.282
PR00002607,WO00002607,2026-04-18,A,P03,P03_L01,SKU001,480,0,0,480,49.793,348,341,7,43.5
PR00002608,WO00002608,2026-04-18,B,P03,P03_L01,SKU004,480,0,0,480,56.693,376,363,13,47.0
PR00002609,WO00002609,2026-04-18,C,P03,P03_L01,SKU004,480,21,0,459,56.693,367,353,14,47.974
PR00002610,WO00002610,2026-04-18,A,P03,P03_L02,SKU008,480,0,33,447,56.6,328,325,3,44.027
PR00002611,WO00002611,2026-04-18,B,P03,P03_L02,SKU001,480,23,0,457,49.793,311,304,7,40.832
PR00002612,WO00002612,2026-04-18,B,P03,P03_L03,SKU006,480,0,0,480,54.878,383,370,13,47.875
PR00002613,WO00002613,2026-04-19,C,P01,P01_L01,SKU004,480,23,10,447,56.693,357,341,16,47.919
PR00002614,WO00002614,2026-04-19,A,P01,P01_L02,SKU006,480,48,0,432,54.878,383,372,11,53.194
PR00002615,WO00002615,2026-04-19,C,P01,P01_L02,SKU008,480,25,0,455,60.302,382,375,7,50.374
PR00002616,WO00002616,2026-04-19,A,P02,P02_L01,SKU005,480,0,0,480,48.8,327,320,7,40.875
PR00002617,WO00002617,2026-04-19,B,P02,P02_L01,SKU003,480,60,0,420,48.8,288,284,4,41.143
PR00002618,WO00002618,2026-04-19,C,P02,P02_L01,SKU006,480,0,0,480,48.8,312,302,10,39.0
PR00002619,WO00002619,2026-04-19,A,P02,P02_L02,SKU004,480,0,0,480,55.9,410,395,15,51.25
PR00002620,WO00002620,2026-04-19,C,P02,P02_L02,SKU002,480,31,0,449,55.9,311,298,13,41.559
PR00002621,WO00002621,2026-04-19,A,P02,P02_L03,SKU007,480,0,0,480,47.0,315,310,5,39.375
PR00002622,WO00002622,2026-04-19,B,P02,P02_L03,SKU007,480,17,0,463,47.0,309,305,4,40.043
PR00002623,WO00002623,2026-04-19,C,P02,P02_L03,SKU007,480,32,0,448,47.0,286,282,4,38.304
PR00002624,WO00002624,2026-04-19,A,P03,P03_L01,SKU004,480,43,0,437,56.693,362,350,12,49.703
PR00002625,WO00002625,2026-04-19,B,P03,P03_L01,SKU001,480,0,123,357,49.793,240,234,6,40.336
PR00002626,WO00002626,2026-04-19,B,P03,P03_L02,SKU008,480,0,0,480,56.6,356,350,6,44.5
PR00002627,WO00002627,2026-04-19,C,P03,P03_L02,SKU001,480,41,0,439,49.793,302,295,7,41.276
PR00002628,WO00002628,2026-04-19,A,P03,P03_L03,SKU006,480,0,0,480,54.878,427,419,8,53.375
PR00002629,WO00002629,2026-04-19,C,P03,P03_L03,SKU004,480,0,0,480,56.693,371,358,13,46.375
PR00002630,WO00002630,2026-04-20,A,P01,P01_L01,SKU001,480,0,0,480,49.793,391,378,13,48.875
PR00002631,WO00002631,2026-04-20,B,P01,P01_L01,SKU005,480,0,0,480,50.42,357,348,9,44.625
PR00002632,WO00002632,2026-04-20,C,P01,P01_L01,SKU001,480,0,0,480,49.793,319,308,11,39.875
PR00002633,WO00002633,2026-04-20,A,P01,P01_L02,SKU001,480,30,0,450,49.793,335,326,9,44.667
PR00002634,WO00002634,2026-04-20,B,P01,P01_L02,SKU001,480,0,44,436,49.793,301,291,10,41.422
PR00002635,WO00002635,2026-04-20,C,P01,P01_L02,SKU004,480,0,0,480,56.693,413,395,18,51.625
PR00002636,WO00002636,2026-04-20,A,P01,P01_L03,SKU003,480,0,0,480,61.962,460,448,12,57.5
PR00002637,WO00002637,2026-04-20,B,P01,P01_L03,SKU008,480,41,0,439,60.302,392,385,7,53.576
PR00002638,WO00002638,2026-04-20,C,P01,P01_L03,SKU008,480,0,0,480,60.302,397,389,8,49.625
PR00002639,WO00002639,2026-04-20,A,P02,P02_L01,SKU001,480,0,21,459,48.8,334,328,6,43.66
PR00002640,WO00002640,2026-04-20,B,P02,P02_L01,SKU004,480,0,0,480,48.8,338,326,12,42.25
PR00002641,WO00002641,2026-04-20,C,P02,P02_L01,SKU002,480,0,0,480,48.8,294,285,9,36.75
PR00002642,WO00002642,2026-04-20,A,P02,P02_L02,SKU001,480,0,0,480,49.793,377,368,9,47.125
PR00002643,WO00002643,2026-04-20,B,P02,P02_L02,SKU002,480,52,75,353,55.9,276,266,10,46.912
PR00002644,WO00002644,2026-04-20,C,P02,P02_L02,SKU006,480,0,0,480,54.878,396,382,14,49.5
PR00002645,WO00002645,2026-04-20,A,P02,P02_L03,SKU007,480,42,0,438,47.0,297,294,3,40.685
PR00002646,WO00002646,2026-04-20,B,P02,P02_L03,SKU003,480,0,17,463,47.0,331,321,10,42.894
PR00002647,WO00002647,2026-04-20,C,P02,P02_L03,SKU007,480,27,0,453,47.0,278,274,4,36.821
PR00002648,WO00002648,2026-04-20,A,P03,P03_L01,SKU001,480,0,47,433,49.793,322,315,7,44.619
PR00002649,WO00002649,2026-04-20,B,P03,P03_L01,SKU001,480,0,0,480,49.793,324,317,7,40.5
PR00002650,WO00002650,2026-04-20,C,P03,P03_L01,SKU003,480,0,0,480,57.7,421,410,11,52.625
PR00002651,WO00002651,2026-04-20,A,P03,P03_L02,SKU008,480,76,0,404,56.6,331,327,4,49.158
PR00002652,WO00002652,2026-04-20,B,P03,P03_L02,SKU006,480,77,21,382,54.878,306,296,10,48.063
PR00002653,WO00002653,2026-04-20,C,P03,P03_L02,SKU008,480,0,0,480,56.6,380,372,8,47.5
PR00002654,WO00002654,2026-04-20,A,P03,P03_L03,SKU001,480,30,0,450,49.793,353,345,8,47.067
PR00002655,WO00002655,2026-04-20,B,P03,P03_L03,SKU004,480,0,0,480,56.693,392,376,16,49.0
PR00002656,WO00002656,2026-04-20,C,P03,P03_L03,SKU001,480,0,0,480,49.793,331,325,6,41.375
PR00002657,WO00002657,2026-04-21,A,P01,P01_L01,SKU001,480,0,0,480,49.793,376,367,9,47.0
PR00002658,WO00002658,2026-04-21,B,P01,P01_L01,SKU002,480,0,0,480,69.9,481,458,23,60.125
PR00002659,WO00002659,2026-04-21,C,P01,P01_L01,SKU007,480,25,0,455,69.9,449,445,4,59.209
PR00002660,WO00002660,2026-04-21,A,P01,P01_L02,SKU004,480,0,0,480,56.693,420,403,17,52.5
PR00002661,WO00002661,2026-04-21,B,P01,P01_L02,SKU004,480,0,0,480,56.693,432,411,21,54.0
PR00002662,WO00002662,2026-04-21,C,P01,P01_L02,SKU001,480,0,0,480,49.793,323,312,11,40.375
PR00002663,WO00002663,2026-04-21,A,P01,P01_L03,SKU004,480,30,0,450,56.693,389,375,14,51.867
PR00002664,WO00002664,2026-04-21,B,P01,P01_L03,SKU003,480,23,68,389,61.962,351,346,5,54.139
PR00002665,WO00002665,2026-04-21,C,P01,P01_L03,SKU004,480,41,0,439,56.693,373,357,16,50.979
PR00002666,WO00002666,2026-04-21,A,P02,P02_L01,SKU003,480,20,14,446,48.8,319,311,8,42.915
PR00002667,WO00002667,2026-04-21,B,P02,P02_L01,SKU001,480,0,0,480,48.8,346,337,9,43.25
PR00002668,WO00002668,2026-04-21,C,P02,P02_L01,SKU006,480,51,0,429,48.8,301,291,10,42.098
PR00002669,WO00002669,2026-04-21,A,P02,P02_L02,SKU002,480,25,0,455,55.9,358,346,12,47.209
PR00002670,WO00002670,2026-04-21,B,P02,P02_L02,SKU002,480,0,4,476,55.9,373,360,13,47.017
PR00002671,WO00002671,2026-04-21,C,P02,P02_L02,SKU002,480,0,28,452,55.9,332,317,15,44.071
PR00002672,WO00002672,2026-04-21,A,P02,P02_L03,SKU007,480,0,0,480,47.0,333,330,3,41.625
PR00002673,WO00002673,2026-04-21,B,P02,P02_L03,SKU001,480,0,14,466,47.0,323,315,8,41.588
PR00002674,WO00002674,2026-04-21,C,P02,P02_L03,SKU005,480,0,0,480,47.0,298,291,7,37.25
PR00002675,WO00002675,2026-04-21,A,P03,P03_L01,SKU001,480,0,0,480,49.793,353,344,9,44.125
PR00002676,WO00002676,2026-04-21,B,P03,P03_L01,SKU001,480,0,0,480,49.793,359,352,7,44.875
PR00002677,WO00002677,2026-04-21,C,P03,P03_L01,SKU001,480,21,0,459,49.793,311,303,8,40.654
PR00002678,WO00002678,2026-04-21,A,P03,P03_L02,SKU006,480,0,0,480,54.878,395,384,11,49.375
PR00002679,WO00002679,2026-04-21,B,P03,P03_L02,SKU008,480,0,0,480,56.6,369,362,7,46.125
PR00002680,WO00002680,2026-04-21,C,P03,P03_L02,SKU006,480,0,0,480,54.878,377,365,12,47.125
PR00002681,WO00002681,2026-04-21,A,P03,P03_L03,SKU007,480,36,0,444,58.1,385,380,5,52.027
PR00002682,WO00002682,2026-04-21,B,P03,P03_L03,SKU004,480,0,107,373,56.693,305,294,11,49.062
PR00002683,WO00002683,2026-04-21,C,P03,P03_L03,SKU003,480,0,0,480,58.1,391,380,11,48.875
PR00002684,WO00002684,2026-04-22,A,P01,P01_L01,SKU001,480,20,0,460,49.793,346,336,10,45.13
PR00002685,WO00002685,2026-04-22,B,P01,P01_L01,SKU007,480,0,0,480,69.9,462,457,5,57.75
PR00002686,WO00002686,2026-04-22,C,P01,P01_L01,SKU001,480,0,14,466,49.793,317,306,11,40.815
PR00002687,WO00002687,2026-04-22,A,P01,P01_L02,SKU001,480,36,0,444,49.793,313,307,6,42.297
PR00002688,WO00002688,2026-04-22,B,P01,P01_L02,SKU004,480,0,0,480,56.693,397,383,14,49.625
PR00002689,WO00002689,2026-04-22,C,P01,P01_L02,SKU001,480,37,0,443,49.793,312,303,9,42.257
PR00002690,WO00002690,2026-04-22,A,P01,P01_L03,SKU003,480,0,0,480,61.962,502,490,12,62.75
PR00002691,WO00002691,2026-04-22,B,P01,P01_L03,SKU003,480,19,0,461,61.962,432,422,10,56.226
PR00002692,WO00002692,2026-04-22,C,P01,P01_L03,SKU003,480,36,0,444,61.962,388,379,9,52.432
PR00002693,WO00002693,2026-04-22,A,P02,P02_L01,SKU003,480,14,0,466,48.8,331,322,9,42.618
PR00002694,WO00002694,2026-04-22,B,P02,P02_L01,SKU006,480,0,8,472,48.8,345,333,12,43.856
PR00002695,WO00002695,2026-04-22,C,P02,P02_L01,SKU005,480,25,10,445,48.8,276,268,8,37.213
PR00002696,WO00002696,2026-04-22,A,P02,P02_L02,SKU004,480,0,0,480,55.9,396,382,14,49.5
PR00002697,WO00002697,2026-04-22,B,P02,P02_L02,SKU004,480,0,0,480,55.9,395,383,12,49.375
PR00002698,WO00002698,2026-04-22,C,P02,P02_L02,SKU004,480,12,0,468,55.9,359,344,15,46.026
PR00002699,WO00002699,2026-04-22,A,P02,P02_L03,SKU007,480,0,0,480,47.0,332,328,4,41.5
PR00002700,WO00002700,2026-04-22,B,P02,P02_L03,SKU002,480,0,0,480,47.0,326,312,14,40.75
PR00002701,WO00002701,2026-04-22,C,P02,P02_L03,SKU001,480,0,85,395,47.0,243,237,6,36.911
PR00002702,WO00002702,2026-04-22,A,P03,P03_L01,SKU001,480,0,20,460,49.793,359,350,9,46.826
PR00002703,WO00002703,2026-04-22,B,P03,P03_L01,SKU001,480,0,0,480,49.793,344,335,9,43.0
PR00002704,WO00002704,2026-04-22,C,P03,P03_L01,SKU003,480,0,54,426,57.7,363,356,7,51.127
PR00002705,WO00002705,2026-04-22,A,P03,P03_L02,SKU008,480,0,0,480,56.6,370,365,5,46.25
PR00002706,WO00002706,2026-04-22,B,P03,P03_L02,SKU001,480,24,0,456,49.793,304,295,9,40.0
PR00002707,WO00002707,2026-04-22,C,P03,P03_L02,SKU006,480,0,0,480,54.878,379,369,10,47.375
PR00002708,WO00002708,2026-04-22,A,P03,P03_L03,SKU003,480,0,39,441,58.1,409,398,11,55.646
PR00002709,WO00002709,2026-04-22,B,P03,P03_L03,SKU001,480,28,0,452,49.793,335,327,8,44.469
PR00002710,WO00002710,2026-04-22,C,P03,P03_L03,SKU004,480,32,0,448,56.693,368,353,15,49.286
PR00002711,WO00002711,2026-04-23,A,P01,P01_L01,SKU007,480,0,42,438,69.9,453,449,4,62.055
PR00002712,WO00002712,2026-04-23,B,P01,P01_L01,SKU002,480,0,0,480,69.9,467,446,21,58.375
PR00002713,WO00002713,2026-04-23,C,P01,P01_L01,SKU006,480,0,0,480,54.878,387,373,14,48.375
PR00002714,WO00002714,2026-04-23,A,P01,P01_L02,SKU004,480,22,0,458,56.693,392,379,13,51.354
PR00002715,WO00002715,2026-04-23,B,P01,P01_L02,SKU001,480,0,0,480,49.793,355,345,10,44.375
PR00002716,WO00002716,2026-04-23,C,P01,P01_L02,SKU002,480,0,10,470,65.2,401,383,18,51.191
PR00002717,WO00002717,2026-04-23,A,P01,P01_L03,SKU003,480,0,0,480,61.962,491,475,16,61.375
PR00002718,WO00002718,2026-04-23,B,P01,P01_L03,SKU002,480,0,60,420,72.0,422,404,18,60.286
PR00002719,WO00002719,2026-04-23,C,P01,P01_L03,SKU004,480,30,0,450,56.693,363,350,13,48.4
PR00002720,WO00002720,2026-04-23,A,P02,P02_L01,SKU002,480,0,0,480,48.8,337,326,11,42.125
PR00002721,WO00002721,2026-04-23,B,P02,P02_L01,SKU001,480,0,0,480,48.8,353,345,8,44.125
PR00002722,WO00002722,2026-04-23,C,P02,P02_L01,SKU005,480,17,0,463,48.8,291,284,7,37.711
PR00002723,WO00002723,2026-04-23,A,P02,P02_L02,SKU007,480,31,0,449,55.9,362,356,6,48.374
PR00002724,WO00002724,2026-04-23,B,P02,P02_L02,SKU004,480,49,0,431,55.9,345,332,13,48.028
PR00002725,WO00002725,2026-04-23,C,P02,P02_L02,SKU004,480,21,0,459,55.9,344,330,14,44.967
PR00002726,WO00002726,2026-04-23,A,P02,P02_L03,SKU007,480,0,0,480,47.0,352,347,5,44.0
PR00002727,WO00002727,2026-04-23,B,P02,P02_L03,SKU003,480,0,96,384,47.0,278,273,5,43.438
PR00002728,WO00002728,2026-04-23,C,P02,P02_L03,SKU003,480,0,45,435,47.0,294,287,7,40.552
PR00002729,WO00002729,2026-04-23,A,P03,P03_L01,SKU003,480,35,0,445,57.7,403,399,4,54.337
PR00002730,WO00002730,2026-04-23,B,P03,P03_L01,SKU001,480,0,0,480,49.793,350,345,5,43.75
PR00002731,WO00002731,2026-04-23,C,P03,P03_L01,SKU004,480,33,0,447,56.693,349,337,12,46.846
PR00002732,WO00002732,2026-04-23,A,P03,P03_L02,SKU002,480,0,0,480,56.6,384,372,12,48.0
PR00002733,WO00002733,2026-04-23,B,P03,P03_L02,SKU002,480,18,0,462,56.6,381,365,16,49.481
PR00002734,WO00002734,2026-04-23,C,P03,P03_L02,SKU001,480,0,0,480,49.793,313,305,8,39.125
PR00002735,WO00002735,2026-04-23,A,P03,P03_L03,SKU006,480,39,0,441,54.878,369,358,11,50.204
PR00002736,WO00002736,2026-04-23,B,P03,P03_L03,SKU003,480,0,42,438,58.1,393,386,7,53.836
PR00002737,WO00002737,2026-04-23,C,P03,P03_L03,SKU004,480,0,0,480,56.693,384,368,16,48.0
PR00002738,WO00002738,2026-04-24,A,P01,P01_L01,SKU001,480,0,0,480,49.793,357,347,10,44.625
PR00002739,WO00002739,2026-04-24,B,P01,P01_L01,SKU004,480,0,0,480,56.693,404,389,15,50.5
PR00002740,WO00002740,2026-04-24,C,P01,P01_L01,SKU007,480,62,0,418,69.9,418,413,5,60.0
PR00002741,WO00002741,2026-04-24,A,P01,P01_L02,SKU001,480,53,0,427,49.793,326,317,9,45.808
PR00002742,WO00002742,2026-04-24,B,P01,P01_L02,SKU002,480,55,33,392,65.2,355,339,16,54.337
PR00002743,WO00002743,2026-04-24,C,P01,P01_L02,SKU001,480,0,0,480,49.793,350,339,11,43.75
PR00002744,WO00002744,2026-04-24,A,P01,P01_L03,SKU003,480,17,0,463,61.962,428,422,6,55.464
PR00002745,WO00002745,2026-04-24,B,P01,P01_L03,SKU003,480,0,0,480,61.962,477,465,12,59.625
PR00002746,WO00002746,2026-04-24,C,P01,P01_L03,SKU008,480,0,0,480,60.302,403,399,4,50.375
PR00002747,WO00002747,2026-04-24,A,P02,P02_L01,SKU002,480,0,0,480,48.8,317,304,13,39.625
PR00002748,WO00002748,2026-04-24,B,P02,P02_L01,SKU003,480,25,0,455,48.8,331,322,9,43.648
PR00002749,WO00002749,2026-04-24,C,P02,P02_L01,SKU006,480,31,0,449,48.8,319,308,11,42.628
PR00002750,WO00002750,2026-04-24,A,P02,P02_L02,SKU004,480,0,0,480,55.9,401,386,15,50.125
PR00002751,WO00002751,2026-04-24,B,P02,P02_L02,SKU004,480,0,0,480,55.9,360,349,11,45.0
PR00002752,WO00002752,2026-04-24,C,P02,P02_L02,SKU002,480,0,0,480,55.9,357,342,15,44.625
PR00002753,WO00002753,2026-04-24,A,P02,P02_L03,SKU006,480,15,11,454,47.0,347,338,9,45.859
PR00002754,WO00002754,2026-04-24,B,P02,P02_L03,SKU001,480,42,0,438,47.0,300,290,10,41.096
PR00002755,WO00002755,2026-04-24,C,P02,P02_L03,SKU003,480,0,0,480,47.0,316,310,6,39.5
PR00002756,WO00002756,2026-04-24,A,P03,P03_L01,SKU003,480,0,0,480,57.7,418,413,5,52.25
PR00002757,WO00002757,2026-04-24,B,P03,P03_L01,SKU004,480,0,0,480,56.693,412,397,15,51.5
PR00002758,WO00002758,2026-04-24,C,P03,P03_L01,SKU001,480,42,0,438,49.793,293,286,7,40.137
PR00002759,WO00002759,2026-04-24,A,P03,P03_L02,SKU006,480,0,0,480,54.878,417,403,14,52.125
PR00002760,WO00002760,2026-04-24,B,P03,P03_L02,SKU001,480,30,0,450,49.793,327,317,10,43.6
PR00002761,WO00002761,2026-04-24,C,P03,P03_L02,SKU006,480,28,0,452,54.878,376,367,9,49.912
PR00002762,WO00002762,2026-04-24,A,P03,P03_L03,SKU004,480,0,40,440,56.693,361,349,12,49.227
PR00002763,WO00002763,2026-04-24,B,P03,P03_L03,SKU001,480,0,0,480,49.793,333,326,7,41.625
PR00002764,WO00002764,2026-04-24,C,P03,P03_L03,SKU004,480,50,0,430,56.693,339,326,13,47.302
PR00002765,WO00002765,2026-04-25,B,P01,P01_L01,SKU001,480,22,0,458,49.793,342,335,7,44.803
PR00002766,WO00002766,2026-04-25,A,P01,P01_L02,SKU006,480,0,15,465,54.878,389,379,10,50.194
PR00002767,WO00002767,2026-04-25,C,P01,P01_L02,SKU001,480,0,0,480,49.793,348,336,12,43.5
PR00002768,WO00002768,2026-04-25,C,P01,P01_L03,SKU003,480,0,0,480,61.962,430,419,11,53.75
PR00002769,WO00002769,2026-04-25,B,P02,P02_L01,SKU003,480,0,0,480,48.8,339,331,8,42.375
PR00002770,WO00002770,2026-04-25,B,P02,P02_L02,SKU001,480,0,0,480,49.793,341,331,10,42.625
PR00002771,WO00002771,2026-04-25,C,P02,P02_L02,SKU004,480,0,0,480,55.9,386,372,14,48.25
PR00002772,WO00002772,2026-04-25,A,P02,P02_L03,SKU002,480,0,0,480,47.0,319,308,11,39.875
PR00002773,WO00002773,2026-04-25,B,P02,P02_L03,SKU002,480,17,0,463,47.0,290,278,12,37.581
PR00002774,WO00002774,2026-04-25,C,P02,P02_L03,SKU007,480,0,0,480,47.0,323,319,4,40.375
PR00002775,WO00002775,2026-04-25,A,P03,P03_L01,SKU001,480,52,19,409,49.793,302,297,5,44.303
PR00002776,WO00002776,2026-04-25,C,P03,P03_L01,SKU007,480,16,0,464,57.7,364,361,3,47.069
PR00002777,WO00002777,2026-04-25,A,P03,P03_L02,SKU004,480,27,0,453,56.6,376,364,12,49.801
PR00002778,WO00002778,2026-04-25,B,P03,P03_L02,SKU001,480,0,0,480,49.793,342,334,8,42.75
PR00002779,WO00002779,2026-04-25,A,P03,P03_L03,SKU006,480,12,0,468,54.878,433,418,15,55.513
PR00002780,WO00002780,2026-04-25,C,P03,P03_L03,SKU007,480,0,0,480,58.1,387,383,4,48.375
PR00002781,WO00002781,2026-04-26,B,P01,P01_L01,SKU004,480,35,0,445,56.693,360,345,15,48.539
PR00002782,WO00002782,2026-04-26,C,P01,P01_L01,SKU001,480,46,16,418,49.793,307,298,9,44.067
PR00002783,WO00002783,2026-04-26,A,P01,P01_L02,SKU004,480,30,26,424,56.693,355,341,14,50.236
PR00002784,WO00002784,2026-04-26,B,P01,P01_L02,SKU002,480,0,0,480,65.2,463,444,19,57.875
PR00002785,WO00002785,2026-04-26,B,P01,P01_L03,SKU003,480,24,0,456,61.962,417,407,10,54.868
PR00002786,WO00002786,2026-04-26,B,P02,P02_L01,SKU001,480,25,0,455,48.8,314,305,9,41.407
PR00002787,WO00002787,2026-04-26,C,P02,P02_L01,SKU004,480,0,0,480,48.8,323,311,12,40.375
PR00002788,WO00002788,2026-04-26,A,P02,P02_L02,SKU004,480,0,0,480,55.9,391,375,16,48.875
PR00002789,WO00002789,2026-04-26,C,P02,P02_L02,SKU006,480,0,0,480,54.878,376,363,13,47.0
PR00002790,WO00002790,2026-04-26,B,P02,P02_L03,SKU003,480,33,0,447,47.0,322,315,7,43.221
PR00002791,WO00002791,2026-04-26,B,P03,P03_L01,SKU005,480,47,0,433,50.42,310,303,7,42.956
PR00002792,WO00002792,2026-04-26,C,P03,P03_L01,SKU001,480,15,0,465,49.793,316,311,5,40.774
PR00002793,WO00002793,2026-04-26,A,P03,P03_L02,SKU001,480,65,35,380,49.793,292,286,6,46.105
PR00002794,WO00002794,2026-04-26,B,P03,P03_L02,SKU002,480,0,0,480,56.6,385,371,14,48.125
PR00002795,WO00002795,2026-04-26,C,P03,P03_L02,SKU006,480,0,0,480,54.878,388,376,12,48.5
PR00002796,WO00002796,2026-04-26,A,P03,P03_L03,SKU004,480,0,10,470,56.693,407,395,12,51.957
PR00002797,WO00002797,2026-04-26,B,P03,P03_L03,SKU004,480,0,12,468,56.693,397,383,14,50.897
PR00002798,WO00002798,2026-04-27,A,P01,P01_L01,SKU004,480,0,0,480,56.693,400,385,15,50.0
PR00002799,WO00002799,2026-04-27,B,P01,P01_L01,SKU006,480,0,0,480,54.878,413,400,13,51.625
PR00002800,WO00002800,2026-04-27,C,P01,P01_L01,SKU007,480,20,0,460,69.9,462,452,10,60.261
PR00002801,WO00002801,2026-04-27,A,P01,P01_L02,SKU004,480,42,28,410,56.693,360,347,13,52.683
PR00002802,WO00002802,2026-04-27,B,P01,P01_L02,SKU006,480,20,0,460,54.878,412,397,15,53.739
PR00002803,WO00002803,2026-04-27,C,P01,P01_L02,SKU008,480,35,0,445,60.302,377,371,6,50.831
PR00002804,WO00002804,2026-04-27,A,P01,P01_L03,SKU003,480,0,19,461,61.962,447,437,10,58.178
PR00002805,WO00002805,2026-04-27,B,P01,P01_L03,SKU003,480,34,0,446,61.962,421,411,10,56.637
PR00002806,WO00002806,2026-04-27,C,P01,P01_L03,SKU008,480,0,9,471,60.302,392,386,6,49.936
PR00002807,WO00002807,2026-04-27,A,P02,P02_L01,SKU006,480,0,0,480,48.8,360,350,10,45.0
PR00002808,WO00002808,2026-04-27,B,P02,P02_L01,SKU001,480,0,0,480,48.8,346,336,10,43.25
PR00002809,WO00002809,2026-04-27,C,P02,P02_L01,SKU004,480,23,0,457,48.8,293,283,10,38.468
PR00002810,WO00002810,2026-04-27,A,P02,P02_L02,SKU002,480,43,0,437,55.9,355,344,11,48.741
PR00002811,WO00002811,2026-04-27,B,P02,P02_L02,SKU001,480,0,0,480,49.793,346,339,7,43.25
PR00002812,WO00002812,2026-04-27,C,P02,P02_L02,SKU006,480,46,0,434,54.878,349,336,13,48.249
PR00002813,WO00002813,2026-04-27,A,P02,P02_L03,SKU007,480,0,0,480,47.0,315,312,3,39.375
PR00002814,WO00002814,2026-04-27,B,P02,P02_L03,SKU003,480,77,0,403,47.0,276,269,7,41.092
PR00002815,WO00002815,2026-04-27,C,P02,P02_L03,SKU003,480,19,0,461,47.0,324,319,5,42.169
PR00002816,WO00002816,2026-04-27,A,P03,P03_L01,SKU004,480,0,0,480,56.693,414,401,13,51.75
PR00002817,WO00002817,2026-04-27,B,P03,P03_L01,SKU003,480,0,32,448,57.7,412,404,8,55.179
PR00002818,WO00002818,2026-04-27,C,P03,P03_L01,SKU001,480,0,0,480,49.793,334,326,8,41.75
PR00002819,WO00002819,2026-04-27,A,P03,P03_L02,SKU008,480,0,0,480,56.6,380,375,5,47.5
PR00002820,WO00002820,2026-04-27,B,P03,P03_L02,SKU006,480,0,0,480,54.878,412,400,12,51.5
PR00002821,WO00002821,2026-04-27,C,P03,P03_L02,SKU006,480,0,0,480,54.878,363,352,11,45.375
PR00002822,WO00002822,2026-04-27,A,P03,P03_L03,SKU003,480,29,15,436,58.1,388,381,7,53.394
PR00002823,WO00002823,2026-04-27,B,P03,P03_L03,SKU004,480,0,0,480,56.693,399,386,13,49.875
PR00002824,WO00002824,2026-04-27,C,P03,P03_L03,SKU001,480,0,0,480,49.793,316,310,6,39.5
PR00002825,WO00002825,2026-04-28,A,P01,P01_L01,SKU005,480,0,47,433,50.42,310,304,6,42.956
PR00002826,WO00002826,2026-04-28,B,P01,P01_L01,SKU007,480,0,0,480,69.9,508,502,6,63.5
PR00002827,WO00002827,2026-04-28,C,P01,P01_L01,SKU001,480,0,0,480,49.793,342,333,9,42.75
PR00002828,WO00002828,2026-04-28,A,P01,P01_L02,SKU002,480,0,0,480,65.2,461,444,17,57.625
PR00002829,WO00002829,2026-04-28,B,P01,P01_L02,SKU001,480,0,24,456,49.793,306,299,7,40.263
PR00002830,WO00002830,2026-04-28,C,P01,P01_L02,SKU003,480,0,25,455,61.962,416,406,10,54.857
PR00002831,WO00002831,2026-04-28,A,P01,P01_L03,SKU008,480,0,21,459,60.302,394,385,9,51.503
PR00002832,WO00002832,2026-04-28,B,P01,P01_L03,SKU002,480,25,0,455,72.0,495,474,21,65.275
PR00002833,WO00002833,2026-04-28,C,P01,P01_L03,SKU003,480,22,85,373,61.962,353,344,9,56.783
PR00002834,WO00002834,2026-04-28,A,P02,P02_L01,SKU001,480,0,0,480,48.8,349,344,5,43.625
PR00002835,WO00002835,2026-04-28,B,P02,P02_L01,SKU003,480,30,0,450,48.8,334,326,8,44.533
PR00002836,WO00002836,2026-04-28,C,P02,P02_L01,SKU006,480,0,0,480,48.8,360,351,9,45.0
PR00002837,WO00002837,2026-04-28,A,P02,P02_L02,SKU004,480,0,24,456,55.9,367,353,14,48.289
PR00002838,WO00002838,2026-04-28,B,P02,P02_L02,SKU004,480,21,0,459,55.9,381,370,11,49.804
PR00002839,WO00002839,2026-04-28,C,P02,P02_L02,SKU002,480,38,0,442,55.9,311,300,11,42.217
PR00002840,WO00002840,2026-04-28,A,P02,P02_L03,SKU001,480,27,0,453,47.0,292,288,4,38.675
PR00002841,WO00002841,2026-04-28,B,P02,P02_L03,SKU003,480,0,0,480,47.0,341,331,10,42.625
PR00002842,WO00002842,2026-04-28,C,P02,P02_L03,SKU008,480,49,0,431,47.0,264,260,4,36.752
PR00002843,WO00002843,2026-04-28,A,P03,P03_L01,SKU001,480,0,0,480,49.793,365,361,4,45.625
PR00002844,WO00002844,2026-04-28,B,P03,P03_L01,SKU006,480,0,0,480,54.878,401,395,6,50.125
PR00002845,WO00002845,2026-04-28,C,P03,P03_L01,SKU001,480,0,0,480,49.793,335,326,9,41.875
PR00002846,WO00002846,2026-04-28,A,P03,P03_L02,SKU001,480,0,42,438,49.793,332,327,5,45.479
PR00002847,WO00002847,2026-04-28,B,P03,P03_L02,SKU008,480,0,39,441,56.6,331,324,7,45.034
PR00002848,WO00002848,2026-04-28,C,P03,P03_L02,SKU002,480,31,0,449,56.6,368,354,14,49.176
PR00002849,WO00002849,2026-04-28,A,P03,P03_L03,SKU003,480,0,0,480,58.1,457,447,10,57.125
PR00002850,WO00002850,2026-04-28,B,P03,P03_L03,SKU004,480,0,0,480,56.693,378,365,13,47.25
PR00002851,WO00002851,2026-04-28,C,P03,P03_L03,SKU004,480,0,0,480,56.693,409,395,14,51.125
PR00002852,WO00002852,2026-04-29,A,P01,P01_L01,SKU007,480,0,0,480,69.9,515,505,10,64.375
PR00002853,WO00002853,2026-04-29,B,P01,P01_L01,SKU007,480,39,53,388,69.9,395,390,5,61.082
PR00002854,WO00002854,2026-04-29,C,P01,P01_L01,SKU004,480,35,8,437,56.693,316,303,13,43.387
PR00002855,WO00002855,2026-04-29,A,P01,P01_L02,SKU004,480,0,0,480,56.693,459,439,20,57.375
PR00002856,WO00002856,2026-04-29,B,P01,P01_L02,SKU001,480,0,0,480,49.793,358,348,10,44.75
PR00002857,WO00002857,2026-04-29,C,P01,P01_L02,SKU001,480,0,42,438,49.793,311,305,6,42.603
PR00002858,WO00002858,2026-04-29,A,P01,P01_L03,SKU008,480,0,0,480,60.302,418,411,7,52.25
PR00002859,WO00002859,2026-04-29,B,P01,P01_L03,SKU003,480,0,28,452,61.962,418,409,9,55.487
PR00002860,WO00002860,2026-04-29,C,P01,P01_L03,SKU003,480,0,16,464,61.962,445,433,12,57.543
PR00002861,WO00002861,2026-04-29,A,P02,P02_L01,SKU002,480,25,0,455,48.8,311,301,10,41.011
PR00002862,WO00002862,2026-04-29,B,P02,P02_L01,SKU003,480,42,0,438,48.8,312,305,7,42.74
PR00002863,WO00002863,2026-04-29,C,P02,P02_L01,SKU003,480,0,4,476,48.8,353,345,8,44.496
PR00002864,WO00002864,2026-04-29,A,P02,P02_L02,SKU004,480,0,0,480,55.9,398,385,13,49.75
PR00002865,WO00002865,2026-04-29,B,P02,P02_L02,SKU002,480,0,40,440,55.9,304,292,12,41.455
PR00002866,WO00002866,2026-04-29,C,P02,P02_L02,SKU004,480,22,22,436,55.9,322,309,13,44.312
PR00002867,WO00002867,2026-04-29,A,P02,P02_L03,SKU007,480,0,34,446,47.0,312,310,2,41.973
PR00002868,WO00002868,2026-04-29,B,P02,P02_L03,SKU007,480,0,0,480,47.0,326,321,5,40.75
PR00002869,WO00002869,2026-04-29,C,P02,P02_L03,SKU003,480,0,0,480,47.0,336,329,7,42.0
PR00002870,WO00002870,2026-04-29,A,P03,P03_L01,SKU001,480,0,0,480,49.793,358,351,7,44.75
PR00002871,WO00002871,2026-04-29,B,P03,P03_L01,SKU001,480,0,39,441,49.793,310,302,8,42.177
PR00002872,WO00002872,2026-04-29,C,P03,P03_L01,SKU004,480,38,0,442,56.693,346,335,11,46.968
PR00002873,WO00002873,2026-04-29,A,P03,P03_L02,SKU002,480,35,0,445,56.6,364,352,12,49.079
PR00002874,WO00002874,2026-04-29,B,P03,P03_L02,SKU001,480,36,0,444,49.793,310,303,7,41.892
PR00002875,WO00002875,2026-04-29,C,P03,P03_L02,SKU008,480,0,0,480,56.6,361,355,6,45.125
PR00002876,WO00002876,2026-04-29,A,P03,P03_L03,SKU006,480,38,0,442,54.878,395,383,12,53.62
PR00002877,WO00002877,2026-04-29,B,P03,P03_L03,SKU001,480,28,19,433,49.793,319,311,8,44.203
PR00002878,WO00002878,2026-04-29,C,P03,P03_L03,SKU006,480,0,0,480,54.878,399,390,9,49.875
PR00002879,WO00002879,2026-04-30,A,P01,P01_L01,SKU001,480,0,80,400,49.793,292,284,8,43.8
PR00002880,WO00002880,2026-04-30,B,P01,P01_L01,SKU007,480,24,40,416,69.9,435,426,9,62.74
PR00002881,WO00002881,2026-04-30,C,P01,P01_L01,SKU007,480,20,0,460,69.9,480,471,9,62.609
PR00002882,WO00002882,2026-04-30,A,P01,P01_L02,SKU001,480,0,0,480,49.793,385,374,11,48.125
PR00002883,WO00002883,2026-04-30,B,P01,P01_L02,SKU001,480,29,0,451,49.793,341,331,10,45.366
PR00002884,WO00002884,2026-04-30,C,P01,P01_L02,SKU001,480,0,0,480,49.793,324,315,9,40.5
PR00002885,WO00002885,2026-04-30,A,P01,P01_L03,SKU003,480,0,0,480,61.962,497,484,13,62.125
PR00002886,WO00002886,2026-04-30,B,P01,P01_L03,SKU003,480,0,0,480,61.962,445,435,10,55.625
PR00002887,WO00002887,2026-04-30,C,P01,P01_L03,SKU004,480,0,0,480,56.693,351,335,16,43.875
PR00002888,WO00002888,2026-04-30,A,P02,P02_L01,SKU003,480,37,4,439,48.8,316,310,6,43.189
PR00002889,WO00002889,2026-04-30,B,P02,P02_L01,SKU003,480,37,27,416,48.8,300,295,5,43.269
PR00002890,WO00002890,2026-04-30,C,P02,P02_L01,SKU005,480,0,21,459,48.8,315,306,9,41.176
PR00002891,WO00002891,2026-04-30,A,P02,P02_L02,SKU004,480,0,36,444,55.9,357,347,10,48.243
PR00002892,WO00002892,2026-04-30,B,P02,P02_L02,SKU006,480,54,0,426,54.878,346,336,10,48.732
PR00002893,WO00002893,2026-04-30,C,P02,P02_L02,SKU002,480,0,0,480,55.9,347,334,13,43.375
PR00002894,WO00002894,2026-04-30,A,P02,P02_L03,SKU007,480,34,0,446,47.0,315,310,5,42.377
PR00002895,WO00002895,2026-04-30,B,P02,P02_L03,SKU007,480,0,0,480,47.0,309,303,6,38.625
PR00002896,WO00002896,2026-04-30,C,P02,P02_L03,SKU001,480,26,44,410,47.0,278,272,6,40.683
PR00002897,WO00002897,2026-04-30,A,P03,P03_L01,SKU001,480,0,22,458,49.793,376,368,8,49.258
PR00002898,WO00002898,2026-04-30,B,P03,P03_L01,SKU003,480,0,0,480,57.7,404,396,8,50.5
PR00002899,WO00002899,2026-04-30,C,P03,P03_L01,SKU001,480,0,29,451,49.793,308,302,6,40.976
PR00002900,WO00002900,2026-04-30,A,P03,P03_L02,SKU001,480,0,0,480,49.793,366,361,5,45.75
PR00002901,WO00002901,2026-04-30,B,P03,P03_L02,SKU006,480,0,0,480,54.878,389,379,10,48.625
PR00002902,WO00002902,2026-04-30,C,P03,P03_L02,SKU006,480,0,0,480,54.878,396,381,15,49.5
PR00002903,WO00002903,2026-04-30,A,P03,P03_L03,SKU001,480,0,4,476,49.793,364,356,8,45.882
PR00002904,WO00002904,2026-04-30,B,P03,P03_L03,SKU007,480,0,0,480,58.1,375,371,4,46.875
PR00002905,WO00002905,2026-04-30,C,P03,P03_L03,SKU003,480,0,47,433,58.1,375,365,10,51.963
PR00002906,WO00002906,2026-05-01,A,P01,P01_L01,SKU004,480,0,37,443,56.693,374,364,10,50.655
PR00002907,WO00002907,2026-05-01,B,P01,P01_L01,SKU007,480,0,7,473,69.9,513,504,9,65.074
PR00002908,WO00002908,2026-05-01,C,P01,P01_L01,SKU001,480,0,0,480,49.793,347,338,9,43.375
PR00002909,WO00002909,2026-05-01,A,P01,P01_L02,SKU003,480,0,8,472,61.962,474,465,9,60.254
PR00002910,WO00002910,2026-05-01,B,P01,P01_L02,SKU001,480,0,0,480,49.793,346,335,11,43.25
PR00002911,WO00002911,2026-05-01,C,P01,P01_L02,SKU008,480,31,0,449,60.302,365,359,6,48.775
PR00002912,WO00002912,2026-05-01,A,P01,P01_L03,SKU003,480,30,0,450,61.962,441,435,6,58.8
PR00002913,WO00002913,2026-05-01,B,P01,P01_L03,SKU004,480,0,70,410,56.693,349,334,15,51.073
PR00002914,WO00002914,2026-05-01,C,P01,P01_L03,SKU008,480,0,0,480,60.302,398,391,7,49.75
PR00002915,WO00002915,2026-05-01,A,P02,P02_L01,SKU005,480,14,0,466,48.8,316,309,7,40.687
PR00002916,WO00002916,2026-05-01,B,P02,P02_L01,SKU005,480,20,0,460,48.8,297,288,9,38.739
PR00002917,WO00002917,2026-05-01,C,P02,P02_L01,SKU003,480,0,0,480,48.8,325,317,8,40.625
PR00002918,WO00002918,2026-05-01,A,P02,P02_L02,SKU002,480,0,0,480,55.9,364,349,15,45.5
PR00002919,WO00002919,2026-05-01,B,P02,P02_L02,SKU002,480,38,0,442,55.9,322,311,11,43.71
PR00002920,WO00002920,2026-05-01,C,P02,P02_L02,SKU002,480,0,0,480,55.9,352,337,15,44.0
PR00002921,WO00002921,2026-05-01,A,P02,P02_L03,SKU007,480,29,15,436,47.0,308,303,5,42.385
PR00002922,WO00002922,2026-05-01,B,P02,P02_L03,SKU005,480,0,0,480,47.0,307,300,7,38.375
PR00002923,WO00002923,2026-05-01,C,P02,P02_L03,SKU003,480,0,0,480,47.0,346,339,7,43.25
PR00002924,WO00002924,2026-05-01,A,P03,P03_L01,SKU006,480,52,0,428,54.878,378,369,9,52.991
PR00002925,WO00002925,2026-05-01,B,P03,P03_L01,SKU004,480,39,0,441,56.693,381,367,14,51.837
PR00002926,WO00002926,2026-05-01,C,P03,P03_L01,SKU001,480,25,0,455,49.793,320,313,7,42.198
PR00002927,WO00002927,2026-05-01,A,P03,P03_L02,SKU001,480,0,0,480,49.793,357,349,8,44.625
PR00002928,WO00002928,2026-05-01,B,P03,P03_L02,SKU006,480,0,47,433,54.878,365,355,10,50.577
PR00002929,WO00002929,2026-05-01,C,P03,P03_L02,SKU006,480,0,0,480,54.878,377,365,12,47.125
PR00002930,WO00002930,2026-05-01,A,P03,P03_L03,SKU001,480,52,0,428,49.793,309,302,7,43.318
PR00002931,WO00002931,2026-05-01,B,P03,P03_L03,SKU004,480,0,0,480,56.693,369,356,13,46.125
PR00002932,WO00002932,2026-05-01,C,P03,P03_L03,SKU004,480,0,0,480,56.693,365,353,12,45.625
PR00002933,WO00002933,2026-05-02,A,P01,P01_L01,SKU005,480,27,19,434,50.42,323,317,6,44.654
PR00002934,WO00002934,2026-05-02,B,P01,P01_L01,SKU005,480,34,7,439,50.42,320,312,8,43.736
PR00002935,WO00002935,2026-05-02,C,P01,P01_L01,SKU001,480,0,0,480,49.793,346,335,11,43.25
PR00002936,WO00002936,2026-05-02,B,P01,P01_L02,SKU006,480,0,0,480,54.878,400,385,15,50.0
PR00002937,WO00002937,2026-05-02,B,P01,P01_L03,SKU003,480,36,0,444,61.962,433,423,10,58.514
PR00002938,WO00002938,2026-05-02,C,P01,P01_L03,SKU003,480,0,0,480,61.962,427,416,11,53.375
PR00002939,WO00002939,2026-05-02,A,P02,P02_L01,SKU006,480,0,0,480,48.8,347,341,6,43.375
PR00002940,WO00002940,2026-05-02,B,P02,P02_L01,SKU003,480,0,0,480,48.8,352,345,7,44.0
PR00002941,WO00002941,2026-05-02,C,P02,P02_L01,SKU003,480,26,54,400,48.8,274,267,7,41.1
PR00002942,WO00002942,2026-05-02,A,P02,P02_L02,SKU006,480,0,0,480,54.878,390,380,10,48.75
PR00002943,WO00002943,2026-05-02,B,P02,P02_L02,SKU005,480,32,0,448,50.42,315,308,7,42.188
PR00002944,WO00002944,2026-05-02,A,P03,P03_L01,SKU003,480,24,8,448,57.7,426,414,12,57.054
PR00002945,WO00002945,2026-05-02,C,P03,P03_L01,SKU001,480,0,0,480,49.793,340,331,9,42.5
PR00002946,WO00002946,2026-05-02,A,P03,P03_L02,SKU004,480,16,0,464,56.6,382,369,13,49.397
PR00002947,WO00002947,2026-05-03,A,P01,P01_L01,SKU001,480,25,0,455,49.793,348,338,10,45.89
PR00002948,WO00002948,2026-05-03,B,P01,P01_L01,SKU001,480,0,10,470,49.793,330,321,9,42.128
PR00002949,WO00002949,2026-05-03,C,P01,P01_L01,SKU005,480,35,20,425,50.42,298,288,10,42.071
PR00002950,WO00002950,2026-05-03,A,P01,P01_L02,SKU001,480,23,0,457,49.793,322,315,7,42.276
PR00002951,WO00002951,2026-05-03,B,P01,P01_L02,SKU006,480,0,0,480,54.878,414,399,15,51.75
PR00002952,WO00002952,2026-05-03,C,P01,P01_L02,SKU007,480,0,0,480,65.2,447,440,7,55.875
PR00002953,WO00002953,2026-05-03,B,P01,P01_L03,SKU003,480,0,0,480,61.962,468,460,8,58.5
PR00002954,WO00002954,2026-05-03,C,P01,P01_L03,SKU003,480,0,0,480,61.962,438,426,12,54.75
PR00002955,WO00002955,2026-05-03,C,P02,P02_L02,SKU008,480,35,0,445,55.9,319,316,3,43.011
PR00002956,WO00002956,2026-05-03,A,P02,P02_L03,SKU005,480,0,0,480,47.0,324,318,6,40.5
PR00002957,WO00002957,2026-05-03,B,P02,P02_L03,SKU004,480,0,0,480,47.0,327,315,12,40.875
PR00002958,WO00002958,2026-05-03,C,P02,P02_L03,SKU002,480,24,23,433,47.0,250,239,11,34.642
PR00002959,WO00002959,2026-05-03,A,P03,P03_L01,SKU003,480,0,0,480,57.7,432,427,5,54.0
PR00002960,WO00002960,2026-05-03,B,P03,P03_L01,SKU004,480,0,0,480,56.693,374,361,13,46.75
PR00002961,WO00002961,2026-05-03,C,P03,P03_L01,SKU006,480,0,0,480,54.878,380,367,13,47.5
PR00002962,WO00002962,2026-05-03,A,P03,P03_L03,SKU008,480,23,0,457,58.1,396,388,8,51.991
PR00002963,WO00002963,2026-05-03,B,P03,P03_L03,SKU004,480,19,24,437,56.693,360,347,13,49.428
PR00002964,WO00002964,2026-05-04,A,P01,P01_L01,SKU005,480,33,0,447,50.42,333,323,10,44.698
PR00002965,WO00002965,2026-05-04,B,P01,P01_L01,SKU005,480,0,0,480,50.42,344,333,11,43.0
PR00002966,WO00002966,2026-05-04,C,P01,P01_L01,SKU005,480,0,0,480,50.42,327,318,9,40.875
PR00002967,WO00002967,2026-05-04,A,P01,P01_L02,SKU008,480,0,0,480,60.302,437,429,8,54.625
PR00002968,WO00002968,2026-05-04,B,P01,P01_L02,SKU004,480,0,0,480,56.693,386,369,17,48.25
PR00002969,WO00002969,2026-05-04,C,P01,P01_L02,SKU001,480,24,0,456,49.793,330,320,10,43.421
PR00002970,WO00002970,2026-05-04,A,P01,P01_L03,SKU003,480,21,33,426,61.962,432,419,13,60.845
PR00002971,WO00002971,2026-05-04,B,P01,P01_L03,SKU004,480,0,0,480,56.693,414,397,17,51.75
PR00002972,WO00002972,2026-05-04,C,P01,P01_L03,SKU004,480,0,0,480,56.693,396,382,14,49.5
PR00002973,WO00002973,2026-05-04,A,P02,P02_L01,SKU003,480,0,0,480,48.8,359,353,6,44.875
PR00002974,WO00002974,2026-05-04,B,P02,P02_L01,SKU003,480,0,0,480,48.8,357,349,8,44.625
PR00002975,WO00002975,2026-05-04,C,P02,P02_L01,SKU006,480,33,24,423,48.8,301,290,11,42.695
PR00002976,WO00002976,2026-05-04,A,P02,P02_L02,SKU002,480,0,0,480,55.9,389,376,13,48.625
PR00002977,WO00002977,2026-05-04,B,P02,P02_L02,SKU002,480,53,0,427,55.9,313,302,11,43.981
PR00002978,WO00002978,2026-05-04,C,P02,P02_L02,SKU004,480,0,0,480,55.9,371,358,13,46.375
PR00002979,WO00002979,2026-05-04,A,P02,P02_L03,SKU007,480,22,0,458,47.0,342,337,5,44.803
PR00002980,WO00002980,2026-05-04,B,P02,P02_L03,SKU007,480,0,0,480,47.0,337,333,4,42.125
PR00002981,WO00002981,2026-05-04,C,P02,P02_L03,SKU007,480,49,0,431,47.0,290,285,5,40.371
PR00002982,WO00002982,2026-05-04,A,P03,P03_L01,SKU004,480,19,0,461,56.693,383,373,10,49.848
PR00002983,WO00002983,2026-05-04,B,P03,P03_L01,SKU003,480,0,0,480,57.7,408,399,9,51.0
PR00002984,WO00002984,2026-05-04,C,P03,P03_L01,SKU007,480,24,0,456,57.7,341,337,4,44.868
PR00002985,WO00002985,2026-05-04,A,P03,P03_L02,SKU006,480,0,0,480,54.878,411,401,10,51.375
PR00002986,WO00002986,2026-05-04,B,P03,P03_L02,SKU008,480,26,0,454,56.6,355,349,6,46.916
PR00002987,WO00002987,2026-05-04,C,P03,P03_L02,SKU006,480,41,8,431,54.878,305,295,10,42.459
PR00002988,WO00002988,2026-05-04,A,P03,P03_L03,SKU003,480,25,0,455,58.1,417,411,6,54.989
PR00002989,WO00002989,2026-05-04,B,P03,P03_L03,SKU004,480,0,0,480,56.693,408,396,12,51.0
PR00002990,WO00002990,2026-05-04,C,P03,P03_L03,SKU006,480,0,0,480,54.878,359,348,11,44.875
PR00002991,WO00002991,2026-05-05,A,P01,P01_L01,SKU007,480,43,0,437,69.9,457,451,6,62.746
PR00002992,WO00002992,2026-05-05,B,P01,P01_L01,SKU001,480,30,33,417,49.793,296,288,8,42.59
PR00002993,WO00002993,2026-05-05,C,P01,P01_L01,SKU004,480,64,84,332,56.693,260,249,11,46.988
PR00002994,WO00002994,2026-05-05,A,P01,P01_L02,SKU008,480,16,0,464,60.302,371,361,10,47.974
PR00002995,WO00002995,2026-05-05,B,P01,P01_L02,SKU002,480,0,0,480,65.2,465,450,15,58.125
PR00002996,WO00002996,2026-05-05,C,P01,P01_L02,SKU002,480,36,0,444,65.2,400,381,19,54.054
PR00002997,WO00002997,2026-05-05,A,P01,P01_L03,SKU003,480,0,0,480,61.962,479,470,9,59.875
PR00002998,WO00002998,2026-05-05,B,P01,P01_L03,SKU003,480,0,0,480,61.962,465,452,13,58.125
PR00002999,WO00002999,2026-05-05,C,P01,P01_L03,SKU007,480,57,0,423,74.2,441,437,4,62.553
PR00003000,WO00003000,2026-05-05,A,P02,P02_L01,SKU006,480,0,27,453,48.8,347,336,11,45.96
PR00003001,WO00003001,2026-05-05,B,P02,P02_L01,SKU003,480,0,0,480,48.8,340,333,7,42.5
PR00003002,WO00003002,2026-05-05,C,P02,P02_L01,SKU003,480,0,41,439,48.8,310,303,7,42.369
PR00003003,WO00003003,2026-05-05,A,P02,P02_L02,SKU002,480,0,0,480,55.9,394,381,13,49.25
PR00003004,WO00003004,2026-05-05,B,P02,P02_L02,SKU006,480,58,0,422,54.878,338,329,9,48.057
PR00003005,WO00003005,2026-05-05,C,P02,P02_L02,SKU002,480,0,0,480,55.9,358,344,14,44.75
PR00003006,WO00003006,2026-05-05,A,P02,P02_L03,SKU004,480,0,15,465,47.0,329,319,10,42.452
PR00003007,WO00003007,2026-05-05,B,P02,P02_L03,SKU003,480,36,0,444,47.0,289,286,3,39.054
PR00003008,WO00003008,2026-05-05,C,P02,P02_L03,SKU003,480,0,0,480,47.0,326,319,7,40.75
PR00003009,WO00003009,2026-05-05,A,P03,P03_L01,SKU001,480,0,0,480,49.793,346,340,6,43.25
PR00003010,WO00003010,2026-05-05,B,P03,P03_L01,SKU008,480,0,0,480,57.7,396,392,4,49.5
PR00003011,WO00003011,2026-05-05,C,P03,P03_L01,SKU001,480,28,15,437,49.793,314,307,7,43.112
PR00003012,WO00003012,2026-05-05,A,P03,P03_L02,SKU006,480,0,0,480,54.878,399,389,10,49.875
PR00003013,WO00003013,2026-05-05,B,P03,P03_L02,SKU008,480,76,0,404,56.6,347,340,7,51.535
PR00003014,WO00003014,2026-05-05,C,P03,P03_L02,SKU006,480,0,0,480,54.878,378,366,12,47.25
PR00003015,WO00003015,2026-05-05,A,P03,P03_L03,SKU004,480,0,0,480,56.693,398,385,13,49.75
PR00003016,WO00003016,2026-05-05,B,P03,P03_L03,SKU001,480,39,0,441,49.793,333,325,8,45.306
PR00003017,WO00003017,2026-05-05,C,P03,P03_L03,SKU001,480,34,0,446,49.793,312,303,9,41.973
PR00003018,WO00003018,2026-05-06,A,P01,P01_L01,SKU002,480,25,0,455,69.9,454,438,16,59.868
PR00003019,WO00003019,2026-05-06,B,P01,P01_L01,SKU004,480,54,0,426,56.693,361,347,14,50.845
PR00003020,WO00003020,2026-05-06,C,P01,P01_L01,SKU008,480,0,0,480,60.302,381,373,8,47.625
PR00003021,WO00003021,2026-05-06,A,P01,P01_L02,SKU001,480,0,0,480,49.793,365,355,10,45.625
PR00003022,WO00003022,2026-05-06,B,P01,P01_L02,SKU003,480,36,17,427,61.962,401,392,9,56.347
PR00003023,WO00003023,2026-05-06,C,P01,P01_L02,SKU002,480,0,0,480,65.2,419,399,20,52.375
PR00003024,WO00003024,2026-05-06,A,P01,P01_L03,SKU004,480,27,0,453,56.693,415,400,15,54.967
PR00003025,WO00003025,2026-05-06,B,P01,P01_L03,SKU003,480,37,0,443,61.962,442,431,11,59.865
PR00003026,WO00003026,2026-05-06,C,P01,P01_L03,SKU005,480,0,0,480,50.42,332,323,9,41.5
PR00003027,WO00003027,2026-05-06,A,P02,P02_L01,SKU003,480,0,0,480,48.8,355,350,5,44.375
PR00003028,WO00003028,2026-05-06,B,P02,P02_L01,SKU003,480,22,18,440,48.8,308,303,5,42.0
PR00003029,WO00003029,2026-05-06,C,P02,P02_L01,SKU001,480,0,0,480,48.8,309,299,10,38.625
PR00003030,WO00003030,2026-05-06,A,P02,P02_L02,SKU004,480,0,0,480,55.9,375,361,14,46.875
PR00003031,WO00003031,2026-05-06,B,P02,P02_L02,SKU002,480,0,0,480,55.9,372,359,13,46.5
PR00003032,WO00003032,2026-05-06,C,P02,P02_L02,SKU004,480,18,0,462,55.9,359,346,13,46.623
PR00003033,WO00003033,2026-05-06,A,P02,P02_L03,SKU007,480,26,23,431,47.0,288,285,3,40.093
PR00003034,WO00003034,2026-05-06,B,P02,P02_L03,SKU004,480,21,12,447,47.0,309,297,12,41.477
PR00003035,WO00003035,2026-05-06,C,P02,P02_L03,SKU007,480,26,0,454,47.0,290,287,3,38.326
PR00003036,WO00003036,2026-05-06,A,P03,P03_L01,SKU001,480,25,0,455,49.793,342,334,8,45.099
PR00003037,WO00003037,2026-05-06,B,P03,P03_L01,SKU001,480,0,0,480,49.793,356,347,9,44.5
PR00003038,WO00003038,2026-05-06,C,P03,P03_L01,SKU004,480,0,0,480,56.693,377,361,16,47.125
PR00003039,WO00003039,2026-05-06,A,P03,P03_L02,SKU006,480,34,0,446,54.878,409,397,12,55.022
PR00003040,WO00003040,2026-05-06,B,P03,P03_L02,SKU006,480,0,47,433,54.878,367,357,10,50.855
PR00003041,WO00003041,2026-05-06,C,P03,P03_L02,SKU006,480,29,50,401,54.878,306,297,9,45.786
PR00003042,WO00003042,2026-05-06,A,P03,P03_L03,SKU001,480,0,0,480,49.793,352,348,4,44.0
PR00003043,WO00003043,2026-05-06,B,P03,P03_L03,SKU006,480,30,0,450,54.878,356,347,9,47.467
PR00003044,WO00003044,2026-05-06,C,P03,P03_L03,SKU007,480,0,0,480,58.1,392,385,7,49.0
PR00003045,WO00003045,2026-05-07,A,P01,P01_L01,SKU007,480,0,0,480,69.9,518,511,7,64.75
PR00003046,WO00003046,2026-05-07,B,P01,P01_L01,SKU005,480,20,7,453,50.42,317,307,10,41.987
PR00003047,WO00003047,2026-05-07,C,P01,P01_L01,SKU001,480,34,0,446,49.793,315,307,8,42.377
PR00003048,WO00003048,2026-05-07,A,P01,P01_L02,SKU004,480,39,0,441,56.693,380,367,13,51.701
PR00003049,WO00003049,2026-05-07,B,P01,P01_L02,SKU008,480,0,0,480,60.302,376,370,6,47.0
PR00003050,WO00003050,2026-05-07,C,P01,P01_L02,SKU001,480,26,0,454,49.793,314,307,7,41.498
PR00003051,WO00003051,2026-05-07,A,P01,P01_L03,SKU008,480,0,0,480,60.302,421,412,9,52.625
PR00003052,WO00003052,2026-05-07,B,P01,P01_L03,SKU003,480,0,0,480,61.962,435,426,9,54.375
PR00003053,WO00003053,2026-05-07,C,P01,P01_L03,SKU007,480,0,0,480,74.2,507,495,12,63.375
PR00003054,WO00003054,2026-05-07,A,P02,P02_L01,SKU003,480,0,0,480,48.8,352,344,8,44.0
PR00003055,WO00003055,2026-05-07,B,P02,P02_L01,SKU006,480,0,0,480,48.8,330,319,11,41.25
PR00003056,WO00003056,2026-05-07,C,P02,P02_L01,SKU001,480,15,32,433,48.8,306,297,9,42.402
PR00003057,WO00003057,2026-05-07,A,P02,P02_L02,SKU002,480,26,20,434,55.9,342,330,12,47.281
PR00003058,WO00003058,2026-05-07,B,P02,P02_L02,SKU003,480,19,15,446,55.9,364,356,8,48.969
PR00003059,WO00003059,2026-05-07,C,P02,P02_L02,SKU002,480,0,0,480,55.9,358,344,14,44.75
PR00003060,WO00003060,2026-05-07,A,P02,P02_L03,SKU001,480,34,0,446,47.0,306,299,7,41.166
PR00003061,WO00003061,2026-05-07,B,P02,P02_L03,SKU003,480,0,0,480,47.0,332,326,6,41.5
PR00003062,WO00003062,2026-05-07,C,P02,P02_L03,SKU005,480,48,0,432,47.0,261,255,6,36.25
PR00003063,WO00003063,2026-05-07,A,P03,P03_L01,SKU001,480,79,0,401,49.793,290,285,5,43.392
PR00003064,WO00003064,2026-05-07,B,P03,P03_L01,SKU001,480,15,0,465,49.793,337,328,9,43.484
PR00003065,WO00003065,2026-05-07,C,P03,P03_L01,SKU003,480,0,0,480,57.7,375,368,7,46.875
PR00003066,WO00003066,2026-05-07,A,P03,P03_L02,SKU008,480,45,0,435,56.6,342,335,7,47.172
PR00003067,WO00003067,2026-05-07,B,P03,P03_L02,SKU006,480,0,0,480,54.878,388,377,11,48.5
PR00003068,WO00003068,2026-05-07,C,P03,P03_L02,SKU001,480,18,0,462,49.793,301,291,10,39.091
PR00003069,WO00003069,2026-05-07,A,P03,P03_L03,SKU006,480,24,0,456,54.878,391,380,11,51.447
PR00003070,WO00003070,2026-05-07,B,P03,P03_L03,SKU001,480,37,0,443,49.793,328,321,7,44.424
PR00003071,WO00003071,2026-05-07,C,P03,P03_L03,SKU006,480,21,0,459,54.878,382,371,11,49.935
PR00003072,WO00003072,2026-05-08,A,P01,P01_L01,SKU001,480,0,0,480,49.793,341,332,9,42.625
PR00003073,WO00003073,2026-05-08,B,P01,P01_L01,SKU001,480,30,0,450,49.793,334,323,11,44.533
PR00003074,WO00003074,2026-05-08,C,P01,P01_L01,SKU005,480,0,0,480,50.42,314,307,7,39.25
PR00003075,WO00003075,2026-05-08,A,P01,P01_L02,SKU008,480,0,57,423,60.302,366,360,6,51.915
PR00003076,WO00003076,2026-05-08,B,P01,P01_L02,SKU001,480,0,76,404,49.793,287,280,7,42.624
PR00003077,WO00003077,2026-05-08,C,P01,P01_L02,SKU004,480,41,0,439,56.693,377,360,17,51.526
PR00003078,WO00003078,2026-05-08,A,P01,P01_L03,SKU007,480,0,0,480,74.2,539,533,6,67.375
PR00003079,WO00003079,2026-05-08,B,P01,P01_L03,SKU003,480,36,14,430,61.962,404,395,9,56.372
PR00003080,WO00003080,2026-05-08,C,P01,P01_L03,SKU008,480,0,0,480,60.302,389,382,7,48.625
PR00003081,WO00003081,2026-05-08,A,P02,P02_L01,SKU003,480,35,0,445,48.8,356,348,8,48.0
PR00003082,WO00003082,2026-05-08,B,P02,P02_L01,SKU001,480,0,0,480,48.8,340,331,9,42.5
PR00003083,WO00003083,2026-05-08,C,P02,P02_L01,SKU001,480,34,0,446,48.8,293,285,8,39.417
PR00003084,WO00003084,2026-05-08,A,P02,P02_L02,SKU002,480,31,0,449,55.9,359,345,14,47.973
PR00003085,WO00003085,2026-05-08,B,P02,P02_L02,SKU006,480,42,0,438,54.878,364,351,13,49.863
PR00003086,WO00003086,2026-05-08,C,P02,P02_L02,SKU006,480,0,0,480,54.878,399,384,15,49.875
PR00003087,WO00003087,2026-05-08,A,P02,P02_L03,SKU002,480,21,0,459,47.0,315,305,10,41.176
PR00003088,WO00003088,2026-05-08,B,P02,P02_L03,SKU001,480,35,0,445,47.0,318,311,7,42.876
PR00003089,WO00003089,2026-05-08,C,P02,P02_L03,SKU007,480,0,27,453,47.0,282,279,3,37.351
PR00003090,WO00003090,2026-05-08,A,P03,P03_L01,SKU001,480,0,0,480,49.793,365,357,8,45.625
PR00003091,WO00003091,2026-05-08,B,P03,P03_L01,SKU004,480,15,0,465,56.693,368,353,15,47.484
PR00003092,WO00003092,2026-05-08,C,P03,P03_L01,SKU004,480,22,0,458,56.693,352,338,14,46.114
PR00003093,WO00003093,2026-05-08,A,P03,P03_L02,SKU002,480,0,45,435,56.6,341,330,11,47.034
PR00003094,WO00003094,2026-05-08,B,P03,P03_L02,SKU006,480,0,27,453,54.878,393,382,11,52.053
PR00003095,WO00003095,2026-05-08,C,P03,P03_L02,SKU004,480,0,18,462,56.6,361,347,14,46.883
PR00003096,WO00003096,2026-05-08,A,P03,P03_L03,SKU003,480,0,0,480,58.1,446,438,8,55.75
PR00003097,WO00003097,2026-05-08,B,P03,P03_L03,SKU001,480,36,0,444,49.793,322,315,7,43.514
PR00003098,WO00003098,2026-05-08,C,P03,P03_L03,SKU008,480,0,20,460,58.1,354,349,5,46.174
PR00003099,WO00003099,2026-05-09,B,P01,P01_L01,SKU004,480,0,0,480,56.693,417,403,14,52.125
PR00003100,WO00003100,2026-05-09,C,P01,P01_L01,SKU001,480,0,0,480,49.793,330,318,12,41.25
PR00003101,WO00003101,2026-05-09,A,P01,P01_L02,SKU001,480,0,64,416,49.793,319,313,6,46.01
PR00003102,WO00003102,2026-05-09,B,P01,P01_L02,SKU001,480,0,0,480,49.793,349,339,10,43.625
PR00003103,WO00003103,2026-05-09,C,P01,P01_L02,SKU001,480,0,0,480,49.793,344,334,10,43.0
PR00003104,WO00003104,2026-05-09,A,P01,P01_L03,SKU004,480,61,0,419,56.693,369,357,12,52.84
PR00003105,WO00003105,2026-05-09,B,P01,P01_L03,SKU002,480,0,0,480,72.0,479,459,20,59.875
PR00003106,WO00003106,2026-05-09,A,P02,P02_L01,SKU005,480,0,0,480,48.8,318,310,8,39.75
PR00003107,WO00003107,2026-05-09,A,P02,P02_L02,SKU006,480,50,18,412,54.878,337,327,10,49.078
PR00003108,WO00003108,2026-05-09,B,P02,P02_L02,SKU002,480,23,0,457,55.9,361,347,14,47.396
PR00003109,WO00003109,2026-05-09,C,P02,P02_L02,SKU002,480,46,37,397,55.9,286,275,11,43.224
PR00003110,WO00003110,2026-05-09,B,P02,P02_L03,SKU002,480,0,25,455,47.0,299,286,13,39.429
PR00003111,WO00003111,2026-05-09,C,P02,P02_L03,SKU007,480,0,17,463,47.0,290,284,6,37.581
PR00003112,WO00003112,2026-05-09,A,P03,P03_L01,SKU001,480,16,0,464,49.793,339,332,7,43.836
PR00003113,WO00003113,2026-05-09,B,P03,P03_L01,SKU004,480,17,0,463,56.693,391,377,14,50.67
PR00003114,WO00003114,2026-05-09,A,P03,P03_L02,SKU001,480,27,0,453,49.793,349,341,8,46.225
PR00003115,WO00003115,2026-05-09,B,P03,P03_L02,SKU006,480,31,0,449,54.878,377,367,10,50.379
PR00003116,WO00003116,2026-05-09,A,P03,P03_L03,SKU001,480,28,0,452,49.793,352,344,8,46.726
PR00003117,WO00003117,2026-05-09,B,P03,P03_L03,SKU006,480,20,0,460,54.878,362,351,11,47.217
PR00003118,WO00003118,2026-05-10,C,P01,P01_L01,SKU004,480,37,15,428,56.693,326,313,13,45.701
PR00003119,WO00003119,2026-05-10,B,P01,P01_L02,SKU001,480,27,0,453,49.793,327,319,8,43.311
PR00003120,WO00003120,2026-05-10,C,P01,P01_L02,SKU008,480,0,0,480,60.302,396,390,6,49.5
PR00003121,WO00003121,2026-05-10,A,P01,P01_L03,SKU002,480,31,0,449,72.0,470,453,17,62.806
PR00003122,WO00003122,2026-05-10,B,P01,P01_L03,SKU004,480,0,0,480,56.693,434,415,19,54.25
PR00003123,WO00003123,2026-05-10,A,P02,P02_L01,SKU003,480,25,0,455,48.8,350,343,7,46.154
PR00003124,WO00003124,2026-05-10,B,P02,P02_L01,SKU003,480,27,0,453,48.8,316,311,5,41.854
PR00003125,WO00003125,2026-05-10,C,P02,P02_L01,SKU003,480,0,0,480,48.8,343,335,8,42.875
PR00003126,WO00003126,2026-05-10,C,P02,P02_L02,SKU002,480,0,0,480,55.9,351,337,14,43.875
PR00003127,WO00003127,2026-05-10,A,P02,P02_L03,SKU003,480,20,0,460,47.0,320,314,6,41.739
PR00003128,WO00003128,2026-05-10,B,P02,P02_L03,SKU007,480,0,17,463,47.0,315,313,2,40.821
PR00003129,WO00003129,2026-05-10,C,P02,P02_L03,SKU005,480,34,0,446,47.0,271,264,7,36.457
PR00003130,WO00003130,2026-05-10,A,P03,P03_L01,SKU001,480,25,0,455,49.793,336,330,6,44.308
PR00003131,WO00003131,2026-05-10,B,P03,P03_L01,SKU005,480,0,0,480,50.42,327,319,8,40.875
PR00003132,WO00003132,2026-05-10,C,P03,P03_L01,SKU007,480,0,0,480,57.7,398,392,6,49.75
PR00003133,WO00003133,2026-05-10,A,P03,P03_L02,SKU008,480,0,0,480,56.6,377,371,6,47.125
PR00003134,WO00003134,2026-05-10,C,P03,P03_L02,SKU008,480,41,0,439,56.6,330,324,6,45.103
PR00003135,WO00003135,2026-05-10,A,P03,P03_L03,SKU004,480,0,0,480,56.693,401,391,10,50.125
PR00003136,WO00003136,2026-05-11,A,P01,P01_L01,SKU001,480,0,0,480,49.793,350,344,6,43.75
PR00003137,WO00003137,2026-05-11,B,P01,P01_L01,SKU005,480,0,51,429,50.42,322,313,9,45.035
PR00003138,WO00003138,2026-05-11,C,P01,P01_L01,SKU007,480,0,64,416,69.9,447,438,9,64.471
PR00003139,WO00003139,2026-05-11,A,P01,P01_L02,SKU001,480,23,0,457,49.793,352,342,10,46.214
PR00003140,WO00003140,2026-05-11,B,P01,P01_L02,SKU008,480,0,0,480,60.302,438,432,6,54.75
PR00003141,WO00003141,2026-05-11,C,P01,P01_L02,SKU003,480,0,13,467,61.962,426,416,10,54.732
PR00003142,WO00003142,2026-05-11,A,P01,P01_L03,SKU008,480,0,0,480,60.302,414,409,5,51.75
PR00003143,WO00003143,2026-05-11,B,P01,P01_L03,SKU004,480,0,0,480,56.693,407,394,13,50.875
PR00003144,WO00003144,2026-05-11,C,P01,P01_L03,SKU007,480,0,32,448,74.2,482,474,8,64.554
PR00003145,WO00003145,2026-05-11,A,P02,P02_L01,SKU003,480,36,0,444,48.8,323,317,6,43.649
PR00003146,WO00003146,2026-05-11,B,P02,P02_L01,SKU003,480,12,0,468,48.8,334,327,7,42.821
PR00003147,WO00003147,2026-05-11,C,P02,P02_L01,SKU003,480,0,7,473,48.8,320,311,9,40.592
PR00003148,WO00003148,2026-05-11,A,P02,P02_L02,SKU006,480,0,0,480,54.878,404,394,10,50.5
PR00003149,WO00003149,2026-05-11,B,P02,P02_L02,SKU006,480,39,0,441,54.878,371,361,10,50.476
PR00003150,WO00003150,2026-05-11,C,P02,P02_L02,SKU006,480,0,0,480,54.878,377,364,13,47.125
PR00003151,WO00003151,2026-05-11,A,P02,P02_L03,SKU003,480,22,0,458,47.0,323,320,3,42.314
PR00003152,WO00003152,2026-05-11,B,P02,P02_L03,SKU007,480,0,15,465,47.0,313,309,4,40.387
PR00003153,WO00003153,2026-05-11,C,P02,P02_L03,SKU007,480,22,0,458,47.0,300,296,4,39.301
PR00003154,WO00003154,2026-05-11,A,P03,P03_L01,SKU001,480,0,297,183,49.793,131,128,3,42.951
PR00003155,WO00003155,2026-05-11,B,P03,P03_L01,SKU003,480,0,0,480,57.7,418,408,10,52.25
PR00003156,WO00003156,2026-05-11,C,P03,P03_L01,SKU001,480,60,0,420,49.793,298,289,9,42.571
PR00003157,WO00003157,2026-05-11,A,P03,P03_L02,SKU006,480,24,27,429,54.878,358,347,11,50.07
PR00003158,WO00003158,2026-05-11,B,P03,P03_L02,SKU002,480,56,0,424,56.6,330,317,13,46.698
PR00003159,WO00003159,2026-05-11,C,P03,P03_L02,SKU004,480,23,0,457,56.6,348,334,14,45.689
PR00003160,WO00003160,2026-05-11,A,P03,P03_L03,SKU003,480,0,0,480,58.1,443,433,10,55.375
PR00003161,WO00003161,2026-05-11,B,P03,P03_L03,SKU003,480,43,0,437,58.1,395,388,7,54.233
PR00003162,WO00003162,2026-05-11,C,P03,P03_L03,SKU001,480,0,0,480,49.793,340,331,9,42.5
PR00003163,WO00003163,2026-05-12,A,P01,P01_L01,SKU001,480,0,12,468,49.793,358,349,9,45.897
PR00003164,WO00003164,2026-05-12,B,P01,P01_L01,SKU005,480,27,0,453,50.42,331,323,8,43.841
PR00003165,WO00003165,2026-05-12,C,P01,P01_L01,SKU005,480,0,36,444,50.42,295,287,8,39.865
PR00003166,WO00003166,2026-05-12,A,P01,P01_L02,SKU001,480,0,0,480,49.793,388,380,8,48.5
PR00003167,WO00003167,2026-05-12,B,P01,P01_L02,SKU002,480,32,0,448,65.2,392,375,17,52.5
PR00003168,WO00003168,2026-05-12,C,P01,P01_L02,SKU008,480,0,0,480,60.302,392,382,10,49.0
PR00003169,WO00003169,2026-05-12,A,P01,P01_L03,SKU002,480,20,0,460,72.0,475,459,16,61.957
PR00003170,WO00003170,2026-05-12,B,P01,P01_L03,SKU004,480,0,0,480,56.693,378,365,13,47.25
PR00003171,WO00003171,2026-05-12,C,P01,P01_L03,SKU007,480,27,0,453,74.2,493,487,6,65.298
PR00003172,WO00003172,2026-05-12,A,P02,P02_L01,SKU005,480,0,11,469,48.8,330,322,8,42.217
PR00003173,WO00003173,2026-05-12,B,P02,P02_L01,SKU004,480,31,0,449,48.8,321,311,10,42.895
PR00003174,WO00003174,2026-05-12,C,P02,P02_L01,SKU001,480,0,0,480,48.8,331,323,8,41.375
PR00003175,WO00003175,2026-05-12,A,P02,P02_L02,SKU002,480,44,0,436,55.9,335,326,9,46.101
PR00003176,WO00003176,2026-05-12,B,P02,P02_L02,SKU003,480,0,0,480,55.9,420,413,7,52.5
PR00003177,WO00003177,2026-05-12,C,P02,P02_L02,SKU002,480,29,56,395,55.9,265,255,10,40.253
PR00003178,WO00003178,2026-05-12,A,P02,P02_L03,SKU001,480,28,0,452,47.0,305,298,7,40.487
PR00003179,WO00003179,2026-05-12,B,P02,P02_L03,SKU007,480,33,44,403,47.0,270,264,6,40.199
PR00003180,WO00003180,2026-05-12,C,P02,P02_L03,SKU004,480,0,0,480,47.0,328,315,13,41.0
PR00003181,WO00003181,2026-05-12,A,P03,P03_L01,SKU004,480,26,155,299,56.693,254,246,8,50.97
PR00003182,WO00003182,2026-05-12,B,P03,P03_L01,SKU001,480,32,21,427,49.793,321,314,7,45.105
PR00003183,WO00003183,2026-05-12,C,P03,P03_L01,SKU003,480,0,18,462,57.7,400,391,9,51.948
PR00003184,WO00003184,2026-05-12,A,P03,P03_L02,SKU008,480,43,0,437,56.6,344,338,6,47.231
PR00003185,WO00003185,2026-05-12,B,P03,P03_L02,SKU001,480,32,4,444,49.793,325,319,6,43.919
PR00003186,WO00003186,2026-05-12,C,P03,P03_L02,SKU001,480,20,0,460,49.793,306,299,7,39.913
PR00003187,WO00003187,2026-05-12,A,P03,P03_L03,SKU003,480,0,0,480,58.1,437,429,8,54.625
PR00003188,WO00003188,2026-05-12,B,P03,P03_L03,SKU003,480,0,0,480,58.1,434,426,8,54.25
PR00003189,WO00003189,2026-05-12,C,P03,P03_L03,SKU006,480,0,0,480,54.878,374,362,12,46.75
PR00003190,WO00003190,2026-05-13,A,P01,P01_L01,SKU005,480,0,28,452,50.42,318,310,8,42.212
PR00003191,WO00003191,2026-05-13,B,P01,P01_L01,SKU006,480,22,0,458,54.878,373,358,15,48.865
PR00003192,WO00003192,2026-05-13,C,P01,P01_L01,SKU007,480,20,0,460,69.9,482,475,7,62.87
PR00003193,WO00003193,2026-05-13,A,P01,P01_L02,SKU004,480,0,0,480,56.693,406,392,14,50.75
PR00003194,WO00003194,2026-05-13,B,P01,P01_L02,SKU001,480,0,0,480,49.793,348,337,11,43.5
PR00003195,WO00003195,2026-05-13,C,P01,P01_L02,SKU001,480,59,0,421,49.793,295,286,9,42.043
PR00003196,WO00003196,2026-05-13,A,P01,P01_L03,SKU008,480,30,0,450,60.302,409,402,7,54.533
PR00003197,WO00003197,2026-05-13,B,P01,P01_L03,SKU003,480,34,0,446,61.962,450,443,7,60.538
PR00003198,WO00003198,2026-05-13,C,P01,P01_L03,SKU008,480,0,0,480,60.302,370,364,6,46.25
PR00003199,WO00003199,2026-05-13,A,P02,P02_L01,SKU003,480,75,0,405,48.8,299,293,6,44.296
PR00003200,WO00003200,2026-05-13,B,P02,P02_L01,SKU003,480,34,25,421,48.8,312,305,7,44.466
PR00003201,WO00003201,2026-05-13,C,P02,P02_L01,SKU003,480,0,51,429,48.8,309,301,8,43.217
PR00003202,WO00003202,2026-05-13,A,P02,P02_L02,SKU004,480,43,0,437,55.9,369,356,13,50.664
PR00003203,WO00003203,2026-05-13,B,P02,P02_L02,SKU004,480,0,0,480,55.9,386,371,15,48.25
PR00003204,WO00003204,2026-05-13,C,P02,P02_L02,SKU006,480,0,0,480,54.878,376,364,12,47.0
PR00003205,WO00003205,2026-05-13,A,P02,P02_L03,SKU007,480,0,0,480,47.0,331,327,4,41.375
PR00003206,WO00003206,2026-05-13,B,P02,P02_L03,SKU001,480,0,4,476,47.0,308,300,8,38.824
PR00003207,WO00003207,2026-05-13,C,P02,P02_L03,SKU003,480,0,0,480,47.0,309,300,9,38.625
PR00003208,WO00003208,2026-05-13,A,P03,P03_L01,SKU001,480,34,0,446,49.793,320,313,7,43.049
PR00003209,WO00003209,2026-05-13,B,P03,P03_L01,SKU001,480,0,0,480,49.793,333,328,5,41.625
PR00003210,WO00003210,2026-05-13,C,P03,P03_L01,SKU001,480,0,0,480,49.793,331,321,10,41.375
PR00003211,WO00003211,2026-05-13,A,P03,P03_L02,SKU002,480,26,0,454,56.6,378,367,11,49.956
PR00003212,WO00003212,2026-05-13,B,P03,P03_L02,SKU006,480,0,0,480,54.878,374,362,12,46.75
PR00003213,WO00003213,2026-05-13,C,P03,P03_L02,SKU001,480,26,0,454,49.793,313,305,8,41.366
PR00003214,WO00003214,2026-05-13,A,P03,P03_L03,SKU004,480,36,0,444,56.693,375,360,15,50.676
PR00003215,WO00003215,2026-05-13,B,P03,P03_L03,SKU004,480,32,0,448,56.693,400,384,16,53.571
PR00003216,WO00003216,2026-05-13,C,P03,P03_L03,SKU003,480,41,60,379,58.1,334,328,6,52.876
PR00003217,WO00003217,2026-05-14,A,P01,P01_L01,SKU007,480,0,0,480,69.9,498,491,7,62.25
PR00003218,WO00003218,2026-05-14,B,P01,P01_L01,SKU005,480,25,0,455,50.42,320,312,8,42.198
PR00003219,WO00003219,2026-05-14,C,P01,P01_L01,SKU002,480,0,0,480,69.9,471,453,18,58.875
PR00003220,WO00003220,2026-05-14,A,P01,P01_L02,SKU006,480,0,0,480,54.878,426,415,11,53.25
PR00003221,WO00003221,2026-05-14,B,P01,P01_L02,SKU001,480,0,0,480,49.793,350,341,9,43.75
PR00003222,WO00003222,2026-05-14,C,P01,P01_L02,SKU002,480,0,0,480,65.2,449,427,22,56.125
PR00003223,WO00003223,2026-05-14,A,P01,P01_L03,SKU003,480,45,0,435,61.962,432,423,9,59.586
PR00003224,WO00003224,2026-05-14,B,P01,P01_L03,SKU004,480,0,0,480,56.693,412,397,15,51.5
PR00003225,WO00003225,2026-05-14,C,P01,P01_L03,SKU003,480,0,0,480,61.962,434,425,9,54.25
PR00003226,WO00003226,2026-05-14,A,P02,P02_L01,SKU001,480,0,26,454,48.8,330,319,11,43.612
PR00003227,WO00003227,2026-05-14,B,P02,P02_L01,SKU004,480,0,0,480,48.8,347,333,14,43.375
PR00003228,WO00003228,2026-05-14,C,P02,P02_L01,SKU003,480,0,0,480,48.8,331,324,7,41.375
PR00003229,WO00003229,2026-05-14,A,P02,P02_L02,SKU005,480,46,0,434,50.42,291,285,6,40.23
PR00003230,WO00003230,2026-05-14,B,P02,P02_L02,SKU002,480,0,0,480,55.9,372,361,11,46.5
PR00003231,WO00003231,2026-05-14,C,P02,P02_L02,SKU002,480,26,0,454,55.9,330,315,15,43.612
PR00003232,WO00003232,2026-05-14,A,P02,P02_L03,SKU008,480,42,0,438,47.0,294,290,4,40.274
PR00003233,WO00003233,2026-05-14,B,P02,P02_L03,SKU001,480,30,14,436,47.0,287,280,7,39.495
PR00003234,WO00003234,2026-05-14,C,P02,P02_L03,SKU005,480,0,0,480,47.0,280,271,9,35.0
PR00003235,WO00003235,2026-05-14,A,P03,P03_L01,SKU003,480,0,0,480,57.7,426,419,7,53.25
PR00003236,WO00003236,2026-05-14,B,P03,P03_L01,SKU001,480,69,0,411,49.793,303,294,9,44.234
PR00003237,WO00003237,2026-05-14,C,P03,P03_L01,SKU003,480,0,0,480,57.7,403,395,8,50.375
PR00003238,WO00003238,2026-05-14,A,P03,P03_L02,SKU002,480,62,0,418,56.6,354,342,12,50.813
PR00003239,WO00003239,2026-05-14,B,P03,P03_L02,SKU004,480,0,0,480,56.6,388,375,13,48.5
PR00003240,WO00003240,2026-05-14,C,P03,P03_L02,SKU002,480,23,0,457,56.6,351,339,12,46.083
PR00003241,WO00003241,2026-05-14,A,P03,P03_L03,SKU001,480,62,0,418,49.793,306,300,6,43.923
PR00003242,WO00003242,2026-05-14,B,P03,P03_L03,SKU003,480,0,9,471,58.1,430,420,10,54.777
PR00003243,WO00003243,2026-05-14,C,P03,P03_L03,SKU001,480,54,0,426,49.793,284,275,9,40.0
PR00003244,WO00003244,2026-05-15,A,P01,P01_L01,SKU007,480,0,0,480,69.9,551,544,7,68.875
PR00003245,WO00003245,2026-05-15,B,P01,P01_L01,SKU007,480,0,0,480,69.9,468,461,7,58.5
PR00003246,WO00003246,2026-05-15,C,P01,P01_L01,SKU007,480,0,0,480,69.9,502,496,6,62.75
PR00003247,WO00003247,2026-05-15,A,P01,P01_L02,SKU003,480,22,0,458,61.962,456,445,11,59.738
PR00003248,WO00003248,2026-05-15,B,P01,P01_L02,SKU004,480,22,23,435,56.693,378,363,15,52.138
PR00003249,WO00003249,2026-05-15,C,P01,P01_L02,SKU004,480,0,0,480,56.693,405,385,20,50.625
PR00003250,WO00003250,2026-05-15,A,P01,P01_L03,SKU004,480,21,48,411,56.693,354,343,11,51.679
PR00003251,WO00003251,2026-05-15,B,P01,P01_L03,SKU008,480,0,0,480,60.302,419,413,6,52.375
PR00003252,WO00003252,2026-05-15,C,P01,P01_L03,SKU003,480,18,0,462,61.962,432,420,12,56.104
PR00003253,WO00003253,2026-05-15,A,P02,P02_L01,SKU003,480,0,0,480,48.8,376,367,9,47.0
PR00003254,WO00003254,2026-05-15,B,P02,P02_L01,SKU003,480,0,0,480,48.8,343,338,5,42.875
PR00003255,WO00003255,2026-05-15,C,P02,P02_L01,SKU005,480,25,0,455,48.8,294,285,9,38.769
PR00003256,WO00003256,2026-05-15,A,P02,P02_L02,SKU002,480,0,0,480,55.9,394,380,14,49.25
PR00003257,WO00003257,2026-05-15,B,P02,P02_L02,SKU006,480,48,71,361,54.878,281,271,10,46.704
PR00003258,WO00003258,2026-05-15,C,P02,P02_L02,SKU001,480,0,0,480,49.793,334,325,9,41.75
PR00003259,WO00003259,2026-05-15,A,P02,P02_L03,SKU007,480,32,0,448,47.0,318,312,6,42.589
PR00003260,WO00003260,2026-05-15,B,P02,P02_L03,SKU004,480,0,0,480,47.0,317,305,12,39.625
PR00003261,WO00003261,2026-05-15,C,P02,P02_L03,SKU003,480,0,0,480,47.0,329,321,8,41.125
PR00003262,WO00003262,2026-05-15,A,P03,P03_L01,SKU001,480,0,13,467,49.793,344,337,7,44.197
PR00003263,WO00003263,2026-05-15,B,P03,P03_L01,SKU003,480,0,0,480,57.7,405,397,8,50.625
PR00003264,WO00003264,2026-05-15,C,P03,P03_L01,SKU006,480,0,0,480,54.878,395,382,13,49.375
PR00003265,WO00003265,2026-05-15,A,P03,P03_L02,SKU006,480,26,10,444,54.878,384,374,10,51.892
PR00003266,WO00003266,2026-05-15,B,P03,P03_L02,SKU006,480,38,0,442,54.878,370,360,10,50.226
PR00003267,WO00003267,2026-05-15,C,P03,P03_L02,SKU002,480,0,0,480,56.6,383,370,13,47.875
PR00003268,WO00003268,2026-05-15,A,P03,P03_L03,SKU006,480,40,0,440,54.878,361,351,10,49.227
PR00003269,WO00003269,2026-05-15,B,P03,P03_L03,SKU003,480,28,0,452,58.1,382,373,9,50.708
PR00003270,WO00003270,2026-05-15,C,P03,P03_L03,SKU001,480,0,5,475,49.793,326,317,9,41.179
PR00003271,WO00003271,2026-05-16,B,P01,P01_L01,SKU001,480,0,0,480,49.793,347,338,9,43.375
PR00003272,WO00003272,2026-05-16,C,P01,P01_L01,SKU002,480,50,12,418,69.9,422,405,17,60.574
PR00003273,WO00003273,2026-05-16,A,P01,P01_L02,SKU004,480,0,0,480,56.693,410,393,17,51.25
PR00003274,WO00003274,2026-05-16,B,P01,P01_L02,SKU001,480,41,0,439,49.793,330,320,10,45.103
PR00003275,WO00003275,2026-05-16,C,P01,P01_L02,SKU004,480,23,0,457,56.693,367,354,13,48.184
PR00003276,WO00003276,2026-05-16,C,P01,P01_L03,SKU003,480,0,0,480,61.962,440,429,11,55.0
PR00003277,WO00003277,2026-05-16,A,P02,P02_L01,SKU003,480,24,0,456,48.8,358,352,6,47.105
PR00003278,WO00003278,2026-05-16,C,P02,P02_L01,SKU003,480,16,75,389,48.8,267,262,5,41.183
PR00003279,WO00003279,2026-05-16,B,P02,P02_L02,SKU002,480,31,39,410,55.9,304,294,10,44.488
PR00003280,WO00003280,2026-05-16,C,P02,P02_L02,SKU004,480,31,33,416,55.9,318,308,10,45.865
PR00003281,WO00003281,2026-05-16,B,P02,P02_L03,SKU007,480,0,0,480,47.0,324,320,4,40.5
PR00003282,WO00003282,2026-05-16,C,P02,P02_L03,SKU005,480,0,0,480,47.0,289,282,7,36.125
PR00003283,WO00003283,2026-05-16,A,P03,P03_L01,SKU008,480,0,41,439,57.7,349,345,4,47.699
PR00003284,WO00003284,2026-05-16,B,P03,P03_L01,SKU004,480,31,0,449,56.693,367,354,13,49.042
PR00003285,WO00003285,2026-05-16,C,P03,P03_L01,SKU001,480,35,12,433,49.793,282,274,8,39.076
PR00003286,WO00003286,2026-05-16,A,P03,P03_L02,SKU002,480,21,0,459,56.6,393,378,15,51.373
PR00003287,WO00003287,2026-05-16,B,P03,P03_L02,SKU006,480,15,0,465,54.878,394,382,12,50.839
PR00003288,WO00003288,2026-05-16,C,P03,P03_L02,SKU006,480,32,0,448,54.878,356,346,10,47.679
PR00003289,WO00003289,2026-05-16,A,P03,P03_L03,SKU003,480,0,0,480,58.1,415,406,9,51.875
PR00003290,WO00003290,2026-05-16,B,P03,P03_L03,SKU001,480,28,0,452,49.793,308,300,8,40.885
PR00003291,WO00003291,2026-05-16,C,P03,P03_L03,SKU004,480,47,39,394,56.693,325,313,12,49.492
PR00003292,WO00003292,2026-05-17,A,P01,P01_L01,SKU007,480,25,0,455,69.9,470,468,2,61.978
PR00003293,WO00003293,2026-05-17,B,P01,P01_L01,SKU005,480,0,35,445,50.42,319,312,7,43.011
PR00003294,WO00003294,2026-05-17,B,P01,P01_L02,SKU001,480,0,72,408,49.793,307,298,9,45.147
PR00003295,WO00003295,2026-05-17,A,P01,P01_L03,SKU003,480,0,0,480,61.962,461,450,11,57.625
PR00003296,WO00003296,2026-05-17,B,P01,P01_L03,SKU008,480,20,0,460,60.302,391,386,5,51.0
PR00003297,WO00003297,2026-05-17,C,P01,P01_L03,SKU003,480,27,0,453,61.962,438,426,12,58.013
PR00003298,WO00003298,2026-05-17,B,P02,P02_L01,SKU003,480,21,4,455,48.8,313,307,6,41.275
PR00003299,WO00003299,2026-05-17,C,P02,P02_L01,SKU006,480,19,0,461,48.8,347,338,9,45.163
PR00003300,WO00003300,2026-05-17,A,P02,P02_L02,SKU004,480,17,0,463,55.9,392,379,13,50.799
PR00003301,WO00003301,2026-05-17,B,P02,P02_L02,SKU004,480,0,16,464,55.9,349,335,14,45.129
PR00003302,WO00003302,2026-05-17,C,P02,P02_L02,SKU004,480,38,0,442,55.9,341,330,11,46.29
PR00003303,WO00003303,2026-05-17,B,P02,P02_L03,SKU003,480,24,0,456,47.0,311,306,5,40.921
PR00003304,WO00003304,2026-05-17,C,P02,P02_L03,SKU007,480,0,0,480,47.0,304,300,4,38.0
PR00003305,WO00003305,2026-05-17,A,P03,P03_L01,SKU004,480,20,23,437,56.693,378,366,12,51.899
PR00003306,WO00003306,2026-05-17,A,P03,P03_L02,SKU006,480,27,0,453,54.878,386,374,12,51.126
PR00003307,WO00003307,2026-05-17,B,P03,P03_L02,SKU006,480,19,0,461,54.878,398,387,11,51.8
PR00003308,WO00003308,2026-05-17,C,P03,P03_L02,SKU008,480,25,0,455,56.6,365,358,7,48.132
PR00003309,WO00003309,2026-05-17,B,P03,P03_L03,SKU004,480,18,0,462,56.693,372,359,13,48.312
PR00003310,WO00003310,2026-05-17,C,P03,P03_L03,SKU004,480,42,0,438,56.693,339,326,13,46.438
PR00003311,WO00003311,2026-05-18,A,P01,P01_L01,SKU005,480,25,0,455,50.42,344,334,10,45.363
PR00003312,WO00003312,2026-05-18,B,P01,P01_L01,SKU007,480,0,0,480,69.9,474,466,8,59.25
PR00003313,WO00003313,2026-05-18,C,P01,P01_L01,SKU001,480,31,14,435,49.793,310,299,11,42.759
PR00003314,WO00003314,2026-05-18,A,P01,P01_L02,SKU001,480,21,0,459,49.793,346,334,12,45.229
PR00003315,WO00003315,2026-05-18,B,P01,P01_L02,SKU002,480,0,19,461,65.2,441,424,17,57.397
PR00003316,WO00003316,2026-05-18,C,P01,P01_L02,SKU008,480,0,0,480,60.302,396,388,8,49.5
PR00003317,WO00003317,2026-05-18,A,P01,P01_L03,SKU008,480,55,0,425,60.302,396,389,7,55.906
PR00003318,WO00003318,2026-05-18,B,P01,P01_L03,SKU003,480,0,0,480,61.962,482,471,11,60.25
PR00003319,WO00003319,2026-05-18,C,P01,P01_L03,SKU003,480,0,0,480,61.962,454,444,10,56.75
PR00003320,WO00003320,2026-05-18,A,P02,P02_L01,SKU002,480,104,26,350,48.8,230,222,8,39.429
PR00003321,WO00003321,2026-05-18,B,P02,P02_L01,SKU003,480,26,0,454,48.8,329,323,6,43.48
PR00003322,WO00003322,2026-05-18,C,P02,P02_L01,SKU003,480,0,33,447,48.8,304,300,4,40.805
PR00003323,WO00003323,2026-05-18,A,P02,P02_L02,SKU004,480,0,0,480,55.9,405,391,14,50.625
PR00003324,WO00003324,2026-05-18,B,P02,P02_L02,SKU006,480,0,0,480,54.878,380,366,14,47.5
PR00003325,WO00003325,2026-05-18,C,P02,P02_L02,SKU002,480,26,0,454,55.9,332,318,14,43.877
PR00003326,WO00003326,2026-05-18,A,P02,P02_L03,SKU007,480,0,56,424,47.0,308,305,3,43.585
PR00003327,WO00003327,2026-05-18,B,P02,P02_L03,SKU002,480,26,0,454,47.0,306,293,13,40.441
PR00003328,WO00003328,2026-05-18,C,P02,P02_L03,SKU005,480,23,0,457,47.0,279,272,7,36.63
PR00003329,WO00003329,2026-05-18,A,P03,P03_L01,SKU003,480,0,0,480,57.7,433,425,8,54.125
PR00003330,WO00003330,2026-05-18,B,P03,P03_L01,SKU007,480,47,0,433,57.7,356,352,4,49.33
PR00003331,WO00003331,2026-05-18,C,P03,P03_L01,SKU001,480,0,0,480,49.793,316,308,8,39.5
PR00003332,WO00003332,2026-05-18,A,P03,P03_L02,SKU002,480,12,0,468,56.6,363,352,11,46.538
PR00003333,WO00003333,2026-05-18,B,P03,P03_L02,SKU001,480,18,28,434,49.793,304,297,7,42.028
PR00003334,WO00003334,2026-05-18,C,P03,P03_L02,SKU006,480,0,0,480,54.878,391,379,12,48.875
PR00003335,WO00003335,2026-05-18,A,P03,P03_L03,SKU004,480,32,0,448,56.693,368,358,10,49.286
PR00003336,WO00003336,2026-05-18,B,P03,P03_L03,SKU003,480,22,0,458,58.1,430,421,9,56.332
PR00003337,WO00003337,2026-05-18,C,P03,P03_L03,SKU001,480,96,136,248,49.793,178,174,4,43.065
PR00003338,WO00003338,2026-05-19,A,P01,P01_L01,SKU001,480,23,24,433,49.793,331,324,7,45.866
PR00003339,WO00003339,2026-05-19,B,P01,P01_L01,SKU007,480,40,0,440,69.9,440,436,4,60.0
PR00003340,WO00003340,2026-05-19,C,P01,P01_L01,SKU001,480,28,0,452,49.793,328,317,11,43.54
PR00003341,WO00003341,2026-05-19,A,P01,P01_L02,SKU004,480,0,0,480,56.693,433,419,14,54.125
PR00003342,WO00003342,2026-05-19,B,P01,P01_L02,SKU006,480,0,0,480,54.878,390,377,13,48.75
PR00003343,WO00003343,2026-05-19,C,P01,P01_L02,SKU008,480,0,25,455,60.302,367,360,7,48.396
PR00003344,WO00003344,2026-05-19,A,P01,P01_L03,SKU003,480,0,29,451,61.962,436,429,7,58.004
PR00003345,WO00003345,2026-05-19,B,P01,P01_L03,SKU008,480,18,0,462,60.302,399,392,7,51.818
PR00003346,WO00003346,2026-05-19,C,P01,P01_L03,SKU005,480,24,0,456,50.42,294,286,8,38.684
PR00003347,WO00003347,2026-05-19,A,P02,P02_L01,SKU002,480,26,0,454,48.8,294,284,10,38.855
PR00003348,WO00003348,2026-05-19,B,P02,P02_L01,SKU006,480,18,0,462,48.8,365,356,9,47.403
PR00003349,WO00003349,2026-05-19,C,P02,P02_L01,SKU001,480,0,0,480,48.8,328,320,8,41.0
PR00003350,WO00003350,2026-05-19,A,P02,P02_L02,SKU001,480,27,0,453,49.793,318,310,8,42.119
PR00003351,WO00003351,2026-05-19,B,P02,P02_L02,SKU008,480,27,23,430,55.9,358,352,6,49.953
PR00003352,WO00003352,2026-05-19,C,P02,P02_L02,SKU001,480,28,64,388,49.793,262,255,7,40.515
PR00003353,WO00003353,2026-05-19,A,P02,P02_L03,SKU006,480,63,0,417,47.0,308,300,8,44.317
PR00003354,WO00003354,2026-05-19,B,P02,P02_L03,SKU003,480,0,0,480,47.0,343,338,5,42.875
PR00003355,WO00003355,2026-05-19,C,P02,P02_L03,SKU007,480,0,18,462,47.0,294,291,3,38.182
PR00003356,WO00003356,2026-05-19,A,P03,P03_L01,SKU004,480,0,18,462,56.693,396,384,12,51.429
PR00003357,WO00003357,2026-05-19,B,P03,P03_L01,SKU003,480,21,28,431,57.7,375,365,10,52.204
PR00003358,WO00003358,2026-05-19,C,P03,P03_L01,SKU001,480,33,25,422,49.793,267,262,5,37.962
PR00003359,WO00003359,2026-05-19,A,P03,P03_L02,SKU005,480,33,0,447,50.42,318,308,10,42.685
PR00003360,WO00003360,2026-05-19,B,P03,P03_L02,SKU004,480,0,0,480,56.6,404,390,14,50.5
PR00003361,WO00003361,2026-05-19,C,P03,P03_L02,SKU002,480,0,70,410,56.6,304,292,12,44.488
PR00003362,WO00003362,2026-05-19,A,P03,P03_L03,SKU004,480,0,0,480,56.693,443,430,13,55.375
PR00003363,WO00003363,2026-05-19,B,P03,P03_L03,SKU004,480,44,0,436,56.693,376,364,12,51.743
PR00003364,WO00003364,2026-05-19,C,P03,P03_L03,SKU001,480,0,0,480,49.793,321,314,7,40.125
PR00003365,WO00003365,2026-05-20,A,P01,P01_L01,SKU004,480,0,37,443,56.693,388,376,12,52.551
PR00003366,WO00003366,2026-05-20,B,P01,P01_L01,SKU006,480,0,0,480,54.878,418,403,15,52.25
PR00003367,WO00003367,2026-05-20,C,P01,P01_L01,SKU008,480,0,0,480,60.302,404,397,7,50.5
PR00003368,WO00003368,2026-05-20,A,P01,P01_L02,SKU007,480,0,0,480,65.2,482,475,7,60.25
PR00003369,WO00003369,2026-05-20,B,P01,P01_L02,SKU001,480,29,69,382,49.793,278,273,5,43.665
PR00003370,WO00003370,2026-05-20,C,P01,P01_L02,SKU008,480,0,0,480,60.302,411,403,8,51.375
PR00003371,WO00003371,2026-05-20,A,P01,P01_L03,SKU003,480,23,0,457,61.962,439,428,11,57.637
PR00003372,WO00003372,2026-05-20,B,P01,P01_L03,SKU008,480,0,0,480,60.302,415,409,6,51.875
PR00003373,WO00003373,2026-05-20,C,P01,P01_L03,SKU002,480,0,21,459,72.0,424,405,19,55.425
PR00003374,WO00003374,2026-05-20,A,P02,P02_L01,SKU003,480,26,0,454,48.8,356,349,7,47.048
PR00003375,WO00003375,2026-05-20,B,P02,P02_L01,SKU003,480,21,0,459,48.8,336,329,7,43.922
PR00003376,WO00003376,2026-05-20,C,P02,P02_L01,SKU003,480,0,28,452,48.8,309,300,9,41.018
PR00003377,WO00003377,2026-05-20,A,P02,P02_L02,SKU002,480,0,0,480,55.9,366,353,13,45.75
PR00003378,WO00003378,2026-05-20,B,P02,P02_L02,SKU002,480,0,0,480,55.9,366,352,14,45.75
PR00003379,WO00003379,2026-05-20,C,P02,P02_L02,SKU005,480,0,0,480,50.42,322,315,7,40.25
PR00003380,WO00003380,2026-05-20,A,P02,P02_L03,SKU004,480,0,0,480,47.0,338,324,14,42.25
PR00003381,WO00003381,2026-05-20,B,P02,P02_L03,SKU003,480,0,0,480,47.0,333,327,6,41.625
PR00003382,WO00003382,2026-05-20,C,P02,P02_L03,SKU007,480,37,0,443,47.0,278,276,2,37.652
PR00003383,WO00003383,2026-05-20,A,P03,P03_L01,SKU003,480,26,10,444,57.7,417,411,6,56.351
PR00003384,WO00003384,2026-05-20,B,P03,P03_L01,SKU001,480,0,0,480,49.793,336,330,6,42.0
PR00003385,WO00003385,2026-05-20,C,P03,P03_L01,SKU001,480,0,12,468,49.793,328,320,8,42.051
PR00003386,WO00003386,2026-05-20,A,P03,P03_L02,SKU004,480,0,33,447,56.6,381,369,12,51.141
PR00003387,WO00003387,2026-05-20,B,P03,P03_L02,SKU005,480,0,0,480,50.42,358,348,10,44.75
PR00003388,WO00003388,2026-05-20,C,P03,P03_L02,SKU006,480,26,0,454,54.878,377,367,10,49.824
PR00003389,WO00003389,2026-05-20,A,P03,P03_L03,SKU003,480,0,0,480,58.1,407,398,9,50.875
PR00003390,WO00003390,2026-05-20,B,P03,P03_L03,SKU004,480,0,34,446,56.693,372,362,10,50.045
PR00003391,WO00003391,2026-05-20,C,P03,P03_L03,SKU004,480,0,0,480,56.693,351,336,15,43.875
PR00003392,WO00003392,2026-05-21,A,P01,P01_L01,SKU007,480,15,0,465,69.9,522,515,7,67.355
PR00003393,WO00003393,2026-05-21,B,P01,P01_L01,SKU007,480,0,5,475,69.9,512,504,8,64.674
PR00003394,WO00003394,2026-05-21,C,P01,P01_L01,SKU005,480,27,0,453,50.42,327,319,8,43.311
PR00003395,WO00003395,2026-05-21,A,P01,P01_L02,SKU001,480,17,0,463,49.793,368,358,10,47.689
PR00003396,WO00003396,2026-05-21,B,P01,P01_L02,SKU006,480,23,0,457,54.878,392,378,14,51.466
PR00003397,WO00003397,2026-05-21,C,P01,P01_L02,SKU001,480,0,0,480,49.793,336,325,11,42.0
PR00003398,WO00003398,2026-05-21,A,P01,P01_L03,SKU003,480,0,0,480,61.962,476,466,10,59.5
PR00003399,WO00003399,2026-05-21,B,P01,P01_L03,SKU003,480,38,0,442,61.962,428,419,9,58.1
PR00003400,WO00003400,2026-05-21,C,P01,P01_L03,SKU007,480,0,0,480,74.2,494,486,8,61.75
PR00003401,WO00003401,2026-05-21,A,P02,P02_L01,SKU001,480,0,0,480,48.8,365,360,5,45.625
PR00003402,WO00003402,2026-05-21,B,P02,P02_L01,SKU003,480,0,0,480,48.8,347,339,8,43.375
PR00003403,WO00003403,2026-05-21,C,P02,P02_L01,SKU003,480,0,15,465,48.8,325,318,7,41.935
PR00003404,WO00003404,2026-05-21,A,P02,P02_L02,SKU004,480,0,44,436,55.9,368,354,14,50.642
PR00003405,WO00003405,2026-05-21,B,P02,P02_L02,SKU004,480,19,0,461,55.9,367,354,13,47.766
PR00003406,WO00003406,2026-05-21,C,P02,P02_L02,SKU002,480,0,0,480,55.9,323,311,12,40.375
PR00003407,WO00003407,2026-05-21,A,P02,P02_L03,SKU003,480,31,0,449,47.0,311,306,5,41.559
PR00003408,WO00003408,2026-05-21,B,P02,P02_L03,SKU005,480,0,0,480,47.0,293,287,6,36.625
PR00003409,WO00003409,2026-05-21,C,P02,P02_L03,SKU007,480,22,0,458,47.0,288,283,5,37.729
PR00003410,WO00003410,2026-05-21,A,P03,P03_L01,SKU006,480,0,48,432,54.878,374,366,8,51.944
PR00003411,WO00003411,2026-05-21,B,P03,P03_L01,SKU001,480,33,0,447,49.793,319,314,5,42.819
PR00003412,WO00003412,2026-05-21,C,P03,P03_L01,SKU004,480,0,49,431,56.693,327,317,10,45.522
PR00003413,WO00003413,2026-05-21,A,P03,P03_L02,SKU002,480,49,0,431,56.6,366,354,12,50.951
PR00003414,WO00003414,2026-05-21,B,P03,P03_L02,SKU006,480,26,24,430,54.878,351,339,12,48.977
PR00003415,WO00003415,2026-05-21,C,P03,P03_L02,SKU008,480,0,0,480,56.6,380,372,8,47.5
PR00003416,WO00003416,2026-05-21,A,P03,P03_L03,SKU004,480,26,0,454,56.693,399,385,14,52.731
PR00003417,WO00003417,2026-05-21,B,P03,P03_L03,SKU003,480,16,0,464,58.1,406,401,5,52.5
PR00003418,WO00003418,2026-05-21,C,P03,P03_L03,SKU001,480,0,11,469,49.793,332,323,9,42.473
PR00003419,WO00003419,2026-05-22,A,P01,P01_L01,SKU001,480,53,7,420,49.793,313,307,6,44.714
PR00003420,WO00003420,2026-05-22,B,P01,P01_L01,SKU001,480,25,0,455,49.793,328,319,9,43.253
PR00003421,WO00003421,2026-05-22,C,P01,P01_L01,SKU002,480,0,0,480,69.9,440,420,20,55.0
PR00003422,WO00003422,2026-05-22,A,P01,P01_L02,SKU001,480,0,0,480,49.793,356,346,10,44.5
PR00003423,WO00003423,2026-05-22,B,P01,P01_L02,SKU002,480,0,58,422,65.2,389,372,17,55.308
PR00003424,WO00003424,2026-05-22,C,P01,P01_L02,SKU004,480,0,0,480,56.693,377,359,18,47.125
PR00003425,WO00003425,2026-05-22,A,P01,P01_L03,SKU003,480,0,0,480,61.962,467,456,11,58.375
PR00003426,WO00003426,2026-05-22,B,P01,P01_L03,SKU003,480,0,0,480,61.962,418,408,10,52.25
PR00003427,WO00003427,2026-05-22,C,P01,P01_L03,SKU008,480,0,0,480,60.302,377,369,8,47.125
PR00003428,WO00003428,2026-05-22,A,P02,P02_L01,SKU003,480,0,0,480,48.8,367,362,5,45.875
PR00003429,WO00003429,2026-05-22,B,P02,P02_L01,SKU003,480,0,0,480,48.8,340,333,7,42.5
PR00003430,WO00003430,2026-05-22,C,P02,P02_L01,SKU002,480,0,0,480,48.8,323,312,11,40.375
PR00003431,WO00003431,2026-05-22,A,P02,P02_L02,SKU005,480,0,13,467,50.42,327,320,7,42.013
PR00003432,WO00003432,2026-05-22,B,P02,P02_L02,SKU004,480,0,8,472,55.9,375,362,13,47.669
PR00003433,WO00003433,2026-05-22,C,P02,P02_L02,SKU003,480,0,0,480,55.9,374,368,6,46.75
PR00003434,WO00003434,2026-05-22,A,P02,P02_L03,SKU007,480,0,0,480,47.0,329,324,5,41.125
PR00003435,WO00003435,2026-05-22,B,P02,P02_L03,SKU003,480,20,0,460,47.0,321,315,6,41.87
PR00003436,WO00003436,2026-05-22,C,P02,P02_L03,SKU007,480,0,0,480,47.0,306,300,6,38.25
PR00003437,WO00003437,2026-05-22,A,P03,P03_L01,SKU004,480,59,0,421,56.693,347,337,10,49.454
PR00003438,WO00003438,2026-05-22,B,P03,P03_L01,SKU004,480,30,0,450,56.693,395,380,15,52.667
PR00003439,WO00003439,2026-05-22,C,P03,P03_L01,SKU001,480,0,0,480,49.793,303,295,8,37.875
PR00003440,WO00003440,2026-05-22,A,P03,P03_L02,SKU006,480,0,0,480,54.878,444,433,11,55.5
PR00003441,WO00003441,2026-05-22,B,P03,P03_L02,SKU002,480,0,20,460,56.6,367,360,7,47.87
PR00003442,WO00003442,2026-05-22,C,P03,P03_L02,SKU005,480,0,0,480,50.42,327,319,8,40.875
PR00003443,WO00003443,2026-05-22,A,P03,P03_L03,SKU001,480,0,0,480,49.793,351,346,5,43.875
PR00003444,WO00003444,2026-05-22,B,P03,P03_L03,SKU001,480,31,0,449,49.793,329,323,6,43.964
PR00003445,WO00003445,2026-05-22,C,P03,P03_L03,SKU004,480,48,0,432,56.693,318,307,11,44.167
PR00003446,WO00003446,2026-05-23,A,P01,P01_L01,SKU007,480,0,0,480,69.9,512,506,6,64.0
PR00003447,WO00003447,2026-05-23,A,P01,P01_L02,SKU004,480,40,0,440,56.693,354,342,12,48.273
PR00003448,WO00003448,2026-05-23,B,P01,P01_L02,SKU001,480,0,0,480,49.793,348,339,9,43.5
PR00003449,WO00003449,2026-05-23,C,P01,P01_L02,SKU008,480,0,34,446,60.302,364,357,7,48.969
PR00003450,WO00003450,2026-05-23,A,P01,P01_L03,SKU006,480,27,23,430,54.878,391,379,12,54.558
PR00003451,WO00003451,2026-05-23,B,P01,P01_L03,SKU003,480,36,13,431,61.962,429,418,11,59.722
PR00003452,WO00003452,2026-05-23,C,P01,P01_L03,SKU004,480,31,0,449,56.693,332,318,14,44.365
PR00003453,WO00003453,2026-05-23,A,P02,P02_L02,SKU004,480,0,0,480,55.9,415,403,12,51.875
PR00003454,WO00003454,2026-05-23,C,P02,P02_L02,SKU004,480,0,0,480,55.9,357,341,16,44.625
PR00003455,WO00003455,2026-05-23,A,P02,P02_L03,SKU007,480,32,0,448,47.0,300,294,6,40.179
PR00003456,WO00003456,2026-05-23,B,P02,P02_L03,SKU007,480,0,21,459,47.0,304,298,6,39.739
PR00003457,WO00003457,2026-05-23,C,P02,P02_L03,SKU001,480,0,0,480,47.0,325,316,9,40.625
PR00003458,WO00003458,2026-05-23,A,P03,P03_L01,SKU001,480,30,0,450,49.793,337,329,8,44.933
PR00003459,WO00003459,2026-05-23,A,P03,P03_L02,SKU006,480,0,49,431,54.878,387,376,11,53.875
PR00003460,WO00003460,2026-05-23,B,P03,P03_L03,SKU004,480,0,0,480,56.693,406,392,14,50.75
PR00003461,WO00003461,2026-05-23,C,P03,P03_L03,SKU004,480,0,0,480,56.693,370,357,13,46.25
PR00003462,WO00003462,2026-05-24,C,P01,P01_L01,SKU005,480,0,0,480,50.42,345,336,9,43.125
PR00003463,WO00003463,2026-05-24,B,P01,P01_L02,SKU001,480,0,0,480,49.793,366,358,8,45.75
PR00003464,WO00003464,2026-05-24,A,P01,P01_L03,SKU003,480,0,0,480,61.962,451,443,8,56.375
PR00003465,WO00003465,2026-05-24,B,P01,P01_L03,SKU003,480,0,0,480,61.962,426,419,7,53.25
PR00003466,WO00003466,2026-05-24,C,P01,P01_L03,SKU003,480,31,0,449,61.962,458,445,13,61.203
PR00003467,WO00003467,2026-05-24,A,P02,P02_L01,SKU004,480,30,73,377,48.8,265,257,8,42.175
PR00003468,WO00003468,2026-05-24,B,P02,P02_L01,SKU001,480,60,25,395,48.8,263,255,8,39.949
PR00003469,WO00003469,2026-05-24,A,P02,P02_L02,SKU007,480,0,0,480,55.9,433,426,7,54.125
PR00003470,WO00003470,2026-05-24,B,P02,P02_L02,SKU003,480,20,52,408,55.9,329,322,7,48.382
PR00003471,WO00003471,2026-05-24,A,P02,P02_L03,SKU003,480,17,0,463,47.0,340,336,4,44.06
PR00003472,WO00003472,2026-05-24,C,P02,P02_L03,SKU003,480,18,0,462,47.0,313,307,6,40.649
PR00003473,WO00003473,2026-05-24,A,P03,P03_L01,SKU001,480,0,0,480,49.793,357,350,7,44.625
PR00003474,WO00003474,2026-05-24,B,P03,P03_L01,SKU001,480,48,0,432,49.793,295,290,5,40.972
PR00003475,WO00003475,2026-05-24,C,P03,P03_L01,SKU001,480,0,0,480,49.793,354,347,7,44.25
PR00003476,WO00003476,2026-05-24,C,P03,P03_L02,SKU001,480,0,0,480,49.793,314,305,9,39.25
PR00003477,WO00003477,2026-05-24,A,P03,P03_L03,SKU004,480,0,0,480,56.693,393,382,11,49.125
PR00003478,WO00003478,2026-05-24,B,P03,P03_L03,SKU006,480,34,50,396,54.878,303,291,12,45.909
PR00003479,WO00003479,2026-05-24,C,P03,P03_L03,SKU006,480,30,0,450,54.878,376,363,13,50.133
PR00003480,WO00003480,2026-05-25,A,P01,P01_L01,SKU001,480,0,0,480,49.793,357,345,12,44.625
PR00003481,WO00003481,2026-05-25,B,P01,P01_L01,SKU001,480,25,0,455,49.793,342,333,9,45.099
PR00003482,WO00003482,2026-05-25,C,P01,P01_L01,SKU005,480,0,0,480,50.42,334,324,10,41.75
PR00003483,WO00003483,2026-05-25,A,P01,P01_L02,SKU004,480,0,0,480,56.693,425,410,15,53.125
PR00003484,WO00003484,2026-05-25,B,P01,P01_L02,SKU001,480,0,0,480,49.793,331,322,9,41.375
PR00003485,WO00003485,2026-05-25,C,P01,P01_L02,SKU004,480,0,0,480,56.693,377,363,14,47.125
PR00003486,WO00003486,2026-05-25,A,P01,P01_L03,SKU007,480,0,0,480,74.2,508,498,10,63.5
PR00003487,WO00003487,2026-05-25,B,P01,P01_L03,SKU003,480,0,0,480,61.962,462,453,9,57.75
PR00003488,WO00003488,2026-05-25,C,P01,P01_L03,SKU003,480,0,53,427,61.962,389,379,10,54.66
PR00003489,WO00003489,2026-05-25,A,P02,P02_L01,SKU006,480,0,0,480,48.8,369,358,11,46.125
PR00003490,WO00003490,2026-05-25,B,P02,P02_L01,SKU003,480,0,0,480,48.8,349,342,7,43.625
PR00003491,WO00003491,2026-05-25,C,P02,P02_L01,SKU001,480,0,0,480,48.8,328,318,10,41.0
PR00003492,WO00003492,2026-05-25,A,P02,P02_L02,SKU008,480,0,13,467,55.9,363,358,5,46.638
PR00003493,WO00003493,2026-05-25,B,P02,P02_L02,SKU002,480,0,0,480,55.9,353,338,15,44.125
PR00003494,WO00003494,2026-05-25,C,P02,P02_L02,SKU002,480,0,8,472,55.9,334,320,14,42.458
PR00003495,WO00003495,2026-05-25,A,P02,P02_L03,SKU002,480,0,0,480,47.0,325,314,11,40.625
PR00003496,WO00003496,2026-05-25,B,P02,P02_L03,SKU003,480,0,0,480,47.0,344,337,7,43.0
PR00003497,WO00003497,2026-05-25,C,P02,P02_L03,SKU003,480,0,35,445,47.0,316,306,10,42.607
PR00003498,WO00003498,2026-05-25,A,P03,P03_L01,SKU001,480,34,0,446,49.793,338,329,9,45.471
PR00003499,WO00003499,2026-05-25,B,P03,P03_L01,SKU004,480,0,0,480,56.693,382,370,12,47.75
PR00003500,WO00003500,2026-05-25,C,P03,P03_L01,SKU004,480,0,0,480,56.693,373,358,15,46.625
PR00003501,WO00003501,2026-05-25,A,P03,P03_L02,SKU006,480,23,0,457,54.878,396,385,11,51.991
PR00003502,WO00003502,2026-05-25,B,P03,P03_L02,SKU006,480,17,0,463,54.878,375,363,12,48.596
PR00003503,WO00003503,2026-05-25,C,P03,P03_L02,SKU001,480,23,0,457,49.793,293,285,8,38.468
PR00003504,WO00003504,2026-05-25,A,P03,P03_L03,SKU003,480,0,49,431,58.1,382,372,10,53.179
PR00003505,WO00003505,2026-05-25,B,P03,P03_L03,SKU004,480,0,0,480,56.693,391,377,14,48.875
PR00003506,WO00003506,2026-05-25,C,P03,P03_L03,SKU003,480,30,25,425,58.1,349,343,6,49.271
PR00003507,WO00003507,2026-05-26,A,P01,P01_L01,SKU001,480,0,0,480,49.793,366,357,9,45.75
PR00003508,WO00003508,2026-05-26,B,P01,P01_L01,SKU008,480,0,12,468,60.302,403,396,7,51.667
PR00003509,WO00003509,2026-05-26,C,P01,P01_L01,SKU004,480,0,0,480,56.693,390,375,15,48.75
PR00003510,WO00003510,2026-05-26,A,P01,P01_L02,SKU001,480,30,15,435,49.793,331,323,8,45.655
PR00003511,WO00003511,2026-05-26,B,P01,P01_L02,SKU001,480,0,30,450,49.793,336,326,10,44.8
PR00003512,WO00003512,2026-05-26,C,P01,P01_L02,SKU002,480,0,0,480,65.2,434,415,19,54.25
PR00003513,WO00003513,2026-05-26,A,P01,P01_L03,SKU003,480,20,0,460,61.962,457,446,11,59.609
PR00003514,WO00003514,2026-05-26,B,P01,P01_L03,SKU004,480,0,0,480,56.693,390,371,19,48.75
PR00003515,WO00003515,2026-05-26,C,P01,P01_L03,SKU008,480,0,0,480,60.302,410,402,8,51.25
PR00003516,WO00003516,2026-05-26,A,P02,P02_L01,SKU003,480,0,0,480,48.8,372,362,10,46.5
PR00003517,WO00003517,2026-05-26,B,P02,P02_L01,SKU003,480,31,0,449,48.8,315,309,6,42.094
PR00003518,WO00003518,2026-05-26,C,P02,P02_L01,SKU005,480,24,0,456,48.8,298,291,7,39.211
PR00003519,WO00003519,2026-05-26,A,P02,P02_L02,SKU003,480,0,21,459,55.9,420,410,10,54.902
PR00003520,WO00003520,2026-05-26,B,P02,P02_L02,SKU002,480,27,0,453,55.9,359,346,13,47.55
PR00003521,WO00003521,2026-05-26,C,P02,P02_L02,SKU008,480,0,0,480,55.9,372,366,6,46.5
PR00003522,WO00003522,2026-05-26,A,P02,P02_L03,SKU004,480,56,20,404,47.0,307,296,11,45.594
PR00003523,WO00003523,2026-05-26,B,P02,P02_L03,SKU001,480,0,0,480,47.0,328,323,5,41.0
PR00003524,WO00003524,2026-05-26,C,P02,P02_L03,SKU007,480,0,0,480,47.0,302,297,5,37.75
PR00003525,WO00003525,2026-05-26,A,P03,P03_L01,SKU004,480,39,0,441,56.693,356,344,12,48.435
PR00003526,WO00003526,2026-05-26,B,P03,P03_L01,SKU004,480,0,0,480,56.693,387,376,11,48.375
PR00003527,WO00003527,2026-05-26,C,P03,P03_L01,SKU004,480,0,0,480,56.693,377,363,14,47.125
PR00003528,WO00003528,2026-05-26,A,P03,P03_L02,SKU008,480,28,0,452,56.6,354,351,3,46.991
PR00003529,WO00003529,2026-05-26,B,P03,P03_L02,SKU001,480,0,0,480,49.793,351,341,10,43.875
PR00003530,WO00003530,2026-05-26,C,P03,P03_L02,SKU006,480,0,0,480,54.878,383,371,12,47.875
PR00003531,WO00003531,2026-05-26,A,P03,P03_L03,SKU006,480,0,0,480,54.878,446,435,11,55.75
PR00003532,WO00003532,2026-05-26,B,P03,P03_L03,SKU006,480,0,0,480,54.878,403,392,11,50.375
PR00003533,WO00003533,2026-05-26,C,P03,P03_L03,SKU008,480,0,0,480,58.1,385,377,8,48.125
PR00003534,WO00003534,2026-05-27,A,P01,P01_L01,SKU001,480,0,0,480,49.793,369,362,7,46.125
PR00003535,WO00003535,2026-05-27,B,P01,P01_L01,SKU001,480,22,0,458,49.793,331,322,9,43.362
PR00003536,WO00003536,2026-05-27,C,P01,P01_L01,SKU005,480,18,0,462,50.42,315,305,10,40.909
PR00003537,WO00003537,2026-05-27,A,P01,P01_L02,SKU001,480,0,0,480,49.793,359,351,8,44.875
PR00003538,WO00003538,2026-05-27,B,P01,P01_L02,SKU008,480,0,0,480,60.302,430,421,9,53.75
PR00003539,WO00003539,2026-05-27,C,P01,P01_L02,SKU001,480,0,0,480,49.793,353,344,9,44.125
PR00003540,WO00003540,2026-05-27,A,P01,P01_L03,SKU003,480,39,0,441,61.962,423,416,7,57.551
PR00003541,WO00003541,2026-05-27,B,P01,P01_L03,SKU003,480,0,21,459,61.962,440,431,9,57.516
PR00003542,WO00003542,2026-05-27,C,P01,P01_L03,SKU003,480,39,0,441,61.962,438,427,11,59.592
PR00003543,WO00003543,2026-05-27,A,P02,P02_L01,SKU003,480,0,0,480,48.8,367,361,6,45.875
PR00003544,WO00003544,2026-05-27,B,P02,P02_L01,SKU001,480,0,0,480,48.8,320,312,8,40.0
PR00003545,WO00003545,2026-05-27,C,P02,P02_L01,SKU003,480,41,0,439,48.8,309,300,9,42.232
PR00003546,WO00003546,2026-05-27,A,P02,P02_L02,SKU002,480,39,0,441,55.9,349,338,11,47.483
PR00003547,WO00003547,2026-05-27,B,P02,P02_L02,SKU002,480,0,45,435,55.9,341,327,14,47.034
PR00003548,WO00003548,2026-05-27,C,P02,P02_L02,SKU004,480,32,0,448,55.9,344,332,12,46.071
PR00003549,WO00003549,2026-05-27,A,P02,P02_L03,SKU003,480,0,11,469,47.0,328,319,9,41.962
PR00003550,WO00003550,2026-05-27,B,P02,P02_L03,SKU003,480,0,14,466,47.0,352,343,9,45.322
PR00003551,WO00003551,2026-05-27,C,P02,P02_L03,SKU003,480,28,0,452,47.0,323,316,7,42.876
PR00003552,WO00003552,2026-05-27,A,P03,P03_L01,SKU006,480,0,0,480,54.878,436,423,13,54.5
PR00003553,WO00003553,2026-05-27,B,P03,P03_L01,SKU001,480,0,0,480,49.793,345,338,7,43.125
PR00003554,WO00003554,2026-05-27,C,P03,P03_L01,SKU001,480,35,19,426,49.793,299,290,9,42.113
PR00003555,WO00003555,2026-05-27,A,P03,P03_L02,SKU006,480,27,52,401,54.878,352,342,10,52.668
PR00003556,WO00003556,2026-05-27,B,P03,P03_L02,SKU005,480,0,13,467,50.42,326,316,10,41.884
PR00003557,WO00003557,2026-05-27,C,P03,P03_L02,SKU006,480,35,0,445,54.878,361,351,10,48.674
PR00003558,WO00003558,2026-05-27,A,P03,P03_L03,SKU004,480,0,0,480,56.693,406,394,12,50.75
PR00003559,WO00003559,2026-05-27,B,P03,P03_L03,SKU006,480,40,0,440,54.878,353,343,10,48.136
PR00003560,WO00003560,2026-05-27,C,P03,P03_L03,SKU004,480,0,0,480,56.693,373,360,13,46.625
PR00003561,WO00003561,2026-05-28,A,P01,P01_L01,SKU004,480,0,62,418,56.693,367,351,16,52.679
PR00003562,WO00003562,2026-05-28,B,P01,P01_L01,SKU005,480,0,0,480,50.42,339,332,7,42.375
PR00003563,WO00003563,2026-05-28,C,P01,P01_L01,SKU007,480,33,0,447,69.9,435,431,4,58.389
PR00003564,WO00003564,2026-05-28,A,P01,P01_L02,SKU002,480,0,100,380,65.2,362,348,14,57.158
PR00003565,WO00003565,2026-05-28,B,P01,P01_L02,SKU006,480,0,31,449,54.878,351,340,11,46.904
PR00003566,WO00003566,2026-05-28,C,P01,P01_L02,SKU001,480,0,0,480,49.793,334,325,9,41.75
PR00003567,WO00003567,2026-05-28,A,P01,P01_L03,SKU008,480,0,17,463,60.302,428,421,7,55.464
PR00003568,WO00003568,2026-05-28,B,P01,P01_L03,SKU003,480,0,0,480,61.962,445,434,11,55.625
PR00003569,WO00003569,2026-05-28,C,P01,P01_L03,SKU007,480,0,0,480,74.2,526,515,11,65.75
PR00003570,WO00003570,2026-05-28,A,P02,P02_L01,SKU004,480,21,76,383,48.8,291,279,12,45.587
PR00003571,WO00003571,2026-05-28,B,P02,P02_L01,SKU001,480,0,0,480,48.8,333,325,8,41.625
PR00003572,WO00003572,2026-05-28,C,P02,P02_L01,SKU003,480,0,0,480,48.8,329,320,9,41.125
PR00003573,WO00003573,2026-05-28,A,P02,P02_L02,SKU002,480,32,0,448,55.9,346,333,13,46.339
PR00003574,WO00003574,2026-05-28,B,P02,P02_L02,SKU001,480,0,10,470,49.793,330,321,9,42.128
PR00003575,WO00003575,2026-05-28,C,P02,P02_L02,SKU002,480,19,0,461,55.9,347,336,11,45.163
PR00003576,WO00003576,2026-05-28,A,P02,P02_L03,SKU005,480,0,0,480,47.0,289,281,8,36.125
PR00003577,WO00003577,2026-05-28,B,P02,P02_L03,SKU007,480,30,0,450,47.0,290,284,6,38.667
PR00003578,WO00003578,2026-05-28,C,P02,P02_L03,SKU002,480,0,0,480,47.0,292,277,15,36.5
PR00003579,WO00003579,2026-05-28,A,P03,P03_L01,SKU004,480,51,0,429,56.693,373,360,13,52.168
PR00003580,WO00003580,2026-05-28,B,P03,P03_L01,SKU004,480,30,0,450,56.693,386,374,12,51.467
PR00003581,WO00003581,2026-05-28,C,P03,P03_L01,SKU006,480,41,8,431,54.878,353,340,13,49.142
PR00003582,WO00003582,2026-05-28,A,P03,P03_L02,SKU006,480,0,27,453,54.878,399,390,9,52.848
PR00003583,WO00003583,2026-05-28,B,P03,P03_L02,SKU004,480,37,0,443,56.6,358,345,13,48.488
PR00003584,WO00003584,2026-05-28,C,P03,P03_L02,SKU002,480,81,0,399,56.6,300,289,11,45.113
PR00003585,WO00003585,2026-05-28,A,P03,P03_L03,SKU004,480,0,0,480,56.693,399,386,13,49.875
PR00003586,WO00003586,2026-05-28,B,P03,P03_L03,SKU001,480,0,0,480,49.793,345,334,11,43.125
PR00003587,WO00003587,2026-05-28,C,P03,P03_L03,SKU003,480,26,0,454,58.1,364,355,9,48.106
PR00003588,WO00003588,2026-05-29,A,P01,P01_L01,SKU002,480,26,39,415,69.9,415,399,16,60.0
PR00003589,WO00003589,2026-05-29,B,P01,P01_L01,SKU001,480,0,0,480,49.793,347,339,8,43.375
PR00003590,WO00003590,2026-05-29,C,P01,P01_L01,SKU005,480,13,0,467,50.42,320,311,9,41.113
PR00003591,WO00003591,2026-05-29,A,P01,P01_L02,SKU001,480,0,0,480,49.793,364,354,10,45.5
PR00003592,WO00003592,2026-05-29,B,P01,P01_L02,SKU008,480,46,0,434,60.302,367,361,6,50.737
PR00003593,WO00003593,2026-05-29,C,P01,P01_L02,SKU008,480,24,18,438,60.302,353,347,6,48.356
PR00003594,WO00003594,2026-05-29,A,P01,P01_L03,SKU008,480,0,0,480,60.302,412,407,5,51.5
PR00003595,WO00003595,2026-05-29,B,P01,P01_L03,SKU003,480,39,0,441,61.962,423,416,7,57.551
PR00003596,WO00003596,2026-05-29,C,P01,P01_L03,SKU008,480,0,0,480,60.302,391,384,7,48.875
PR00003597,WO00003597,2026-05-29,A,P02,P02_L01,SKU006,480,0,0,480,48.8,355,346,9,44.375
PR00003598,WO00003598,2026-05-29,B,P02,P02_L01,SKU001,480,0,0,480,48.8,343,336,7,42.875
PR00003599,WO00003599,2026-05-29,C,P02,P02_L01,SKU001,480,0,16,464,48.8,313,304,9,40.474
PR00003600,WO00003600,2026-05-29,A,P02,P02_L02,SKU006,480,26,15,439,54.878,371,361,10,50.706
PR00003601,WO00003601,2026-05-29,B,P02,P02_L02,SKU006,480,0,0,480,54.878,387,374,13,48.375
PR00003602,WO00003602,2026-05-29,C,P02,P02_L02,SKU003,480,42,0,438,55.9,340,331,9,46.575
PR00003603,WO00003603,2026-05-29,A,P02,P02_L03,SKU007,480,0,15,465,47.0,330,326,4,42.581
PR00003604,WO00003604,2026-05-29,B,P02,P02_L03,SKU005,480,0,0,480,47.0,321,313,8,40.125
PR00003605,WO00003605,2026-05-29,C,P02,P02_L03,SKU007,480,0,0,480,47.0,316,311,5,39.5
PR00003606,WO00003606,2026-05-29,A,P03,P03_L01,SKU003,480,0,0,480,57.7,414,407,7,51.75
PR00003607,WO00003607,2026-05-29,B,P03,P03_L01,SKU004,480,39,0,441,56.693,361,351,10,49.116
PR00003608,WO00003608,2026-05-29,C,P03,P03_L01,SKU001,480,0,0,480,49.793,331,323,8,41.375
PR00003609,WO00003609,2026-05-29,A,P03,P03_L02,SKU006,480,0,0,480,54.878,408,399,9,51.0
PR00003610,WO00003610,2026-05-29,B,P03,P03_L02,SKU006,480,0,0,480,54.878,358,346,12,44.75
PR00003611,WO00003611,2026-05-29,C,P03,P03_L02,SKU006,480,31,34,415,54.878,314,304,10,45.398
PR00003612,WO00003612,2026-05-29,A,P03,P03_L03,SKU004,480,0,0,480,56.693,393,379,14,49.125
PR00003613,WO00003613,2026-05-29,B,P03,P03_L03,SKU001,480,0,0,480,49.793,353,347,6,44.125
PR00003614,WO00003614,2026-05-29,C,P03,P03_L03,SKU001,480,77,40,363,49.793,255,249,6,42.149
PR00003615,WO00003615,2026-05-30,A,P01,P01_L01,SKU001,480,19,0,461,49.793,348,339,9,45.293
PR00003616,WO00003616,2026-05-30,C,P01,P01_L01,SKU005,480,29,0,451,50.42,295,287,8,39.246
PR00003617,WO00003617,2026-05-30,A,P01,P01_L02,SKU004,480,37,0,443,56.693,371,354,17,50.248
PR00003618,WO00003618,2026-05-30,B,P01,P01_L02,SKU004,480,40,0,440,56.693,350,336,14,47.727
PR00003619,WO00003619,2026-05-30,C,P01,P01_L02,SKU001,480,0,0,480,49.793,368,356,12,46.0
PR00003620,WO00003620,2026-05-30,A,P01,P01_L03,SKU008,480,30,0,450,60.302,397,390,7,52.933
PR00003621,WO00003621,2026-05-30,C,P01,P01_L03,SKU003,480,23,0,457,61.962,398,386,12,52.254
PR00003622,WO00003622,2026-05-30,B,P02,P02_L01,SKU004,480,35,29,416,48.8,264,257,7,38.077
PR00003623,WO00003623,2026-05-30,C,P02,P02_L01,SKU001,480,33,0,447,48.8,297,289,8,39.866
PR00003624,WO00003624,2026-05-30,B,P02,P02_L02,SKU002,480,0,14,466,55.9,381,368,13,49.056
PR00003625,WO00003625,2026-05-30,C,P02,P02_L02,SKU004,480,27,0,453,55.9,327,313,14,43.311
PR00003626,WO00003626,2026-05-30,A,P02,P02_L03,SKU003,480,29,20,431,47.0,334,329,5,46.497
PR00003627,WO00003627,2026-05-30,C,P02,P02_L03,SKU007,480,30,0,450,47.0,309,306,3,41.2
PR00003628,WO00003628,2026-05-30,B,P03,P03_L01,SKU002,480,52,0,428,57.7,355,347,8,49.766
PR00003629,WO00003629,2026-05-30,A,P03,P03_L02,SKU004,480,19,0,461,56.6,384,369,15,49.978
PR00003630,WO00003630,2026-05-30,B,P03,P03_L02,SKU004,480,70,69,341,56.6,287,278,9,50.499
PR00003631,WO00003631,2026-05-30,A,P03,P03_L03,SKU007,480,0,0,480,58.1,419,413,6,52.375
PR00003632,WO00003632,2026-05-30,C,P03,P03_L03,SKU003,480,0,0,480,58.1,395,389,6,49.375
PR00003633,WO00003633,2026-05-31,A,P01,P01_L01,SKU001,480,0,0,480,49.793,387,373,14,48.375
PR00003634,WO00003634,2026-05-31,B,P01,P01_L02,SKU004,480,67,11,402,56.693,325,311,14,48.507
PR00003635,WO00003635,2026-05-31,C,P01,P01_L02,SKU004,480,0,74,406,56.693,326,312,14,48.177
PR00003636,WO00003636,2026-05-31,A,P01,P01_L03,SKU003,480,17,0,463,61.962,463,450,13,60.0
PR00003637,WO00003637,2026-05-31,B,P01,P01_L03,SKU003,480,71,0,409,61.962,375,366,9,55.012
PR00003638,WO00003638,2026-05-31,B,P02,P02_L01,SKU001,480,71,0,409,48.8,283,275,8,41.516
PR00003639,WO00003639,2026-05-31,C,P02,P02_L01,SKU001,480,0,0,480,48.8,339,330,9,42.375
PR00003640,WO00003640,2026-05-31,A,P02,P02_L02,SKU002,480,0,0,480,55.9,366,350,16,45.75
PR00003641,WO00003641,2026-05-31,C,P02,P02_L02,SKU004,480,0,0,480,55.9,369,355,14,46.125
PR00003642,WO00003642,2026-05-31,B,P02,P02_L03,SKU003,480,50,0,430,47.0,305,299,6,42.558
PR00003643,WO00003643,2026-05-31,C,P02,P02_L03,SKU005,480,46,22,412,47.0,256,249,7,37.282
PR00003644,WO00003644,2026-05-31,B,P03,P03_L01,SKU001,480,50,0,430,49.793,321,314,7,44.791
PR00003645,WO00003645,2026-05-31,C,P03,P03_L01,SKU001,480,31,0,449,49.793,301,294,7,40.223
PR00003646,WO00003646,2026-05-31,B,P03,P03_L02,SKU002,480,0,14,466,56.6,369,355,14,47.511
PR00003647,WO00003647,2026-05-31,C,P03,P03_L02,SKU004,480,0,0,480,56.6,354,341,13,44.25
PR00003648,WO00003648,2026-06-01,A,P01,P01_L01,SKU005,480,0,0,480,50.42,346,340,6,43.25
PR00003649,WO00003649,2026-06-01,B,P01,P01_L01,SKU001,480,0,0,480,49.793,344,337,7,43.0
PR00003650,WO00003650,2026-06-01,C,P01,P01_L01,SKU006,480,0,0,480,54.878,391,376,15,48.875
PR00003651,WO00003651,2026-06-01,A,P01,P01_L02,SKU004,480,0,0,480,56.693,402,385,17,50.25
PR00003652,WO00003652,2026-06-01,B,P01,P01_L02,SKU001,480,0,55,425,49.793,303,295,8,42.776
PR00003653,WO00003653,2026-06-01,C,P01,P01_L02,SKU005,480,0,0,480,50.42,340,332,8,42.5
PR00003654,WO00003654,2026-06-01,A,P01,P01_L03,SKU008,480,26,0,454,60.302,375,369,6,49.559
PR00003655,WO00003655,2026-06-01,B,P01,P01_L03,SKU003,480,0,7,473,61.962,470,459,11,59.619
PR00003656,WO00003656,2026-06-01,C,P01,P01_L03,SKU003,480,0,0,480,61.962,429,417,12,53.625
PR00003657,WO00003657,2026-06-01,A,P02,P02_L01,SKU002,480,15,0,465,48.8,288,278,10,37.161
PR00003658,WO00003658,2026-06-01,B,P02,P02_L01,SKU001,480,0,24,456,48.8,295,289,6,38.816
PR00003659,WO00003659,2026-06-01,C,P02,P02_L01,SKU004,480,39,0,441,48.8,293,282,11,39.864
PR00003660,WO00003660,2026-06-01,A,P02,P02_L02,SKU004,480,60,0,420,55.9,349,335,14,49.857
PR00003661,WO00003661,2026-06-01,B,P02,P02_L02,SKU002,480,20,0,460,55.9,363,347,16,47.348
PR00003662,WO00003662,2026-06-01,C,P02,P02_L02,SKU002,480,0,0,480,55.9,335,321,14,41.875
PR00003663,WO00003663,2026-06-01,A,P02,P02_L03,SKU003,480,0,0,480,47.0,333,327,6,41.625
PR00003664,WO00003664,2026-06-01,B,P02,P02_L03,SKU003,480,19,59,402,47.0,275,268,7,41.045
PR00003665,WO00003665,2026-06-01,C,P02,P02_L03,SKU001,480,17,14,449,47.0,290,282,8,38.753
PR00003666,WO00003666,2026-06-01,A,P03,P03_L01,SKU001,480,28,0,452,49.793,370,360,10,49.115
PR00003667,WO00003667,2026-06-01,B,P03,P03_L01,SKU001,480,0,0,480,49.793,344,339,5,43.0
PR00003668,WO00003668,2026-06-01,C,P03,P03_L01,SKU002,480,53,0,427,57.7,325,312,13,45.667
PR00003669,WO00003669,2026-06-01,A,P03,P03_L02,SKU006,480,0,74,406,54.878,291,284,7,43.005
PR00003670,WO00003670,2026-06-01,B,P03,P03_L02,SKU006,480,31,0,449,54.878,358,348,10,47.84
PR00003671,WO00003671,2026-06-01,C,P03,P03_L02,SKU006,480,43,0,437,54.878,356,347,9,48.879
PR00003672,WO00003672,2026-06-01,A,P03,P03_L03,SKU001,480,0,39,441,49.793,317,310,7,43.129
PR00003673,WO00003673,2026-06-01,B,P03,P03_L03,SKU001,480,27,52,401,49.793,283,275,8,42.344
PR00003674,WO00003674,2026-06-01,C,P03,P03_L03,SKU004,480,0,0,480,56.693,380,366,14,47.5
PR00003675,WO00003675,2026-06-02,A,P01,P01_L01,SKU001,480,0,0,480,49.793,347,339,8,43.375
PR00003676,WO00003676,2026-06-02,B,P01,P01_L01,SKU004,480,37,8,435,56.693,372,358,14,51.31
PR00003677,WO00003677,2026-06-02,C,P01,P01_L01,SKU004,480,0,0,480,56.693,368,353,15,46.0
PR00003678,WO00003678,2026-06-02,A,P01,P01_L02,SKU004,480,0,109,371,56.693,307,296,11,49.65
PR00003679,WO00003679,2026-06-02,B,P01,P01_L02,SKU003,480,20,0,460,61.962,457,444,13,59.609
PR00003680,WO00003680,2026-06-02,C,P01,P01_L02,SKU004,480,37,0,443,56.693,354,341,13,47.946
PR00003681,WO00003681,2026-06-02,A,P01,P01_L03,SKU003,480,0,0,480,61.962,480,469,11,60.0
PR00003682,WO00003682,2026-06-02,B,P01,P01_L03,SKU008,480,0,0,480,60.302,399,390,9,49.875
PR00003683,WO00003683,2026-06-02,C,P01,P01_L03,SKU003,480,0,28,452,61.962,413,405,8,54.823
PR00003684,WO00003684,2026-06-02,A,P02,P02_L01,SKU005,480,56,25,399,48.8,285,279,6,42.857
PR00003685,WO00003685,2026-06-02,B,P02,P02_L01,SKU006,480,76,0,404,48.8,290,283,7,43.069
PR00003686,WO00003686,2026-06-02,C,P02,P02_L01,SKU003,480,0,0,480,48.8,318,311,7,39.75
PR00003687,WO00003687,2026-06-02,A,P02,P02_L02,SKU002,480,33,0,447,55.9,361,349,12,48.456
PR00003688,WO00003688,2026-06-02,B,P02,P02_L02,SKU001,480,37,0,443,49.793,326,318,8,44.153
PR00003689,WO00003689,2026-06-02,C,P02,P02_L02,SKU006,480,0,14,466,54.878,358,347,11,46.094
PR00003690,WO00003690,2026-06-02,A,P02,P02_L03,SKU008,480,19,10,451,47.0,300,296,4,39.911
PR00003691,WO00003691,2026-06-02,B,P02,P02_L03,SKU007,480,33,0,447,47.0,299,296,3,40.134
PR00003692,WO00003692,2026-06-02,C,P02,P02_L03,SKU002,480,0,19,461,47.0,287,276,11,37.354
PR00003693,WO00003693,2026-06-02,A,P03,P03_L01,SKU001,480,0,0,480,49.793,363,355,8,45.375
PR00003694,WO00003694,2026-06-02,B,P03,P03_L01,SKU003,480,72,34,374,57.7,345,337,8,55.348
PR00003695,WO00003695,2026-06-02,C,P03,P03_L01,SKU003,480,22,64,394,57.7,328,322,6,49.949
PR00003696,WO00003696,2026-06-02,A,P03,P03_L02,SKU001,480,0,0,480,49.793,341,333,8,42.625
PR00003697,WO00003697,2026-06-02,B,P03,P03_L02,SKU006,480,0,0,480,54.878,394,388,6,49.25
PR00003698,WO00003698,2026-06-02,C,P03,P03_L02,SKU001,480,0,0,480,49.793,336,327,9,42.0
PR00003699,WO00003699,2026-06-02,A,P03,P03_L03,SKU004,480,26,0,454,56.693,383,372,11,50.617
PR00003700,WO00003700,2026-06-02,B,P03,P03_L03,SKU003,480,0,0,480,58.1,418,409,9,52.25
PR00003701,WO00003701,2026-06-02,C,P03,P03_L03,SKU004,480,0,0,480,56.693,353,341,12,44.125
PR00003702,WO00003702,2026-06-03,A,P01,P01_L01,SKU006,480,0,0,480,54.878,436,423,13,54.5
PR00003703,WO00003703,2026-06-03,B,P01,P01_L01,SKU001,480,30,0,450,49.793,335,326,9,44.667
PR00003704,WO00003704,2026-06-03,C,P01,P01_L01,SKU007,480,0,41,439,69.9,435,430,5,59.453
PR00003705,WO00003705,2026-06-03,A,P01,P01_L02,SKU004,480,32,0,448,56.693,388,373,15,51.964
PR00003706,WO00003706,2026-06-03,B,P01,P01_L02,SKU006,480,28,0,452,54.878,389,375,14,51.637
PR00003707,WO00003707,2026-06-03,C,P01,P01_L02,SKU006,480,0,0,480,54.878,366,353,13,45.75
PR00003708,WO00003708,2026-06-03,A,P01,P01_L03,SKU003,480,35,0,445,61.962,450,440,10,60.674
PR00003709,WO00003709,2026-06-03,B,P01,P01_L03,SKU003,480,49,0,431,61.962,434,425,9,60.418
PR00003710,WO00003710,2026-06-03,C,P01,P01_L03,SKU008,480,25,0,455,60.302,381,376,5,50.242
PR00003711,WO00003711,2026-06-03,A,P02,P02_L01,SKU003,480,0,0,480,48.8,378,371,7,47.25
PR00003712,WO00003712,2026-06-03,B,P02,P02_L01,SKU002,480,0,0,480,48.8,308,294,14,38.5
PR00003713,WO00003713,2026-06-03,C,P02,P02_L01,SKU003,480,0,0,480,48.8,309,301,8,38.625
PR00003714,WO00003714,2026-06-03,A,P02,P02_L02,SKU002,480,38,0,442,55.9,350,336,14,47.511
PR00003715,WO00003715,2026-06-03,B,P02,P02_L02,SKU002,480,61,16,403,55.9,301,289,12,44.814
PR00003716,WO00003716,2026-06-03,C,P02,P02_L02,SKU002,480,0,0,480,55.9,350,338,12,43.75
PR00003717,WO00003717,2026-06-03,A,P02,P02_L03,SKU001,480,38,0,442,47.0,282,276,6,38.281
PR00003718,WO00003718,2026-06-03,B,P02,P02_L03,SKU007,480,33,0,447,47.0,281,278,3,37.718
PR00003719,WO00003719,2026-06-03,C,P02,P02_L03,SKU004,480,21,0,459,47.0,292,282,10,38.17
PR00003720,WO00003720,2026-06-03,A,P03,P03_L01,SKU001,480,0,37,443,49.793,362,354,8,49.029
PR00003721,WO00003721,2026-06-03,B,P03,P03_L01,SKU004,480,0,0,480,56.693,421,406,15,52.625
PR00003722,WO00003722,2026-06-03,C,P03,P03_L01,SKU003,480,27,0,453,57.7,419,409,10,55.497
PR00003723,WO00003723,2026-06-03,A,P03,P03_L02,SKU001,480,0,18,462,49.793,343,335,8,44.545
PR00003724,WO00003724,2026-06-03,B,P03,P03_L02,SKU001,480,0,16,464,49.793,334,327,7,43.19
PR00003725,WO00003725,2026-06-03,C,P03,P03_L02,SKU006,480,0,0,480,54.878,377,365,12,47.125
PR00003726,WO00003726,2026-06-03,A,P03,P03_L03,SKU001,480,0,0,480,49.793,355,348,7,44.375
PR00003727,WO00003727,2026-06-03,B,P03,P03_L03,SKU006,480,19,0,461,54.878,394,385,9,51.28
PR00003728,WO00003728,2026-06-03,C,P03,P03_L03,SKU005,480,0,0,480,50.42,318,310,8,39.75
PR00003729,WO00003729,2026-06-04,A,P01,P01_L01,SKU002,480,21,23,436,69.9,466,448,18,64.128
PR00003730,WO00003730,2026-06-04,B,P01,P01_L01,SKU005,480,0,17,463,50.42,330,319,11,42.765
PR00003731,WO00003731,2026-06-04,C,P01,P01_L01,SKU005,480,0,0,480,50.42,353,340,13,44.125
PR00003732,WO00003732,2026-06-04,A,P01,P01_L02,SKU001,480,0,0,480,49.793,390,380,10,48.75
PR00003733,WO00003733,2026-06-04,B,P01,P01_L02,SKU008,480,0,24,456,60.302,396,388,8,52.105
PR00003734,WO00003734,2026-06-04,C,P01,P01_L02,SKU003,480,0,0,480,61.962,436,424,12,54.5
PR00003735,WO00003735,2026-06-04,A,P01,P01_L03,SKU003,480,0,150,330,61.962,330,322,8,60.0
PR00003736,WO00003736,2026-06-04,B,P01,P01_L03,SKU003,480,43,0,437,61.962,410,400,10,56.293
PR00003737,WO00003737,2026-06-04,C,P01,P01_L03,SKU003,480,0,0,480,61.962,445,436,9,55.625
PR00003738,WO00003738,2026-06-04,A,P02,P02_L01,SKU003,480,33,0,447,48.8,313,307,6,42.013
PR00003739,WO00003739,2026-06-04,B,P02,P02_L01,SKU001,480,0,0,480,48.8,329,323,6,41.125
PR00003740,WO00003740,2026-06-04,C,P02,P02_L01,SKU006,480,38,0,442,48.8,328,317,11,44.525
PR00003741,WO00003741,2026-06-04,A,P02,P02_L02,SKU002,480,12,0,468,55.9,375,361,14,48.077
PR00003742,WO00003742,2026-06-04,B,P02,P02_L02,SKU002,480,0,0,480,55.9,348,335,13,43.5
PR00003743,WO00003743,2026-06-04,C,P02,P02_L02,SKU002,480,29,0,451,55.9,341,329,12,45.366
PR00003744,WO00003744,2026-06-04,A,P02,P02_L03,SKU003,480,29,0,451,47.0,342,339,3,45.499
PR00003745,WO00003745,2026-06-04,B,P02,P02_L03,SKU005,480,27,0,453,47.0,283,275,8,37.483
PR00003746,WO00003746,2026-06-04,C,P02,P02_L03,SKU005,480,33,0,447,47.0,265,258,7,35.57
PR00003747,WO00003747,2026-06-04,A,P03,P03_L01,SKU003,480,0,0,480,57.7,437,431,6,54.625
PR00003748,WO00003748,2026-06-04,B,P03,P03_L01,SKU001,480,0,15,465,49.793,355,346,9,45.806
PR00003749,WO00003749,2026-06-04,C,P03,P03_L01,SKU003,480,0,0,480,57.7,404,397,7,50.5
PR00003750,WO00003750,2026-06-04,A,P03,P03_L02,SKU001,480,0,0,480,49.793,350,342,8,43.75
PR00003751,WO00003751,2026-06-04,B,P03,P03_L02,SKU004,480,0,0,480,56.6,404,393,11,50.5
PR00003752,WO00003752,2026-06-04,C,P03,P03_L02,SKU006,480,0,20,460,54.878,347,336,11,45.261
PR00003753,WO00003753,2026-06-04,A,P03,P03_L03,SKU006,480,14,0,466,54.878,400,392,8,51.502
PR00003754,WO00003754,2026-06-04,B,P03,P03_L03,SKU001,480,39,0,441,49.793,321,312,9,43.673
PR00003755,WO00003755,2026-06-04,C,P03,P03_L03,SKU004,480,0,0,480,56.693,383,369,14,47.875
PR00003756,WO00003756,2026-06-05,A,P01,P01_L01,SKU005,480,0,12,468,50.42,323,314,9,41.41
PR00003757,WO00003757,2026-06-05,B,P01,P01_L01,SKU001,480,21,0,459,49.793,348,338,10,45.49
PR00003758,WO00003758,2026-06-05,C,P01,P01_L01,SKU001,480,0,0,480,49.793,334,324,10,41.75
PR00003759,WO00003759,2026-06-05,A,P01,P01_L02,SKU008,480,0,0,480,60.302,447,440,7,55.875
PR00003760,WO00003760,2026-06-05,B,P01,P01_L02,SKU004,480,0,0,480,56.693,421,405,16,52.625
PR00003761,WO00003761,2026-06-05,C,P01,P01_L02,SKU006,480,38,0,442,54.878,367,352,15,49.819
PR00003762,WO00003762,2026-06-05,A,P01,P01_L03,SKU003,480,0,0,480,61.962,470,464,6,58.75
PR00003763,WO00003763,2026-06-05,B,P01,P01_L03,SKU003,480,0,21,459,61.962,437,427,10,57.124
PR00003764,WO00003764,2026-06-05,C,P01,P01_L03,SKU003,480,0,0,480,61.962,415,406,9,51.875
PR00003765,WO00003765,2026-06-05,A,P02,P02_L01,SKU003,480,17,0,463,48.8,338,334,4,43.801
PR00003766,WO00003766,2026-06-05,B,P02,P02_L01,SKU006,480,35,0,445,48.8,338,328,10,45.573
PR00003767,WO00003767,2026-06-05,C,P02,P02_L01,SKU001,480,33,0,447,48.8,290,281,9,38.926
PR00003768,WO00003768,2026-06-05,A,P02,P02_L02,SKU002,480,0,0,480,55.9,377,364,13,47.125
PR00003769,WO00003769,2026-06-05,B,P02,P02_L02,SKU006,480,0,32,448,54.878,365,353,12,48.884
PR00003770,WO00003770,2026-06-05,C,P02,P02_L02,SKU002,480,25,24,431,55.9,303,291,12,42.181
PR00003771,WO00003771,2026-06-05,A,P02,P02_L03,SKU007,480,0,47,433,47.0,314,310,4,43.51
PR00003772,WO00003772,2026-06-05,B,P02,P02_L03,SKU003,480,0,0,480,47.0,342,334,8,42.75
PR00003773,WO00003773,2026-06-05,C,P02,P02_L03,SKU004,480,0,58,422,47.0,269,260,9,38.246
PR00003774,WO00003774,2026-06-05,A,P03,P03_L01,SKU004,480,26,0,454,56.693,404,390,14,53.392
PR00003775,WO00003775,2026-06-05,B,P03,P03_L01,SKU003,480,0,36,444,57.7,384,376,8,51.892
PR00003776,WO00003776,2026-06-05,C,P03,P03_L01,SKU006,480,0,0,480,54.878,383,373,10,47.875
PR00003777,WO00003777,2026-06-05,A,P03,P03_L02,SKU006,480,0,0,480,54.878,393,382,11,49.125
PR00003778,WO00003778,2026-06-05,B,P03,P03_L02,SKU008,480,0,0,480,56.6,373,367,6,46.625
PR00003779,WO00003779,2026-06-05,C,P03,P03_L02,SKU001,480,0,0,480,49.793,331,323,8,41.375
PR00003780,WO00003780,2026-06-05,A,P03,P03_L03,SKU006,480,50,0,430,54.878,374,363,11,52.186
PR00003781,WO00003781,2026-06-05,B,P03,P03_L03,SKU004,480,27,0,453,56.693,368,357,11,48.742
PR00003782,WO00003782,2026-06-05,C,P03,P03_L03,SKU004,480,40,42,398,56.693,309,297,12,46.583
PR00003783,WO00003783,2026-06-06,A,P01,P01_L01,SKU005,480,17,0,463,50.42,344,336,8,44.579
PR00003784,WO00003784,2026-06-06,C,P01,P01_L01,SKU005,480,36,0,444,50.42,326,317,9,44.054
PR00003785,WO00003785,2026-06-06,B,P01,P01_L02,SKU002,480,0,0,480,65.2,465,443,22,58.125
PR00003786,WO00003786,2026-06-06,A,P01,P01_L03,SKU004,480,0,75,405,56.693,340,329,11,50.37
PR00003787,WO00003787,2026-06-06,C,P01,P01_L03,SKU003,480,0,0,480,61.962,441,429,12,55.125
PR00003788,WO00003788,2026-06-06,A,P02,P02_L01,SKU005,480,0,19,461,48.8,308,301,7,40.087
PR00003789,WO00003789,2026-06-06,B,P02,P02_L01,SKU003,480,0,0,480,48.8,360,353,7,45.0
PR00003790,WO00003790,2026-06-06,C,P02,P02_L01,SKU003,480,59,102,319,48.8,222,217,5,41.755
PR00003791,WO00003791,2026-06-06,A,P02,P02_L02,SKU002,480,18,0,462,55.9,353,342,11,45.844
PR00003792,WO00003792,2026-06-06,B,P02,P02_L02,SKU002,480,36,64,380,55.9,273,262,11,43.105
PR00003793,WO00003793,2026-06-06,C,P02,P02_L02,SKU005,480,0,0,480,50.42,320,310,10,40.0
PR00003794,WO00003794,2026-06-06,C,P02,P02_L03,SKU003,480,21,0,459,47.0,322,318,4,42.092
PR00003795,WO00003795,2026-06-06,A,P03,P03_L01,SKU003,480,0,0,480,57.7,426,417,9,53.25
PR00003796,WO00003796,2026-06-06,B,P03,P03_L01,SKU004,480,36,52,392,56.693,330,318,12,50.51
PR00003797,WO00003797,2026-06-06,C,P03,P03_L01,SKU001,480,0,22,458,49.793,307,300,7,40.218
PR00003798,WO00003798,2026-06-06,A,P03,P03_L02,SKU002,480,0,0,480,56.6,396,384,12,49.5
PR00003799,WO00003799,2026-06-06,C,P03,P03_L02,SKU006,480,0,0,480,54.878,391,380,11,48.875
PR00003800,WO00003800,2026-06-06,A,P03,P03_L03,SKU006,480,0,7,473,54.878,399,387,12,50.613
PR00003801,WO00003801,2026-06-06,B,P03,P03_L03,SKU001,480,33,22,425,49.793,305,297,8,43.059
PR00003802,WO00003802,2026-06-07,B,P01,P01_L01,SKU005,480,30,24,426,50.42,314,306,8,44.225
PR00003803,WO00003803,2026-06-07,A,P01,P01_L02,SKU001,480,0,10,470,49.793,356,347,9,45.447
PR00003804,WO00003804,2026-06-07,B,P01,P01_L02,SKU004,480,0,0,480,56.693,401,385,16,50.125
PR00003805,WO00003805,2026-06-07,C,P01,P01_L02,SKU001,480,0,0,480,49.793,321,313,8,40.125
PR00003806,WO00003806,2026-06-07,A,P01,P01_L03,SKU005,480,0,57,423,50.42,327,317,10,46.383
PR00003807,WO00003807,2026-06-07,B,P01,P01_L03,SKU003,480,0,0,480,61.962,462,454,8,57.75
PR00003808,WO00003808,2026-06-07,A,P02,P02_L01,SKU003,480,0,22,458,48.8,349,339,10,45.721
PR00003809,WO00003809,2026-06-07,B,P02,P02_L01,SKU003,480,34,0,446,48.8,336,329,7,45.202
PR00003810,WO00003810,2026-06-07,C,P02,P02_L01,SKU003,480,0,0,480,48.8,324,316,8,40.5
PR00003811,WO00003811,2026-06-07,A,P02,P02_L02,SKU004,480,0,0,480,55.9,418,405,13,52.25
PR00003812,WO00003812,2026-06-07,B,P02,P02_L02,SKU002,480,0,0,480,55.9,372,357,15,46.5
PR00003813,WO00003813,2026-06-07,C,P02,P02_L02,SKU004,480,34,58,388,55.9,292,280,12,45.155
PR00003814,WO00003814,2026-06-07,B,P02,P02_L03,SKU007,480,0,0,480,47.0,325,322,3,40.625
PR00003815,WO00003815,2026-06-07,A,P03,P03_L01,SKU003,480,19,0,461,57.7,401,394,7,52.191
PR00003816,WO00003816,2026-06-07,C,P03,P03_L01,SKU004,480,0,0,480,56.693,392,376,16,49.0
PR00003817,WO00003817,2026-06-07,A,P03,P03_L02,SKU005,480,0,31,449,50.42,311,305,6,41.559
PR00003818,WO00003818,2026-06-07,C,P03,P03_L02,SKU004,480,33,0,447,56.6,361,348,13,48.456
PR00003819,WO00003819,2026-06-07,B,P03,P03_L03,SKU003,480,0,47,433,58.1,384,377,7,53.21
PR00003820,WO00003820,2026-06-08,A,P01,P01_L01,SKU005,480,54,0,426,50.42,313,307,6,44.085
PR00003821,WO00003821,2026-06-08,B,P01,P01_L01,SKU007,480,14,0,466,69.9,492,484,8,63.348
PR00003822,WO00003822,2026-06-08,C,P01,P01_L01,SKU005,480,0,0,480,50.42,327,316,11,40.875
PR00003823,WO00003823,2026-06-08,A,P01,P01_L02,SKU006,480,20,0,460,54.878,409,397,12,53.348
PR00003824,WO00003824,2026-06-08,B,P01,P01_L02,SKU008,480,0,0,480,60.302,420,413,7,52.5
PR00003825,WO00003825,2026-06-08,C,P01,P01_L02,SKU004,480,0,80,400,56.693,299,284,15,44.85
PR00003826,WO00003826,2026-06-08,A,P01,P01_L03,SKU004,480,0,0,480,56.693,409,393,16,51.125
PR00003827,WO00003827,2026-06-08,B,P01,P01_L03,SKU002,480,0,32,448,72.0,442,420,22,59.196
PR00003828,WO00003828,2026-06-08,C,P01,P01_L03,SKU008,480,0,0,480,60.302,385,382,3,48.125
PR00003829,WO00003829,2026-06-08,A,P02,P02_L01,SKU006,480,0,107,373,48.8,279,270,9,44.879
PR00003830,WO00003830,2026-06-08,B,P02,P02_L01,SKU001,480,35,71,374,48.8,264,256,8,42.353
PR00003831,WO00003831,2026-06-08,C,P02,P02_L01,SKU003,480,30,0,450,48.8,291,285,6,38.8
PR00003832,WO00003832,2026-06-08,A,P02,P02_L02,SKU002,480,0,0,480,55.9,378,368,10,47.25
PR00003833,WO00003833,2026-06-08,B,P02,P02_L02,SKU002,480,0,36,444,55.9,329,316,13,44.459
PR00003834,WO00003834,2026-06-08,C,P02,P02_L02,SKU008,480,32,0,448,55.9,337,332,5,45.134
PR00003835,WO00003835,2026-06-08,A,P02,P02_L03,SKU003,480,0,0,480,47.0,336,330,6,42.0
PR00003836,WO00003836,2026-06-08,B,P02,P02_L03,SKU004,480,26,5,449,47.0,284,274,10,37.951
PR00003837,WO00003837,2026-06-08,C,P02,P02_L03,SKU007,480,0,19,461,47.0,291,287,4,37.874
PR00003838,WO00003838,2026-06-08,A,P03,P03_L01,SKU007,480,0,0,480,57.7,433,429,4,54.125
PR00003839,WO00003839,2026-06-08,B,P03,P03_L01,SKU001,480,0,21,459,49.793,313,305,8,40.915
PR00003840,WO00003840,2026-06-08,C,P03,P03_L01,SKU001,480,26,0,454,49.793,337,327,10,44.537
PR00003841,WO00003841,2026-06-08,A,P03,P03_L02,SKU006,480,22,6,452,54.878,377,367,10,50.044
PR00003842,WO00003842,2026-06-08,B,P03,P03_L02,SKU006,480,20,29,431,54.878,362,351,11,50.394
PR00003843,WO00003843,2026-06-08,C,P03,P03_L02,SKU006,480,0,53,427,54.878,368,356,12,51.71
PR00003844,WO00003844,2026-06-08,A,P03,P03_L03,SKU004,480,0,0,480,56.693,412,400,12,51.5
PR00003845,WO00003845,2026-06-08,B,P03,P03_L03,SKU004,480,0,0,480,56.693,385,372,13,48.125
PR00003846,WO00003846,2026-06-08,C,P03,P03_L03,SKU003,480,0,0,480,58.1,408,401,7,51.0
PR00003847,WO00003847,2026-06-09,A,P01,P01_L01,SKU007,480,0,0,480,69.9,517,513,4,64.625
PR00003848,WO00003848,2026-06-09,B,P01,P01_L01,SKU007,480,0,0,480,69.9,522,517,5,65.25
PR00003849,WO00003849,2026-06-09,C,P01,P01_L01,SKU006,480,17,0,463,54.878,383,369,14,49.633
PR00003850,WO00003850,2026-06-09,A,P01,P01_L02,SKU002,480,0,0,480,65.2,473,454,19,59.125
PR00003851,WO00003851,2026-06-09,B,P01,P01_L02,SKU008,480,35,0,445,60.302,375,369,6,50.562
PR00003852,WO00003852,2026-06-09,C,P01,P01_L02,SKU002,480,50,0,430,65.2,397,380,17,55.395
PR00003853,WO00003853,2026-06-09,A,P01,P01_L03,SKU003,480,0,0,480,61.962,474,464,10,59.25
PR00003854,WO00003854,2026-06-09,B,P01,P01_L03,SKU007,480,31,0,449,74.2,495,483,12,66.147
PR00003855,WO00003855,2026-06-09,C,P01,P01_L03,SKU003,480,19,0,461,61.962,404,396,8,52.581
PR00003856,WO00003856,2026-06-09,A,P02,P02_L01,SKU003,480,41,15,424,48.8,328,322,6,46.415
PR00003857,WO00003857,2026-06-09,B,P02,P02_L01,SKU003,480,0,0,480,48.8,363,353,10,45.375
PR00003858,WO00003858,2026-06-09,C,P02,P02_L01,SKU003,480,35,50,395,48.8,276,270,6,41.924
PR00003859,WO00003859,2026-06-09,A,P02,P02_L02,SKU002,480,36,40,404,55.9,322,310,12,47.822
PR00003860,WO00003860,2026-06-09,B,P02,P02_L02,SKU005,480,37,0,443,50.42,299,292,7,40.497
PR00003861,WO00003861,2026-06-09,C,P02,P02_L02,SKU003,480,17,0,463,55.9,369,360,9,47.819
PR00003862,WO00003862,2026-06-09,A,P02,P02_L03,SKU007,480,0,0,480,47.0,319,315,4,39.875
PR00003863,WO00003863,2026-06-09,B,P02,P02_L03,SKU003,480,0,0,480,47.0,339,332,7,42.375
PR00003864,WO00003864,2026-06-09,C,P02,P02_L03,SKU003,480,0,50,430,47.0,293,287,6,40.884
PR00003865,WO00003865,2026-06-09,A,P03,P03_L01,SKU001,480,0,0,480,49.793,349,341,8,43.625
PR00003866,WO00003866,2026-06-09,B,P03,P03_L01,SKU004,480,40,0,440,56.693,352,339,13,48.0
PR00003867,WO00003867,2026-06-09,C,P03,P03_L01,SKU001,480,31,0,449,49.793,320,312,8,42.762
PR00003868,WO00003868,2026-06-09,A,P03,P03_L02,SKU001,480,0,16,464,49.793,354,345,9,45.776
PR00003869,WO00003869,2026-06-09,B,P03,P03_L02,SKU002,480,0,0,480,56.6,388,374,14,48.5
PR00003870,WO00003870,2026-06-09,C,P03,P03_L02,SKU008,480,33,0,447,56.6,318,314,4,42.685
PR00003871,WO00003871,2026-06-09,A,P03,P03_L03,SKU004,480,44,0,436,56.693,395,379,16,54.358
PR00003872,WO00003872,2026-06-09,B,P03,P03_L03,SKU001,480,0,0,480,49.793,354,346,8,44.25
PR00003873,WO00003873,2026-06-09,C,P03,P03_L03,SKU004,480,17,0,463,56.693,365,350,15,47.3
PR00003874,WO00003874,2026-06-10,A,P01,P01_L01,SKU007,480,0,0,480,69.9,494,487,7,61.75
PR00003875,WO00003875,2026-06-10,B,P01,P01_L01,SKU005,480,24,21,435,50.42,305,295,10,42.069
PR00003876,WO00003876,2026-06-10,C,P01,P01_L01,SKU005,480,35,19,426,50.42,289,282,7,40.704
PR00003877,WO00003877,2026-06-10,A,P01,P01_L02,SKU001,480,0,0,480,49.793,346,337,9,43.25
PR00003878,WO00003878,2026-06-10,B,P01,P01_L02,SKU006,480,0,0,480,54.878,402,387,15,50.25
PR00003879,WO00003879,2026-06-10,C,P01,P01_L02,SKU001,480,0,0,480,49.793,334,324,10,41.75
PR00003880,WO00003880,2026-06-10,A,P01,P01_L03,SKU003,480,0,0,480,61.962,476,465,11,59.5
PR00003881,WO00003881,2026-06-10,B,P01,P01_L03,SKU007,480,0,0,480,74.2,522,518,4,65.25
PR00003882,WO00003882,2026-06-10,C,P01,P01_L03,SKU007,480,0,10,470,74.2,480,475,5,61.277
PR00003883,WO00003883,2026-06-10,A,P02,P02_L01,SKU004,480,0,17,463,48.8,340,328,12,44.06
PR00003884,WO00003884,2026-06-10,B,P02,P02_L01,SKU003,480,0,0,480,48.8,352,344,8,44.0
PR00003885,WO00003885,2026-06-10,C,P02,P02_L01,SKU003,480,0,0,480,48.8,333,326,7,41.625
PR00003886,WO00003886,2026-06-10,A,P02,P02_L02,SKU004,480,0,20,460,55.9,384,372,12,50.087
PR00003887,WO00003887,2026-06-10,B,P02,P02_L02,SKU002,480,32,21,427,55.9,347,339,8,48.759
PR00003888,WO00003888,2026-06-10,C,P02,P02_L02,SKU004,480,0,0,480,55.9,362,349,13,45.25
PR00003889,WO00003889,2026-06-10,A,P02,P02_L03,SKU007,480,0,0,480,47.0,336,331,5,42.0
PR00003890,WO00003890,2026-06-10,B,P02,P02_L03,SKU004,480,38,0,442,47.0,306,296,10,41.538
PR00003891,WO00003891,2026-06-10,C,P02,P02_L03,SKU004,480,0,0,480,47.0,307,294,13,38.375
PR00003892,WO00003892,2026-06-10,A,P03,P03_L01,SKU001,480,18,0,462,49.793,355,349,6,46.104
PR00003893,WO00003893,2026-06-10,B,P03,P03_L01,SKU004,480,0,22,458,56.693,361,348,13,47.293
PR00003894,WO00003894,2026-06-10,C,P03,P03_L01,SKU004,480,38,0,442,56.693,340,328,12,46.154
PR00003895,WO00003895,2026-06-10,A,P03,P03_L02,SKU006,480,0,0,480,54.878,417,407,10,52.125
PR00003896,WO00003896,2026-06-10,B,P03,P03_L02,SKU006,480,0,0,480,54.878,401,390,11,50.125
PR00003897,WO00003897,2026-06-10,C,P03,P03_L02,SKU002,480,0,22,458,56.6,350,336,14,45.852
PR00003898,WO00003898,2026-06-10,A,P03,P03_L03,SKU004,480,0,0,480,56.693,406,393,13,50.75
PR00003899,WO00003899,2026-06-10,B,P03,P03_L03,SKU004,480,0,0,480,56.693,415,400,15,51.875
PR00003900,WO00003900,2026-06-10,C,P03,P03_L03,SKU004,480,0,16,464,56.693,378,364,14,48.879
PR00003901,WO00003901,2026-06-11,A,P01,P01_L01,SKU001,480,23,0,457,49.793,333,326,7,43.72
PR00003902,WO00003902,2026-06-11,B,P01,P01_L01,SKU007,480,29,45,406,69.9,427,422,5,63.103
PR00003903,WO00003903,2026-06-11,C,P01,P01_L01,SKU006,480,0,0,480,54.878,399,386,13,49.875
PR00003904,WO00003904,2026-06-11,A,P01,P01_L02,SKU001,480,40,144,296,49.793,223,217,6,45.203
PR00003905,WO00003905,2026-06-11,B,P01,P01_L02,SKU006,480,0,0,480,54.878,420,406,14,52.5
PR00003906,WO00003906,2026-06-11,C,P01,P01_L02,SKU004,480,0,0,480,56.693,390,374,16,48.75
PR00003907,WO00003907,2026-06-11,A,P01,P01_L03,SKU002,480,37,0,443,72.0,440,421,19,59.594
PR00003908,WO00003908,2026-06-11,B,P01,P01_L03,SKU004,480,19,7,454,56.693,366,354,12,48.37
PR00003909,WO00003909,2026-06-11,C,P01,P01_L03,SKU008,480,46,0,434,60.302,352,345,7,48.664
PR00003910,WO00003910,2026-06-11,A,P02,P02_L01,SKU004,480,0,0,480,48.8,353,340,13,44.125
PR00003911,WO00003911,2026-06-11,B,P02,P02_L01,SKU003,480,25,0,455,48.8,329,320,9,43.385
PR00003912,WO00003912,2026-06-11,C,P02,P02_L01,SKU001,480,18,0,462,48.8,318,310,8,41.299
PR00003913,WO00003913,2026-06-11,A,P02,P02_L02,SKU002,480,0,0,480,55.9,368,357,11,46.0
PR00003914,WO00003914,2026-06-11,B,P02,P02_L02,SKU004,480,0,0,480,55.9,375,361,14,46.875
PR00003915,WO00003915,2026-06-11,C,P02,P02_L02,SKU006,480,0,11,469,54.878,361,349,12,46.183
PR00003916,WO00003916,2026-06-11,A,P02,P02_L03,SKU005,480,48,0,432,47.0,280,274,6,38.889
PR00003917,WO00003917,2026-06-11,B,P02,P02_L03,SKU007,480,19,18,443,47.0,289,285,4,39.142
PR00003918,WO00003918,2026-06-11,C,P02,P02_L03,SKU003,480,21,0,459,47.0,323,315,8,42.222
PR00003919,WO00003919,2026-06-11,A,P03,P03_L01,SKU001,480,0,9,471,49.793,337,329,8,42.93
PR00003920,WO00003920,2026-06-11,B,P03,P03_L01,SKU004,480,0,0,480,56.693,410,398,12,51.25
PR00003921,WO00003921,2026-06-11,C,P03,P03_L01,SKU001,480,0,0,480,49.793,328,320,8,41.0
PR00003922,WO00003922,2026-06-11,A,P03,P03_L02,SKU006,480,32,0,448,54.878,397,389,8,53.17
PR00003923,WO00003923,2026-06-11,B,P03,P03_L02,SKU006,480,0,16,464,54.878,368,358,10,47.586
PR00003924,WO00003924,2026-06-11,C,P03,P03_L02,SKU006,480,0,43,437,54.878,356,345,11,48.879
PR00003925,WO00003925,2026-06-11,A,P03,P03_L03,SKU004,480,0,0,480,56.693,420,406,14,52.5
PR00003926,WO00003926,2026-06-11,B,P03,P03_L03,SKU003,480,81,0,399,58.1,357,349,8,53.684
PR00003927,WO00003927,2026-06-11,C,P03,P03_L03,SKU001,480,29,0,451,49.793,316,308,8,42.04
PR00003928,WO00003928,2026-06-12,A,P01,P01_L01,SKU004,480,0,0,480,56.693,382,368,14,47.75
PR00003929,WO00003929,2026-06-12,B,P01,P01_L01,SKU005,480,0,0,480,50.42,356,346,10,44.5
PR00003930,WO00003930,2026-06-12,C,P01,P01_L01,SKU001,480,37,0,443,49.793,323,313,10,43.747
PR00003931,WO00003931,2026-06-12,A,P01,P01_L02,SKU006,480,0,0,480,54.878,405,392,13,50.625
PR00003932,WO00003932,2026-06-12,B,P01,P01_L02,SKU006,480,0,0,480,54.878,413,403,10,51.625
PR00003933,WO00003933,2026-06-12,C,P01,P01_L02,SKU001,480,19,0,461,49.793,322,311,11,41.909
PR00003934,WO00003934,2026-06-12,A,P01,P01_L03,SKU006,480,0,36,444,54.878,378,366,12,51.081
PR00003935,WO00003935,2026-06-12,B,P01,P01_L03,SKU003,480,0,0,480,61.962,481,470,11,60.125
PR00003936,WO00003936,2026-06-12,C,P01,P01_L03,SKU003,480,0,0,480,61.962,422,415,7,52.75
PR00003937,WO00003937,2026-06-12,A,P02,P02_L01,SKU001,480,0,0,480,48.8,353,345,8,44.125
PR00003938,WO00003938,2026-06-12,B,P02,P02_L01,SKU006,480,53,0,427,48.8,314,304,10,44.122
PR00003939,WO00003939,2026-06-12,C,P02,P02_L01,SKU001,480,16,0,464,48.8,295,286,9,38.147
PR00003940,WO00003940,2026-06-12,A,P02,P02_L02,SKU004,480,23,0,457,55.9,389,377,12,51.072
PR00003941,WO00003941,2026-06-12,B,P02,P02_L02,SKU006,480,0,0,480,54.878,380,368,12,47.5
PR00003942,WO00003942,2026-06-12,C,P02,P02_L02,SKU002,480,20,0,460,55.9,324,310,14,42.261
PR00003943,WO00003943,2026-06-12,A,P02,P02_L03,SKU005,480,29,0,451,47.0,278,270,8,36.984
PR00003944,WO00003944,2026-06-12,B,P02,P02_L03,SKU003,480,25,0,455,47.0,332,326,6,43.78
PR00003945,WO00003945,2026-06-12,C,P02,P02_L03,SKU003,480,32,0,448,47.0,316,308,8,42.321
PR00003946,WO00003946,2026-06-12,A,P03,P03_L01,SKU004,480,0,0,480,56.693,414,402,12,51.75
PR00003947,WO00003947,2026-06-12,B,P03,P03_L01,SKU007,480,0,0,480,57.7,378,372,6,47.25
PR00003948,WO00003948,2026-06-12,C,P03,P03_L01,SKU001,480,31,8,441,49.793,311,303,8,42.313
PR00003949,WO00003949,2026-06-12,A,P03,P03_L02,SKU001,480,0,23,457,49.793,336,330,6,44.114
PR00003950,WO00003950,2026-06-12,B,P03,P03_L02,SKU008,480,20,35,425,56.6,318,315,3,44.894
PR00003951,WO00003951,2026-06-12,C,P03,P03_L02,SKU006,480,0,0,480,54.878,384,370,14,48.0
PR00003952,WO00003952,2026-06-12,A,P03,P03_L03,SKU001,480,0,0,480,49.793,346,339,7,43.25
PR00003953,WO00003953,2026-06-12,B,P03,P03_L03,SKU004,480,0,0,480,56.693,413,398,15,51.625
PR00003954,WO00003954,2026-06-12,C,P03,P03_L03,SKU003,480,23,0,457,58.1,377,366,11,49.497
PR00003955,WO00003955,2026-06-13,C,P01,P01_L01,SKU001,480,26,0,454,49.793,316,306,10,41.762
PR00003956,WO00003956,2026-06-13,A,P01,P01_L02,SKU001,480,0,41,439,49.793,322,312,10,44.009
PR00003957,WO00003957,2026-06-13,B,P01,P01_L02,SKU004,480,0,0,480,56.693,413,397,16,51.625
PR00003958,WO00003958,2026-06-13,A,P01,P01_L03,SKU006,480,0,0,480,54.878,402,390,12,50.25
PR00003959,WO00003959,2026-06-13,A,P02,P02_L01,SKU003,480,0,0,480,48.8,376,368,8,47.0
PR00003960,WO00003960,2026-06-13,B,P02,P02_L01,SKU003,480,0,0,480,48.8,331,325,6,41.375
PR00003961,WO00003961,2026-06-13,C,P02,P02_L01,SKU003,480,0,0,480,48.8,351,342,9,43.875
PR00003962,WO00003962,2026-06-13,A,P02,P02_L02,SKU002,480,0,0,480,55.9,369,356,13,46.125
PR00003963,WO00003963,2026-06-13,A,P02,P02_L03,SKU004,480,0,0,480,47.0,341,330,11,42.625
PR00003964,WO00003964,2026-06-13,B,P02,P02_L03,SKU003,480,0,0,480,47.0,330,321,9,41.25
PR00003965,WO00003965,2026-06-13,C,P02,P02_L03,SKU002,480,0,0,480,47.0,293,283,10,36.625
PR00003966,WO00003966,2026-06-13,A,P03,P03_L01,SKU003,480,34,0,446,57.7,433,423,10,58.251
PR00003967,WO00003967,2026-06-13,B,P03,P03_L01,SKU001,480,0,15,465,49.793,357,348,9,46.065
PR00003968,WO00003968,2026-06-13,C,P03,P03_L01,SKU003,480,0,0,480,57.7,392,387,5,49.0
PR00003969,WO00003969,2026-06-13,A,P03,P03_L02,SKU006,480,36,0,444,54.878,361,352,9,48.784
PR00003970,WO00003970,2026-06-13,B,P03,P03_L02,SKU008,480,19,0,461,56.6,381,373,8,49.588
PR00003971,WO00003971,2026-06-13,C,P03,P03_L02,SKU001,480,17,0,463,49.793,304,298,6,39.395
PR00003972,WO00003972,2026-06-13,A,P03,P03_L03,SKU001,480,0,0,480,49.793,350,342,8,43.75
PR00003973,WO00003973,2026-06-13,B,P03,P03_L03,SKU001,480,0,0,480,49.793,341,333,8,42.625
PR00003974,WO00003974,2026-06-14,B,P01,P01_L01,SKU005,480,33,29,418,50.42,289,280,9,41.483
PR00003975,WO00003975,2026-06-14,C,P01,P01_L01,SKU005,480,21,0,459,50.42,327,316,11,42.745
PR00003976,WO00003976,2026-06-14,B,P01,P01_L02,SKU001,480,34,0,446,49.793,346,338,8,46.547
PR00003977,WO00003977,2026-06-14,C,P01,P01_L02,SKU006,480,0,0,480,54.878,388,375,13,48.5
PR00003978,WO00003978,2026-06-14,A,P01,P01_L03,SKU003,480,0,0,480,61.962,506,492,14,63.25
PR00003979,WO00003979,2026-06-14,B,P01,P01_L03,SKU007,480,0,0,480,74.2,540,535,5,67.5
PR00003980,WO00003980,2026-06-14,C,P01,P01_L03,SKU003,480,0,0,480,61.962,442,432,10,55.25
PR00003981,WO00003981,2026-06-14,B,P02,P02_L01,SKU003,480,0,0,480,48.8,366,357,9,45.75
PR00003982,WO00003982,2026-06-14,C,P02,P02_L01,SKU001,480,0,0,480,48.8,332,322,10,41.5
PR00003983,WO00003983,2026-06-14,B,P02,P02_L02,SKU002,480,0,42,438,55.9,337,324,13,46.164
PR00003984,WO00003984,2026-06-14,C,P02,P02_L02,SKU006,480,0,0,480,54.878,394,382,12,49.25
PR00003985,WO00003985,2026-06-14,A,P02,P02_L03,SKU001,480,0,0,480,47.0,316,310,6,39.5
PR00003986,WO00003986,2026-06-14,B,P03,P03_L02,SKU004,480,0,69,411,56.6,346,336,10,50.511
PR00003987,WO00003987,2026-06-14,A,P03,P03_L03,SKU006,480,28,42,410,54.878,366,355,11,53.561
PR00003988,WO00003988,2026-06-14,B,P03,P03_L03,SKU003,480,0,0,480,58.1,446,439,7,55.75
PR00003989,WO00003989,2026-06-14,C,P03,P03_L03,SKU006,480,0,0,480,54.878,367,353,14,45.875
PR00003990,WO00003990,2026-06-15,A,P01,P01_L01,SKU001,480,0,28,452,49.793,352,341,11,46.726
PR00003991,WO00003991,2026-06-15,B,P01,P01_L01,SKU001,480,14,0,466,49.793,384,370,14,49.442
PR00003992,WO00003992,2026-06-15,C,P01,P01_L01,SKU005,480,24,0,456,50.42,310,303,7,40.789
PR00003993,WO00003993,2026-06-15,A,P01,P01_L02,SKU003,480,0,0,480,61.962,482,469,13,60.25
PR00003994,WO00003994,2026-06-15,B,P01,P01_L02,SKU004,480,20,25,435,56.693,363,351,12,50.069
PR00003995,WO00003995,2026-06-15,C,P01,P01_L02,SKU001,480,0,12,468,49.793,327,319,8,41.923
PR00003996,WO00003996,2026-06-15,A,P01,P01_L03,SKU003,480,26,0,454,61.962,392,383,9,51.806
PR00003997,WO00003997,2026-06-15,B,P01,P01_L03,SKU008,480,66,32,382,60.302,331,328,3,51.99
PR00003998,WO00003998,2026-06-15,C,P01,P01_L03,SKU004,480,25,14,441,56.693,361,346,15,49.116
PR00003999,WO00003999,2026-06-15,A,P02,P02_L01,SKU002,480,37,0,443,48.8,301,290,11,40.767
PR00004000,WO00004000,2026-06-15,B,P02,P02_L01,SKU001,480,0,0,480,48.8,330,323,7,41.25
PR00004001,WO00004001,2026-06-15,C,P02,P02_L01,SKU001,480,22,12,446,48.8,273,266,7,36.726
PR00004002,WO00004002,2026-06-15,A,P02,P02_L02,SKU004,480,0,0,480,55.9,398,385,13,49.75
PR00004003,WO00004003,2026-06-15,B,P02,P02_L02,SKU002,480,45,0,435,55.9,343,329,14,47.31
PR00004004,WO00004004,2026-06-15,C,P02,P02_L02,SKU002,480,38,0,442,55.9,321,308,13,43.575
PR00004005,WO00004005,2026-06-15,A,P02,P02_L03,SKU003,480,38,0,442,47.0,319,311,8,43.303
PR00004006,WO00004006,2026-06-15,B,P02,P02_L03,SKU003,480,79,0,401,47.0,300,295,5,44.888
PR00004007,WO00004007,2026-06-15,C,P02,P02_L03,SKU003,480,0,20,460,47.0,300,294,6,39.13
PR00004008,WO00004008,2026-06-15,A,P03,P03_L01,SKU007,480,34,0,446,57.7,396,395,1,53.274
PR00004009,WO00004009,2026-06-15,B,P03,P03_L01,SKU003,480,0,0,480,57.7,440,430,10,55.0
PR00004010,WO00004010,2026-06-15,C,P03,P03_L01,SKU003,480,37,0,443,57.7,345,336,9,46.727
PR00004011,WO00004011,2026-06-15,A,P03,P03_L02,SKU006,480,50,82,348,54.878,294,286,8,50.69
PR00004012,WO00004012,2026-06-15,B,P03,P03_L02,SKU006,480,0,0,480,54.878,391,380,11,48.875
PR00004013,WO00004013,2026-06-15,C,P03,P03_L02,SKU001,480,0,0,480,49.793,328,323,5,41.0
PR00004014,WO00004014,2026-06-15,A,P03,P03_L03,SKU003,480,53,0,427,58.1,357,349,8,50.164
PR00004015,WO00004015,2026-06-15,B,P03,P03_L03,SKU003,480,40,0,440,58.1,395,388,7,53.864
PR00004016,WO00004016,2026-06-15,C,P03,P03_L03,SKU004,480,0,0,480,56.693,388,375,13,48.5
PR00004017,WO00004017,2026-06-16,A,P01,P01_L01,SKU007,480,23,23,434,69.9,495,487,8,68.433
PR00004018,WO00004018,2026-06-16,B,P01,P01_L01,SKU004,480,79,19,382,56.693,318,304,14,49.948
PR00004019,WO00004019,2026-06-16,C,P01,P01_L01,SKU004,480,0,0,480,56.693,380,365,15,47.5
PR00004020,WO00004020,2026-06-16,A,P01,P01_L02,SKU001,480,30,0,450,49.793,342,336,6,45.6
PR00004021,WO00004021,2026-06-16,B,P01,P01_L02,SKU006,480,0,0,480,54.878,402,388,14,50.25
PR00004022,WO00004022,2026-06-16,C,P01,P01_L02,SKU004,480,44,0,436,56.693,345,330,15,47.477
PR00004023,WO00004023,2026-06-16,A,P01,P01_L03,SKU003,480,0,0,480,61.962,463,452,11,57.875
PR00004024,WO00004024,2026-06-16,B,P01,P01_L03,SKU003,480,0,31,449,61.962,433,425,8,57.862
PR00004025,WO00004025,2026-06-16,C,P01,P01_L03,SKU006,480,0,19,461,54.878,376,363,13,48.937
PR00004026,WO00004026,2026-06-16,A,P02,P02_L01,SKU003,480,18,0,462,48.8,342,337,5,44.416
PR00004027,WO00004027,2026-06-16,B,P02,P02_L01,SKU004,480,0,0,480,48.8,327,316,11,40.875
PR00004028,WO00004028,2026-06-16,C,P02,P02_L01,SKU003,480,0,0,480,48.8,319,311,8,39.875
PR00004029,WO00004029,2026-06-16,A,P02,P02_L02,SKU001,480,0,0,480,49.793,361,351,10,45.125
PR00004030,WO00004030,2026-06-16,B,P02,P02_L02,SKU004,480,27,0,453,55.9,391,375,16,51.788
PR00004031,WO00004031,2026-06-16,C,P02,P02_L02,SKU002,480,0,0,480,55.9,334,320,14,41.75
PR00004032,WO00004032,2026-06-16,A,P02,P02_L03,SKU003,480,18,0,462,47.0,345,336,9,44.805
PR00004033,WO00004033,2026-06-16,B,P02,P02_L03,SKU001,480,51,0,429,47.0,290,282,8,40.559
PR00004034,WO00004034,2026-06-16,C,P02,P02_L03,SKU007,480,0,0,480,47.0,312,307,5,39.0
PR00004035,WO00004035,2026-06-16,A,P03,P03_L01,SKU001,480,67,34,379,49.793,267,263,4,42.269
PR00004036,WO00004036,2026-06-16,B,P03,P03_L01,SKU001,480,49,0,431,49.793,331,322,9,46.079
PR00004037,WO00004037,2026-06-16,C,P03,P03_L01,SKU003,480,26,0,454,57.7,378,372,6,49.956
PR00004038,WO00004038,2026-06-16,A,P03,P03_L02,SKU006,480,0,41,439,54.878,376,366,10,51.39
PR00004039,WO00004039,2026-06-16,B,P03,P03_L02,SKU006,480,0,0,480,54.878,391,378,13,48.875
PR00004040,WO00004040,2026-06-16,C,P03,P03_L02,SKU001,480,29,0,451,49.793,326,316,10,43.37
PR00004041,WO00004041,2026-06-16,A,P03,P03_L03,SKU001,480,36,16,428,49.793,329,321,8,46.121
PR00004042,WO00004042,2026-06-16,B,P03,P03_L03,SKU004,480,26,28,426,56.693,368,358,10,51.831
PR00004043,WO00004043,2026-06-16,C,P03,P03_L03,SKU004,480,48,0,432,56.693,322,311,11,44.722
PR00004044,WO00004044,2026-06-17,A,P01,P01_L01,SKU005,480,0,0,480,50.42,355,345,10,44.375
PR00004045,WO00004045,2026-06-17,B,P01,P01_L01,SKU001,480,13,0,467,49.793,335,327,8,43.041
PR00004046,WO00004046,2026-06-17,C,P01,P01_L01,SKU008,480,26,10,444,60.302,385,375,10,52.027
PR00004047,WO00004047,2026-06-17,A,P01,P01_L02,SKU001,480,30,56,394,49.793,295,287,8,44.924
PR00004048,WO00004048,2026-06-17,B,P01,P01_L02,SKU003,480,0,11,469,61.962,437,425,12,55.906
PR00004049,WO00004049,2026-06-17,C,P01,P01_L02,SKU004,480,0,0,480,56.693,411,393,18,51.375
PR00004050,WO00004050,2026-06-17,A,P01,P01_L03,SKU003,480,0,0,480,61.962,492,482,10,61.5
PR00004051,WO00004051,2026-06-17,B,P01,P01_L03,SKU008,480,20,0,460,60.302,387,381,6,50.478
PR00004052,WO00004052,2026-06-17,C,P01,P01_L03,SKU003,480,26,164,290,61.962,266,259,7,55.034
PR00004053,WO00004053,2026-06-17,A,P02,P02_L01,SKU003,480,31,0,449,48.8,319,313,6,42.628
PR00004054,WO00004054,2026-06-17,B,P02,P02_L01,SKU004,480,0,0,480,48.8,337,325,12,42.125
PR00004055,WO00004055,2026-06-17,C,P02,P02_L01,SKU004,480,70,0,410,48.8,266,256,10,38.927
PR00004056,WO00004056,2026-06-17,A,P02,P02_L02,SKU002,480,33,0,447,55.9,370,357,13,49.664
PR00004057,WO00004057,2026-06-17,B,P02,P02_L02,SKU004,480,0,0,480,55.9,377,362,15,47.125
PR00004058,WO00004058,2026-06-17,C,P02,P02_L02,SKU001,480,0,0,480,49.793,322,313,9,40.25
PR00004059,WO00004059,2026-06-17,A,P02,P02_L03,SKU007,480,0,0,480,47.0,347,341,6,43.375
PR00004060,WO00004060,2026-06-17,B,P02,P02_L03,SKU007,480,39,0,441,47.0,300,296,4,40.816
PR00004061,WO00004061,2026-06-17,C,P02,P02_L03,SKU001,480,33,0,447,47.0,289,281,8,38.792
PR00004062,WO00004062,2026-06-17,A,P03,P03_L01,SKU001,480,20,0,460,49.793,336,328,8,43.826
PR00004063,WO00004063,2026-06-17,B,P03,P03_L01,SKU006,480,31,0,449,54.878,361,353,8,48.241
PR00004064,WO00004064,2026-06-17,C,P03,P03_L01,SKU003,480,0,0,480,57.7,402,392,10,50.25
PR00004065,WO00004065,2026-06-17,A,P03,P03_L02,SKU006,480,25,49,406,54.878,353,343,10,52.167
PR00004066,WO00004066,2026-06-17,B,P03,P03_L02,SKU002,480,0,37,443,56.6,339,326,13,45.914
PR00004067,WO00004067,2026-06-17,C,P03,P03_L02,SKU006,480,0,0,480,54.878,407,396,11,50.875
PR00004068,WO00004068,2026-06-17,A,P03,P03_L03,SKU001,480,0,0,480,49.793,368,360,8,46.0
PR00004069,WO00004069,2026-06-17,B,P03,P03_L03,SKU001,480,0,0,480,49.793,343,335,8,42.875
PR00004070,WO00004070,2026-06-17,C,P03,P03_L03,SKU003,480,0,0,480,58.1,425,413,12,53.125
PR00004071,WO00004071,2026-06-18,A,P01,P01_L01,SKU005,480,34,0,446,50.42,340,333,7,45.74
PR00004072,WO00004072,2026-06-18,B,P01,P01_L01,SKU007,480,36,0,444,69.9,450,444,6,60.811
PR00004073,WO00004073,2026-06-18,C,P01,P01_L01,SKU005,480,16,6,458,50.42,296,287,9,38.777
PR00004074,WO00004074,2026-06-18,A,P01,P01_L02,SKU002,480,0,0,480,65.2,476,454,22,59.5
PR00004075,WO00004075,2026-06-18,B,P01,P01_L02,SKU008,480,31,6,443,60.302,393,387,6,53.228
PR00004076,WO00004076,2026-06-18,C,P01,P01_L02,SKU002,480,0,0,480,65.2,428,411,17,53.5
PR00004077,WO00004077,2026-06-18,A,P01,P01_L03,SKU008,480,0,0,480,60.302,413,409,4,51.625
PR00004078,WO00004078,2026-06-18,B,P01,P01_L03,SKU007,480,0,18,462,74.2,520,510,10,67.532
PR00004079,WO00004079,2026-06-18,C,P01,P01_L03,SKU008,480,0,0,480,60.302,419,411,8,52.375
PR00004080,WO00004080,2026-06-18,A,P02,P02_L01,SKU002,480,0,0,480,48.8,331,319,12,41.375
PR00004081,WO00004081,2026-06-18,B,P02,P02_L01,SKU002,480,0,0,480,48.8,297,284,13,37.125
PR00004082,WO00004082,2026-06-18,C,P02,P02_L01,SKU006,480,28,64,388,48.8,272,262,10,42.062
PR00004083,WO00004083,2026-06-18,A,P02,P02_L02,SKU006,480,0,19,461,54.878,386,377,9,50.239
PR00004084,WO00004084,2026-06-18,B,P02,P02_L02,SKU004,480,0,0,480,55.9,392,381,11,49.0
PR00004085,WO00004085,2026-06-18,C,P02,P02_L02,SKU002,480,0,0,480,55.9,351,337,14,43.875
PR00004086,WO00004086,2026-06-18,A,P02,P02_L03,SKU003,480,0,0,480,47.0,364,355,9,45.5
PR00004087,WO00004087,2026-06-18,B,P02,P02_L03,SKU007,480,41,0,439,47.0,300,295,5,41.002
PR00004088,WO00004088,2026-06-18,C,P02,P02_L03,SKU004,480,0,0,480,47.0,299,287,12,37.375
PR00004089,WO00004089,2026-06-18,A,P03,P03_L01,SKU004,480,0,0,480,56.693,402,387,15,50.25
PR00004090,WO00004090,2026-06-18,B,P03,P03_L01,SKU004,480,0,0,480,56.693,407,394,13,50.875
PR00004091,WO00004091,2026-06-18,C,P03,P03_L01,SKU001,480,0,0,480,49.793,331,322,9,41.375
PR00004092,WO00004092,2026-06-18,A,P03,P03_L02,SKU004,480,0,47,433,56.6,372,360,12,51.547
PR00004093,WO00004093,2026-06-18,B,P03,P03_L02,SKU002,480,19,0,461,56.6,358,343,15,46.594
PR00004094,WO00004094,2026-06-18,C,P03,P03_L02,SKU006,480,0,15,465,54.878,381,368,13,49.161
PR00004095,WO00004095,2026-06-18,A,P03,P03_L03,SKU006,480,50,0,430,54.878,369,361,8,51.488
PR00004096,WO00004096,2026-06-18,B,P03,P03_L03,SKU001,480,37,0,443,49.793,338,331,7,45.779
PR00004097,WO00004097,2026-06-18,C,P03,P03_L03,SKU006,480,20,0,460,54.878,371,360,11,48.391
PR00004098,WO00004098,2026-06-19,A,P01,P01_L01,SKU005,480,0,71,409,50.42,287,280,7,42.103
PR00004099,WO00004099,2026-06-19,B,P01,P01_L01,SKU004,480,0,81,399,56.693,359,343,16,53.985
PR00004100,WO00004100,2026-06-19,C,P01,P01_L01,SKU005,480,26,0,454,50.42,331,320,11,43.744
PR00004101,WO00004101,2026-06-19,A,P01,P01_L02,SKU001,480,30,21,429,49.793,315,309,6,44.056
PR00004102,WO00004102,2026-06-19,B,P01,P01_L02,SKU002,480,44,13,423,65.2,379,366,13,53.759
PR00004103,WO00004103,2026-06-19,C,P01,P01_L02,SKU001,480,36,0,444,49.793,299,291,8,40.405
PR00004104,WO00004104,2026-06-19,A,P01,P01_L03,SKU003,480,0,33,447,61.962,443,431,12,59.463
PR00004105,WO00004105,2026-06-19,B,P01,P01_L03,SKU007,480,0,0,480,74.2,538,532,6,67.25
PR00004106,WO00004106,2026-06-19,C,P01,P01_L03,SKU003,480,35,0,445,61.962,412,402,10,55.551
PR00004107,WO00004107,2026-06-19,A,P02,P02_L01,SKU003,480,0,0,480,48.8,373,365,8,46.625
PR00004108,WO00004108,2026-06-19,B,P02,P02_L01,SKU006,480,0,0,480,48.8,358,344,14,44.75
PR00004109,WO00004109,2026-06-19,C,P02,P02_L01,SKU002,480,0,37,443,48.8,271,260,11,36.704
PR00004110,WO00004110,2026-06-19,A,P02,P02_L02,SKU004,480,31,0,449,55.9,396,381,15,52.918
PR00004111,WO00004111,2026-06-19,B,P02,P02_L02,SKU002,480,0,9,471,55.9,357,346,11,45.478
PR00004112,WO00004112,2026-06-19,C,P02,P02_L02,SKU002,480,21,0,459,55.9,340,324,16,44.444
PR00004113,WO00004113,2026-06-19,A,P02,P02_L03,SKU003,480,29,0,451,47.0,329,324,5,43.769
PR00004114,WO00004114,2026-06-19,B,P02,P02_L03,SKU003,480,0,0,480,47.0,350,342,8,43.75
PR00004115,WO00004115,2026-06-19,C,P02,P02_L03,SKU001,480,0,9,471,47.0,296,289,7,37.707
PR00004116,WO00004116,2026-06-19,A,P03,P03_L01,SKU003,480,0,73,407,57.7,382,379,3,56.314
PR00004117,WO00004117,2026-06-19,B,P03,P03_L01,SKU001,480,0,0,480,49.793,313,305,8,39.125
PR00004118,WO00004118,2026-06-19,C,P03,P03_L01,SKU003,480,0,0,480,57.7,403,398,5,50.375
PR00004119,WO00004119,2026-06-19,A,P03,P03_L02,SKU004,480,45,49,386,56.6,340,330,10,52.85
PR00004120,WO00004120,2026-06-19,B,P03,P03_L02,SKU006,480,0,0,480,54.878,386,375,11,48.25
PR00004121,WO00004121,2026-06-19,C,P03,P03_L02,SKU002,480,25,0,455,56.6,325,312,13,42.857
PR00004122,WO00004122,2026-06-19,A,P03,P03_L03,SKU001,480,0,0,480,49.793,350,341,9,43.75
PR00004123,WO00004123,2026-06-19,B,P03,P03_L03,SKU004,480,25,0,455,56.693,369,359,10,48.659
PR00004124,WO00004124,2026-06-19,C,P03,P03_L03,SKU004,480,0,0,480,56.693,356,341,15,44.5
PR00004125,WO00004125,2026-06-20,A,P01,P01_L01,SKU005,480,14,0,466,50.42,326,318,8,41.974
PR00004126,WO00004126,2026-06-20,B,P01,P01_L01,SKU001,480,19,0,461,49.793,339,331,8,44.121
PR00004127,WO00004127,2026-06-20,A,P01,P01_L02,SKU006,480,0,0,480,54.878,427,416,11,53.375
PR00004128,WO00004128,2026-06-20,A,P01,P01_L03,SKU003,480,42,0,438,61.962,430,421,9,58.904
PR00004129,WO00004129,2026-06-20,B,P01,P01_L03,SKU003,480,0,0,480,61.962,460,449,11,57.5
PR00004130,WO00004130,2026-06-20,A,P02,P02_L01,SKU002,480,0,0,480,48.8,324,315,9,40.5
PR00004131,WO00004131,2026-06-20,C,P02,P02_L01,SKU001,480,0,0,480,48.8,326,317,9,40.75
PR00004132,WO00004132,2026-06-20,A,P02,P02_L02,SKU002,480,22,0,458,55.9,358,348,10,46.9
PR00004133,WO00004133,2026-06-20,B,P02,P02_L02,SKU006,480,0,0,480,54.878,385,375,10,48.125
PR00004134,WO00004134,2026-06-20,C,P02,P02_L02,SKU004,480,51,0,429,55.9,328,316,12,45.874
PR00004135,WO00004135,2026-06-20,A,P02,P02_L03,SKU004,480,0,0,480,47.0,343,332,11,42.875
PR00004136,WO00004136,2026-06-20,A,P03,P03_L01,SKU003,480,17,0,463,57.7,399,391,8,51.706
PR00004137,WO00004137,2026-06-20,C,P03,P03_L01,SKU001,480,0,0,480,49.793,320,310,10,40.0
PR00004138,WO00004138,2026-06-20,A,P03,P03_L02,SKU002,480,0,112,368,56.6,286,276,10,46.63
PR00004139,WO00004139,2026-06-20,B,P03,P03_L02,SKU008,480,31,0,449,56.6,343,339,4,45.835
PR00004140,WO00004140,2026-06-20,C,P03,P03_L02,SKU006,480,35,0,445,54.878,343,332,11,46.247
PR00004141,WO00004141,2026-06-20,A,P03,P03_L03,SKU001,480,47,55,378,49.793,285,279,6,45.238
PR00004142,WO00004142,2026-06-20,B,P03,P03_L03,SKU001,480,23,0,457,49.793,315,309,6,41.357
PR00004143,WO00004143,2026-06-20,C,P03,P03_L03,SKU004,480,29,0,451,56.693,357,343,14,47.494
PR00004144,WO00004144,2026-06-21,A,P01,P01_L01,SKU005,480,52,0,428,50.42,304,297,7,42.617
PR00004145,WO00004145,2026-06-21,C,P01,P01_L01,SKU005,480,0,20,460,50.42,325,316,9,42.391
PR00004146,WO00004146,2026-06-21,A,P01,P01_L02,SKU004,480,0,0,480,56.693,423,411,12,52.875
PR00004147,WO00004147,2026-06-21,B,P01,P01_L02,SKU001,480,32,0,448,49.793,318,309,9,42.589
PR00004148,WO00004148,2026-06-21,A,P01,P01_L03,SKU008,480,0,0,480,60.302,449,443,6,56.125
PR00004149,WO00004149,2026-06-21,C,P01,P01_L03,SKU003,480,0,0,480,61.962,462,452,10,57.75
PR00004150,WO00004150,2026-06-21,A,P02,P02_L01,SKU003,480,15,0,465,48.8,348,343,5,44.903
PR00004151,WO00004151,2026-06-21,B,P02,P02_L01,SKU003,480,19,0,461,48.8,341,337,4,44.382
PR00004152,WO00004152,2026-06-21,C,P02,P02_L01,SKU003,480,0,0,480,48.8,353,342,11,44.125
PR00004153,WO00004153,2026-06-21,A,P02,P02_L02,SKU002,480,0,0,480,55.9,375,361,14,46.875
PR00004154,WO00004154,2026-06-21,B,P02,P02_L02,SKU002,480,47,0,433,55.9,301,291,10,41.709
PR00004155,WO00004155,2026-06-21,A,P02,P02_L03,SKU005,480,0,0,480,47.0,326,318,8,40.75
PR00004156,WO00004156,2026-06-21,C,P02,P02_L03,SKU002,480,0,0,480,47.0,301,290,11,37.625
PR00004157,WO00004157,2026-06-21,B,P03,P03_L01,SKU004,480,52,26,402,56.693,333,322,11,49.701
PR00004158,WO00004158,2026-06-21,A,P03,P03_L02,SKU004,480,0,0,480,56.6,394,379,15,49.25
PR00004159,WO00004159,2026-06-21,B,P03,P03_L02,SKU006,480,71,0,409,54.878,353,342,11,51.785
PR00004160,WO00004160,2026-06-21,C,P03,P03_L02,SKU001,480,0,0,480,49.793,316,308,8,39.5
PR00004161,WO00004161,2026-06-21,B,P03,P03_L03,SKU004,480,0,0,480,56.693,403,391,12,50.375
PR00004162,WO00004162,2026-06-22,A,P01,P01_L01,SKU006,480,0,0,480,54.878,431,419,12,53.875
PR00004163,WO00004163,2026-06-22,B,P01,P01_L01,SKU007,480,54,0,426,69.9,443,437,6,62.394
PR00004164,WO00004164,2026-06-22,C,P01,P01_L01,SKU001,480,18,0,462,49.793,330,319,11,42.857
PR00004165,WO00004165,2026-06-22,A,P01,P01_L02,SKU003,480,58,0,422,61.962,410,401,9,58.294
PR00004166,WO00004166,2026-06-22,B,P01,P01_L02,SKU002,480,0,7,473,65.2,424,406,18,53.784
PR00004167,WO00004167,2026-06-22,C,P01,P01_L02,SKU004,480,55,0,425,56.693,316,305,11,44.612
PR00004168,WO00004168,2026-06-22,A,P01,P01_L03,SKU003,480,0,0,480,61.962,503,490,13,62.875
PR00004169,WO00004169,2026-06-22,B,P01,P01_L03,SKU003,480,0,0,480,61.962,469,459,10,58.625
PR00004170,WO00004170,2026-06-22,C,P01,P01_L03,SKU003,480,0,0,480,61.962,444,434,10,55.5
PR00004171,WO00004171,2026-06-22,A,P02,P02_L01,SKU001,480,30,0,450,48.8,336,329,7,44.8
PR00004172,WO00004172,2026-06-22,B,P02,P02_L01,SKU003,480,30,0,450,48.8,326,318,8,43.467
PR00004173,WO00004173,2026-06-22,C,P02,P02_L01,SKU003,480,0,0,480,48.8,346,339,7,43.25
PR00004174,WO00004174,2026-06-22,A,P02,P02_L02,SKU002,480,33,9,438,55.9,360,349,11,49.315
PR00004175,WO00004175,2026-06-22,B,P02,P02_L02,SKU002,480,42,0,438,55.9,306,298,8,41.918
PR00004176,WO00004176,2026-06-22,C,P02,P02_L02,SKU002,480,0,0,480,55.9,363,349,14,45.375
PR00004177,WO00004177,2026-06-22,A,P02,P02_L03,SKU007,480,0,0,480,47.0,336,331,5,42.0
PR00004178,WO00004178,2026-06-22,B,P02,P02_L03,SKU005,480,0,0,480,47.0,317,309,8,39.625
PR00004179,WO00004179,2026-06-22,C,P02,P02_L03,SKU007,480,0,0,480,47.0,318,315,3,39.75
PR00004180,WO00004180,2026-06-22,A,P03,P03_L01,SKU001,480,0,21,459,49.793,348,341,7,45.49
PR00004181,WO00004181,2026-06-22,B,P03,P03_L01,SKU001,480,0,0,480,49.793,330,324,6,41.25
PR00004182,WO00004182,2026-06-22,C,P03,P03_L01,SKU001,480,0,0,480,49.793,350,341,9,43.75
PR00004183,WO00004183,2026-06-22,A,P03,P03_L02,SKU007,480,29,0,451,56.6,395,393,2,52.55
PR00004184,WO00004184,2026-06-22,B,P03,P03_L02,SKU001,480,0,0,480,49.793,321,314,7,40.125
PR00004185,WO00004185,2026-06-22,C,P03,P03_L02,SKU002,480,0,0,480,56.6,341,328,13,42.625
PR00004186,WO00004186,2026-06-22,A,P03,P03_L03,SKU004,480,24,0,456,56.693,412,399,13,54.211
PR00004187,WO00004187,2026-06-22,B,P03,P03_L03,SKU006,480,0,41,439,54.878,351,343,8,47.973
PR00004188,WO00004188,2026-06-22,C,P03,P03_L03,SKU004,480,28,30,422,56.693,345,331,14,49.052
PR00004189,WO00004189,2026-06-23,A,P01,P01_L01,SKU002,480,12,0,468,69.9,503,483,20,64.487
PR00004190,WO00004190,2026-06-23,B,P01,P01_L01,SKU006,480,42,0,438,54.878,349,336,13,47.808
PR00004191,WO00004191,2026-06-23,C,P01,P01_L01,SKU004,480,0,0,480,56.693,389,372,17,48.625
PR00004192,WO00004192,2026-06-23,A,P01,P01_L02,SKU004,480,54,0,426,56.693,372,359,13,52.394
PR00004193,WO00004193,2026-06-23,B,P01,P01_L02,SKU006,480,0,17,463,54.878,401,388,13,51.965
PR00004194,WO00004194,2026-06-23,C,P01,P01_L02,SKU004,480,77,19,384,56.693,318,302,16,49.688
PR00004195,WO00004195,2026-06-23,A,P01,P01_L03,SKU008,480,0,0,480,60.302,428,420,8,53.5
PR00004196,WO00004196,2026-06-23,B,P01,P01_L03,SKU004,480,0,0,480,56.693,415,396,19,51.875
PR00004197,WO00004197,2026-06-23,C,P01,P01_L03,SKU004,480,0,0,480,56.693,389,373,16,48.625
PR00004198,WO00004198,2026-06-23,A,P02,P02_L01,SKU008,480,30,0,450,48.8,291,287,4,38.8
PR00004199,WO00004199,2026-06-23,B,P02,P02_L01,SKU006,480,0,75,405,48.8,295,285,10,43.704
PR00004200,WO00004200,2026-06-23,C,P02,P02_L01,SKU003,480,19,0,461,48.8,330,323,7,42.95
PR00004201,WO00004201,2026-06-23,A,P02,P02_L02,SKU002,480,29,0,451,55.9,357,345,12,47.494
PR00004202,WO00004202,2026-06-23,B,P02,P02_L02,SKU003,480,0,0,480,55.9,374,366,8,46.75
PR00004203,WO00004203,2026-06-23,C,P02,P02_L02,SKU006,480,24,0,456,54.878,364,353,11,47.895
PR00004204,WO00004204,2026-06-23,A,P02,P02_L03,SKU003,480,0,0,480,47.0,345,341,4,43.125
PR00004205,WO00004205,2026-06-23,B,P02,P02_L03,SKU003,480,0,0,480,47.0,334,327,7,41.75
PR00004206,WO00004206,2026-06-23,C,P02,P02_L03,SKU008,480,0,0,480,47.0,288,283,5,36.0
PR00004207,WO00004207,2026-06-23,A,P03,P03_L01,SKU006,480,0,28,452,54.878,395,386,9,52.434
PR00004208,WO00004208,2026-06-23,B,P03,P03_L01,SKU001,480,13,0,467,49.793,328,320,8,42.141
PR00004209,WO00004209,2026-06-23,C,P03,P03_L01,SKU004,480,24,0,456,56.693,377,364,13,49.605
PR00004210,WO00004210,2026-06-23,A,P03,P03_L02,SKU001,480,0,0,480,49.793,377,369,8,47.125
PR00004211,WO00004211,2026-06-23,B,P03,P03_L02,SKU001,480,0,0,480,49.793,357,347,10,44.625
PR00004212,WO00004212,2026-06-23,C,P03,P03_L02,SKU006,480,27,0,453,54.878,357,344,13,47.285
PR00004213,WO00004213,2026-06-23,A,P03,P03_L03,SKU004,480,0,29,451,56.693,389,375,14,51.752
PR00004214,WO00004214,2026-06-23,B,P03,P03_L03,SKU003,480,40,0,440,58.1,383,374,9,52.227
PR00004215,WO00004215,2026-06-23,C,P03,P03_L03,SKU004,480,0,0,480,56.693,399,387,12,49.875
PR00004216,WO00004216,2026-06-24,A,P01,P01_L01,SKU004,480,0,0,480,56.693,436,418,18,54.5
PR00004217,WO00004217,2026-06-24,B,P01,P01_L01,SKU006,480,18,0,462,54.878,402,388,14,52.208
PR00004218,WO00004218,2026-06-24,C,P01,P01_L01,SKU006,480,0,0,480,54.878,386,370,16,48.25
PR00004219,WO00004219,2026-06-24,A,P01,P01_L02,SKU001,480,43,30,407,49.793,304,297,7,44.816
PR00004220,WO00004220,2026-06-24,B,P01,P01_L02,SKU002,480,0,23,457,65.2,444,427,17,58.293
PR00004221,WO00004221,2026-06-24,C,P01,P01_L02,SKU001,480,0,0,480,49.793,330,321,9,41.25
PR00004222,WO00004222,2026-06-24,A,P01,P01_L03,SKU003,480,0,0,480,61.962,492,479,13,61.5
PR00004223,WO00004223,2026-06-24,B,P01,P01_L03,SKU006,480,45,0,435,54.878,391,379,12,53.931
PR00004224,WO00004224,2026-06-24,C,P01,P01_L03,SKU004,480,0,0,480,56.693,395,378,17,49.375
PR00004225,WO00004225,2026-06-24,A,P02,P02_L01,SKU003,480,0,44,436,48.8,335,331,4,46.101
PR00004226,WO00004226,2026-06-24,B,P02,P02_L01,SKU003,480,87,0,393,48.8,270,263,7,41.221
PR00004227,WO00004227,2026-06-24,C,P02,P02_L01,SKU003,480,0,0,480,48.8,337,329,8,42.125
PR00004228,WO00004228,2026-06-24,A,P02,P02_L02,SKU001,480,33,5,442,49.793,323,316,7,43.846
PR00004229,WO00004229,2026-06-24,B,P02,P02_L02,SKU002,480,32,0,448,55.9,356,343,13,47.679
PR00004230,WO00004230,2026-06-24,C,P02,P02_L02,SKU006,480,21,0,459,54.878,353,340,13,46.144
PR00004231,WO00004231,2026-06-24,A,P02,P02_L03,SKU007,480,15,32,433,47.0,309,307,2,42.818
PR00004232,WO00004232,2026-06-24,B,P02,P02_L03,SKU007,480,24,0,456,47.0,329,324,5,43.289
PR00004233,WO00004233,2026-06-24,C,P02,P02_L03,SKU007,480,0,0,480,47.0,332,325,7,41.5
PR00004234,WO00004234,2026-06-24,A,P03,P03_L01,SKU001,480,0,0,480,49.793,365,359,6,45.625
PR00004235,WO00004235,2026-06-24,B,P03,P03_L01,SKU003,480,26,0,454,57.7,395,387,8,52.203
PR00004236,WO00004236,2026-06-24,C,P03,P03_L01,SKU001,480,0,0,480,49.793,330,324,6,41.25
PR00004237,WO00004237,2026-06-24,A,P03,P03_L02,SKU006,480,0,22,458,54.878,404,393,11,52.926
PR00004238,WO00004238,2026-06-24,B,P03,P03_L02,SKU006,480,0,0,480,54.878,394,385,9,49.25
PR00004239,WO00004239,2026-06-24,C,P03,P03_L02,SKU002,480,39,0,441,56.6,331,319,12,45.034
PR00004240,WO00004240,2026-06-24,A,P03,P03_L03,SKU001,480,0,0,480,49.793,355,346,9,44.375
PR00004241,WO00004241,2026-06-24,B,P03,P03_L03,SKU001,480,37,0,443,49.793,325,317,8,44.018
PR00004242,WO00004242,2026-06-24,C,P03,P03_L03,SKU001,480,0,21,459,49.793,330,322,8,43.137
PR00004243,WO00004243,2026-06-25,A,P01,P01_L01,SKU001,480,14,0,466,49.793,381,371,10,49.056
PR00004244,WO00004244,2026-06-25,B,P01,P01_L01,SKU002,480,0,32,448,69.9,446,429,17,59.732
PR00004245,WO00004245,2026-06-25,C,P01,P01_L01,SKU005,480,0,0,480,50.42,338,329,9,42.25
PR00004246,WO00004246,2026-06-25,A,P01,P01_L02,SKU006,480,25,9,446,54.878,399,386,13,53.677
PR00004247,WO00004247,2026-06-25,B,P01,P01_L02,SKU001,480,0,33,447,49.793,312,304,8,41.879
PR00004248,WO00004248,2026-06-25,C,P01,P01_L02,SKU002,480,23,0,457,65.2,404,387,17,53.042
PR00004249,WO00004249,2026-06-25,A,P01,P01_L03,SKU003,480,19,19,442,61.962,432,421,11,58.643
PR00004250,WO00004250,2026-06-25,B,P01,P01_L03,SKU003,480,48,0,432,61.962,410,399,11,56.944
PR00004251,WO00004251,2026-06-25,C,P01,P01_L03,SKU003,480,42,0,438,61.962,390,381,9,53.425
PR00004252,WO00004252,2026-06-25,A,P02,P02_L01,SKU003,480,33,85,362,48.8,280,275,5,46.409
PR00004253,WO00004253,2026-06-25,B,P02,P02_L01,SKU003,480,14,14,452,48.8,334,326,8,44.336
PR00004254,WO00004254,2026-06-25,C,P02,P02_L01,SKU002,480,0,0,480,48.8,308,295,13,38.5
PR00004255,WO00004255,2026-06-25,A,P02,P02_L02,SKU005,480,25,0,455,50.42,353,345,8,46.549
PR00004256,WO00004256,2026-06-25,B,P02,P02_L02,SKU002,480,56,0,424,55.9,325,313,12,45.991
PR00004257,WO00004257,2026-06-25,C,P02,P02_L02,SKU002,480,0,7,473,55.9,348,333,15,44.144
PR00004258,WO00004258,2026-06-25,A,P02,P02_L03,SKU002,480,0,0,480,47.0,311,299,12,38.875
PR00004259,WO00004259,2026-06-25,B,P02,P02_L03,SKU003,480,0,0,480,47.0,344,336,8,43.0
PR00004260,WO00004260,2026-06-25,C,P02,P02_L03,SKU007,480,0,0,480,47.0,312,307,5,39.0
PR00004261,WO00004261,2026-06-25,A,P03,P03_L01,SKU004,480,0,0,480,56.693,438,421,17,54.75
PR00004262,WO00004262,2026-06-25,B,P03,P03_L01,SKU001,480,25,0,455,49.793,328,321,7,43.253
PR00004263,WO00004263,2026-06-25,C,P03,P03_L01,SKU008,480,19,0,461,57.7,360,355,5,46.855
PR00004264,WO00004264,2026-06-25,A,P03,P03_L02,SKU008,480,0,0,480,56.6,380,374,6,47.5
PR00004265,WO00004265,2026-06-25,B,P03,P03_L02,SKU008,480,0,0,480,56.6,358,353,5,44.75
PR00004266,WO00004266,2026-06-25,C,P03,P03_L02,SKU002,480,0,0,480,56.6,375,361,14,46.875
PR00004267,WO00004267,2026-06-25,A,P03,P03_L03,SKU006,480,0,54,426,54.878,346,336,10,48.732
PR00004268,WO00004268,2026-06-25,B,P03,P03_L03,SKU003,480,0,0,480,58.1,436,425,11,54.5
PR00004269,WO00004269,2026-06-25,C,P03,P03_L03,SKU004,480,0,0,480,56.693,383,370,13,47.875
PR00004270,WO00004270,2026-06-26,A,P01,P01_L01,SKU001,480,34,0,446,49.793,345,339,6,46.413
PR00004271,WO00004271,2026-06-26,B,P01,P01_L01,SKU001,480,34,0,446,49.793,324,316,8,43.587
PR00004272,WO00004272,2026-06-26,C,P01,P01_L01,SKU006,480,25,0,455,54.878,372,359,13,49.055
PR00004273,WO00004273,2026-06-26,A,P01,P01_L02,SKU002,480,44,0,436,65.2,464,446,18,63.853
PR00004274,WO00004274,2026-06-26,B,P01,P01_L02,SKU004,480,0,0,480,56.693,400,382,18,50.0
PR00004275,WO00004275,2026-06-26,C,P01,P01_L02,SKU004,480,46,34,400,56.693,313,301,12,46.95
PR00004276,WO00004276,2026-06-26,A,P01,P01_L03,SKU003,480,0,0,480,61.962,465,458,7,58.125
PR00004277,WO00004277,2026-06-26,B,P01,P01_L03,SKU008,480,75,0,405,60.302,341,337,4,50.519
PR00004278,WO00004278,2026-06-26,C,P01,P01_L03,SKU008,480,0,0,480,60.302,391,384,7,48.875
PR00004279,WO00004279,2026-06-26,A,P02,P02_L01,SKU004,480,29,0,451,48.8,326,315,11,43.37
PR00004280,WO00004280,2026-06-26,B,P02,P02_L01,SKU006,480,0,0,480,48.8,357,346,11,44.625
PR00004281,WO00004281,2026-06-26,C,P02,P02_L01,SKU006,480,0,7,473,48.8,354,341,13,44.905
PR00004282,WO00004282,2026-06-26,A,P02,P02_L02,SKU003,480,0,0,480,55.9,408,402,6,51.0
PR00004283,WO00004283,2026-06-26,B,P02,P02_L02,SKU004,480,0,0,480,55.9,378,366,12,47.25
PR00004284,WO00004284,2026-06-26,C,P02,P02_L02,SKU002,480,0,0,480,55.9,354,342,12,44.25
PR00004285,WO00004285,2026-06-26,A,P02,P02_L03,SKU003,480,0,0,480,47.0,356,349,7,44.5
PR00004286,WO00004286,2026-06-26,B,P02,P02_L03,SKU007,480,41,0,439,47.0,295,290,5,40.319
PR00004287,WO00004287,2026-06-26,C,P02,P02_L03,SKU003,480,26,0,454,47.0,297,292,5,39.251
PR00004288,WO00004288,2026-06-26,A,P03,P03_L01,SKU001,480,21,0,459,49.793,326,317,9,42.614
PR00004289,WO00004289,2026-06-26,B,P03,P03_L01,SKU001,480,0,0,480,49.793,338,329,9,42.25
PR00004290,WO00004290,2026-06-26,C,P03,P03_L01,SKU003,480,58,36,386,57.7,318,314,4,49.43
PR00004291,WO00004291,2026-06-26,A,P03,P03_L02,SKU006,480,35,0,445,54.878,392,382,10,52.854
PR00004292,WO00004292,2026-06-26,B,P03,P03_L02,SKU006,480,0,4,476,54.878,413,402,11,52.059
PR00004293,WO00004293,2026-06-26,C,P03,P03_L02,SKU006,480,0,0,480,54.878,405,389,16,50.625
PR00004294,WO00004294,2026-06-26,A,P03,P03_L03,SKU001,480,0,0,480,49.793,335,326,9,41.875
PR00004295,WO00004295,2026-06-26,B,P03,P03_L03,SKU004,480,0,0,480,56.693,392,377,15,49.0
PR00004296,WO00004296,2026-06-26,C,P03,P03_L03,SKU004,480,12,0,468,56.693,407,391,16,52.179
PR00004297,WO00004297,2026-06-27,A,P01,P01_L01,SKU005,480,26,47,407,50.42,288,282,6,42.457
PR00004298,WO00004298,2026-06-27,B,P01,P01_L01,SKU002,480,36,0,444,69.9,454,437,17,61.351
PR00004299,WO00004299,2026-06-27,C,P01,P01_L01,SKU001,480,0,0,480,49.793,325,315,10,40.625
PR00004300,WO00004300,2026-06-27,A,P01,P01_L02,SKU002,480,23,0,457,65.2,456,438,18,59.869
PR00004301,WO00004301,2026-06-27,B,P01,P01_L02,SKU001,480,0,0,480,49.793,360,350,10,45.0
PR00004302,WO00004302,2026-06-27,A,P02,P02_L01,SKU003,480,0,41,439,48.8,339,332,7,46.333
PR00004303,WO00004303,2026-06-27,A,P02,P02_L02,SKU002,480,37,0,443,55.9,357,345,12,48.352
PR00004304,WO00004304,2026-06-27,B,P02,P02_L02,SKU006,480,0,0,480,54.878,395,381,14,49.375
PR00004305,WO00004305,2026-06-27,C,P02,P02_L02,SKU004,480,0,13,467,55.9,373,358,15,47.923
PR00004306,WO00004306,2026-06-27,A,P02,P02_L03,SKU004,480,0,0,480,47.0,333,324,9,41.625
PR00004307,WO00004307,2026-06-27,B,P02,P02_L03,SKU004,480,0,0,480,47.0,318,306,12,39.75
PR00004308,WO00004308,2026-06-27,A,P03,P03_L01,SKU001,480,23,0,457,49.793,346,340,6,45.427
PR00004309,WO00004309,2026-06-27,B,P03,P03_L01,SKU001,480,36,89,355,49.793,246,240,6,41.577
PR00004310,WO00004310,2026-06-27,A,P03,P03_L02,SKU001,480,0,0,480,49.793,357,349,8,44.625
PR00004311,WO00004311,2026-06-27,B,P03,P03_L03,SKU003,480,0,0,480,58.1,407,397,10,50.875
PR00004312,WO00004312,2026-06-28,A,P01,P01_L02,SKU008,480,0,0,480,60.302,412,404,8,51.5
PR00004313,WO00004313,2026-06-28,B,P01,P01_L02,SKU001,480,0,16,464,49.793,345,335,10,44.612
PR00004314,WO00004314,2026-06-28,C,P01,P01_L02,SKU006,480,0,0,480,54.878,366,354,12,45.75
PR00004315,WO00004315,2026-06-28,A,P01,P01_L03,SKU003,480,53,0,427,61.962,421,411,10,59.157
PR00004316,WO00004316,2026-06-28,B,P01,P01_L03,SKU002,480,0,0,480,72.0,513,493,20,64.125
PR00004317,WO00004317,2026-06-28,C,P01,P01_L03,SKU008,480,0,0,480,60.302,383,377,6,47.875
PR00004318,WO00004318,2026-06-28,A,P02,P02_L01,SKU001,480,0,0,480,48.8,348,343,5,43.5
PR00004319,WO00004319,2026-06-28,B,P02,P02_L01,SKU002,480,0,0,480,48.8,348,336,12,43.5
PR00004320,WO00004320,2026-06-28,C,P02,P02_L01,SKU006,480,0,0,480,48.8,335,322,13,41.875
PR00004321,WO00004321,2026-06-28,B,P02,P02_L02,SKU006,480,48,0,432,54.878,361,349,12,50.139
PR00004322,WO00004322,2026-06-28,C,P02,P02_L02,SKU004,480,0,4,476,55.9,346,334,12,43.613
PR00004323,WO00004323,2026-06-28,A,P02,P02_L03,SKU003,480,0,17,463,47.0,319,314,5,41.339
PR00004324,WO00004324,2026-06-28,A,P03,P03_L01,SKU005,480,0,0,480,50.42,349,342,7,43.625
PR00004325,WO00004325,2026-06-28,B,P03,P03_L01,SKU001,480,0,21,459,49.793,309,301,8,40.392
PR00004326,WO00004326,2026-06-28,C,P03,P03_L01,SKU004,480,0,12,468,56.693,385,366,19,49.359
PR00004327,WO00004327,2026-06-28,B,P03,P03_L02,SKU008,480,0,0,480,56.6,361,357,4,45.125
PR00004328,WO00004328,2026-06-28,C,P03,P03_L02,SKU001,480,37,0,443,49.793,300,292,8,40.632
PR00004329,WO00004329,2026-06-28,C,P03,P03_L03,SKU006,480,0,0,480,54.878,396,382,14,49.5
PR00004330,WO00004330,2026-06-29,A,P01,P01_L01,SKU002,480,67,0,413,69.9,412,396,16,59.855
PR00004331,WO00004331,2026-06-29,B,P01,P01_L01,SKU001,480,45,0,435,49.793,335,327,8,46.207
PR00004332,WO00004332,2026-06-29,C,P01,P01_L01,SKU005,480,0,0,480,50.42,337,329,8,42.125
PR00004333,WO00004333,2026-06-29,A,P01,P01_L02,SKU002,480,19,8,453,65.2,444,430,14,58.808
PR00004334,WO00004334,2026-06-29,B,P01,P01_L02,SKU008,480,0,13,467,60.302,382,373,9,49.079
PR00004335,WO00004335,2026-06-29,C,P01,P01_L02,SKU002,480,24,7,449,65.2,408,391,17,54.521
PR00004336,WO00004336,2026-06-29,A,P01,P01_L03,SKU002,480,46,0,434,72.0,460,445,15,63.594
PR00004337,WO00004337,2026-06-29,B,P01,P01_L03,SKU008,480,0,0,480,60.302,419,409,10,52.375
PR00004338,WO00004338,2026-06-29,C,P01,P01_L03,SKU003,480,30,0,450,61.962,401,389,12,53.467
PR00004339,WO00004339,2026-06-29,A,P02,P02_L01,SKU002,480,0,14,466,48.8,336,322,14,43.262
PR00004340,WO00004340,2026-06-29,B,P02,P02_L01,SKU001,480,0,0,480,48.8,338,330,8,42.25
PR00004341,WO00004341,2026-06-29,C,P02,P02_L01,SKU006,480,46,0,434,48.8,282,272,10,38.986
PR00004342,WO00004342,2026-06-29,A,P02,P02_L02,SKU002,480,0,0,480,55.9,397,386,11,49.625
PR00004343,WO00004343,2026-06-29,B,P02,P02_L02,SKU002,480,0,155,325,55.9,238,229,9,43.938
PR00004344,WO00004344,2026-06-29,C,P02,P02_L02,SKU004,480,40,0,440,55.9,342,330,12,46.636
PR00004345,WO00004345,2026-06-29,A,P02,P02_L03,SKU001,480,29,0,451,47.0,329,319,10,43.769
PR00004346,WO00004346,2026-06-29,B,P02,P02_L03,SKU003,480,0,0,480,47.0,340,334,6,42.5
PR00004347,WO00004347,2026-06-29,C,P02,P02_L03,SKU003,480,29,0,451,47.0,313,305,8,41.641
PR00004348,WO00004348,2026-06-29,A,P03,P03_L01,SKU004,480,0,16,464,56.693,397,385,12,51.336
PR00004349,WO00004349,2026-06-29,B,P03,P03_L01,SKU001,480,0,0,480,49.793,339,329,10,42.375
PR00004350,WO00004350,2026-06-29,C,P03,P03_L01,SKU004,480,51,27,402,56.693,292,281,11,43.582
PR00004351,WO00004351,2026-06-29,A,P03,P03_L02,SKU006,480,19,0,461,54.878,387,376,11,50.369
PR00004352,WO00004352,2026-06-29,B,P03,P03_L02,SKU006,480,0,31,449,54.878,382,372,10,51.047
PR00004353,WO00004353,2026-06-29,C,P03,P03_L02,SKU001,480,0,0,480,49.793,338,328,10,42.25
PR00004354,WO00004354,2026-06-29,A,P03,P03_L03,SKU001,480,0,0,480,49.793,347,340,7,43.375
PR00004355,WO00004355,2026-06-29,B,P03,P03_L03,SKU004,480,0,0,480,56.693,388,376,12,48.5
PR00004356,WO00004356,2026-06-29,C,P03,P03_L03,SKU004,480,14,0,466,56.693,372,358,14,47.897
