downtime_event_id,work_order_id,plant_id,line_id,machine_id,shift_id,event_start,event_end,downtime_type,reason_code,duration_seconds,local_reason_code
DT00000007,WO00000010,P02,P02_L01,M015,A,2026-01-01 06:48:00,2026-01-01 07:19:00,Planned,Changeover,1860,C/O
DT00000008,WO00000012,P02,P02_L01,M015,C,2026-01-01 22:42:00,2026-01-01 22:59:00,Planned,Changeover,1020,C/O
DT00000009,WO00000013,P02,P02_L02,M020,A,2026-01-01 06:15:00,2026-01-01 06:44:00,Planned,Changeover,1740,C/O
DT00000010,WO00000013,P02,P02_L02,M020,A,2026-01-01 06:49:00,2026-01-01 07:15:00,Unplanned,Quality Hold,1560,Q01
DT00000011,WO00000014,P02,P02_L02,M019,B,2026-01-01 14:30:00,2026-01-01 14:48:00,Planned,Preventive Maintenance,1080,P/M
DT00000012,WO00000016,P02,P02_L03,M021,A,2026-01-01 06:49:00,2026-01-01 07:11:00,Planned,Changeover,1320,C/O
DT00000013,WO00000018,P02,P02_L03,M023,C,2026-01-01 22:30:00,2026-01-01 23:09:00,Planned,Changeover,2340,C/O
DT00000028,WO00000038,P02,P02_L01,M016,B,2026-01-02 14:25:00,2026-01-02 14:51:00,Planned,Cleaning/Sanitation,1560,SAN
DT00000029,WO00000040,P02,P02_L02,M017,A,2026-01-02 06:12:00,2026-01-02 07:03:00,Planned,Planned Inspection,3060,PI
DT00000030,WO00000043,P02,P02_L03,M021,A,2026-01-02 06:15:00,2026-01-02 06:46:00,Planned,Preventive Maintenance,1860,P/M
DT00000031,WO00000045,P02,P02_L03,M021,C,2026-01-02 22:35:00,2026-01-02 22:45:00,Unplanned,Utility Interruption,600,U01
DT00000041,WO00000062,P02,P02_L02,M017,C,2026-01-03 22:48:00,2026-01-03 22:59:00,Unplanned,Mechanical Failure,660,M01
DT00000050,WO00000075,P02,P02_L01,M015,B,2026-01-04 14:33:00,2026-01-04 14:53:00,Planned,Planned Inspection,1200,PI
DT00000051,WO00000076,P02,P02_L01,M013,C,2026-01-04 22:19:00,2026-01-04 22:37:00,Unplanned,Quality Hold,1080,Q01
DT00000052,WO00000076,P02,P02_L01,M014,C,2026-01-04 22:40:00,2026-01-04 23:21:00,Unplanned,Electrical Fault,2460,E01
DT00000064,WO00000095,P02,P02_L01,M014,A,2026-01-05 06:38:00,2026-01-05 07:54:00,Planned,Preventive Maintenance,4560,P/M
DT00000065,WO00000096,P02,P02_L01,M016,B,2026-01-05 14:15:00,2026-01-05 14:39:00,Planned,Cleaning/Sanitation,1440,SAN
DT00000066,WO00000096,P02,P02_L01,M016,B,2026-01-05 14:44:00,2026-01-05 15:06:00,Unplanned,Mechanical Failure,1320,M01
DT00000067,WO00000099,P02,P02_L02,M019,B,2026-01-05 14:16:00,2026-01-05 14:58:00,Unplanned,Mechanical Failure,2520,M01
DT00000068,WO00000100,P02,P02_L02,M018,C,2026-01-05 22:19:00,2026-01-05 22:48:00,Planned,Preventive Maintenance,1740,P/M
DT00000069,WO00000101,P02,P02_L03,M022,A,2026-01-05 06:26:00,2026-01-05 07:03:00,Planned,Cleaning/Sanitation,2220,SAN
DT00000070,WO00000101,P02,P02_L03,M023,A,2026-01-05 07:08:00,2026-01-05 07:24:00,Unplanned,Mechanical Failure,960,M01
DT00000086,WO00000123,P02,P02_L01,M015,B,2026-01-06 14:10:00,2026-01-06 14:40:00,Planned,Preventive Maintenance,1800,P/M
DT00000087,WO00000124,P02,P02_L01,M014,C,2026-01-06 22:47:00,2026-01-06 23:06:00,Planned,Preventive Maintenance,1140,P/M
DT00000088,WO00000126,P02,P02_L02,M019,B,2026-01-06 14:27:00,2026-01-06 14:35:00,Unplanned,Quality Hold,480,Q01
DT00000089,WO00000127,P02,P02_L02,M019,C,2026-01-06 22:11:00,2026-01-06 22:32:00,Planned,Preventive Maintenance,1260,P/M
DT00000090,WO00000130,P02,P02_L03,M023,C,2026-01-06 22:10:00,2026-01-06 22:35:00,Planned,Cleaning/Sanitation,1500,SAN
DT00000107,WO00000149,P02,P02_L01,M014,A,2026-01-07 06:47:00,2026-01-07 07:20:00,Unplanned,Mechanical Failure,1980,M01
DT00000108,WO00000150,P02,P02_L01,M016,B,2026-01-07 14:23:00,2026-01-07 15:04:00,Planned,Preventive Maintenance,2460,P/M
DT00000109,WO00000152,P02,P02_L02,M018,A,2026-01-07 06:11:00,2026-01-07 06:59:00,Planned,Cleaning/Sanitation,2880,SAN
DT00000110,WO00000154,P02,P02_L02,M017,C,2026-01-07 22:15:00,2026-01-07 22:42:00,Planned,Changeover,1620,C/O
DT00000111,WO00000157,P02,P02_L03,M021,C,2026-01-07 22:33:00,2026-01-07 23:13:00,Planned,Preventive Maintenance,2400,P/M
DT00000112,WO00000157,P02,P02_L03,M021,C,2026-01-07 23:18:00,2026-01-07 23:38:00,Unplanned,Mechanical Failure,1200,M01
DT00000127,WO00000176,P02,P02_L01,M013,A,2026-01-08 06:22:00,2026-01-08 06:46:00,Planned,Changeover,1440,C/O
DT00000128,WO00000177,P02,P02_L01,M013,B,2026-01-08 14:35:00,2026-01-08 14:57:00,Planned,Changeover,1320,C/O
DT00000129,WO00000181,P02,P02_L02,M017,C,2026-01-08 22:21:00,2026-01-08 22:41:00,Planned,Changeover,1200,C/O
DT00000130,WO00000182,P02,P02_L03,M022,A,2026-01-08 06:23:00,2026-01-08 07:34:00,Planned,Preventive Maintenance,4260,P/M
DT00000131,WO00000183,P02,P02_L03,M023,B,2026-01-08 14:34:00,2026-01-08 14:55:00,Planned,Changeover,1260,C/O
DT00000151,WO00000205,P02,P02_L01,M016,C,2026-01-09 22:40:00,2026-01-09 23:38:00,Planned,Changeover,3480,C/O
DT00000152,WO00000205,P02,P02_L01,M015,C,2026-01-09 23:43:00,2026-01-10 00:47:00,Unplanned,Mechanical Failure,3840,M01
DT00000153,WO00000206,P02,P02_L02,M017,A,2026-01-09 06:11:00,2026-01-09 06:37:00,Planned,Changeover,1560,C/O
DT00000154,WO00000206,P02,P02_L02,M019,A,2026-01-09 06:42:00,2026-01-09 06:50:00,Unplanned,Quality Hold,480,Q01
DT00000155,WO00000207,P02,P02_L02,M017,B,2026-01-09 14:20:00,2026-01-09 15:02:00,Planned,Preventive Maintenance,2520,P/M
DT00000156,WO00000208,P02,P02_L02,M018,C,2026-01-09 22:11:00,2026-01-09 22:53:00,Planned,Preventive Maintenance,2520,P/M
DT00000157,WO00000209,P02,P02_L03,M021,A,2026-01-09 06:18:00,2026-01-09 07:33:00,Planned,Changeover,4500,C/O
DT00000158,WO00000209,P02,P02_L03,M023,A,2026-01-09 07:38:00,2026-01-09 08:17:00,Unplanned,Operator Adjustment,2340,O01
DT00000173,WO00000226,P02,P02_L02,M017,B,2026-01-10 14:36:00,2026-01-10 15:34:00,Planned,Changeover,3480,C/O
DT00000174,WO00000226,P02,P02_L02,M020,B,2026-01-10 15:39:00,2026-01-10 15:53:00,Unplanned,Sensor/Controls Fault,840,C01
DT00000175,WO00000228,P02,P02_L03,M022,C,2026-01-10 22:21:00,2026-01-10 22:33:00,Planned,Changeover,720,C/O
DT00000176,WO00000228,P02,P02_L03,M022,C,2026-01-10 22:38:00,2026-01-10 22:52:00,Unplanned,Mechanical Failure,840,M01
DT00000190,WO00000244,P02,P02_L01,M016,C,2026-01-11 22:23:00,2026-01-11 22:50:00,Planned,Preventive Maintenance,1620,P/M
DT00000191,WO00000244,P02,P02_L01,M014,C,2026-01-11 22:55:00,2026-01-11 23:04:00,Unplanned,Mechanical Failure,540,M01
DT00000192,WO00000245,P02,P02_L02,M017,A,2026-01-11 06:15:00,2026-01-11 06:56:00,Unplanned,Material Starvation,2460,S01
DT00000193,WO00000247,P02,P02_L03,M021,B,2026-01-11 14:20:00,2026-01-11 14:44:00,Planned,Preventive Maintenance,1440,P/M
DT00000203,WO00000262,P02,P02_L01,M013,A,2026-01-12 06:39:00,2026-01-12 07:05:00,Planned,Changeover,1560,C/O
DT00000204,WO00000262,P02,P02_L01,M013,A,2026-01-12 07:10:00,2026-01-12 07:45:00,Unplanned,Mechanical Failure,2100,M01
DT00000205,WO00000262,P02,P02_L01,M016,A,2026-01-12 07:48:00,2026-01-12 08:18:00,Unplanned,Sensor/Controls Fault,1800,C01
DT00000206,WO00000265,P02,P02_L02,M019,A,2026-01-12 06:17:00,2026-01-12 07:04:00,Planned,Changeover,2820,C/O
DT00000207,WO00000267,P02,P02_L02,M017,C,2026-01-12 22:28:00,2026-01-12 23:47:00,Planned,Planned Inspection,4740,PI
DT00000208,WO00000268,P02,P02_L03,M022,A,2026-01-12 06:22:00,2026-01-12 06:42:00,Planned,Preventive Maintenance,1200,P/M
DT00000209,WO00000270,P02,P02_L03,M021,C,2026-01-12 22:49:00,2026-01-12 23:30:00,Unplanned,Operator Adjustment,2460,O01
DT00000225,WO00000289,P02,P02_L01,M016,A,2026-01-13 06:39:00,2026-01-13 06:58:00,Planned,Planned Inspection,1140,PI
DT00000226,WO00000290,P02,P02_L01,M016,B,2026-01-13 14:46:00,2026-01-13 15:29:00,Planned,Cleaning/Sanitation,2580,SAN
DT00000227,WO00000290,P02,P02_L01,M013,B,2026-01-13 15:34:00,2026-01-13 15:55:00,Unplanned,Quality Hold,1260,Q01
DT00000228,WO00000291,P02,P02_L01,M015,C,2026-01-13 22:15:00,2026-01-13 22:42:00,Unplanned,Material Starvation,1620,S01
DT00000229,WO00000292,P02,P02_L02,M019,A,2026-01-13 06:37:00,2026-01-13 07:02:00,Planned,Changeover,1500,C/O
DT00000230,WO00000293,P02,P02_L02,M018,B,2026-01-13 14:12:00,2026-01-13 14:41:00,Planned,Changeover,1740,C/O
DT00000231,WO00000297,P02,P02_L03,M022,C,2026-01-13 22:45:00,2026-01-13 22:58:00,Unplanned,Quality Hold,780,Q01
DT00000242,WO00000316,P02,P02_L01,M016,A,2026-01-14 06:45:00,2026-01-14 07:24:00,Unplanned,Quality Hold,2340,Q01
DT00000243,WO00000316,P02,P02_L01,M015,A,2026-01-14 07:27:00,2026-01-14 07:44:00,Unplanned,Quality Hold,1020,Q01
DT00000244,WO00000317,P02,P02_L01,M014,B,2026-01-14 14:14:00,2026-01-14 14:31:00,Unplanned,Utility Interruption,1020,U01
DT00000245,WO00000318,P02,P02_L01,M013,C,2026-01-14 22:39:00,2026-01-14 23:14:00,Planned,Planned Inspection,2100,PI
DT00000246,WO00000319,P02,P02_L02,M017,A,2026-01-14 06:25:00,2026-01-14 06:37:00,Unplanned,Material Starvation,720,S01
DT00000247,WO00000320,P02,P02_L02,M018,B,2026-01-14 14:40:00,2026-01-14 15:23:00,Planned,Cleaning/Sanitation,2580,SAN
DT00000248,WO00000322,P02,P02_L03,M022,A,2026-01-14 06:33:00,2026-01-14 06:44:00,Unplanned,Electrical Fault,660,E01
DT00000260,WO00000344,P02,P02_L01,M013,B,2026-01-15 14:28:00,2026-01-15 15:06:00,Planned,Preventive Maintenance,2280,P/M
DT00000261,WO00000345,P02,P02_L01,M015,C,2026-01-15 22:12:00,2026-01-15 23:51:00,Planned,Planned Inspection,5940,PI
DT00000262,WO00000347,P02,P02_L02,M019,B,2026-01-15 14:31:00,2026-01-15 15:20:00,Planned,Preventive Maintenance,2940,P/M
DT00000263,WO00000348,P02,P02_L02,M018,C,2026-01-15 22:28:00,2026-01-15 22:56:00,Planned,Changeover,1680,C/O
DT00000264,WO00000349,P02,P02_L03,M024,A,2026-01-15 06:16:00,2026-01-15 06:49:00,Planned,Planned Inspection,1980,PI
DT00000265,WO00000351,P02,P02_L03,M022,C,2026-01-15 22:44:00,2026-01-15 22:58:00,Planned,Changeover,840,C/O
DT00000281,WO00000371,P02,P02_L01,M016,B,2026-01-16 14:10:00,2026-01-16 14:25:00,Unplanned,Operator Adjustment,900,O01
DT00000282,WO00000372,P02,P02_L01,M014,C,2026-01-16 22:13:00,2026-01-16 22:45:00,Planned,Cleaning/Sanitation,1920,SAN
DT00000283,WO00000372,P02,P02_L01,M016,C,2026-01-16 22:50:00,2026-01-16 23:08:00,Unplanned,Material Starvation,1080,S01
DT00000284,WO00000373,P02,P02_L02,M018,A,2026-01-16 06:43:00,2026-01-16 06:58:00,Planned,Preventive Maintenance,900,P/M
DT00000285,WO00000375,P02,P02_L02,M017,C,2026-01-16 22:26:00,2026-01-16 22:58:00,Unplanned,Electrical Fault,1920,E01
DT00000286,WO00000376,P02,P02_L03,M021,A,2026-01-16 06:20:00,2026-01-16 06:43:00,Planned,Changeover,1380,C/O
DT00000287,WO00000377,P02,P02_L03,M023,B,2026-01-16 14:49:00,2026-01-16 15:09:00,Planned,Planned Inspection,1200,PI
DT00000288,WO00000377,P02,P02_L03,M022,B,2026-01-16 15:14:00,2026-01-16 15:30:00,Unplanned,Material Starvation,960,S01
DT00000301,WO00000393,P02,P02_L01,M013,A,2026-01-17 06:30:00,2026-01-17 07:00:00,Unplanned,Electrical Fault,1800,E01
DT00000302,WO00000394,P02,P02_L01,M016,B,2026-01-17 14:35:00,2026-01-17 14:47:00,Planned,Changeover,720,C/O
DT00000303,WO00000395,P02,P02_L01,M016,C,2026-01-17 22:19:00,2026-01-17 23:05:00,Planned,Cleaning/Sanitation,2760,SAN
DT00000304,WO00000396,P02,P02_L02,M019,A,2026-01-17 06:38:00,2026-01-17 06:55:00,Planned,Changeover,1020,C/O
DT00000305,WO00000397,P02,P02_L02,M017,B,2026-01-17 14:21:00,2026-01-17 14:55:00,Planned,Preventive Maintenance,2040,P/M
DT00000306,WO00000398,P02,P02_L02,M017,C,2026-01-17 22:38:00,2026-01-17 23:55:00,Planned,Changeover,4620,C/O
DT00000307,WO00000398,P02,P02_L02,M019,C,2026-01-18 00:00:00,2026-01-18 00:57:00,Unplanned,Material Starvation,3420,S01
DT00000308,WO00000399,P02,P02_L03,M024,B,2026-01-17 14:35:00,2026-01-17 15:26:00,Planned,Cleaning/Sanitation,3060,SAN
DT00000309,WO00000399,P02,P02_L03,M023,B,2026-01-17 15:31:00,2026-01-17 16:30:00,Unplanned,Quality Hold,3540,Q01
DT00000310,WO00000399,P02,P02_L03,M021,B,2026-01-17 16:33:00,2026-01-17 16:54:00,Unplanned,Mechanical Failure,1260,M01
DT00000320,WO00000412,P02,P02_L01,M013,A,2026-01-18 06:36:00,2026-01-18 06:53:00,Unplanned,Quality Hold,1020,Q01
DT00000321,WO00000413,P02,P02_L01,M015,B,2026-01-18 14:45:00,2026-01-18 15:06:00,Planned,Changeover,1260,C/O
DT00000322,WO00000414,P02,P02_L01,M015,C,2026-01-18 22:44:00,2026-01-18 23:07:00,Unplanned,Operator Adjustment,1380,O01
DT00000333,WO00000433,P02,P02_L01,M015,A,2026-01-19 06:15:00,2026-01-19 06:27:00,Planned,Changeover,720,C/O
DT00000334,WO00000434,P02,P02_L01,M014,B,2026-01-19 14:13:00,2026-01-19 14:40:00,Planned,Changeover,1620,C/O
DT00000335,WO00000435,P02,P02_L01,M014,C,2026-01-19 22:47:00,2026-01-19 23:24:00,Planned,Changeover,2220,C/O
DT00000336,WO00000435,P02,P02_L01,M016,C,2026-01-19 23:29:00,2026-01-19 23:50:00,Unplanned,Operator Adjustment,1260,O01
DT00000337,WO00000436,P02,P02_L02,M018,A,2026-01-19 06:19:00,2026-01-19 06:50:00,Planned,Changeover,1860,C/O
DT00000338,WO00000440,P02,P02_L03,M024,B,2026-01-19 14:23:00,2026-01-19 14:46:00,Planned,Changeover,1380,C/O
DT00000339,WO00000441,P02,P02_L03,M024,C,2026-01-19 22:25:00,2026-01-19 23:02:00,Unplanned,Material Starvation,2220,S01
DT00000353,WO00000460,P02,P02_L01,M013,A,2026-01-20 06:23:00,2026-01-20 06:36:00,Planned,Preventive Maintenance,780,P/M
DT00000354,WO00000461,P02,P02_L01,M016,B,2026-01-20 14:16:00,2026-01-20 14:45:00,Unplanned,Material Starvation,1740,S01
DT00000355,WO00000462,P02,P02_L01,M016,C,2026-01-20 22:35:00,2026-01-21 00:12:00,Planned,Changeover,5820,C/O
DT00000356,WO00000462,P02,P02_L01,M014,C,2026-01-21 00:17:00,2026-01-21 00:23:00,Unplanned,Sensor/Controls Fault,360,C01
DT00000357,WO00000463,P02,P02_L02,M020,A,2026-01-20 06:42:00,2026-01-20 07:00:00,Unplanned,Mechanical Failure,1080,M01
DT00000358,WO00000464,P02,P02_L02,M019,B,2026-01-20 14:36:00,2026-01-20 15:22:00,Planned,Changeover,2760,C/O
DT00000359,WO00000466,P02,P02_L03,M021,A,2026-01-20 06:33:00,2026-01-20 06:55:00,Planned,Preventive Maintenance,1320,P/M
DT00000360,WO00000467,P02,P02_L03,M023,B,2026-01-20 14:38:00,2026-01-20 15:00:00,Planned,Preventive Maintenance,1320,P/M
DT00000380,WO00000487,P02,P02_L01,M015,A,2026-01-21 06:24:00,2026-01-21 06:43:00,Planned,Changeover,1140,C/O
DT00000381,WO00000487,P02,P02_L01,M015,A,2026-01-21 06:48:00,2026-01-21 07:04:00,Unplanned,Electrical Fault,960,E01
DT00000382,WO00000488,P02,P02_L01,M013,B,2026-01-21 14:14:00,2026-01-21 14:49:00,Planned,Preventive Maintenance,2100,P/M
DT00000383,WO00000489,P02,P02_L01,M015,C,2026-01-21 22:13:00,2026-01-21 22:46:00,Unplanned,Sensor/Controls Fault,1980,C01
DT00000384,WO00000490,P02,P02_L02,M020,A,2026-01-21 06:48:00,2026-01-21 07:09:00,Planned,Preventive Maintenance,1260,P/M
DT00000385,WO00000491,P02,P02_L02,M020,B,2026-01-21 14:43:00,2026-01-21 15:03:00,Planned,Changeover,1200,C/O
DT00000386,WO00000491,P02,P02_L02,M020,B,2026-01-21 15:08:00,2026-01-21 15:18:00,Unplanned,Material Starvation,600,S01
DT00000387,WO00000493,P02,P02_L03,M023,A,2026-01-21 06:14:00,2026-01-21 06:33:00,Planned,Planned Inspection,1140,PI
DT00000388,WO00000493,P02,P02_L03,M024,A,2026-01-21 06:38:00,2026-01-21 06:51:00,Unplanned,Material Starvation,780,S01
DT00000389,WO00000493,P02,P02_L03,M022,A,2026-01-21 06:54:00,2026-01-21 07:09:00,Unplanned,Electrical Fault,900,E01
DT00000390,WO00000494,P02,P02_L03,M021,B,2026-01-21 14:12:00,2026-01-21 14:47:00,Planned,Preventive Maintenance,2100,P/M
DT00000402,WO00000514,P02,P02_L01,M015,A,2026-01-22 06:26:00,2026-01-22 06:59:00,Planned,Changeover,1980,C/O
DT00000403,WO00000517,P02,P02_L02,M020,A,2026-01-22 06:27:00,2026-01-22 06:41:00,Planned,Changeover,840,C/O
DT00000404,WO00000519,P02,P02_L02,M017,C,2026-01-22 22:14:00,2026-01-22 22:59:00,Planned,Preventive Maintenance,2700,P/M
DT00000405,WO00000520,P02,P02_L03,M023,A,2026-01-22 06:15:00,2026-01-22 06:45:00,Planned,Changeover,1800,C/O
DT00000406,WO00000521,P02,P02_L03,M024,B,2026-01-22 14:19:00,2026-01-22 14:56:00,Planned,Changeover,2220,C/O
DT00000407,WO00000522,P02,P02_L03,M023,C,2026-01-22 22:23:00,2026-01-22 22:47:00,Planned,Cleaning/Sanitation,1440,SAN
DT00000408,WO00000522,P02,P02_L03,M021,C,2026-01-22 22:52:00,2026-01-22 23:55:00,Unplanned,Operator Adjustment,3780,O01
DT00000409,WO00000522,P02,P02_L03,M022,C,2026-01-22 23:58:00,2026-01-23 00:30:00,Unplanned,Utility Interruption,1920,U01
DT00000430,WO00000543,P02,P02_L01,M013,C,2026-01-23 22:45:00,2026-01-23 23:24:00,Planned,Changeover,2340,C/O
DT00000431,WO00000543,P02,P02_L01,M015,C,2026-01-23 23:29:00,2026-01-23 23:47:00,Unplanned,Electrical Fault,1080,E01
DT00000432,WO00000546,P02,P02_L02,M020,C,2026-01-23 22:32:00,2026-01-23 22:52:00,Unplanned,Mechanical Failure,1200,M01
DT00000433,WO00000547,P02,P02_L03,M022,A,2026-01-23 06:27:00,2026-01-23 06:44:00,Planned,Changeover,1020,C/O
DT00000434,WO00000549,P02,P02_L03,M023,C,2026-01-23 22:29:00,2026-01-23 22:44:00,Planned,Preventive Maintenance,900,P/M
DT00000446,WO00000564,P02,P02_L01,M015,A,2026-01-24 06:37:00,2026-01-24 07:32:00,Planned,Changeover,3300,C/O
DT00000447,WO00000565,P02,P02_L02,M019,C,2026-01-24 22:49:00,2026-01-24 23:15:00,Planned,Changeover,1560,C/O
DT00000448,WO00000565,P02,P02_L02,M020,C,2026-01-24 23:20:00,2026-01-24 23:24:00,Unplanned,Electrical Fault,240,E01
DT00000449,WO00000566,P02,P02_L03,M022,B,2026-01-24 14:13:00,2026-01-24 15:22:00,Planned,Preventive Maintenance,4140,P/M
DT00000462,WO00000583,P02,P02_L03,M021,A,2026-01-25 06:20:00,2026-01-25 06:59:00,Planned,Preventive Maintenance,2340,P/M
DT00000463,WO00000584,P02,P02_L03,M024,C,2026-01-25 22:44:00,2026-01-25 23:10:00,Planned,Preventive Maintenance,1560,P/M
DT00000480,WO00000601,P02,P02_L01,M015,B,2026-01-26 14:48:00,2026-01-26 15:22:00,Planned,Preventive Maintenance,2040,P/M
DT00000481,WO00000601,P02,P02_L01,M016,B,2026-01-26 15:27:00,2026-01-26 16:09:00,Unplanned,Operator Adjustment,2520,O01
DT00000482,WO00000603,P02,P02_L02,M018,A,2026-01-26 06:24:00,2026-01-26 06:46:00,Unplanned,Utility Interruption,1320,U01
DT00000483,WO00000606,P02,P02_L03,M021,A,2026-01-26 06:28:00,2026-01-26 07:04:00,Unplanned,Quality Hold,2160,Q01
DT00000497,WO00000628,P02,P02_L01,M015,B,2026-01-27 14:34:00,2026-01-27 15:21:00,Planned,Changeover,2820,C/O
DT00000498,WO00000628,P02,P02_L01,M015,B,2026-01-27 15:26:00,2026-01-27 16:42:00,Unplanned,Electrical Fault,4560,E01
DT00000499,WO00000629,P02,P02_L01,M013,C,2026-01-27 22:26:00,2026-01-27 22:55:00,Planned,Planned Inspection,1740,PI
DT00000500,WO00000630,P02,P02_L02,M018,A,2026-01-27 06:37:00,2026-01-27 06:59:00,Planned,Changeover,1320,C/O
DT00000501,WO00000632,P02,P02_L02,M020,C,2026-01-27 22:29:00,2026-01-27 22:47:00,Unplanned,Material Starvation,1080,S01
DT00000502,WO00000632,P02,P02_L02,M018,C,2026-01-27 22:50:00,2026-01-28 00:21:00,Unplanned,Mechanical Failure,5460,M01
DT00000503,WO00000634,P02,P02_L03,M021,B,2026-01-27 14:26:00,2026-01-27 14:52:00,Unplanned,Electrical Fault,1560,E01
DT00000504,WO00000635,P02,P02_L03,M024,C,2026-01-27 22:24:00,2026-01-27 23:03:00,Planned,Planned Inspection,2340,PI
DT00000520,WO00000654,P02,P02_L01,M013,A,2026-01-28 06:23:00,2026-01-28 06:51:00,Unplanned,Mechanical Failure,1680,M01
DT00000521,WO00000656,P02,P02_L01,M014,C,2026-01-28 22:12:00,2026-01-28 22:27:00,Planned,Changeover,900,C/O
DT00000522,WO00000657,P02,P02_L02,M018,A,2026-01-28 06:34:00,2026-01-28 06:40:00,Unplanned,Material Starvation,360,S01
DT00000523,WO00000661,P02,P02_L03,M024,B,2026-01-28 14:16:00,2026-01-28 14:33:00,Planned,Changeover,1020,C/O
DT00000539,WO00000683,P02,P02_L01,M016,C,2026-01-29 22:12:00,2026-01-29 22:32:00,Planned,Cleaning/Sanitation,1200,SAN
DT00000540,WO00000684,P02,P02_L02,M017,A,2026-01-29 06:18:00,2026-01-29 06:45:00,Planned,Cleaning/Sanitation,1620,SAN
DT00000541,WO00000686,P02,P02_L02,M017,C,2026-01-29 22:42:00,2026-01-29 23:01:00,Planned,Preventive Maintenance,1140,P/M
DT00000542,WO00000689,P02,P02_L03,M022,C,2026-01-29 22:37:00,2026-01-29 23:21:00,Planned,Changeover,2640,C/O
DT00000557,WO00000708,P02,P02_L01,M016,A,2026-01-30 06:34:00,2026-01-30 06:56:00,Unplanned,Electrical Fault,1320,E01
DT00000558,WO00000709,P02,P02_L01,M014,B,2026-01-30 14:40:00,2026-01-30 15:32:00,Planned,Preventive Maintenance,3120,P/M
DT00000559,WO00000710,P02,P02_L01,M015,C,2026-01-30 22:30:00,2026-01-30 22:59:00,Planned,Cleaning/Sanitation,1740,SAN
DT00000560,WO00000711,P02,P02_L02,M019,A,2026-01-30 06:37:00,2026-01-30 06:51:00,Unplanned,Mechanical Failure,840,M01
DT00000561,WO00000713,P02,P02_L02,M018,C,2026-01-30 22:27:00,2026-01-30 22:31:00,Unplanned,Electrical Fault,240,E01
DT00000562,WO00000714,P02,P02_L03,M022,A,2026-01-30 06:46:00,2026-01-30 07:17:00,Unplanned,Sensor/Controls Fault,1860,C01
DT00000563,WO00000716,P02,P02_L03,M021,C,2026-01-30 22:37:00,2026-01-30 22:55:00,Unplanned,Quality Hold,1080,Q01
DT00000573,WO00000732,P02,P02_L01,M016,C,2026-01-31 22:11:00,2026-01-31 22:40:00,Planned,Preventive Maintenance,1740,P/M
DT00000574,WO00000734,P02,P02_L02,M019,B,2026-01-31 14:41:00,2026-01-31 15:04:00,Planned,Changeover,1380,C/O
DT00000575,WO00000735,P02,P02_L03,M022,A,2026-01-31 06:28:00,2026-01-31 06:47:00,Unplanned,Mechanical Failure,1140,M01
DT00000583,WO00000749,P02,P02_L01,M013,B,2026-02-01 14:33:00,2026-02-01 14:45:00,Unplanned,Mechanical Failure,720,M01
DT00000584,WO00000749,P02,P02_L01,M013,B,2026-02-01 14:48:00,2026-02-01 15:49:00,Unplanned,Operator Adjustment,3660,O01
DT00000585,WO00000751,P02,P02_L02,M018,A,2026-02-01 06:39:00,2026-02-01 06:56:00,Planned,Changeover,1020,C/O
DT00000586,WO00000754,P02,P02_L03,M021,C,2026-02-01 22:37:00,2026-02-01 23:03:00,Planned,Changeover,1560,C/O
DT00000597,WO00000771,P02,P02_L01,M013,A,2026-02-02 06:37:00,2026-02-02 06:59:00,Planned,Cleaning/Sanitation,1320,SAN
DT00000598,WO00000771,P02,P02_L01,M014,A,2026-02-02 07:04:00,2026-02-02 07:25:00,Unplanned,Operator Adjustment,1260,O01
DT00000599,WO00000773,P02,P02_L01,M015,C,2026-02-02 22:42:00,2026-02-02 23:02:00,Planned,Changeover,1200,C/O
DT00000600,WO00000775,P02,P02_L02,M018,B,2026-02-02 14:49:00,2026-02-02 15:24:00,Planned,Planned Inspection,2100,PI
DT00000601,WO00000777,P02,P02_L03,M022,A,2026-02-02 06:29:00,2026-02-02 06:59:00,Planned,Changeover,1800,C/O
DT00000602,WO00000779,P02,P02_L03,M022,C,2026-02-02 22:22:00,2026-02-02 23:06:00,Unplanned,Electrical Fault,2640,E01
DT00000616,WO00000798,P02,P02_L01,M014,A,2026-02-03 06:31:00,2026-02-03 06:50:00,Planned,Changeover,1140,C/O
DT00000617,WO00000799,P02,P02_L01,M015,B,2026-02-03 14:15:00,2026-02-03 14:38:00,Planned,Changeover,1380,C/O
DT00000618,WO00000800,P02,P02_L01,M016,C,2026-02-03 22:45:00,2026-02-03 23:21:00,Planned,Preventive Maintenance,2160,P/M
DT00000619,WO00000801,P02,P02_L02,M019,A,2026-02-03 06:40:00,2026-02-03 07:28:00,Unplanned,Quality Hold,2880,Q01
DT00000620,WO00000802,P02,P02_L02,M020,B,2026-02-03 14:21:00,2026-02-03 14:43:00,Planned,Changeover,1320,C/O
DT00000621,WO00000802,P02,P02_L02,M019,B,2026-02-03 14:48:00,2026-02-03 15:08:00,Unplanned,Mechanical Failure,1200,M01
DT00000622,WO00000803,P02,P02_L02,M020,C,2026-02-03 22:24:00,2026-02-03 22:36:00,Planned,Changeover,720,C/O
DT00000623,WO00000804,P02,P02_L03,M024,A,2026-02-03 06:20:00,2026-02-03 06:37:00,Planned,Planned Inspection,1020,PI
DT00000624,WO00000805,P02,P02_L03,M021,B,2026-02-03 14:18:00,2026-02-03 14:34:00,Unplanned,Mechanical Failure,960,M01
DT00000625,WO00000806,P02,P02_L03,M023,C,2026-02-03 22:44:00,2026-02-03 23:23:00,Planned,Changeover,2340,C/O
DT00000646,WO00000825,P02,P02_L01,M016,A,2026-02-04 06:48:00,2026-02-04 07:05:00,Planned,Cleaning/Sanitation,1020,SAN
DT00000647,WO00000826,P02,P02_L01,M015,B,2026-02-04 14:30:00,2026-02-04 14:46:00,Planned,Changeover,960,C/O
DT00000648,WO00000827,P02,P02_L01,M013,C,2026-02-04 22:15:00,2026-02-04 22:41:00,Planned,Changeover,1560,C/O
DT00000649,WO00000828,P02,P02_L02,M017,A,2026-02-04 06:41:00,2026-02-04 07:11:00,Planned,Planned Inspection,1800,PI
DT00000650,WO00000829,P02,P02_L02,M018,B,2026-02-04 14:23:00,2026-02-04 15:06:00,Planned,Changeover,2580,C/O
DT00000651,WO00000832,P02,P02_L03,M021,B,2026-02-04 14:15:00,2026-02-04 14:42:00,Planned,Preventive Maintenance,1620,P/M
DT00000666,WO00000852,P02,P02_L01,M013,A,2026-02-05 06:40:00,2026-02-05 06:54:00,Unplanned,Material Starvation,840,S01
DT00000667,WO00000854,P02,P02_L01,M014,C,2026-02-05 22:28:00,2026-02-05 22:54:00,Unplanned,Material Starvation,1560,S01
DT00000668,WO00000856,P02,P02_L02,M018,B,2026-02-05 14:36:00,2026-02-05 15:07:00,Planned,Changeover,1860,C/O
DT00000669,WO00000857,P02,P02_L02,M017,C,2026-02-05 22:19:00,2026-02-05 22:50:00,Planned,Changeover,1860,C/O
DT00000670,WO00000859,P02,P02_L03,M022,B,2026-02-05 14:31:00,2026-02-05 14:39:00,Unplanned,Mechanical Failure,480,M01
DT00000671,WO00000860,P02,P02_L03,M023,C,2026-02-05 22:19:00,2026-02-05 23:02:00,Planned,Preventive Maintenance,2580,P/M
DT00000672,WO00000860,P02,P02_L03,M022,C,2026-02-05 23:07:00,2026-02-06 00:09:00,Unplanned,Quality Hold,3720,Q01
DT00000684,WO00000879,P02,P02_L01,M014,A,2026-02-06 06:35:00,2026-02-06 07:00:00,Planned,Changeover,1500,C/O
DT00000685,WO00000879,P02,P02_L01,M016,A,2026-02-06 07:05:00,2026-02-06 07:23:00,Unplanned,Utility Interruption,1080,U01
DT00000686,WO00000880,P02,P02_L01,M013,B,2026-02-06 14:17:00,2026-02-06 14:32:00,Unplanned,Material Starvation,900,S01
DT00000687,WO00000881,P02,P02_L01,M013,C,2026-02-06 22:19:00,2026-02-06 23:29:00,Unplanned,Mechanical Failure,4200,M01
DT00000688,WO00000885,P02,P02_L03,M022,A,2026-02-06 06:10:00,2026-02-06 06:48:00,Planned,Cleaning/Sanitation,2280,SAN
DT00000689,WO00000885,P02,P02_L03,M024,A,2026-02-06 06:53:00,2026-02-06 07:17:00,Unplanned,Material Starvation,1440,S01
DT00000690,WO00000886,P02,P02_L03,M022,B,2026-02-06 14:28:00,2026-02-06 15:10:00,Planned,Changeover,2520,C/O
DT00000709,WO00000904,P02,P02_L01,M016,B,2026-02-07 14:25:00,2026-02-07 14:56:00,Planned,Preventive Maintenance,1860,P/M
DT00000710,WO00000906,P02,P02_L02,M020,A,2026-02-07 06:41:00,2026-02-07 07:46:00,Unplanned,Electrical Fault,3900,E01
DT00000711,WO00000910,P02,P02_L03,M022,B,2026-02-07 14:23:00,2026-02-07 14:41:00,Planned,Planned Inspection,1080,PI
DT00000718,WO00000923,P02,P02_L02,M018,C,2026-02-08 22:35:00,2026-02-08 22:43:00,Unplanned,Mechanical Failure,480,M01
DT00000719,WO00000924,P02,P02_L03,M024,B,2026-02-08 14:20:00,2026-02-08 14:46:00,Planned,Planned Inspection,1560,PI
DT00000720,WO00000924,P02,P02_L03,M023,B,2026-02-08 14:51:00,2026-02-08 15:04:00,Unplanned,Quality Hold,780,Q01
DT00000730,WO00000939,P02,P02_L01,M015,A,2026-02-09 06:23:00,2026-02-09 06:52:00,Unplanned,Utility Interruption,1740,U01
DT00000731,WO00000941,P02,P02_L01,M015,C,2026-02-09 22:20:00,2026-02-09 22:48:00,Planned,Preventive Maintenance,1680,P/M
DT00000732,WO00000943,P02,P02_L02,M019,B,2026-02-09 14:16:00,2026-02-09 14:45:00,Planned,Preventive Maintenance,1740,P/M
DT00000733,WO00000943,P02,P02_L02,M018,B,2026-02-09 14:50:00,2026-02-09 14:59:00,Unplanned,Electrical Fault,540,E01
DT00000734,WO00000944,P02,P02_L02,M020,C,2026-02-09 22:49:00,2026-02-09 23:12:00,Planned,Planned Inspection,1380,PI
DT00000735,WO00000945,P02,P02_L03,M024,A,2026-02-09 06:38:00,2026-02-09 07:12:00,Unplanned,Utility Interruption,2040,U01
DT00000736,WO00000946,P02,P02_L03,M022,B,2026-02-09 14:34:00,2026-02-09 14:49:00,Planned,Changeover,900,C/O
DT00000737,WO00000947,P02,P02_L03,M021,C,2026-02-09 22:47:00,2026-02-09 23:12:00,Planned,Cleaning/Sanitation,1500,SAN
DT00000738,WO00000947,P02,P02_L03,M023,C,2026-02-09 23:17:00,2026-02-09 23:41:00,Unplanned,Mechanical Failure,1440,M01
DT00000745,WO00000967,P02,P02_L01,M014,B,2026-02-10 14:23:00,2026-02-10 14:46:00,Planned,Preventive Maintenance,1380,P/M
DT00000746,WO00000972,P02,P02_L03,M023,A,2026-02-10 06:20:00,2026-02-10 06:49:00,Planned,Changeover,1740,C/O
DT00000747,WO00000973,P02,P02_L03,M024,B,2026-02-10 14:12:00,2026-02-10 14:55:00,Planned,Preventive Maintenance,2580,P/M
DT00000748,WO00000973,P02,P02_L03,M023,B,2026-02-10 15:00:00,2026-02-10 15:20:00,Unplanned,Electrical Fault,1200,E01
DT00000755,WO00000993,P02,P02_L01,M014,A,2026-02-11 06:35:00,2026-02-11 07:04:00,Planned,Cleaning/Sanitation,1740,SAN
DT00000756,WO00000994,P02,P02_L01,M016,B,2026-02-11 14:48:00,2026-02-11 15:42:00,Planned,Cleaning/Sanitation,3240,SAN
DT00000757,WO00000994,P02,P02_L01,M015,B,2026-02-11 15:47:00,2026-02-11 16:14:00,Unplanned,Material Starvation,1620,S01
DT00000758,WO00000995,P02,P02_L01,M016,C,2026-02-11 22:14:00,2026-02-11 22:44:00,Planned,Changeover,1800,C/O
DT00000759,WO00000997,P02,P02_L02,M020,B,2026-02-11 14:14:00,2026-02-11 15:13:00,Unplanned,Material Starvation,3540,S01
DT00000760,WO00000998,P02,P02_L02,M017,C,2026-02-11 22:17:00,2026-02-11 22:55:00,Planned,Planned Inspection,2280,PI
DT00000761,WO00000998,P02,P02_L02,M020,C,2026-02-11 23:00:00,2026-02-11 23:53:00,Unplanned,Electrical Fault,3180,E01
DT00000762,WO00000999,P02,P02_L03,M024,A,2026-02-11 06:45:00,2026-02-11 07:13:00,Planned,Changeover,1680,C/O
DT00000763,WO00001000,P02,P02_L03,M024,B,2026-02-11 14:22:00,2026-02-11 15:01:00,Planned,Preventive Maintenance,2340,P/M
DT00000764,WO00001001,P02,P02_L03,M022,C,2026-02-11 22:47:00,2026-02-11 23:30:00,Planned,Planned Inspection,2580,PI
DT00000765,WO00001001,P02,P02_L03,M024,C,2026-02-11 23:35:00,2026-02-11 23:51:00,Unplanned,Mechanical Failure,960,M01
DT00000766,WO00001001,P02,P02_L03,M023,C,2026-02-11 23:54:00,2026-02-12 00:08:00,Unplanned,Electrical Fault,840,E01
DT00000780,WO00001020,P02,P02_L01,M016,A,2026-02-12 06:27:00,2026-02-12 07:34:00,Planned,Changeover,4020,C/O
DT00000781,WO00001022,P02,P02_L01,M013,C,2026-02-12 22:17:00,2026-02-12 22:21:00,Unplanned,Quality Hold,240,Q01
DT00000782,WO00001023,P02,P02_L02,M017,A,2026-02-12 06:22:00,2026-02-12 06:38:00,Unplanned,Electrical Fault,960,E01
DT00000783,WO00001023,P02,P02_L02,M017,A,2026-02-12 06:41:00,2026-02-12 07:29:00,Unplanned,Mechanical Failure,2880,M01
DT00000784,WO00001026,P02,P02_L03,M023,A,2026-02-12 06:34:00,2026-02-12 06:50:00,Planned,Changeover,960,C/O
DT00000785,WO00001027,P02,P02_L03,M022,B,2026-02-12 14:33:00,2026-02-12 15:15:00,Unplanned,Sensor/Controls Fault,2520,C01
DT00000786,WO00001028,P02,P02_L03,M023,C,2026-02-12 22:29:00,2026-02-12 23:06:00,Planned,Changeover,2220,C/O
DT00000804,WO00001048,P02,P02_L01,M013,B,2026-02-13 14:47:00,2026-02-13 15:08:00,Unplanned,Electrical Fault,1260,E01
DT00000805,WO00001049,P02,P02_L01,M014,C,2026-02-13 22:27:00,2026-02-13 22:56:00,Planned,Changeover,1740,C/O
DT00000806,WO00001050,P02,P02_L02,M020,A,2026-02-13 06:22:00,2026-02-13 07:00:00,Unplanned,Electrical Fault,2280,E01
DT00000807,WO00001051,P02,P02_L02,M020,B,2026-02-13 14:36:00,2026-02-13 16:06:00,Unplanned,Electrical Fault,5400,E01
DT00000808,WO00001052,P02,P02_L02,M018,C,2026-02-13 22:24:00,2026-02-13 23:13:00,Planned,Changeover,2940,C/O
DT00000809,WO00001054,P02,P02_L03,M023,B,2026-02-13 14:33:00,2026-02-13 15:02:00,Unplanned,Mechanical Failure,1740,M01
DT00000810,WO00001055,P02,P02_L03,M022,C,2026-02-13 22:47:00,2026-02-13 23:20:00,Planned,Planned Inspection,1980,PI
DT00000823,WO00001069,P02,P02_L01,M015,A,2026-02-14 06:29:00,2026-02-14 07:00:00,Planned,Preventive Maintenance,1860,P/M
DT00000824,WO00001070,P02,P02_L02,M020,B,2026-02-14 14:42:00,2026-02-14 15:08:00,Planned,Preventive Maintenance,1560,P/M
DT00000825,WO00001071,P02,P02_L03,M023,A,2026-02-14 06:33:00,2026-02-14 07:10:00,Planned,Preventive Maintenance,2220,P/M
DT00000826,WO00001071,P02,P02_L03,M021,A,2026-02-14 07:15:00,2026-02-14 07:32:00,Unplanned,Sensor/Controls Fault,1020,C01
DT00000833,WO00001080,P02,P02_L01,M016,A,2026-02-15 06:26:00,2026-02-15 06:52:00,Planned,Changeover,1560,C/O
DT00000834,WO00001081,P02,P02_L01,M015,B,2026-02-15 14:40:00,2026-02-15 14:47:00,Unplanned,Quality Hold,420,Q01
DT00000835,WO00001082,P02,P02_L01,M015,C,2026-02-15 22:25:00,2026-02-15 23:06:00,Unplanned,Mechanical Failure,2460,M01
DT00000836,WO00001083,P02,P02_L02,M018,A,2026-02-15 06:29:00,2026-02-15 06:51:00,Planned,Preventive Maintenance,1320,P/M
DT00000837,WO00001086,P02,P02_L03,M021,A,2026-02-15 06:39:00,2026-02-15 07:07:00,Planned,Preventive Maintenance,1680,P/M
DT00000838,WO00001086,P02,P02_L03,M024,A,2026-02-15 07:12:00,2026-02-15 07:28:00,Unplanned,Sensor/Controls Fault,960,C01
DT00000839,WO00001087,P02,P02_L03,M023,B,2026-02-15 14:32:00,2026-02-15 15:01:00,Planned,Preventive Maintenance,1740,P/M
DT00000851,WO00001105,P02,P02_L01,M015,C,2026-02-16 22:14:00,2026-02-16 22:31:00,Unplanned,Mechanical Failure,1020,M01
DT00000852,WO00001107,P02,P02_L02,M019,B,2026-02-16 14:43:00,2026-02-16 15:13:00,Unplanned,Electrical Fault,1800,E01
DT00000869,WO00001130,P02,P02_L01,M014,A,2026-02-17 06:43:00,2026-02-17 06:58:00,Unplanned,Electrical Fault,900,E01
DT00000870,WO00001131,P02,P02_L01,M013,B,2026-02-17 14:14:00,2026-02-17 15:11:00,Planned,Planned Inspection,3420,PI
DT00000871,WO00001133,P02,P02_L02,M020,A,2026-02-17 06:11:00,2026-02-17 06:51:00,Unplanned,Utility Interruption,2400,U01
DT00000872,WO00001137,P02,P02_L03,M024,B,2026-02-17 14:13:00,2026-02-17 14:44:00,Planned,Planned Inspection,1860,PI
DT00000873,WO00001137,P02,P02_L03,M024,B,2026-02-17 14:49:00,2026-02-17 14:59:00,Unplanned,Mechanical Failure,600,M01
DT00000874,WO00001138,P02,P02_L03,M022,C,2026-02-17 22:14:00,2026-02-17 22:29:00,Planned,Changeover,900,C/O
DT00000885,WO00001158,P02,P02_L01,M014,B,2026-02-18 14:24:00,2026-02-18 14:57:00,Planned,Changeover,1980,C/O
DT00000886,WO00001159,P02,P02_L01,M015,C,2026-02-18 22:35:00,2026-02-18 23:01:00,Planned,Changeover,1560,C/O
DT00000887,WO00001161,P02,P02_L02,M019,B,2026-02-18 14:36:00,2026-02-18 15:07:00,Planned,Changeover,1860,C/O
DT00000888,WO00001165,P02,P02_L03,M023,C,2026-02-18 22:16:00,2026-02-18 22:28:00,Planned,Changeover,720,C/O
DT00000901,WO00001185,P02,P02_L01,M014,B,2026-02-19 14:22:00,2026-02-19 14:34:00,Planned,Preventive Maintenance,720,P/M
DT00000902,WO00001187,P02,P02_L02,M017,A,2026-02-19 06:40:00,2026-02-19 07:03:00,Planned,Changeover,1380,C/O
DT00000903,WO00001191,P02,P02_L03,M021,B,2026-02-19 14:46:00,2026-02-19 15:10:00,Unplanned,Mechanical Failure,1440,M01
DT00000904,WO00001192,P02,P02_L03,M021,C,2026-02-19 22:22:00,2026-02-19 22:54:00,Planned,Preventive Maintenance,1920,P/M
DT00000921,WO00001212,P02,P02_L01,M014,B,2026-02-20 14:12:00,2026-02-20 14:28:00,Unplanned,Quality Hold,960,Q01
DT00000922,WO00001214,P02,P02_L02,M017,A,2026-02-20 06:11:00,2026-02-20 06:26:00,Unplanned,Electrical Fault,900,E01
DT00000923,WO00001215,P02,P02_L02,M019,B,2026-02-20 14:19:00,2026-02-20 14:48:00,Unplanned,Sensor/Controls Fault,1740,C01
DT00000924,WO00001216,P02,P02_L02,M020,C,2026-02-20 22:38:00,2026-02-20 23:26:00,Unplanned,Mechanical Failure,2880,M01
DT00000925,WO00001217,P02,P02_L03,M023,A,2026-02-20 06:47:00,2026-02-20 07:38:00,Planned,Changeover,3060,C/O
DT00000926,WO00001218,P02,P02_L03,M023,B,2026-02-20 14:44:00,2026-02-20 15:17:00,Unplanned,Operator Adjustment,1980,O01
DT00000933,WO00001235,P02,P02_L01,M013,A,2026-02-21 06:49:00,2026-02-21 07:01:00,Planned,Changeover,720,C/O
DT00000934,WO00001236,P02,P02_L02,M017,A,2026-02-21 06:32:00,2026-02-21 07:09:00,Unplanned,Mechanical Failure,2220,M01
DT00000935,WO00001237,P02,P02_L02,M018,C,2026-02-21 22:16:00,2026-02-21 23:20:00,Unplanned,Quality Hold,3840,Q01
DT00000936,WO00001238,P02,P02_L03,M022,A,2026-02-21 06:38:00,2026-02-21 07:48:00,Planned,Changeover,4200,C/O
DT00000937,WO00001239,P02,P02_L03,M021,B,2026-02-21 14:37:00,2026-02-21 15:07:00,Planned,Preventive Maintenance,1800,P/M
DT00000949,WO00001254,P02,P02_L01,M016,B,2026-02-22 14:33:00,2026-02-22 15:09:00,Planned,Planned Inspection,2160,PI
DT00000950,WO00001254,P02,P02_L01,M016,B,2026-02-22 15:14:00,2026-02-22 15:42:00,Unplanned,Sensor/Controls Fault,1680,C01
DT00000951,WO00001255,P02,P02_L01,M016,C,2026-02-22 22:14:00,2026-02-22 22:29:00,Planned,Preventive Maintenance,900,P/M
DT00000952,WO00001256,P02,P02_L02,M017,A,2026-02-22 06:14:00,2026-02-22 06:30:00,Planned,Preventive Maintenance,960,P/M
DT00000953,WO00001258,P02,P02_L03,M024,B,2026-02-22 14:33:00,2026-02-22 14:49:00,Unplanned,Quality Hold,960,Q01
DT00000954,WO00001258,P02,P02_L03,M023,B,2026-02-22 14:52:00,2026-02-22 15:38:00,Unplanned,Quality Hold,2760,Q01
DT00000955,WO00001259,P02,P02_L03,M024,C,2026-02-22 22:10:00,2026-02-22 22:29:00,Planned,Planned Inspection,1140,PI
DT00000956,WO00001259,P02,P02_L03,M023,C,2026-02-22 22:34:00,2026-02-22 22:51:00,Unplanned,Quality Hold,1020,Q01
DT00000967,WO00001276,P02,P02_L01,M014,B,2026-02-23 14:13:00,2026-02-23 14:34:00,Planned,Cleaning/Sanitation,1260,SAN
DT00000968,WO00001278,P02,P02_L02,M020,A,2026-02-23 06:33:00,2026-02-23 06:49:00,Unplanned,Quality Hold,960,Q01
DT00000969,WO00001280,P02,P02_L02,M018,C,2026-02-23 22:24:00,2026-02-23 22:38:00,Unplanned,Quality Hold,840,Q01
DT00000970,WO00001281,P02,P02_L03,M023,A,2026-02-23 06:11:00,2026-02-23 06:30:00,Planned,Preventive Maintenance,1140,P/M
DT00000971,WO00001281,P02,P02_L03,M023,A,2026-02-23 06:35:00,2026-02-23 06:50:00,Unplanned,Mechanical Failure,900,M01
DT00000972,WO00001282,P02,P02_L03,M023,B,2026-02-23 14:43:00,2026-02-23 15:14:00,Unplanned,Quality Hold,1860,Q01
DT00000984,WO00001303,P02,P02_L01,M013,B,2026-02-24 14:38:00,2026-02-24 15:08:00,Unplanned,Mechanical Failure,1800,M01
DT00000985,WO00001304,P02,P02_L01,M013,C,2026-02-24 22:31:00,2026-02-24 22:50:00,Unplanned,Sensor/Controls Fault,1140,C01
DT00000986,WO00001305,P02,P02_L02,M017,A,2026-02-24 06:34:00,2026-02-24 07:06:00,Planned,Planned Inspection,1920,PI
DT00000987,WO00001305,P02,P02_L02,M017,A,2026-02-24 07:11:00,2026-02-24 08:33:00,Unplanned,Electrical Fault,4920,E01
DT00000988,WO00001306,P02,P02_L02,M019,B,2026-02-24 14:44:00,2026-02-24 15:24:00,Planned,Planned Inspection,2400,PI
DT00000989,WO00001307,P02,P02_L02,M018,C,2026-02-24 22:19:00,2026-02-24 22:40:00,Planned,Cleaning/Sanitation,1260,SAN
DT00000990,WO00001307,P02,P02_L02,M018,C,2026-02-24 22:45:00,2026-02-24 23:22:00,Unplanned,Utility Interruption,2220,U01
DT00000991,WO00001310,P02,P02_L03,M021,C,2026-02-24 22:35:00,2026-02-24 22:56:00,Planned,Changeover,1260,C/O
DT00001008,WO00001330,P02,P02_L01,M014,B,2026-02-25 14:28:00,2026-02-25 14:43:00,Unplanned,Operator Adjustment,900,O01
DT00001009,WO00001332,P02,P02_L02,M017,A,2026-02-25 06:33:00,2026-02-25 06:53:00,Planned,Changeover,1200,C/O
DT00001010,WO00001333,P02,P02_L02,M020,B,2026-02-25 14:22:00,2026-02-25 14:37:00,Unplanned,Quality Hold,900,Q01
DT00001011,WO00001335,P02,P02_L03,M023,A,2026-02-25 06:36:00,2026-02-25 07:20:00,Planned,Changeover,2640,C/O
DT00001012,WO00001336,P02,P02_L03,M023,B,2026-02-25 14:45:00,2026-02-25 15:10:00,Planned,Changeover,1500,C/O
DT00001013,WO00001336,P02,P02_L03,M023,B,2026-02-25 15:15:00,2026-02-25 15:24:00,Unplanned,Material Starvation,540,S01
DT00001026,WO00001360,P02,P02_L02,M020,B,2026-02-26 14:38:00,2026-02-26 14:48:00,Unplanned,Mechanical Failure,600,M01
DT00001027,WO00001361,P02,P02_L02,M018,C,2026-02-26 22:44:00,2026-02-26 23:36:00,Planned,Preventive Maintenance,3120,P/M
DT00001028,WO00001364,P02,P02_L03,M023,C,2026-02-26 22:13:00,2026-02-26 23:16:00,Planned,Preventive Maintenance,3780,P/M
DT00001038,WO00001383,P02,P02_L01,M013,A,2026-02-27 06:39:00,2026-02-27 07:08:00,Planned,Changeover,1740,C/O
DT00001039,WO00001384,P02,P02_L01,M014,B,2026-02-27 14:18:00,2026-02-27 15:05:00,Planned,Changeover,2820,C/O
DT00001040,WO00001384,P02,P02_L01,M015,B,2026-02-27 15:10:00,2026-02-27 15:39:00,Unplanned,Mechanical Failure,1740,M01
DT00001041,WO00001385,P02,P02_L01,M016,C,2026-02-27 22:46:00,2026-02-27 23:16:00,Planned,Preventive Maintenance,1800,P/M
DT00001042,WO00001385,P02,P02_L01,M014,C,2026-02-27 23:21:00,2026-02-28 00:00:00,Unplanned,Mechanical Failure,2340,M01
DT00001043,WO00001386,P02,P02_L02,M018,A,2026-02-27 06:15:00,2026-02-27 06:41:00,Planned,Changeover,1560,C/O
DT00001044,WO00001386,P02,P02_L02,M017,A,2026-02-27 06:46:00,2026-02-27 06:53:00,Unplanned,Operator Adjustment,420,O01
DT00001045,WO00001387,P02,P02_L02,M018,B,2026-02-27 14:41:00,2026-02-27 15:46:00,Planned,Preventive Maintenance,3900,P/M
DT00001046,WO00001390,P02,P02_L03,M022,B,2026-02-27 14:44:00,2026-02-27 15:18:00,Planned,Preventive Maintenance,2040,P/M
DT00001058,WO00001409,P02,P02_L02,M020,A,2026-02-28 06:33:00,2026-02-28 07:04:00,Planned,Preventive Maintenance,1860,P/M
DT00001059,WO00001412,P02,P02_L03,M023,A,2026-02-28 06:15:00,2026-02-28 06:45:00,Unplanned,Quality Hold,1800,Q01
DT00001060,WO00001413,P02,P02_L03,M023,B,2026-02-28 14:30:00,2026-02-28 15:13:00,Planned,Changeover,2580,C/O
DT00001073,WO00001429,P02,P02_L01,M014,C,2026-03-01 22:21:00,2026-03-01 22:46:00,Planned,Changeover,1500,C/O
DT00001074,WO00001430,P02,P02_L02,M017,A,2026-03-01 06:24:00,2026-03-01 06:42:00,Unplanned,Utility Interruption,1080,U01
DT00001080,WO00001446,P02,P02_L01,M015,A,2026-03-02 06:48:00,2026-03-02 07:04:00,Unplanned,Sensor/Controls Fault,960,C01
DT00001081,WO00001446,P02,P02_L01,M014,A,2026-03-02 07:07:00,2026-03-02 07:17:00,Unplanned,Mechanical Failure,600,M01
DT00001082,WO00001448,P02,P02_L01,M015,C,2026-03-02 22:16:00,2026-03-02 23:07:00,Planned,Preventive Maintenance,3060,P/M
DT00001100,WO00001473,P02,P02_L01,M015,A,2026-03-03 06:23:00,2026-03-03 06:46:00,Unplanned,Material Starvation,1380,S01
DT00001101,WO00001473,P02,P02_L01,M016,A,2026-03-03 06:49:00,2026-03-03 07:15:00,Unplanned,Mechanical Failure,1560,M01
DT00001102,WO00001473,P02,P02_L01,M015,A,2026-03-03 07:18:00,2026-03-03 07:49:00,Unplanned,Mechanical Failure,1860,M01
DT00001103,WO00001475,P02,P02_L01,M013,C,2026-03-03 22:23:00,2026-03-03 22:37:00,Unplanned,Material Starvation,840,S01
DT00001104,WO00001476,P02,P02_L02,M018,A,2026-03-03 06:49:00,2026-03-03 07:31:00,Unplanned,Material Starvation,2520,S01
DT00001105,WO00001479,P02,P02_L03,M023,A,2026-03-03 06:42:00,2026-03-03 07:36:00,Planned,Preventive Maintenance,3240,P/M
DT00001106,WO00001480,P02,P02_L03,M023,B,2026-03-03 14:26:00,2026-03-03 15:55:00,Planned,Cleaning/Sanitation,5340,SAN
DT00001107,WO00001481,P02,P02_L03,M021,C,2026-03-03 22:34:00,2026-03-03 22:49:00,Planned,Preventive Maintenance,900,P/M
DT00001121,WO00001500,P02,P02_L01,M015,A,2026-03-04 06:21:00,2026-03-04 06:56:00,Planned,Changeover,2100,C/O
DT00001122,WO00001500,P02,P02_L01,M015,A,2026-03-04 07:01:00,2026-03-04 07:46:00,Unplanned,Mechanical Failure,2700,M01
DT00001123,WO00001501,P02,P02_L01,M015,B,2026-03-04 14:26:00,2026-03-04 14:44:00,Unplanned,Mechanical Failure,1080,M01
DT00001124,WO00001504,P02,P02_L02,M018,B,2026-03-04 14:23:00,2026-03-04 15:09:00,Planned,Changeover,2760,C/O
DT00001125,WO00001506,P02,P02_L03,M022,A,2026-03-04 06:39:00,2026-03-04 06:55:00,Unplanned,Mechanical Failure,960,M01
DT00001126,WO00001507,P02,P02_L03,M024,B,2026-03-04 14:41:00,2026-03-04 15:18:00,Planned,Changeover,2220,C/O
DT00001127,WO00001507,P02,P02_L03,M024,B,2026-03-04 15:23:00,2026-03-04 15:35:00,Unplanned,Mechanical Failure,720,M01
DT00001128,WO00001508,P02,P02_L03,M022,C,2026-03-04 22:17:00,2026-03-04 22:44:00,Planned,Changeover,1620,C/O
DT00001129,WO00001508,P02,P02_L03,M024,C,2026-03-04 22:49:00,2026-03-04 22:56:00,Unplanned,Electrical Fault,420,E01
DT00001145,WO00001527,P02,P02_L01,M016,A,2026-03-05 06:41:00,2026-03-05 07:01:00,Planned,Changeover,1200,C/O
DT00001146,WO00001528,P02,P02_L01,M014,B,2026-03-05 14:24:00,2026-03-05 14:56:00,Planned,Preventive Maintenance,1920,P/M
DT00001147,WO00001528,P02,P02_L01,M013,B,2026-03-05 15:01:00,2026-03-05 15:19:00,Unplanned,Material Starvation,1080,S01
DT00001148,WO00001529,P02,P02_L01,M014,C,2026-03-05 22:28:00,2026-03-05 23:09:00,Planned,Cleaning/Sanitation,2460,SAN
DT00001149,WO00001529,P02,P02_L01,M014,C,2026-03-05 23:14:00,2026-03-05 23:32:00,Unplanned,Operator Adjustment,1080,O01
DT00001150,WO00001529,P02,P02_L01,M013,C,2026-03-05 23:35:00,2026-03-05 23:45:00,Unplanned,Mechanical Failure,600,M01
DT00001151,WO00001530,P02,P02_L02,M017,A,2026-03-05 06:13:00,2026-03-05 06:33:00,Planned,Changeover,1200,C/O
DT00001152,WO00001532,P02,P02_L02,M018,C,2026-03-05 22:22:00,2026-03-05 23:22:00,Planned,Planned Inspection,3600,PI
DT00001153,WO00001533,P02,P02_L03,M024,A,2026-03-05 06:35:00,2026-03-05 07:32:00,Planned,Preventive Maintenance,3420,P/M
DT00001167,WO00001555,P02,P02_L01,M016,B,2026-03-06 14:36:00,2026-03-06 15:26:00,Planned,Preventive Maintenance,3000,P/M
DT00001168,WO00001555,P02,P02_L01,M015,B,2026-03-06 15:31:00,2026-03-06 16:37:00,Unplanned,Mechanical Failure,3960,M01
DT00001169,WO00001556,P02,P02_L01,M013,C,2026-03-06 22:35:00,2026-03-06 23:20:00,Planned,Preventive Maintenance,2700,P/M
DT00001170,WO00001556,P02,P02_L01,M013,C,2026-03-06 23:25:00,2026-03-07 00:30:00,Unplanned,Mechanical Failure,3900,M01
DT00001171,WO00001560,P02,P02_L03,M021,A,2026-03-06 06:26:00,2026-03-06 06:49:00,Unplanned,Mechanical Failure,1380,M01
DT00001172,WO00001561,P02,P02_L03,M024,B,2026-03-06 14:20:00,2026-03-06 14:55:00,Planned,Changeover,2100,C/O
DT00001183,WO00001578,P02,P02_L01,M015,A,2026-03-07 06:34:00,2026-03-07 06:52:00,Unplanned,Material Starvation,1080,S01
DT00001184,WO00001578,P02,P02_L01,M014,A,2026-03-07 06:55:00,2026-03-07 07:38:00,Unplanned,Quality Hold,2580,Q01
DT00001185,WO00001582,P02,P02_L02,M017,C,2026-03-07 22:32:00,2026-03-07 23:00:00,Planned,Changeover,1680,C/O
DT00001186,WO00001584,P02,P02_L03,M023,B,2026-03-07 14:16:00,2026-03-07 14:50:00,Planned,Planned Inspection,2040,PI
DT00001192,WO00001599,P02,P02_L02,M017,C,2026-03-08 22:30:00,2026-03-08 23:49:00,Planned,Preventive Maintenance,4740,P/M
DT00001193,WO00001600,P02,P02_L03,M023,B,2026-03-08 14:19:00,2026-03-08 15:23:00,Planned,Cleaning/Sanitation,3840,SAN
DT00001194,WO00001601,P02,P02_L03,M022,C,2026-03-08 22:28:00,2026-03-08 22:54:00,Planned,Planned Inspection,1560,PI
DT00001199,WO00001618,P02,P02_L01,M014,B,2026-03-09 14:32:00,2026-03-09 14:55:00,Unplanned,Material Starvation,1380,S01
DT00001200,WO00001619,P02,P02_L01,M015,C,2026-03-09 22:46:00,2026-03-09 23:09:00,Planned,Changeover,1380,C/O
DT00001201,WO00001619,P02,P02_L01,M013,C,2026-03-09 23:14:00,2026-03-09 23:35:00,Unplanned,Mechanical Failure,1260,M01
DT00001202,WO00001621,P02,P02_L02,M017,B,2026-03-09 14:23:00,2026-03-09 15:14:00,Planned,Cleaning/Sanitation,3060,SAN
DT00001203,WO00001622,P02,P02_L02,M017,C,2026-03-09 22:31:00,2026-03-09 23:34:00,Planned,Preventive Maintenance,3780,P/M
DT00001204,WO00001623,P02,P02_L03,M021,A,2026-03-09 06:40:00,2026-03-09 07:15:00,Planned,Changeover,2100,C/O
DT00001205,WO00001625,P02,P02_L03,M024,C,2026-03-09 22:39:00,2026-03-09 23:11:00,Planned,Changeover,1920,C/O
DT00001206,WO00001625,P02,P02_L03,M022,C,2026-03-09 23:16:00,2026-03-10 00:04:00,Unplanned,Sensor/Controls Fault,2880,C01
DT00001220,WO00001644,P02,P02_L01,M014,A,2026-03-10 06:39:00,2026-03-10 06:55:00,Planned,Changeover,960,C/O
DT00001221,WO00001646,P02,P02_L01,M016,C,2026-03-10 22:41:00,2026-03-11 00:49:00,Unplanned,Electrical Fault,7680,E01
DT00001222,WO00001649,P02,P02_L02,M018,C,2026-03-10 22:18:00,2026-03-10 22:44:00,Unplanned,Mechanical Failure,1560,M01
DT00001223,WO00001650,P02,P02_L03,M024,A,2026-03-10 06:16:00,2026-03-10 06:40:00,Planned,Preventive Maintenance,1440,P/M
DT00001224,WO00001651,P02,P02_L03,M024,B,2026-03-10 14:22:00,2026-03-10 14:52:00,Planned,Planned Inspection,1800,PI
DT00001225,WO00001651,P02,P02_L03,M024,B,2026-03-10 14:57:00,2026-03-10 16:00:00,Unplanned,Utility Interruption,3780,U01
DT00001226,WO00001652,P02,P02_L03,M021,C,2026-03-10 22:29:00,2026-03-10 22:57:00,Planned,Preventive Maintenance,1680,P/M
DT00001227,WO00001652,P02,P02_L03,M022,C,2026-03-10 23:02:00,2026-03-10 23:15:00,Unplanned,Sensor/Controls Fault,780,C01
DT00001228,WO00001652,P02,P02_L03,M022,C,2026-03-10 23:18:00,2026-03-10 23:30:00,Unplanned,Mechanical Failure,720,M01
DT00001242,WO00001672,P02,P02_L01,M016,B,2026-03-11 14:43:00,2026-03-11 15:14:00,Planned,Preventive Maintenance,1860,P/M
DT00001243,WO00001672,P02,P02_L01,M016,B,2026-03-11 15:19:00,2026-03-11 15:24:00,Unplanned,Mechanical Failure,300,M01
DT00001244,WO00001674,P02,P02_L02,M017,A,2026-03-11 06:45:00,2026-03-11 07:03:00,Unplanned,Operator Adjustment,1080,O01
DT00001245,WO00001675,P02,P02_L02,M018,B,2026-03-11 14:37:00,2026-03-11 15:02:00,Unplanned,Material Starvation,1500,S01
DT00001246,WO00001676,P02,P02_L02,M020,C,2026-03-11 22:17:00,2026-03-11 22:46:00,Planned,Changeover,1740,C/O
DT00001247,WO00001676,P02,P02_L02,M020,C,2026-03-11 22:51:00,2026-03-11 23:05:00,Unplanned,Electrical Fault,840,E01
DT00001248,WO00001677,P02,P02_L03,M021,A,2026-03-11 06:17:00,2026-03-11 07:07:00,Unplanned,Electrical Fault,3000,E01
DT00001249,WO00001678,P02,P02_L03,M024,B,2026-03-11 14:36:00,2026-03-11 15:44:00,Planned,Preventive Maintenance,4080,P/M
DT00001272,WO00001698,P02,P02_L01,M016,A,2026-03-12 06:34:00,2026-03-12 06:59:00,Planned,Cleaning/Sanitation,1500,SAN
DT00001273,WO00001699,P02,P02_L01,M016,B,2026-03-12 14:11:00,2026-03-12 14:57:00,Planned,Changeover,2760,C/O
DT00001274,WO00001700,P02,P02_L01,M015,C,2026-03-12 22:23:00,2026-03-12 22:41:00,Planned,Cleaning/Sanitation,1080,SAN
DT00001275,WO00001701,P02,P02_L02,M018,A,2026-03-12 06:32:00,2026-03-12 07:06:00,Planned,Changeover,2040,C/O
DT00001276,WO00001702,P02,P02_L02,M017,B,2026-03-12 14:42:00,2026-03-12 15:04:00,Planned,Preventive Maintenance,1320,P/M
DT00001277,WO00001706,P02,P02_L03,M021,C,2026-03-12 22:24:00,2026-03-12 22:55:00,Planned,Changeover,1860,C/O
DT00001289,WO00001725,P02,P02_L01,M015,A,2026-03-13 06:22:00,2026-03-13 07:09:00,Unplanned,Mechanical Failure,2820,M01
DT00001290,WO00001728,P02,P02_L02,M018,A,2026-03-13 06:34:00,2026-03-13 06:42:00,Unplanned,Operator Adjustment,480,O01
DT00001291,WO00001729,P02,P02_L02,M020,B,2026-03-13 14:48:00,2026-03-13 15:15:00,Planned,Cleaning/Sanitation,1620,SAN
DT00001292,WO00001730,P02,P02_L02,M019,C,2026-03-13 22:43:00,2026-03-13 23:02:00,Planned,Cleaning/Sanitation,1140,SAN
DT00001293,WO00001732,P02,P02_L03,M024,B,2026-03-13 14:21:00,2026-03-13 15:32:00,Planned,Changeover,4260,C/O
DT00001294,WO00001733,P02,P02_L03,M021,C,2026-03-13 22:24:00,2026-03-13 22:54:00,Planned,Changeover,1800,C/O
DT00001303,WO00001751,P02,P02_L01,M016,B,2026-03-14 14:32:00,2026-03-14 15:02:00,Planned,Changeover,1800,C/O
DT00001304,WO00001751,P02,P02_L01,M016,B,2026-03-14 15:07:00,2026-03-14 15:18:00,Unplanned,Operator Adjustment,660,O01
DT00001305,WO00001752,P02,P02_L01,M013,C,2026-03-14 22:48:00,2026-03-14 22:58:00,Unplanned,Material Starvation,600,S01
DT00001306,WO00001753,P02,P02_L02,M017,A,2026-03-14 06:26:00,2026-03-14 06:48:00,Unplanned,Quality Hold,1320,Q01
DT00001307,WO00001754,P02,P02_L02,M018,C,2026-03-14 22:48:00,2026-03-14 23:32:00,Planned,Planned Inspection,2640,PI
DT00001317,WO00001768,P02,P02_L01,M013,A,2026-03-15 06:45:00,2026-03-15 07:19:00,Planned,Cleaning/Sanitation,2040,SAN
DT00001318,WO00001768,P02,P02_L01,M016,A,2026-03-15 07:24:00,2026-03-15 07:59:00,Unplanned,Material Starvation,2100,S01
DT00001319,WO00001769,P02,P02_L01,M014,C,2026-03-15 22:38:00,2026-03-15 23:08:00,Planned,Changeover,1800,C/O
DT00001320,WO00001769,P02,P02_L01,M014,C,2026-03-15 23:13:00,2026-03-15 23:25:00,Unplanned,Quality Hold,720,Q01
DT00001321,WO00001769,P02,P02_L01,M014,C,2026-03-15 23:28:00,2026-03-15 23:34:00,Unplanned,Electrical Fault,360,E01
DT00001322,WO00001773,P02,P02_L03,M022,B,2026-03-15 14:43:00,2026-03-15 15:42:00,Planned,Preventive Maintenance,3540,P/M
DT00001335,WO00001787,P02,P02_L01,M014,A,2026-03-16 06:13:00,2026-03-16 06:30:00,Planned,Preventive Maintenance,1020,P/M
DT00001336,WO00001787,P02,P02_L01,M013,A,2026-03-16 06:35:00,2026-03-16 06:59:00,Unplanned,Utility Interruption,1440,U01
DT00001337,WO00001788,P02,P02_L01,M014,B,2026-03-16 14:22:00,2026-03-16 14:42:00,Planned,Changeover,1200,C/O
DT00001338,WO00001790,P02,P02_L02,M019,A,2026-03-16 06:16:00,2026-03-16 06:37:00,Planned,Cleaning/Sanitation,1260,SAN
DT00001339,WO00001790,P02,P02_L02,M017,A,2026-03-16 06:42:00,2026-03-16 07:03:00,Unplanned,Utility Interruption,1260,U01
DT00001340,WO00001792,P02,P02_L02,M018,C,2026-03-16 22:35:00,2026-03-16 22:52:00,Unplanned,Mechanical Failure,1020,M01
DT00001341,WO00001793,P02,P02_L03,M021,A,2026-03-16 06:10:00,2026-03-16 06:53:00,Unplanned,Mechanical Failure,2580,M01
DT00001342,WO00001794,P02,P02_L03,M024,B,2026-03-16 14:18:00,2026-03-16 14:42:00,Planned,Cleaning/Sanitation,1440,SAN
DT00001343,WO00001794,P02,P02_L03,M021,B,2026-03-16 14:47:00,2026-03-16 15:22:00,Unplanned,Electrical Fault,2100,E01
DT00001360,WO00001814,P02,P02_L01,M014,A,2026-03-17 06:41:00,2026-03-17 06:52:00,Unplanned,Mechanical Failure,660,M01
DT00001361,WO00001815,P02,P02_L01,M014,B,2026-03-17 14:35:00,2026-03-17 15:12:00,Planned,Changeover,2220,C/O
DT00001362,WO00001816,P02,P02_L01,M016,C,2026-03-17 22:43:00,2026-03-17 23:13:00,Planned,Preventive Maintenance,1800,P/M
DT00001363,WO00001817,P02,P02_L02,M017,A,2026-03-17 06:43:00,2026-03-17 07:36:00,Planned,Cleaning/Sanitation,3180,SAN
DT00001364,WO00001817,P02,P02_L02,M020,A,2026-03-17 07:41:00,2026-03-17 08:07:00,Unplanned,Mechanical Failure,1560,M01
DT00001365,WO00001817,P02,P02_L02,M018,A,2026-03-17 08:10:00,2026-03-17 08:33:00,Unplanned,Mechanical Failure,1380,M01
DT00001366,WO00001818,P02,P02_L02,M019,B,2026-03-17 14:14:00,2026-03-17 15:24:00,Planned,Changeover,4200,C/O
DT00001367,WO00001821,P02,P02_L03,M023,B,2026-03-17 14:46:00,2026-03-17 14:51:00,Unplanned,Sensor/Controls Fault,300,C01
DT00001380,WO00001844,P02,P02_L02,M019,A,2026-03-18 06:24:00,2026-03-18 06:43:00,Planned,Changeover,1140,C/O
DT00001381,WO00001845,P02,P02_L02,M020,B,2026-03-18 14:41:00,2026-03-18 15:03:00,Unplanned,Electrical Fault,1320,E01
DT00001382,WO00001849,P02,P02_L03,M023,C,2026-03-18 22:26:00,2026-03-18 22:53:00,Planned,Cleaning/Sanitation,1620,SAN
DT00001383,WO00001849,P02,P02_L03,M024,C,2026-03-18 22:58:00,2026-03-18 23:16:00,Unplanned,Electrical Fault,1080,E01
DT00001401,WO00001868,P02,P02_L01,M014,A,2026-03-19 06:46:00,2026-03-19 07:02:00,Planned,Preventive Maintenance,960,P/M
DT00001402,WO00001869,P02,P02_L01,M016,B,2026-03-19 14:24:00,2026-03-19 14:36:00,Unplanned,Sensor/Controls Fault,720,C01
DT00001403,WO00001872,P02,P02_L02,M017,B,2026-03-19 14:41:00,2026-03-19 15:06:00,Planned,Changeover,1500,C/O
DT00001404,WO00001873,P02,P02_L02,M017,C,2026-03-19 22:44:00,2026-03-19 23:15:00,Planned,Changeover,1860,C/O
DT00001405,WO00001874,P02,P02_L03,M022,A,2026-03-19 06:49:00,2026-03-19 07:07:00,Unplanned,Utility Interruption,1080,U01
DT00001406,WO00001875,P02,P02_L03,M022,B,2026-03-19 14:47:00,2026-03-19 15:07:00,Unplanned,Quality Hold,1200,Q01
DT00001407,WO00001876,P02,P02_L03,M023,C,2026-03-19 22:19:00,2026-03-19 22:53:00,Planned,Changeover,2040,C/O
DT00001425,WO00001896,P02,P02_L01,M014,B,2026-03-20 14:38:00,2026-03-20 15:24:00,Planned,Changeover,2760,C/O
DT00001426,WO00001897,P02,P02_L01,M016,C,2026-03-20 22:12:00,2026-03-20 22:47:00,Planned,Changeover,2100,C/O
DT00001427,WO00001898,P02,P02_L02,M019,A,2026-03-20 06:21:00,2026-03-20 06:37:00,Unplanned,Mechanical Failure,960,M01
DT00001428,WO00001901,P02,P02_L03,M021,A,2026-03-20 06:43:00,2026-03-20 07:12:00,Planned,Changeover,1740,C/O
DT00001429,WO00001902,P02,P02_L03,M024,B,2026-03-20 14:15:00,2026-03-20 14:59:00,Planned,Cleaning/Sanitation,2640,SAN
DT00001430,WO00001902,P02,P02_L03,M023,B,2026-03-20 15:04:00,2026-03-20 15:50:00,Unplanned,Operator Adjustment,2760,O01
DT00001431,WO00001902,P02,P02_L03,M022,B,2026-03-20 15:53:00,2026-03-20 15:58:00,Unplanned,Operator Adjustment,300,O01
DT00001432,WO00001903,P02,P02_L03,M021,C,2026-03-20 22:31:00,2026-03-20 22:41:00,Unplanned,Mechanical Failure,600,M01
DT00001443,WO00001921,P02,P02_L01,M016,C,2026-03-21 22:19:00,2026-03-21 23:10:00,Unplanned,Utility Interruption,3060,U01
DT00001444,WO00001926,P02,P02_L03,M022,C,2026-03-21 22:15:00,2026-03-21 22:47:00,Planned,Changeover,1920,C/O
DT00001453,WO00001937,P02,P02_L01,M016,B,2026-03-22 14:48:00,2026-03-22 15:07:00,Planned,Changeover,1140,C/O
DT00001454,WO00001939,P02,P02_L03,M023,A,2026-03-22 06:26:00,2026-03-22 06:54:00,Planned,Cleaning/Sanitation,1680,SAN
DT00001455,WO00001940,P02,P02_L03,M021,B,2026-03-22 14:14:00,2026-03-22 14:45:00,Planned,Changeover,1860,C/O
DT00001456,WO00001941,P02,P02_L03,M022,C,2026-03-22 22:22:00,2026-03-22 22:45:00,Unplanned,Mechanical Failure,1380,M01
DT00001472,WO00001958,P02,P02_L01,M016,A,2026-03-23 06:35:00,2026-03-23 07:20:00,Planned,Planned Inspection,2700,PI
DT00001473,WO00001959,P02,P02_L01,M015,B,2026-03-23 14:13:00,2026-03-23 15:27:00,Planned,Preventive Maintenance,4440,P/M
DT00001474,WO00001962,P02,P02_L02,M017,B,2026-03-23 14:21:00,2026-03-23 14:41:00,Unplanned,Utility Interruption,1200,U01
DT00001475,WO00001962,P02,P02_L02,M017,B,2026-03-23 14:44:00,2026-03-23 15:30:00,Unplanned,Electrical Fault,2760,E01
DT00001476,WO00001964,P02,P02_L03,M023,A,2026-03-23 06:36:00,2026-03-23 07:04:00,Planned,Preventive Maintenance,1680,P/M
DT00001477,WO00001964,P02,P02_L03,M024,A,2026-03-23 07:09:00,2026-03-23 07:50:00,Unplanned,Material Starvation,2460,S01
DT00001478,WO00001966,P02,P02_L03,M021,C,2026-03-23 22:25:00,2026-03-23 22:53:00,Planned,Changeover,1680,C/O
DT00001479,WO00001966,P02,P02_L03,M023,C,2026-03-23 22:58:00,2026-03-23 23:29:00,Unplanned,Mechanical Failure,1860,M01
DT00001480,WO00001966,P02,P02_L03,M022,C,2026-03-23 23:32:00,2026-03-23 23:42:00,Unplanned,Utility Interruption,600,U01
DT00001489,WO00001985,P02,P02_L01,M014,A,2026-03-24 06:29:00,2026-03-24 06:46:00,Unplanned,Sensor/Controls Fault,1020,C01
DT00001490,WO00001987,P02,P02_L01,M013,C,2026-03-24 22:31:00,2026-03-24 22:56:00,Planned,Changeover,1500,C/O
DT00001491,WO00001987,P02,P02_L01,M015,C,2026-03-24 23:01:00,2026-03-24 23:17:00,Unplanned,Operator Adjustment,960,O01
DT00001492,WO00001988,P02,P02_L02,M017,A,2026-03-24 06:22:00,2026-03-24 06:48:00,Planned,Preventive Maintenance,1560,P/M
DT00001493,WO00001992,P02,P02_L03,M021,B,2026-03-24 14:15:00,2026-03-24 14:58:00,Planned,Changeover,2580,C/O
DT00001494,WO00001992,P02,P02_L03,M022,B,2026-03-24 15:03:00,2026-03-24 15:23:00,Unplanned,Quality Hold,1200,Q01
DT00001495,WO00001993,P02,P02_L03,M021,C,2026-03-24 22:20:00,2026-03-24 22:44:00,Planned,Changeover,1440,C/O
DT00001507,WO00002012,P02,P02_L01,M016,A,2026-03-25 06:29:00,2026-03-25 06:46:00,Planned,Preventive Maintenance,1020,P/M
DT00001508,WO00002012,P02,P02_L01,M015,A,2026-03-25 06:51:00,2026-03-25 06:59:00,Unplanned,Mechanical Failure,480,M01
DT00001509,WO00002013,P02,P02_L01,M013,B,2026-03-25 14:18:00,2026-03-25 14:52:00,Planned,Cleaning/Sanitation,2040,SAN
DT00001510,WO00002013,P02,P02_L01,M016,B,2026-03-25 14:57:00,2026-03-25 15:24:00,Unplanned,Operator Adjustment,1620,O01
DT00001511,WO00002016,P02,P02_L02,M020,B,2026-03-25 14:29:00,2026-03-25 14:41:00,Unplanned,Operator Adjustment,720,O01
DT00001512,WO00002017,P02,P02_L02,M018,C,2026-03-25 22:48:00,2026-03-25 23:01:00,Unplanned,Material Starvation,780,S01
DT00001513,WO00002018,P02,P02_L03,M022,A,2026-03-25 06:36:00,2026-03-25 07:03:00,Planned,Changeover,1620,C/O
DT00001514,WO00002019,P02,P02_L03,M024,B,2026-03-25 14:49:00,2026-03-25 15:27:00,Planned,Changeover,2280,C/O
DT00001527,WO00002039,P02,P02_L01,M016,A,2026-03-26 06:20:00,2026-03-26 06:36:00,Unplanned,Electrical Fault,960,E01
DT00001528,WO00002041,P02,P02_L01,M013,C,2026-03-26 22:44:00,2026-03-26 23:18:00,Planned,Preventive Maintenance,2040,P/M
DT00001529,WO00002042,P02,P02_L02,M017,A,2026-03-26 06:43:00,2026-03-26 07:13:00,Planned,Preventive Maintenance,1800,P/M
DT00001530,WO00002044,P02,P02_L02,M020,C,2026-03-26 22:29:00,2026-03-26 22:53:00,Planned,Changeover,1440,C/O
DT00001531,WO00002046,P02,P02_L03,M023,B,2026-03-26 14:28:00,2026-03-26 14:48:00,Planned,Changeover,1200,C/O
DT00001544,WO00002068,P02,P02_L01,M015,C,2026-03-27 22:23:00,2026-03-27 22:51:00,Planned,Changeover,1680,C/O
DT00001545,WO00002069,P02,P02_L02,M018,A,2026-03-27 06:35:00,2026-03-27 06:52:00,Planned,Planned Inspection,1020,PI
DT00001546,WO00002070,P02,P02_L02,M020,B,2026-03-27 14:16:00,2026-03-27 15:46:00,Unplanned,Mechanical Failure,5400,M01
DT00001547,WO00002071,P02,P02_L02,M018,C,2026-03-27 22:33:00,2026-03-27 22:50:00,Unplanned,Utility Interruption,1020,U01
DT00001548,WO00002072,P02,P02_L03,M022,A,2026-03-27 06:17:00,2026-03-27 06:37:00,Planned,Preventive Maintenance,1200,P/M
DT00001549,WO00002073,P02,P02_L03,M021,B,2026-03-27 14:44:00,2026-03-27 15:02:00,Planned,Preventive Maintenance,1080,P/M
DT00001559,WO00002091,P02,P02_L01,M016,A,2026-03-28 06:10:00,2026-03-28 06:25:00,Unplanned,Mechanical Failure,900,M01
DT00001560,WO00002091,P02,P02_L01,M013,A,2026-03-28 06:28:00,2026-03-28 06:47:00,Unplanned,Mechanical Failure,1140,M01
DT00001561,WO00002093,P02,P02_L02,M020,A,2026-03-28 06:47:00,2026-03-28 07:05:00,Planned,Changeover,1080,C/O
DT00001562,WO00002094,P02,P02_L02,M018,B,2026-03-28 14:37:00,2026-03-28 14:50:00,Planned,Preventive Maintenance,780,P/M
DT00001563,WO00002094,P02,P02_L02,M020,B,2026-03-28 14:55:00,2026-03-28 14:59:00,Unplanned,Mechanical Failure,240,M01
DT00001577,WO00002110,P02,P02_L01,M015,A,2026-03-29 06:32:00,2026-03-29 06:54:00,Planned,Changeover,1320,C/O
DT00001578,WO00002110,P02,P02_L01,M014,A,2026-03-29 06:59:00,2026-03-29 07:36:00,Unplanned,Operator Adjustment,2220,O01
DT00001579,WO00002111,P02,P02_L02,M018,A,2026-03-29 06:28:00,2026-03-29 06:47:00,Planned,Preventive Maintenance,1140,P/M
DT00001580,WO00002113,P02,P02_L02,M017,C,2026-03-29 22:48:00,2026-03-29 23:11:00,Planned,Preventive Maintenance,1380,P/M
DT00001594,WO00002131,P02,P02_L01,M014,B,2026-03-30 14:49:00,2026-03-30 15:10:00,Planned,Cleaning/Sanitation,1260,SAN
DT00001595,WO00002132,P02,P02_L01,M013,C,2026-03-30 22:45:00,2026-03-30 23:23:00,Planned,Cleaning/Sanitation,2280,SAN
DT00001596,WO00002132,P02,P02_L01,M016,C,2026-03-30 23:28:00,2026-03-30 23:41:00,Unplanned,Quality Hold,780,Q01
DT00001597,WO00002133,P02,P02_L02,M018,A,2026-03-30 06:25:00,2026-03-30 07:53:00,Planned,Preventive Maintenance,5280,P/M
DT00001598,WO00002134,P02,P02_L02,M020,B,2026-03-30 14:42:00,2026-03-30 15:06:00,Unplanned,Quality Hold,1440,Q01
DT00001599,WO00002134,P02,P02_L02,M017,B,2026-03-30 15:09:00,2026-03-30 16:16:00,Unplanned,Quality Hold,4020,Q01
DT00001600,WO00002135,P02,P02_L02,M018,C,2026-03-30 22:33:00,2026-03-30 22:43:00,Unplanned,Mechanical Failure,600,M01
DT00001601,WO00002135,P02,P02_L02,M019,C,2026-03-30 22:46:00,2026-03-30 23:02:00,Unplanned,Quality Hold,960,Q01
DT00001602,WO00002137,P02,P02_L03,M024,B,2026-03-30 14:21:00,2026-03-30 14:35:00,Unplanned,Utility Interruption,840,U01
DT00001603,WO00002138,P02,P02_L03,M024,C,2026-03-30 22:37:00,2026-03-30 23:03:00,Unplanned,Electrical Fault,1560,E01
DT00001622,WO00002157,P02,P02_L01,M016,A,2026-03-31 06:49:00,2026-03-31 07:20:00,Planned,Changeover,1860,C/O
DT00001623,WO00002161,P02,P02_L02,M018,B,2026-03-31 14:18:00,2026-03-31 14:50:00,Planned,Changeover,1920,C/O
DT00001624,WO00002161,P02,P02_L02,M020,B,2026-03-31 14:55:00,2026-03-31 16:18:00,Unplanned,Sensor/Controls Fault,4980,C01
DT00001625,WO00002162,P02,P02_L02,M020,C,2026-03-31 22:28:00,2026-03-31 22:52:00,Planned,Changeover,1440,C/O
DT00001635,WO00002184,P02,P02_L01,M013,A,2026-04-01 06:40:00,2026-04-01 07:00:00,Planned,Changeover,1200,C/O
DT00001636,WO00002184,P02,P02_L01,M014,A,2026-04-01 07:05:00,2026-04-01 08:22:00,Unplanned,Utility Interruption,4620,U01
DT00001637,WO00002185,P02,P02_L01,M016,B,2026-04-01 14:14:00,2026-04-01 14:34:00,Planned,Preventive Maintenance,1200,P/M
DT00001638,WO00002186,P02,P02_L01,M014,C,2026-04-01 22:22:00,2026-04-01 22:52:00,Planned,Changeover,1800,C/O
DT00001639,WO00002190,P02,P02_L03,M024,A,2026-04-01 06:43:00,2026-04-01 07:12:00,Planned,Changeover,1740,C/O
DT00001640,WO00002191,P02,P02_L03,M023,B,2026-04-01 14:10:00,2026-04-01 14:19:00,Unplanned,Material Starvation,540,S01
DT00001656,WO00002211,P02,P02_L01,M013,A,2026-04-02 06:46:00,2026-04-02 08:01:00,Unplanned,Electrical Fault,4500,E01
DT00001657,WO00002212,P02,P02_L01,M015,B,2026-04-02 14:18:00,2026-04-02 14:45:00,Planned,Changeover,1620,C/O
DT00001658,WO00002212,P02,P02_L01,M013,B,2026-04-02 14:50:00,2026-04-02 15:10:00,Unplanned,Mechanical Failure,1200,M01
DT00001659,WO00002213,P02,P02_L01,M014,C,2026-04-02 22:22:00,2026-04-02 22:45:00,Unplanned,Utility Interruption,1380,U01
DT00001660,WO00002213,P02,P02_L01,M013,C,2026-04-02 22:48:00,2026-04-02 23:02:00,Unplanned,Sensor/Controls Fault,840,C01
DT00001661,WO00002216,P02,P02_L02,M019,C,2026-04-02 22:41:00,2026-04-02 23:09:00,Planned,Changeover,1680,C/O
DT00001662,WO00002218,P02,P02_L03,M022,B,2026-04-02 14:17:00,2026-04-02 15:19:00,Unplanned,Mechanical Failure,3720,M01
DT00001663,WO00002219,P02,P02_L03,M024,C,2026-04-02 22:12:00,2026-04-02 22:47:00,Planned,Changeover,2100,C/O
DT00001664,WO00002219,P02,P02_L03,M022,C,2026-04-02 22:52:00,2026-04-02 23:27:00,Unplanned,Material Starvation,2100,S01
DT00001676,WO00002241,P02,P02_L02,M020,A,2026-04-03 06:38:00,2026-04-03 07:04:00,Planned,Cleaning/Sanitation,1560,SAN
DT00001677,WO00002242,P02,P02_L02,M018,B,2026-04-03 14:46:00,2026-04-03 14:59:00,Unplanned,Material Starvation,780,S01
DT00001678,WO00002243,P02,P02_L02,M020,C,2026-04-03 22:26:00,2026-04-03 23:07:00,Unplanned,Material Starvation,2460,S01
DT00001679,WO00002244,P02,P02_L03,M023,A,2026-04-03 06:41:00,2026-04-03 07:00:00,Planned,Changeover,1140,C/O
DT00001695,WO00002262,P02,P02_L01,M013,A,2026-04-04 06:33:00,2026-04-04 07:27:00,Planned,Changeover,3240,C/O
DT00001696,WO00002262,P02,P02_L01,M014,A,2026-04-04 07:32:00,2026-04-04 08:16:00,Unplanned,Mechanical Failure,2640,M01
DT00001697,WO00002264,P02,P02_L02,M017,A,2026-04-04 06:13:00,2026-04-04 06:42:00,Planned,Preventive Maintenance,1740,P/M
DT00001698,WO00002265,P02,P02_L02,M019,B,2026-04-04 14:19:00,2026-04-04 14:36:00,Planned,Changeover,1020,C/O
DT00001699,WO00002268,P02,P02_L03,M024,B,2026-04-04 14:17:00,2026-04-04 14:43:00,Planned,Preventive Maintenance,1560,P/M
DT00001724,WO00002302,P02,P02_L01,M016,A,2026-04-06 06:37:00,2026-04-06 06:50:00,Unplanned,Material Starvation,780,S01
DT00001725,WO00002302,P02,P02_L01,M016,A,2026-04-06 06:53:00,2026-04-06 07:18:00,Unplanned,Operator Adjustment,1500,O01
DT00001726,WO00002303,P02,P02_L01,M015,B,2026-04-06 14:43:00,2026-04-06 14:59:00,Unplanned,Utility Interruption,960,U01
DT00001727,WO00002304,P02,P02_L01,M016,C,2026-04-06 22:14:00,2026-04-06 22:36:00,Planned,Changeover,1320,C/O
DT00001728,WO00002306,P02,P02_L02,M020,B,2026-04-06 14:26:00,2026-04-06 14:54:00,Planned,Changeover,1680,C/O
DT00001729,WO00002306,P02,P02_L02,M017,B,2026-04-06 14:59:00,2026-04-06 15:24:00,Unplanned,Mechanical Failure,1500,M01
DT00001730,WO00002308,P02,P02_L03,M023,A,2026-04-06 06:49:00,2026-04-06 07:05:00,Unplanned,Mechanical Failure,960,M01
DT00001742,WO00002330,P02,P02_L01,M015,B,2026-04-07 14:48:00,2026-04-07 15:21:00,Unplanned,Mechanical Failure,1980,M01
DT00001743,WO00002331,P02,P02_L01,M013,C,2026-04-07 22:32:00,2026-04-07 23:39:00,Unplanned,Operator Adjustment,4020,O01
DT00001744,WO00002332,P02,P02_L02,M017,A,2026-04-07 06:35:00,2026-04-07 07:02:00,Planned,Preventive Maintenance,1620,P/M
DT00001745,WO00002333,P02,P02_L02,M020,B,2026-04-07 14:12:00,2026-04-07 14:47:00,Planned,Changeover,2100,C/O
DT00001746,WO00002334,P02,P02_L02,M018,C,2026-04-07 22:46:00,2026-04-07 23:36:00,Planned,Preventive Maintenance,3000,P/M
DT00001747,WO00002335,P02,P02_L03,M024,A,2026-04-07 06:32:00,2026-04-07 07:19:00,Unplanned,Sensor/Controls Fault,2820,C01
DT00001748,WO00002337,P02,P02_L03,M024,C,2026-04-07 22:32:00,2026-04-07 22:54:00,Planned,Changeover,1320,C/O
DT00001763,WO00002356,P02,P02_L01,M015,A,2026-04-08 06:25:00,2026-04-08 06:38:00,Planned,Changeover,780,C/O
DT00001764,WO00002356,P02,P02_L01,M013,A,2026-04-08 06:43:00,2026-04-08 09:28:00,Unplanned,Material Starvation,9900,S01
DT00001765,WO00002357,P02,P02_L01,M013,B,2026-04-08 14:29:00,2026-04-08 14:45:00,Planned,Changeover,960,C/O
DT00001766,WO00002358,P02,P02_L01,M016,C,2026-04-08 22:26:00,2026-04-08 23:06:00,Planned,Preventive Maintenance,2400,P/M
DT00001767,WO00002359,P02,P02_L02,M020,A,2026-04-08 06:37:00,2026-04-08 06:48:00,Unplanned,Sensor/Controls Fault,660,C01
DT00001768,WO00002361,P02,P02_L02,M020,C,2026-04-08 22:29:00,2026-04-08 22:49:00,Planned,Cleaning/Sanitation,1200,SAN
DT00001769,WO00002361,P02,P02_L02,M018,C,2026-04-08 22:54:00,2026-04-08 23:46:00,Unplanned,Utility Interruption,3120,U01
DT00001770,WO00002364,P02,P02_L03,M024,C,2026-04-08 22:39:00,2026-04-08 23:52:00,Planned,Changeover,4380,C/O
DT00001788,WO00002383,P02,P02_L01,M016,A,2026-04-09 06:28:00,2026-04-09 07:03:00,Planned,Changeover,2100,C/O
DT00001789,WO00002384,P02,P02_L01,M015,B,2026-04-09 14:32:00,2026-04-09 15:07:00,Planned,Planned Inspection,2100,PI
DT00001790,WO00002388,P02,P02_L02,M020,C,2026-04-09 22:49:00,2026-04-09 23:13:00,Planned,Changeover,1440,C/O
DT00001791,WO00002389,P02,P02_L03,M023,A,2026-04-09 06:30:00,2026-04-09 06:57:00,Planned,Preventive Maintenance,1620,P/M
DT00001792,WO00002390,P02,P02_L03,M023,B,2026-04-09 14:20:00,2026-04-09 15:13:00,Planned,Changeover,3180,C/O
DT00001793,WO00002390,P02,P02_L03,M022,B,2026-04-09 15:18:00,2026-04-09 15:41:00,Unplanned,Mechanical Failure,1380,M01
DT00001812,WO00002410,P02,P02_L01,M015,A,2026-04-10 06:43:00,2026-04-10 07:05:00,Planned,Changeover,1320,C/O
DT00001813,WO00002411,P02,P02_L01,M013,B,2026-04-10 14:48:00,2026-04-10 15:22:00,Planned,Cleaning/Sanitation,2040,SAN
DT00001814,WO00002411,P02,P02_L01,M013,B,2026-04-10 15:27:00,2026-04-10 15:42:00,Unplanned,Material Starvation,900,S01
DT00001815,WO00002412,P02,P02_L01,M015,C,2026-04-10 22:15:00,2026-04-10 23:32:00,Planned,Preventive Maintenance,4620,P/M
DT00001816,WO00002414,P02,P02_L02,M019,B,2026-04-10 14:30:00,2026-04-10 14:58:00,Unplanned,Mechanical Failure,1680,M01
DT00001817,WO00002415,P02,P02_L02,M018,C,2026-04-10 22:46:00,2026-04-10 23:09:00,Planned,Changeover,1380,C/O
DT00001818,WO00002416,P02,P02_L03,M023,A,2026-04-10 06:29:00,2026-04-10 07:03:00,Planned,Preventive Maintenance,2040,P/M
DT00001819,WO00002418,P02,P02_L03,M023,C,2026-04-10 22:48:00,2026-04-10 23:38:00,Unplanned,Mechanical Failure,3000,M01
DT00001832,WO00002433,P02,P02_L01,M015,A,2026-04-11 06:35:00,2026-04-11 07:00:00,Unplanned,Mechanical Failure,1500,M01
DT00001833,WO00002435,P02,P02_L02,M019,A,2026-04-11 06:22:00,2026-04-11 07:19:00,Unplanned,Operator Adjustment,3420,O01
DT00001834,WO00002435,P02,P02_L02,M019,A,2026-04-11 07:22:00,2026-04-11 07:38:00,Unplanned,Mechanical Failure,960,M01
DT00001835,WO00002436,P02,P02_L02,M018,B,2026-04-11 14:46:00,2026-04-11 15:38:00,Unplanned,Utility Interruption,3120,U01
DT00001836,WO00002436,P02,P02_L02,M017,B,2026-04-11 15:41:00,2026-04-11 16:08:00,Unplanned,Mechanical Failure,1620,M01
DT00001842,WO00002448,P02,P02_L01,M013,C,2026-04-12 22:39:00,2026-04-12 23:02:00,Unplanned,Electrical Fault,1380,E01
DT00001843,WO00002450,P02,P02_L02,M019,B,2026-04-12 14:17:00,2026-04-12 14:43:00,Planned,Cleaning/Sanitation,1560,SAN
DT00001844,WO00002450,P02,P02_L02,M019,B,2026-04-12 14:48:00,2026-04-12 15:03:00,Unplanned,Electrical Fault,900,E01
DT00001845,WO00002451,P02,P02_L02,M019,C,2026-04-12 22:41:00,2026-04-12 22:47:00,Unplanned,Mechanical Failure,360,M01
DT00001846,WO00002452,P02,P02_L03,M022,A,2026-04-12 06:41:00,2026-04-12 07:10:00,Planned,Preventive Maintenance,1740,P/M
DT00001847,WO00002453,P02,P02_L03,M023,C,2026-04-12 22:47:00,2026-04-12 23:13:00,Planned,Cleaning/Sanitation,1560,SAN
DT00001848,WO00002453,P02,P02_L03,M022,C,2026-04-12 23:18:00,2026-04-12 23:24:00,Unplanned,Sensor/Controls Fault,360,C01
DT00001860,WO00002470,P02,P02_L01,M014,A,2026-04-13 06:12:00,2026-04-13 06:38:00,Planned,Cleaning/Sanitation,1560,SAN
DT00001861,WO00002473,P02,P02_L02,M017,A,2026-04-13 06:26:00,2026-04-13 06:45:00,Planned,Changeover,1140,C/O
DT00001862,WO00002476,P02,P02_L03,M024,A,2026-04-13 06:10:00,2026-04-13 06:38:00,Planned,Planned Inspection,1680,PI
DT00001863,WO00002476,P02,P02_L03,M023,A,2026-04-13 06:43:00,2026-04-13 07:00:00,Unplanned,Material Starvation,1020,S01
DT00001864,WO00002477,P02,P02_L03,M023,B,2026-04-13 14:11:00,2026-04-13 14:23:00,Planned,Planned Inspection,720,PI
DT00001865,WO00002477,P02,P02_L03,M023,B,2026-04-13 14:28:00,2026-04-13 14:46:00,Unplanned,Operator Adjustment,1080,O01
DT00001866,WO00002478,P02,P02_L03,M022,C,2026-04-13 22:34:00,2026-04-13 22:51:00,Planned,Changeover,1020,C/O
DT00001878,WO00002497,P02,P02_L01,M015,A,2026-04-14 06:44:00,2026-04-14 07:00:00,Planned,Changeover,960,C/O
DT00001879,WO00002502,P02,P02_L02,M020,C,2026-04-14 22:34:00,2026-04-14 23:11:00,Planned,Preventive Maintenance,2220,P/M
DT00001880,WO00002503,P02,P02_L03,M021,A,2026-04-14 06:37:00,2026-04-14 07:20:00,Planned,Preventive Maintenance,2580,P/M
DT00001881,WO00002505,P02,P02_L03,M022,C,2026-04-14 22:21:00,2026-04-14 22:41:00,Planned,Changeover,1200,C/O
DT00001882,WO00002505,P02,P02_L03,M022,C,2026-04-14 22:46:00,2026-04-14 23:20:00,Unplanned,Mechanical Failure,2040,M01
DT00001894,WO00002524,P02,P02_L01,M015,A,2026-04-15 06:40:00,2026-04-15 07:32:00,Planned,Cleaning/Sanitation,3120,SAN
DT00001895,WO00002525,P02,P02_L01,M016,B,2026-04-15 14:22:00,2026-04-15 14:43:00,Planned,Planned Inspection,1260,PI
DT00001896,WO00002526,P02,P02_L01,M015,C,2026-04-15 22:34:00,2026-04-15 23:08:00,Unplanned,Mechanical Failure,2040,M01
DT00001897,WO00002527,P02,P02_L02,M019,A,2026-04-15 06:37:00,2026-04-15 07:08:00,Planned,Changeover,1860,C/O
DT00001898,WO00002527,P02,P02_L02,M017,A,2026-04-15 07:13:00,2026-04-15 08:05:00,Unplanned,Material Starvation,3120,S01
DT00001899,WO00002528,P02,P02_L02,M018,B,2026-04-15 14:21:00,2026-04-15 14:54:00,Planned,Changeover,1980,C/O
DT00001900,WO00002529,P02,P02_L02,M019,C,2026-04-15 22:48:00,2026-04-15 23:12:00,Planned,Cleaning/Sanitation,1440,SAN
DT00001901,WO00002529,P02,P02_L02,M018,C,2026-04-15 23:17:00,2026-04-15 23:38:00,Unplanned,Utility Interruption,1260,U01
DT00001902,WO00002530,P02,P02_L03,M022,A,2026-04-15 06:24:00,2026-04-15 06:56:00,Unplanned,Material Starvation,1920,S01
DT00001903,WO00002531,P02,P02_L03,M023,B,2026-04-15 14:27:00,2026-04-15 15:14:00,Planned,Preventive Maintenance,2820,P/M
DT00001913,WO00002551,P02,P02_L01,M016,A,2026-04-16 06:30:00,2026-04-16 06:52:00,Unplanned,Sensor/Controls Fault,1320,C01
DT00001914,WO00002552,P02,P02_L01,M013,B,2026-04-16 14:39:00,2026-04-16 15:28:00,Planned,Changeover,2940,C/O
DT00001915,WO00002556,P02,P02_L02,M020,C,2026-04-16 22:35:00,2026-04-16 22:46:00,Unplanned,Mechanical Failure,660,M01
DT00001916,WO00002559,P02,P02_L03,M022,C,2026-04-16 22:12:00,2026-04-16 22:27:00,Unplanned,Mechanical Failure,900,M01
DT00001930,WO00002578,P02,P02_L01,M015,A,2026-04-17 06:17:00,2026-04-17 06:44:00,Planned,Changeover,1620,C/O
DT00001931,WO00002578,P02,P02_L01,M014,A,2026-04-17 06:49:00,2026-04-17 07:19:00,Unplanned,Material Starvation,1800,S01
DT00001932,WO00002578,P02,P02_L01,M013,A,2026-04-17 07:22:00,2026-04-17 07:26:00,Unplanned,Utility Interruption,240,U01
DT00001933,WO00002579,P02,P02_L01,M013,B,2026-04-17 14:35:00,2026-04-17 15:06:00,Planned,Changeover,1860,C/O
DT00001934,WO00002581,P02,P02_L02,M019,A,2026-04-17 06:40:00,2026-04-17 07:08:00,Planned,Changeover,1680,C/O
DT00001935,WO00002585,P02,P02_L03,M022,B,2026-04-17 14:25:00,2026-04-17 14:45:00,Planned,Changeover,1200,C/O
DT00001936,WO00002586,P02,P02_L03,M022,C,2026-04-17 22:44:00,2026-04-17 23:23:00,Planned,Planned Inspection,2340,PI
DT00001945,WO00002602,P02,P02_L01,M014,C,2026-04-18 22:38:00,2026-04-18 23:02:00,Planned,Preventive Maintenance,1440,P/M
DT00001946,WO00002603,P02,P02_L02,M020,B,2026-04-18 14:16:00,2026-04-18 14:50:00,Unplanned,Quality Hold,2040,Q01
DT00001947,WO00002606,P02,P02_L03,M021,C,2026-04-18 22:18:00,2026-04-18 23:12:00,Planned,Changeover,3240,C/O
DT00001955,WO00002617,P02,P02_L01,M013,B,2026-04-19 14:31:00,2026-04-19 15:31:00,Planned,Cleaning/Sanitation,3600,SAN
DT00001956,WO00002620,P02,P02_L02,M019,C,2026-04-19 22:19:00,2026-04-19 22:50:00,Planned,Changeover,1860,C/O
DT00001957,WO00002622,P02,P02_L03,M021,B,2026-04-19 14:31:00,2026-04-19 14:48:00,Planned,Changeover,1020,C/O
DT00001958,WO00002623,P02,P02_L03,M024,C,2026-04-19 22:46:00,2026-04-19 23:18:00,Planned,Changeover,1920,C/O
DT00001967,WO00002639,P02,P02_L01,M014,A,2026-04-20 06:23:00,2026-04-20 06:44:00,Unplanned,Material Starvation,1260,S01
DT00001968,WO00002643,P02,P02_L02,M018,B,2026-04-20 14:41:00,2026-04-20 15:33:00,Planned,Preventive Maintenance,3120,P/M
DT00001969,WO00002643,P02,P02_L02,M017,B,2026-04-20 15:38:00,2026-04-20 16:13:00,Unplanned,Electrical Fault,2100,E01
DT00001970,WO00002643,P02,P02_L02,M017,B,2026-04-20 16:16:00,2026-04-20 16:56:00,Unplanned,Mechanical Failure,2400,M01
DT00001971,WO00002645,P02,P02_L03,M022,A,2026-04-20 06:42:00,2026-04-20 07:24:00,Planned,Changeover,2520,C/O
DT00001972,WO00002646,P02,P02_L03,M024,B,2026-04-20 14:45:00,2026-04-20 15:02:00,Unplanned,Material Starvation,1020,S01
DT00001973,WO00002647,P02,P02_L03,M023,C,2026-04-20 22:11:00,2026-04-20 22:38:00,Planned,Changeover,1620,C/O
DT00001984,WO00002666,P02,P02_L01,M016,A,2026-04-21 06:34:00,2026-04-21 06:54:00,Planned,Preventive Maintenance,1200,P/M
DT00001985,WO00002666,P02,P02_L01,M013,A,2026-04-21 06:59:00,2026-04-21 07:13:00,Unplanned,Mechanical Failure,840,M01
DT00001986,WO00002668,P02,P02_L01,M015,C,2026-04-21 22:26:00,2026-04-21 23:17:00,Planned,Preventive Maintenance,3060,P/M
DT00001987,WO00002669,P02,P02_L02,M018,A,2026-04-21 06:24:00,2026-04-21 06:49:00,Planned,Preventive Maintenance,1500,P/M
DT00001988,WO00002670,P02,P02_L02,M019,B,2026-04-21 14:25:00,2026-04-21 14:29:00,Unplanned,Material Starvation,240,S01
DT00001989,WO00002671,P02,P02_L02,M017,C,2026-04-21 22:19:00,2026-04-21 22:47:00,Unplanned,Operator Adjustment,1680,O01
DT00001990,WO00002673,P02,P02_L03,M021,B,2026-04-21 14:44:00,2026-04-21 14:58:00,Unplanned,Mechanical Failure,840,M01
DT00002000,WO00002693,P02,P02_L01,M016,A,2026-04-22 06:48:00,2026-04-22 07:02:00,Planned,Cleaning/Sanitation,840,SAN
DT00002001,WO00002694,P02,P02_L01,M016,B,2026-04-22 14:31:00,2026-04-22 14:39:00,Unplanned,Electrical Fault,480,E01
DT00002002,WO00002695,P02,P02_L01,M013,C,2026-04-22 22:16:00,2026-04-22 22:41:00,Planned,Changeover,1500,C/O
DT00002003,WO00002695,P02,P02_L01,M013,C,2026-04-22 22:46:00,2026-04-22 22:56:00,Unplanned,Mechanical Failure,600,M01
DT00002004,WO00002698,P02,P02_L02,M020,C,2026-04-22 22:18:00,2026-04-22 22:30:00,Planned,Preventive Maintenance,720,P/M
DT00002005,WO00002701,P02,P02_L03,M022,C,2026-04-22 22:36:00,2026-04-23 00:01:00,Unplanned,Electrical Fault,5100,E01
DT00002018,WO00002722,P02,P02_L01,M013,C,2026-04-23 22:42:00,2026-04-23 22:59:00,Planned,Planned Inspection,1020,PI
DT00002019,WO00002723,P02,P02_L02,M020,A,2026-04-23 06:29:00,2026-04-23 07:00:00,Planned,Changeover,1860,C/O
DT00002020,WO00002724,P02,P02_L02,M018,B,2026-04-23 14:48:00,2026-04-23 15:37:00,Planned,Preventive Maintenance,2940,P/M
DT00002021,WO00002725,P02,P02_L02,M020,C,2026-04-23 22:22:00,2026-04-23 22:43:00,Planned,Changeover,1260,C/O
DT00002022,WO00002727,P02,P02_L03,M024,B,2026-04-23 14:10:00,2026-04-23 15:15:00,Unplanned,Electrical Fault,3900,E01
DT00002023,WO00002727,P02,P02_L03,M023,B,2026-04-23 15:18:00,2026-04-23 15:49:00,Unplanned,Mechanical Failure,1860,M01
DT00002024,WO00002728,P02,P02_L03,M024,C,2026-04-23 22:44:00,2026-04-23 23:05:00,Unplanned,Electrical Fault,1260,E01
DT00002025,WO00002728,P02,P02_L03,M024,C,2026-04-23 23:08:00,2026-04-23 23:32:00,Unplanned,Sensor/Controls Fault,1440,C01
DT00002036,WO00002748,P02,P02_L01,M013,B,2026-04-24 14:44:00,2026-04-24 15:09:00,Planned,Preventive Maintenance,1500,P/M
DT00002037,WO00002749,P02,P02_L01,M016,C,2026-04-24 22:49:00,2026-04-24 23:20:00,Planned,Preventive Maintenance,1860,P/M
DT00002038,WO00002753,P02,P02_L03,M023,A,2026-04-24 06:19:00,2026-04-24 06:34:00,Planned,Preventive Maintenance,900,P/M
DT00002039,WO00002753,P02,P02_L03,M021,A,2026-04-24 06:39:00,2026-04-24 06:50:00,Unplanned,Utility Interruption,660,U01
DT00002040,WO00002754,P02,P02_L03,M024,B,2026-04-24 14:43:00,2026-04-24 15:25:00,Planned,Changeover,2520,C/O
DT00002048,WO00002773,P02,P02_L03,M024,B,2026-04-25 14:42:00,2026-04-25 14:59:00,Planned,Changeover,1020,C/O
DT00002060,WO00002786,P02,P02_L01,M013,B,2026-04-26 14:24:00,2026-04-26 14:49:00,Planned,Changeover,1500,C/O
DT00002061,WO00002790,P02,P02_L03,M021,B,2026-04-26 14:14:00,2026-04-26 14:47:00,Planned,Planned Inspection,1980,PI
DT00002077,WO00002809,P02,P02_L01,M016,C,2026-04-27 22:42:00,2026-04-27 23:05:00,Planned,Preventive Maintenance,1380,P/M
DT00002078,WO00002810,P02,P02_L02,M018,A,2026-04-27 06:41:00,2026-04-27 07:24:00,Planned,Changeover,2580,C/O
DT00002079,WO00002812,P02,P02_L02,M018,C,2026-04-27 22:33:00,2026-04-27 23:19:00,Planned,Preventive Maintenance,2760,P/M
DT00002080,WO00002814,P02,P02_L03,M024,B,2026-04-27 14:43:00,2026-04-27 16:00:00,Planned,Changeover,4620,C/O
DT00002081,WO00002815,P02,P02_L03,M022,C,2026-04-27 22:10:00,2026-04-27 22:29:00,Planned,Preventive Maintenance,1140,P/M
DT00002093,WO00002835,P02,P02_L01,M013,B,2026-04-28 14:30:00,2026-04-28 15:00:00,Planned,Changeover,1800,C/O
DT00002094,WO00002837,P02,P02_L02,M018,A,2026-04-28 06:21:00,2026-04-28 06:45:00,Unplanned,Mechanical Failure,1440,M01
DT00002095,WO00002838,P02,P02_L02,M019,B,2026-04-28 14:35:00,2026-04-28 14:56:00,Planned,Preventive Maintenance,1260,P/M
DT00002096,WO00002839,P02,P02_L02,M020,C,2026-04-28 22:14:00,2026-04-28 22:52:00,Planned,Preventive Maintenance,2280,P/M
DT00002097,WO00002840,P02,P02_L03,M021,A,2026-04-28 06:19:00,2026-04-28 06:46:00,Planned,Cleaning/Sanitation,1620,SAN
DT00002098,WO00002842,P02,P02_L03,M023,C,2026-04-28 22:49:00,2026-04-28 23:38:00,Planned,Preventive Maintenance,2940,P/M
DT00002109,WO00002861,P02,P02_L01,M014,A,2026-04-29 06:26:00,2026-04-29 06:51:00,Planned,Preventive Maintenance,1500,P/M
DT00002110,WO00002862,P02,P02_L01,M013,B,2026-04-29 14:45:00,2026-04-29 15:27:00,Planned,Cleaning/Sanitation,2520,SAN
DT00002111,WO00002863,P02,P02_L01,M014,C,2026-04-29 22:32:00,2026-04-29 22:36:00,Unplanned,Operator Adjustment,240,O01
DT00002112,WO00002865,P02,P02_L02,M019,B,2026-04-29 14:14:00,2026-04-29 14:37:00,Unplanned,Mechanical Failure,1380,M01
DT00002113,WO00002865,P02,P02_L02,M020,B,2026-04-29 14:40:00,2026-04-29 14:57:00,Unplanned,Material Starvation,1020,S01
DT00002114,WO00002866,P02,P02_L02,M020,C,2026-04-29 22:42:00,2026-04-29 23:04:00,Planned,Cleaning/Sanitation,1320,SAN
DT00002115,WO00002866,P02,P02_L02,M019,C,2026-04-29 23:09:00,2026-04-29 23:31:00,Unplanned,Electrical Fault,1320,E01
DT00002116,WO00002867,P02,P02_L03,M023,A,2026-04-29 06:14:00,2026-04-29 06:36:00,Unplanned,Quality Hold,1320,Q01
DT00002117,WO00002867,P02,P02_L03,M023,A,2026-04-29 06:39:00,2026-04-29 06:51:00,Unplanned,Material Starvation,720,S01
DT00002130,WO00002888,P02,P02_L01,M014,A,2026-04-30 06:44:00,2026-04-30 07:21:00,Planned,Preventive Maintenance,2220,P/M
DT00002131,WO00002888,P02,P02_L01,M013,A,2026-04-30 07:26:00,2026-04-30 07:30:00,Unplanned,Mechanical Failure,240,M01
DT00002132,WO00002889,P02,P02_L01,M014,B,2026-04-30 14:19:00,2026-04-30 14:56:00,Planned,Changeover,2220,C/O
DT00002133,WO00002889,P02,P02_L01,M015,B,2026-04-30 15:01:00,2026-04-30 15:28:00,Unplanned,Quality Hold,1620,Q01
DT00002134,WO00002890,P02,P02_L01,M014,C,2026-04-30 22:19:00,2026-04-30 22:40:00,Unplanned,Sensor/Controls Fault,1260,C01
DT00002135,WO00002891,P02,P02_L02,M018,A,2026-04-30 06:42:00,2026-04-30 06:55:00,Unplanned,Sensor/Controls Fault,780,C01
DT00002136,WO00002891,P02,P02_L02,M019,A,2026-04-30 06:58:00,2026-04-30 07:21:00,Unplanned,Electrical Fault,1380,E01
DT00002137,WO00002892,P02,P02_L02,M019,B,2026-04-30 14:30:00,2026-04-30 15:24:00,Planned,Preventive Maintenance,3240,P/M
DT00002138,WO00002894,P02,P02_L03,M024,A,2026-04-30 06:21:00,2026-04-30 06:55:00,Planned,Changeover,2040,C/O
DT00002139,WO00002896,P02,P02_L03,M021,C,2026-04-30 22:48:00,2026-04-30 23:14:00,Planned,Changeover,1560,C/O
DT00002140,WO00002896,P02,P02_L03,M023,C,2026-04-30 23:19:00,2026-05-01 00:03:00,Unplanned,Mechanical Failure,2640,M01
DT00002153,WO00002915,P02,P02_L01,M013,A,2026-05-01 06:17:00,2026-05-01 06:31:00,Planned,Preventive Maintenance,840,P/M
DT00002154,WO00002916,P02,P02_L01,M016,B,2026-05-01 14:17:00,2026-05-01 14:37:00,Planned,Changeover,1200,C/O
DT00002155,WO00002919,P02,P02_L02,M020,B,2026-05-01 14:36:00,2026-05-01 15:14:00,Planned,Changeover,2280,C/O
DT00002156,WO00002921,P02,P02_L03,M021,A,2026-05-01 06:11:00,2026-05-01 06:40:00,Planned,Changeover,1740,C/O
DT00002157,WO00002921,P02,P02_L03,M023,A,2026-05-01 06:45:00,2026-05-01 07:00:00,Unplanned,Material Starvation,900,S01
DT00002170,WO00002941,P02,P02_L01,M014,C,2026-05-02 22:31:00,2026-05-02 22:57:00,Planned,Cleaning/Sanitation,1560,SAN
DT00002171,WO00002941,P02,P02_L01,M014,C,2026-05-02 23:02:00,2026-05-02 23:56:00,Unplanned,Operator Adjustment,3240,O01
DT00002172,WO00002943,P02,P02_L02,M019,B,2026-05-02 14:37:00,2026-05-02 15:09:00,Planned,Planned Inspection,1920,PI
DT00002181,WO00002955,P02,P02_L02,M017,C,2026-05-03 22:42:00,2026-05-03 23:17:00,Planned,Cleaning/Sanitation,2100,SAN
DT00002182,WO00002958,P02,P02_L03,M023,C,2026-05-03 22:41:00,2026-05-03 23:05:00,Planned,Preventive Maintenance,1440,P/M
DT00002183,WO00002958,P02,P02_L03,M022,C,2026-05-03 23:10:00,2026-05-03 23:33:00,Unplanned,Mechanical Failure,1380,M01
DT00002192,WO00002975,P02,P02_L01,M014,C,2026-05-04 22:47:00,2026-05-04 23:20:00,Planned,Cleaning/Sanitation,1980,SAN
DT00002193,WO00002975,P02,P02_L01,M013,C,2026-05-04 23:25:00,2026-05-04 23:49:00,Unplanned,Quality Hold,1440,Q01
DT00002194,WO00002977,P02,P02_L02,M018,B,2026-05-04 14:47:00,2026-05-04 15:40:00,Planned,Preventive Maintenance,3180,P/M
DT00002195,WO00002979,P02,P02_L03,M023,A,2026-05-04 06:29:00,2026-05-04 06:51:00,Planned,Planned Inspection,1320,PI
DT00002196,WO00002981,P02,P02_L03,M022,C,2026-05-04 22:48:00,2026-05-04 23:37:00,Planned,Cleaning/Sanitation,2940,SAN
DT00002212,WO00003000,P02,P02_L01,M015,A,2026-05-05 06:45:00,2026-05-05 07:12:00,Unplanned,Quality Hold,1620,Q01
DT00002213,WO00003002,P02,P02_L01,M013,C,2026-05-05 22:15:00,2026-05-05 22:56:00,Unplanned,Sensor/Controls Fault,2460,C01
DT00002214,WO00003004,P02,P02_L02,M019,B,2026-05-05 14:29:00,2026-05-05 15:27:00,Planned,Preventive Maintenance,3480,P/M
DT00002215,WO00003006,P02,P02_L03,M024,A,2026-05-05 06:28:00,2026-05-05 06:43:00,Unplanned,Mechanical Failure,900,M01
DT00002216,WO00003007,P02,P02_L03,M022,B,2026-05-05 14:46:00,2026-05-05 15:22:00,Planned,Changeover,2160,C/O
DT00002228,WO00003028,P02,P02_L01,M013,B,2026-05-06 14:47:00,2026-05-06 15:09:00,Planned,Changeover,1320,C/O
DT00002229,WO00003028,P02,P02_L01,M015,B,2026-05-06 15:14:00,2026-05-06 15:32:00,Unplanned,Electrical Fault,1080,E01
DT00002230,WO00003032,P02,P02_L02,M020,C,2026-05-06 22:21:00,2026-05-06 22:39:00,Planned,Changeover,1080,C/O
DT00002231,WO00003033,P02,P02_L03,M022,A,2026-05-06 06:16:00,2026-05-06 06:42:00,Planned,Changeover,1560,C/O
DT00002232,WO00003033,P02,P02_L03,M022,A,2026-05-06 06:47:00,2026-05-06 07:10:00,Unplanned,Mechanical Failure,1380,M01
DT00002233,WO00003034,P02,P02_L03,M021,B,2026-05-06 14:11:00,2026-05-06 14:32:00,Planned,Planned Inspection,1260,PI
DT00002234,WO00003034,P02,P02_L03,M024,B,2026-05-06 14:37:00,2026-05-06 14:49:00,Unplanned,Quality Hold,720,Q01
DT00002235,WO00003035,P02,P02_L03,M023,C,2026-05-06 22:37:00,2026-05-06 23:03:00,Planned,Changeover,1560,C/O
DT00002247,WO00003056,P02,P02_L01,M015,C,2026-05-07 22:49:00,2026-05-07 23:04:00,Planned,Planned Inspection,900,PI
DT00002248,WO00003056,P02,P02_L01,M016,C,2026-05-07 23:09:00,2026-05-07 23:41:00,Unplanned,Sensor/Controls Fault,1920,C01
DT00002249,WO00003057,P02,P02_L02,M019,A,2026-05-07 06:39:00,2026-05-07 07:05:00,Planned,Preventive Maintenance,1560,P/M
DT00002250,WO00003057,P02,P02_L02,M018,A,2026-05-07 07:10:00,2026-05-07 07:30:00,Unplanned,Mechanical Failure,1200,M01
DT00002251,WO00003058,P02,P02_L02,M019,B,2026-05-07 14:14:00,2026-05-07 14:33:00,Planned,Preventive Maintenance,1140,P/M
DT00002252,WO00003058,P02,P02_L02,M019,B,2026-05-07 14:38:00,2026-05-07 14:53:00,Unplanned,Mechanical Failure,900,M01
DT00002253,WO00003060,P02,P02_L03,M024,A,2026-05-07 06:13:00,2026-05-07 06:47:00,Planned,Planned Inspection,2040,PI
DT00002254,WO00003062,P02,P02_L03,M023,C,2026-05-07 22:20:00,2026-05-07 23:08:00,Planned,Changeover,2880,C/O
DT00002268,WO00003081,P02,P02_L01,M013,A,2026-05-08 06:24:00,2026-05-08 06:59:00,Planned,Preventive Maintenance,2100,P/M
DT00002269,WO00003083,P02,P02_L01,M014,C,2026-05-08 22:41:00,2026-05-08 23:15:00,Planned,Preventive Maintenance,2040,P/M
DT00002270,WO00003084,P02,P02_L02,M019,A,2026-05-08 06:19:00,2026-05-08 06:50:00,Planned,Changeover,1860,C/O
DT00002271,WO00003085,P02,P02_L02,M019,B,2026-05-08 14:38:00,2026-05-08 15:20:00,Planned,Changeover,2520,C/O
DT00002272,WO00003087,P02,P02_L03,M021,A,2026-05-08 06:14:00,2026-05-08 06:35:00,Planned,Preventive Maintenance,1260,P/M
DT00002273,WO00003088,P02,P02_L03,M021,B,2026-05-08 14:20:00,2026-05-08 14:55:00,Planned,Changeover,2100,C/O
DT00002274,WO00003089,P02,P02_L03,M024,C,2026-05-08 22:13:00,2026-05-08 22:40:00,Unplanned,Sensor/Controls Fault,1620,C01
DT00002285,WO00003107,P02,P02_L02,M019,A,2026-05-09 06:19:00,2026-05-09 07:09:00,Planned,Preventive Maintenance,3000,P/M
DT00002286,WO00003107,P02,P02_L02,M019,A,2026-05-09 07:14:00,2026-05-09 07:32:00,Unplanned,Mechanical Failure,1080,M01
DT00002287,WO00003108,P02,P02_L02,M017,B,2026-05-09 14:12:00,2026-05-09 14:35:00,Planned,Planned Inspection,1380,PI
DT00002288,WO00003109,P02,P02_L02,M017,C,2026-05-09 22:44:00,2026-05-09 23:30:00,Planned,Changeover,2760,C/O
DT00002289,WO00003109,P02,P02_L02,M018,C,2026-05-09 23:35:00,2026-05-10 00:12:00,Unplanned,Operator Adjustment,2220,O01
DT00002290,WO00003110,P02,P02_L03,M024,B,2026-05-09 14:35:00,2026-05-09 15:00:00,Unplanned,Material Starvation,1500,S01
DT00002291,WO00003111,P02,P02_L03,M023,C,2026-05-09 22:19:00,2026-05-09 22:36:00,Unplanned,Mechanical Failure,1020,M01
DT00002302,WO00003123,P02,P02_L01,M016,A,2026-05-10 06:29:00,2026-05-10 06:54:00,Planned,Changeover,1500,C/O
DT00002303,WO00003124,P02,P02_L01,M015,B,2026-05-10 14:26:00,2026-05-10 14:53:00,Planned,Changeover,1620,C/O
DT00002304,WO00003127,P02,P02_L03,M021,A,2026-05-10 06:35:00,2026-05-10 06:55:00,Planned,Cleaning/Sanitation,1200,SAN
DT00002305,WO00003128,P02,P02_L03,M024,B,2026-05-10 14:47:00,2026-05-10 15:04:00,Unplanned,Material Starvation,1020,S01
DT00002306,WO00003129,P02,P02_L03,M024,C,2026-05-10 22:27:00,2026-05-10 23:01:00,Planned,Planned Inspection,2040,PI
DT00002314,WO00003145,P02,P02_L01,M013,A,2026-05-11 06:35:00,2026-05-11 07:11:00,Planned,Changeover,2160,C/O
DT00002315,WO00003146,P02,P02_L01,M013,B,2026-05-11 14:14:00,2026-05-11 14:26:00,Planned,Preventive Maintenance,720,P/M
DT00002316,WO00003147,P02,P02_L01,M016,C,2026-05-11 22:49:00,2026-05-11 22:56:00,Unplanned,Sensor/Controls Fault,420,C01
DT00002317,WO00003149,P02,P02_L02,M018,B,2026-05-11 14:28:00,2026-05-11 15:07:00,Planned,Changeover,2340,C/O
DT00002318,WO00003151,P02,P02_L03,M022,A,2026-05-11 06:29:00,2026-05-11 06:51:00,Planned,Changeover,1320,C/O
DT00002319,WO00003152,P02,P02_L03,M024,B,2026-05-11 14:18:00,2026-05-11 14:33:00,Unplanned,Material Starvation,900,S01
DT00002320,WO00003153,P02,P02_L03,M023,C,2026-05-11 22:39:00,2026-05-11 23:01:00,Planned,Preventive Maintenance,1320,P/M
DT00002337,WO00003172,P02,P02_L01,M014,A,2026-05-12 06:23:00,2026-05-12 06:34:00,Unplanned,Quality Hold,660,Q01
DT00002338,WO00003173,P02,P02_L01,M014,B,2026-05-12 14:25:00,2026-05-12 14:56:00,Planned,Cleaning/Sanitation,1860,SAN
DT00002339,WO00003175,P02,P02_L02,M017,A,2026-05-12 06:32:00,2026-05-12 07:16:00,Planned,Cleaning/Sanitation,2640,SAN
DT00002340,WO00003177,P02,P02_L02,M020,C,2026-05-12 22:40:00,2026-05-12 23:09:00,Planned,Cleaning/Sanitation,1740,SAN
DT00002341,WO00003177,P02,P02_L02,M018,C,2026-05-12 23:14:00,2026-05-13 00:10:00,Unplanned,Operator Adjustment,3360,O01
DT00002342,WO00003178,P02,P02_L03,M023,A,2026-05-12 06:17:00,2026-05-12 06:45:00,Planned,Changeover,1680,C/O
DT00002343,WO00003179,P02,P02_L03,M022,B,2026-05-12 14:48:00,2026-05-12 15:21:00,Planned,Changeover,1980,C/O
DT00002344,WO00003179,P02,P02_L03,M022,B,2026-05-12 15:26:00,2026-05-12 15:43:00,Unplanned,Mechanical Failure,1020,M01
DT00002345,WO00003179,P02,P02_L03,M024,B,2026-05-12 15:46:00,2026-05-12 16:13:00,Unplanned,Material Starvation,1620,S01
DT00002363,WO00003199,P02,P02_L01,M016,A,2026-05-13 06:37:00,2026-05-13 07:52:00,Planned,Cleaning/Sanitation,4500,SAN
DT00002364,WO00003200,P02,P02_L01,M013,B,2026-05-13 14:27:00,2026-05-13 15:01:00,Planned,Preventive Maintenance,2040,P/M
DT00002365,WO00003200,P02,P02_L01,M016,B,2026-05-13 15:06:00,2026-05-13 15:31:00,Unplanned,Electrical Fault,1500,E01
DT00002366,WO00003201,P02,P02_L01,M013,C,2026-05-13 22:22:00,2026-05-13 23:13:00,Unplanned,Electrical Fault,3060,E01
DT00002367,WO00003202,P02,P02_L02,M020,A,2026-05-13 06:28:00,2026-05-13 07:11:00,Planned,Changeover,2580,C/O
DT00002368,WO00003206,P02,P02_L03,M024,B,2026-05-13 14:13:00,2026-05-13 14:17:00,Unplanned,Electrical Fault,240,E01
DT00002378,WO00003226,P02,P02_L01,M016,A,2026-05-14 06:40:00,2026-05-14 07:06:00,Unplanned,Mechanical Failure,1560,M01
DT00002379,WO00003229,P02,P02_L02,M019,A,2026-05-14 06:29:00,2026-05-14 07:15:00,Planned,Changeover,2760,C/O
DT00002380,WO00003231,P02,P02_L02,M020,C,2026-05-14 22:24:00,2026-05-14 22:50:00,Planned,Preventive Maintenance,1560,P/M
DT00002381,WO00003232,P02,P02_L03,M022,A,2026-05-14 06:21:00,2026-05-14 07:03:00,Planned,Changeover,2520,C/O
DT00002382,WO00003233,P02,P02_L03,M023,B,2026-05-14 14:32:00,2026-05-14 15:02:00,Planned,Changeover,1800,C/O
DT00002383,WO00003233,P02,P02_L03,M021,B,2026-05-14 15:07:00,2026-05-14 15:21:00,Unplanned,Electrical Fault,840,E01
DT00002396,WO00003255,P02,P02_L01,M014,C,2026-05-15 22:30:00,2026-05-15 22:55:00,Planned,Preventive Maintenance,1500,P/M
DT00002397,WO00003257,P02,P02_L02,M020,B,2026-05-15 14:43:00,2026-05-15 15:31:00,Planned,Cleaning/Sanitation,2880,SAN
DT00002398,WO00003257,P02,P02_L02,M018,B,2026-05-15 15:36:00,2026-05-15 16:47:00,Unplanned,Operator Adjustment,4260,O01
DT00002399,WO00003259,P02,P02_L03,M023,A,2026-05-15 06:17:00,2026-05-15 06:49:00,Planned,Cleaning/Sanitation,1920,SAN
DT00002411,WO00003277,P02,P02_L01,M013,A,2026-05-16 06:30:00,2026-05-16 06:54:00,Planned,Changeover,1440,C/O
DT00002412,WO00003278,P02,P02_L01,M013,C,2026-05-16 22:26:00,2026-05-16 22:42:00,Planned,Changeover,960,C/O
DT00002413,WO00003278,P02,P02_L01,M016,C,2026-05-16 22:47:00,2026-05-16 23:02:00,Unplanned,Electrical Fault,900,E01
DT00002414,WO00003278,P02,P02_L01,M016,C,2026-05-16 23:05:00,2026-05-17 00:05:00,Unplanned,Electrical Fault,3600,E01
DT00002415,WO00003279,P02,P02_L02,M020,B,2026-05-16 14:38:00,2026-05-16 15:09:00,Planned,Changeover,1860,C/O
DT00002416,WO00003279,P02,P02_L02,M019,B,2026-05-16 15:14:00,2026-05-16 15:28:00,Unplanned,Sensor/Controls Fault,840,C01
DT00002417,WO00003279,P02,P02_L02,M017,B,2026-05-16 15:31:00,2026-05-16 15:56:00,Unplanned,Sensor/Controls Fault,1500,C01
DT00002418,WO00003280,P02,P02_L02,M019,C,2026-05-16 22:13:00,2026-05-16 22:44:00,Planned,Changeover,1860,C/O
DT00002419,WO00003280,P02,P02_L02,M020,C,2026-05-16 22:49:00,2026-05-16 23:22:00,Unplanned,Mechanical Failure,1980,M01
DT00002435,WO00003298,P02,P02_L01,M014,B,2026-05-17 14:35:00,2026-05-17 14:56:00,Planned,Cleaning/Sanitation,1260,SAN
DT00002436,WO00003298,P02,P02_L01,M014,B,2026-05-17 15:01:00,2026-05-17 15:05:00,Unplanned,Material Starvation,240,S01
DT00002437,WO00003299,P02,P02_L01,M015,C,2026-05-17 22:42:00,2026-05-17 23:01:00,Planned,Changeover,1140,C/O
DT00002438,WO00003300,P02,P02_L02,M018,A,2026-05-17 06:20:00,2026-05-17 06:37:00,Planned,Preventive Maintenance,1020,P/M
DT00002439,WO00003301,P02,P02_L02,M018,B,2026-05-17 14:43:00,2026-05-17 14:59:00,Unplanned,Operator Adjustment,960,O01
DT00002440,WO00003302,P02,P02_L02,M020,C,2026-05-17 22:49:00,2026-05-17 23:27:00,Planned,Changeover,2280,C/O
DT00002441,WO00003303,P02,P02_L03,M023,B,2026-05-17 14:11:00,2026-05-17 14:35:00,Planned,Planned Inspection,1440,PI
DT00002455,WO00003320,P02,P02_L01,M015,A,2026-05-18 06:12:00,2026-05-18 07:56:00,Planned,Changeover,6240,C/O
DT00002456,WO00003320,P02,P02_L01,M014,A,2026-05-18 08:01:00,2026-05-18 08:27:00,Unplanned,Operator Adjustment,1560,O01
DT00002457,WO00003321,P02,P02_L01,M014,B,2026-05-18 14:22:00,2026-05-18 14:48:00,Planned,Preventive Maintenance,1560,P/M
DT00002458,WO00003322,P02,P02_L01,M015,C,2026-05-18 22:31:00,2026-05-18 23:04:00,Unplanned,Mechanical Failure,1980,M01
DT00002459,WO00003325,P02,P02_L02,M017,C,2026-05-18 22:45:00,2026-05-18 23:11:00,Planned,Cleaning/Sanitation,1560,SAN
DT00002460,WO00003326,P02,P02_L03,M024,A,2026-05-18 06:41:00,2026-05-18 07:37:00,Unplanned,Electrical Fault,3360,E01
DT00002461,WO00003327,P02,P02_L03,M021,B,2026-05-18 14:27:00,2026-05-18 14:53:00,Planned,Changeover,1560,C/O
DT00002462,WO00003328,P02,P02_L03,M021,C,2026-05-18 22:19:00,2026-05-18 22:42:00,Planned,Changeover,1380,C/O
DT00002479,WO00003347,P02,P02_L01,M013,A,2026-05-19 06:49:00,2026-05-19 07:15:00,Planned,Planned Inspection,1560,PI
DT00002480,WO00003348,P02,P02_L01,M016,B,2026-05-19 14:32:00,2026-05-19 14:50:00,Planned,Changeover,1080,C/O
DT00002481,WO00003350,P02,P02_L02,M018,A,2026-05-19 06:44:00,2026-05-19 07:11:00,Planned,Changeover,1620,C/O
DT00002482,WO00003351,P02,P02_L02,M017,B,2026-05-19 14:14:00,2026-05-19 14:41:00,Planned,Changeover,1620,C/O
DT00002483,WO00003351,P02,P02_L02,M019,B,2026-05-19 14:46:00,2026-05-19 15:09:00,Unplanned,Mechanical Failure,1380,M01
DT00002484,WO00003352,P02,P02_L02,M019,C,2026-05-19 22:40:00,2026-05-19 23:08:00,Planned,Preventive Maintenance,1680,P/M
DT00002485,WO00003352,P02,P02_L02,M019,C,2026-05-19 23:13:00,2026-05-20 00:17:00,Unplanned,Utility Interruption,3840,U01
DT00002486,WO00003353,P02,P02_L03,M022,A,2026-05-19 06:48:00,2026-05-19 07:51:00,Planned,Planned Inspection,3780,PI
DT00002487,WO00003355,P02,P02_L03,M021,C,2026-05-19 22:36:00,2026-05-19 22:54:00,Unplanned,Utility Interruption,1080,U01
DT00002501,WO00003374,P02,P02_L01,M014,A,2026-05-20 06:22:00,2026-05-20 06:48:00,Planned,Preventive Maintenance,1560,P/M
DT00002502,WO00003375,P02,P02_L01,M015,B,2026-05-20 14:12:00,2026-05-20 14:33:00,Planned,Planned Inspection,1260,PI
DT00002503,WO00003376,P02,P02_L01,M015,C,2026-05-20 22:31:00,2026-05-20 22:59:00,Unplanned,Electrical Fault,1680,E01
DT00002504,WO00003382,P02,P02_L03,M022,C,2026-05-20 22:19:00,2026-05-20 22:56:00,Planned,Changeover,2220,C/O
DT00002517,WO00003403,P02,P02_L01,M016,C,2026-05-21 22:14:00,2026-05-21 22:29:00,Unplanned,Operator Adjustment,900,O01
DT00002518,WO00003404,P02,P02_L02,M019,A,2026-05-21 06:44:00,2026-05-21 07:28:00,Unplanned,Sensor/Controls Fault,2640,C01
DT00002519,WO00003405,P02,P02_L02,M018,B,2026-05-21 14:35:00,2026-05-21 14:54:00,Planned,Changeover,1140,C/O
DT00002520,WO00003407,P02,P02_L03,M023,A,2026-05-21 06:36:00,2026-05-21 07:07:00,Planned,Changeover,1860,C/O
DT00002521,WO00003409,P02,P02_L03,M021,C,2026-05-21 22:41:00,2026-05-21 23:03:00,Planned,Preventive Maintenance,1320,P/M
DT00002535,WO00003431,P02,P02_L02,M020,A,2026-05-22 06:46:00,2026-05-22 06:59:00,Unplanned,Electrical Fault,780,E01
DT00002536,WO00003432,P02,P02_L02,M020,B,2026-05-22 14:27:00,2026-05-22 14:35:00,Unplanned,Mechanical Failure,480,M01
DT00002537,WO00003435,P02,P02_L03,M021,B,2026-05-22 14:23:00,2026-05-22 14:43:00,Planned,Preventive Maintenance,1200,P/M
DT00002552,WO00003455,P02,P02_L03,M024,A,2026-05-23 06:16:00,2026-05-23 06:48:00,Planned,Cleaning/Sanitation,1920,SAN
DT00002553,WO00003456,P02,P02_L03,M022,B,2026-05-23 14:45:00,2026-05-23 15:06:00,Unplanned,Material Starvation,1260,S01
DT00002557,WO00003467,P02,P02_L01,M016,A,2026-05-24 06:24:00,2026-05-24 06:54:00,Planned,Changeover,1800,C/O
DT00002558,WO00003467,P02,P02_L01,M015,A,2026-05-24 06:59:00,2026-05-24 07:16:00,Unplanned,Material Starvation,1020,S01
DT00002559,WO00003467,P02,P02_L01,M014,A,2026-05-24 07:19:00,2026-05-24 08:01:00,Unplanned,Mechanical Failure,2520,M01
DT00002560,WO00003467,P02,P02_L01,M015,A,2026-05-24 08:04:00,2026-05-24 08:18:00,Unplanned,Quality Hold,840,Q01
DT00002561,WO00003468,P02,P02_L01,M016,B,2026-05-24 14:25:00,2026-05-24 15:25:00,Planned,Preventive Maintenance,3600,P/M
DT00002562,WO00003468,P02,P02_L01,M013,B,2026-05-24 15:30:00,2026-05-24 15:55:00,Unplanned,Material Starvation,1500,S01
DT00002563,WO00003470,P02,P02_L02,M020,B,2026-05-24 14:30:00,2026-05-24 14:50:00,Planned,Preventive Maintenance,1200,P/M
DT00002564,WO00003470,P02,P02_L02,M020,B,2026-05-24 14:55:00,2026-05-24 15:31:00,Unplanned,Utility Interruption,2160,U01
DT00002565,WO00003470,P02,P02_L02,M017,B,2026-05-24 15:34:00,2026-05-24 15:50:00,Unplanned,Operator Adjustment,960,O01
DT00002566,WO00003471,P02,P02_L03,M021,A,2026-05-24 06:25:00,2026-05-24 06:42:00,Planned,Preventive Maintenance,1020,P/M
DT00002567,WO00003472,P02,P02_L03,M024,C,2026-05-24 22:12:00,2026-05-24 22:30:00,Planned,Preventive Maintenance,1080,P/M
DT00002575,WO00003492,P02,P02_L02,M020,A,2026-05-25 06:29:00,2026-05-25 06:42:00,Unplanned,Material Starvation,780,S01
DT00002576,WO00003494,P02,P02_L02,M017,C,2026-05-25 22:15:00,2026-05-25 22:23:00,Unplanned,Operator Adjustment,480,O01
DT00002577,WO00003497,P02,P02_L03,M024,C,2026-05-25 22:14:00,2026-05-25 22:19:00,Unplanned,Operator Adjustment,300,O01
DT00002578,WO00003497,P02,P02_L03,M022,C,2026-05-25 22:22:00,2026-05-25 22:37:00,Unplanned,Mechanical Failure,900,M01
DT00002579,WO00003497,P02,P02_L03,M024,C,2026-05-25 22:40:00,2026-05-25 22:55:00,Unplanned,Utility Interruption,900,U01
DT00002593,WO00003517,P02,P02_L01,M016,B,2026-05-26 14:41:00,2026-05-26 15:12:00,Planned,Cleaning/Sanitation,1860,SAN
DT00002594,WO00003518,P02,P02_L01,M013,C,2026-05-26 22:28:00,2026-05-26 22:52:00,Planned,Preventive Maintenance,1440,P/M
DT00002595,WO00003519,P02,P02_L02,M018,A,2026-05-26 06:30:00,2026-05-26 06:51:00,Unplanned,Electrical Fault,1260,E01
DT00002596,WO00003520,P02,P02_L02,M017,B,2026-05-26 14:18:00,2026-05-26 14:45:00,Planned,Cleaning/Sanitation,1620,SAN
DT00002597,WO00003522,P02,P02_L03,M021,A,2026-05-26 06:25:00,2026-05-26 07:21:00,Planned,Cleaning/Sanitation,3360,SAN
DT00002598,WO00003522,P02,P02_L03,M022,A,2026-05-26 07:26:00,2026-05-26 07:46:00,Unplanned,Utility Interruption,1200,U01
DT00002606,WO00003545,P02,P02_L01,M015,C,2026-05-27 22:30:00,2026-05-27 23:11:00,Planned,Changeover,2460,C/O
DT00002607,WO00003546,P02,P02_L02,M018,A,2026-05-27 06:21:00,2026-05-27 07:00:00,Planned,Preventive Maintenance,2340,P/M
DT00002608,WO00003547,P02,P02_L02,M018,B,2026-05-27 14:33:00,2026-05-27 15:18:00,Unplanned,Utility Interruption,2700,U01
DT00002609,WO00003548,P02,P02_L02,M019,C,2026-05-27 22:21:00,2026-05-27 22:53:00,Planned,Cleaning/Sanitation,1920,SAN
DT00002610,WO00003549,P02,P02_L03,M023,A,2026-05-27 06:46:00,2026-05-27 06:57:00,Unplanned,Material Starvation,660,S01
DT00002611,WO00003550,P02,P02_L03,M024,B,2026-05-27 14:24:00,2026-05-27 14:38:00,Unplanned,Electrical Fault,840,E01
DT00002612,WO00003551,P02,P02_L03,M023,C,2026-05-27 22:37:00,2026-05-27 23:05:00,Planned,Preventive Maintenance,1680,P/M
DT00002627,WO00003570,P02,P02_L01,M014,A,2026-05-28 06:22:00,2026-05-28 06:43:00,Planned,Changeover,1260,C/O
DT00002628,WO00003570,P02,P02_L01,M013,A,2026-05-28 06:48:00,2026-05-28 06:56:00,Unplanned,Sensor/Controls Fault,480,C01
DT00002629,WO00003570,P02,P02_L01,M014,A,2026-05-28 06:59:00,2026-05-28 07:13:00,Unplanned,Operator Adjustment,840,O01
DT00002630,WO00003570,P02,P02_L01,M016,A,2026-05-28 07:16:00,2026-05-28 08:10:00,Unplanned,Material Starvation,3240,S01
DT00002631,WO00003573,P02,P02_L02,M018,A,2026-05-28 06:21:00,2026-05-28 06:53:00,Planned,Cleaning/Sanitation,1920,SAN
DT00002632,WO00003574,P02,P02_L02,M019,B,2026-05-28 14:12:00,2026-05-28 14:22:00,Unplanned,Quality Hold,600,Q01
DT00002633,WO00003575,P02,P02_L02,M019,C,2026-05-28 22:45:00,2026-05-28 23:04:00,Planned,Preventive Maintenance,1140,P/M
DT00002634,WO00003577,P02,P02_L03,M024,B,2026-05-28 14:37:00,2026-05-28 15:07:00,Planned,Changeover,1800,C/O
DT00002650,WO00003599,P02,P02_L01,M014,C,2026-05-29 22:39:00,2026-05-29 22:51:00,Unplanned,Mechanical Failure,720,M01
DT00002651,WO00003599,P02,P02_L01,M014,C,2026-05-29 22:54:00,2026-05-29 22:58:00,Unplanned,Operator Adjustment,240,O01
DT00002652,WO00003600,P02,P02_L02,M020,A,2026-05-29 06:43:00,2026-05-29 07:09:00,Planned,Changeover,1560,C/O
DT00002653,WO00003600,P02,P02_L02,M017,A,2026-05-29 07:14:00,2026-05-29 07:29:00,Unplanned,Mechanical Failure,900,M01
DT00002654,WO00003602,P02,P02_L02,M017,C,2026-05-29 22:41:00,2026-05-29 23:23:00,Planned,Changeover,2520,C/O
DT00002655,WO00003603,P02,P02_L03,M022,A,2026-05-29 06:13:00,2026-05-29 06:18:00,Unplanned,Mechanical Failure,300,M01
DT00002656,WO00003603,P02,P02_L03,M022,A,2026-05-29 06:21:00,2026-05-29 06:31:00,Unplanned,Quality Hold,600,Q01
DT00002669,WO00003622,P02,P02_L01,M015,B,2026-05-30 14:46:00,2026-05-30 15:21:00,Planned,Cleaning/Sanitation,2100,SAN
DT00002670,WO00003622,P02,P02_L01,M013,B,2026-05-30 15:26:00,2026-05-30 15:55:00,Unplanned,Material Starvation,1740,S01
DT00002671,WO00003623,P02,P02_L01,M013,C,2026-05-30 22:26:00,2026-05-30 22:59:00,Planned,Preventive Maintenance,1980,P/M
DT00002672,WO00003624,P02,P02_L02,M017,B,2026-05-30 14:16:00,2026-05-30 14:30:00,Unplanned,Mechanical Failure,840,M01
DT00002673,WO00003625,P02,P02_L02,M019,C,2026-05-30 22:35:00,2026-05-30 23:02:00,Planned,Preventive Maintenance,1620,P/M
DT00002674,WO00003626,P02,P02_L03,M024,A,2026-05-30 06:24:00,2026-05-30 06:53:00,Planned,Changeover,1740,C/O
DT00002675,WO00003626,P02,P02_L03,M021,A,2026-05-30 06:58:00,2026-05-30 07:18:00,Unplanned,Material Starvation,1200,S01
DT00002676,WO00003627,P02,P02_L03,M024,C,2026-05-30 22:13:00,2026-05-30 22:43:00,Planned,Preventive Maintenance,1800,P/M
DT00002687,WO00003638,P02,P02_L01,M015,B,2026-05-31 14:45:00,2026-05-31 15:56:00,Planned,Changeover,4260,C/O
DT00002688,WO00003642,P02,P02_L03,M022,B,2026-05-31 14:35:00,2026-05-31 15:25:00,Planned,Preventive Maintenance,3000,P/M
DT00002689,WO00003643,P02,P02_L03,M023,C,2026-05-31 22:49:00,2026-05-31 23:35:00,Planned,Changeover,2760,C/O
DT00002690,WO00003643,P02,P02_L03,M023,C,2026-05-31 23:40:00,2026-06-01 00:02:00,Unplanned,Quality Hold,1320,Q01
DT00002697,WO00003657,P02,P02_L01,M014,A,2026-06-01 06:20:00,2026-06-01 06:35:00,Planned,Changeover,900,C/O
DT00002698,WO00003658,P02,P02_L01,M013,B,2026-06-01 14:41:00,2026-06-01 15:05:00,Unplanned,Mechanical Failure,1440,M01
DT00002699,WO00003659,P02,P02_L01,M014,C,2026-06-01 22:20:00,2026-06-01 22:59:00,Planned,Preventive Maintenance,2340,P/M
DT00002700,WO00003660,P02,P02_L02,M020,A,2026-06-01 06:18:00,2026-06-01 07:18:00,Planned,Cleaning/Sanitation,3600,SAN
DT00002701,WO00003661,P02,P02_L02,M020,B,2026-06-01 14:36:00,2026-06-01 14:56:00,Planned,Cleaning/Sanitation,1200,SAN
DT00002702,WO00003664,P02,P02_L03,M022,B,2026-06-01 14:16:00,2026-06-01 14:35:00,Planned,Cleaning/Sanitation,1140,SAN
DT00002703,WO00003664,P02,P02_L03,M023,B,2026-06-01 14:40:00,2026-06-01 15:39:00,Unplanned,Mechanical Failure,3540,M01
DT00002704,WO00003665,P02,P02_L03,M024,C,2026-06-01 22:15:00,2026-06-01 22:32:00,Planned,Preventive Maintenance,1020,P/M
DT00002705,WO00003665,P02,P02_L03,M024,C,2026-06-01 22:37:00,2026-06-01 22:51:00,Unplanned,Material Starvation,840,S01
DT00002722,WO00003684,P02,P02_L01,M013,A,2026-06-02 06:35:00,2026-06-02 07:31:00,Planned,Preventive Maintenance,3360,P/M
DT00002723,WO00003684,P02,P02_L01,M014,A,2026-06-02 07:36:00,2026-06-02 08:01:00,Unplanned,Electrical Fault,1500,E01
DT00002724,WO00003685,P02,P02_L01,M014,B,2026-06-02 14:22:00,2026-06-02 15:38:00,Planned,Cleaning/Sanitation,4560,SAN
DT00002725,WO00003687,P02,P02_L02,M020,A,2026-06-02 06:32:00,2026-06-02 07:05:00,Planned,Preventive Maintenance,1980,P/M
DT00002726,WO00003688,P02,P02_L02,M017,B,2026-06-02 14:39:00,2026-06-02 15:16:00,Planned,Cleaning/Sanitation,2220,SAN
DT00002727,WO00003689,P02,P02_L02,M020,C,2026-06-02 22:37:00,2026-06-02 22:51:00,Unplanned,Mechanical Failure,840,M01
DT00002728,WO00003690,P02,P02_L03,M022,A,2026-06-02 06:37:00,2026-06-02 06:56:00,Planned,Cleaning/Sanitation,1140,SAN
DT00002729,WO00003690,P02,P02_L03,M024,A,2026-06-02 07:01:00,2026-06-02 07:11:00,Unplanned,Electrical Fault,600,E01
DT00002730,WO00003691,P02,P02_L03,M022,B,2026-06-02 14:34:00,2026-06-02 15:07:00,Planned,Cleaning/Sanitation,1980,SAN
DT00002731,WO00003692,P02,P02_L03,M022,C,2026-06-02 22:42:00,2026-06-02 23:01:00,Unplanned,Mechanical Failure,1140,M01
DT00002746,WO00003714,P02,P02_L02,M018,A,2026-06-03 06:32:00,2026-06-03 07:10:00,Planned,Cleaning/Sanitation,2280,SAN
DT00002747,WO00003715,P02,P02_L02,M018,B,2026-06-03 14:21:00,2026-06-03 15:22:00,Planned,Preventive Maintenance,3660,P/M
DT00002748,WO00003715,P02,P02_L02,M018,B,2026-06-03 15:27:00,2026-06-03 15:43:00,Unplanned,Mechanical Failure,960,M01
DT00002749,WO00003717,P02,P02_L03,M021,A,2026-06-03 06:45:00,2026-06-03 07:23:00,Planned,Cleaning/Sanitation,2280,SAN
DT00002750,WO00003718,P02,P02_L03,M024,B,2026-06-03 14:17:00,2026-06-03 14:50:00,Planned,Cleaning/Sanitation,1980,SAN
DT00002751,WO00003719,P02,P02_L03,M024,C,2026-06-03 22:18:00,2026-06-03 22:39:00,Planned,Planned Inspection,1260,PI
DT00002763,WO00003738,P02,P02_L01,M013,A,2026-06-04 06:18:00,2026-06-04 06:51:00,Planned,Changeover,1980,C/O
DT00002764,WO00003740,P02,P02_L01,M013,C,2026-06-04 22:28:00,2026-06-04 23:06:00,Planned,Preventive Maintenance,2280,P/M
DT00002765,WO00003741,P02,P02_L02,M019,A,2026-06-04 06:18:00,2026-06-04 06:30:00,Planned,Changeover,720,C/O
DT00002766,WO00003743,P02,P02_L02,M020,C,2026-06-04 22:46:00,2026-06-04 23:15:00,Planned,Changeover,1740,C/O
DT00002767,WO00003744,P02,P02_L03,M023,A,2026-06-04 06:10:00,2026-06-04 06:39:00,Planned,Preventive Maintenance,1740,P/M
DT00002768,WO00003745,P02,P02_L03,M023,B,2026-06-04 14:25:00,2026-06-04 14:52:00,Planned,Planned Inspection,1620,PI
DT00002769,WO00003746,P02,P02_L03,M022,C,2026-06-04 22:12:00,2026-06-04 22:45:00,Planned,Changeover,1980,C/O
DT00002778,WO00003765,P02,P02_L01,M016,A,2026-06-05 06:46:00,2026-06-05 07:03:00,Planned,Changeover,1020,C/O
DT00002779,WO00003766,P02,P02_L01,M013,B,2026-06-05 14:26:00,2026-06-05 15:01:00,Planned,Cleaning/Sanitation,2100,SAN
DT00002780,WO00003767,P02,P02_L01,M014,C,2026-06-05 22:42:00,2026-06-05 23:15:00,Planned,Changeover,1980,C/O
DT00002781,WO00003769,P02,P02_L02,M019,B,2026-06-05 14:15:00,2026-06-05 14:25:00,Unplanned,Quality Hold,600,Q01
DT00002782,WO00003769,P02,P02_L02,M018,B,2026-06-05 14:28:00,2026-06-05 14:50:00,Unplanned,Sensor/Controls Fault,1320,C01
DT00002783,WO00003770,P02,P02_L02,M017,C,2026-06-05 22:26:00,2026-06-05 22:51:00,Planned,Cleaning/Sanitation,1500,SAN
DT00002784,WO00003770,P02,P02_L02,M019,C,2026-06-05 22:56:00,2026-06-05 23:20:00,Unplanned,Utility Interruption,1440,U01
DT00002785,WO00003771,P02,P02_L03,M021,A,2026-06-05 06:41:00,2026-06-05 07:28:00,Unplanned,Mechanical Failure,2820,M01
DT00002786,WO00003773,P02,P02_L03,M023,C,2026-06-05 22:45:00,2026-06-05 23:21:00,Unplanned,Quality Hold,2160,Q01
DT00002787,WO00003773,P02,P02_L03,M022,C,2026-06-05 23:24:00,2026-06-05 23:46:00,Unplanned,Electrical Fault,1320,E01
DT00002798,WO00003788,P02,P02_L01,M013,A,2026-06-06 06:36:00,2026-06-06 06:55:00,Unplanned,Utility Interruption,1140,U01
DT00002799,WO00003790,P02,P02_L01,M015,C,2026-06-06 22:26:00,2026-06-06 23:25:00,Planned,Cleaning/Sanitation,3540,SAN
DT00002800,WO00003790,P02,P02_L01,M016,C,2026-06-06 23:30:00,2026-06-07 01:12:00,Unplanned,Material Starvation,6120,S01
DT00002801,WO00003791,P02,P02_L02,M018,A,2026-06-06 06:16:00,2026-06-06 06:34:00,Planned,Changeover,1080,C/O
DT00002802,WO00003792,P02,P02_L02,M020,B,2026-06-06 14:45:00,2026-06-06 15:21:00,Planned,Changeover,2160,C/O
DT00002803,WO00003792,P02,P02_L02,M017,B,2026-06-06 15:26:00,2026-06-06 16:06:00,Unplanned,Utility Interruption,2400,U01
DT00002804,WO00003792,P02,P02_L02,M020,B,2026-06-06 16:09:00,2026-06-06 16:33:00,Unplanned,Quality Hold,1440,Q01
DT00002805,WO00003794,P02,P02_L03,M021,C,2026-06-06 22:34:00,2026-06-06 22:55:00,Planned,Cleaning/Sanitation,1260,SAN
DT00002816,WO00003808,P02,P02_L01,M016,A,2026-06-07 06:12:00,2026-06-07 06:34:00,Unplanned,Sensor/Controls Fault,1320,C01
DT00002817,WO00003809,P02,P02_L01,M016,B,2026-06-07 14:24:00,2026-06-07 14:58:00,Planned,Preventive Maintenance,2040,P/M
DT00002818,WO00003813,P02,P02_L02,M017,C,2026-06-07 22:25:00,2026-06-07 22:59:00,Planned,Preventive Maintenance,2040,P/M
DT00002819,WO00003813,P02,P02_L02,M017,C,2026-06-07 23:04:00,2026-06-08 00:02:00,Unplanned,Mechanical Failure,3480,M01
DT00002830,WO00003829,P02,P02_L01,M014,A,2026-06-08 06:36:00,2026-06-08 08:05:00,Unplanned,Mechanical Failure,5340,M01
DT00002831,WO00003829,P02,P02_L01,M013,A,2026-06-08 08:08:00,2026-06-08 08:26:00,Unplanned,Mechanical Failure,1080,M01
DT00002832,WO00003830,P02,P02_L01,M014,B,2026-06-08 14:26:00,2026-06-08 15:01:00,Planned,Planned Inspection,2100,PI
DT00002833,WO00003830,P02,P02_L01,M016,B,2026-06-08 15:06:00,2026-06-08 16:17:00,Unplanned,Utility Interruption,4260,U01
DT00002834,WO00003831,P02,P02_L01,M016,C,2026-06-08 22:45:00,2026-06-08 23:15:00,Planned,Preventive Maintenance,1800,P/M
DT00002835,WO00003833,P02,P02_L02,M019,B,2026-06-08 14:38:00,2026-06-08 15:14:00,Unplanned,Material Starvation,2160,S01
DT00002836,WO00003834,P02,P02_L02,M019,C,2026-06-08 22:20:00,2026-06-08 22:52:00,Planned,Changeover,1920,C/O
DT00002837,WO00003836,P02,P02_L03,M022,B,2026-06-08 14:33:00,2026-06-08 14:59:00,Planned,Changeover,1560,C/O
DT00002838,WO00003836,P02,P02_L03,M022,B,2026-06-08 15:04:00,2026-06-08 15:09:00,Unplanned,Mechanical Failure,300,M01
DT00002839,WO00003837,P02,P02_L03,M022,C,2026-06-08 22:35:00,2026-06-08 22:54:00,Unplanned,Quality Hold,1140,Q01
DT00002853,WO00003856,P02,P02_L01,M013,A,2026-06-09 06:31:00,2026-06-09 07:12:00,Planned,Preventive Maintenance,2460,P/M
DT00002854,WO00003856,P02,P02_L01,M013,A,2026-06-09 07:17:00,2026-06-09 07:32:00,Unplanned,Operator Adjustment,900,O01
DT00002855,WO00003858,P02,P02_L01,M014,C,2026-06-09 22:15:00,2026-06-09 22:50:00,Planned,Cleaning/Sanitation,2100,SAN
DT00002856,WO00003858,P02,P02_L01,M014,C,2026-06-09 22:55:00,2026-06-09 23:45:00,Unplanned,Operator Adjustment,3000,O01
DT00002857,WO00003859,P02,P02_L02,M017,A,2026-06-09 06:45:00,2026-06-09 07:21:00,Planned,Changeover,2160,C/O
DT00002858,WO00003859,P02,P02_L02,M020,A,2026-06-09 07:26:00,2026-06-09 08:06:00,Unplanned,Electrical Fault,2400,E01
DT00002859,WO00003860,P02,P02_L02,M017,B,2026-06-09 14:15:00,2026-06-09 14:52:00,Planned,Changeover,2220,C/O
DT00002860,WO00003861,P02,P02_L02,M020,C,2026-06-09 22:18:00,2026-06-09 22:35:00,Planned,Preventive Maintenance,1020,P/M
DT00002861,WO00003864,P02,P02_L03,M022,C,2026-06-09 22:29:00,2026-06-09 22:45:00,Unplanned,Quality Hold,960,Q01
DT00002862,WO00003864,P02,P02_L03,M023,C,2026-06-09 22:48:00,2026-06-09 23:22:00,Unplanned,Mechanical Failure,2040,M01
DT00002875,WO00003883,P02,P02_L01,M016,A,2026-06-10 06:20:00,2026-06-10 06:37:00,Unplanned,Material Starvation,1020,S01
DT00002876,WO00003886,P02,P02_L02,M018,A,2026-06-10 06:32:00,2026-06-10 06:52:00,Unplanned,Electrical Fault,1200,E01
DT00002877,WO00003887,P02,P02_L02,M018,B,2026-06-10 14:31:00,2026-06-10 15:03:00,Planned,Preventive Maintenance,1920,P/M
DT00002878,WO00003887,P02,P02_L02,M018,B,2026-06-10 15:08:00,2026-06-10 15:29:00,Unplanned,Operator Adjustment,1260,O01
DT00002879,WO00003890,P02,P02_L03,M024,B,2026-06-10 14:44:00,2026-06-10 15:22:00,Planned,Planned Inspection,2280,PI
DT00002896,WO00003911,P02,P02_L01,M013,B,2026-06-11 14:22:00,2026-06-11 14:47:00,Planned,Changeover,1500,C/O
DT00002897,WO00003912,P02,P02_L01,M013,C,2026-06-11 22:42:00,2026-06-11 23:00:00,Planned,Changeover,1080,C/O
DT00002898,WO00003915,P02,P02_L02,M019,C,2026-06-11 22:20:00,2026-06-11 22:31:00,Unplanned,Electrical Fault,660,E01
DT00002899,WO00003916,P02,P02_L03,M022,A,2026-06-11 06:24:00,2026-06-11 07:12:00,Planned,Preventive Maintenance,2880,P/M
DT00002900,WO00003917,P02,P02_L03,M024,B,2026-06-11 14:38:00,2026-06-11 14:57:00,Planned,Changeover,1140,C/O
DT00002901,WO00003917,P02,P02_L03,M021,B,2026-06-11 15:02:00,2026-06-11 15:20:00,Unplanned,Mechanical Failure,1080,M01
DT00002902,WO00003918,P02,P02_L03,M021,C,2026-06-11 22:23:00,2026-06-11 22:44:00,Planned,Changeover,1260,C/O
DT00002912,WO00003938,P02,P02_L01,M015,B,2026-06-12 14:38:00,2026-06-12 15:31:00,Planned,Preventive Maintenance,3180,P/M
DT00002913,WO00003939,P02,P02_L01,M014,C,2026-06-12 22:12:00,2026-06-12 22:28:00,Planned,Changeover,960,C/O
DT00002914,WO00003940,P02,P02_L02,M020,A,2026-06-12 06:18:00,2026-06-12 06:41:00,Planned,Changeover,1380,C/O
DT00002915,WO00003942,P02,P02_L02,M020,C,2026-06-12 22:38:00,2026-06-12 22:58:00,Planned,Changeover,1200,C/O
DT00002916,WO00003943,P02,P02_L03,M022,A,2026-06-12 06:21:00,2026-06-12 06:50:00,Planned,Changeover,1740,C/O
DT00002917,WO00003944,P02,P02_L03,M023,B,2026-06-12 14:21:00,2026-06-12 14:46:00,Planned,Preventive Maintenance,1500,P/M
DT00002918,WO00003945,P02,P02_L03,M024,C,2026-06-12 22:11:00,2026-06-12 22:43:00,Planned,Preventive Maintenance,1920,P/M
DT00002937,WO00003983,P02,P02_L02,M017,B,2026-06-14 14:10:00,2026-06-14 14:52:00,Unplanned,Mechanical Failure,2520,M01
DT00002952,WO00003999,P02,P02_L01,M014,A,2026-06-15 06:29:00,2026-06-15 07:06:00,Planned,Changeover,2220,C/O
DT00002953,WO00004001,P02,P02_L01,M016,C,2026-06-15 22:13:00,2026-06-15 22:35:00,Planned,Cleaning/Sanitation,1320,SAN
DT00002954,WO00004001,P02,P02_L01,M014,C,2026-06-15 22:40:00,2026-06-15 22:52:00,Unplanned,Material Starvation,720,S01
DT00002955,WO00004003,P02,P02_L02,M019,B,2026-06-15 14:30:00,2026-06-15 15:15:00,Planned,Changeover,2700,C/O
DT00002956,WO00004004,P02,P02_L02,M019,C,2026-06-15 22:41:00,2026-06-15 23:19:00,Planned,Changeover,2280,C/O
DT00002957,WO00004005,P02,P02_L03,M023,A,2026-06-15 06:18:00,2026-06-15 06:56:00,Planned,Preventive Maintenance,2280,P/M
DT00002958,WO00004006,P02,P02_L03,M024,B,2026-06-15 14:39:00,2026-06-15 15:58:00,Planned,Preventive Maintenance,4740,P/M
DT00002959,WO00004007,P02,P02_L03,M023,C,2026-06-15 22:47:00,2026-06-15 23:07:00,Unplanned,Electrical Fault,1200,E01
DT00002974,WO00004026,P02,P02_L01,M015,A,2026-06-16 06:17:00,2026-06-16 06:35:00,Planned,Changeover,1080,C/O
DT00002975,WO00004030,P02,P02_L02,M019,B,2026-06-16 14:18:00,2026-06-16 14:45:00,Planned,Changeover,1620,C/O
DT00002976,WO00004032,P02,P02_L03,M024,A,2026-06-16 06:47:00,2026-06-16 07:05:00,Planned,Preventive Maintenance,1080,P/M
DT00002977,WO00004033,P02,P02_L03,M021,B,2026-06-16 14:35:00,2026-06-16 15:26:00,Planned,Preventive Maintenance,3060,P/M
DT00002999,WO00004053,P02,P02_L01,M016,A,2026-06-17 06:12:00,2026-06-17 06:43:00,Planned,Preventive Maintenance,1860,P/M
DT00003000,WO00004055,P02,P02_L01,M016,C,2026-06-17 22:39:00,2026-06-17 23:49:00,Planned,Cleaning/Sanitation,4200,SAN
DT00003001,WO00004056,P02,P02_L02,M017,A,2026-06-17 06:43:00,2026-06-17 07:16:00,Planned,Changeover,1980,C/O
DT00003002,WO00004060,P02,P02_L03,M023,B,2026-06-17 14:11:00,2026-06-17 14:50:00,Planned,Preventive Maintenance,2340,P/M
DT00003003,WO00004061,P02,P02_L03,M023,C,2026-06-17 22:24:00,2026-06-17 22:57:00,Planned,Preventive Maintenance,1980,P/M
DT00003017,WO00004082,P02,P02_L01,M013,C,2026-06-18 22:13:00,2026-06-18 22:41:00,Planned,Changeover,1680,C/O
DT00003018,WO00004082,P02,P02_L01,M015,C,2026-06-18 22:46:00,2026-06-18 23:11:00,Unplanned,Material Starvation,1500,S01
DT00003019,WO00004082,P02,P02_L01,M013,C,2026-06-18 23:14:00,2026-06-18 23:53:00,Unplanned,Mechanical Failure,2340,M01
DT00003020,WO00004083,P02,P02_L02,M017,A,2026-06-18 06:27:00,2026-06-18 06:46:00,Unplanned,Sensor/Controls Fault,1140,C01
DT00003021,WO00004087,P02,P02_L03,M022,B,2026-06-18 14:44:00,2026-06-18 15:25:00,Planned,Changeover,2460,C/O
DT00003040,WO00004109,P02,P02_L01,M013,C,2026-06-19 22:20:00,2026-06-19 22:57:00,Unplanned,Mechanical Failure,2220,M01
DT00003041,WO00004110,P02,P02_L02,M017,A,2026-06-19 06:48:00,2026-06-19 07:19:00,Planned,Cleaning/Sanitation,1860,SAN
DT00003042,WO00004111,P02,P02_L02,M017,B,2026-06-19 14:46:00,2026-06-19 14:55:00,Unplanned,Electrical Fault,540,E01
DT00003043,WO00004112,P02,P02_L02,M017,C,2026-06-19 22:13:00,2026-06-19 22:34:00,Planned,Changeover,1260,C/O
DT00003044,WO00004113,P02,P02_L03,M024,A,2026-06-19 06:11:00,2026-06-19 06:40:00,Planned,Changeover,1740,C/O
DT00003045,WO00004115,P02,P02_L03,M021,C,2026-06-19 22:33:00,2026-06-19 22:42:00,Unplanned,Mechanical Failure,540,M01
DT00003054,WO00004132,P02,P02_L02,M020,A,2026-06-20 06:42:00,2026-06-20 07:04:00,Planned,Changeover,1320,C/O
DT00003055,WO00004134,P02,P02_L02,M019,C,2026-06-20 22:41:00,2026-06-20 23:32:00,Planned,Changeover,3060,C/O
DT00003067,WO00004150,P02,P02_L01,M014,A,2026-06-21 06:32:00,2026-06-21 06:47:00,Planned,Cleaning/Sanitation,900,SAN
DT00003068,WO00004151,P02,P02_L01,M014,B,2026-06-21 14:25:00,2026-06-21 14:44:00,Planned,Changeover,1140,C/O
DT00003069,WO00004154,P02,P02_L02,M019,B,2026-06-21 14:17:00,2026-06-21 15:04:00,Planned,Changeover,2820,C/O
DT00003078,WO00004171,P02,P02_L01,M013,A,2026-06-22 06:13:00,2026-06-22 06:43:00,Planned,Changeover,1800,C/O
DT00003079,WO00004172,P02,P02_L01,M015,B,2026-06-22 14:20:00,2026-06-22 14:50:00,Planned,Preventive Maintenance,1800,P/M
DT00003080,WO00004174,P02,P02_L02,M018,A,2026-06-22 06:40:00,2026-06-22 07:13:00,Planned,Preventive Maintenance,1980,P/M
DT00003081,WO00004174,P02,P02_L02,M018,A,2026-06-22 07:18:00,2026-06-22 07:27:00,Unplanned,Utility Interruption,540,U01
DT00003082,WO00004175,P02,P02_L02,M018,B,2026-06-22 14:11:00,2026-06-22 14:53:00,Planned,Preventive Maintenance,2520,P/M
DT00003095,WO00004198,P02,P02_L01,M015,A,2026-06-23 06:48:00,2026-06-23 07:18:00,Planned,Changeover,1800,C/O
DT00003096,WO00004199,P02,P02_L01,M014,B,2026-06-23 14:24:00,2026-06-23 15:11:00,Unplanned,Electrical Fault,2820,E01
DT00003097,WO00004199,P02,P02_L01,M013,B,2026-06-23 15:14:00,2026-06-23 15:42:00,Unplanned,Operator Adjustment,1680,O01
DT00003098,WO00004200,P02,P02_L01,M014,C,2026-06-23 22:25:00,2026-06-23 22:44:00,Planned,Changeover,1140,C/O
DT00003099,WO00004201,P02,P02_L02,M017,A,2026-06-23 06:18:00,2026-06-23 06:47:00,Planned,Cleaning/Sanitation,1740,SAN
DT00003100,WO00004203,P02,P02_L02,M019,C,2026-06-23 22:20:00,2026-06-23 22:44:00,Planned,Planned Inspection,1440,PI
DT00003112,WO00004225,P02,P02_L01,M015,A,2026-06-24 06:25:00,2026-06-24 06:50:00,Unplanned,Mechanical Failure,1500,M01
DT00003113,WO00004225,P02,P02_L01,M016,A,2026-06-24 06:53:00,2026-06-24 07:12:00,Unplanned,Quality Hold,1140,Q01
DT00003114,WO00004226,P02,P02_L01,M013,B,2026-06-24 14:14:00,2026-06-24 15:41:00,Planned,Planned Inspection,5220,PI
DT00003115,WO00004228,P02,P02_L02,M020,A,2026-06-24 06:46:00,2026-06-24 07:19:00,Planned,Planned Inspection,1980,PI
DT00003116,WO00004228,P02,P02_L02,M018,A,2026-06-24 07:24:00,2026-06-24 07:29:00,Unplanned,Operator Adjustment,300,O01
DT00003117,WO00004229,P02,P02_L02,M020,B,2026-06-24 14:25:00,2026-06-24 14:57:00,Planned,Planned Inspection,1920,PI
DT00003118,WO00004230,P02,P02_L02,M019,C,2026-06-24 22:37:00,2026-06-24 22:58:00,Planned,Preventive Maintenance,1260,P/M
DT00003119,WO00004231,P02,P02_L03,M021,A,2026-06-24 06:13:00,2026-06-24 06:28:00,Planned,Changeover,900,C/O
DT00003120,WO00004231,P02,P02_L03,M022,A,2026-06-24 06:33:00,2026-06-24 07:05:00,Unplanned,Sensor/Controls Fault,1920,C01
DT00003121,WO00004232,P02,P02_L03,M023,B,2026-06-24 14:47:00,2026-06-24 15:11:00,Planned,Preventive Maintenance,1440,P/M
DT00003137,WO00004252,P02,P02_L01,M014,A,2026-06-25 06:47:00,2026-06-25 07:20:00,Planned,Preventive Maintenance,1980,P/M
DT00003138,WO00004252,P02,P02_L01,M015,A,2026-06-25 07:25:00,2026-06-25 08:28:00,Unplanned,Operator Adjustment,3780,O01
DT00003139,WO00004252,P02,P02_L01,M013,A,2026-06-25 08:31:00,2026-06-25 08:53:00,Unplanned,Mechanical Failure,1320,M01
DT00003140,WO00004253,P02,P02_L01,M015,B,2026-06-25 14:10:00,2026-06-25 14:24:00,Planned,Preventive Maintenance,840,P/M
DT00003141,WO00004253,P02,P02_L01,M016,B,2026-06-25 14:29:00,2026-06-25 14:43:00,Unplanned,Utility Interruption,840,U01
DT00003142,WO00004255,P02,P02_L02,M019,A,2026-06-25 06:11:00,2026-06-25 06:36:00,Planned,Changeover,1500,C/O
DT00003143,WO00004256,P02,P02_L02,M018,B,2026-06-25 14:46:00,2026-06-25 15:42:00,Planned,Planned Inspection,3360,PI
DT00003144,WO00004257,P02,P02_L02,M018,C,2026-06-25 22:41:00,2026-06-25 22:48:00,Unplanned,Mechanical Failure,420,M01
DT00003156,WO00004279,P02,P02_L01,M016,A,2026-06-26 06:16:00,2026-06-26 06:45:00,Planned,Cleaning/Sanitation,1740,SAN
DT00003157,WO00004281,P02,P02_L01,M016,C,2026-06-26 22:17:00,2026-06-26 22:24:00,Unplanned,Material Starvation,420,S01
DT00003158,WO00004286,P02,P02_L03,M021,B,2026-06-26 14:13:00,2026-06-26 14:54:00,Planned,Planned Inspection,2460,PI
DT00003159,WO00004287,P02,P02_L03,M024,C,2026-06-26 22:13:00,2026-06-26 22:39:00,Planned,Preventive Maintenance,1560,P/M
DT00003171,WO00004302,P02,P02_L01,M016,A,2026-06-27 06:19:00,2026-06-27 07:00:00,Unplanned,Material Starvation,2460,S01
DT00003172,WO00004303,P02,P02_L02,M019,A,2026-06-27 06:37:00,2026-06-27 07:14:00,Planned,Preventive Maintenance,2220,P/M
DT00003173,WO00004305,P02,P02_L02,M019,C,2026-06-27 22:17:00,2026-06-27 22:30:00,Unplanned,Operator Adjustment,780,O01
DT00003179,WO00004321,P02,P02_L02,M018,B,2026-06-28 14:42:00,2026-06-28 15:30:00,Planned,Changeover,2880,C/O
DT00003180,WO00004322,P02,P02_L02,M017,C,2026-06-28 22:41:00,2026-06-28 22:45:00,Unplanned,Operator Adjustment,240,O01
DT00003181,WO00004323,P02,P02_L03,M024,A,2026-06-28 06:45:00,2026-06-28 07:02:00,Unplanned,Operator Adjustment,1020,O01
DT00003194,WO00004339,P02,P02_L01,M013,A,2026-06-29 06:15:00,2026-06-29 06:29:00,Unplanned,Mechanical Failure,840,M01
DT00003195,WO00004341,P02,P02_L01,M016,C,2026-06-29 22:24:00,2026-06-29 23:10:00,Planned,Cleaning/Sanitation,2760,SAN
DT00003196,WO00004343,P02,P02_L02,M017,B,2026-06-29 14:43:00,2026-06-29 17:18:00,Unplanned,Sensor/Controls Fault,9300,C01
DT00003197,WO00004344,P02,P02_L02,M019,C,2026-06-29 22:19:00,2026-06-29 22:59:00,Planned,Preventive Maintenance,2400,P/M
DT00003198,WO00004345,P02,P02_L03,M023,A,2026-06-29 06:46:00,2026-06-29 07:15:00,Planned,Changeover,1740,C/O
DT00003199,WO00004347,P02,P02_L03,M022,C,2026-06-29 22:37:00,2026-06-29 23:06:00,Planned,Changeover,1740,C/O
