production_id,work_order_id,production_day,shift_no,plant_id,line_id,product_id,scheduled_minutes,planned_downtime_minutes,unplanned_downtime_minutes,operating_minutes,ideal_rate_units_per_hour,produced,accepted,scrapped,actual_run_rate_units_per_hour
PR00000019,WO00000019,01/01/2026,1,P03,P03_L01,SKU001,480,0,0,480,49.793,353,346,7,44.125
PR00000020,WO00000020,01/01/2026,2,P03,P03_L01,SKU001,480,12,0,468,49.793,349,341,8,44.744
PR00000021,WO00000021,01/01/2026,3,P03,P03_L01,SKU004,480,0,33,447,56.693,368,352,16,49.396
PR00000022,WO00000022,01/01/2026,1,P03,P03_L02,SKU006,480,29,4,447,54.878,391,382,9,52.483
PR00000023,WO00000023,01/01/2026,2,P03,P03_L02,SKU001,480,56,20,404,49.793,282,276,6,41.881
PR00000024,WO00000024,01/01/2026,3,P03,P03_L02,SKU006,480,0,11,469,54.878,383,372,11,48.998
PR00000025,WO00000025,01/01/2026,1,P03,P03_L03,SKU004,480,52,0,428,56.693,361,348,13,50.607
PR00000026,WO00000026,01/01/2026,2,P03,P03_L03,SKU003,480,0,0,480,58.1,416,408,8,52.0
PR00000027,WO00000027,01/01/2026,3,P03,P03_L03,SKU003,480,0,30,450,58.1,365,356,9,48.667
PR00000046,WO00000046,01/02/2026,1,P03,P03_L01,SKU004,480,0,0,480,56.693,417,401,16,52.125
PR00000047,WO00000047,01/02/2026,2,P03,P03_L01,SKU001,480,33,0,447,49.793,331,322,9,44.43
PR00000048,WO00000048,01/02/2026,3,P03,P03_L01,SKU006,480,0,0,480,54.878,380,370,10,47.5
PR00000049,WO00000049,01/02/2026,1,P03,P03_L02,SKU006,480,0,0,480,54.878,400,390,10,50.0
PR00000050,WO00000050,01/02/2026,2,P03,P03_L02,SKU008,480,80,0,400,56.6,321,316,5,48.15
PR00000051,WO00000051,01/02/2026,3,P03,P03_L02,SKU004,480,21,0,459,56.6,340,328,12,44.444
PR00000052,WO00000052,01/02/2026,1,P03,P03_L03,SKU001,480,18,0,462,49.793,341,333,8,44.286
PR00000053,WO00000053,01/02/2026,2,P03,P03_L03,SKU003,480,53,0,427,58.1,380,372,8,53.396
PR00000054,WO00000054,01/02/2026,3,P03,P03_L03,SKU003,480,38,12,430,58.1,354,347,7,49.395
PR00000064,WO00000064,01/03/2026,3,P03,P03_L01,SKU001,480,25,0,455,49.793,321,313,8,42.33
PR00000065,WO00000065,01/03/2026,2,P03,P03_L02,SKU006,480,0,0,480,54.878,399,387,12,49.875
PR00000066,WO00000066,01/03/2026,3,P03,P03_L02,SKU001,480,0,6,474,49.793,347,337,10,43.924
PR00000067,WO00000067,01/03/2026,2,P03,P03_L03,SKU004,480,12,0,468,56.693,403,391,12,51.667
PR00000068,WO00000068,01/03/2026,3,P03,P03_L03,SKU004,480,0,6,474,56.693,374,359,15,47.342
PR00000081,WO00000081,01/04/2026,1,P03,P03_L01,SKU006,480,44,0,436,54.878,356,348,8,48.991
PR00000082,WO00000082,01/04/2026,2,P03,P03_L01,SKU003,480,0,0,480,57.7,399,393,6,49.875
PR00000083,WO00000083,01/04/2026,3,P03,P03_L01,SKU001,480,30,0,450,49.793,329,319,10,43.867
PR00000084,WO00000084,01/04/2026,1,P03,P03_L02,SKU008,480,36,0,444,56.6,326,324,2,44.054
PR00000085,WO00000085,01/04/2026,3,P03,P03_L02,SKU008,480,0,0,480,56.6,348,342,6,43.5
PR00000104,WO00000104,01/05/2026,1,P03,P03_L01,SKU001,480,37,0,443,49.793,321,316,5,43.476
PR00000105,WO00000105,01/05/2026,2,P03,P03_L01,SKU004,480,0,0,480,56.693,409,395,14,51.125
PR00000106,WO00000106,01/05/2026,3,P03,P03_L01,SKU008,480,21,0,459,57.7,360,353,7,47.059
PR00000107,WO00000107,01/05/2026,1,P03,P03_L02,SKU008,480,16,37,427,56.6,340,331,9,47.775
PR00000108,WO00000108,01/05/2026,2,P03,P03_L02,SKU004,480,23,0,457,56.6,365,353,12,47.921
PR00000109,WO00000109,01/05/2026,3,P03,P03_L02,SKU002,480,27,0,453,56.6,338,324,14,44.768
PR00000110,WO00000110,01/05/2026,1,P03,P03_L03,SKU001,480,30,0,450,49.793,334,327,7,44.533
PR00000111,WO00000111,01/05/2026,2,P03,P03_L03,SKU004,480,28,0,452,56.693,386,373,13,51.239
PR00000112,WO00000112,01/05/2026,3,P03,P03_L03,SKU003,480,0,7,473,58.1,374,366,8,47.442
PR00000131,WO00000131,01/06/2026,1,P03,P03_L01,SKU003,480,36,0,444,57.7,407,401,6,55.0
PR00000132,WO00000132,01/06/2026,2,P03,P03_L01,SKU004,480,0,28,452,56.693,364,352,12,48.319
PR00000133,WO00000133,01/06/2026,3,P03,P03_L01,SKU006,480,0,7,473,54.878,369,356,13,46.808
PR00000134,WO00000134,01/06/2026,1,P03,P03_L02,SKU006,480,0,0,480,54.878,411,402,9,51.375
PR00000135,WO00000135,01/06/2026,2,P03,P03_L02,SKU001,480,52,0,428,49.793,325,318,7,45.561
PR00000136,WO00000136,01/06/2026,3,P03,P03_L02,SKU002,480,0,51,429,56.6,323,310,13,45.175
PR00000137,WO00000137,01/06/2026,1,P03,P03_L03,SKU003,480,18,27,435,58.1,402,391,11,55.448
PR00000138,WO00000138,01/06/2026,2,P03,P03_L03,SKU006,480,26,60,394,54.878,336,325,11,51.168
PR00000139,WO00000139,01/06/2026,3,P03,P03_L03,SKU004,480,26,62,392,56.693,307,296,11,46.99
PR00000158,WO00000158,01/07/2026,1,P03,P03_L01,SKU007,480,0,132,348,57.7,317,313,4,54.655
PR00000159,WO00000159,01/07/2026,2,P03,P03_L01,SKU001,480,49,0,431,49.793,310,304,6,43.155
PR00000160,WO00000160,01/07/2026,3,P03,P03_L01,SKU001,480,0,0,480,49.793,330,323,7,41.25
PR00000161,WO00000161,01/07/2026,1,P03,P03_L02,SKU006,480,16,0,464,54.878,390,380,10,50.431
PR00000162,WO00000162,01/07/2026,2,P03,P03_L02,SKU006,480,26,0,454,54.878,377,368,9,49.824
PR00000163,WO00000163,01/07/2026,3,P03,P03_L02,SKU001,480,0,0,480,49.793,361,351,10,45.125
PR00000164,WO00000164,01/07/2026,1,P03,P03_L03,SKU001,480,0,111,369,49.793,266,260,6,43.252
PR00000165,WO00000165,01/07/2026,2,P03,P03_L03,SKU004,480,0,0,480,56.693,391,379,12,48.875
PR00000166,WO00000166,01/07/2026,3,P03,P03_L03,SKU001,480,23,0,457,49.793,335,326,9,43.982
PR00000185,WO00000185,01/08/2026,1,P03,P03_L01,SKU001,480,0,0,480,49.793,350,343,7,43.75
PR00000186,WO00000186,01/08/2026,2,P03,P03_L01,SKU004,480,39,98,343,56.693,292,282,10,51.079
PR00000187,WO00000187,01/08/2026,3,P03,P03_L01,SKU001,480,0,0,480,49.793,328,319,9,41.0
PR00000188,WO00000188,01/08/2026,1,P03,P03_L02,SKU006,480,50,0,430,54.878,364,355,9,50.791
PR00000189,WO00000189,01/08/2026,2,P03,P03_L02,SKU006,480,0,0,480,54.878,391,381,10,48.875
PR00000190,WO00000190,01/08/2026,3,P03,P03_L02,SKU006,480,18,0,462,54.878,378,365,13,49.091
PR00000191,WO00000191,01/08/2026,1,P03,P03_L03,SKU004,480,0,0,480,56.693,381,368,13,47.625
PR00000192,WO00000192,01/08/2026,2,P03,P03_L03,SKU008,480,29,31,420,58.1,358,354,4,51.143
PR00000193,WO00000193,01/08/2026,3,P03,P03_L03,SKU001,480,0,13,467,49.793,333,325,8,42.784
PR00000212,WO00000212,01/09/2026,1,P03,P03_L01,SKU004,480,0,49,431,56.693,370,357,13,51.508
PR00000213,WO00000213,01/09/2026,2,P03,P03_L01,SKU003,480,20,0,460,57.7,402,396,6,52.435
PR00000214,WO00000214,01/09/2026,3,P03,P03_L01,SKU001,480,0,0,480,49.793,330,320,10,41.25
PR00000215,WO00000215,01/09/2026,1,P03,P03_L02,SKU001,480,0,0,480,49.793,352,343,9,44.0
PR00000216,WO00000216,01/09/2026,2,P03,P03_L02,SKU004,480,20,0,460,56.6,361,348,13,47.087
PR00000217,WO00000217,01/09/2026,3,P03,P03_L02,SKU004,480,0,19,461,56.6,350,337,13,45.553
PR00000218,WO00000218,01/09/2026,1,P03,P03_L03,SKU004,480,20,0,460,56.693,395,383,12,51.522
PR00000219,WO00000219,01/09/2026,2,P03,P03_L03,SKU006,480,33,0,447,54.878,356,347,9,47.785
PR00000220,WO00000220,01/09/2026,3,P03,P03_L03,SKU001,480,32,54,394,49.793,271,264,7,41.269
PR00000229,WO00000229,01/10/2026,2,P03,P03_L01,SKU007,480,20,0,460,57.7,363,360,3,47.348
PR00000230,WO00000230,01/10/2026,3,P03,P03_L01,SKU004,480,22,0,458,56.693,378,364,14,49.52
PR00000231,WO00000231,01/10/2026,1,P03,P03_L02,SKU004,480,17,0,463,56.6,413,396,17,53.521
PR00000232,WO00000232,01/10/2026,2,P03,P03_L02,SKU002,480,0,0,480,56.6,339,327,12,42.375
PR00000233,WO00000233,01/10/2026,3,P03,P03_L02,SKU001,480,35,0,445,49.793,305,299,6,41.124
PR00000234,WO00000234,01/10/2026,1,P03,P03_L03,SKU003,480,0,0,480,58.1,430,421,9,53.75
PR00000235,WO00000235,01/10/2026,2,P03,P03_L03,SKU003,480,26,31,423,58.1,389,380,9,55.177
PR00000249,WO00000249,01/11/2026,1,P03,P03_L01,SKU001,480,0,0,480,49.793,370,362,8,46.25
PR00000250,WO00000250,01/11/2026,2,P03,P03_L01,SKU003,480,0,0,480,57.7,413,408,5,51.625
PR00000251,WO00000251,01/11/2026,3,P03,P03_L02,SKU001,480,21,0,459,49.793,322,316,6,42.092
PR00000252,WO00000252,01/11/2026,1,P03,P03_L03,SKU004,480,0,50,430,56.693,342,330,12,47.721
PR00000271,WO00000271,01/12/2026,1,P03,P03_L01,SKU001,480,0,0,480,49.793,353,347,6,44.125
PR00000272,WO00000272,01/12/2026,2,P03,P03_L01,SKU004,480,37,0,443,56.693,369,356,13,49.977
PR00000273,WO00000273,01/12/2026,3,P03,P03_L01,SKU001,480,0,0,480,49.793,325,319,6,40.625
PR00000274,WO00000274,01/12/2026,1,P03,P03_L02,SKU001,480,0,0,480,49.793,369,360,9,46.125
PR00000275,WO00000275,01/12/2026,2,P03,P03_L02,SKU002,480,52,7,421,56.6,323,311,12,46.033
PR00000276,WO00000276,01/12/2026,3,P03,P03_L02,SKU001,480,23,0,457,49.793,315,307,8,41.357
PR00000277,WO00000277,01/12/2026,1,P03,P03_L03,SKU006,480,38,0,442,54.878,375,365,10,50.905
PR00000278,WO00000278,01/12/2026,2,P03,P03_L03,SKU004,480,16,0,464,56.693,380,368,12,49.138
PR00000279,WO00000279,01/12/2026,3,P03,P03_L03,SKU001,480,0,60,420,49.793,280,273,7,40.0
PR00000298,WO00000298,01/13/2026,1,P03,P03_L01,SKU004,480,68,0,412,56.693,342,332,10,49.806
PR00000299,WO00000299,01/13/2026,2,P03,P03_L01,SKU001,480,35,0,445,49.793,327,318,9,44.09
PR00000300,WO00000300,01/13/2026,3,P03,P03_L01,SKU001,480,0,0,480,49.793,344,335,9,43.0
PR00000301,WO00000301,01/13/2026,1,P03,P03_L02,SKU006,480,67,0,413,54.878,365,356,9,53.027
PR00000302,WO00000302,01/13/2026,2,P03,P03_L02,SKU006,480,28,0,452,54.878,373,363,10,49.513
PR00000303,WO00000303,01/13/2026,3,P03,P03_L02,SKU005,480,0,0,480,50.42,319,310,9,39.875
PR00000304,WO00000304,01/13/2026,1,P03,P03_L03,SKU001,480,0,0,480,49.793,348,338,10,43.5
PR00000305,WO00000305,01/13/2026,2,P03,P03_L03,SKU003,480,26,0,454,58.1,393,383,10,51.938
PR00000306,WO00000306,01/13/2026,3,P03,P03_L03,SKU001,480,22,0,458,49.793,319,311,8,41.79
PR00000325,WO00000325,01/14/2026,1,P03,P03_L01,SKU001,480,89,0,391,49.793,297,290,7,45.575
PR00000326,WO00000326,01/14/2026,2,P03,P03_L01,SKU003,480,19,0,461,57.7,422,416,6,54.924
PR00000327,WO00000327,01/14/2026,3,P03,P03_L01,SKU004,480,0,0,480,56.693,382,366,16,47.75
PR00000328,WO00000328,01/14/2026,1,P03,P03_L02,SKU001,480,0,0,480,49.793,369,363,6,46.125
PR00000329,WO00000329,01/14/2026,2,P03,P03_L02,SKU006,480,69,0,411,54.878,367,355,12,53.577
PR00000330,WO00000330,01/14/2026,3,P03,P03_L02,SKU001,480,0,0,480,49.793,322,313,9,40.25
PR00000331,WO00000331,01/14/2026,1,P03,P03_L03,SKU004,480,0,0,480,56.693,415,401,14,51.875
PR00000332,WO00000332,01/14/2026,2,P03,P03_L03,SKU006,480,23,4,453,54.878,374,364,10,49.536
PR00000333,WO00000333,01/14/2026,3,P03,P03_L03,SKU004,480,0,0,480,56.693,397,383,14,49.625
PR00000352,WO00000352,01/15/2026,1,P03,P03_L01,SKU001,480,22,12,446,49.793,350,341,9,47.085
PR00000353,WO00000353,01/15/2026,2,P03,P03_L01,SKU001,480,20,0,460,49.793,337,332,5,43.957
PR00000354,WO00000354,01/15/2026,3,P03,P03_L01,SKU004,480,33,20,427,56.693,326,314,12,45.808
PR00000355,WO00000355,01/15/2026,1,P03,P03_L02,SKU001,480,0,0,480,49.793,359,350,9,44.875
PR00000356,WO00000356,01/15/2026,2,P03,P03_L02,SKU001,480,0,0,480,49.793,330,322,8,41.25
PR00000357,WO00000357,01/15/2026,3,P03,P03_L02,SKU006,480,0,0,480,54.878,358,346,12,44.75
PR00000358,WO00000358,01/15/2026,1,P03,P03_L03,SKU004,480,36,0,444,56.693,379,366,13,51.216
PR00000359,WO00000359,01/15/2026,2,P03,P03_L03,SKU004,480,0,0,480,56.693,382,367,15,47.75
PR00000360,WO00000360,01/15/2026,3,P03,P03_L03,SKU001,480,27,43,410,49.793,290,283,7,42.439
PR00000379,WO00000379,01/16/2026,1,P03,P03_L01,SKU001,480,0,0,480,49.793,353,346,7,44.125
PR00000380,WO00000380,01/16/2026,2,P03,P03_L01,SKU003,480,0,139,341,57.7,298,292,6,52.434
PR00000381,WO00000381,01/16/2026,3,P03,P03_L01,SKU003,480,0,17,463,57.7,385,377,8,49.892
PR00000382,WO00000382,01/16/2026,1,P03,P03_L02,SKU002,480,0,0,480,56.6,388,375,13,48.5
PR00000383,WO00000383,01/16/2026,2,P03,P03_L02,SKU006,480,0,59,421,54.878,342,331,11,48.741
PR00000384,WO00000384,01/16/2026,3,P03,P03_L02,SKU001,480,0,50,430,49.793,289,281,8,40.326
PR00000385,WO00000385,01/16/2026,1,P03,P03_L03,SKU004,480,0,0,480,56.693,390,377,13,48.75
PR00000386,WO00000386,01/16/2026,2,P03,P03_L03,SKU003,480,0,35,445,58.1,405,398,7,54.607
PR00000387,WO00000387,01/16/2026,3,P03,P03_L03,SKU004,480,26,0,454,56.693,333,320,13,44.009
PR00000400,WO00000400,01/17/2026,1,P03,P03_L01,SKU003,480,0,0,480,57.7,438,429,9,54.75
PR00000401,WO00000401,01/17/2026,3,P03,P03_L01,SKU007,480,0,28,452,57.7,375,372,3,49.779
PR00000402,WO00000402,01/17/2026,1,P03,P03_L02,SKU006,480,49,0,431,54.878,394,381,13,54.849
PR00000403,WO00000403,01/17/2026,2,P03,P03_L02,SKU006,480,0,0,480,54.878,401,386,15,50.125
PR00000404,WO00000404,01/17/2026,1,P03,P03_L03,SKU001,480,0,0,480,49.793,366,356,10,45.75
PR00000405,WO00000405,01/17/2026,2,P03,P03_L03,SKU006,480,69,0,411,54.878,331,320,11,48.321
PR00000418,WO00000418,01/18/2026,1,P03,P03_L01,SKU001,480,24,0,456,49.793,339,332,7,44.605
PR00000419,WO00000419,01/18/2026,2,P03,P03_L01,SKU004,480,0,0,480,56.693,402,390,12,50.25
PR00000420,WO00000420,01/18/2026,3,P03,P03_L01,SKU001,480,69,0,411,49.793,282,275,7,41.168
PR00000421,WO00000421,01/18/2026,1,P03,P03_L02,SKU006,480,53,0,427,54.878,374,364,10,52.553
PR00000422,WO00000422,01/18/2026,3,P03,P03_L02,SKU006,480,0,0,480,54.878,396,385,11,49.5
PR00000423,WO00000423,01/18/2026,2,P03,P03_L03,SKU004,480,77,0,403,56.693,331,322,9,49.28
PR00000442,WO00000442,01/19/2026,1,P03,P03_L01,SKU001,480,0,20,460,49.793,358,350,8,46.696
PR00000443,WO00000443,01/19/2026,2,P03,P03_L01,SKU004,480,0,0,480,56.693,401,388,13,50.125
PR00000444,WO00000444,01/19/2026,3,P03,P03_L01,SKU001,480,0,0,480,49.793,334,324,10,41.75
PR00000445,WO00000445,01/19/2026,1,P03,P03_L02,SKU001,480,0,20,460,49.793,336,327,9,43.826
PR00000446,WO00000446,01/19/2026,2,P03,P03_L02,SKU001,480,24,0,456,49.793,312,305,7,41.053
PR00000447,WO00000447,01/19/2026,3,P03,P03_L02,SKU006,480,0,0,480,54.878,366,357,9,45.75
PR00000448,WO00000448,01/19/2026,1,P03,P03_L03,SKU004,480,43,64,373,56.693,305,295,10,49.062
PR00000449,WO00000449,01/19/2026,2,P03,P03_L03,SKU001,480,0,52,428,49.793,305,300,5,42.757
PR00000450,WO00000450,01/19/2026,3,P03,P03_L03,SKU001,480,0,0,480,49.793,335,327,8,41.875
PR00000469,WO00000469,01/20/2026,1,P03,P03_L01,SKU004,480,31,0,449,56.693,382,369,13,51.047
PR00000470,WO00000470,01/20/2026,2,P03,P03_L01,SKU003,480,0,93,387,57.7,356,348,8,55.194
PR00000471,WO00000471,01/20/2026,3,P03,P03_L01,SKU001,480,21,0,459,49.793,319,313,6,41.699
PR00000472,WO00000472,01/20/2026,1,P03,P03_L02,SKU008,480,0,15,465,56.6,385,380,5,49.677
PR00000473,WO00000473,01/20/2026,2,P03,P03_L02,SKU001,480,0,0,480,49.793,347,340,7,43.375
PR00000474,WO00000474,01/20/2026,3,P03,P03_L02,SKU001,480,0,0,480,49.793,332,323,9,41.5
PR00000475,WO00000475,01/20/2026,1,P03,P03_L03,SKU003,480,17,45,418,58.1,387,379,8,55.55
PR00000476,WO00000476,01/20/2026,2,P03,P03_L03,SKU003,480,0,0,480,58.1,443,436,7,55.375
PR00000477,WO00000477,01/20/2026,3,P03,P03_L03,SKU003,480,17,75,388,58.1,318,312,6,49.175
PR00000496,WO00000496,01/21/2026,1,P03,P03_L01,SKU004,480,32,0,448,56.693,385,370,15,51.562
PR00000497,WO00000497,01/21/2026,2,P03,P03_L01,SKU001,480,0,0,480,49.793,339,331,8,42.375
PR00000498,WO00000498,01/21/2026,3,P03,P03_L01,SKU001,480,17,33,430,49.793,295,286,9,41.163
PR00000499,WO00000499,01/21/2026,1,P03,P03_L02,SKU001,480,0,0,480,49.793,360,351,9,45.0
PR00000500,WO00000500,01/21/2026,2,P03,P03_L02,SKU006,480,27,0,453,54.878,372,363,9,49.272
PR00000501,WO00000501,01/21/2026,3,P03,P03_L02,SKU008,480,0,0,480,56.6,363,357,6,45.375
PR00000502,WO00000502,01/21/2026,1,P03,P03_L03,SKU001,480,0,20,460,49.793,320,312,8,41.739
PR00000503,WO00000503,01/21/2026,2,P03,P03_L03,SKU004,480,41,53,386,56.693,312,301,11,48.497
PR00000504,WO00000504,01/21/2026,3,P03,P03_L03,SKU004,480,29,0,451,56.693,354,339,15,47.095
PR00000523,WO00000523,01/22/2026,1,P03,P03_L01,SKU001,480,0,43,437,49.793,335,328,7,45.995
PR00000524,WO00000524,01/22/2026,2,P03,P03_L01,SKU004,480,32,0,448,56.693,353,342,11,47.277
PR00000525,WO00000525,01/22/2026,3,P03,P03_L01,SKU001,480,41,8,431,49.793,297,290,7,41.346
PR00000526,WO00000526,01/22/2026,1,P03,P03_L02,SKU001,480,36,0,444,49.793,317,312,5,42.838
PR00000527,WO00000527,01/22/2026,2,P03,P03_L02,SKU001,480,0,0,480,49.793,346,337,9,43.25
PR00000528,WO00000528,01/22/2026,3,P03,P03_L02,SKU004,480,16,0,464,56.6,362,347,15,46.81
PR00000529,WO00000529,01/22/2026,1,P03,P03_L03,SKU003,480,0,55,425,58.1,380,374,6,53.647
PR00000530,WO00000530,01/22/2026,2,P03,P03_L03,SKU003,480,43,18,419,58.1,351,345,6,50.263
PR00000531,WO00000531,01/22/2026,3,P03,P03_L03,SKU004,480,0,0,480,56.693,381,367,14,47.625
PR00000550,WO00000550,01/23/2026,1,P03,P03_L01,SKU007,480,75,0,405,57.7,333,329,4,49.333
PR00000551,WO00000551,01/23/2026,2,P03,P03_L01,SKU001,480,0,0,480,49.793,338,334,4,42.25
PR00000552,WO00000552,01/23/2026,3,P03,P03_L01,SKU004,480,15,0,465,56.693,350,336,14,45.161
PR00000553,WO00000553,01/23/2026,1,P03,P03_L02,SKU002,480,0,0,480,56.6,386,372,14,48.25
PR00000554,WO00000554,01/23/2026,2,P03,P03_L02,SKU006,480,0,0,480,54.878,365,354,11,45.625
PR00000555,WO00000555,01/23/2026,3,P03,P03_L02,SKU002,480,24,160,296,56.6,216,207,9,43.784
PR00000556,WO00000556,01/23/2026,1,P03,P03_L03,SKU003,480,20,0,460,58.1,384,375,9,50.087
PR00000557,WO00000557,01/23/2026,2,P03,P03_L03,SKU004,480,0,0,480,56.693,407,394,13,50.875
PR00000558,WO00000558,01/23/2026,3,P03,P03_L03,SKU004,480,0,0,480,56.693,372,357,15,46.5
PR00000567,WO00000567,01/24/2026,1,P03,P03_L01,SKU003,480,38,0,442,57.7,404,397,7,54.842
PR00000568,WO00000568,01/24/2026,2,P03,P03_L01,SKU001,480,0,126,354,49.793,265,259,6,44.915
PR00000569,WO00000569,01/24/2026,1,P03,P03_L03,SKU003,480,34,0,446,58.1,391,385,6,52.601
PR00000570,WO00000570,01/24/2026,2,P03,P03_L03,SKU004,480,0,0,480,56.693,395,383,12,49.375
PR00000571,WO00000571,01/24/2026,3,P03,P03_L03,SKU004,480,84,0,396,56.693,320,310,10,48.485
PR00000585,WO00000585,01/25/2026,1,P03,P03_L01,SKU001,480,32,0,448,49.793,334,325,9,44.732
PR00000586,WO00000586,01/25/2026,1,P03,P03_L02,SKU006,480,41,0,439,54.878,366,356,10,50.023
PR00000587,WO00000587,01/25/2026,2,P03,P03_L02,SKU006,480,0,0,480,54.878,391,381,10,48.875
PR00000588,WO00000588,01/25/2026,3,P03,P03_L02,SKU001,480,0,0,480,49.793,345,340,5,43.125
PR00000589,WO00000589,01/25/2026,1,P03,P03_L03,SKU004,480,18,48,414,56.693,343,333,10,49.71
PR00000590,WO00000590,01/25/2026,3,P03,P03_L03,SKU003,480,0,0,480,58.1,405,396,9,50.625
PR00000609,WO00000609,01/26/2026,1,P03,P03_L01,SKU001,480,22,8,450,49.793,354,347,7,47.2
PR00000610,WO00000610,01/26/2026,2,P03,P03_L01,SKU001,480,0,27,453,49.793,326,316,10,43.179
PR00000611,WO00000611,01/26/2026,3,P03,P03_L01,SKU004,480,0,0,480,56.693,389,375,14,48.625
PR00000612,WO00000612,01/26/2026,1,P03,P03_L02,SKU004,480,20,0,460,56.6,400,388,12,52.174
PR00000613,WO00000613,01/26/2026,2,P03,P03_L02,SKU006,480,0,0,480,54.878,399,388,11,49.875
PR00000614,WO00000614,01/26/2026,3,P03,P03_L02,SKU006,480,85,34,361,54.878,284,277,7,47.202
PR00000615,WO00000615,01/26/2026,1,P03,P03_L03,SKU004,480,21,0,459,56.693,384,374,10,50.196
PR00000616,WO00000616,01/26/2026,2,P03,P03_L03,SKU003,480,15,0,465,58.1,418,408,10,53.935
PR00000617,WO00000617,01/26/2026,3,P03,P03_L03,SKU004,480,0,0,480,56.693,376,361,15,47.0
PR00000636,WO00000636,01/27/2026,1,P03,P03_L01,SKU003,480,0,0,480,57.7,467,457,10,58.375
PR00000637,WO00000637,01/27/2026,2,P03,P03_L01,SKU001,480,0,0,480,49.793,343,336,7,42.875
PR00000638,WO00000638,01/27/2026,3,P03,P03_L01,SKU006,480,0,0,480,54.878,384,372,12,48.0
PR00000639,WO00000639,01/27/2026,1,P03,P03_L02,SKU001,480,0,0,480,49.793,362,356,6,45.25
PR00000640,WO00000640,01/27/2026,2,P03,P03_L02,SKU006,480,54,0,426,54.878,367,354,13,51.69
PR00000641,WO00000641,01/27/2026,3,P03,P03_L02,SKU002,480,48,100,332,56.6,246,236,10,44.458
PR00000642,WO00000642,01/27/2026,1,P03,P03_L03,SKU004,480,0,0,480,56.693,393,382,11,49.125
PR00000643,WO00000643,01/27/2026,2,P03,P03_L03,SKU001,480,54,0,426,49.793,304,296,8,42.817
PR00000644,WO00000644,01/27/2026,3,P03,P03_L03,SKU001,480,0,0,480,49.793,321,312,9,40.125
PR00000663,WO00000663,01/28/2026,1,P03,P03_L01,SKU004,480,0,0,480,56.693,413,398,15,51.625
PR00000664,WO00000664,01/28/2026,2,P03,P03_L01,SKU004,480,0,0,480,56.693,403,390,13,50.375
PR00000665,WO00000665,01/28/2026,3,P03,P03_L01,SKU005,480,43,0,437,50.42,284,276,8,38.993
PR00000666,WO00000666,01/28/2026,1,P03,P03_L02,SKU001,480,32,0,448,49.793,353,344,9,47.277
PR00000667,WO00000667,01/28/2026,2,P03,P03_L02,SKU002,480,24,22,434,56.6,330,318,12,45.622
PR00000668,WO00000668,01/28/2026,3,P03,P03_L02,SKU006,480,0,11,469,54.878,400,389,11,51.173
PR00000669,WO00000669,01/28/2026,1,P03,P03_L03,SKU001,480,26,0,454,49.793,317,310,7,41.894
PR00000670,WO00000670,01/28/2026,2,P03,P03_L03,SKU001,480,23,10,447,49.793,311,306,5,41.745
PR00000671,WO00000671,01/28/2026,3,P03,P03_L03,SKU001,480,32,0,448,49.793,297,289,8,39.777
PR00000690,WO00000690,01/29/2026,1,P03,P03_L01,SKU003,480,0,0,480,57.7,418,410,8,52.25
PR00000691,WO00000691,01/29/2026,2,P03,P03_L01,SKU005,480,0,12,468,50.42,341,333,8,43.718
PR00000692,WO00000692,01/29/2026,3,P03,P03_L01,SKU006,480,0,0,480,54.878,417,404,13,52.125
PR00000693,WO00000693,01/29/2026,1,P03,P03_L02,SKU006,480,22,0,458,54.878,382,368,14,50.044
PR00000694,WO00000694,01/29/2026,2,P03,P03_L02,SKU006,480,23,0,457,54.878,386,376,10,50.678
PR00000695,WO00000695,01/29/2026,3,P03,P03_L02,SKU008,480,56,0,424,56.6,317,312,5,44.858
PR00000696,WO00000696,01/29/2026,1,P03,P03_L03,SKU001,480,0,0,480,49.793,370,365,5,46.25
PR00000697,WO00000697,01/29/2026,2,P03,P03_L03,SKU004,480,25,0,455,56.693,381,369,12,50.242
PR00000698,WO00000698,01/29/2026,3,P03,P03_L03,SKU003,480,28,10,442,58.1,356,349,7,48.326
PR00000717,WO00000717,01/30/2026,1,P03,P03_L01,SKU001,480,0,43,437,49.793,326,321,5,44.76
PR00000718,WO00000718,01/30/2026,2,P03,P03_L01,SKU004,480,42,0,438,56.693,355,343,12,48.63
PR00000719,WO00000719,01/30/2026,3,P03,P03_L01,SKU003,480,30,19,431,57.7,372,362,10,51.787
PR00000720,WO00000720,01/30/2026,1,P03,P03_L02,SKU004,480,0,0,480,56.6,407,396,11,50.875
PR00000721,WO00000721,01/30/2026,2,P03,P03_L02,SKU001,480,0,0,480,49.793,336,327,9,42.0
PR00000722,WO00000722,01/30/2026,3,P03,P03_L02,SKU006,480,0,111,369,54.878,297,286,11,48.293
PR00000723,WO00000723,01/30/2026,1,P03,P03_L03,SKU007,480,0,35,445,58.1,401,395,6,54.067
PR00000724,WO00000724,01/30/2026,2,P03,P03_L03,SKU004,480,0,0,480,56.693,400,385,15,50.0
PR00000725,WO00000725,01/30/2026,3,P03,P03_L03,SKU006,480,0,0,480,54.878,410,396,14,51.25
PR00000738,WO00000738,01/31/2026,3,P03,P03_L01,SKU003,480,19,32,429,57.7,351,343,8,49.091
PR00000739,WO00000739,01/31/2026,2,P03,P03_L02,SKU001,480,26,0,454,49.793,317,310,7,41.894
PR00000740,WO00000740,01/31/2026,1,P03,P03_L03,SKU004,480,0,0,480,56.693,403,388,15,50.375
PR00000755,WO00000755,02/01/2026,2,P03,P03_L01,SKU004,480,21,0,459,56.693,375,361,14,49.02
PR00000756,WO00000756,02/01/2026,3,P03,P03_L01,SKU001,480,0,0,480,49.793,333,325,8,41.625
PR00000757,WO00000757,02/01/2026,1,P03,P03_L02,SKU006,480,20,0,460,54.878,393,382,11,51.261
PR00000758,WO00000758,02/01/2026,2,P03,P03_L02,SKU006,480,0,0,480,54.878,409,398,11,51.125
PR00000759,WO00000759,02/01/2026,3,P03,P03_L02,SKU002,480,19,0,461,56.6,340,328,12,44.252
PR00000760,WO00000760,02/01/2026,1,P03,P03_L03,SKU001,480,72,8,400,49.793,302,295,7,45.3
PR00000761,WO00000761,02/01/2026,2,P03,P03_L03,SKU004,480,0,0,480,56.693,392,379,13,49.0
PR00000780,WO00000780,02/02/2026,1,P03,P03_L01,SKU006,480,59,0,421,54.878,339,330,9,48.314
PR00000781,WO00000781,02/02/2026,2,P03,P03_L01,SKU001,480,21,0,459,49.793,349,341,8,45.621
PR00000782,WO00000782,02/02/2026,3,P03,P03_L01,SKU001,480,60,0,420,49.793,275,269,6,39.286
PR00000783,WO00000783,02/02/2026,1,P03,P03_L02,SKU001,480,0,0,480,49.793,367,360,7,45.875
PR00000784,WO00000784,02/02/2026,2,P03,P03_L02,SKU002,480,0,39,441,56.6,334,323,11,45.442
PR00000785,WO00000785,02/02/2026,3,P03,P03_L02,SKU006,480,42,0,438,54.878,364,354,10,49.863
PR00000786,WO00000786,02/02/2026,1,P03,P03_L03,SKU003,480,0,27,453,58.1,411,403,8,54.437
PR00000787,WO00000787,02/02/2026,2,P03,P03_L03,SKU003,480,0,0,480,58.1,413,407,6,51.625
PR00000788,WO00000788,02/02/2026,3,P03,P03_L03,SKU004,480,0,0,480,56.693,377,364,13,47.125
PR00000807,WO00000807,02/03/2026,1,P03,P03_L01,SKU001,480,0,0,480,49.793,371,364,7,46.375
PR00000808,WO00000808,02/03/2026,2,P03,P03_L01,SKU003,480,0,4,476,57.7,430,421,9,54.202
PR00000809,WO00000809,02/03/2026,3,P03,P03_L01,SKU001,480,24,0,456,49.793,305,297,8,40.132
PR00000810,WO00000810,02/03/2026,1,P03,P03_L02,SKU004,480,0,54,426,56.6,358,347,11,50.423
PR00000811,WO00000811,02/03/2026,2,P03,P03_L02,SKU004,480,26,0,454,56.6,368,353,15,48.634
PR00000812,WO00000812,02/03/2026,3,P03,P03_L02,SKU006,480,0,0,480,54.878,377,367,10,47.125
PR00000813,WO00000813,02/03/2026,1,P03,P03_L03,SKU001,480,34,51,395,49.793,302,296,6,45.873
PR00000814,WO00000814,02/03/2026,2,P03,P03_L03,SKU004,480,0,0,480,56.693,406,394,12,50.75
PR00000815,WO00000815,02/03/2026,3,P03,P03_L03,SKU001,480,0,18,462,49.793,312,305,7,40.519
PR00000834,WO00000834,02/04/2026,1,P03,P03_L01,SKU003,480,23,0,457,57.7,429,421,8,56.324
PR00000835,WO00000835,02/04/2026,2,P03,P03_L01,SKU001,480,41,4,435,49.793,310,303,7,42.759
PR00000836,WO00000836,02/04/2026,3,P03,P03_L01,SKU001,480,23,0,457,49.793,332,325,7,43.589
PR00000837,WO00000837,02/04/2026,1,P03,P03_L02,SKU001,480,0,0,480,49.793,357,351,6,44.625
PR00000838,WO00000838,02/04/2026,2,P03,P03_L02,SKU006,480,28,0,452,54.878,387,377,10,51.372
PR00000839,WO00000839,02/04/2026,3,P03,P03_L02,SKU004,480,0,0,480,56.6,351,337,14,43.875
PR00000840,WO00000840,02/04/2026,1,P03,P03_L03,SKU004,480,22,0,458,56.693,389,376,13,50.961
PR00000841,WO00000841,02/04/2026,2,P03,P03_L03,SKU004,480,0,5,475,56.693,405,391,14,51.158
PR00000842,WO00000842,02/04/2026,3,P03,P03_L03,SKU004,480,54,0,426,56.693,338,325,13,47.606
PR00000861,WO00000861,02/05/2026,1,P03,P03_L01,SKU007,480,0,20,460,57.7,396,391,5,51.652
PR00000862,WO00000862,02/05/2026,2,P03,P03_L01,SKU001,480,39,0,441,49.793,337,329,8,45.85
PR00000863,WO00000863,02/05/2026,3,P03,P03_L01,SKU006,480,0,0,480,54.878,384,376,8,48.0
PR00000864,WO00000864,02/05/2026,1,P03,P03_L02,SKU006,480,0,0,480,54.878,421,409,12,52.625
PR00000865,WO00000865,02/05/2026,2,P03,P03_L02,SKU001,480,0,11,469,49.793,319,312,7,40.81
PR00000866,WO00000866,02/05/2026,3,P03,P03_L02,SKU006,480,0,0,480,54.878,385,373,12,48.125
PR00000867,WO00000867,02/05/2026,1,P03,P03_L03,SKU007,480,0,0,480,58.1,407,404,3,50.875
PR00000868,WO00000868,02/05/2026,2,P03,P03_L03,SKU004,480,0,0,480,56.693,385,371,14,48.125
PR00000869,WO00000869,02/05/2026,3,P03,P03_L03,SKU004,480,40,0,440,56.693,345,334,11,47.045
PR00000888,WO00000888,02/06/2026,1,P03,P03_L01,SKU001,480,0,46,434,49.793,331,323,8,45.76
PR00000889,WO00000889,02/06/2026,2,P03,P03_L01,SKU001,480,43,64,373,49.793,280,274,6,45.04
PR00000890,WO00000890,02/06/2026,3,P03,P03_L01,SKU003,480,38,0,442,57.7,374,369,5,50.769
PR00000891,WO00000891,02/06/2026,1,P03,P03_L02,SKU001,480,0,0,480,49.793,357,349,8,44.625
PR00000892,WO00000892,02/06/2026,2,P03,P03_L02,SKU006,480,18,0,462,54.878,367,357,10,47.662
PR00000893,WO00000893,02/06/2026,3,P03,P03_L02,SKU002,480,42,0,438,56.6,340,325,15,46.575
PR00000894,WO00000894,02/06/2026,1,P03,P03_L03,SKU001,480,26,27,427,49.793,310,303,7,43.56
PR00000895,WO00000895,02/06/2026,2,P03,P03_L03,SKU004,480,0,0,480,56.693,405,390,15,50.625
PR00000896,WO00000896,02/06/2026,3,P03,P03_L03,SKU001,480,0,0,480,49.793,337,329,8,42.125
PR00000911,WO00000911,02/07/2026,3,P03,P03_L01,SKU004,480,35,0,445,56.693,354,343,11,47.73
PR00000912,WO00000912,02/07/2026,1,P03,P03_L02,SKU006,480,0,0,480,54.878,426,413,13,53.25
PR00000913,WO00000913,02/07/2026,3,P03,P03_L02,SKU001,480,22,0,458,49.793,310,302,8,40.611
PR00000914,WO00000914,02/07/2026,1,P03,P03_L03,SKU004,480,0,0,480,56.693,409,396,13,51.125
PR00000915,WO00000915,02/07/2026,2,P03,P03_L03,SKU006,480,0,21,459,54.878,363,354,9,47.451
PR00000916,WO00000916,02/07/2026,3,P03,P03_L03,SKU003,480,25,0,455,58.1,386,377,9,50.901
PR00000925,WO00000925,02/08/2026,1,P03,P03_L01,SKU003,480,44,0,436,57.7,403,399,4,55.459
PR00000926,WO00000926,02/08/2026,3,P03,P03_L01,SKU001,480,23,0,457,49.793,308,301,7,40.438
PR00000927,WO00000927,02/08/2026,2,P03,P03_L02,SKU006,480,25,44,411,54.878,351,341,10,51.241
PR00000928,WO00000928,02/08/2026,3,P03,P03_L02,SKU006,480,0,0,480,54.878,383,374,9,47.875
PR00000929,WO00000929,02/08/2026,2,P03,P03_L03,SKU003,480,0,0,480,58.1,451,443,8,56.375
PR00000948,WO00000948,02/09/2026,1,P03,P03_L01,SKU001,480,0,0,480,49.793,348,340,8,43.5
PR00000949,WO00000949,02/09/2026,2,P03,P03_L01,SKU001,480,29,0,451,49.793,325,317,8,43.237
PR00000950,WO00000950,02/09/2026,3,P03,P03_L01,SKU001,480,0,69,411,49.793,263,259,4,38.394
PR00000951,WO00000951,02/09/2026,1,P03,P03_L02,SKU008,480,0,0,480,56.6,393,387,6,49.125
PR00000952,WO00000952,02/09/2026,2,P03,P03_L02,SKU006,480,0,22,458,54.878,375,363,12,49.127
PR00000953,WO00000953,02/09/2026,3,P03,P03_L02,SKU001,480,0,0,480,49.793,341,333,8,42.625
PR00000954,WO00000954,02/09/2026,1,P03,P03_L03,SKU003,480,0,0,480,58.1,420,415,5,52.5
PR00000955,WO00000955,02/09/2026,2,P03,P03_L03,SKU004,480,0,0,480,56.693,409,395,14,51.125
PR00000956,WO00000956,02/09/2026,3,P03,P03_L03,SKU004,480,0,26,454,56.693,367,352,15,48.502
PR00000975,WO00000975,02/10/2026,1,P03,P03_L01,SKU004,480,0,0,480,56.693,437,424,13,54.625
PR00000976,WO00000976,02/10/2026,2,P03,P03_L01,SKU006,480,51,0,429,54.878,335,326,9,46.853
PR00000977,WO00000977,02/10/2026,3,P03,P03_L01,SKU002,480,0,0,480,57.7,365,351,14,45.625
PR00000978,WO00000978,02/10/2026,1,P03,P03_L02,SKU004,480,25,0,455,56.6,380,369,11,50.11
PR00000979,WO00000979,02/10/2026,2,P03,P03_L02,SKU006,480,0,24,456,54.878,372,362,10,48.947
PR00000980,WO00000980,02/10/2026,3,P03,P03_L02,SKU004,480,0,0,480,56.6,378,365,13,47.25
PR00000981,WO00000981,02/10/2026,1,P03,P03_L03,SKU003,480,27,0,453,58.1,409,402,7,54.172
PR00000982,WO00000982,02/10/2026,2,P03,P03_L03,SKU004,480,0,0,480,56.693,396,382,14,49.5
PR00000983,WO00000983,02/10/2026,3,P03,P03_L03,SKU003,480,36,0,444,58.1,376,366,10,50.811
PR00001002,WO00001002,02/11/2026,1,P03,P03_L01,SKU001,480,0,0,480,49.793,351,343,8,43.875
PR00001003,WO00001003,02/11/2026,2,P03,P03_L01,SKU004,480,17,0,463,56.693,403,386,17,52.225
PR00001004,WO00001004,02/11/2026,3,P03,P03_L01,SKU003,480,37,0,443,57.7,371,363,8,50.248
PR00001005,WO00001005,02/11/2026,1,P03,P03_L02,SKU006,480,0,10,470,54.878,386,375,11,49.277
PR00001006,WO00001006,02/11/2026,2,P03,P03_L02,SKU006,480,34,0,446,54.878,368,358,10,49.507
PR00001007,WO00001007,02/11/2026,3,P03,P03_L02,SKU002,480,27,0,453,56.6,319,308,11,42.252
PR00001008,WO00001008,02/11/2026,1,P03,P03_L03,SKU001,480,0,0,480,49.793,360,353,7,45.0
PR00001009,WO00001009,02/11/2026,2,P03,P03_L03,SKU001,480,0,0,480,49.793,336,327,9,42.0
PR00001010,WO00001010,02/11/2026,3,P03,P03_L03,SKU004,480,0,9,471,56.693,367,352,15,46.752
PR00001029,WO00001029,02/12/2026,1,P03,P03_L01,SKU003,480,30,0,450,57.7,378,371,7,50.4
PR00001030,WO00001030,02/12/2026,2,P03,P03_L01,SKU003,480,35,0,445,57.7,388,379,9,52.315
PR00001031,WO00001031,02/12/2026,3,P03,P03_L01,SKU001,480,17,0,463,49.793,325,320,5,42.117
PR00001032,WO00001032,02/12/2026,1,P03,P03_L02,SKU006,480,45,0,435,54.878,374,365,9,51.586
PR00001033,WO00001033,02/12/2026,2,P03,P03_L02,SKU002,480,28,115,337,56.6,269,260,9,47.893
PR00001034,WO00001034,02/12/2026,3,P03,P03_L02,SKU006,480,0,67,413,54.878,341,332,9,49.54
PR00001035,WO00001035,02/12/2026,1,P03,P03_L03,SKU001,480,0,0,480,49.793,370,361,9,46.25
PR00001036,WO00001036,02/12/2026,2,P03,P03_L03,SKU006,480,22,0,458,54.878,366,353,13,47.948
PR00001037,WO00001037,02/12/2026,3,P03,P03_L03,SKU003,480,0,0,480,58.1,404,395,9,50.5
PR00001056,WO00001056,02/13/2026,1,P03,P03_L01,SKU001,480,43,0,437,49.793,344,334,10,47.231
PR00001057,WO00001057,02/13/2026,2,P03,P03_L01,SKU001,480,75,11,394,49.793,297,290,7,45.228
PR00001058,WO00001058,02/13/2026,3,P03,P03_L01,SKU004,480,0,100,380,56.693,275,266,9,43.421
PR00001059,WO00001059,02/13/2026,1,P03,P03_L02,SKU006,480,21,0,459,54.878,375,367,8,49.02
PR00001060,WO00001060,02/13/2026,2,P03,P03_L02,SKU001,480,0,0,480,49.793,345,336,9,43.125
PR00001061,WO00001061,02/13/2026,3,P03,P03_L02,SKU004,480,0,39,441,56.6,349,337,12,47.483
PR00001062,WO00001062,02/13/2026,1,P03,P03_L03,SKU004,480,0,17,463,56.693,385,374,11,49.892
PR00001063,WO00001063,02/13/2026,2,P03,P03_L03,SKU004,480,0,0,480,56.693,388,374,14,48.5
PR00001064,WO00001064,02/13/2026,3,P03,P03_L03,SKU001,480,22,32,426,49.793,300,293,7,42.254
PR00001073,WO00001073,02/14/2026,1,P03,P03_L01,SKU001,480,0,0,480,49.793,366,357,9,45.75
PR00001074,WO00001074,02/14/2026,1,P03,P03_L02,SKU001,480,22,37,421,49.793,316,311,5,45.036
PR00001075,WO00001075,02/14/2026,2,P03,P03_L03,SKU003,480,29,0,451,58.1,397,388,9,52.816
PR00001089,WO00001089,02/15/2026,1,P03,P03_L01,SKU001,480,0,0,480,49.793,341,336,5,42.625
PR00001090,WO00001090,02/15/2026,2,P03,P03_L01,SKU003,480,15,0,465,57.7,372,362,10,48.0
PR00001091,WO00001091,02/15/2026,1,P03,P03_L02,SKU006,480,0,0,480,54.878,392,380,12,49.0
PR00001092,WO00001092,02/15/2026,3,P03,P03_L02,SKU001,480,87,0,393,49.793,278,272,6,42.443
PR00001093,WO00001093,02/15/2026,1,P03,P03_L03,SKU001,480,0,0,480,49.793,364,358,6,45.5
PR00001112,WO00001112,02/16/2026,1,P03,P03_L01,SKU005,480,24,0,456,50.42,325,317,8,42.763
PR00001113,WO00001113,02/16/2026,2,P03,P03_L01,SKU004,480,0,0,480,56.693,372,356,16,46.5
PR00001114,WO00001114,02/16/2026,3,P03,P03_L01,SKU003,480,0,128,352,57.7,275,268,7,46.875
PR00001115,WO00001115,02/16/2026,1,P03,P03_L02,SKU001,480,0,0,480,49.793,354,348,6,44.25
PR00001116,WO00001116,02/16/2026,2,P03,P03_L02,SKU006,480,0,12,468,54.878,380,370,10,48.718
PR00001117,WO00001117,02/16/2026,3,P03,P03_L02,SKU001,480,0,0,480,49.793,338,329,9,42.25
PR00001118,WO00001118,02/16/2026,1,P03,P03_L03,SKU001,480,0,31,449,49.793,346,340,6,46.236
PR00001119,WO00001119,02/16/2026,2,P03,P03_L03,SKU004,480,23,0,457,56.693,364,352,12,47.79
PR00001120,WO00001120,02/16/2026,3,P03,P03_L03,SKU001,480,0,0,480,49.793,316,308,8,39.5
PR00001139,WO00001139,02/17/2026,1,P03,P03_L01,SKU001,480,0,0,480,49.793,354,349,5,44.25
PR00001140,WO00001140,02/17/2026,2,P03,P03_L01,SKU001,480,0,0,480,49.793,343,334,9,42.875
PR00001141,WO00001141,02/17/2026,3,P03,P03_L01,SKU004,480,44,0,436,56.693,330,317,13,45.413
PR00001142,WO00001142,02/17/2026,1,P03,P03_L02,SKU006,480,0,17,463,54.878,416,404,12,53.909
PR00001143,WO00001143,02/17/2026,2,P03,P03_L02,SKU006,480,14,0,466,54.878,370,360,10,47.639
PR00001144,WO00001144,02/17/2026,3,P03,P03_L02,SKU006,480,0,0,480,54.878,383,369,14,47.875
PR00001145,WO00001145,02/17/2026,1,P03,P03_L03,SKU001,480,0,8,472,49.793,360,352,8,45.763
PR00001146,WO00001146,02/17/2026,2,P03,P03_L03,SKU001,480,50,0,430,49.793,310,304,6,43.256
PR00001147,WO00001147,02/17/2026,3,P03,P03_L03,SKU006,480,0,12,468,54.878,361,348,13,46.282
PR00001166,WO00001166,02/18/2026,1,P03,P03_L01,SKU003,480,0,0,480,57.7,461,453,8,57.625
PR00001167,WO00001167,02/18/2026,2,P03,P03_L01,SKU003,480,0,0,480,57.7,429,420,9,53.625
PR00001168,WO00001168,02/18/2026,3,P03,P03_L01,SKU001,480,0,0,480,49.793,356,351,5,44.5
PR00001169,WO00001169,02/18/2026,1,P03,P03_L02,SKU006,480,0,0,480,54.878,387,374,13,48.375
PR00001170,WO00001170,02/18/2026,2,P03,P03_L02,SKU008,480,24,0,456,56.6,347,340,7,45.658
PR00001171,WO00001171,02/18/2026,3,P03,P03_L02,SKU002,480,33,10,437,56.6,326,314,12,44.76
PR00001172,WO00001172,02/18/2026,1,P03,P03_L03,SKU001,480,0,0,480,49.793,365,354,11,45.625
PR00001173,WO00001173,02/18/2026,2,P03,P03_L03,SKU003,480,18,0,462,58.1,407,398,9,52.857
PR00001174,WO00001174,02/18/2026,3,P03,P03_L03,SKU004,480,81,0,399,56.693,298,286,12,44.812
PR00001193,WO00001193,02/19/2026,1,P03,P03_L01,SKU003,480,0,15,465,57.7,411,400,11,53.032
PR00001194,WO00001194,02/19/2026,2,P03,P03_L01,SKU003,480,0,13,467,57.7,394,387,7,50.621
PR00001195,WO00001195,02/19/2026,3,P03,P03_L01,SKU002,480,0,0,480,57.7,351,339,12,43.875
PR00001196,WO00001196,02/19/2026,1,P03,P03_L02,SKU006,480,30,0,450,54.878,391,381,10,52.133
PR00001197,WO00001197,02/19/2026,2,P03,P03_L02,SKU006,480,0,0,480,54.878,391,381,10,48.875
PR00001198,WO00001198,02/19/2026,3,P03,P03_L02,SKU002,480,46,0,434,56.6,317,304,13,43.825
PR00001199,WO00001199,02/19/2026,1,P03,P03_L03,SKU004,480,0,14,466,56.693,373,360,13,48.026
PR00001200,WO00001200,02/19/2026,2,P03,P03_L03,SKU007,480,21,0,459,58.1,380,374,6,49.673
PR00001201,WO00001201,02/19/2026,3,P03,P03_L03,SKU003,480,0,0,480,58.1,391,381,10,48.875
PR00001220,WO00001220,02/20/2026,1,P03,P03_L01,SKU001,480,0,0,480,49.793,330,322,8,41.25
PR00001221,WO00001221,02/20/2026,2,P03,P03_L01,SKU001,480,0,0,480,49.793,362,354,8,45.25
PR00001222,WO00001222,02/20/2026,3,P03,P03_L01,SKU001,480,0,0,480,49.793,323,315,8,40.375
PR00001223,WO00001223,02/20/2026,1,P03,P03_L02,SKU006,480,0,0,480,54.878,395,384,11,49.375
PR00001224,WO00001224,02/20/2026,2,P03,P03_L02,SKU006,480,0,0,480,54.878,395,384,11,49.375
PR00001225,WO00001225,02/20/2026,3,P03,P03_L02,SKU002,480,44,0,436,56.6,314,302,12,43.211
PR00001226,WO00001226,02/20/2026,1,P03,P03_L03,SKU004,480,0,0,480,56.693,419,408,11,52.375
PR00001227,WO00001227,02/20/2026,2,P03,P03_L03,SKU004,480,24,0,456,56.693,377,362,15,49.605
PR00001228,WO00001228,02/20/2026,3,P03,P03_L03,SKU003,480,0,0,480,58.1,425,416,9,53.125
PR00001240,WO00001240,02/21/2026,1,P03,P03_L01,SKU001,480,0,21,459,49.793,335,328,7,43.791
PR00001241,WO00001241,02/21/2026,3,P03,P03_L01,SKU003,480,0,0,480,57.7,386,376,10,48.25
PR00001242,WO00001242,02/21/2026,1,P03,P03_L02,SKU001,480,0,37,443,49.793,322,317,5,43.612
PR00001243,WO00001243,02/21/2026,2,P03,P03_L02,SKU001,480,0,0,480,49.793,349,340,9,43.625
PR00001244,WO00001244,02/21/2026,3,P03,P03_L02,SKU001,480,30,0,450,49.793,300,292,8,40.0
PR00001245,WO00001245,02/21/2026,1,P03,P03_L03,SKU001,480,0,25,455,49.793,339,332,7,44.703
PR00001246,WO00001246,02/21/2026,2,P03,P03_L03,SKU004,480,33,18,429,56.693,364,348,16,50.909
PR00001247,WO00001247,02/21/2026,3,P03,P03_L03,SKU001,480,0,35,445,49.793,301,293,8,40.584
PR00001260,WO00001260,02/22/2026,1,P03,P03_L01,SKU003,480,0,0,480,57.7,443,437,6,55.375
PR00001261,WO00001261,02/22/2026,1,P03,P03_L02,SKU002,480,35,48,397,56.6,306,297,9,46.247
PR00001262,WO00001262,02/22/2026,2,P03,P03_L02,SKU004,480,0,23,457,56.6,398,384,14,52.254
PR00001263,WO00001263,02/22/2026,3,P03,P03_L02,SKU001,480,0,0,480,49.793,347,337,10,43.375
PR00001264,WO00001264,02/22/2026,1,P03,P03_L03,SKU001,480,0,0,480,49.793,359,348,11,44.875
PR00001265,WO00001265,02/22/2026,3,P03,P03_L03,SKU004,480,0,0,480,56.693,376,361,15,47.0
PR00001284,WO00001284,02/23/2026,1,P03,P03_L01,SKU001,480,0,0,480,49.793,365,359,6,45.625
PR00001285,WO00001285,02/23/2026,2,P03,P03_L01,SKU001,480,0,18,462,49.793,338,331,7,43.896
PR00001286,WO00001286,02/23/2026,3,P03,P03_L01,SKU003,480,0,37,443,57.7,381,376,5,51.603
PR00001287,WO00001287,02/23/2026,1,P03,P03_L02,SKU006,480,0,0,480,54.878,401,388,13,50.125
PR00001288,WO00001288,02/23/2026,2,P03,P03_L02,SKU002,480,45,0,435,56.6,334,322,12,46.069
PR00001289,WO00001289,02/23/2026,3,P03,P03_L02,SKU004,480,0,72,408,56.6,323,312,11,47.5
PR00001290,WO00001290,02/23/2026,1,P03,P03_L03,SKU004,480,0,0,480,56.693,402,389,13,50.25
PR00001291,WO00001291,02/23/2026,2,P03,P03_L03,SKU003,480,0,0,480,58.1,417,409,8,52.125
PR00001292,WO00001292,02/23/2026,3,P03,P03_L03,SKU001,480,0,0,480,49.793,334,325,9,41.75
PR00001311,WO00001311,02/24/2026,1,P03,P03_L01,SKU001,480,38,0,442,49.793,338,331,7,45.882
PR00001312,WO00001312,02/24/2026,2,P03,P03_L01,SKU005,480,0,13,467,50.42,336,328,8,43.169
PR00001313,WO00001313,02/24/2026,3,P03,P03_L01,SKU003,480,0,0,480,57.7,421,411,10,52.625
PR00001314,WO00001314,02/24/2026,1,P03,P03_L02,SKU005,480,36,0,444,50.42,324,317,7,43.784
PR00001315,WO00001315,02/24/2026,2,P03,P03_L02,SKU001,480,23,0,457,49.793,338,330,8,44.376
PR00001316,WO00001316,02/24/2026,3,P03,P03_L02,SKU006,480,0,0,480,54.878,359,348,11,44.875
PR00001317,WO00001317,02/24/2026,1,P03,P03_L03,SKU003,480,0,0,480,58.1,408,402,6,51.0
PR00001318,WO00001318,02/24/2026,2,P03,P03_L03,SKU003,480,35,0,445,58.1,396,387,9,53.393
PR00001319,WO00001319,02/24/2026,3,P03,P03_L03,SKU001,480,28,26,426,49.793,307,300,7,43.239
PR00001338,WO00001338,02/25/2026,1,P03,P03_L01,SKU003,480,38,0,442,57.7,422,416,6,57.285
PR00001339,WO00001339,02/25/2026,2,P03,P03_L01,SKU001,480,54,0,426,49.793,305,298,7,42.958
PR00001340,WO00001340,02/25/2026,3,P03,P03_L01,SKU003,480,0,0,480,57.7,404,395,9,50.5
PR00001341,WO00001341,02/25/2026,1,P03,P03_L02,SKU004,480,33,24,423,56.6,363,350,13,51.489
PR00001342,WO00001342,02/25/2026,2,P03,P03_L02,SKU008,480,22,0,458,56.6,352,346,6,46.114
PR00001343,WO00001343,02/25/2026,3,P03,P03_L02,SKU001,480,41,0,439,49.793,293,284,9,40.046
PR00001344,WO00001344,02/25/2026,1,P03,P03_L03,SKU004,480,0,0,480,56.693,403,386,17,50.375
PR00001345,WO00001345,02/25/2026,2,P03,P03_L03,SKU001,480,0,67,413,49.793,300,294,6,43.584
PR00001346,WO00001346,02/25/2026,3,P03,P03_L03,SKU001,480,0,0,480,49.793,324,312,12,40.5
PR00001365,WO00001365,02/26/2026,1,P03,P03_L01,SKU001,480,64,0,416,49.793,317,310,7,45.721
PR00001366,WO00001366,02/26/2026,2,P03,P03_L01,SKU001,480,0,0,480,49.793,346,339,7,43.25
PR00001367,WO00001367,02/26/2026,3,P03,P03_L01,SKU001,480,37,49,394,49.793,272,267,5,41.421
PR00001368,WO00001368,02/26/2026,1,P03,P03_L02,SKU006,480,0,0,480,54.878,437,427,10,54.625
PR00001369,WO00001369,02/26/2026,2,P03,P03_L02,SKU004,480,0,21,459,56.6,404,391,13,52.81
PR00001370,WO00001370,02/26/2026,3,P03,P03_L02,SKU008,480,0,0,480,56.6,386,379,7,48.25
PR00001371,WO00001371,02/26/2026,1,P03,P03_L03,SKU006,480,0,0,480,54.878,411,401,10,51.375
PR00001372,WO00001372,02/26/2026,2,P03,P03_L03,SKU001,480,0,10,470,49.793,324,318,6,41.362
PR00001373,WO00001373,02/26/2026,3,P03,P03_L03,SKU004,480,0,0,480,56.693,377,364,13,47.125
PR00001392,WO00001392,02/27/2026,1,P03,P03_L01,SKU001,480,0,23,457,49.793,342,335,7,44.902
PR00001393,WO00001393,02/27/2026,2,P03,P03_L01,SKU001,480,0,0,480,49.793,348,340,8,43.5
PR00001394,WO00001394,02/27/2026,3,P03,P03_L01,SKU004,480,25,0,455,56.693,356,344,12,46.945
PR00001395,WO00001395,02/27/2026,1,P03,P03_L02,SKU006,480,0,19,461,54.878,380,368,12,49.458
PR00001396,WO00001396,02/27/2026,2,P03,P03_L02,SKU002,480,0,20,460,56.6,358,345,13,46.696
PR00001397,WO00001397,02/27/2026,3,P03,P03_L02,SKU006,480,48,0,432,54.878,340,331,9,47.222
PR00001398,WO00001398,02/27/2026,1,P03,P03_L03,SKU001,480,20,0,460,49.793,311,306,5,40.565
PR00001399,WO00001399,02/27/2026,2,P03,P03_L03,SKU003,480,39,17,424,58.1,380,375,5,53.774
PR00001400,WO00001400,02/27/2026,3,P03,P03_L03,SKU001,480,0,0,480,49.793,326,319,7,40.75
PR00001414,WO00001414,02/28/2026,1,P03,P03_L01,SKU003,480,0,0,480,57.7,415,410,5,51.875
PR00001415,WO00001415,02/28/2026,3,P03,P03_L01,SKU004,480,0,0,480,56.693,393,377,16,49.125
PR00001416,WO00001416,02/28/2026,1,P03,P03_L02,SKU002,480,23,6,451,56.6,354,342,12,47.095
PR00001417,WO00001417,02/28/2026,2,P03,P03_L02,SKU001,480,0,13,467,49.793,326,321,5,41.884
PR00001418,WO00001418,02/28/2026,3,P03,P03_L02,SKU008,480,0,5,475,56.6,372,367,5,46.989
PR00001419,WO00001419,02/28/2026,1,P03,P03_L03,SKU004,480,17,66,397,56.693,345,333,12,52.141
PR00001420,WO00001420,02/28/2026,2,P03,P03_L03,SKU003,480,21,23,436,58.1,392,384,8,53.945
PR00001421,WO00001421,02/28/2026,3,P03,P03_L03,SKU003,480,32,29,419,58.1,357,349,8,51.122
PR00001433,WO00001433,03/01/2026,1,P03,P03_L01,SKU007,480,0,0,480,57.7,416,414,2,52.0
PR00001434,WO00001434,03/01/2026,2,P03,P03_L01,SKU007,480,0,0,480,57.7,364,362,2,45.5
PR00001435,WO00001435,03/01/2026,1,P03,P03_L02,SKU006,480,0,16,464,54.878,392,381,11,50.69
PR00001436,WO00001436,03/01/2026,3,P03,P03_L02,SKU001,480,0,56,424,49.793,287,282,5,40.613
PR00001455,WO00001455,03/02/2026,1,P03,P03_L01,SKU004,480,0,26,454,56.693,413,400,13,54.581
PR00001456,WO00001456,03/02/2026,2,P03,P03_L01,SKU001,480,0,0,480,49.793,336,328,8,42.0
PR00001457,WO00001457,03/02/2026,3,P03,P03_L01,SKU001,480,0,105,375,49.793,257,250,7,41.12
PR00001458,WO00001458,03/02/2026,1,P03,P03_L02,SKU001,480,0,0,480,49.793,345,340,5,43.125
PR00001459,WO00001459,03/02/2026,2,P03,P03_L02,SKU008,480,24,35,421,56.6,334,329,5,47.601
PR00001460,WO00001460,03/02/2026,3,P03,P03_L02,SKU008,480,0,0,480,56.6,365,358,7,45.625
PR00001461,WO00001461,03/02/2026,1,P03,P03_L03,SKU006,480,34,0,446,54.878,389,378,11,52.332
PR00001462,WO00001462,03/02/2026,2,P03,P03_L03,SKU001,480,22,0,458,49.793,334,326,8,43.755
PR00001463,WO00001463,03/02/2026,3,P03,P03_L03,SKU001,480,0,0,480,49.793,346,339,7,43.25
PR00001482,WO00001482,03/03/2026,1,P03,P03_L01,SKU004,480,44,0,436,56.693,348,338,10,47.89
PR00001483,WO00001483,03/03/2026,2,P03,P03_L01,SKU004,480,0,21,459,56.693,353,342,11,46.144
PR00001484,WO00001484,03/03/2026,3,P03,P03_L01,SKU001,480,0,0,480,49.793,333,326,7,41.625
PR00001485,WO00001485,03/03/2026,1,P03,P03_L02,SKU008,480,0,0,480,56.6,384,380,4,48.0
PR00001486,WO00001486,03/03/2026,2,P03,P03_L02,SKU002,480,17,0,463,56.6,347,332,15,44.968
PR00001487,WO00001487,03/03/2026,3,P03,P03_L02,SKU008,480,28,25,427,56.6,318,313,5,44.684
PR00001488,WO00001488,03/03/2026,1,P03,P03_L03,SKU004,480,0,0,480,56.693,434,421,13,54.25
PR00001489,WO00001489,03/03/2026,2,P03,P03_L03,SKU004,480,0,0,480,56.693,374,362,12,46.75
PR00001490,WO00001490,03/03/2026,3,P03,P03_L03,SKU001,480,0,0,480,49.793,327,318,9,40.875
PR00001509,WO00001509,03/04/2026,1,P03,P03_L01,SKU001,480,23,0,457,49.793,336,330,6,44.114
PR00001510,WO00001510,03/04/2026,2,P03,P03_L01,SKU004,480,0,0,480,56.693,411,398,13,51.375
PR00001511,WO00001511,03/04/2026,3,P03,P03_L01,SKU006,480,27,0,453,54.878,370,360,10,49.007
PR00001512,WO00001512,03/04/2026,1,P03,P03_L02,SKU001,480,0,0,480,49.793,349,342,7,43.625
PR00001513,WO00001513,03/04/2026,2,P03,P03_L02,SKU001,480,42,0,438,49.793,302,295,7,41.37
PR00001514,WO00001514,03/04/2026,3,P03,P03_L02,SKU004,480,32,36,412,56.6,319,306,13,46.456
PR00001515,WO00001515,03/04/2026,1,P03,P03_L03,SKU004,480,0,0,480,56.693,401,388,13,50.125
PR00001516,WO00001516,03/04/2026,2,P03,P03_L03,SKU006,480,0,0,480,54.878,404,394,10,50.5
PR00001517,WO00001517,03/04/2026,3,P03,P03_L03,SKU001,480,13,17,450,49.793,306,298,8,40.8
PR00001536,WO00001536,03/05/2026,1,P03,P03_L01,SKU004,480,17,0,463,56.693,385,370,15,49.892
PR00001537,WO00001537,03/05/2026,2,P03,P03_L01,SKU001,480,0,0,480,49.793,319,313,6,39.875
PR00001538,WO00001538,03/05/2026,3,P03,P03_L01,SKU001,480,56,0,424,49.793,304,296,8,43.019
PR00001539,WO00001539,03/05/2026,1,P03,P03_L02,SKU001,480,51,0,429,49.793,325,317,8,45.455
PR00001540,WO00001540,03/05/2026,2,P03,P03_L02,SKU001,480,0,0,480,49.793,327,323,4,40.875
PR00001541,WO00001541,03/05/2026,3,P03,P03_L02,SKU002,480,21,0,459,56.6,328,315,13,42.876
PR00001542,WO00001542,03/05/2026,1,P03,P03_L03,SKU003,480,0,16,464,58.1,418,412,6,54.052
PR00001543,WO00001543,03/05/2026,2,P03,P03_L03,SKU001,480,22,0,458,49.793,314,307,7,41.135
PR00001544,WO00001544,03/05/2026,3,P03,P03_L03,SKU006,480,0,0,480,54.878,385,370,15,48.125
PR00001563,WO00001563,03/06/2026,1,P03,P03_L01,SKU003,480,0,48,432,57.7,385,375,10,53.472
PR00001564,WO00001564,03/06/2026,2,P03,P03_L01,SKU001,480,27,0,453,49.793,329,322,7,43.576
PR00001565,WO00001565,03/06/2026,3,P03,P03_L01,SKU003,480,0,0,480,57.7,393,385,8,49.125
PR00001566,WO00001566,03/06/2026,1,P03,P03_L02,SKU006,480,0,0,480,54.878,406,396,10,50.75
PR00001567,WO00001567,03/06/2026,2,P03,P03_L02,SKU008,480,34,0,446,56.6,336,331,5,45.202
PR00001568,WO00001568,03/06/2026,3,P03,P03_L02,SKU001,480,0,10,470,49.793,340,332,8,43.404
PR00001569,WO00001569,03/06/2026,1,P03,P03_L03,SKU003,480,23,48,409,58.1,354,349,5,51.932
PR00001570,WO00001570,03/06/2026,2,P03,P03_L03,SKU004,480,0,0,480,56.693,388,373,15,48.5
PR00001571,WO00001571,03/06/2026,3,P03,P03_L03,SKU001,480,19,0,461,49.793,324,316,8,42.169
PR00001585,WO00001585,03/07/2026,1,P03,P03_L01,SKU001,480,0,0,480,49.793,343,334,9,42.875
PR00001586,WO00001586,03/07/2026,3,P03,P03_L01,SKU004,480,0,0,480,56.693,368,354,14,46.0
PR00001587,WO00001587,03/07/2026,1,P03,P03_L02,SKU006,480,27,0,453,54.878,368,357,11,48.742
PR00001588,WO00001588,03/07/2026,2,P03,P03_L02,SKU006,480,78,0,402,54.878,357,348,9,53.284
PR00001589,WO00001589,03/07/2026,3,P03,P03_L02,SKU001,480,0,0,480,49.793,335,327,8,41.875
PR00001590,WO00001590,03/07/2026,1,P03,P03_L03,SKU004,480,17,0,463,56.693,389,380,9,50.41
PR00001602,WO00001602,03/08/2026,1,P03,P03_L01,SKU007,480,0,0,480,57.7,433,428,5,54.125
PR00001603,WO00001603,03/08/2026,1,P03,P03_L02,SKU002,480,0,0,480,56.6,391,377,14,48.875
PR00001604,WO00001604,03/08/2026,2,P03,P03_L02,SKU001,480,0,0,480,49.793,354,343,11,44.25
PR00001605,WO00001605,03/08/2026,3,P03,P03_L02,SKU001,480,0,0,480,49.793,333,323,10,41.625
PR00001606,WO00001606,03/08/2026,1,P03,P03_L03,SKU003,480,37,0,443,58.1,404,397,7,54.718
PR00001607,WO00001607,03/08/2026,2,P03,P03_L03,SKU001,480,0,0,480,49.793,348,341,7,43.5
PR00001626,WO00001626,03/09/2026,1,P03,P03_L01,SKU004,480,0,14,466,56.693,409,397,12,52.661
PR00001627,WO00001627,03/09/2026,2,P03,P03_L01,SKU002,480,0,0,480,57.7,381,370,11,47.625
PR00001628,WO00001628,03/09/2026,3,P03,P03_L01,SKU001,480,0,22,458,49.793,320,309,11,41.921
PR00001629,WO00001629,03/09/2026,1,P03,P03_L02,SKU006,480,35,24,421,54.878,353,341,12,50.309
PR00001630,WO00001630,03/09/2026,2,P03,P03_L02,SKU001,480,0,46,434,49.793,305,296,9,42.166
PR00001631,WO00001631,03/09/2026,3,P03,P03_L02,SKU006,480,0,0,480,54.878,368,357,11,46.0
PR00001632,WO00001632,03/09/2026,1,P03,P03_L03,SKU004,480,27,0,453,56.693,375,360,15,49.669
PR00001633,WO00001633,03/09/2026,2,P03,P03_L03,SKU007,480,17,0,463,58.1,390,386,4,50.54
PR00001634,WO00001634,03/09/2026,3,P03,P03_L03,SKU008,480,0,0,480,58.1,369,362,7,46.125
PR00001653,WO00001653,03/10/2026,1,P03,P03_L01,SKU001,480,30,0,450,49.793,349,342,7,46.533
PR00001654,WO00001654,03/10/2026,2,P03,P03_L01,SKU001,480,0,0,480,49.793,327,320,7,40.875
PR00001655,WO00001655,03/10/2026,3,P03,P03_L01,SKU003,480,0,0,480,57.7,399,391,8,49.875
PR00001656,WO00001656,03/10/2026,1,P03,P03_L02,SKU002,480,0,0,480,56.6,380,366,14,47.5
PR00001657,WO00001657,03/10/2026,2,P03,P03_L02,SKU006,480,34,10,436,54.878,352,342,10,48.44
PR00001658,WO00001658,03/10/2026,3,P03,P03_L02,SKU004,480,18,0,462,56.6,354,340,14,45.974
PR00001659,WO00001659,03/10/2026,1,P03,P03_L03,SKU004,480,0,0,480,56.693,415,399,16,51.875
PR00001660,WO00001660,03/10/2026,2,P03,P03_L03,SKU003,480,0,0,480,58.1,417,408,9,52.125
PR00001661,WO00001661,03/10/2026,3,P03,P03_L03,SKU001,480,0,0,480,49.793,329,323,6,41.125
PR00001680,WO00001680,03/11/2026,1,P03,P03_L01,SKU003,480,0,0,480,57.7,403,398,5,50.375
PR00001681,WO00001681,03/11/2026,2,P03,P03_L01,SKU001,480,51,0,429,49.793,318,310,8,44.476
PR00001682,WO00001682,03/11/2026,3,P03,P03_L01,SKU001,480,0,96,384,49.793,259,252,7,40.469
PR00001683,WO00001683,03/11/2026,1,P03,P03_L02,SKU002,480,23,0,457,56.6,384,371,13,50.416
PR00001684,WO00001684,03/11/2026,2,P03,P03_L02,SKU006,480,0,51,429,54.878,346,337,9,48.392
PR00001685,WO00001685,03/11/2026,3,P03,P03_L02,SKU001,480,31,26,423,49.793,284,277,7,40.284
PR00001686,WO00001686,03/11/2026,1,P03,P03_L03,SKU007,480,0,0,480,58.1,411,404,7,51.375
PR00001687,WO00001687,03/11/2026,2,P03,P03_L03,SKU001,480,25,46,409,49.793,292,287,5,42.836
PR00001688,WO00001688,03/11/2026,3,P03,P03_L03,SKU001,480,23,82,375,49.793,264,259,5,42.24
PR00001707,WO00001707,03/12/2026,1,P03,P03_L01,SKU004,480,0,0,480,56.693,409,398,11,51.125
PR00001708,WO00001708,03/12/2026,2,P03,P03_L01,SKU001,480,29,0,451,49.793,319,312,7,42.439
PR00001709,WO00001709,03/12/2026,3,P03,P03_L01,SKU001,480,0,0,480,49.793,341,333,8,42.625
PR00001710,WO00001710,03/12/2026,1,P03,P03_L02,SKU004,480,32,0,448,56.6,358,348,10,47.946
PR00001711,WO00001711,03/12/2026,2,P03,P03_L02,SKU006,480,0,0,480,54.878,370,360,10,46.25
PR00001712,WO00001712,03/12/2026,3,P03,P03_L02,SKU008,480,0,0,480,56.6,380,373,7,47.5
PR00001713,WO00001713,03/12/2026,1,P03,P03_L03,SKU001,480,0,0,480,49.793,341,336,5,42.625
PR00001714,WO00001714,03/12/2026,2,P03,P03_L03,SKU006,480,31,0,449,54.878,359,349,10,47.973
PR00001715,WO00001715,03/12/2026,3,P03,P03_L03,SKU004,480,27,0,453,56.693,380,365,15,50.331
PR00001734,WO00001734,03/13/2026,1,P03,P03_L01,SKU001,480,0,0,480,49.793,369,364,5,46.125
PR00001735,WO00001735,03/13/2026,2,P03,P03_L01,SKU001,480,0,0,480,49.793,339,330,9,42.375
PR00001736,WO00001736,03/13/2026,3,P03,P03_L01,SKU001,480,0,0,480,49.793,342,335,7,42.75
PR00001737,WO00001737,03/13/2026,1,P03,P03_L02,SKU001,480,0,14,466,49.793,368,357,11,47.382
PR00001738,WO00001738,03/13/2026,2,P03,P03_L02,SKU001,480,0,0,480,49.793,339,331,8,42.375
PR00001739,WO00001739,03/13/2026,3,P03,P03_L02,SKU004,480,0,0,480,56.6,395,381,14,49.375
PR00001740,WO00001740,03/13/2026,1,P03,P03_L03,SKU008,480,0,48,432,58.1,361,354,7,50.139
PR00001741,WO00001741,03/13/2026,2,P03,P03_L03,SKU004,480,17,26,437,56.693,372,358,14,51.076
PR00001742,WO00001742,03/13/2026,3,P03,P03_L03,SKU001,480,0,0,480,49.793,331,323,8,41.375
PR00001756,WO00001756,03/14/2026,1,P03,P03_L01,SKU001,480,0,0,480,49.793,324,318,6,40.5
PR00001757,WO00001757,03/14/2026,2,P03,P03_L01,SKU006,480,20,0,460,54.878,368,359,9,48.0
PR00001758,WO00001758,03/14/2026,1,P03,P03_L02,SKU006,480,0,0,480,54.878,427,419,8,53.375
PR00001759,WO00001759,03/14/2026,2,P03,P03_L02,SKU006,480,0,0,480,54.878,408,394,14,51.0
PR00001760,WO00001760,03/14/2026,2,P03,P03_L03,SKU004,480,38,0,442,56.693,365,352,13,49.548
PR00001761,WO00001761,03/14/2026,3,P03,P03_L03,SKU001,480,0,5,475,49.793,316,308,8,39.916
PR00001774,WO00001774,03/15/2026,2,P03,P03_L01,SKU003,480,0,25,455,57.7,399,390,9,52.615
PR00001775,WO00001775,03/15/2026,3,P03,P03_L02,SKU006,480,38,0,442,54.878,340,328,12,46.154
PR00001776,WO00001776,03/15/2026,2,P03,P03_L03,SKU006,480,18,0,462,54.878,371,362,9,48.182
PR00001777,WO00001777,03/15/2026,3,P03,P03_L03,SKU003,480,32,0,448,58.1,354,346,8,47.411
PR00001796,WO00001796,03/16/2026,1,P03,P03_L01,SKU001,480,28,45,407,49.793,286,278,8,42.162
PR00001797,WO00001797,03/16/2026,2,P03,P03_L01,SKU004,480,0,0,480,56.693,387,376,11,48.375
PR00001798,WO00001798,03/16/2026,3,P03,P03_L01,SKU003,480,0,21,459,57.7,378,370,8,49.412
PR00001799,WO00001799,03/16/2026,1,P03,P03_L02,SKU001,480,29,0,451,49.793,324,316,8,43.104
PR00001800,WO00001800,03/16/2026,2,P03,P03_L02,SKU006,480,0,0,480,54.878,401,388,13,50.125
PR00001801,WO00001801,03/16/2026,3,P03,P03_L02,SKU002,480,29,171,280,56.6,207,198,9,44.357
PR00001802,WO00001802,03/16/2026,1,P03,P03_L03,SKU006,480,22,0,458,54.878,381,372,9,49.913
PR00001803,WO00001803,03/16/2026,2,P03,P03_L03,SKU003,480,34,0,446,58.1,407,398,9,54.753
PR00001804,WO00001804,03/16/2026,3,P03,P03_L03,SKU004,480,0,0,480,56.693,388,374,14,48.5
PR00001823,WO00001823,03/17/2026,1,P03,P03_L01,SKU003,480,0,0,480,57.7,432,425,7,54.0
PR00001824,WO00001824,03/17/2026,2,P03,P03_L01,SKU003,480,0,0,480,57.7,405,400,5,50.625
PR00001825,WO00001825,03/17/2026,3,P03,P03_L01,SKU004,480,26,0,454,56.693,341,327,14,45.066
PR00001826,WO00001826,03/17/2026,1,P03,P03_L02,SKU001,480,32,0,448,49.793,340,333,7,45.536
PR00001827,WO00001827,03/17/2026,2,P03,P03_L02,SKU005,480,51,20,409,50.42,285,277,8,41.809
PR00001828,WO00001828,03/17/2026,3,P03,P03_L02,SKU006,480,0,7,473,54.878,409,396,13,51.882
PR00001829,WO00001829,03/17/2026,1,P03,P03_L03,SKU006,480,43,0,437,54.878,386,372,14,52.998
PR00001830,WO00001830,03/17/2026,2,P03,P03_L03,SKU003,480,0,0,480,58.1,408,402,6,51.0
PR00001831,WO00001831,03/17/2026,3,P03,P03_L03,SKU004,480,0,33,447,56.693,347,335,12,46.577
PR00001850,WO00001850,03/18/2026,1,P03,P03_L01,SKU005,480,17,7,456,50.42,350,341,9,46.053
PR00001851,WO00001851,03/18/2026,2,P03,P03_L01,SKU001,480,0,0,480,49.793,349,340,9,43.625
PR00001852,WO00001852,03/18/2026,3,P03,P03_L01,SKU001,480,0,0,480,49.793,353,344,9,44.125
PR00001853,WO00001853,03/18/2026,1,P03,P03_L02,SKU002,480,65,0,415,56.6,348,337,11,50.313
PR00001854,WO00001854,03/18/2026,2,P03,P03_L02,SKU006,480,0,13,467,54.878,387,376,11,49.722
PR00001855,WO00001855,03/18/2026,3,P03,P03_L02,SKU001,480,27,0,453,49.793,287,280,7,38.013
PR00001856,WO00001856,03/18/2026,1,P03,P03_L03,SKU001,480,0,51,429,49.793,318,313,5,44.476
PR00001857,WO00001857,03/18/2026,2,P03,P03_L03,SKU003,480,0,0,480,58.1,437,426,11,54.625
PR00001858,WO00001858,03/18/2026,3,P03,P03_L03,SKU004,480,61,0,419,56.693,323,311,12,46.253
PR00001877,WO00001877,03/19/2026,1,P03,P03_L01,SKU001,480,0,0,480,49.793,365,357,8,45.625
PR00001878,WO00001878,03/19/2026,2,P03,P03_L01,SKU001,480,21,0,459,49.793,345,338,7,45.098
PR00001879,WO00001879,03/19/2026,3,P03,P03_L01,SKU004,480,29,0,451,56.693,345,333,12,45.898
PR00001880,WO00001880,03/19/2026,1,P03,P03_L02,SKU006,480,0,28,452,54.878,370,362,8,49.115
PR00001881,WO00001881,03/19/2026,2,P03,P03_L02,SKU006,480,0,0,480,54.878,405,395,10,50.625
PR00001882,WO00001882,03/19/2026,3,P03,P03_L02,SKU002,480,0,13,467,56.6,359,346,13,46.124
PR00001883,WO00001883,03/19/2026,1,P03,P03_L03,SKU004,480,0,0,480,56.693,424,407,17,53.0
PR00001884,WO00001884,03/19/2026,2,P03,P03_L03,SKU004,480,20,0,460,56.693,384,374,10,50.087
PR00001885,WO00001885,03/19/2026,3,P03,P03_L03,SKU006,480,20,0,460,54.878,354,343,11,46.174
PR00001904,WO00001904,03/20/2026,1,P03,P03_L01,SKU001,480,0,87,393,49.793,294,289,5,44.885
PR00001905,WO00001905,03/20/2026,2,P03,P03_L01,SKU001,480,0,0,480,49.793,337,329,8,42.125
PR00001906,WO00001906,03/20/2026,3,P03,P03_L01,SKU004,480,0,0,480,56.693,370,356,14,46.25
PR00001907,WO00001907,03/20/2026,1,P03,P03_L02,SKU004,480,0,0,480,56.6,415,402,13,51.875
PR00001908,WO00001908,03/20/2026,2,P03,P03_L02,SKU001,480,0,20,460,49.793,330,322,8,43.043
PR00001909,WO00001909,03/20/2026,3,P03,P03_L02,SKU006,480,0,0,480,54.878,370,358,12,46.25
PR00001910,WO00001910,03/20/2026,1,P03,P03_L03,SKU004,480,28,0,452,56.693,390,377,13,51.77
PR00001911,WO00001911,03/20/2026,2,P03,P03_L03,SKU003,480,0,0,480,58.1,414,405,9,51.75
PR00001912,WO00001912,03/20/2026,3,P03,P03_L03,SKU001,480,0,13,467,49.793,336,328,8,43.169
PR00001927,WO00001927,03/21/2026,3,P03,P03_L01,SKU001,480,43,0,437,49.793,303,294,9,41.602
PR00001928,WO00001928,03/21/2026,1,P03,P03_L02,SKU005,480,22,0,458,50.42,327,320,7,42.838
PR00001929,WO00001929,03/21/2026,2,P03,P03_L02,SKU001,480,0,12,468,49.793,343,334,9,43.974
PR00001930,WO00001930,03/21/2026,1,P03,P03_L03,SKU003,480,0,17,463,58.1,424,416,8,54.946
PR00001931,WO00001931,03/21/2026,2,P03,P03_L03,SKU004,480,31,0,449,56.693,376,363,13,50.245
PR00001942,WO00001942,03/22/2026,1,P03,P03_L01,SKU001,480,0,19,461,49.793,334,328,6,43.471
PR00001943,WO00001943,03/22/2026,2,P03,P03_L01,SKU006,480,36,0,444,54.878,371,362,9,50.135
PR00001944,WO00001944,03/22/2026,1,P03,P03_L02,SKU001,480,36,0,444,49.793,334,327,7,45.135
PR00001945,WO00001945,03/22/2026,2,P03,P03_L02,SKU001,480,32,7,441,49.793,339,332,7,46.122
PR00001946,WO00001946,03/22/2026,3,P03,P03_L02,SKU008,480,0,0,480,56.6,370,362,8,46.25
PR00001947,WO00001947,03/22/2026,1,P03,P03_L03,SKU003,480,25,0,455,58.1,405,397,8,53.407
PR00001948,WO00001948,03/22/2026,3,P03,P03_L03,SKU004,480,0,0,480,56.693,400,383,17,50.0
PR00001967,WO00001967,03/23/2026,1,P03,P03_L01,SKU004,480,0,0,480,56.693,398,384,14,49.75
PR00001968,WO00001968,03/23/2026,2,P03,P03_L01,SKU001,480,0,0,480,49.793,334,327,7,41.75
PR00001969,WO00001969,03/23/2026,3,P03,P03_L01,SKU003,480,0,0,480,57.7,412,401,11,51.5
PR00001970,WO00001970,03/23/2026,1,P03,P03_L02,SKU006,480,0,0,480,54.878,404,396,8,50.5
PR00001971,WO00001971,03/23/2026,2,P03,P03_L02,SKU001,480,0,0,480,49.793,367,359,8,45.875
PR00001972,WO00001972,03/23/2026,3,P03,P03_L02,SKU008,480,16,0,464,56.6,353,346,7,45.647
PR00001973,WO00001973,03/23/2026,1,P03,P03_L03,SKU001,480,0,0,480,49.793,335,328,7,41.875
PR00001974,WO00001974,03/23/2026,2,P03,P03_L03,SKU004,480,0,0,480,56.693,415,404,11,51.875
PR00001975,WO00001975,03/23/2026,3,P03,P03_L03,SKU004,480,25,0,455,56.693,352,339,13,46.418
PR00001994,WO00001994,03/24/2026,1,P03,P03_L01,SKU006,480,0,0,480,54.878,412,404,8,51.5
PR00001995,WO00001995,03/24/2026,2,P03,P03_L01,SKU007,480,0,0,480,57.7,393,390,3,49.125
PR00001996,WO00001996,03/24/2026,3,P03,P03_L01,SKU001,480,20,0,460,49.793,297,290,7,38.739
PR00001997,WO00001997,03/24/2026,1,P03,P03_L02,SKU004,480,0,0,480,56.6,400,391,9,50.0
PR00001998,WO00001998,03/24/2026,2,P03,P03_L02,SKU006,480,29,0,451,54.878,373,363,10,49.623
PR00001999,WO00001999,03/24/2026,3,P03,P03_L02,SKU004,480,0,0,480,56.6,390,376,14,48.75
PR00002000,WO00002000,03/24/2026,1,P03,P03_L03,SKU004,480,0,22,458,56.693,383,372,11,50.175
PR00002001,WO00002001,03/24/2026,2,P03,P03_L03,SKU003,480,0,35,445,58.1,385,377,8,51.91
PR00002002,WO00002002,03/24/2026,3,P03,P03_L03,SKU003,480,51,0,429,58.1,354,348,6,49.51
PR00002021,WO00002021,03/25/2026,1,P03,P03_L01,SKU004,480,0,0,480,56.693,380,369,11,47.5
PR00002022,WO00002022,03/25/2026,2,P03,P03_L01,SKU004,480,12,10,458,56.693,379,364,15,49.651
PR00002023,WO00002023,03/25/2026,3,P03,P03_L01,SKU003,480,0,0,480,57.7,392,385,7,49.0
PR00002024,WO00002024,03/25/2026,1,P03,P03_L02,SKU006,480,20,0,460,54.878,400,390,10,52.174
PR00002025,WO00002025,03/25/2026,2,P03,P03_L02,SKU006,480,16,0,464,54.878,393,379,14,50.819
PR00002026,WO00002026,03/25/2026,3,P03,P03_L02,SKU006,480,0,0,480,54.878,401,390,11,50.125
PR00002027,WO00002027,03/25/2026,1,P03,P03_L03,SKU004,480,26,0,454,56.693,366,355,11,48.37
PR00002028,WO00002028,03/25/2026,2,P03,P03_L03,SKU004,480,54,0,426,56.693,347,334,13,48.873
PR00002029,WO00002029,03/25/2026,3,P03,P03_L03,SKU001,480,36,34,410,49.793,277,272,5,40.537
PR00002048,WO00002048,03/26/2026,1,P03,P03_L01,SKU004,480,0,0,480,56.693,421,408,13,52.625
PR00002049,WO00002049,03/26/2026,2,P03,P03_L01,SKU001,480,27,0,453,49.793,334,326,8,44.238
PR00002050,WO00002050,03/26/2026,3,P03,P03_L01,SKU004,480,21,0,459,56.693,370,359,11,48.366
PR00002051,WO00002051,03/26/2026,1,P03,P03_L02,SKU001,480,20,0,460,49.793,331,325,6,43.174
PR00002052,WO00002052,03/26/2026,2,P03,P03_L02,SKU002,480,40,0,440,56.6,358,343,15,48.818
PR00002053,WO00002053,03/26/2026,3,P03,P03_L02,SKU006,480,0,0,480,54.878,392,381,11,49.0
PR00002054,WO00002054,03/26/2026,1,P03,P03_L03,SKU004,480,0,0,480,56.693,410,399,11,51.25
PR00002055,WO00002055,03/26/2026,2,P03,P03_L03,SKU004,480,0,0,480,56.693,408,395,13,51.0
PR00002056,WO00002056,03/26/2026,3,P03,P03_L03,SKU004,480,0,0,480,56.693,365,353,12,45.625
PR00002075,WO00002075,03/27/2026,1,P03,P03_L01,SKU001,480,41,0,439,49.793,326,320,6,44.556
PR00002076,WO00002076,03/27/2026,2,P03,P03_L01,SKU004,480,0,0,480,56.693,386,376,10,48.25
PR00002077,WO00002077,03/27/2026,3,P03,P03_L01,SKU003,480,0,0,480,57.7,406,398,8,50.75
PR00002078,WO00002078,03/27/2026,1,P03,P03_L02,SKU006,480,0,0,480,54.878,395,384,11,49.375
PR00002079,WO00002079,03/27/2026,2,P03,P03_L02,SKU006,480,0,21,459,54.878,374,364,10,48.889
PR00002080,WO00002080,03/27/2026,3,P03,P03_L02,SKU006,480,0,0,480,54.878,380,366,14,47.5
PR00002081,WO00002081,03/27/2026,1,P03,P03_L03,SKU007,480,16,0,464,58.1,425,420,5,54.957
PR00002082,WO00002082,03/27/2026,2,P03,P03_L03,SKU003,480,60,0,420,58.1,383,376,7,54.714
PR00002083,WO00002083,03/27/2026,3,P03,P03_L03,SKU001,480,0,0,480,49.793,332,324,8,41.5
PR00002095,WO00002095,03/28/2026,2,P03,P03_L01,SKU001,480,46,0,434,49.793,329,324,5,45.484
PR00002096,WO00002096,03/28/2026,3,P03,P03_L01,SKU003,480,29,25,426,57.7,341,334,7,48.028
PR00002097,WO00002097,03/28/2026,1,P03,P03_L02,SKU008,480,0,0,480,56.6,408,402,6,51.0
PR00002098,WO00002098,03/28/2026,2,P03,P03_L02,SKU001,480,49,13,418,49.793,300,292,8,43.062
PR00002099,WO00002099,03/28/2026,3,P03,P03_L02,SKU006,480,0,40,440,54.878,330,321,9,45.0
PR00002100,WO00002100,03/28/2026,1,P03,P03_L03,SKU003,480,0,0,480,58.1,439,429,10,54.875
PR00002101,WO00002101,03/28/2026,2,P03,P03_L03,SKU003,480,15,0,465,58.1,445,435,10,57.419
PR00002102,WO00002102,03/28/2026,3,P03,P03_L03,SKU004,480,31,7,442,56.693,353,338,15,47.919
PR00002114,WO00002114,03/29/2026,1,P03,P03_L01,SKU005,480,37,0,443,50.42,325,317,8,44.018
PR00002115,WO00002115,03/29/2026,2,P03,P03_L01,SKU004,480,0,0,480,56.693,400,387,13,50.0
PR00002116,WO00002116,03/29/2026,3,P03,P03_L01,SKU001,480,27,0,453,49.793,294,286,8,38.94
PR00002117,WO00002117,03/29/2026,2,P03,P03_L02,SKU006,480,33,0,447,54.878,367,357,10,49.262
PR00002118,WO00002118,03/29/2026,1,P03,P03_L03,SKU004,480,38,0,442,56.693,364,350,14,49.412
PR00002119,WO00002119,03/29/2026,2,P03,P03_L03,SKU003,480,0,21,459,58.1,412,402,10,53.856
PR00002120,WO00002120,03/29/2026,3,P03,P03_L03,SKU004,480,0,0,480,56.693,353,338,15,44.125
PR00002139,WO00002139,03/30/2026,1,P03,P03_L01,SKU004,480,0,49,431,56.693,373,360,13,51.926
PR00002140,WO00002140,03/30/2026,2,P03,P03_L01,SKU003,480,63,35,382,57.7,345,337,8,54.188
PR00002141,WO00002141,03/30/2026,3,P03,P03_L01,SKU003,480,0,32,448,57.7,364,358,6,48.75
PR00002142,WO00002142,03/30/2026,1,P03,P03_L02,SKU006,480,0,0,480,54.878,396,385,11,49.5
PR00002143,WO00002143,03/30/2026,2,P03,P03_L02,SKU007,480,0,0,480,56.6,401,397,4,50.125
PR00002144,WO00002144,03/30/2026,3,P03,P03_L02,SKU006,480,0,0,480,54.878,393,380,13,49.125
PR00002145,WO00002145,03/30/2026,1,P03,P03_L03,SKU001,480,17,0,463,49.793,339,331,8,43.931
PR00002146,WO00002146,03/30/2026,2,P03,P03_L03,SKU007,480,45,0,435,58.1,359,356,3,49.517
PR00002147,WO00002147,03/30/2026,3,P03,P03_L03,SKU003,480,80,48,352,58.1,305,300,5,51.989
PR00002166,WO00002166,03/31/2026,1,P03,P03_L01,SKU003,480,0,0,480,57.7,433,424,9,54.125
PR00002167,WO00002167,03/31/2026,2,P03,P03_L01,SKU004,480,33,0,447,56.693,358,347,11,48.054
PR00002168,WO00002168,03/31/2026,3,P03,P03_L01,SKU001,480,0,0,480,49.793,341,331,10,42.625
PR00002169,WO00002169,03/31/2026,1,P03,P03_L02,SKU006,480,0,0,480,54.878,413,401,12,51.625
PR00002170,WO00002170,03/31/2026,2,P03,P03_L02,SKU001,480,21,0,459,49.793,337,327,10,44.052
PR00002171,WO00002171,03/31/2026,3,P03,P03_L02,SKU002,480,32,0,448,56.6,336,323,13,45.0
PR00002172,WO00002172,03/31/2026,1,P03,P03_L03,SKU004,480,24,0,456,56.693,392,381,11,51.579
PR00002173,WO00002173,03/31/2026,2,P03,P03_L03,SKU001,480,0,0,480,49.793,357,348,9,44.625
PR00002174,WO00002174,03/31/2026,3,P03,P03_L03,SKU006,480,0,0,480,54.878,387,375,12,48.375
PR00002193,WO00002193,04/01/2026,1,P03,P03_L01,SKU004,480,42,0,438,56.693,372,361,11,50.959
PR00002194,WO00002194,04/01/2026,2,P03,P03_L01,SKU004,480,26,0,454,56.693,380,366,14,50.22
PR00002195,WO00002195,04/01/2026,3,P03,P03_L01,SKU001,480,13,0,467,49.793,307,302,5,39.443
PR00002196,WO00002196,04/01/2026,1,P03,P03_L02,SKU008,480,32,0,448,56.6,365,361,4,48.884
PR00002197,WO00002197,04/01/2026,2,P03,P03_L02,SKU001,480,0,0,480,49.793,331,324,7,41.375
PR00002198,WO00002198,04/01/2026,3,P03,P03_L02,SKU001,480,0,56,424,49.793,280,274,6,39.623
PR00002199,WO00002199,04/01/2026,1,P03,P03_L03,SKU003,480,0,21,459,58.1,442,433,9,57.778
PR00002200,WO00002200,04/01/2026,2,P03,P03_L03,SKU004,480,18,25,437,56.693,389,374,15,53.41
PR00002201,WO00002201,04/01/2026,3,P03,P03_L03,SKU004,480,0,0,480,56.693,363,348,15,45.375
PR00002220,WO00002220,04/02/2026,1,P03,P03_L01,SKU001,480,0,41,439,49.793,325,320,5,44.419
PR00002221,WO00002221,04/02/2026,2,P03,P03_L01,SKU004,480,0,0,480,56.693,412,398,14,51.5
PR00002222,WO00002222,04/02/2026,3,P03,P03_L01,SKU001,480,0,0,480,49.793,318,311,7,39.75
PR00002223,WO00002223,04/02/2026,1,P03,P03_L02,SKU006,480,16,0,464,54.878,401,392,9,51.853
PR00002224,WO00002224,04/02/2026,2,P03,P03_L02,SKU006,480,89,0,391,54.878,319,309,10,48.951
PR00002225,WO00002225,04/02/2026,3,P03,P03_L02,SKU002,480,0,0,480,56.6,350,337,13,43.75
PR00002226,WO00002226,04/02/2026,1,P03,P03_L03,SKU006,480,0,4,476,54.878,407,399,8,51.303
PR00002227,WO00002227,04/02/2026,2,P03,P03_L03,SKU004,480,0,50,430,56.693,359,346,13,50.093
PR00002228,WO00002228,04/02/2026,3,P03,P03_L03,SKU001,480,36,0,444,49.793,317,312,5,42.838
PR00002247,WO00002247,04/03/2026,1,P03,P03_L01,SKU001,480,0,0,480,49.793,374,366,8,46.75
PR00002248,WO00002248,04/03/2026,2,P03,P03_L01,SKU004,480,0,116,364,56.693,290,279,11,47.802
PR00002249,WO00002249,04/03/2026,3,P03,P03_L01,SKU001,480,38,19,423,49.793,305,300,5,43.262
PR00002250,WO00002250,04/03/2026,1,P03,P03_L02,SKU006,480,0,40,440,54.878,396,388,8,54.0
PR00002251,WO00002251,04/03/2026,2,P03,P03_L02,SKU006,480,0,0,480,54.878,390,380,10,48.75
PR00002252,WO00002252,04/03/2026,3,P03,P03_L02,SKU006,480,16,13,451,54.878,385,373,12,51.22
PR00002253,WO00002253,04/03/2026,1,P03,P03_L03,SKU002,480,19,0,461,58.1,394,381,13,51.28
PR00002254,WO00002254,04/03/2026,2,P03,P03_L03,SKU001,480,16,82,382,49.793,269,263,6,42.251
PR00002255,WO00002255,04/03/2026,3,P03,P03_L03,SKU003,480,31,0,449,58.1,372,362,10,49.71
PR00002269,WO00002269,04/04/2026,2,P03,P03_L01,SKU002,480,43,0,437,57.7,350,335,15,48.055
PR00002270,WO00002270,04/04/2026,2,P03,P03_L02,SKU002,480,0,0,480,56.6,385,373,12,48.125
PR00002271,WO00002271,04/04/2026,3,P03,P03_L02,SKU002,480,30,0,450,56.6,342,328,14,45.6
PR00002272,WO00002272,04/04/2026,1,P03,P03_L03,SKU008,480,38,0,442,58.1,357,353,4,48.462
PR00002273,WO00002273,04/04/2026,2,P03,P03_L03,SKU003,480,54,0,426,58.1,376,368,8,52.958
PR00002274,WO00002274,04/04/2026,3,P03,P03_L03,SKU001,480,0,0,480,49.793,336,328,8,42.0
PR00002285,WO00002285,04/05/2026,1,P03,P03_L01,SKU003,480,0,26,454,57.7,385,378,7,50.881
PR00002286,WO00002286,04/05/2026,2,P03,P03_L01,SKU006,480,0,0,480,54.878,411,398,13,51.375
PR00002287,WO00002287,04/05/2026,3,P03,P03_L01,SKU001,480,0,0,480,49.793,359,349,10,44.875
PR00002288,WO00002288,04/05/2026,1,P03,P03_L02,SKU004,480,20,0,460,56.6,397,382,15,51.783
PR00002289,WO00002289,04/05/2026,2,P03,P03_L02,SKU006,480,0,35,445,54.878,363,354,9,48.944
PR00002290,WO00002290,04/05/2026,1,P03,P03_L03,SKU003,480,17,0,463,58.1,409,401,8,53.002
PR00002291,WO00002291,04/05/2026,2,P03,P03_L03,SKU004,480,29,10,441,56.693,355,341,14,48.299
PR00002292,WO00002292,04/05/2026,3,P03,P03_L03,SKU006,480,0,0,480,54.878,389,377,12,48.625
PR00002311,WO00002311,04/06/2026,1,P03,P03_L01,SKU004,480,0,0,480,56.693,425,415,10,53.125
PR00002312,WO00002312,04/06/2026,2,P03,P03_L01,SKU004,480,26,0,454,56.693,364,350,14,48.106
PR00002313,WO00002313,04/06/2026,3,P03,P03_L01,SKU005,480,14,0,466,50.42,310,303,7,39.914
PR00002314,WO00002314,04/06/2026,1,P03,P03_L02,SKU008,480,0,0,480,56.6,399,392,7,49.875
PR00002315,WO00002315,04/06/2026,2,P03,P03_L02,SKU006,480,0,0,480,54.878,390,380,10,48.75
PR00002316,WO00002316,04/06/2026,3,P03,P03_L02,SKU006,480,0,0,480,54.878,356,345,11,44.5
PR00002317,WO00002317,04/06/2026,1,P03,P03_L03,SKU006,480,0,0,480,54.878,395,385,10,49.375
PR00002318,WO00002318,04/06/2026,2,P03,P03_L03,SKU004,480,33,0,447,56.693,354,344,10,47.517
PR00002319,WO00002319,04/06/2026,3,P03,P03_L03,SKU004,480,0,0,480,56.693,381,368,13,47.625
PR00002338,WO00002338,04/07/2026,1,P03,P03_L01,SKU003,480,18,0,462,57.7,413,402,11,53.636
PR00002339,WO00002339,04/07/2026,2,P03,P03_L01,SKU001,480,0,0,480,49.793,330,323,7,41.25
PR00002340,WO00002340,04/07/2026,3,P03,P03_L01,SKU003,480,0,42,438,57.7,362,354,8,49.589
PR00002341,WO00002341,04/07/2026,1,P03,P03_L02,SKU006,480,50,0,430,54.878,347,340,7,48.419
PR00002342,WO00002342,04/07/2026,2,P03,P03_L02,SKU001,480,18,0,462,49.793,320,312,8,41.558
PR00002343,WO00002343,04/07/2026,3,P03,P03_L02,SKU008,480,26,0,454,56.6,358,352,6,47.313
PR00002344,WO00002344,04/07/2026,1,P03,P03_L03,SKU004,480,0,0,480,56.693,410,397,13,51.25
PR00002345,WO00002345,04/07/2026,2,P03,P03_L03,SKU003,480,0,0,480,58.1,456,446,10,57.0
PR00002346,WO00002346,04/07/2026,3,P03,P03_L03,SKU004,480,57,0,423,56.693,329,318,11,46.667
PR00002365,WO00002365,04/08/2026,1,P03,P03_L01,SKU001,480,63,0,417,49.793,316,308,8,45.468
PR00002366,WO00002366,04/08/2026,2,P03,P03_L01,SKU005,480,0,0,480,50.42,321,312,9,40.125
PR00002367,WO00002367,04/08/2026,3,P03,P03_L01,SKU004,480,27,0,453,56.693,356,345,11,47.152
PR00002368,WO00002368,04/08/2026,1,P03,P03_L02,SKU006,480,15,12,453,54.878,394,382,12,52.185
PR00002369,WO00002369,04/08/2026,2,P03,P03_L02,SKU006,480,67,12,401,54.878,335,325,10,50.125
PR00002370,WO00002370,04/08/2026,3,P03,P03_L02,SKU002,480,0,18,462,56.6,352,336,16,45.714
PR00002371,WO00002371,04/08/2026,1,P03,P03_L03,SKU004,480,0,0,480,56.693,402,388,14,50.25
PR00002372,WO00002372,04/08/2026,2,P03,P03_L03,SKU004,480,0,0,480,56.693,368,354,14,46.0
PR00002373,WO00002373,04/08/2026,3,P03,P03_L03,SKU004,480,0,12,468,56.693,358,345,13,45.897
PR00002392,WO00002392,04/09/2026,1,P03,P03_L01,SKU001,480,31,9,440,49.793,327,319,8,44.591
PR00002393,WO00002393,04/09/2026,2,P03,P03_L01,SKU003,480,0,9,471,57.7,407,397,10,51.847
PR00002394,WO00002394,04/09/2026,3,P03,P03_L01,SKU001,480,28,0,452,49.793,299,290,9,39.69
PR00002395,WO00002395,04/09/2026,1,P03,P03_L02,SKU006,480,0,94,386,54.878,345,337,8,53.627
PR00002396,WO00002396,04/09/2026,2,P03,P03_L02,SKU001,480,0,13,467,49.793,345,338,7,44.325
PR00002397,WO00002397,04/09/2026,3,P03,P03_L02,SKU005,480,36,0,444,50.42,295,289,6,39.865
PR00002398,WO00002398,04/09/2026,1,P03,P03_L03,SKU003,480,63,0,417,58.1,354,349,5,50.935
PR00002399,WO00002399,04/09/2026,2,P03,P03_L03,SKU004,480,55,0,425,56.693,373,360,13,52.659
PR00002400,WO00002400,04/09/2026,3,P03,P03_L03,SKU004,480,49,60,371,56.693,295,285,10,47.709
PR00002419,WO00002419,04/10/2026,1,P03,P03_L01,SKU004,480,27,0,453,56.693,376,365,11,49.801
PR00002420,WO00002420,04/10/2026,2,P03,P03_L01,SKU004,480,0,19,461,56.693,392,379,13,51.02
PR00002421,WO00002421,04/10/2026,3,P03,P03_L01,SKU001,480,0,0,480,49.793,343,333,10,42.875
PR00002422,WO00002422,04/10/2026,1,P03,P03_L02,SKU008,480,19,0,461,56.6,379,374,5,49.328
PR00002423,WO00002423,04/10/2026,2,P03,P03_L02,SKU001,480,18,0,462,49.793,324,317,7,42.078
PR00002424,WO00002424,04/10/2026,3,P03,P03_L02,SKU001,480,0,0,480,49.793,334,325,9,41.75
PR00002425,WO00002425,04/10/2026,1,P03,P03_L03,SKU001,480,22,0,458,49.793,344,340,4,45.066
PR00002426,WO00002426,04/10/2026,2,P03,P03_L03,SKU001,480,0,0,480,49.793,352,348,4,44.0
PR00002427,WO00002427,04/10/2026,3,P03,P03_L03,SKU004,480,0,12,468,56.693,368,354,14,47.179
PR00002439,WO00002439,04/11/2026,3,P03,P03_L01,SKU003,480,26,0,454,57.7,377,368,9,49.824
PR00002440,WO00002440,04/11/2026,2,P03,P03_L02,SKU002,480,0,61,419,56.6,313,304,9,44.821
PR00002441,WO00002441,04/11/2026,3,P03,P03_L02,SKU006,480,23,0,457,54.878,358,348,10,47.002
PR00002454,WO00002454,04/12/2026,2,P03,P03_L01,SKU006,480,0,0,480,54.878,411,401,10,51.375
PR00002455,WO00002455,04/12/2026,3,P03,P03_L01,SKU004,480,24,0,456,56.693,356,343,13,46.842
PR00002456,WO00002456,04/12/2026,1,P03,P03_L02,SKU001,480,0,24,456,49.793,343,336,7,45.132
PR00002457,WO00002457,04/12/2026,2,P03,P03_L02,SKU002,480,48,0,432,56.6,356,343,13,49.444
PR00002458,WO00002458,04/12/2026,3,P03,P03_L02,SKU006,480,56,0,424,54.878,322,311,11,45.566
PR00002459,WO00002459,04/12/2026,2,P03,P03_L03,SKU001,480,0,0,480,49.793,338,332,6,42.25
PR00002460,WO00002460,04/12/2026,3,P03,P03_L03,SKU001,480,42,0,438,49.793,291,283,8,39.863
PR00002479,WO00002479,04/13/2026,1,P03,P03_L01,SKU001,480,0,0,480,49.793,366,357,9,45.75
PR00002480,WO00002480,04/13/2026,2,P03,P03_L01,SKU001,480,0,0,480,49.793,356,348,8,44.5
PR00002481,WO00002481,04/13/2026,3,P03,P03_L01,SKU001,480,0,19,461,49.793,324,318,6,42.169
PR00002482,WO00002482,04/13/2026,1,P03,P03_L02,SKU006,480,16,39,425,54.878,350,343,7,49.412
PR00002483,WO00002483,04/13/2026,2,P03,P03_L02,SKU006,480,24,0,456,54.878,389,380,9,51.184
PR00002484,WO00002484,04/13/2026,3,P03,P03_L02,SKU001,480,73,13,394,49.793,297,288,9,45.228
PR00002485,WO00002485,04/13/2026,1,P03,P03_L03,SKU001,480,0,0,480,49.793,341,333,8,42.625
PR00002486,WO00002486,04/13/2026,2,P03,P03_L03,SKU001,480,77,0,403,49.793,303,294,9,45.112
PR00002487,WO00002487,04/13/2026,3,P03,P03_L03,SKU004,480,0,0,480,56.693,367,356,11,45.875
PR00002506,WO00002506,04/14/2026,1,P03,P03_L01,SKU001,480,0,0,480,49.793,364,356,8,45.5
PR00002507,WO00002507,04/14/2026,2,P03,P03_L01,SKU001,480,17,0,463,49.793,332,324,8,43.024
PR00002508,WO00002508,04/14/2026,3,P03,P03_L01,SKU003,480,0,13,467,57.7,391,386,5,50.236
PR00002509,WO00002509,04/14/2026,1,P03,P03_L02,SKU001,480,0,0,480,49.793,344,339,5,43.0
PR00002510,WO00002510,04/14/2026,2,P03,P03_L02,SKU001,480,15,0,465,49.793,340,331,9,43.871
PR00002511,WO00002511,04/14/2026,3,P03,P03_L02,SKU006,480,32,0,448,54.878,369,355,14,49.42
PR00002512,WO00002512,04/14/2026,1,P03,P03_L03,SKU001,480,24,117,339,49.793,249,244,5,44.071
PR00002513,WO00002513,04/14/2026,2,P03,P03_L03,SKU003,480,0,0,480,58.1,428,418,10,53.5
PR00002514,WO00002514,04/14/2026,3,P03,P03_L03,SKU003,480,0,0,480,58.1,395,386,9,49.375
PR00002533,WO00002533,04/15/2026,1,P03,P03_L01,SKU001,480,0,0,480,49.793,384,376,8,48.0
PR00002534,WO00002534,04/15/2026,2,P03,P03_L01,SKU003,480,0,0,480,57.7,423,416,7,52.875
PR00002535,WO00002535,04/15/2026,3,P03,P03_L01,SKU003,480,33,0,447,57.7,382,375,7,51.275
PR00002536,WO00002536,04/15/2026,1,P03,P03_L02,SKU006,480,0,0,480,54.878,412,401,11,51.5
PR00002537,WO00002537,04/15/2026,2,P03,P03_L02,SKU006,480,0,56,424,54.878,332,325,7,46.981
PR00002538,WO00002538,04/15/2026,3,P03,P03_L02,SKU004,480,0,0,480,56.6,396,381,15,49.5
PR00002539,WO00002539,04/15/2026,1,P03,P03_L03,SKU004,480,0,28,452,56.693,395,383,12,52.434
PR00002540,WO00002540,04/15/2026,2,P03,P03_L03,SKU001,480,0,0,480,49.793,351,342,9,43.875
PR00002541,WO00002541,04/15/2026,3,P03,P03_L03,SKU003,480,26,0,454,58.1,363,356,7,47.974
PR00002560,WO00002560,04/16/2026,1,P03,P03_L01,SKU004,480,31,38,411,56.693,367,354,13,53.577
PR00002561,WO00002561,04/16/2026,2,P03,P03_L01,SKU003,480,0,0,480,57.7,395,385,10,49.375
PR00002562,WO00002562,04/16/2026,3,P03,P03_L01,SKU005,480,0,0,480,50.42,320,313,7,40.0
PR00002563,WO00002563,04/16/2026,1,P03,P03_L02,SKU008,480,0,0,480,56.6,384,380,4,48.0
PR00002564,WO00002564,04/16/2026,2,P03,P03_L02,SKU004,480,36,0,444,56.6,398,385,13,53.784
PR00002565,WO00002565,04/16/2026,3,P03,P03_L02,SKU006,480,19,11,450,54.878,345,335,10,46.0
PR00002566,WO00002566,04/16/2026,1,P03,P03_L03,SKU004,480,0,0,480,56.693,408,394,14,51.0
PR00002567,WO00002567,04/16/2026,2,P03,P03_L03,SKU004,480,0,0,480,56.693,394,379,15,49.25
PR00002568,WO00002568,04/16/2026,3,P03,P03_L03,SKU008,480,31,0,449,58.1,363,359,4,48.508
PR00002587,WO00002587,04/17/2026,1,P03,P03_L01,SKU001,480,0,4,476,49.793,350,344,6,44.118
PR00002588,WO00002588,04/17/2026,2,P03,P03_L01,SKU003,480,21,0,459,57.7,382,378,4,49.935
PR00002589,WO00002589,04/17/2026,3,P03,P03_L01,SKU001,480,0,0,480,49.793,332,324,8,41.5
PR00002590,WO00002590,04/17/2026,1,P03,P03_L02,SKU002,480,19,82,379,56.6,310,298,12,49.077
PR00002591,WO00002591,04/17/2026,2,P03,P03_L02,SKU006,480,0,0,480,54.878,409,394,15,51.125
PR00002592,WO00002592,04/17/2026,3,P03,P03_L02,SKU001,480,17,0,463,49.793,302,296,6,39.136
PR00002593,WO00002593,04/17/2026,1,P03,P03_L03,SKU001,480,40,0,440,49.793,304,296,8,41.455
PR00002594,WO00002594,04/17/2026,2,P03,P03_L03,SKU003,480,0,0,480,58.1,421,412,9,52.625
PR00002595,WO00002595,04/17/2026,3,P03,P03_L03,SKU003,480,0,0,480,58.1,403,396,7,50.375
PR00002607,WO00002607,04/18/2026,1,P03,P03_L01,SKU001,480,0,0,480,49.793,348,341,7,43.5
PR00002608,WO00002608,04/18/2026,2,P03,P03_L01,SKU004,480,0,0,480,56.693,376,363,13,47.0
PR00002609,WO00002609,04/18/2026,3,P03,P03_L01,SKU004,480,21,0,459,56.693,367,353,14,47.974
PR00002610,WO00002610,04/18/2026,1,P03,P03_L02,SKU008,480,0,33,447,56.6,328,325,3,44.027
PR00002611,WO00002611,04/18/2026,2,P03,P03_L02,SKU001,480,23,0,457,49.793,311,304,7,40.832
PR00002612,WO00002612,04/18/2026,2,P03,P03_L03,SKU006,480,0,0,480,54.878,383,370,13,47.875
PR00002624,WO00002624,04/19/2026,1,P03,P03_L01,SKU004,480,43,0,437,56.693,362,350,12,49.703
PR00002625,WO00002625,04/19/2026,2,P03,P03_L01,SKU001,480,0,123,357,49.793,240,234,6,40.336
PR00002626,WO00002626,04/19/2026,2,P03,P03_L02,SKU008,480,0,0,480,56.6,356,350,6,44.5
PR00002627,WO00002627,04/19/2026,3,P03,P03_L02,SKU001,480,41,0,439,49.793,302,295,7,41.276
PR00002628,WO00002628,04/19/2026,1,P03,P03_L03,SKU006,480,0,0,480,54.878,427,419,8,53.375
PR00002629,WO00002629,04/19/2026,3,P03,P03_L03,SKU004,480,0,0,480,56.693,371,358,13,46.375
PR00002648,WO00002648,04/20/2026,1,P03,P03_L01,SKU001,480,0,47,433,49.793,322,315,7,44.619
PR00002649,WO00002649,04/20/2026,2,P03,P03_L01,SKU001,480,0,0,480,49.793,324,317,7,40.5
PR00002650,WO00002650,04/20/2026,3,P03,P03_L01,SKU003,480,0,0,480,57.7,421,410,11,52.625
PR00002651,WO00002651,04/20/2026,1,P03,P03_L02,SKU008,480,76,0,404,56.6,331,327,4,49.158
PR00002652,WO00002652,04/20/2026,2,P03,P03_L02,SKU006,480,77,21,382,54.878,306,296,10,48.063
PR00002653,WO00002653,04/20/2026,3,P03,P03_L02,SKU008,480,0,0,480,56.6,380,372,8,47.5
PR00002654,WO00002654,04/20/2026,1,P03,P03_L03,SKU001,480,30,0,450,49.793,353,345,8,47.067
PR00002655,WO00002655,04/20/2026,2,P03,P03_L03,SKU004,480,0,0,480,56.693,392,376,16,49.0
PR00002656,WO00002656,04/20/2026,3,P03,P03_L03,SKU001,480,0,0,480,49.793,331,325,6,41.375
PR00002675,WO00002675,04/21/2026,1,P03,P03_L01,SKU001,480,0,0,480,49.793,353,344,9,44.125
PR00002676,WO00002676,04/21/2026,2,P03,P03_L01,SKU001,480,0,0,480,49.793,359,352,7,44.875
PR00002677,WO00002677,04/21/2026,3,P03,P03_L01,SKU001,480,21,0,459,49.793,311,303,8,40.654
PR00002678,WO00002678,04/21/2026,1,P03,P03_L02,SKU006,480,0,0,480,54.878,395,384,11,49.375
PR00002679,WO00002679,04/21/2026,2,P03,P03_L02,SKU008,480,0,0,480,56.6,369,362,7,46.125
PR00002680,WO00002680,04/21/2026,3,P03,P03_L02,SKU006,480,0,0,480,54.878,377,365,12,47.125
PR00002681,WO00002681,04/21/2026,1,P03,P03_L03,SKU007,480,36,0,444,58.1,385,380,5,52.027
PR00002682,WO00002682,04/21/2026,2,P03,P03_L03,SKU004,480,0,107,373,56.693,305,294,11,49.062
PR00002683,WO00002683,04/21/2026,3,P03,P03_L03,SKU003,480,0,0,480,58.1,391,380,11,48.875
PR00002702,WO00002702,04/22/2026,1,P03,P03_L01,SKU001,480,0,20,460,49.793,359,350,9,46.826
PR00002703,WO00002703,04/22/2026,2,P03,P03_L01,SKU001,480,0,0,480,49.793,344,335,9,43.0
PR00002704,WO00002704,04/22/2026,3,P03,P03_L01,SKU003,480,0,54,426,57.7,363,356,7,51.127
PR00002705,WO00002705,04/22/2026,1,P03,P03_L02,SKU008,480,0,0,480,56.6,370,365,5,46.25
PR00002706,WO00002706,04/22/2026,2,P03,P03_L02,SKU001,480,24,0,456,49.793,304,295,9,40.0
PR00002707,WO00002707,04/22/2026,3,P03,P03_L02,SKU006,480,0,0,480,54.878,379,369,10,47.375
PR00002708,WO00002708,04/22/2026,1,P03,P03_L03,SKU003,480,0,39,441,58.1,409,398,11,55.646
PR00002709,WO00002709,04/22/2026,2,P03,P03_L03,SKU001,480,28,0,452,49.793,335,327,8,44.469
PR00002710,WO00002710,04/22/2026,3,P03,P03_L03,SKU004,480,32,0,448,56.693,368,353,15,49.286
PR00002729,WO00002729,04/23/2026,1,P03,P03_L01,SKU003,480,35,0,445,57.7,403,399,4,54.337
PR00002730,WO00002730,04/23/2026,2,P03,P03_L01,SKU001,480,0,0,480,49.793,350,345,5,43.75
PR00002731,WO00002731,04/23/2026,3,P03,P03_L01,SKU004,480,33,0,447,56.693,349,337,12,46.846
PR00002732,WO00002732,04/23/2026,1,P03,P03_L02,SKU002,480,0,0,480,56.6,384,372,12,48.0
PR00002733,WO00002733,04/23/2026,2,P03,P03_L02,SKU002,480,18,0,462,56.6,381,365,16,49.481
PR00002734,WO00002734,04/23/2026,3,P03,P03_L02,SKU001,480,0,0,480,49.793,313,305,8,39.125
PR00002735,WO00002735,04/23/2026,1,P03,P03_L03,SKU006,480,39,0,441,54.878,369,358,11,50.204
PR00002736,WO00002736,04/23/2026,2,P03,P03_L03,SKU003,480,0,42,438,58.1,393,386,7,53.836
PR00002737,WO00002737,04/23/2026,3,P03,P03_L03,SKU004,480,0,0,480,56.693,384,368,16,48.0
PR00002756,WO00002756,04/24/2026,1,P03,P03_L01,SKU003,480,0,0,480,57.7,418,413,5,52.25
PR00002757,WO00002757,04/24/2026,2,P03,P03_L01,SKU004,480,0,0,480,56.693,412,397,15,51.5
PR00002758,WO00002758,04/24/2026,3,P03,P03_L01,SKU001,480,42,0,438,49.793,293,286,7,40.137
PR00002759,WO00002759,04/24/2026,1,P03,P03_L02,SKU006,480,0,0,480,54.878,417,403,14,52.125
PR00002760,WO00002760,04/24/2026,2,P03,P03_L02,SKU001,480,30,0,450,49.793,327,317,10,43.6
PR00002761,WO00002761,04/24/2026,3,P03,P03_L02,SKU006,480,28,0,452,54.878,376,367,9,49.912
PR00002762,WO00002762,04/24/2026,1,P03,P03_L03,SKU004,480,0,40,440,56.693,361,349,12,49.227
PR00002763,WO00002763,04/24/2026,2,P03,P03_L03,SKU001,480,0,0,480,49.793,333,326,7,41.625
PR00002764,WO00002764,04/24/2026,3,P03,P03_L03,SKU004,480,50,0,430,56.693,339,326,13,47.302
PR00002775,WO00002775,04/25/2026,1,P03,P03_L01,SKU001,480,52,19,409,49.793,302,297,5,44.303
PR00002776,WO00002776,04/25/2026,3,P03,P03_L01,SKU007,480,16,0,464,57.7,364,361,3,47.069
PR00002777,WO00002777,04/25/2026,1,P03,P03_L02,SKU004,480,27,0,453,56.6,376,364,12,49.801
PR00002778,WO00002778,04/25/2026,2,P03,P03_L02,SKU001,480,0,0,480,49.793,342,334,8,42.75
PR00002779,WO00002779,04/25/2026,1,P03,P03_L03,SKU006,480,12,0,468,54.878,433,418,15,55.513
PR00002780,WO00002780,04/25/2026,3,P03,P03_L03,SKU007,480,0,0,480,58.1,387,383,4,48.375
PR00002791,WO00002791,04/26/2026,2,P03,P03_L01,SKU005,480,47,0,433,50.42,310,303,7,42.956
PR00002792,WO00002792,04/26/2026,3,P03,P03_L01,SKU001,480,15,0,465,49.793,316,311,5,40.774
PR00002793,WO00002793,04/26/2026,1,P03,P03_L02,SKU001,480,65,35,380,49.793,292,286,6,46.105
PR00002794,WO00002794,04/26/2026,2,P03,P03_L02,SKU002,480,0,0,480,56.6,385,371,14,48.125
PR00002795,WO00002795,04/26/2026,3,P03,P03_L02,SKU006,480,0,0,480,54.878,388,376,12,48.5
PR00002796,WO00002796,04/26/2026,1,P03,P03_L03,SKU004,480,0,10,470,56.693,407,395,12,51.957
PR00002797,WO00002797,04/26/2026,2,P03,P03_L03,SKU004,480,0,12,468,56.693,397,383,14,50.897
PR00002816,WO00002816,04/27/2026,1,P03,P03_L01,SKU004,480,0,0,480,56.693,414,401,13,51.75
PR00002817,WO00002817,04/27/2026,2,P03,P03_L01,SKU003,480,0,32,448,57.7,412,404,8,55.179
PR00002818,WO00002818,04/27/2026,3,P03,P03_L01,SKU001,480,0,0,480,49.793,334,326,8,41.75
PR00002819,WO00002819,04/27/2026,1,P03,P03_L02,SKU008,480,0,0,480,56.6,380,375,5,47.5
PR00002820,WO00002820,04/27/2026,2,P03,P03_L02,SKU006,480,0,0,480,54.878,412,400,12,51.5
PR00002821,WO00002821,04/27/2026,3,P03,P03_L02,SKU006,480,0,0,480,54.878,363,352,11,45.375
PR00002822,WO00002822,04/27/2026,1,P03,P03_L03,SKU003,480,29,15,436,58.1,388,381,7,53.394
PR00002823,WO00002823,04/27/2026,2,P03,P03_L03,SKU004,480,0,0,480,56.693,399,386,13,49.875
PR00002824,WO00002824,04/27/2026,3,P03,P03_L03,SKU001,480,0,0,480,49.793,316,310,6,39.5
PR00002843,WO00002843,04/28/2026,1,P03,P03_L01,SKU001,480,0,0,480,49.793,365,361,4,45.625
PR00002844,WO00002844,04/28/2026,2,P03,P03_L01,SKU006,480,0,0,480,54.878,401,395,6,50.125
PR00002845,WO00002845,04/28/2026,3,P03,P03_L01,SKU001,480,0,0,480,49.793,335,326,9,41.875
PR00002846,WO00002846,04/28/2026,1,P03,P03_L02,SKU001,480,0,42,438,49.793,332,327,5,45.479
PR00002847,WO00002847,04/28/2026,2,P03,P03_L02,SKU008,480,0,39,441,56.6,331,324,7,45.034
PR00002848,WO00002848,04/28/2026,3,P03,P03_L02,SKU002,480,31,0,449,56.6,368,354,14,49.176
PR00002849,WO00002849,04/28/2026,1,P03,P03_L03,SKU003,480,0,0,480,58.1,457,447,10,57.125
PR00002850,WO00002850,04/28/2026,2,P03,P03_L03,SKU004,480,0,0,480,56.693,378,365,13,47.25
PR00002851,WO00002851,04/28/2026,3,P03,P03_L03,SKU004,480,0,0,480,56.693,409,395,14,51.125
PR00002870,WO00002870,04/29/2026,1,P03,P03_L01,SKU001,480,0,0,480,49.793,358,351,7,44.75
PR00002871,WO00002871,04/29/2026,2,P03,P03_L01,SKU001,480,0,39,441,49.793,310,302,8,42.177
PR00002872,WO00002872,04/29/2026,3,P03,P03_L01,SKU004,480,38,0,442,56.693,346,335,11,46.968
PR00002873,WO00002873,04/29/2026,1,P03,P03_L02,SKU002,480,35,0,445,56.6,364,352,12,49.079
PR00002874,WO00002874,04/29/2026,2,P03,P03_L02,SKU001,480,36,0,444,49.793,310,303,7,41.892
PR00002875,WO00002875,04/29/2026,3,P03,P03_L02,SKU008,480,0,0,480,56.6,361,355,6,45.125
PR00002876,WO00002876,04/29/2026,1,P03,P03_L03,SKU006,480,38,0,442,54.878,395,383,12,53.62
PR00002877,WO00002877,04/29/2026,2,P03,P03_L03,SKU001,480,28,19,433,49.793,319,311,8,44.203
PR00002878,WO00002878,04/29/2026,3,P03,P03_L03,SKU006,480,0,0,480,54.878,399,390,9,49.875
PR00002897,WO00002897,04/30/2026,1,P03,P03_L01,SKU001,480,0,22,458,49.793,376,368,8,49.258
PR00002898,WO00002898,04/30/2026,2,P03,P03_L01,SKU003,480,0,0,480,57.7,404,396,8,50.5
PR00002899,WO00002899,04/30/2026,3,P03,P03_L01,SKU001,480,0,29,451,49.793,308,302,6,40.976
PR00002900,WO00002900,04/30/2026,1,P03,P03_L02,SKU001,480,0,0,480,49.793,366,361,5,45.75
PR00002901,WO00002901,04/30/2026,2,P03,P03_L02,SKU006,480,0,0,480,54.878,389,379,10,48.625
PR00002902,WO00002902,04/30/2026,3,P03,P03_L02,SKU006,480,0,0,480,54.878,396,381,15,49.5
PR00002903,WO00002903,04/30/2026,1,P03,P03_L03,SKU001,480,0,4,476,49.793,364,356,8,45.882
PR00002904,WO00002904,04/30/2026,2,P03,P03_L03,SKU007,480,0,0,480,58.1,375,371,4,46.875
PR00002905,WO00002905,04/30/2026,3,P03,P03_L03,SKU003,480,0,47,433,58.1,375,365,10,51.963
PR00002924,WO00002924,05/01/2026,1,P03,P03_L01,SKU006,480,52,0,428,54.878,378,369,9,52.991
PR00002925,WO00002925,05/01/2026,2,P03,P03_L01,SKU004,480,39,0,441,56.693,381,367,14,51.837
PR00002926,WO00002926,05/01/2026,3,P03,P03_L01,SKU001,480,25,0,455,49.793,320,313,7,42.198
PR00002927,WO00002927,05/01/2026,1,P03,P03_L02,SKU001,480,0,0,480,49.793,357,349,8,44.625
PR00002928,WO00002928,05/01/2026,2,P03,P03_L02,SKU006,480,0,47,433,54.878,365,355,10,50.577
PR00002929,WO00002929,05/01/2026,3,P03,P03_L02,SKU006,480,0,0,480,54.878,377,365,12,47.125
PR00002930,WO00002930,05/01/2026,1,P03,P03_L03,SKU001,480,52,0,428,49.793,309,302,7,43.318
PR00002931,WO00002931,05/01/2026,2,P03,P03_L03,SKU004,480,0,0,480,56.693,369,356,13,46.125
PR00002932,WO00002932,05/01/2026,3,P03,P03_L03,SKU004,480,0,0,480,56.693,365,353,12,45.625
PR00002944,WO00002944,05/02/2026,1,P03,P03_L01,SKU003,480,24,8,448,57.7,426,414,12,57.054
PR00002945,WO00002945,05/02/2026,3,P03,P03_L01,SKU001,480,0,0,480,49.793,340,331,9,42.5
PR00002946,WO00002946,05/02/2026,1,P03,P03_L02,SKU004,480,16,0,464,56.6,382,369,13,49.397
PR00002959,WO00002959,05/03/2026,1,P03,P03_L01,SKU003,480,0,0,480,57.7,432,427,5,54.0
PR00002960,WO00002960,05/03/2026,2,P03,P03_L01,SKU004,480,0,0,480,56.693,374,361,13,46.75
PR00002961,WO00002961,05/03/2026,3,P03,P03_L01,SKU006,480,0,0,480,54.878,380,367,13,47.5
PR00002962,WO00002962,05/03/2026,1,P03,P03_L03,SKU008,480,23,0,457,58.1,396,388,8,51.991
PR00002963,WO00002963,05/03/2026,2,P03,P03_L03,SKU004,480,19,24,437,56.693,360,347,13,49.428
PR00002982,WO00002982,05/04/2026,1,P03,P03_L01,SKU004,480,19,0,461,56.693,383,373,10,49.848
PR00002983,WO00002983,05/04/2026,2,P03,P03_L01,SKU003,480,0,0,480,57.7,408,399,9,51.0
PR00002984,WO00002984,05/04/2026,3,P03,P03_L01,SKU007,480,24,0,456,57.7,341,337,4,44.868
PR00002985,WO00002985,05/04/2026,1,P03,P03_L02,SKU006,480,0,0,480,54.878,411,401,10,51.375
PR00002986,WO00002986,05/04/2026,2,P03,P03_L02,SKU008,480,26,0,454,56.6,355,349,6,46.916
PR00002987,WO00002987,05/04/2026,3,P03,P03_L02,SKU006,480,41,8,431,54.878,305,295,10,42.459
PR00002988,WO00002988,05/04/2026,1,P03,P03_L03,SKU003,480,25,0,455,58.1,417,411,6,54.989
PR00002989,WO00002989,05/04/2026,2,P03,P03_L03,SKU004,480,0,0,480,56.693,408,396,12,51.0
PR00002990,WO00002990,05/04/2026,3,P03,P03_L03,SKU006,480,0,0,480,54.878,359,348,11,44.875
PR00003009,WO00003009,05/05/2026,1,P03,P03_L01,SKU001,480,0,0,480,49.793,346,340,6,43.25
PR00003010,WO00003010,05/05/2026,2,P03,P03_L01,SKU008,480,0,0,480,57.7,396,392,4,49.5
PR00003011,WO00003011,05/05/2026,3,P03,P03_L01,SKU001,480,28,15,437,49.793,314,307,7,43.112
PR00003012,WO00003012,05/05/2026,1,P03,P03_L02,SKU006,480,0,0,480,54.878,399,389,10,49.875
PR00003013,WO00003013,05/05/2026,2,P03,P03_L02,SKU008,480,76,0,404,56.6,347,340,7,51.535
PR00003014,WO00003014,05/05/2026,3,P03,P03_L02,SKU006,480,0,0,480,54.878,378,366,12,47.25
PR00003015,WO00003015,05/05/2026,1,P03,P03_L03,SKU004,480,0,0,480,56.693,398,385,13,49.75
PR00003016,WO00003016,05/05/2026,2,P03,P03_L03,SKU001,480,39,0,441,49.793,333,325,8,45.306
PR00003017,WO00003017,05/05/2026,3,P03,P03_L03,SKU001,480,34,0,446,49.793,312,303,9,41.973
PR00003036,WO00003036,05/06/2026,1,P03,P03_L01,SKU001,480,25,0,455,49.793,342,334,8,45.099
PR00003037,WO00003037,05/06/2026,2,P03,P03_L01,SKU001,480,0,0,480,49.793,356,347,9,44.5
PR00003038,WO00003038,05/06/2026,3,P03,P03_L01,SKU004,480,0,0,480,56.693,377,361,16,47.125
PR00003039,WO00003039,05/06/2026,1,P03,P03_L02,SKU006,480,34,0,446,54.878,409,397,12,55.022
PR00003040,WO00003040,05/06/2026,2,P03,P03_L02,SKU006,480,0,47,433,54.878,367,357,10,50.855
PR00003041,WO00003041,05/06/2026,3,P03,P03_L02,SKU006,480,29,50,401,54.878,306,297,9,45.786
PR00003042,WO00003042,05/06/2026,1,P03,P03_L03,SKU001,480,0,0,480,49.793,352,348,4,44.0
PR00003043,WO00003043,05/06/2026,2,P03,P03_L03,SKU006,480,30,0,450,54.878,356,347,9,47.467
PR00003044,WO00003044,05/06/2026,3,P03,P03_L03,SKU007,480,0,0,480,58.1,392,385,7,49.0
PR00003063,WO00003063,05/07/2026,1,P03,P03_L01,SKU001,480,79,0,401,49.793,290,285,5,43.392
PR00003064,WO00003064,05/07/2026,2,P03,P03_L01,SKU001,480,15,0,465,49.793,337,328,9,43.484
PR00003065,WO00003065,05/07/2026,3,P03,P03_L01,SKU003,480,0,0,480,57.7,375,368,7,46.875
PR00003066,WO00003066,05/07/2026,1,P03,P03_L02,SKU008,480,45,0,435,56.6,342,335,7,47.172
PR00003067,WO00003067,05/07/2026,2,P03,P03_L02,SKU006,480,0,0,480,54.878,388,377,11,48.5
PR00003068,WO00003068,05/07/2026,3,P03,P03_L02,SKU001,480,18,0,462,49.793,301,291,10,39.091
PR00003069,WO00003069,05/07/2026,1,P03,P03_L03,SKU006,480,24,0,456,54.878,391,380,11,51.447
PR00003070,WO00003070,05/07/2026,2,P03,P03_L03,SKU001,480,37,0,443,49.793,328,321,7,44.424
PR00003071,WO00003071,05/07/2026,3,P03,P03_L03,SKU006,480,21,0,459,54.878,382,371,11,49.935
PR00003090,WO00003090,05/08/2026,1,P03,P03_L01,SKU001,480,0,0,480,49.793,365,357,8,45.625
PR00003091,WO00003091,05/08/2026,2,P03,P03_L01,SKU004,480,15,0,465,56.693,368,353,15,47.484
PR00003092,WO00003092,05/08/2026,3,P03,P03_L01,SKU004,480,22,0,458,56.693,352,338,14,46.114
PR00003093,WO00003093,05/08/2026,1,P03,P03_L02,SKU002,480,0,45,435,56.6,341,330,11,47.034
PR00003094,WO00003094,05/08/2026,2,P03,P03_L02,SKU006,480,0,27,453,54.878,393,382,11,52.053
PR00003095,WO00003095,05/08/2026,3,P03,P03_L02,SKU004,480,0,18,462,56.6,361,347,14,46.883
PR00003096,WO00003096,05/08/2026,1,P03,P03_L03,SKU003,480,0,0,480,58.1,446,438,8,55.75
PR00003097,WO00003097,05/08/2026,2,P03,P03_L03,SKU001,480,36,0,444,49.793,322,315,7,43.514
PR00003098,WO00003098,05/08/2026,3,P03,P03_L03,SKU008,480,0,20,460,58.1,354,349,5,46.174
PR00003112,WO00003112,05/09/2026,1,P03,P03_L01,SKU001,480,16,0,464,49.793,339,332,7,43.836
PR00003113,WO00003113,05/09/2026,2,P03,P03_L01,SKU004,480,17,0,463,56.693,391,377,14,50.67
PR00003114,WO00003114,05/09/2026,1,P03,P03_L02,SKU001,480,27,0,453,49.793,349,341,8,46.225
PR00003115,WO00003115,05/09/2026,2,P03,P03_L02,SKU006,480,31,0,449,54.878,377,367,10,50.379
PR00003116,WO00003116,05/09/2026,1,P03,P03_L03,SKU001,480,28,0,452,49.793,352,344,8,46.726
PR00003117,WO00003117,05/09/2026,2,P03,P03_L03,SKU006,480,20,0,460,54.878,362,351,11,47.217
PR00003130,WO00003130,05/10/2026,1,P03,P03_L01,SKU001,480,25,0,455,49.793,336,330,6,44.308
PR00003131,WO00003131,05/10/2026,2,P03,P03_L01,SKU005,480,0,0,480,50.42,327,319,8,40.875
PR00003132,WO00003132,05/10/2026,3,P03,P03_L01,SKU007,480,0,0,480,57.7,398,392,6,49.75
PR00003133,WO00003133,05/10/2026,1,P03,P03_L02,SKU008,480,0,0,480,56.6,377,371,6,47.125
PR00003134,WO00003134,05/10/2026,3,P03,P03_L02,SKU008,480,41,0,439,56.6,330,324,6,45.103
PR00003135,WO00003135,05/10/2026,1,P03,P03_L03,SKU004,480,0,0,480,56.693,401,391,10,50.125
PR00003154,WO00003154,05/11/2026,1,P03,P03_L01,SKU001,480,0,297,183,49.793,131,128,3,42.951
PR00003155,WO00003155,05/11/2026,2,P03,P03_L01,SKU003,480,0,0,480,57.7,418,408,10,52.25
PR00003156,WO00003156,05/11/2026,3,P03,P03_L01,SKU001,480,60,0,420,49.793,298,289,9,42.571
PR00003157,WO00003157,05/11/2026,1,P03,P03_L02,SKU006,480,24,27,429,54.878,358,347,11,50.07
PR00003158,WO00003158,05/11/2026,2,P03,P03_L02,SKU002,480,56,0,424,56.6,330,317,13,46.698
PR00003159,WO00003159,05/11/2026,3,P03,P03_L02,SKU004,480,23,0,457,56.6,348,334,14,45.689
PR00003160,WO00003160,05/11/2026,1,P03,P03_L03,SKU003,480,0,0,480,58.1,443,433,10,55.375
PR00003161,WO00003161,05/11/2026,2,P03,P03_L03,SKU003,480,43,0,437,58.1,395,388,7,54.233
PR00003162,WO00003162,05/11/2026,3,P03,P03_L03,SKU001,480,0,0,480,49.793,340,331,9,42.5
PR00003181,WO00003181,05/12/2026,1,P03,P03_L01,SKU004,480,26,155,299,56.693,254,246,8,50.97
PR00003182,WO00003182,05/12/2026,2,P03,P03_L01,SKU001,480,32,21,427,49.793,321,314,7,45.105
PR00003183,WO00003183,05/12/2026,3,P03,P03_L01,SKU003,480,0,18,462,57.7,400,391,9,51.948
PR00003184,WO00003184,05/12/2026,1,P03,P03_L02,SKU008,480,43,0,437,56.6,344,338,6,47.231
PR00003185,WO00003185,05/12/2026,2,P03,P03_L02,SKU001,480,32,4,444,49.793,325,319,6,43.919
PR00003186,WO00003186,05/12/2026,3,P03,P03_L02,SKU001,480,20,0,460,49.793,306,299,7,39.913
PR00003187,WO00003187,05/12/2026,1,P03,P03_L03,SKU003,480,0,0,480,58.1,437,429,8,54.625
PR00003188,WO00003188,05/12/2026,2,P03,P03_L03,SKU003,480,0,0,480,58.1,434,426,8,54.25
PR00003189,WO00003189,05/12/2026,3,P03,P03_L03,SKU006,480,0,0,480,54.878,374,362,12,46.75
PR00003208,WO00003208,05/13/2026,1,P03,P03_L01,SKU001,480,34,0,446,49.793,320,313,7,43.049
PR00003209,WO00003209,05/13/2026,2,P03,P03_L01,SKU001,480,0,0,480,49.793,333,328,5,41.625
PR00003210,WO00003210,05/13/2026,3,P03,P03_L01,SKU001,480,0,0,480,49.793,331,321,10,41.375
PR00003211,WO00003211,05/13/2026,1,P03,P03_L02,SKU002,480,26,0,454,56.6,378,367,11,49.956
PR00003212,WO00003212,05/13/2026,2,P03,P03_L02,SKU006,480,0,0,480,54.878,374,362,12,46.75
PR00003213,WO00003213,05/13/2026,3,P03,P03_L02,SKU001,480,26,0,454,49.793,313,305,8,41.366
PR00003214,WO00003214,05/13/2026,1,P03,P03_L03,SKU004,480,36,0,444,56.693,375,360,15,50.676
PR00003215,WO00003215,05/13/2026,2,P03,P03_L03,SKU004,480,32,0,448,56.693,400,384,16,53.571
PR00003216,WO00003216,05/13/2026,3,P03,P03_L03,SKU003,480,41,60,379,58.1,334,328,6,52.876
PR00003235,WO00003235,05/14/2026,1,P03,P03_L01,SKU003,480,0,0,480,57.7,426,419,7,53.25
PR00003236,WO00003236,05/14/2026,2,P03,P03_L01,SKU001,480,69,0,411,49.793,303,294,9,44.234
PR00003237,WO00003237,05/14/2026,3,P03,P03_L01,SKU003,480,0,0,480,57.7,403,395,8,50.375
PR00003238,WO00003238,05/14/2026,1,P03,P03_L02,SKU002,480,62,0,418,56.6,354,342,12,50.813
PR00003239,WO00003239,05/14/2026,2,P03,P03_L02,SKU004,480,0,0,480,56.6,388,375,13,48.5
PR00003240,WO00003240,05/14/2026,3,P03,P03_L02,SKU002,480,23,0,457,56.6,351,339,12,46.083
PR00003241,WO00003241,05/14/2026,1,P03,P03_L03,SKU001,480,62,0,418,49.793,306,300,6,43.923
PR00003242,WO00003242,05/14/2026,2,P03,P03_L03,SKU003,480,0,9,471,58.1,430,420,10,54.777
PR00003243,WO00003243,05/14/2026,3,P03,P03_L03,SKU001,480,54,0,426,49.793,284,275,9,40.0
PR00003262,WO00003262,05/15/2026,1,P03,P03_L01,SKU001,480,0,13,467,49.793,344,337,7,44.197
PR00003263,WO00003263,05/15/2026,2,P03,P03_L01,SKU003,480,0,0,480,57.7,405,397,8,50.625
PR00003264,WO00003264,05/15/2026,3,P03,P03_L01,SKU006,480,0,0,480,54.878,395,382,13,49.375
PR00003265,WO00003265,05/15/2026,1,P03,P03_L02,SKU006,480,26,10,444,54.878,384,374,10,51.892
PR00003266,WO00003266,05/15/2026,2,P03,P03_L02,SKU006,480,38,0,442,54.878,370,360,10,50.226
PR00003267,WO00003267,05/15/2026,3,P03,P03_L02,SKU002,480,0,0,480,56.6,383,370,13,47.875
PR00003268,WO00003268,05/15/2026,1,P03,P03_L03,SKU006,480,40,0,440,54.878,361,351,10,49.227
PR00003269,WO00003269,05/15/2026,2,P03,P03_L03,SKU003,480,28,0,452,58.1,382,373,9,50.708
PR00003270,WO00003270,05/15/2026,3,P03,P03_L03,SKU001,480,0,5,475,49.793,326,317,9,41.179
PR00003283,WO00003283,05/16/2026,1,P03,P03_L01,SKU008,480,0,41,439,57.7,349,345,4,47.699
PR00003284,WO00003284,05/16/2026,2,P03,P03_L01,SKU004,480,31,0,449,56.693,367,354,13,49.042
PR00003285,WO00003285,05/16/2026,3,P03,P03_L01,SKU001,480,35,12,433,49.793,282,274,8,39.076
PR00003286,WO00003286,05/16/2026,1,P03,P03_L02,SKU002,480,21,0,459,56.6,393,378,15,51.373
PR00003287,WO00003287,05/16/2026,2,P03,P03_L02,SKU006,480,15,0,465,54.878,394,382,12,50.839
PR00003288,WO00003288,05/16/2026,3,P03,P03_L02,SKU006,480,32,0,448,54.878,356,346,10,47.679
PR00003289,WO00003289,05/16/2026,1,P03,P03_L03,SKU003,480,0,0,480,58.1,415,406,9,51.875
PR00003290,WO00003290,05/16/2026,2,P03,P03_L03,SKU001,480,28,0,452,49.793,308,300,8,40.885
PR00003291,WO00003291,05/16/2026,3,P03,P03_L03,SKU004,480,47,39,394,56.693,325,313,12,49.492
PR00003305,WO00003305,05/17/2026,1,P03,P03_L01,SKU004,480,20,23,437,56.693,378,366,12,51.899
PR00003306,WO00003306,05/17/2026,1,P03,P03_L02,SKU006,480,27,0,453,54.878,386,374,12,51.126
PR00003307,WO00003307,05/17/2026,2,P03,P03_L02,SKU006,480,19,0,461,54.878,398,387,11,51.8
PR00003308,WO00003308,05/17/2026,3,P03,P03_L02,SKU008,480,25,0,455,56.6,365,358,7,48.132
PR00003309,WO00003309,05/17/2026,2,P03,P03_L03,SKU004,480,18,0,462,56.693,372,359,13,48.312
PR00003310,WO00003310,05/17/2026,3,P03,P03_L03,SKU004,480,42,0,438,56.693,339,326,13,46.438
PR00003329,WO00003329,05/18/2026,1,P03,P03_L01,SKU003,480,0,0,480,57.7,433,425,8,54.125
PR00003330,WO00003330,05/18/2026,2,P03,P03_L01,SKU007,480,47,0,433,57.7,356,352,4,49.33
PR00003331,WO00003331,05/18/2026,3,P03,P03_L01,SKU001,480,0,0,480,49.793,316,308,8,39.5
PR00003332,WO00003332,05/18/2026,1,P03,P03_L02,SKU002,480,12,0,468,56.6,363,352,11,46.538
PR00003333,WO00003333,05/18/2026,2,P03,P03_L02,SKU001,480,18,28,434,49.793,304,297,7,42.028
PR00003334,WO00003334,05/18/2026,3,P03,P03_L02,SKU006,480,0,0,480,54.878,391,379,12,48.875
PR00003335,WO00003335,05/18/2026,1,P03,P03_L03,SKU004,480,32,0,448,56.693,368,358,10,49.286
PR00003336,WO00003336,05/18/2026,2,P03,P03_L03,SKU003,480,22,0,458,58.1,430,421,9,56.332
PR00003337,WO00003337,05/18/2026,3,P03,P03_L03,SKU001,480,96,136,248,49.793,178,174,4,43.065
PR00003356,WO00003356,05/19/2026,1,P03,P03_L01,SKU004,480,0,18,462,56.693,396,384,12,51.429
PR00003357,WO00003357,05/19/2026,2,P03,P03_L01,SKU003,480,21,28,431,57.7,375,365,10,52.204
PR00003358,WO00003358,05/19/2026,3,P03,P03_L01,SKU001,480,33,25,422,49.793,267,262,5,37.962
PR00003359,WO00003359,05/19/2026,1,P03,P03_L02,SKU005,480,33,0,447,50.42,318,308,10,42.685
PR00003360,WO00003360,05/19/2026,2,P03,P03_L02,SKU004,480,0,0,480,56.6,404,390,14,50.5
PR00003361,WO00003361,05/19/2026,3,P03,P03_L02,SKU002,480,0,70,410,56.6,304,292,12,44.488
PR00003362,WO00003362,05/19/2026,1,P03,P03_L03,SKU004,480,0,0,480,56.693,443,430,13,55.375
PR00003363,WO00003363,05/19/2026,2,P03,P03_L03,SKU004,480,44,0,436,56.693,376,364,12,51.743
PR00003364,WO00003364,05/19/2026,3,P03,P03_L03,SKU001,480,0,0,480,49.793,321,314,7,40.125
PR00003383,WO00003383,05/20/2026,1,P03,P03_L01,SKU003,480,26,10,444,57.7,417,411,6,56.351
PR00003384,WO00003384,05/20/2026,2,P03,P03_L01,SKU001,480,0,0,480,49.793,336,330,6,42.0
PR00003385,WO00003385,05/20/2026,3,P03,P03_L01,SKU001,480,0,12,468,49.793,328,320,8,42.051
PR00003386,WO00003386,05/20/2026,1,P03,P03_L02,SKU004,480,0,33,447,56.6,381,369,12,51.141
PR00003387,WO00003387,05/20/2026,2,P03,P03_L02,SKU005,480,0,0,480,50.42,358,348,10,44.75
PR00003388,WO00003388,05/20/2026,3,P03,P03_L02,SKU006,480,26,0,454,54.878,377,367,10,49.824
PR00003389,WO00003389,05/20/2026,1,P03,P03_L03,SKU003,480,0,0,480,58.1,407,398,9,50.875
PR00003390,WO00003390,05/20/2026,2,P03,P03_L03,SKU004,480,0,34,446,56.693,372,362,10,50.045
PR00003391,WO00003391,05/20/2026,3,P03,P03_L03,SKU004,480,0,0,480,56.693,351,336,15,43.875
PR00003410,WO00003410,05/21/2026,1,P03,P03_L01,SKU006,480,0,48,432,54.878,374,366,8,51.944
PR00003411,WO00003411,05/21/2026,2,P03,P03_L01,SKU001,480,33,0,447,49.793,319,314,5,42.819
PR00003412,WO00003412,05/21/2026,3,P03,P03_L01,SKU004,480,0,49,431,56.693,327,317,10,45.522
PR00003413,WO00003413,05/21/2026,1,P03,P03_L02,SKU002,480,49,0,431,56.6,366,354,12,50.951
PR00003414,WO00003414,05/21/2026,2,P03,P03_L02,SKU006,480,26,24,430,54.878,351,339,12,48.977
PR00003415,WO00003415,05/21/2026,3,P03,P03_L02,SKU008,480,0,0,480,56.6,380,372,8,47.5
PR00003416,WO00003416,05/21/2026,1,P03,P03_L03,SKU004,480,26,0,454,56.693,399,385,14,52.731
PR00003417,WO00003417,05/21/2026,2,P03,P03_L03,SKU003,480,16,0,464,58.1,406,401,5,52.5
PR00003418,WO00003418,05/21/2026,3,P03,P03_L03,SKU001,480,0,11,469,49.793,332,323,9,42.473
PR00003437,WO00003437,05/22/2026,1,P03,P03_L01,SKU004,480,59,0,421,56.693,347,337,10,49.454
PR00003438,WO00003438,05/22/2026,2,P03,P03_L01,SKU004,480,30,0,450,56.693,395,380,15,52.667
PR00003439,WO00003439,05/22/2026,3,P03,P03_L01,SKU001,480,0,0,480,49.793,303,295,8,37.875
PR00003440,WO00003440,05/22/2026,1,P03,P03_L02,SKU006,480,0,0,480,54.878,444,433,11,55.5
PR00003441,WO00003441,05/22/2026,2,P03,P03_L02,SKU002,480,0,20,460,56.6,367,360,7,47.87
PR00003442,WO00003442,05/22/2026,3,P03,P03_L02,SKU005,480,0,0,480,50.42,327,319,8,40.875
PR00003443,WO00003443,05/22/2026,1,P03,P03_L03,SKU001,480,0,0,480,49.793,351,346,5,43.875
PR00003444,WO00003444,05/22/2026,2,P03,P03_L03,SKU001,480,31,0,449,49.793,329,323,6,43.964
PR00003445,WO00003445,05/22/2026,3,P03,P03_L03,SKU004,480,48,0,432,56.693,318,307,11,44.167
PR00003458,WO00003458,05/23/2026,1,P03,P03_L01,SKU001,480,30,0,450,49.793,337,329,8,44.933
PR00003459,WO00003459,05/23/2026,1,P03,P03_L02,SKU006,480,0,49,431,54.878,387,376,11,53.875
PR00003460,WO00003460,05/23/2026,2,P03,P03_L03,SKU004,480,0,0,480,56.693,406,392,14,50.75
PR00003461,WO00003461,05/23/2026,3,P03,P03_L03,SKU004,480,0,0,480,56.693,370,357,13,46.25
PR00003473,WO00003473,05/24/2026,1,P03,P03_L01,SKU001,480,0,0,480,49.793,357,350,7,44.625
PR00003474,WO00003474,05/24/2026,2,P03,P03_L01,SKU001,480,48,0,432,49.793,295,290,5,40.972
PR00003475,WO00003475,05/24/2026,3,P03,P03_L01,SKU001,480,0,0,480,49.793,354,347,7,44.25
PR00003476,WO00003476,05/24/2026,3,P03,P03_L02,SKU001,480,0,0,480,49.793,314,305,9,39.25
PR00003477,WO00003477,05/24/2026,1,P03,P03_L03,SKU004,480,0,0,480,56.693,393,382,11,49.125
PR00003478,WO00003478,05/24/2026,2,P03,P03_L03,SKU006,480,34,50,396,54.878,303,291,12,45.909
PR00003479,WO00003479,05/24/2026,3,P03,P03_L03,SKU006,480,30,0,450,54.878,376,363,13,50.133
PR00003498,WO00003498,05/25/2026,1,P03,P03_L01,SKU001,480,34,0,446,49.793,338,329,9,45.471
PR00003499,WO00003499,05/25/2026,2,P03,P03_L01,SKU004,480,0,0,480,56.693,382,370,12,47.75
PR00003500,WO00003500,05/25/2026,3,P03,P03_L01,SKU004,480,0,0,480,56.693,373,358,15,46.625
PR00003501,WO00003501,05/25/2026,1,P03,P03_L02,SKU006,480,23,0,457,54.878,396,385,11,51.991
PR00003502,WO00003502,05/25/2026,2,P03,P03_L02,SKU006,480,17,0,463,54.878,375,363,12,48.596
PR00003503,WO00003503,05/25/2026,3,P03,P03_L02,SKU001,480,23,0,457,49.793,293,285,8,38.468
PR00003504,WO00003504,05/25/2026,1,P03,P03_L03,SKU003,480,0,49,431,58.1,382,372,10,53.179
PR00003505,WO00003505,05/25/2026,2,P03,P03_L03,SKU004,480,0,0,480,56.693,391,377,14,48.875
PR00003506,WO00003506,05/25/2026,3,P03,P03_L03,SKU003,480,30,25,425,58.1,349,343,6,49.271
PR00003525,WO00003525,05/26/2026,1,P03,P03_L01,SKU004,480,39,0,441,56.693,356,344,12,48.435
PR00003526,WO00003526,05/26/2026,2,P03,P03_L01,SKU004,480,0,0,480,56.693,387,376,11,48.375
PR00003527,WO00003527,05/26/2026,3,P03,P03_L01,SKU004,480,0,0,480,56.693,377,363,14,47.125
PR00003528,WO00003528,05/26/2026,1,P03,P03_L02,SKU008,480,28,0,452,56.6,354,351,3,46.991
PR00003529,WO00003529,05/26/2026,2,P03,P03_L02,SKU001,480,0,0,480,49.793,351,341,10,43.875
PR00003530,WO00003530,05/26/2026,3,P03,P03_L02,SKU006,480,0,0,480,54.878,383,371,12,47.875
PR00003531,WO00003531,05/26/2026,1,P03,P03_L03,SKU006,480,0,0,480,54.878,446,435,11,55.75
PR00003532,WO00003532,05/26/2026,2,P03,P03_L03,SKU006,480,0,0,480,54.878,403,392,11,50.375
PR00003533,WO00003533,05/26/2026,3,P03,P03_L03,SKU008,480,0,0,480,58.1,385,377,8,48.125
PR00003552,WO00003552,05/27/2026,1,P03,P03_L01,SKU006,480,0,0,480,54.878,436,423,13,54.5
PR00003553,WO00003553,05/27/2026,2,P03,P03_L01,SKU001,480,0,0,480,49.793,345,338,7,43.125
PR00003554,WO00003554,05/27/2026,3,P03,P03_L01,SKU001,480,35,19,426,49.793,299,290,9,42.113
PR00003555,WO00003555,05/27/2026,1,P03,P03_L02,SKU006,480,27,52,401,54.878,352,342,10,52.668
PR00003556,WO00003556,05/27/2026,2,P03,P03_L02,SKU005,480,0,13,467,50.42,326,316,10,41.884
PR00003557,WO00003557,05/27/2026,3,P03,P03_L02,SKU006,480,35,0,445,54.878,361,351,10,48.674
PR00003558,WO00003558,05/27/2026,1,P03,P03_L03,SKU004,480,0,0,480,56.693,406,394,12,50.75
PR00003559,WO00003559,05/27/2026,2,P03,P03_L03,SKU006,480,40,0,440,54.878,353,343,10,48.136
PR00003560,WO00003560,05/27/2026,3,P03,P03_L03,SKU004,480,0,0,480,56.693,373,360,13,46.625
PR00003579,WO00003579,05/28/2026,1,P03,P03_L01,SKU004,480,51,0,429,56.693,373,360,13,52.168
PR00003580,WO00003580,05/28/2026,2,P03,P03_L01,SKU004,480,30,0,450,56.693,386,374,12,51.467
PR00003581,WO00003581,05/28/2026,3,P03,P03_L01,SKU006,480,41,8,431,54.878,353,340,13,49.142
PR00003582,WO00003582,05/28/2026,1,P03,P03_L02,SKU006,480,0,27,453,54.878,399,390,9,52.848
PR00003583,WO00003583,05/28/2026,2,P03,P03_L02,SKU004,480,37,0,443,56.6,358,345,13,48.488
PR00003584,WO00003584,05/28/2026,3,P03,P03_L02,SKU002,480,81,0,399,56.6,300,289,11,45.113
PR00003585,WO00003585,05/28/2026,1,P03,P03_L03,SKU004,480,0,0,480,56.693,399,386,13,49.875
PR00003586,WO00003586,05/28/2026,2,P03,P03_L03,SKU001,480,0,0,480,49.793,345,334,11,43.125
PR00003587,WO00003587,05/28/2026,3,P03,P03_L03,SKU003,480,26,0,454,58.1,364,355,9,48.106
PR00003606,WO00003606,05/29/2026,1,P03,P03_L01,SKU003,480,0,0,480,57.7,414,407,7,51.75
PR00003607,WO00003607,05/29/2026,2,P03,P03_L01,SKU004,480,39,0,441,56.693,361,351,10,49.116
PR00003608,WO00003608,05/29/2026,3,P03,P03_L01,SKU001,480,0,0,480,49.793,331,323,8,41.375
PR00003609,WO00003609,05/29/2026,1,P03,P03_L02,SKU006,480,0,0,480,54.878,408,399,9,51.0
PR00003610,WO00003610,05/29/2026,2,P03,P03_L02,SKU006,480,0,0,480,54.878,358,346,12,44.75
PR00003611,WO00003611,05/29/2026,3,P03,P03_L02,SKU006,480,31,34,415,54.878,314,304,10,45.398
PR00003612,WO00003612,05/29/2026,1,P03,P03_L03,SKU004,480,0,0,480,56.693,393,379,14,49.125
PR00003613,WO00003613,05/29/2026,2,P03,P03_L03,SKU001,480,0,0,480,49.793,353,347,6,44.125
PR00003614,WO00003614,05/29/2026,3,P03,P03_L03,SKU001,480,77,40,363,49.793,255,249,6,42.149
PR00003628,WO00003628,05/30/2026,2,P03,P03_L01,SKU002,480,52,0,428,57.7,355,347,8,49.766
PR00003629,WO00003629,05/30/2026,1,P03,P03_L02,SKU004,480,19,0,461,56.6,384,369,15,49.978
PR00003630,WO00003630,05/30/2026,2,P03,P03_L02,SKU004,480,70,69,341,56.6,287,278,9,50.499
PR00003631,WO00003631,05/30/2026,1,P03,P03_L03,SKU007,480,0,0,480,58.1,419,413,6,52.375
PR00003632,WO00003632,05/30/2026,3,P03,P03_L03,SKU003,480,0,0,480,58.1,395,389,6,49.375
PR00003644,WO00003644,05/31/2026,2,P03,P03_L01,SKU001,480,50,0,430,49.793,321,314,7,44.791
PR00003645,WO00003645,05/31/2026,3,P03,P03_L01,SKU001,480,31,0,449,49.793,301,294,7,40.223
PR00003646,WO00003646,05/31/2026,2,P03,P03_L02,SKU002,480,0,14,466,56.6,369,355,14,47.511
PR00003647,WO00003647,05/31/2026,3,P03,P03_L02,SKU004,480,0,0,480,56.6,354,341,13,44.25
PR00003666,WO00003666,06/01/2026,1,P03,P03_L01,SKU001,480,28,0,452,49.793,370,360,10,49.115
PR00003667,WO00003667,06/01/2026,2,P03,P03_L01,SKU001,480,0,0,480,49.793,344,339,5,43.0
PR00003668,WO00003668,06/01/2026,3,P03,P03_L01,SKU002,480,53,0,427,57.7,325,312,13,45.667
PR00003669,WO00003669,06/01/2026,1,P03,P03_L02,SKU006,480,0,74,406,54.878,291,284,7,43.005
PR00003670,WO00003670,06/01/2026,2,P03,P03_L02,SKU006,480,31,0,449,54.878,358,348,10,47.84
PR00003671,WO00003671,06/01/2026,3,P03,P03_L02,SKU006,480,43,0,437,54.878,356,347,9,48.879
PR00003672,WO00003672,06/01/2026,1,P03,P03_L03,SKU001,480,0,39,441,49.793,317,310,7,43.129
PR00003673,WO00003673,06/01/2026,2,P03,P03_L03,SKU001,480,27,52,401,49.793,283,275,8,42.344
PR00003674,WO00003674,06/01/2026,3,P03,P03_L03,SKU004,480,0,0,480,56.693,380,366,14,47.5
PR00003693,WO00003693,06/02/2026,1,P03,P03_L01,SKU001,480,0,0,480,49.793,363,355,8,45.375
PR00003694,WO00003694,06/02/2026,2,P03,P03_L01,SKU003,480,72,34,374,57.7,345,337,8,55.348
PR00003695,WO00003695,06/02/2026,3,P03,P03_L01,SKU003,480,22,64,394,57.7,328,322,6,49.949
PR00003696,WO00003696,06/02/2026,1,P03,P03_L02,SKU001,480,0,0,480,49.793,341,333,8,42.625
PR00003697,WO00003697,06/02/2026,2,P03,P03_L02,SKU006,480,0,0,480,54.878,394,388,6,49.25
PR00003698,WO00003698,06/02/2026,3,P03,P03_L02,SKU001,480,0,0,480,49.793,336,327,9,42.0
PR00003699,WO00003699,06/02/2026,1,P03,P03_L03,SKU004,480,26,0,454,56.693,383,372,11,50.617
PR00003700,WO00003700,06/02/2026,2,P03,P03_L03,SKU003,480,0,0,480,58.1,418,409,9,52.25
PR00003701,WO00003701,06/02/2026,3,P03,P03_L03,SKU004,480,0,0,480,56.693,353,341,12,44.125
PR00003720,WO00003720,06/03/2026,1,P03,P03_L01,SKU001,480,0,37,443,49.793,362,354,8,49.029
PR00003721,WO00003721,06/03/2026,2,P03,P03_L01,SKU004,480,0,0,480,56.693,421,406,15,52.625
PR00003722,WO00003722,06/03/2026,3,P03,P03_L01,SKU003,480,27,0,453,57.7,419,409,10,55.497
PR00003723,WO00003723,06/03/2026,1,P03,P03_L02,SKU001,480,0,18,462,49.793,343,335,8,44.545
PR00003724,WO00003724,06/03/2026,2,P03,P03_L02,SKU001,480,0,16,464,49.793,334,327,7,43.19
PR00003725,WO00003725,06/03/2026,3,P03,P03_L02,SKU006,480,0,0,480,54.878,377,365,12,47.125
PR00003726,WO00003726,06/03/2026,1,P03,P03_L03,SKU001,480,0,0,480,49.793,355,348,7,44.375
PR00003727,WO00003727,06/03/2026,2,P03,P03_L03,SKU006,480,19,0,461,54.878,394,385,9,51.28
PR00003728,WO00003728,06/03/2026,3,P03,P03_L03,SKU005,480,0,0,480,50.42,318,310,8,39.75
PR00003747,WO00003747,06/04/2026,1,P03,P03_L01,SKU003,480,0,0,480,57.7,437,431,6,54.625
PR00003748,WO00003748,06/04/2026,2,P03,P03_L01,SKU001,480,0,15,465,49.793,355,346,9,45.806
PR00003749,WO00003749,06/04/2026,3,P03,P03_L01,SKU003,480,0,0,480,57.7,404,397,7,50.5
PR00003750,WO00003750,06/04/2026,1,P03,P03_L02,SKU001,480,0,0,480,49.793,350,342,8,43.75
PR00003751,WO00003751,06/04/2026,2,P03,P03_L02,SKU004,480,0,0,480,56.6,404,393,11,50.5
PR00003752,WO00003752,06/04/2026,3,P03,P03_L02,SKU006,480,0,20,460,54.878,347,336,11,45.261
PR00003753,WO00003753,06/04/2026,1,P03,P03_L03,SKU006,480,14,0,466,54.878,400,392,8,51.502
PR00003754,WO00003754,06/04/2026,2,P03,P03_L03,SKU001,480,39,0,441,49.793,321,312,9,43.673
PR00003755,WO00003755,06/04/2026,3,P03,P03_L03,SKU004,480,0,0,480,56.693,383,369,14,47.875
PR00003774,WO00003774,06/05/2026,1,P03,P03_L01,SKU004,480,26,0,454,56.693,404,390,14,53.392
PR00003775,WO00003775,06/05/2026,2,P03,P03_L01,SKU003,480,0,36,444,57.7,384,376,8,51.892
PR00003776,WO00003776,06/05/2026,3,P03,P03_L01,SKU006,480,0,0,480,54.878,383,373,10,47.875
PR00003777,WO00003777,06/05/2026,1,P03,P03_L02,SKU006,480,0,0,480,54.878,393,382,11,49.125
PR00003778,WO00003778,06/05/2026,2,P03,P03_L02,SKU008,480,0,0,480,56.6,373,367,6,46.625
PR00003779,WO00003779,06/05/2026,3,P03,P03_L02,SKU001,480,0,0,480,49.793,331,323,8,41.375
PR00003780,WO00003780,06/05/2026,1,P03,P03_L03,SKU006,480,50,0,430,54.878,374,363,11,52.186
PR00003781,WO00003781,06/05/2026,2,P03,P03_L03,SKU004,480,27,0,453,56.693,368,357,11,48.742
PR00003782,WO00003782,06/05/2026,3,P03,P03_L03,SKU004,480,40,42,398,56.693,309,297,12,46.583
PR00003795,WO00003795,06/06/2026,1,P03,P03_L01,SKU003,480,0,0,480,57.7,426,417,9,53.25
PR00003796,WO00003796,06/06/2026,2,P03,P03_L01,SKU004,480,36,52,392,56.693,330,318,12,50.51
PR00003797,WO00003797,06/06/2026,3,P03,P03_L01,SKU001,480,0,22,458,49.793,307,300,7,40.218
PR00003798,WO00003798,06/06/2026,1,P03,P03_L02,SKU002,480,0,0,480,56.6,396,384,12,49.5
PR00003799,WO00003799,06/06/2026,3,P03,P03_L02,SKU006,480,0,0,480,54.878,391,380,11,48.875
PR00003800,WO00003800,06/06/2026,1,P03,P03_L03,SKU006,480,0,7,473,54.878,399,387,12,50.613
PR00003801,WO00003801,06/06/2026,2,P03,P03_L03,SKU001,480,33,22,425,49.793,305,297,8,43.059
PR00003815,WO00003815,06/07/2026,1,P03,P03_L01,SKU003,480,19,0,461,57.7,401,394,7,52.191
PR00003816,WO00003816,06/07/2026,3,P03,P03_L01,SKU004,480,0,0,480,56.693,392,376,16,49.0
PR00003817,WO00003817,06/07/2026,1,P03,P03_L02,SKU005,480,0,31,449,50.42,311,305,6,41.559
PR00003818,WO00003818,06/07/2026,3,P03,P03_L02,SKU004,480,33,0,447,56.6,361,348,13,48.456
PR00003819,WO00003819,06/07/2026,2,P03,P03_L03,SKU003,480,0,47,433,58.1,384,377,7,53.21
PR00003838,WO00003838,06/08/2026,1,P03,P03_L01,SKU007,480,0,0,480,57.7,433,429,4,54.125
PR00003839,WO00003839,06/08/2026,2,P03,P03_L01,SKU001,480,0,21,459,49.793,313,305,8,40.915
PR00003840,WO00003840,06/08/2026,3,P03,P03_L01,SKU001,480,26,0,454,49.793,337,327,10,44.537
PR00003841,WO00003841,06/08/2026,1,P03,P03_L02,SKU006,480,22,6,452,54.878,377,367,10,50.044
PR00003842,WO00003842,06/08/2026,2,P03,P03_L02,SKU006,480,20,29,431,54.878,362,351,11,50.394
PR00003843,WO00003843,06/08/2026,3,P03,P03_L02,SKU006,480,0,53,427,54.878,368,356,12,51.71
PR00003844,WO00003844,06/08/2026,1,P03,P03_L03,SKU004,480,0,0,480,56.693,412,400,12,51.5
PR00003845,WO00003845,06/08/2026,2,P03,P03_L03,SKU004,480,0,0,480,56.693,385,372,13,48.125
PR00003846,WO00003846,06/08/2026,3,P03,P03_L03,SKU003,480,0,0,480,58.1,408,401,7,51.0
PR00003865,WO00003865,06/09/2026,1,P03,P03_L01,SKU001,480,0,0,480,49.793,349,341,8,43.625
PR00003866,WO00003866,06/09/2026,2,P03,P03_L01,SKU004,480,40,0,440,56.693,352,339,13,48.0
PR00003867,WO00003867,06/09/2026,3,P03,P03_L01,SKU001,480,31,0,449,49.793,320,312,8,42.762
PR00003868,WO00003868,06/09/2026,1,P03,P03_L02,SKU001,480,0,16,464,49.793,354,345,9,45.776
PR00003869,WO00003869,06/09/2026,2,P03,P03_L02,SKU002,480,0,0,480,56.6,388,374,14,48.5
PR00003870,WO00003870,06/09/2026,3,P03,P03_L02,SKU008,480,33,0,447,56.6,318,314,4,42.685
PR00003871,WO00003871,06/09/2026,1,P03,P03_L03,SKU004,480,44,0,436,56.693,395,379,16,54.358
PR00003872,WO00003872,06/09/2026,2,P03,P03_L03,SKU001,480,0,0,480,49.793,354,346,8,44.25
PR00003873,WO00003873,06/09/2026,3,P03,P03_L03,SKU004,480,17,0,463,56.693,365,350,15,47.3
PR00003892,WO00003892,06/10/2026,1,P03,P03_L01,SKU001,480,18,0,462,49.793,355,349,6,46.104
PR00003893,WO00003893,06/10/2026,2,P03,P03_L01,SKU004,480,0,22,458,56.693,361,348,13,47.293
PR00003894,WO00003894,06/10/2026,3,P03,P03_L01,SKU004,480,38,0,442,56.693,340,328,12,46.154
PR00003895,WO00003895,06/10/2026,1,P03,P03_L02,SKU006,480,0,0,480,54.878,417,407,10,52.125
PR00003896,WO00003896,06/10/2026,2,P03,P03_L02,SKU006,480,0,0,480,54.878,401,390,11,50.125
PR00003897,WO00003897,06/10/2026,3,P03,P03_L02,SKU002,480,0,22,458,56.6,350,336,14,45.852
PR00003898,WO00003898,06/10/2026,1,P03,P03_L03,SKU004,480,0,0,480,56.693,406,393,13,50.75
PR00003899,WO00003899,06/10/2026,2,P03,P03_L03,SKU004,480,0,0,480,56.693,415,400,15,51.875
PR00003900,WO00003900,06/10/2026,3,P03,P03_L03,SKU004,480,0,16,464,56.693,378,364,14,48.879
PR00003919,WO00003919,06/11/2026,1,P03,P03_L01,SKU001,480,0,9,471,49.793,337,329,8,42.93
PR00003920,WO00003920,06/11/2026,2,P03,P03_L01,SKU004,480,0,0,480,56.693,410,398,12,51.25
PR00003921,WO00003921,06/11/2026,3,P03,P03_L01,SKU001,480,0,0,480,49.793,328,320,8,41.0
PR00003922,WO00003922,06/11/2026,1,P03,P03_L02,SKU006,480,32,0,448,54.878,397,389,8,53.17
PR00003923,WO00003923,06/11/2026,2,P03,P03_L02,SKU006,480,0,16,464,54.878,368,358,10,47.586
PR00003924,WO00003924,06/11/2026,3,P03,P03_L02,SKU006,480,0,43,437,54.878,356,345,11,48.879
PR00003925,WO00003925,06/11/2026,1,P03,P03_L03,SKU004,480,0,0,480,56.693,420,406,14,52.5
PR00003926,WO00003926,06/11/2026,2,P03,P03_L03,SKU003,480,81,0,399,58.1,357,349,8,53.684
PR00003927,WO00003927,06/11/2026,3,P03,P03_L03,SKU001,480,29,0,451,49.793,316,308,8,42.04
PR00003946,WO00003946,06/12/2026,1,P03,P03_L01,SKU004,480,0,0,480,56.693,414,402,12,51.75
PR00003947,WO00003947,06/12/2026,2,P03,P03_L01,SKU007,480,0,0,480,57.7,378,372,6,47.25
PR00003948,WO00003948,06/12/2026,3,P03,P03_L01,SKU001,480,31,8,441,49.793,311,303,8,42.313
PR00003949,WO00003949,06/12/2026,1,P03,P03_L02,SKU001,480,0,23,457,49.793,336,330,6,44.114
PR00003950,WO00003950,06/12/2026,2,P03,P03_L02,SKU008,480,20,35,425,56.6,318,315,3,44.894
PR00003951,WO00003951,06/12/2026,3,P03,P03_L02,SKU006,480,0,0,480,54.878,384,370,14,48.0
PR00003952,WO00003952,06/12/2026,1,P03,P03_L03,SKU001,480,0,0,480,49.793,346,339,7,43.25
PR00003953,WO00003953,06/12/2026,2,P03,P03_L03,SKU004,480,0,0,480,56.693,413,398,15,51.625
PR00003954,WO00003954,06/12/2026,3,P03,P03_L03,SKU003,480,23,0,457,58.1,377,366,11,49.497
PR00003966,WO00003966,06/13/2026,1,P03,P03_L01,SKU003,480,34,0,446,57.7,433,423,10,58.251
PR00003967,WO00003967,06/13/2026,2,P03,P03_L01,SKU001,480,0,15,465,49.793,357,348,9,46.065
PR00003968,WO00003968,06/13/2026,3,P03,P03_L01,SKU003,480,0,0,480,57.7,392,387,5,49.0
PR00003969,WO00003969,06/13/2026,1,P03,P03_L02,SKU006,480,36,0,444,54.878,361,352,9,48.784
PR00003970,WO00003970,06/13/2026,2,P03,P03_L02,SKU008,480,19,0,461,56.6,381,373,8,49.588
PR00003971,WO00003971,06/13/2026,3,P03,P03_L02,SKU001,480,17,0,463,49.793,304,298,6,39.395
PR00003972,WO00003972,06/13/2026,1,P03,P03_L03,SKU001,480,0,0,480,49.793,350,342,8,43.75
PR00003973,WO00003973,06/13/2026,2,P03,P03_L03,SKU001,480,0,0,480,49.793,341,333,8,42.625
PR00003986,WO00003986,06/14/2026,2,P03,P03_L02,SKU004,480,0,69,411,56.6,346,336,10,50.511
PR00003987,WO00003987,06/14/2026,1,P03,P03_L03,SKU006,480,28,42,410,54.878,366,355,11,53.561
PR00003988,WO00003988,06/14/2026,2,P03,P03_L03,SKU003,480,0,0,480,58.1,446,439,7,55.75
PR00003989,WO00003989,06/14/2026,3,P03,P03_L03,SKU006,480,0,0,480,54.878,367,353,14,45.875
PR00004008,WO00004008,06/15/2026,1,P03,P03_L01,SKU007,480,34,0,446,57.7,396,395,1,53.274
PR00004009,WO00004009,06/15/2026,2,P03,P03_L01,SKU003,480,0,0,480,57.7,440,430,10,55.0
PR00004010,WO00004010,06/15/2026,3,P03,P03_L01,SKU003,480,37,0,443,57.7,345,336,9,46.727
PR00004011,WO00004011,06/15/2026,1,P03,P03_L02,SKU006,480,50,82,348,54.878,294,286,8,50.69
PR00004012,WO00004012,06/15/2026,2,P03,P03_L02,SKU006,480,0,0,480,54.878,391,380,11,48.875
PR00004013,WO00004013,06/15/2026,3,P03,P03_L02,SKU001,480,0,0,480,49.793,328,323,5,41.0
PR00004014,WO00004014,06/15/2026,1,P03,P03_L03,SKU003,480,53,0,427,58.1,357,349,8,50.164
PR00004015,WO00004015,06/15/2026,2,P03,P03_L03,SKU003,480,40,0,440,58.1,395,388,7,53.864
PR00004016,WO00004016,06/15/2026,3,P03,P03_L03,SKU004,480,0,0,480,56.693,388,375,13,48.5
PR00004035,WO00004035,06/16/2026,1,P03,P03_L01,SKU001,480,67,34,379,49.793,267,263,4,42.269
PR00004036,WO00004036,06/16/2026,2,P03,P03_L01,SKU001,480,49,0,431,49.793,331,322,9,46.079
PR00004037,WO00004037,06/16/2026,3,P03,P03_L01,SKU003,480,26,0,454,57.7,378,372,6,49.956
PR00004038,WO00004038,06/16/2026,1,P03,P03_L02,SKU006,480,0,41,439,54.878,376,366,10,51.39
PR00004039,WO00004039,06/16/2026,2,P03,P03_L02,SKU006,480,0,0,480,54.878,391,378,13,48.875
PR00004040,WO00004040,06/16/2026,3,P03,P03_L02,SKU001,480,29,0,451,49.793,326,316,10,43.37
PR00004041,WO00004041,06/16/2026,1,P03,P03_L03,SKU001,480,36,16,428,49.793,329,321,8,46.121
PR00004042,WO00004042,06/16/2026,2,P03,P03_L03,SKU004,480,26,28,426,56.693,368,358,10,51.831
PR00004043,WO00004043,06/16/2026,3,P03,P03_L03,SKU004,480,48,0,432,56.693,322,311,11,44.722
PR00004062,WO00004062,06/17/2026,1,P03,P03_L01,SKU001,480,20,0,460,49.793,336,328,8,43.826
PR00004063,WO00004063,06/17/2026,2,P03,P03_L01,SKU006,480,31,0,449,54.878,361,353,8,48.241
PR00004064,WO00004064,06/17/2026,3,P03,P03_L01,SKU003,480,0,0,480,57.7,402,392,10,50.25
PR00004065,WO00004065,06/17/2026,1,P03,P03_L02,SKU006,480,25,49,406,54.878,353,343,10,52.167
PR00004066,WO00004066,06/17/2026,2,P03,P03_L02,SKU002,480,0,37,443,56.6,339,326,13,45.914
PR00004067,WO00004067,06/17/2026,3,P03,P03_L02,SKU006,480,0,0,480,54.878,407,396,11,50.875
PR00004068,WO00004068,06/17/2026,1,P03,P03_L03,SKU001,480,0,0,480,49.793,368,360,8,46.0
PR00004069,WO00004069,06/17/2026,2,P03,P03_L03,SKU001,480,0,0,480,49.793,343,335,8,42.875
PR00004070,WO00004070,06/17/2026,3,P03,P03_L03,SKU003,480,0,0,480,58.1,425,413,12,53.125
PR00004089,WO00004089,06/18/2026,1,P03,P03_L01,SKU004,480,0,0,480,56.693,402,387,15,50.25
PR00004090,WO00004090,06/18/2026,2,P03,P03_L01,SKU004,480,0,0,480,56.693,407,394,13,50.875
PR00004091,WO00004091,06/18/2026,3,P03,P03_L01,SKU001,480,0,0,480,49.793,331,322,9,41.375
PR00004092,WO00004092,06/18/2026,1,P03,P03_L02,SKU004,480,0,47,433,56.6,372,360,12,51.547
PR00004093,WO00004093,06/18/2026,2,P03,P03_L02,SKU002,480,19,0,461,56.6,358,343,15,46.594
PR00004094,WO00004094,06/18/2026,3,P03,P03_L02,SKU006,480,0,15,465,54.878,381,368,13,49.161
PR00004095,WO00004095,06/18/2026,1,P03,P03_L03,SKU006,480,50,0,430,54.878,369,361,8,51.488
PR00004096,WO00004096,06/18/2026,2,P03,P03_L03,SKU001,480,37,0,443,49.793,338,331,7,45.779
PR00004097,WO00004097,06/18/2026,3,P03,P03_L03,SKU006,480,20,0,460,54.878,371,360,11,48.391
PR00004116,WO00004116,06/19/2026,1,P03,P03_L01,SKU003,480,0,73,407,57.7,382,379,3,56.314
PR00004117,WO00004117,06/19/2026,2,P03,P03_L01,SKU001,480,0,0,480,49.793,313,305,8,39.125
PR00004118,WO00004118,06/19/2026,3,P03,P03_L01,SKU003,480,0,0,480,57.7,403,398,5,50.375
PR00004119,WO00004119,06/19/2026,1,P03,P03_L02,SKU004,480,45,49,386,56.6,340,330,10,52.85
PR00004120,WO00004120,06/19/2026,2,P03,P03_L02,SKU006,480,0,0,480,54.878,386,375,11,48.25
PR00004121,WO00004121,06/19/2026,3,P03,P03_L02,SKU002,480,25,0,455,56.6,325,312,13,42.857
PR00004122,WO00004122,06/19/2026,1,P03,P03_L03,SKU001,480,0,0,480,49.793,350,341,9,43.75
PR00004123,WO00004123,06/19/2026,2,P03,P03_L03,SKU004,480,25,0,455,56.693,369,359,10,48.659
PR00004124,WO00004124,06/19/2026,3,P03,P03_L03,SKU004,480,0,0,480,56.693,356,341,15,44.5
PR00004136,WO00004136,06/20/2026,1,P03,P03_L01,SKU003,480,17,0,463,57.7,399,391,8,51.706
PR00004137,WO00004137,06/20/2026,3,P03,P03_L01,SKU001,480,0,0,480,49.793,320,310,10,40.0
PR00004138,WO00004138,06/20/2026,1,P03,P03_L02,SKU002,480,0,112,368,56.6,286,276,10,46.63
PR00004139,WO00004139,06/20/2026,2,P03,P03_L02,SKU008,480,31,0,449,56.6,343,339,4,45.835
PR00004140,WO00004140,06/20/2026,3,P03,P03_L02,SKU006,480,35,0,445,54.878,343,332,11,46.247
PR00004141,WO00004141,06/20/2026,1,P03,P03_L03,SKU001,480,47,55,378,49.793,285,279,6,45.238
PR00004142,WO00004142,06/20/2026,2,P03,P03_L03,SKU001,480,23,0,457,49.793,315,309,6,41.357
PR00004143,WO00004143,06/20/2026,3,P03,P03_L03,SKU004,480,29,0,451,56.693,357,343,14,47.494
PR00004157,WO00004157,06/21/2026,2,P03,P03_L01,SKU004,480,52,26,402,56.693,333,322,11,49.701
PR00004158,WO00004158,06/21/2026,1,P03,P03_L02,SKU004,480,0,0,480,56.6,394,379,15,49.25
PR00004159,WO00004159,06/21/2026,2,P03,P03_L02,SKU006,480,71,0,409,54.878,353,342,11,51.785
PR00004160,WO00004160,06/21/2026,3,P03,P03_L02,SKU001,480,0,0,480,49.793,316,308,8,39.5
PR00004161,WO00004161,06/21/2026,2,P03,P03_L03,SKU004,480,0,0,480,56.693,403,391,12,50.375
PR00004180,WO00004180,06/22/2026,1,P03,P03_L01,SKU001,480,0,21,459,49.793,348,341,7,45.49
PR00004181,WO00004181,06/22/2026,2,P03,P03_L01,SKU001,480,0,0,480,49.793,330,324,6,41.25
PR00004182,WO00004182,06/22/2026,3,P03,P03_L01,SKU001,480,0,0,480,49.793,350,341,9,43.75
PR00004183,WO00004183,06/22/2026,1,P03,P03_L02,SKU007,480,29,0,451,56.6,395,393,2,52.55
PR00004184,WO00004184,06/22/2026,2,P03,P03_L02,SKU001,480,0,0,480,49.793,321,314,7,40.125
PR00004185,WO00004185,06/22/2026,3,P03,P03_L02,SKU002,480,0,0,480,56.6,341,328,13,42.625
PR00004186,WO00004186,06/22/2026,1,P03,P03_L03,SKU004,480,24,0,456,56.693,412,399,13,54.211
PR00004187,WO00004187,06/22/2026,2,P03,P03_L03,SKU006,480,0,41,439,54.878,351,343,8,47.973
PR00004188,WO00004188,06/22/2026,3,P03,P03_L03,SKU004,480,28,30,422,56.693,345,331,14,49.052
PR00004207,WO00004207,06/23/2026,1,P03,P03_L01,SKU006,480,0,28,452,54.878,395,386,9,52.434
PR00004208,WO00004208,06/23/2026,2,P03,P03_L01,SKU001,480,13,0,467,49.793,328,320,8,42.141
PR00004209,WO00004209,06/23/2026,3,P03,P03_L01,SKU004,480,24,0,456,56.693,377,364,13,49.605
PR00004210,WO00004210,06/23/2026,1,P03,P03_L02,SKU001,480,0,0,480,49.793,377,369,8,47.125
PR00004211,WO00004211,06/23/2026,2,P03,P03_L02,SKU001,480,0,0,480,49.793,357,347,10,44.625
PR00004212,WO00004212,06/23/2026,3,P03,P03_L02,SKU006,480,27,0,453,54.878,357,344,13,47.285
PR00004213,WO00004213,06/23/2026,1,P03,P03_L03,SKU004,480,0,29,451,56.693,389,375,14,51.752
PR00004214,WO00004214,06/23/2026,2,P03,P03_L03,SKU003,480,40,0,440,58.1,383,374,9,52.227
PR00004215,WO00004215,06/23/2026,3,P03,P03_L03,SKU004,480,0,0,480,56.693,399,387,12,49.875
PR00004234,WO00004234,06/24/2026,1,P03,P03_L01,SKU001,480,0,0,480,49.793,365,359,6,45.625
PR00004235,WO00004235,06/24/2026,2,P03,P03_L01,SKU003,480,26,0,454,57.7,395,387,8,52.203
PR00004236,WO00004236,06/24/2026,3,P03,P03_L01,SKU001,480,0,0,480,49.793,330,324,6,41.25
PR00004237,WO00004237,06/24/2026,1,P03,P03_L02,SKU006,480,0,22,458,54.878,404,393,11,52.926
PR00004238,WO00004238,06/24/2026,2,P03,P03_L02,SKU006,480,0,0,480,54.878,394,385,9,49.25
PR00004239,WO00004239,06/24/2026,3,P03,P03_L02,SKU002,480,39,0,441,56.6,331,319,12,45.034
PR00004240,WO00004240,06/24/2026,1,P03,P03_L03,SKU001,480,0,0,480,49.793,355,346,9,44.375
PR00004241,WO00004241,06/24/2026,2,P03,P03_L03,SKU001,480,37,0,443,49.793,325,317,8,44.018
PR00004242,WO00004242,06/24/2026,3,P03,P03_L03,SKU001,480,0,21,459,49.793,330,322,8,43.137
PR00004261,WO00004261,06/25/2026,1,P03,P03_L01,SKU004,480,0,0,480,56.693,438,421,17,54.75
PR00004262,WO00004262,06/25/2026,2,P03,P03_L01,SKU001,480,25,0,455,49.793,328,321,7,43.253
PR00004263,WO00004263,06/25/2026,3,P03,P03_L01,SKU008,480,19,0,461,57.7,360,355,5,46.855
PR00004264,WO00004264,06/25/2026,1,P03,P03_L02,SKU008,480,0,0,480,56.6,380,374,6,47.5
PR00004265,WO00004265,06/25/2026,2,P03,P03_L02,SKU008,480,0,0,480,56.6,358,353,5,44.75
PR00004266,WO00004266,06/25/2026,3,P03,P03_L02,SKU002,480,0,0,480,56.6,375,361,14,46.875
PR00004267,WO00004267,06/25/2026,1,P03,P03_L03,SKU006,480,0,54,426,54.878,346,336,10,48.732
PR00004268,WO00004268,06/25/2026,2,P03,P03_L03,SKU003,480,0,0,480,58.1,436,425,11,54.5
PR00004269,WO00004269,06/25/2026,3,P03,P03_L03,SKU004,480,0,0,480,56.693,383,370,13,47.875
PR00004288,WO00004288,06/26/2026,1,P03,P03_L01,SKU001,480,21,0,459,49.793,326,317,9,42.614
PR00004289,WO00004289,06/26/2026,2,P03,P03_L01,SKU001,480,0,0,480,49.793,338,329,9,42.25
PR00004290,WO00004290,06/26/2026,3,P03,P03_L01,SKU003,480,58,36,386,57.7,318,314,4,49.43
PR00004291,WO00004291,06/26/2026,1,P03,P03_L02,SKU006,480,35,0,445,54.878,392,382,10,52.854
PR00004292,WO00004292,06/26/2026,2,P03,P03_L02,SKU006,480,0,4,476,54.878,413,402,11,52.059
PR00004293,WO00004293,06/26/2026,3,P03,P03_L02,SKU006,480,0,0,480,54.878,405,389,16,50.625
PR00004294,WO00004294,06/26/2026,1,P03,P03_L03,SKU001,480,0,0,480,49.793,335,326,9,41.875
PR00004295,WO00004295,06/26/2026,2,P03,P03_L03,SKU004,480,0,0,480,56.693,392,377,15,49.0
PR00004296,WO00004296,06/26/2026,3,P03,P03_L03,SKU004,480,12,0,468,56.693,407,391,16,52.179
PR00004308,WO00004308,06/27/2026,1,P03,P03_L01,SKU001,480,23,0,457,49.793,346,340,6,45.427
PR00004309,WO00004309,06/27/2026,2,P03,P03_L01,SKU001,480,36,89,355,49.793,246,240,6,41.577
PR00004310,WO00004310,06/27/2026,1,P03,P03_L02,SKU001,480,0,0,480,49.793,357,349,8,44.625
PR00004311,WO00004311,06/27/2026,2,P03,P03_L03,SKU003,480,0,0,480,58.1,407,397,10,50.875
PR00004324,WO00004324,06/28/2026,1,P03,P03_L01,SKU005,480,0,0,480,50.42,349,342,7,43.625
PR00004325,WO00004325,06/28/2026,2,P03,P03_L01,SKU001,480,0,21,459,49.793,309,301,8,40.392
PR00004326,WO00004326,06/28/2026,3,P03,P03_L01,SKU004,480,0,12,468,56.693,385,366,19,49.359
PR00004327,WO00004327,06/28/2026,2,P03,P03_L02,SKU008,480,0,0,480,56.6,361,357,4,45.125
PR00004328,WO00004328,06/28/2026,3,P03,P03_L02,SKU001,480,37,0,443,49.793,300,292,8,40.632
PR00004329,WO00004329,06/28/2026,3,P03,P03_L03,SKU006,480,0,0,480,54.878,396,382,14,49.5
PR00004348,WO00004348,06/29/2026,1,P03,P03_L01,SKU004,480,0,16,464,56.693,397,385,12,51.336
PR00004349,WO00004349,06/29/2026,2,P03,P03_L01,SKU001,480,0,0,480,49.793,339,329,10,42.375
PR00004350,WO00004350,06/29/2026,3,P03,P03_L01,SKU004,480,51,27,402,56.693,292,281,11,43.582
PR00004351,WO00004351,06/29/2026,1,P03,P03_L02,SKU006,480,19,0,461,54.878,387,376,11,50.369
PR00004352,WO00004352,06/29/2026,2,P03,P03_L02,SKU006,480,0,31,449,54.878,382,372,10,51.047
PR00004353,WO00004353,06/29/2026,3,P03,P03_L02,SKU001,480,0,0,480,49.793,338,328,10,42.25
PR00004354,WO00004354,06/29/2026,1,P03,P03_L03,SKU001,480,0,0,480,49.793,347,340,7,43.375
PR00004355,WO00004355,06/29/2026,2,P03,P03_L03,SKU004,480,0,0,480,56.693,388,376,12,48.5
PR00004356,WO00004356,06/29/2026,3,P03,P03_L03,SKU004,480,14,0,466,56.693,372,358,14,47.897
