order_id,plant_id,product_id,order_date,due_date,order_qty,priority,status
SO0000001,P01,SKU006,2026-01-01,2026-01-03,349,Normal,Released
SO0000002,P01,SKU008,2026-01-01,2026-01-02,430,Normal,Released
SO0000003,P01,SKU001,2026-01-01,2026-01-05,822,Normal,Released
SO0000004,P01,SKU008,2026-01-01,2026-01-07,60,Normal,Released
SO0000005,P01,SKU003,2026-01-01,2026-01-07,319,Normal,Released
SO0000006,P01,SKU004,2026-01-02,2026-01-03,311,Normal,Released
SO0000007,P01,SKU003,2026-01-02,2026-01-09,654,Normal,Released
SO0000008,P01,SKU007,2026-01-02,2026-01-09,309,Normal,Released
SO0000009,P01,SKU002,2026-01-03,2026-01-10,363,High,Released
SO0000010,P01,SKU003,2026-01-03,2026-01-07,456,Normal,Released
SO0000011,P01,SKU001,2026-01-03,2026-01-05,192,Normal,Released
SO0000012,P01,SKU008,2026-01-03,2026-01-05,412,Normal,Released
SO0000013,P01,SKU008,2026-01-03,2026-01-04,587,Normal,Released
SO0000014,P01,SKU007,2026-01-04,2026-01-11,201,Normal,Released
SO0000015,P01,SKU002,2026-01-04,2026-01-11,656,Normal,Released
SO0000016,P01,SKU002,2026-01-05,2026-01-07,445,Normal,Released
SO0000017,P01,SKU002,2026-01-05,2026-01-12,492,Normal,Released
SO0000018,P01,SKU001,2026-01-05,2026-01-11,262,Normal,Released
SO0000019,P01,SKU005,2026-01-05,2026-01-06,341,Normal,Released
SO0000020,P01,SKU006,2026-01-05,2026-01-09,397,High,Released
SO0000021,P01,SKU001,2026-01-05,2026-01-12,317,Normal,Released
SO0000022,P01,SKU003,2026-01-06,2026-01-08,433,Normal,Released
SO0000023,P01,SKU006,2026-01-06,2026-01-12,409,High,Released
SO0000024,P01,SKU004,2026-01-06,2026-01-08,688,Normal,Released
SO0000025,P01,SKU008,2026-01-07,2026-01-09,283,Normal,Released
SO0000026,P01,SKU007,2026-01-07,2026-01-13,372,High,Released
SO0000027,P01,SKU005,2026-01-08,2026-01-15,196,Normal,Released
SO0000028,P01,SKU006,2026-01-08,2026-01-15,858,Normal,Released
SO0000029,P01,SKU001,2026-01-08,2026-01-10,454,Normal,Released
SO0000030,P01,SKU007,2026-01-08,2026-01-15,361,Normal,Released
SO0000031,P01,SKU008,2026-01-08,2026-01-13,340,Normal,Released
SO0000032,P01,SKU002,2026-01-08,2026-01-13,362,Normal,Released
SO0000033,P01,SKU001,2026-01-09,2026-01-11,386,Normal,Released
SO0000034,P01,SKU002,2026-01-09,2026-01-11,463,Normal,Released
SO0000035,P01,SKU001,2026-01-09,2026-01-16,443,Normal,Released
SO0000036,P01,SKU001,2026-01-09,2026-01-12,444,Normal,Released
SO0000037,P01,SKU008,2026-01-09,2026-01-15,549,Expedite,Released
SO0000038,P01,SKU008,2026-01-09,2026-01-14,327,Normal,Released
SO0000039,P01,SKU007,2026-01-09,2026-01-15,355,Normal,Released
SO0000040,P01,SKU002,2026-01-10,2026-01-14,345,Normal,Released
SO0000041,P01,SKU004,2026-01-10,2026-01-13,680,Normal,Released
SO0000042,P01,SKU003,2026-01-10,2026-01-14,351,Normal,Released
SO0000043,P01,SKU004,2026-01-10,2026-01-16,351,High,Released
SO0000044,P01,SKU008,2026-01-11,2026-01-13,294,Normal,Released
SO0000045,P01,SKU006,2026-01-11,2026-01-15,531,Normal,Released
SO0000046,P01,SKU007,2026-01-11,2026-01-16,594,Normal,Released
SO0000047,P01,SKU001,2026-01-11,2026-01-15,523,Normal,Released
SO0000048,P01,SKU008,2026-01-11,2026-01-13,218,Normal,Released
SO0000049,P01,SKU007,2026-01-11,2026-01-18,508,High,Released
SO0000050,P01,SKU007,2026-01-12,2026-01-13,594,Normal,Released
SO0000051,P01,SKU005,2026-01-12,2026-01-18,457,Normal,Released
SO0000052,P01,SKU007,2026-01-12,2026-01-14,668,High,Released
SO0000053,P01,SKU005,2026-01-13,2026-01-19,469,Normal,Released
SO0000054,P01,SKU004,2026-01-14,2026-01-21,386,High,Released
SO0000055,P01,SKU002,2026-01-14,2026-01-20,239,Normal,Released
SO0000056,P01,SKU004,2026-01-14,2026-01-21,290,Normal,Released
SO0000057,P01,SKU008,2026-01-14,2026-01-15,548,Expedite,Released
SO0000058,P01,SKU004,2026-01-14,2026-01-20,550,Normal,Released
SO0000059,P01,SKU008,2026-01-15,2026-01-21,626,Normal,Released
SO0000060,P01,SKU007,2026-01-15,2026-01-18,151,Normal,Released
SO0000061,P01,SKU004,2026-01-15,2026-01-21,498,Normal,Released
SO0000062,P01,SKU007,2026-01-15,2026-01-16,40,Normal,Released
SO0000063,P01,SKU008,2026-01-16,2026-01-23,451,Normal,Released
SO0000064,P01,SKU001,2026-01-16,2026-01-22,384,Normal,Released
SO0000065,P01,SKU007,2026-01-16,2026-01-19,349,Normal,Released
SO0000066,P01,SKU006,2026-01-16,2026-01-18,394,Normal,Released
SO0000067,P01,SKU001,2026-01-17,2026-01-24,538,Normal,Released
SO0000068,P01,SKU008,2026-01-17,2026-01-23,593,Normal,Released
SO0000069,P01,SKU007,2026-01-18,2026-01-22,278,Normal,Released
SO0000070,P01,SKU002,2026-01-18,2026-01-19,270,Normal,Released
SO0000071,P01,SKU003,2026-01-18,2026-01-24,698,Normal,Released
SO0000072,P01,SKU005,2026-01-19,2026-01-25,317,Expedite,Released
SO0000073,P01,SKU002,2026-01-19,2026-01-23,309,Normal,Released
SO0000074,P01,SKU007,2026-01-19,2026-01-23,470,High,Released
SO0000075,P01,SKU002,2026-01-20,2026-01-21,738,Normal,Released
SO0000076,P01,SKU001,2026-01-20,2026-01-21,443,Normal,Released
SO0000077,P01,SKU003,2026-01-20,2026-01-23,472,Normal,Released
SO0000078,P01,SKU006,2026-01-20,2026-01-26,280,Normal,Released
SO0000079,P01,SKU002,2026-01-20,2026-01-27,233,Normal,Released
SO0000080,P01,SKU001,2026-01-20,2026-01-22,736,Normal,Released
SO0000081,P01,SKU002,2026-01-21,2026-01-28,846,Normal,Released
SO0000082,P01,SKU005,2026-01-21,2026-01-22,432,Normal,Released
SO0000083,P01,SKU008,2026-01-21,2026-01-23,389,Normal,Released
SO0000084,P01,SKU007,2026-01-21,2026-01-24,277,Normal,Released
SO0000085,P01,SKU004,2026-01-21,2026-01-28,527,Normal,Released
SO0000086,P01,SKU007,2026-01-21,2026-01-25,370,Normal,Released
SO0000087,P01,SKU003,2026-01-21,2026-01-22,572,Normal,Released
SO0000088,P01,SKU006,2026-01-22,2026-01-26,40,Expedite,Released
SO0000089,P01,SKU008,2026-01-22,2026-01-25,489,Normal,Released
SO0000090,P01,SKU003,2026-01-22,2026-01-28,160,Normal,Released
SO0000091,P01,SKU004,2026-01-22,2026-01-27,403,Normal,Released
SO0000092,P01,SKU002,2026-01-23,2026-01-29,649,Normal,Released
SO0000093,P01,SKU004,2026-01-23,2026-01-24,439,Normal,Released
SO0000094,P01,SKU004,2026-01-23,2026-01-26,358,High,Released
SO0000095,P01,SKU002,2026-01-23,2026-01-28,492,Normal,Released
SO0000096,P01,SKU002,2026-01-23,2026-01-30,329,Normal,Released
SO0000097,P01,SKU005,2026-01-23,2026-01-25,288,High,Released
SO0000098,P01,SKU002,2026-01-24,2026-01-30,251,Normal,Released
SO0000099,P01,SKU005,2026-01-24,2026-01-27,481,Normal,Released
SO0000100,P01,SKU004,2026-01-24,2026-01-27,753,High,Released
SO0000101,P01,SKU005,2026-01-25,2026-02-01,405,Normal,Released
SO0000102,P01,SKU008,2026-01-25,2026-01-26,291,Normal,Released
SO0000103,P01,SKU003,2026-01-25,2026-01-30,391,Normal,Released
SO0000104,P01,SKU008,2026-01-25,2026-01-26,448,Normal,Released
SO0000105,P01,SKU005,2026-01-26,2026-02-01,745,Normal,Released
SO0000106,P01,SKU004,2026-01-26,2026-01-29,455,Expedite,Released
SO0000107,P01,SKU008,2026-01-26,2026-02-01,457,Normal,Released
SO0000108,P01,SKU006,2026-01-26,2026-01-27,347,Normal,Released
SO0000109,P01,SKU001,2026-01-26,2026-02-02,347,Expedite,Released
SO0000110,P01,SKU004,2026-01-26,2026-01-29,456,Normal,Released
SO0000111,P01,SKU008,2026-01-26,2026-01-31,321,Normal,Released
SO0000112,P01,SKU001,2026-01-26,2026-01-28,312,Normal,Released
SO0000113,P01,SKU008,2026-01-26,2026-01-27,490,Normal,Released
SO0000114,P01,SKU003,2026-01-26,2026-02-02,246,Normal,Released
SO0000115,P01,SKU006,2026-01-26,2026-01-27,490,Normal,Released
SO0000116,P01,SKU007,2026-01-27,2026-01-31,343,Normal,Released
SO0000117,P01,SKU001,2026-01-27,2026-01-31,314,Normal,Released
SO0000118,P01,SKU001,2026-01-28,2026-01-29,364,High,Released
SO0000119,P01,SKU003,2026-01-28,2026-02-02,232,Normal,Released
SO0000120,P01,SKU001,2026-01-28,2026-01-31,170,Expedite,Released
SO0000121,P01,SKU007,2026-01-28,2026-02-03,443,Normal,Released
SO0000122,P01,SKU004,2026-01-28,2026-01-30,516,Normal,Released
SO0000123,P01,SKU008,2026-01-28,2026-01-29,131,High,Released
SO0000124,P01,SKU004,2026-01-29,2026-02-02,510,Normal,Released
SO0000125,P01,SKU001,2026-01-29,2026-02-05,443,Normal,Released
SO0000126,P01,SKU003,2026-01-30,2026-02-02,579,Normal,Released
SO0000127,P01,SKU005,2026-01-30,2026-02-04,638,Normal,Released
SO0000128,P01,SKU006,2026-01-30,2026-02-02,233,Normal,Released
SO0000129,P01,SKU003,2026-01-30,2026-01-31,945,Normal,Released
SO0000130,P01,SKU005,2026-01-30,2026-02-04,455,Normal,Released
SO0000131,P01,SKU004,2026-01-31,2026-02-03,397,Normal,Released
SO0000132,P01,SKU008,2026-01-31,2026-02-01,438,High,Released
SO0000133,P01,SKU001,2026-01-31,2026-02-03,327,Normal,Released
SO0000134,P01,SKU001,2026-01-31,2026-02-07,300,Normal,Released
SO0000135,P01,SKU004,2026-01-31,2026-02-01,698,Normal,Released
SO0000136,P01,SKU001,2026-01-31,2026-02-06,474,Normal,Released
SO0000137,P01,SKU001,2026-02-01,2026-02-04,523,Normal,Released
SO0000138,P01,SKU007,2026-02-01,2026-02-03,375,Normal,Released
SO0000139,P01,SKU004,2026-02-01,2026-02-05,520,High,Released
SO0000140,P01,SKU007,2026-02-02,2026-02-04,453,Normal,Released
SO0000141,P01,SKU008,2026-02-02,2026-02-09,227,Normal,Released
SO0000142,P01,SKU006,2026-02-02,2026-02-05,496,High,Released
SO0000143,P01,SKU002,2026-02-02,2026-02-09,433,Normal,Released
SO0000144,P01,SKU002,2026-02-03,2026-02-07,555,Normal,Released
SO0000145,P01,SKU005,2026-02-03,2026-02-10,346,Normal,Released
SO0000146,P01,SKU007,2026-02-03,2026-02-07,358,Normal,Released
SO0000147,P01,SKU004,2026-02-03,2026-02-04,692,Normal,Released
SO0000148,P01,SKU003,2026-02-03,2026-02-07,543,Normal,Released
SO0000149,P01,SKU007,2026-02-04,2026-02-10,458,Normal,Released
SO0000150,P01,SKU003,2026-02-04,2026-02-09,315,Normal,Released
SO0000151,P01,SKU006,2026-02-05,2026-02-06,228,Normal,Released
SO0000152,P01,SKU002,2026-02-05,2026-02-07,195,Normal,Released
SO0000153,P01,SKU001,2026-02-05,2026-02-10,687,Normal,Released
SO0000154,P01,SKU005,2026-02-05,2026-02-06,441,Normal,Released
SO0000155,P01,SKU008,2026-02-06,2026-02-09,480,Normal,Released
SO0000156,P01,SKU006,2026-02-06,2026-02-07,380,Normal,Released
SO0000157,P01,SKU005,2026-02-07,2026-02-13,600,Normal,Released
SO0000158,P01,SKU005,2026-02-07,2026-02-09,202,Normal,Released
SO0000159,P01,SKU004,2026-02-07,2026-02-08,366,Normal,Released
SO0000160,P01,SKU007,2026-02-07,2026-02-14,318,High,Released
SO0000161,P01,SKU001,2026-02-08,2026-02-15,619,High,Released
SO0000162,P01,SKU007,2026-02-08,2026-02-11,214,Normal,Released
SO0000163,P01,SKU004,2026-02-08,2026-02-13,400,Normal,Released
SO0000164,P01,SKU004,2026-02-09,2026-02-13,614,Normal,Released
SO0000165,P01,SKU006,2026-02-09,2026-02-16,688,Normal,Released
SO0000166,P01,SKU004,2026-02-09,2026-02-14,378,Normal,Released
SO0000167,P01,SKU004,2026-02-09,2026-02-13,886,Normal,Released
SO0000168,P01,SKU005,2026-02-09,2026-02-14,543,Normal,Released
SO0000169,P01,SKU008,2026-02-09,2026-02-12,533,Normal,Released
SO0000170,P01,SKU004,2026-02-09,2026-02-12,395,Normal,Released
SO0000171,P01,SKU002,2026-02-10,2026-02-17,518,Normal,Released
SO0000172,P01,SKU002,2026-02-10,2026-02-14,300,Normal,Released
SO0000173,P01,SKU003,2026-02-10,2026-02-11,235,Normal,Released
SO0000174,P01,SKU008,2026-02-10,2026-02-17,98,Normal,Released
SO0000175,P01,SKU001,2026-02-10,2026-02-13,356,High,Released
SO0000176,P01,SKU007,2026-02-11,2026-02-13,578,Normal,Released
SO0000177,P01,SKU005,2026-02-11,2026-02-17,126,Normal,Released
SO0000178,P01,SKU005,2026-02-11,2026-02-12,325,Normal,Released
SO0000179,P01,SKU003,2026-02-11,2026-02-14,548,Normal,Released
SO0000180,P01,SKU005,2026-02-12,2026-02-18,351,Normal,Released
SO0000181,P01,SKU001,2026-02-12,2026-02-17,221,Normal,Released
SO0000182,P01,SKU002,2026-02-12,2026-02-14,469,Normal,Released
SO0000183,P01,SKU002,2026-02-12,2026-02-17,561,Normal,Released
SO0000184,P01,SKU007,2026-02-12,2026-02-18,465,Normal,Released
SO0000185,P01,SKU002,2026-02-12,2026-02-13,336,High,Released
SO0000186,P01,SKU008,2026-02-13,2026-02-15,383,Normal,Released
SO0000187,P01,SKU008,2026-02-13,2026-02-15,631,Normal,Released
SO0000188,P01,SKU002,2026-02-13,2026-02-15,208,Normal,Released
SO0000189,P01,SKU003,2026-02-13,2026-02-15,513,Normal,Released
SO0000190,P01,SKU008,2026-02-13,2026-02-14,456,Normal,Released
SO0000191,P01,SKU004,2026-02-14,2026-02-19,451,Normal,Released
SO0000192,P01,SKU003,2026-02-14,2026-02-15,585,Normal,Released
SO0000193,P01,SKU007,2026-02-14,2026-02-19,379,Normal,Released
SO0000194,P01,SKU007,2026-02-14,2026-02-18,399,Normal,Released
SO0000195,P01,SKU004,2026-02-14,2026-02-18,374,Normal,Released
SO0000196,P01,SKU008,2026-02-15,2026-02-19,361,High,Released
SO0000197,P01,SKU004,2026-02-15,2026-02-18,228,Normal,Released
SO0000198,P01,SKU006,2026-02-16,2026-02-21,430,Normal,Released
SO0000199,P01,SKU001,2026-02-16,2026-02-22,423,Expedite,Released
SO0000200,P01,SKU006,2026-02-16,2026-02-22,329,Normal,Released
SO0000201,P01,SKU006,2026-02-16,2026-02-22,593,Normal,Released
SO0000202,P01,SKU003,2026-02-16,2026-02-23,358,Normal,Released
SO0000203,P01,SKU005,2026-02-17,2026-02-20,422,Normal,Released
SO0000204,P01,SKU006,2026-02-17,2026-02-20,483,Normal,Released
SO0000205,P01,SKU001,2026-02-17,2026-02-19,583,High,Released
SO0000206,P01,SKU007,2026-02-17,2026-02-24,218,Normal,Released
SO0000207,P01,SKU006,2026-02-17,2026-02-23,331,Normal,Released
SO0000208,P01,SKU002,2026-02-17,2026-02-24,422,Normal,Released
SO0000209,P01,SKU008,2026-02-18,2026-02-22,296,Normal,Released
SO0000210,P01,SKU001,2026-02-18,2026-02-25,369,Normal,Released
SO0000211,P01,SKU005,2026-02-18,2026-02-24,487,Normal,Released
SO0000212,P01,SKU007,2026-02-18,2026-02-23,511,Normal,Released
SO0000213,P01,SKU004,2026-02-18,2026-02-24,258,High,Released
SO0000214,P01,SKU002,2026-02-18,2026-02-21,448,Expedite,Released
SO0000215,P01,SKU007,2026-02-18,2026-02-25,188,Normal,Released
SO0000216,P01,SKU007,2026-02-19,2026-02-22,431,Normal,Released
SO0000217,P01,SKU004,2026-02-19,2026-02-22,300,Normal,Released
SO0000218,P01,SKU007,2026-02-19,2026-02-20,358,Normal,Released
SO0000219,P01,SKU003,2026-02-19,2026-02-21,576,Normal,Released
SO0000220,P01,SKU002,2026-02-20,2026-02-27,768,Expedite,Released
SO0000221,P01,SKU008,2026-02-20,2026-02-27,399,Normal,Released
SO0000222,P01,SKU002,2026-02-20,2026-02-24,373,Normal,Released
SO0000223,P01,SKU008,2026-02-20,2026-02-25,163,Normal,Released
SO0000224,P01,SKU007,2026-02-21,2026-02-22,432,Normal,Released
SO0000225,P01,SKU008,2026-02-21,2026-02-23,523,Normal,Released
SO0000226,P01,SKU004,2026-02-21,2026-02-27,436,Normal,Released
SO0000227,P01,SKU003,2026-02-21,2026-02-28,168,Normal,Released
SO0000228,P01,SKU007,2026-02-21,2026-02-23,482,Normal,Released
SO0000229,P01,SKU006,2026-02-21,2026-02-23,197,Normal,Released
SO0000230,P01,SKU008,2026-02-21,2026-02-28,373,Normal,Released
SO0000231,P01,SKU001,2026-02-22,2026-02-23,360,Normal,Released
SO0000232,P01,SKU004,2026-02-23,2026-02-27,262,Normal,Released
SO0000233,P01,SKU007,2026-02-23,2026-02-27,274,Normal,Released
SO0000234,P01,SKU006,2026-02-23,2026-02-25,297,Normal,Released
SO0000235,P01,SKU005,2026-02-23,2026-02-26,492,Normal,Released
SO0000236,P01,SKU003,2026-02-23,2026-02-28,230,Normal,Released
SO0000237,P01,SKU007,2026-02-24,2026-03-02,490,Normal,Released
SO0000238,P01,SKU002,2026-02-24,2026-03-03,453,High,Released
SO0000239,P01,SKU004,2026-02-24,2026-03-03,562,Normal,Released
SO0000240,P01,SKU007,2026-02-25,2026-03-04,302,Normal,Released
SO0000241,P01,SKU005,2026-02-25,2026-02-28,337,Normal,Released
SO0000242,P01,SKU004,2026-02-25,2026-02-28,130,Normal,Released
SO0000243,P01,SKU005,2026-02-25,2026-02-26,404,Normal,Released
SO0000244,P01,SKU005,2026-02-25,2026-03-02,472,Normal,Released
SO0000245,P01,SKU006,2026-02-25,2026-02-26,352,High,Released
SO0000246,P01,SKU002,2026-02-25,2026-03-03,404,High,Released
SO0000247,P01,SKU002,2026-02-26,2026-03-02,623,Normal,Released
SO0000248,P01,SKU002,2026-02-26,2026-03-05,557,Normal,Released
SO0000249,P01,SKU001,2026-02-26,2026-03-02,284,Normal,Released
SO0000250,P01,SKU002,2026-02-27,2026-03-02,665,Normal,Released
SO0000251,P01,SKU003,2026-02-27,2026-03-05,282,High,Released
SO0000252,P01,SKU008,2026-02-28,2026-03-03,40,High,Released
SO0000253,P01,SKU001,2026-03-01,2026-03-02,418,High,Released
SO0000254,P01,SKU003,2026-03-01,2026-03-08,423,Normal,Released
SO0000255,P01,SKU007,2026-03-01,2026-03-04,193,Normal,Released
SO0000256,P01,SKU004,2026-03-02,2026-03-09,507,High,Released
SO0000257,P01,SKU001,2026-03-02,2026-03-07,246,Normal,Released
SO0000258,P01,SKU003,2026-03-02,2026-03-08,576,High,Released
SO0000259,P01,SKU006,2026-03-02,2026-03-08,116,Normal,Released
SO0000260,P01,SKU004,2026-03-03,2026-03-07,339,Normal,Released
SO0000261,P01,SKU001,2026-03-03,2026-03-10,480,Normal,Released
SO0000262,P01,SKU004,2026-03-03,2026-03-09,283,Normal,Released
SO0000263,P01,SKU007,2026-03-03,2026-03-10,230,Normal,Released
SO0000264,P01,SKU008,2026-03-03,2026-03-10,425,High,Released
SO0000265,P01,SKU001,2026-03-04,2026-03-11,262,Normal,Released
SO0000266,P01,SKU006,2026-03-04,2026-03-07,314,High,Released
SO0000267,P01,SKU006,2026-03-05,2026-03-12,377,High,Released
SO0000268,P01,SKU003,2026-03-06,2026-03-08,377,High,Released
SO0000269,P01,SKU008,2026-03-06,2026-03-12,253,Normal,Released
SO0000270,P01,SKU002,2026-03-06,2026-03-11,349,Normal,Released
SO0000271,P01,SKU003,2026-03-06,2026-03-10,425,Normal,Released
SO0000272,P01,SKU004,2026-03-07,2026-03-09,532,Normal,Released
SO0000273,P01,SKU007,2026-03-07,2026-03-13,493,Normal,Released
SO0000274,P01,SKU007,2026-03-07,2026-03-11,463,Normal,Released
SO0000275,P01,SKU004,2026-03-07,2026-03-12,282,Normal,Released
SO0000276,P01,SKU006,2026-03-08,2026-03-15,381,Normal,Released
SO0000277,P01,SKU002,2026-03-09,2026-03-11,593,Normal,Released
SO0000278,P01,SKU001,2026-03-09,2026-03-16,707,Normal,Released
SO0000279,P01,SKU006,2026-03-09,2026-03-12,399,Normal,Released
SO0000280,P01,SKU001,2026-03-09,2026-03-13,202,Normal,Released
SO0000281,P01,SKU008,2026-03-10,2026-03-11,389,Normal,Released
SO0000282,P01,SKU007,2026-03-10,2026-03-11,291,Normal,Released
SO0000283,P01,SKU008,2026-03-10,2026-03-16,307,Normal,Released
SO0000284,P01,SKU004,2026-03-10,2026-03-13,108,Normal,Released
SO0000285,P01,SKU003,2026-03-11,2026-03-14,391,Normal,Released
SO0000286,P01,SKU005,2026-03-11,2026-03-13,381,Normal,Released
SO0000287,P01,SKU008,2026-03-11,2026-03-15,40,Normal,Released
SO0000288,P01,SKU004,2026-03-11,2026-03-13,105,Normal,Released
SO0000289,P01,SKU004,2026-03-11,2026-03-15,195,Normal,Released
SO0000290,P01,SKU007,2026-03-11,2026-03-17,251,Normal,Released
SO0000291,P01,SKU005,2026-03-11,2026-03-18,405,Expedite,Released
SO0000292,P01,SKU002,2026-03-11,2026-03-14,424,High,Released
SO0000293,P01,SKU005,2026-03-12,2026-03-14,326,Normal,Released
SO0000294,P01,SKU002,2026-03-12,2026-03-14,445,Normal,Released
SO0000295,P01,SKU005,2026-03-13,2026-03-18,478,Normal,Released
SO0000296,P01,SKU008,2026-03-13,2026-03-14,314,Normal,Released
SO0000297,P01,SKU005,2026-03-13,2026-03-15,534,Normal,Released
SO0000298,P01,SKU006,2026-03-13,2026-03-19,455,Normal,Released
SO0000299,P01,SKU002,2026-03-13,2026-03-19,445,Normal,Released
SO0000300,P01,SKU008,2026-03-13,2026-03-18,226,Normal,Released
SO0000301,P01,SKU004,2026-03-14,2026-03-16,155,Normal,Released
SO0000302,P01,SKU002,2026-03-14,2026-03-19,384,Normal,Released
SO0000303,P01,SKU008,2026-03-14,2026-03-16,303,Normal,Released
SO0000304,P01,SKU004,2026-03-14,2026-03-20,414,Normal,Released
SO0000305,P01,SKU006,2026-03-14,2026-03-18,544,High,Released
SO0000306,P01,SKU006,2026-03-15,2026-03-18,480,Normal,Released
SO0000307,P01,SKU005,2026-03-15,2026-03-19,160,Normal,Released
SO0000308,P01,SKU002,2026-03-15,2026-03-18,360,Normal,Released
SO0000309,P01,SKU002,2026-03-15,2026-03-17,40,Normal,Released
SO0000310,P01,SKU008,2026-03-15,2026-03-16,631,Normal,Released
SO0000311,P01,SKU008,2026-03-16,2026-03-22,158,Normal,Released
SO0000312,P01,SKU002,2026-03-16,2026-03-19,262,Normal,Released
SO0000313,P01,SKU002,2026-03-16,2026-03-18,200,Normal,Released
SO0000314,P01,SKU001,2026-03-16,2026-03-21,391,Normal,Released
SO0000315,P01,SKU006,2026-03-16,2026-03-20,185,Normal,Released
SO0000316,P01,SKU007,2026-03-16,2026-03-18,528,Normal,Released
SO0000317,P01,SKU002,2026-03-17,2026-03-22,423,Normal,Released
SO0000318,P01,SKU003,2026-03-17,2026-03-21,117,High,Released
SO0000319,P01,SKU007,2026-03-17,2026-03-22,528,High,Released
SO0000320,P01,SKU006,2026-03-17,2026-03-21,174,High,Released
SO0000321,P01,SKU005,2026-03-18,2026-03-22,55,Normal,Released
SO0000322,P01,SKU004,2026-03-18,2026-03-24,392,Normal,Released
SO0000323,P01,SKU005,2026-03-18,2026-03-23,627,Normal,Released
SO0000324,P01,SKU002,2026-03-19,2026-03-24,240,Normal,Released
SO0000325,P01,SKU003,2026-03-19,2026-03-25,134,High,Released
SO0000326,P01,SKU001,2026-03-19,2026-03-20,301,Normal,Released
SO0000327,P01,SKU007,2026-03-19,2026-03-25,250,Normal,Released
SO0000328,P01,SKU002,2026-03-19,2026-03-26,331,Normal,Released
SO0000329,P01,SKU008,2026-03-19,2026-03-26,238,Normal,Released
SO0000330,P01,SKU007,2026-03-19,2026-03-22,263,Normal,Released
SO0000331,P01,SKU008,2026-03-19,2026-03-26,453,Normal,Released
SO0000332,P01,SKU004,2026-03-20,2026-03-23,497,Normal,Released
SO0000333,P01,SKU008,2026-03-20,2026-03-27,519,Normal,Released
SO0000334,P01,SKU005,2026-03-20,2026-03-21,255,Normal,Released
SO0000335,P01,SKU004,2026-03-20,2026-03-22,40,Normal,Released
SO0000336,P01,SKU002,2026-03-21,2026-03-28,577,Normal,Released
SO0000337,P01,SKU006,2026-03-21,2026-03-24,514,Normal,Released
SO0000338,P01,SKU004,2026-03-21,2026-03-24,311,Normal,Released
SO0000339,P01,SKU004,2026-03-21,2026-03-23,382,Normal,Released
SO0000340,P01,SKU008,2026-03-21,2026-03-26,396,Normal,Released
SO0000341,P01,SKU003,2026-03-21,2026-03-22,366,Normal,Released
SO0000342,P01,SKU008,2026-03-21,2026-03-24,764,Normal,Released
SO0000343,P01,SKU007,2026-03-22,2026-03-27,315,High,Released
SO0000344,P01,SKU007,2026-03-22,2026-03-26,477,High,Released
SO0000345,P01,SKU001,2026-03-22,2026-03-23,152,Normal,Released
SO0000346,P01,SKU005,2026-03-23,2026-03-26,147,Normal,Released
SO0000347,P01,SKU005,2026-03-23,2026-03-30,525,Normal,Released
SO0000348,P01,SKU004,2026-03-23,2026-03-29,287,Normal,Released
SO0000349,P01,SKU002,2026-03-23,2026-03-25,305,Normal,Released
SO0000350,P01,SKU005,2026-03-23,2026-03-27,415,Normal,Released
SO0000351,P01,SKU008,2026-03-23,2026-03-25,378,Normal,Released
SO0000352,P01,SKU008,2026-03-23,2026-03-28,345,Expedite,Released
SO0000353,P01,SKU004,2026-03-23,2026-03-28,260,High,Released
SO0000354,P01,SKU004,2026-03-23,2026-03-27,399,Normal,Released
SO0000355,P01,SKU007,2026-03-23,2026-03-27,132,Normal,Released
SO0000356,P01,SKU008,2026-03-24,2026-03-31,147,Normal,Released
SO0000357,P01,SKU006,2026-03-24,2026-03-28,537,Normal,Released
SO0000358,P01,SKU001,2026-03-24,2026-03-30,285,Normal,Released
SO0000359,P01,SKU001,2026-03-24,2026-03-31,486,Normal,Released
SO0000360,P01,SKU001,2026-03-25,2026-03-28,393,Normal,Released
SO0000361,P01,SKU008,2026-03-25,2026-03-28,384,Normal,Released
SO0000362,P01,SKU006,2026-03-25,2026-03-26,638,Normal,Released
SO0000363,P01,SKU004,2026-03-25,2026-03-26,512,Normal,Released
SO0000364,P01,SKU008,2026-03-25,2026-04-01,40,Normal,Released
SO0000365,P01,SKU005,2026-03-25,2026-03-27,218,High,Released
SO0000366,P01,SKU008,2026-03-25,2026-03-31,288,Normal,Released
SO0000367,P01,SKU002,2026-03-26,2026-03-27,645,Normal,Released
SO0000368,P01,SKU001,2026-03-27,2026-03-28,169,Normal,Released
SO0000369,P01,SKU002,2026-03-27,2026-03-30,385,Normal,Released
SO0000370,P01,SKU002,2026-03-27,2026-04-01,443,Normal,Released
SO0000371,P01,SKU003,2026-03-27,2026-04-03,256,Normal,Released
SO0000372,P01,SKU001,2026-03-27,2026-04-02,297,Normal,Released
SO0000373,P01,SKU002,2026-03-27,2026-03-28,279,Normal,Released
SO0000374,P01,SKU003,2026-03-27,2026-03-30,529,Normal,Released
SO0000375,P01,SKU005,2026-03-27,2026-03-29,700,Normal,Released
SO0000376,P01,SKU005,2026-03-28,2026-04-01,350,Normal,Released
SO0000377,P01,SKU001,2026-03-28,2026-04-03,237,Normal,Released
SO0000378,P01,SKU006,2026-03-28,2026-04-01,326,Normal,Released
SO0000379,P01,SKU005,2026-03-29,2026-04-03,388,High,Released
SO0000380,P01,SKU004,2026-03-29,2026-04-02,476,High,Released
SO0000381,P01,SKU004,2026-03-29,2026-04-03,139,Normal,Released
SO0000382,P01,SKU002,2026-03-29,2026-04-03,129,Normal,Released
SO0000383,P01,SKU001,2026-03-29,2026-04-02,330,Normal,Released
SO0000384,P01,SKU006,2026-03-29,2026-04-05,326,High,Released
SO0000385,P01,SKU002,2026-03-29,2026-04-01,309,Normal,Released
SO0000386,P01,SKU006,2026-03-30,2026-04-02,418,Normal,Released
SO0000387,P01,SKU003,2026-03-30,2026-04-05,308,Expedite,Released
SO0000388,P01,SKU008,2026-03-30,2026-04-02,449,High,Released
SO0000389,P01,SKU006,2026-03-30,2026-04-02,491,Normal,Released
SO0000390,P01,SKU002,2026-03-30,2026-04-01,246,Normal,Released
SO0000391,P01,SKU003,2026-03-30,2026-04-03,609,High,Released
SO0000392,P01,SKU008,2026-03-30,2026-04-06,488,Normal,Released
SO0000393,P01,SKU003,2026-03-30,2026-03-31,439,Normal,Released
SO0000394,P01,SKU005,2026-03-31,2026-04-04,511,Normal,Released
SO0000395,P01,SKU007,2026-03-31,2026-04-01,74,Normal,Released
SO0000396,P01,SKU007,2026-03-31,2026-04-07,322,Normal,Released
SO0000397,P01,SKU003,2026-03-31,2026-04-07,414,Normal,Released
SO0000398,P01,SKU003,2026-04-01,2026-04-05,442,Normal,Released
SO0000399,P01,SKU005,2026-04-01,2026-04-04,218,Normal,Released
SO0000400,P01,SKU001,2026-04-02,2026-04-07,353,Normal,Released
SO0000401,P01,SKU008,2026-04-03,2026-04-09,664,Normal,Released
SO0000402,P01,SKU003,2026-04-03,2026-04-04,498,Normal,Released
SO0000403,P01,SKU003,2026-04-03,2026-04-06,403,Normal,Released
SO0000404,P01,SKU004,2026-04-03,2026-04-08,225,Normal,Released
SO0000405,P01,SKU007,2026-04-03,2026-04-04,471,Normal,Released
SO0000406,P01,SKU001,2026-04-03,2026-04-08,213,Normal,Released
SO0000407,P01,SKU002,2026-04-04,2026-04-08,304,High,Released
SO0000408,P01,SKU002,2026-04-04,2026-04-07,370,High,Released
SO0000409,P01,SKU008,2026-04-04,2026-04-11,395,Expedite,Released
SO0000410,P01,SKU007,2026-04-05,2026-04-09,40,Normal,Released
SO0000411,P01,SKU004,2026-04-05,2026-04-10,343,Normal,Released
SO0000412,P01,SKU006,2026-04-05,2026-04-07,552,Normal,Released
SO0000413,P01,SKU007,2026-04-05,2026-04-09,384,High,Released
SO0000414,P01,SKU003,2026-04-06,2026-04-10,260,Normal,Released
SO0000415,P01,SKU006,2026-04-06,2026-04-11,645,High,Released
SO0000416,P01,SKU004,2026-04-06,2026-04-11,289,High,Released
SO0000417,P01,SKU005,2026-04-07,2026-04-14,279,Normal,Released
SO0000418,P01,SKU003,2026-04-07,2026-04-13,712,Normal,Released
SO0000419,P01,SKU007,2026-04-07,2026-04-08,118,Normal,Released
SO0000420,P01,SKU007,2026-04-08,2026-04-10,362,Normal,Released
SO0000421,P01,SKU006,2026-04-08,2026-04-12,437,Normal,Released
SO0000422,P01,SKU002,2026-04-08,2026-04-12,525,Normal,Released
SO0000423,P01,SKU005,2026-04-08,2026-04-13,416,Normal,Released
SO0000424,P01,SKU005,2026-04-08,2026-04-14,521,Normal,Released
SO0000425,P01,SKU001,2026-04-08,2026-04-11,648,Normal,Released
SO0000426,P01,SKU004,2026-04-09,2026-04-15,433,Normal,Released
SO0000427,P01,SKU003,2026-04-09,2026-04-10,186,High,Released
SO0000428,P01,SKU007,2026-04-09,2026-04-16,439,Normal,Released
SO0000429,P01,SKU005,2026-04-10,2026-04-14,473,Normal,Released
SO0000430,P01,SKU002,2026-04-10,2026-04-12,583,Normal,Released
SO0000431,P01,SKU001,2026-04-10,2026-04-14,594,Normal,Released
SO0000432,P01,SKU003,2026-04-10,2026-04-13,688,Normal,Released
SO0000433,P01,SKU004,2026-04-10,2026-04-16,429,Normal,Released
SO0000434,P01,SKU005,2026-04-11,2026-04-14,497,Normal,Released
SO0000435,P01,SKU007,2026-04-11,2026-04-18,329,Normal,Released
SO0000436,P01,SKU008,2026-04-11,2026-04-13,512,Normal,Released
SO0000437,P01,SKU001,2026-04-11,2026-04-17,524,Normal,Released
SO0000438,P01,SKU006,2026-04-11,2026-04-14,246,Normal,Released
SO0000439,P01,SKU003,2026-04-11,2026-04-14,512,Normal,Released
SO0000440,P01,SKU006,2026-04-12,2026-04-16,210,Normal,Released
SO0000441,P01,SKU001,2026-04-12,2026-04-15,467,High,Released
SO0000442,P01,SKU007,2026-04-12,2026-04-14,116,Normal,Released
SO0000443,P01,SKU006,2026-04-12,2026-04-16,175,Normal,Released
SO0000444,P01,SKU003,2026-04-12,2026-04-18,469,Normal,Released
SO0000445,P01,SKU005,2026-04-13,2026-04-20,354,Normal,Released
SO0000446,P01,SKU001,2026-04-13,2026-04-19,367,Normal,Released
SO0000447,P01,SKU001,2026-04-14,2026-04-16,474,Normal,Released
SO0000448,P01,SKU002,2026-04-14,2026-04-17,577,Normal,Released
SO0000449,P01,SKU008,2026-04-14,2026-04-21,335,Normal,Released
SO0000450,P01,SKU003,2026-04-14,2026-04-20,443,High,Released
SO0000451,P01,SKU007,2026-04-15,2026-04-16,296,Normal,Released
SO0000452,P01,SKU001,2026-04-15,2026-04-21,329,High,Released
SO0000453,P01,SKU005,2026-04-15,2026-04-21,282,Normal,Released
SO0000454,P01,SKU003,2026-04-15,2026-04-20,493,Normal,Released
SO0000455,P01,SKU004,2026-04-15,2026-04-21,492,High,Released
SO0000456,P01,SKU004,2026-04-15,2026-04-22,430,Normal,Released
SO0000457,P01,SKU008,2026-04-15,2026-04-21,503,Normal,Released
SO0000458,P01,SKU005,2026-04-16,2026-04-23,588,High,Released
SO0000459,P01,SKU003,2026-04-16,2026-04-20,352,Normal,Released
SO0000460,P01,SKU008,2026-04-16,2026-04-23,356,Normal,Released
SO0000461,P01,SKU005,2026-04-16,2026-04-19,466,Normal,Released
SO0000462,P01,SKU005,2026-04-17,2026-04-19,260,Normal,Released
SO0000463,P01,SKU007,2026-04-17,2026-04-20,436,Normal,Released
SO0000464,P01,SKU003,2026-04-17,2026-04-20,276,High,Released
SO0000465,P01,SKU008,2026-04-18,2026-04-24,261,Normal,Released
SO0000466,P01,SKU008,2026-04-18,2026-04-20,629,High,Released
SO0000467,P01,SKU004,2026-04-18,2026-04-25,621,High,Released
SO0000468,P01,SKU001,2026-04-18,2026-04-21,294,Normal,Released
SO0000469,P01,SKU003,2026-04-19,2026-04-24,496,Normal,Released
SO0000470,P01,SKU001,2026-04-19,2026-04-20,355,Normal,Released
SO0000471,P01,SKU003,2026-04-19,2026-04-25,110,Normal,Released
SO0000472,P01,SKU008,2026-04-20,2026-04-26,537,Normal,Released
SO0000473,P01,SKU001,2026-04-20,2026-04-25,423,Normal,Released
SO0000474,P01,SKU004,2026-04-20,2026-04-23,387,Normal,Released
SO0000475,P01,SKU006,2026-04-21,2026-04-28,346,Expedite,Released
SO0000476,P01,SKU006,2026-04-21,2026-04-22,630,Normal,Released
SO0000477,P01,SKU001,2026-04-21,2026-04-26,420,Normal,Released
SO0000478,P01,SKU007,2026-04-21,2026-04-27,310,Normal,Released
SO0000479,P01,SKU007,2026-04-21,2026-04-25,291,High,Released
SO0000480,P01,SKU007,2026-04-21,2026-04-22,236,Normal,Released
SO0000481,P01,SKU001,2026-04-21,2026-04-23,513,Normal,Released
SO0000482,P01,SKU007,2026-04-21,2026-04-22,497,Normal,Released
SO0000483,P01,SKU002,2026-04-22,2026-04-24,367,Normal,Released
SO0000484,P01,SKU008,2026-04-22,2026-04-24,188,Normal,Released
SO0000485,P01,SKU003,2026-04-22,2026-04-23,315,Normal,Released
SO0000486,P01,SKU006,2026-04-22,2026-04-29,408,High,Released
SO0000487,P01,SKU006,2026-04-23,2026-04-28,596,Expedite,Released
SO0000488,P01,SKU008,2026-04-23,2026-04-26,288,Normal,Released
SO0000489,P01,SKU004,2026-04-23,2026-04-25,496,Normal,Released
SO0000490,P01,SKU003,2026-04-23,2026-04-29,382,High,Released
SO0000491,P01,SKU004,2026-04-23,2026-04-30,486,Normal,Released
SO0000492,P01,SKU001,2026-04-24,2026-04-27,327,Normal,Released
SO0000493,P01,SKU004,2026-04-24,2026-04-27,419,Normal,Released
SO0000494,P01,SKU007,2026-04-24,2026-04-25,493,High,Released
SO0000495,P01,SKU006,2026-04-25,2026-04-29,605,Normal,Released
SO0000496,P01,SKU006,2026-04-25,2026-04-26,609,High,Released
SO0000497,P01,SKU001,2026-04-26,2026-04-30,336,Normal,Released
SO0000498,P01,SKU007,2026-04-27,2026-04-30,462,High,Released
SO0000499,P01,SKU004,2026-04-27,2026-05-04,497,Normal,Released
SO0000500,P01,SKU006,2026-04-27,2026-04-28,482,Normal,Released
SO0000501,P01,SKU003,2026-04-27,2026-04-30,485,Normal,Released
SO0000502,P01,SKU003,2026-04-27,2026-05-04,418,Normal,Released
SO0000503,P01,SKU003,2026-04-27,2026-04-29,51,Normal,Released
SO0000504,P01,SKU005,2026-04-28,2026-05-01,334,Expedite,Released
SO0000505,P01,SKU007,2026-04-28,2026-05-01,552,Normal,Released
SO0000506,P01,SKU006,2026-04-28,2026-05-01,657,Normal,Released
SO0000507,P01,SKU007,2026-04-29,2026-05-04,440,Normal,Released
SO0000508,P01,SKU005,2026-04-29,2026-05-03,334,Normal,Released
SO0000509,P01,SKU008,2026-04-29,2026-05-03,46,Normal,Released
SO0000510,P01,SKU005,2026-04-29,2026-05-03,501,Normal,Released
SO0000511,P01,SKU008,2026-04-30,2026-05-01,412,High,Released
SO0000512,P01,SKU001,2026-04-30,2026-05-01,275,Normal,Released
SO0000513,P01,SKU002,2026-04-30,2026-05-02,793,Normal,Released
SO0000514,P01,SKU008,2026-04-30,2026-05-01,584,Normal,Released
SO0000515,P01,SKU006,2026-05-01,2026-05-05,92,Normal,Released
SO0000516,P01,SKU002,2026-05-01,2026-05-04,461,Normal,Released
SO0000517,P01,SKU004,2026-05-01,2026-05-05,339,Normal,Released
SO0000518,P01,SKU004,2026-05-01,2026-05-04,507,Normal,Released
SO0000519,P01,SKU006,2026-05-01,2026-05-03,457,Normal,Released
SO0000520,P01,SKU007,2026-05-01,2026-05-02,505,Normal,Released
SO0000521,P01,SKU005,2026-05-01,2026-05-07,458,High,Released
SO0000522,P01,SKU005,2026-05-01,2026-05-04,324,Normal,Released
SO0000523,P01,SKU001,2026-05-01,2026-05-02,134,Normal,Released
SO0000524,P01,SKU006,2026-05-02,2026-05-05,660,Normal,Released
SO0000525,P01,SKU001,2026-05-02,2026-05-04,593,High,Released
SO0000526,P01,SKU003,2026-05-02,2026-05-09,407,Normal,Released
SO0000527,P01,SKU002,2026-05-02,2026-05-03,576,Normal,Released
SO0000528,P01,SKU007,2026-05-02,2026-05-08,370,Normal,Released
SO0000529,P01,SKU007,2026-05-03,2026-05-10,387,Normal,Released
SO0000530,P01,SKU008,2026-05-03,2026-05-08,251,Normal,Released
SO0000531,P01,SKU002,2026-05-04,2026-05-09,341,High,Released
SO0000532,P01,SKU008,2026-05-04,2026-05-10,340,Normal,Released
SO0000533,P01,SKU006,2026-05-04,2026-05-11,309,Normal,Released
SO0000534,P01,SKU001,2026-05-04,2026-05-07,204,Normal,Released
SO0000535,P01,SKU007,2026-05-05,2026-05-11,510,High,Released
SO0000536,P01,SKU006,2026-05-05,2026-05-12,335,High,Released
SO0000537,P01,SKU008,2026-05-05,2026-05-07,259,Normal,Released
SO0000538,P01,SKU006,2026-05-06,2026-05-08,262,Normal,Released
SO0000539,P01,SKU007,2026-05-06,2026-05-12,386,Normal,Released
SO0000540,P01,SKU005,2026-05-07,2026-05-14,521,Normal,Released
SO0000541,P01,SKU003,2026-05-07,2026-05-08,749,High,Released
SO0000542,P01,SKU006,2026-05-07,2026-05-11,313,Normal,Released
SO0000543,P01,SKU006,2026-05-07,2026-05-09,439,Normal,Released
SO0000544,P01,SKU004,2026-05-07,2026-05-12,592,Normal,Released
SO0000545,P01,SKU006,2026-05-08,2026-05-12,665,Expedite,Released
SO0000546,P01,SKU006,2026-05-08,2026-05-13,417,Normal,Released
SO0000547,P01,SKU005,2026-05-09,2026-05-12,480,Normal,Released
SO0000548,P01,SKU001,2026-05-09,2026-05-15,690,Normal,Released
SO0000549,P01,SKU002,2026-05-09,2026-05-16,337,Normal,Released
SO0000550,P01,SKU003,2026-05-09,2026-05-10,574,Normal,Released
SO0000551,P01,SKU004,2026-05-10,2026-05-14,258,Normal,Released
SO0000552,P01,SKU001,2026-05-10,2026-05-14,490,Normal,Released
SO0000553,P01,SKU008,2026-05-11,2026-05-15,342,Normal,Released
SO0000554,P01,SKU005,2026-05-11,2026-05-12,467,High,Released
SO0000555,P01,SKU003,2026-05-12,2026-05-16,607,High,Released
SO0000556,P01,SKU007,2026-05-12,2026-05-19,394,Normal,Released
SO0000557,P01,SKU008,2026-05-12,2026-05-19,561,Normal,Released
SO0000558,P01,SKU005,2026-05-12,2026-05-15,455,Normal,Released
SO0000559,P01,SKU003,2026-05-13,2026-05-18,238,Normal,Released
SO0000560,P01,SKU002,2026-05-13,2026-05-18,234,Normal,Released
SO0000561,P01,SKU006,2026-05-13,2026-05-16,436,Normal,Released
SO0000562,P01,SKU007,2026-05-13,2026-05-16,397,Normal,Released
SO0000563,P01,SKU006,2026-05-13,2026-05-15,480,Expedite,Released
SO0000564,P01,SKU007,2026-05-14,2026-05-17,300,Normal,Released
SO0000565,P01,SKU007,2026-05-14,2026-05-18,413,Normal,Released
SO0000566,P01,SKU002,2026-05-14,2026-05-17,232,Normal,Released
SO0000567,P01,SKU008,2026-05-14,2026-05-17,181,Normal,Released
SO0000568,P01,SKU004,2026-05-14,2026-05-16,291,Normal,Released
SO0000569,P01,SKU004,2026-05-14,2026-05-16,280,Normal,Released
SO0000570,P01,SKU005,2026-05-15,2026-05-18,582,Normal,Released
SO0000571,P01,SKU002,2026-05-15,2026-05-19,373,High,Released
SO0000572,P01,SKU005,2026-05-15,2026-05-16,371,Expedite,Released
SO0000573,P01,SKU008,2026-05-15,2026-05-19,561,Normal,Released
SO0000574,P01,SKU001,2026-05-15,2026-05-21,479,Normal,Released
SO0000575,P01,SKU006,2026-05-15,2026-05-21,366,Normal,Released
SO0000576,P01,SKU007,2026-05-16,2026-05-17,733,Normal,Released
SO0000577,P01,SKU002,2026-05-16,2026-05-17,401,Normal,Released
SO0000578,P01,SKU007,2026-05-16,2026-05-20,374,Normal,Released
SO0000579,P01,SKU008,2026-05-17,2026-05-23,163,Normal,Released
SO0000580,P01,SKU007,2026-05-17,2026-05-21,315,Normal,Released
SO0000581,P01,SKU008,2026-05-17,2026-05-19,277,Normal,Released
SO0000582,P01,SKU005,2026-05-17,2026-05-22,306,Normal,Released
SO0000583,P01,SKU004,2026-05-18,2026-05-25,339,Normal,Released
SO0000584,P01,SKU003,2026-05-18,2026-05-24,153,Normal,Released
SO0000585,P01,SKU002,2026-05-18,2026-05-25,336,Normal,Released
SO0000586,P01,SKU002,2026-05-18,2026-05-19,184,High,Released
SO0000587,P01,SKU001,2026-05-19,2026-05-24,491,Normal,Released
SO0000588,P01,SKU008,2026-05-19,2026-05-20,343,Expedite,Released
SO0000589,P01,SKU007,2026-05-19,2026-05-22,413,High,Released
SO0000590,P01,SKU007,2026-05-19,2026-05-21,472,Normal,Released
SO0000591,P01,SKU007,2026-05-19,2026-05-23,348,Normal,Released
SO0000592,P01,SKU005,2026-05-19,2026-05-23,393,Normal,Released
SO0000593,P01,SKU001,2026-05-19,2026-05-21,395,Normal,Released
SO0000594,P01,SKU003,2026-05-20,2026-05-22,197,High,Released
SO0000595,P01,SKU008,2026-05-20,2026-05-24,300,Normal,Released
SO0000596,P01,SKU006,2026-05-20,2026-05-26,230,Expedite,Released
SO0000597,P01,SKU007,2026-05-20,2026-05-25,568,Normal,Released
SO0000598,P01,SKU001,2026-05-20,2026-05-22,246,Normal,Released
SO0000599,P01,SKU002,2026-05-21,2026-05-24,472,Normal,Released
SO0000600,P01,SKU001,2026-05-21,2026-05-25,131,Normal,Released
SO0000601,P01,SKU003,2026-05-22,2026-05-29,262,Normal,Released
SO0000602,P01,SKU008,2026-05-22,2026-05-24,489,Normal,Released
SO0000603,P01,SKU002,2026-05-22,2026-05-23,101,Normal,Released
SO0000604,P01,SKU002,2026-05-23,2026-05-25,438,Normal,Released
SO0000605,P01,SKU007,2026-05-23,2026-05-29,216,Normal,Released
SO0000606,P01,SKU002,2026-05-23,2026-05-30,431,Normal,Released
SO0000607,P01,SKU002,2026-05-23,2026-05-29,373,Normal,Released
SO0000608,P01,SKU004,2026-05-23,2026-05-26,277,Normal,Released
SO0000609,P01,SKU007,2026-05-24,2026-05-28,438,Normal,Released
SO0000610,P01,SKU001,2026-05-24,2026-05-30,494,Normal,Released
SO0000611,P01,SKU004,2026-05-24,2026-05-26,236,Normal,Released
SO0000612,P01,SKU001,2026-05-24,2026-05-25,87,Normal,Released
SO0000613,P01,SKU001,2026-05-24,2026-05-31,277,Normal,Released
SO0000614,P01,SKU002,2026-05-24,2026-05-27,298,Normal,Released
SO0000615,P01,SKU005,2026-05-25,2026-05-28,139,High,Released
SO0000616,P01,SKU001,2026-05-25,2026-05-30,210,Normal,Released
SO0000617,P01,SKU002,2026-05-25,2026-05-29,614,Normal,Released
SO0000618,P01,SKU005,2026-05-26,2026-05-27,498,High,Released
SO0000619,P01,SKU004,2026-05-26,2026-05-29,455,Normal,Released
SO0000620,P01,SKU008,2026-05-26,2026-05-29,389,Normal,Released
SO0000621,P01,SKU008,2026-05-27,2026-06-02,330,High,Released
SO0000622,P01,SKU002,2026-05-27,2026-05-29,385,Expedite,Released
SO0000623,P01,SKU006,2026-05-27,2026-06-03,343,Normal,Released
SO0000624,P01,SKU002,2026-05-27,2026-05-29,228,Normal,Released
SO0000625,P01,SKU005,2026-05-27,2026-05-31,242,Normal,Released
SO0000626,P01,SKU003,2026-05-28,2026-06-04,201,Normal,Released
SO0000627,P01,SKU002,2026-05-28,2026-06-03,40,Normal,Released
SO0000628,P01,SKU002,2026-05-28,2026-06-02,235,Normal,Released
SO0000629,P01,SKU003,2026-05-28,2026-06-01,473,High,Released
SO0000630,P01,SKU007,2026-05-28,2026-06-04,349,Normal,Released
SO0000631,P01,SKU002,2026-05-29,2026-06-03,257,Normal,Released
SO0000632,P01,SKU008,2026-05-29,2026-05-30,483,Normal,Released
SO0000633,P01,SKU003,2026-05-29,2026-06-04,459,Normal,Released
SO0000634,P01,SKU003,2026-05-29,2026-05-31,488,Normal,Released
SO0000635,P01,SKU004,2026-05-30,2026-06-05,613,Normal,Released
SO0000636,P01,SKU005,2026-05-30,2026-06-03,207,Normal,Released
SO0000637,P01,SKU001,2026-05-30,2026-06-01,377,Normal,Released
SO0000638,P01,SKU005,2026-05-30,2026-05-31,254,Normal,Released
SO0000639,P01,SKU003,2026-05-30,2026-05-31,385,Normal,Released
SO0000640,P01,SKU004,2026-05-30,2026-06-05,244,Normal,Released
SO0000641,P01,SKU008,2026-05-30,2026-06-04,491,Normal,Released
SO0000642,P01,SKU005,2026-05-30,2026-05-31,105,Normal,Released
SO0000643,P01,SKU001,2026-05-31,2026-06-02,349,High,Released
SO0000644,P01,SKU003,2026-06-01,2026-06-04,304,Normal,Released
SO0000645,P01,SKU006,2026-06-01,2026-06-03,206,Normal,Released
SO0000646,P01,SKU003,2026-06-01,2026-06-07,369,Normal,Released
SO0000647,P01,SKU007,2026-06-01,2026-06-05,341,Normal,Released
SO0000648,P01,SKU007,2026-06-01,2026-06-04,348,Expedite,Released
SO0000649,P01,SKU002,2026-06-02,2026-06-07,483,Normal,Released
SO0000650,P01,SKU006,2026-06-03,2026-06-04,316,Normal,Released
SO0000651,P01,SKU007,2026-06-03,2026-06-05,282,Normal,Released
SO0000652,P01,SKU002,2026-06-03,2026-06-05,373,Normal,Released
SO0000653,P01,SKU005,2026-06-03,2026-06-05,563,Normal,Released
SO0000654,P01,SKU008,2026-06-03,2026-06-10,277,Normal,Released
SO0000655,P01,SKU004,2026-06-03,2026-06-04,658,Normal,Released
SO0000656,P01,SKU004,2026-06-03,2026-06-04,512,Normal,Released
SO0000657,P01,SKU007,2026-06-03,2026-06-04,133,Normal,Released
SO0000658,P01,SKU008,2026-06-03,2026-06-04,75,Normal,Released
SO0000659,P01,SKU005,2026-06-04,2026-06-10,257,High,Released
SO0000660,P01,SKU005,2026-06-04,2026-06-07,66,Normal,Released
SO0000661,P01,SKU008,2026-06-04,2026-06-06,396,Normal,Released
SO0000662,P01,SKU001,2026-06-04,2026-06-11,344,Normal,Released
SO0000663,P01,SKU008,2026-06-04,2026-06-09,228,Normal,Released
SO0000664,P01,SKU007,2026-06-05,2026-06-10,229,Normal,Released
SO0000665,P01,SKU006,2026-06-05,2026-06-07,326,Normal,Released
SO0000666,P01,SKU002,2026-06-05,2026-06-12,369,Normal,Released
SO0000667,P01,SKU003,2026-06-05,2026-06-11,412,Normal,Released
SO0000668,P01,SKU003,2026-06-05,2026-06-10,476,Normal,Released
SO0000669,P01,SKU002,2026-06-06,2026-06-08,299,Normal,Released
SO0000670,P01,SKU006,2026-06-06,2026-06-10,675,Normal,Released
SO0000671,P01,SKU001,2026-06-06,2026-06-07,342,Normal,Released
SO0000672,P01,SKU003,2026-06-06,2026-06-07,622,Normal,Released
SO0000673,P01,SKU001,2026-06-07,2026-06-10,109,Normal,Released
SO0000674,P01,SKU003,2026-06-07,2026-06-11,279,Normal,Released
SO0000675,P01,SKU003,2026-06-07,2026-06-13,271,Normal,Released
SO0000676,P01,SKU008,2026-06-07,2026-06-08,185,Normal,Released
SO0000677,P01,SKU008,2026-06-08,2026-06-14,588,Expedite,Released
SO0000678,P01,SKU005,2026-06-08,2026-06-10,253,Expedite,Released
SO0000679,P01,SKU006,2026-06-08,2026-06-11,204,High,Released
SO0000680,P01,SKU001,2026-06-09,2026-06-14,348,Normal,Released
SO0000681,P01,SKU008,2026-06-10,2026-06-17,507,High,Released
SO0000682,P01,SKU006,2026-06-11,2026-06-15,231,Normal,Released
SO0000683,P01,SKU006,2026-06-11,2026-06-13,369,Normal,Released
SO0000684,P01,SKU005,2026-06-12,2026-06-14,259,Normal,Released
SO0000685,P01,SKU001,2026-06-12,2026-06-14,517,Normal,Released
SO0000686,P01,SKU006,2026-06-12,2026-06-17,613,Normal,Released
SO0000687,P01,SKU002,2026-06-12,2026-06-17,236,Normal,Released
SO0000688,P01,SKU001,2026-06-12,2026-06-18,290,Normal,Released
SO0000689,P01,SKU003,2026-06-12,2026-06-15,329,Normal,Released
SO0000690,P01,SKU006,2026-06-12,2026-06-19,381,Normal,Released
SO0000691,P01,SKU006,2026-06-13,2026-06-16,309,Normal,Released
SO0000692,P01,SKU001,2026-06-13,2026-06-17,338,Normal,Released
SO0000693,P01,SKU008,2026-06-14,2026-06-17,492,Normal,Released
SO0000694,P01,SKU003,2026-06-14,2026-06-17,352,Expedite,Released
SO0000695,P01,SKU004,2026-06-14,2026-06-17,465,Normal,Released
SO0000696,P01,SKU003,2026-06-14,2026-06-16,399,Normal,Released
SO0000697,P01,SKU007,2026-06-14,2026-06-16,249,Normal,Released
SO0000698,P01,SKU005,2026-06-15,2026-06-19,152,Normal,Released
SO0000699,P01,SKU002,2026-06-15,2026-06-18,186,High,Released
SO0000700,P01,SKU002,2026-06-15,2026-06-17,169,Normal,Released
SO0000701,P01,SKU006,2026-06-16,2026-06-20,302,Normal,Released
SO0000702,P01,SKU001,2026-06-16,2026-06-18,491,Normal,Released
SO0000703,P01,SKU002,2026-06-16,2026-06-17,341,Normal,Released
SO0000704,P01,SKU004,2026-06-16,2026-06-20,490,Normal,Released
SO0000705,P01,SKU003,2026-06-17,2026-06-21,269,Normal,Released
SO0000706,P01,SKU003,2026-06-17,2026-06-24,437,Normal,Released
SO0000707,P01,SKU001,2026-06-17,2026-06-20,561,High,Released
SO0000708,P01,SKU001,2026-06-17,2026-06-21,284,Normal,Released
SO0000709,P01,SKU005,2026-06-17,2026-06-21,454,Normal,Released
SO0000710,P01,SKU001,2026-06-17,2026-06-18,506,Normal,Released
SO0000711,P01,SKU001,2026-06-18,2026-06-22,400,Normal,Released
SO0000712,P01,SKU003,2026-06-18,2026-06-22,215,Normal,Released
SO0000713,P01,SKU003,2026-06-18,2026-06-22,251,Normal,Released
SO0000714,P01,SKU008,2026-06-18,2026-06-20,327,Normal,Released
SO0000715,P01,SKU003,2026-06-18,2026-06-20,335,Normal,Released
SO0000716,P01,SKU001,2026-06-18,2026-06-24,254,Normal,Released
SO0000717,P01,SKU007,2026-06-18,2026-06-21,252,Normal,Released
SO0000718,P01,SKU004,2026-06-18,2026-06-25,70,Normal,Released
SO0000719,P01,SKU001,2026-06-19,2026-06-26,497,Normal,Released
SO0000720,P01,SKU005,2026-06-19,2026-06-24,298,Normal,Released
SO0000721,P01,SKU006,2026-06-19,2026-06-22,394,High,Released
SO0000722,P01,SKU004,2026-06-19,2026-06-26,273,Normal,Released
SO0000723,P01,SKU007,2026-06-19,2026-06-25,347,Normal,Released
SO0000724,P01,SKU004,2026-06-19,2026-06-23,432,High,Released
SO0000725,P01,SKU004,2026-06-20,2026-06-27,333,Normal,Released
SO0000726,P01,SKU002,2026-06-20,2026-06-25,479,Normal,Released
SO0000727,P01,SKU001,2026-06-20,2026-06-26,517,Normal,Released
SO0000728,P01,SKU001,2026-06-20,2026-06-24,313,Normal,Released
SO0000729,P01,SKU006,2026-06-20,2026-06-24,486,High,Released
SO0000730,P01,SKU005,2026-06-20,2026-06-26,366,Normal,Released
SO0000731,P01,SKU007,2026-06-20,2026-06-27,360,Normal,Released
SO0000732,P01,SKU005,2026-06-21,2026-06-26,429,Normal,Released
SO0000733,P01,SKU002,2026-06-21,2026-06-27,310,High,Released
SO0000734,P01,SKU001,2026-06-22,2026-06-29,231,High,Released
SO0000735,P01,SKU008,2026-06-22,2026-06-28,480,Normal,Released
SO0000736,P01,SKU005,2026-06-22,2026-06-26,40,Normal,Released
SO0000737,P01,SKU002,2026-06-22,2026-06-29,287,Normal,Released
SO0000738,P01,SKU003,2026-06-23,2026-06-24,147,Normal,Released
SO0000739,P01,SKU008,2026-06-23,2026-06-28,334,Normal,Released
SO0000740,P01,SKU007,2026-06-23,2026-06-24,117,Normal,Released
SO0000741,P01,SKU006,2026-06-24,2026-06-26,339,Normal,Released
SO0000742,P01,SKU004,2026-06-24,2026-06-27,292,Normal,Released
SO0000743,P01,SKU003,2026-06-24,2026-06-25,241,Normal,Released
SO0000744,P01,SKU005,2026-06-24,2026-06-30,173,Normal,Released
SO0000745,P01,SKU008,2026-06-24,2026-06-30,176,Normal,Released
SO0000746,P01,SKU005,2026-06-25,2026-07-01,613,Normal,Released
SO0000747,P01,SKU002,2026-06-25,2026-07-02,144,High,Released
SO0000748,P01,SKU001,2026-06-25,2026-06-28,74,Normal,Released
SO0000749,P01,SKU002,2026-06-25,2026-07-01,208,Normal,Released
SO0000750,P01,SKU007,2026-06-25,2026-07-02,507,Normal,Released
SO0000751,P01,SKU004,2026-06-25,2026-06-30,370,Normal,Released
SO0000752,P01,SKU006,2026-06-25,2026-07-01,226,Normal,Released
SO0000753,P01,SKU004,2026-06-25,2026-06-29,425,High,Released
SO0000754,P01,SKU003,2026-06-25,2026-06-26,485,Expedite,Released
SO0000755,P01,SKU008,2026-06-25,2026-07-02,319,Normal,Released
SO0000756,P01,SKU007,2026-06-25,2026-06-26,446,Normal,Released
SO0000757,P01,SKU005,2026-06-26,2026-07-03,534,Normal,Released
SO0000758,P01,SKU002,2026-06-26,2026-06-30,515,Normal,Released
SO0000759,P01,SKU001,2026-06-26,2026-06-27,139,Normal,Released
SO0000760,P01,SKU002,2026-06-26,2026-07-01,478,Normal,Released
SO0000761,P01,SKU002,2026-06-27,2026-07-02,180,Normal,Released
SO0000762,P01,SKU004,2026-06-27,2026-06-29,679,High,Released
SO0000763,P01,SKU001,2026-06-27,2026-07-02,584,Normal,Released
SO0000764,P01,SKU005,2026-06-27,2026-06-29,329,Normal,Released
SO0000765,P01,SKU003,2026-06-28,2026-07-01,522,High,Released
SO0000766,P01,SKU007,2026-06-28,2026-07-02,538,Normal,Released
SO0000767,P01,SKU007,2026-06-28,2026-07-05,390,Normal,Released
SO0000768,P01,SKU002,2026-06-28,2026-06-30,235,Normal,Released
SO0000769,P01,SKU003,2026-06-28,2026-07-01,591,Normal,Released
SO0000770,P01,SKU003,2026-06-28,2026-06-29,538,Normal,Released
SO0000771,P01,SKU007,2026-06-29,2026-07-03,456,Normal,Released
SO0000772,P01,SKU001,2026-06-29,2026-07-03,541,High,Released
SO0000773,P01,SKU007,2026-06-29,2026-07-01,433,Normal,Released
SO0000774,P01,SKU004,2026-06-29,2026-06-30,370,Normal,Released
SO0000775,P01,SKU005,2026-06-29,2026-07-05,270,Normal,Released
SO0000776,P01,SKU001,2026-06-29,2026-07-04,142,Normal,Released
SO0000777,P01,SKU002,2026-06-29,2026-07-02,437,Normal,Released
SO0000778,P01,SKU003,2026-06-29,2026-07-06,363,Normal,Released
SO0000779,P02,SKU005,2026-01-01,2026-01-03,513,Normal,Released
SO0000780,P02,SKU007,2026-01-01,2026-01-07,435,Normal,Released
SO0000781,P02,SKU008,2026-01-01,2026-01-03,342,Normal,Released
SO0000782,P02,SKU002,2026-01-01,2026-01-05,541,Normal,Released
SO0000783,P02,SKU005,2026-01-02,2026-01-06,526,Normal,Released
SO0000784,P02,SKU005,2026-01-02,2026-01-03,447,Normal,Released
SO0000785,P02,SKU007,2026-01-03,2026-01-09,644,Normal,Released
SO0000786,P02,SKU003,2026-01-03,2026-01-07,463,Normal,Released
SO0000787,P02,SKU002,2026-01-03,2026-01-07,508,Normal,Released
SO0000788,P02,SKU002,2026-01-04,2026-01-08,442,Normal,Released
SO0000789,P02,SKU008,2026-01-05,2026-01-12,440,Normal,Released
SO0000790,P02,SKU003,2026-01-05,2026-01-06,424,Normal,Released
SO0000791,P02,SKU003,2026-01-05,2026-01-08,385,Normal,Released
SO0000792,P02,SKU003,2026-01-06,2026-01-12,306,Normal,Released
SO0000793,P02,SKU004,2026-01-06,2026-01-11,546,High,Released
SO0000794,P02,SKU003,2026-01-07,2026-01-13,628,Normal,Released
SO0000795,P02,SKU005,2026-01-07,2026-01-09,499,Normal,Released
SO0000796,P02,SKU003,2026-01-08,2026-01-13,373,Normal,Released
SO0000797,P02,SKU003,2026-01-08,2026-01-15,246,High,Released
SO0000798,P02,SKU006,2026-01-08,2026-01-15,319,Normal,Released
SO0000799,P02,SKU008,2026-01-08,2026-01-15,208,Normal,Released
SO0000800,P02,SKU007,2026-01-08,2026-01-14,422,Normal,Released
SO0000801,P02,SKU008,2026-01-09,2026-01-16,628,Expedite,Released
SO0000802,P02,SKU002,2026-01-09,2026-01-13,410,Normal,Released
SO0000803,P02,SKU006,2026-01-09,2026-01-14,537,Normal,Released
SO0000804,P02,SKU002,2026-01-09,2026-01-15,457,Normal,Released
SO0000805,P02,SKU005,2026-01-09,2026-01-11,258,High,Released
SO0000806,P02,SKU003,2026-01-09,2026-01-14,466,Normal,Released
SO0000807,P02,SKU002,2026-01-09,2026-01-15,375,Normal,Released
SO0000808,P02,SKU004,2026-01-09,2026-01-12,227,Normal,Released
SO0000809,P02,SKU003,2026-01-09,2026-01-10,479,Normal,Released
SO0000810,P02,SKU008,2026-01-09,2026-01-13,95,Normal,Released
SO0000811,P02,SKU003,2026-01-09,2026-01-15,236,Normal,Released
SO0000812,P02,SKU001,2026-01-10,2026-01-15,619,Normal,Released
SO0000813,P02,SKU001,2026-01-10,2026-01-15,94,Normal,Released
SO0000814,P02,SKU001,2026-01-10,2026-01-13,278,Normal,Released
SO0000815,P02,SKU002,2026-01-10,2026-01-12,234,Normal,Released
SO0000816,P02,SKU008,2026-01-10,2026-01-15,262,Normal,Released
SO0000817,P02,SKU006,2026-01-10,2026-01-11,487,Normal,Released
SO0000818,P02,SKU001,2026-01-10,2026-01-11,499,Normal,Released
SO0000819,P02,SKU006,2026-01-10,2026-01-15,479,Normal,Released
SO0000820,P02,SKU004,2026-01-11,2026-01-12,391,Normal,Released
SO0000821,P02,SKU002,2026-01-11,2026-01-16,339,Normal,Released
SO0000822,P02,SKU008,2026-01-12,2026-01-15,510,Normal,Released
SO0000823,P02,SKU004,2026-01-12,2026-01-14,289,High,Released
SO0000824,P02,SKU006,2026-01-13,2026-01-16,659,Normal,Released
SO0000825,P02,SKU005,2026-01-13,2026-01-19,153,Normal,Released
SO0000826,P02,SKU008,2026-01-14,2026-01-20,365,Normal,Released
SO0000827,P02,SKU007,2026-01-14,2026-01-21,534,Normal,Released
SO0000828,P02,SKU006,2026-01-14,2026-01-17,379,Normal,Released
SO0000829,P02,SKU006,2026-01-14,2026-01-15,121,Normal,Released
SO0000830,P02,SKU003,2026-01-14,2026-01-21,460,Normal,Released
SO0000831,P02,SKU003,2026-01-15,2026-01-21,193,Normal,Released
SO0000832,P02,SKU001,2026-01-15,2026-01-17,590,Normal,Released
SO0000833,P02,SKU008,2026-01-15,2026-01-16,487,Normal,Released
SO0000834,P02,SKU003,2026-01-15,2026-01-16,474,Normal,Released
SO0000835,P02,SKU003,2026-01-16,2026-01-18,705,Normal,Released
SO0000836,P02,SKU001,2026-01-16,2026-01-20,667,Normal,Released
SO0000837,P02,SKU008,2026-01-16,2026-01-18,172,Normal,Released
SO0000838,P02,SKU008,2026-01-17,2026-01-21,345,Normal,Released
SO0000839,P02,SKU005,2026-01-17,2026-01-24,680,Normal,Released
SO0000840,P02,SKU005,2026-01-17,2026-01-24,520,Normal,Released
SO0000841,P02,SKU002,2026-01-18,2026-01-20,672,Normal,Released
SO0000842,P02,SKU005,2026-01-18,2026-01-20,618,Normal,Released
SO0000843,P02,SKU004,2026-01-18,2026-01-21,362,Normal,Released
SO0000844,P02,SKU005,2026-01-18,2026-01-24,454,Normal,Released
SO0000845,P02,SKU004,2026-01-18,2026-01-20,257,High,Released
SO0000846,P02,SKU003,2026-01-18,2026-01-21,288,Normal,Released
SO0000847,P02,SKU005,2026-01-18,2026-01-19,511,High,Released
SO0000848,P02,SKU002,2026-01-19,2026-01-20,721,Normal,Released
SO0000849,P02,SKU003,2026-01-19,2026-01-22,401,Normal,Released
SO0000850,P02,SKU004,2026-01-20,2026-01-23,432,Normal,Released
SO0000851,P02,SKU002,2026-01-20,2026-01-26,419,Normal,Released
SO0000852,P02,SKU003,2026-01-20,2026-01-25,217,Normal,Released
SO0000853,P02,SKU008,2026-01-21,2026-01-22,420,Normal,Released
SO0000854,P02,SKU006,2026-01-21,2026-01-24,217,Normal,Released
SO0000855,P02,SKU001,2026-01-21,2026-01-23,351,Normal,Released
SO0000856,P02,SKU004,2026-01-21,2026-01-26,203,Normal,Released
SO0000857,P02,SKU002,2026-01-21,2026-01-26,649,Normal,Released
SO0000858,P02,SKU001,2026-01-22,2026-01-23,298,Normal,Released
SO0000859,P02,SKU005,2026-01-22,2026-01-24,40,Normal,Released
SO0000860,P02,SKU001,2026-01-22,2026-01-23,154,Expedite,Released
SO0000861,P02,SKU008,2026-01-23,2026-01-25,196,Normal,Released
SO0000862,P02,SKU001,2026-01-23,2026-01-29,969,Normal,Released
SO0000863,P02,SKU003,2026-01-24,2026-01-30,48,Normal,Released
SO0000864,P02,SKU002,2026-01-24,2026-01-27,310,Normal,Released
SO0000865,P02,SKU003,2026-01-24,2026-01-28,471,Normal,Released
SO0000866,P02,SKU001,2026-01-24,2026-01-29,527,Normal,Released
SO0000867,P02,SKU003,2026-01-25,2026-01-31,541,High,Released
SO0000868,P02,SKU007,2026-01-25,2026-01-30,482,Normal,Released
SO0000869,P02,SKU006,2026-01-25,2026-01-28,494,Normal,Released
SO0000870,P02,SKU005,2026-01-26,2026-01-30,620,Normal,Released
SO0000871,P02,SKU004,2026-01-26,2026-01-30,92,Normal,Released
SO0000872,P02,SKU007,2026-01-26,2026-02-01,297,Normal,Released
SO0000873,P02,SKU004,2026-01-27,2026-01-30,631,Normal,Released
SO0000874,P02,SKU007,2026-01-27,2026-01-28,341,Normal,Released
SO0000875,P02,SKU004,2026-01-27,2026-02-02,252,Normal,Released
SO0000876,P02,SKU006,2026-01-27,2026-01-29,246,Normal,Released
SO0000877,P02,SKU001,2026-01-27,2026-02-02,454,High,Released
SO0000878,P02,SKU006,2026-01-27,2026-02-02,464,Normal,Released
SO0000879,P02,SKU004,2026-01-28,2026-02-01,373,Normal,Released
SO0000880,P02,SKU006,2026-01-29,2026-02-05,460,Normal,Released
SO0000881,P02,SKU008,2026-01-29,2026-01-31,301,Normal,Released
SO0000882,P02,SKU001,2026-01-29,2026-02-04,579,Normal,Released
SO0000883,P02,SKU007,2026-01-29,2026-01-31,209,Normal,Released
SO0000884,P02,SKU002,2026-01-30,2026-01-31,524,High,Released
SO0000885,P02,SKU006,2026-01-30,2026-02-02,394,Normal,Released
SO0000886,P02,SKU003,2026-01-30,2026-02-04,360,Normal,Released
SO0000887,P02,SKU005,2026-01-30,2026-02-06,471,High,Released
SO0000888,P02,SKU005,2026-01-30,2026-02-03,268,High,Released
SO0000889,P02,SKU004,2026-01-30,2026-02-04,516,Normal,Released
SO0000890,P02,SKU008,2026-01-30,2026-02-04,213,Normal,Released
SO0000891,P02,SKU002,2026-01-30,2026-02-03,509,High,Released
SO0000892,P02,SKU007,2026-01-31,2026-02-01,406,Normal,Released
SO0000893,P02,SKU007,2026-01-31,2026-02-05,387,Normal,Released
SO0000894,P02,SKU004,2026-01-31,2026-02-01,382,Normal,Released
SO0000895,P02,SKU004,2026-01-31,2026-02-01,395,Normal,Released
SO0000896,P02,SKU001,2026-02-01,2026-02-07,525,Normal,Released
SO0000897,P02,SKU005,2026-02-01,2026-02-02,449,Normal,Released
SO0000898,P02,SKU001,2026-02-01,2026-02-06,308,Normal,Released
SO0000899,P02,SKU005,2026-02-02,2026-02-05,382,Normal,Released
SO0000900,P02,SKU005,2026-02-02,2026-02-04,212,Expedite,Released
SO0000901,P02,SKU006,2026-02-02,2026-02-07,330,Normal,Released
SO0000902,P02,SKU007,2026-02-03,2026-02-05,416,Normal,Released
SO0000903,P02,SKU001,2026-02-03,2026-02-06,494,Normal,Released
SO0000904,P02,SKU006,2026-02-03,2026-02-10,537,Normal,Released
SO0000905,P02,SKU003,2026-02-03,2026-02-04,497,Normal,Released
SO0000906,P02,SKU008,2026-02-03,2026-02-08,703,Normal,Released
SO0000907,P02,SKU002,2026-02-03,2026-02-04,40,Normal,Released
SO0000908,P02,SKU005,2026-02-03,2026-02-05,411,Normal,Released
SO0000909,P02,SKU002,2026-02-03,2026-02-09,303,Normal,Released
SO0000910,P02,SKU002,2026-02-03,2026-02-04,308,Normal,Released
SO0000911,P02,SKU004,2026-02-04,2026-02-06,244,Normal,Released
SO0000912,P02,SKU006,2026-02-04,2026-02-10,390,Normal,Released
SO0000913,P02,SKU003,2026-02-05,2026-02-08,621,Normal,Released
SO0000914,P02,SKU007,2026-02-05,2026-02-09,450,High,Released
SO0000915,P02,SKU004,2026-02-05,2026-02-10,368,Normal,Released
SO0000916,P02,SKU006,2026-02-05,2026-02-06,627,Normal,Released
SO0000917,P02,SKU004,2026-02-05,2026-02-08,719,High,Released
SO0000918,P02,SKU003,2026-02-05,2026-02-12,339,Normal,Released
SO0000919,P02,SKU002,2026-02-06,2026-02-10,472,High,Released
SO0000920,P02,SKU004,2026-02-06,2026-02-11,484,High,Released
SO0000921,P02,SKU008,2026-02-06,2026-02-10,448,Normal,Released
SO0000922,P02,SKU007,2026-02-06,2026-02-09,385,Normal,Released
SO0000923,P02,SKU004,2026-02-07,2026-02-14,450,Normal,Released
SO0000924,P02,SKU007,2026-02-07,2026-02-14,586,Normal,Released
SO0000925,P02,SKU001,2026-02-07,2026-02-13,767,High,Released
SO0000926,P02,SKU002,2026-02-07,2026-02-14,460,Normal,Released
SO0000927,P02,SKU008,2026-02-07,2026-02-14,731,Normal,Released
SO0000928,P02,SKU005,2026-02-07,2026-02-09,488,Normal,Released
SO0000929,P02,SKU001,2026-02-08,2026-02-10,479,Normal,Released
SO0000930,P02,SKU008,2026-02-08,2026-02-10,355,Normal,Released
SO0000931,P02,SKU002,2026-02-08,2026-02-14,570,Normal,Released
SO0000932,P02,SKU008,2026-02-08,2026-02-15,442,Normal,Released
SO0000933,P02,SKU007,2026-02-08,2026-02-12,376,High,Released
SO0000934,P02,SKU005,2026-02-09,2026-02-16,286,Normal,Released
SO0000935,P02,SKU005,2026-02-09,2026-02-12,695,High,Released
SO0000936,P02,SKU007,2026-02-09,2026-02-14,573,Normal,Released
SO0000937,P02,SKU008,2026-02-09,2026-02-10,611,Normal,Released
SO0000938,P02,SKU007,2026-02-09,2026-02-16,424,Normal,Released
SO0000939,P02,SKU001,2026-02-10,2026-02-14,259,High,Released
SO0000940,P02,SKU006,2026-02-10,2026-02-14,424,Normal,Released
SO0000941,P02,SKU008,2026-02-11,2026-02-15,321,Normal,Released
SO0000942,P02,SKU008,2026-02-11,2026-02-15,266,Normal,Released
SO0000943,P02,SKU003,2026-02-12,2026-02-18,517,Normal,Released
SO0000944,P02,SKU005,2026-02-12,2026-02-13,263,Normal,Released
SO0000945,P02,SKU003,2026-02-12,2026-02-13,357,Normal,Released
SO0000946,P02,SKU002,2026-02-12,2026-02-15,445,Normal,Released
SO0000947,P02,SKU006,2026-02-12,2026-02-14,326,Normal,Released
SO0000948,P02,SKU001,2026-02-13,2026-02-15,638,Normal,Released
SO0000949,P02,SKU005,2026-02-13,2026-02-15,362,Normal,Released
SO0000950,P02,SKU005,2026-02-13,2026-02-17,144,Normal,Released
SO0000951,P02,SKU004,2026-02-13,2026-02-16,393,Normal,Released
SO0000952,P02,SKU002,2026-02-13,2026-02-19,283,Normal,Released
SO0000953,P02,SKU006,2026-02-14,2026-02-19,693,Normal,Released
SO0000954,P02,SKU001,2026-02-14,2026-02-19,428,Normal,Released
SO0000955,P02,SKU003,2026-02-14,2026-02-21,435,Normal,Released
SO0000956,P02,SKU001,2026-02-14,2026-02-17,372,Normal,Released
SO0000957,P02,SKU003,2026-02-14,2026-02-16,237,Normal,Released
SO0000958,P02,SKU002,2026-02-15,2026-02-18,238,Normal,Released
SO0000959,P02,SKU001,2026-02-16,2026-02-20,248,Normal,Released
SO0000960,P02,SKU001,2026-02-16,2026-02-21,379,Normal,Released
SO0000961,P02,SKU008,2026-02-16,2026-02-21,540,Normal,Released
SO0000962,P02,SKU004,2026-02-16,2026-02-22,291,High,Released
SO0000963,P02,SKU001,2026-02-16,2026-02-21,41,Normal,Released
SO0000964,P02,SKU006,2026-02-16,2026-02-18,345,Normal,Released
SO0000965,P02,SKU003,2026-02-17,2026-02-19,306,Normal,Released
SO0000966,P02,SKU008,2026-02-17,2026-02-22,421,Normal,Released
SO0000967,P02,SKU002,2026-02-17,2026-02-24,50,High,Released
SO0000968,P02,SKU002,2026-02-18,2026-02-25,203,Normal,Released
SO0000969,P02,SKU002,2026-02-18,2026-02-22,48,Normal,Released
SO0000970,P02,SKU004,2026-02-18,2026-02-23,300,High,Released
SO0000971,P02,SKU002,2026-02-19,2026-02-21,455,Normal,Released
SO0000972,P02,SKU008,2026-02-19,2026-02-20,393,Normal,Released
SO0000973,P02,SKU003,2026-02-19,2026-02-21,233,Normal,Released
SO0000974,P02,SKU007,2026-02-19,2026-02-24,376,Normal,Released
SO0000975,P02,SKU004,2026-02-20,2026-02-21,352,Normal,Released
SO0000976,P02,SKU003,2026-02-20,2026-02-27,399,Normal,Released
SO0000977,P02,SKU008,2026-02-20,2026-02-22,570,Normal,Released
SO0000978,P02,SKU003,2026-02-21,2026-02-28,406,High,Released
SO0000979,P02,SKU007,2026-02-21,2026-02-22,527,Normal,Released
SO0000980,P02,SKU005,2026-02-22,2026-02-26,147,Normal,Released
SO0000981,P02,SKU005,2026-02-22,2026-02-25,434,Normal,Released
SO0000982,P02,SKU007,2026-02-22,2026-03-01,630,Normal,Released
SO0000983,P02,SKU001,2026-02-22,2026-02-27,476,Normal,Released
SO0000984,P02,SKU004,2026-02-23,2026-02-25,417,Normal,Released
SO0000985,P02,SKU001,2026-02-23,2026-02-25,358,Normal,Released
SO0000986,P02,SKU006,2026-02-23,2026-02-26,167,Normal,Released
SO0000987,P02,SKU001,2026-02-23,2026-03-02,706,Normal,Released
SO0000988,P02,SKU002,2026-02-24,2026-03-03,268,Normal,Released
SO0000989,P02,SKU005,2026-02-24,2026-03-02,353,Normal,Released
SO0000990,P02,SKU002,2026-02-24,2026-03-02,240,Normal,Released
SO0000991,P02,SKU002,2026-02-25,2026-02-26,383,High,Released
SO0000992,P02,SKU005,2026-02-25,2026-02-27,385,Normal,Released
SO0000993,P02,SKU008,2026-02-25,2026-03-04,590,Normal,Released
SO0000994,P02,SKU006,2026-02-25,2026-02-26,308,Normal,Released
SO0000995,P02,SKU008,2026-02-25,2026-03-04,250,Normal,Released
SO0000996,P02,SKU003,2026-02-25,2026-02-28,161,Expedite,Released
SO0000997,P02,SKU008,2026-02-26,2026-02-28,254,Normal,Released
SO0000998,P02,SKU007,2026-02-26,2026-03-04,211,Normal,Released
SO0000999,P02,SKU004,2026-02-26,2026-03-03,315,Normal,Released
SO0001000,P02,SKU002,2026-02-26,2026-03-03,247,Normal,Released
SO0001001,P02,SKU005,2026-02-27,2026-03-01,394,Normal,Released
SO0001002,P02,SKU003,2026-02-27,2026-03-04,493,Normal,Released
SO0001003,P02,SKU003,2026-02-27,2026-03-06,376,Normal,Released
SO0001004,P02,SKU001,2026-02-27,2026-03-01,475,Normal,Released
SO0001005,P02,SKU002,2026-02-27,2026-02-28,142,Normal,Released
SO0001006,P02,SKU001,2026-02-28,2026-03-02,76,Normal,Released
SO0001007,P02,SKU007,2026-02-28,2026-03-05,288,Normal,Released
SO0001008,P02,SKU001,2026-02-28,2026-03-03,425,Normal,Released
SO0001009,P02,SKU008,2026-02-28,2026-03-04,398,Normal,Released
SO0001010,P02,SKU002,2026-03-01,2026-03-06,410,Normal,Released
SO0001011,P02,SKU007,2026-03-01,2026-03-05,435,Normal,Released
SO0001012,P02,SKU003,2026-03-02,2026-03-07,370,High,Released
SO0001013,P02,SKU001,2026-03-02,2026-03-09,223,Normal,Released
SO0001014,P02,SKU001,2026-03-03,2026-03-09,279,Normal,Released
SO0001015,P02,SKU007,2026-03-03,2026-03-06,453,Normal,Released
SO0001016,P02,SKU004,2026-03-03,2026-03-10,304,Expedite,Released
SO0001017,P02,SKU007,2026-03-03,2026-03-09,549,Normal,Released
SO0001018,P02,SKU003,2026-03-03,2026-03-09,320,Normal,Released
SO0001019,P02,SKU003,2026-03-03,2026-03-07,377,Normal,Released
SO0001020,P02,SKU002,2026-03-03,2026-03-07,394,Normal,Released
SO0001021,P02,SKU002,2026-03-04,2026-03-06,419,Normal,Released
SO0001022,P02,SKU005,2026-03-04,2026-03-10,200,Normal,Released
SO0001023,P02,SKU001,2026-03-04,2026-03-06,285,Normal,Released
SO0001024,P02,SKU003,2026-03-04,2026-03-06,286,High,Released
SO0001025,P02,SKU003,2026-03-04,2026-03-09,569,High,Released
SO0001026,P02,SKU002,2026-03-05,2026-03-10,352,Normal,Released
SO0001027,P02,SKU002,2026-03-05,2026-03-08,395,Normal,Released
SO0001028,P02,SKU003,2026-03-06,2026-03-07,315,Normal,Released
SO0001029,P02,SKU003,2026-03-06,2026-03-08,165,Normal,Released
SO0001030,P02,SKU005,2026-03-06,2026-03-09,449,High,Released
SO0001031,P02,SKU001,2026-03-06,2026-03-13,278,High,Released
SO0001032,P02,SKU005,2026-03-07,2026-03-08,399,Normal,Released
SO0001033,P02,SKU006,2026-03-07,2026-03-08,330,Normal,Released
SO0001034,P02,SKU004,2026-03-07,2026-03-11,258,Normal,Released
SO0001035,P02,SKU004,2026-03-07,2026-03-13,293,Normal,Released
SO0001036,P02,SKU006,2026-03-08,2026-03-12,332,Normal,Released
SO0001037,P02,SKU004,2026-03-08,2026-03-15,447,Normal,Released
SO0001038,P02,SKU008,2026-03-08,2026-03-15,530,Normal,Released
SO0001039,P02,SKU002,2026-03-08,2026-03-12,660,Normal,Released
SO0001040,P02,SKU007,2026-03-08,2026-03-12,304,Normal,Released
SO0001041,P02,SKU001,2026-03-08,2026-03-15,199,Normal,Released
SO0001042,P02,SKU006,2026-03-09,2026-03-15,487,Normal,Released
SO0001043,P02,SKU005,2026-03-09,2026-03-12,275,Normal,Released
SO0001044,P02,SKU006,2026-03-09,2026-03-12,439,Normal,Released
SO0001045,P02,SKU006,2026-03-09,2026-03-15,294,Normal,Released
SO0001046,P02,SKU002,2026-03-09,2026-03-15,399,Normal,Released
SO0001047,P02,SKU008,2026-03-09,2026-03-10,222,Normal,Released
SO0001048,P02,SKU006,2026-03-09,2026-03-14,459,Normal,Released
SO0001049,P02,SKU007,2026-03-10,2026-03-15,307,Normal,Released
SO0001050,P02,SKU004,2026-03-10,2026-03-15,163,Normal,Released
SO0001051,P02,SKU002,2026-03-10,2026-03-16,263,Normal,Released
SO0001052,P02,SKU007,2026-03-11,2026-03-15,464,Normal,Released
SO0001053,P02,SKU004,2026-03-11,2026-03-15,305,Normal,Released
SO0001054,P02,SKU003,2026-03-12,2026-03-14,106,Normal,Released
SO0001055,P02,SKU004,2026-03-12,2026-03-16,411,Normal,Released
SO0001056,P02,SKU002,2026-03-12,2026-03-17,260,Normal,Released
SO0001057,P02,SKU005,2026-03-12,2026-03-17,209,Normal,Released
SO0001058,P02,SKU006,2026-03-13,2026-03-19,561,Expedite,Released
SO0001059,P02,SKU004,2026-03-13,2026-03-20,593,Normal,Released
SO0001060,P02,SKU003,2026-03-13,2026-03-18,311,Normal,Released
SO0001061,P02,SKU006,2026-03-13,2026-03-20,166,High,Released
SO0001062,P02,SKU005,2026-03-13,2026-03-18,296,Normal,Released
SO0001063,P02,SKU004,2026-03-13,2026-03-20,386,Normal,Released
SO0001064,P02,SKU008,2026-03-14,2026-03-16,40,Normal,Released
SO0001065,P02,SKU004,2026-03-14,2026-03-21,500,Normal,Released
SO0001066,P02,SKU003,2026-03-14,2026-03-19,459,Normal,Released
SO0001067,P02,SKU008,2026-03-15,2026-03-21,282,Normal,Released
SO0001068,P02,SKU002,2026-03-15,2026-03-18,263,Normal,Released
SO0001069,P02,SKU003,2026-03-15,2026-03-20,355,Normal,Released
SO0001070,P02,SKU007,2026-03-16,2026-03-19,158,Normal,Released
SO0001071,P02,SKU001,2026-03-16,2026-03-23,548,Normal,Released
SO0001072,P02,SKU005,2026-03-16,2026-03-20,257,Normal,Released
SO0001073,P02,SKU007,2026-03-16,2026-03-21,522,Normal,Released
SO0001074,P02,SKU002,2026-03-17,2026-03-22,208,Normal,Released
SO0001075,P02,SKU006,2026-03-17,2026-03-18,374,Normal,Released
SO0001076,P02,SKU004,2026-03-17,2026-03-20,191,Normal,Released
SO0001077,P02,SKU001,2026-03-17,2026-03-22,472,Normal,Released
SO0001078,P02,SKU001,2026-03-18,2026-03-22,517,Normal,Released
SO0001079,P02,SKU002,2026-03-18,2026-03-19,276,Normal,Released
SO0001080,P02,SKU008,2026-03-18,2026-03-24,432,Normal,Released
SO0001081,P02,SKU002,2026-03-18,2026-03-23,229,Normal,Released
SO0001082,P02,SKU006,2026-03-19,2026-03-21,186,Normal,Released
SO0001083,P02,SKU006,2026-03-20,2026-03-23,426,Normal,Released
SO0001084,P02,SKU002,2026-03-20,2026-03-25,391,Normal,Released
SO0001085,P02,SKU002,2026-03-20,2026-03-25,415,Normal,Released
SO0001086,P02,SKU007,2026-03-21,2026-03-27,200,Normal,Released
SO0001087,P02,SKU002,2026-03-21,2026-03-27,342,Normal,Released
SO0001088,P02,SKU004,2026-03-21,2026-03-26,398,Normal,Released
SO0001089,P02,SKU008,2026-03-22,2026-03-23,285,High,Released
SO0001090,P02,SKU001,2026-03-22,2026-03-28,428,Normal,Released
SO0001091,P02,SKU005,2026-03-22,2026-03-25,526,Normal,Released
SO0001092,P02,SKU008,2026-03-22,2026-03-29,350,Normal,Released
SO0001093,P02,SKU007,2026-03-22,2026-03-24,310,Normal,Released
SO0001094,P02,SKU003,2026-03-23,2026-03-27,456,Normal,Released
SO0001095,P02,SKU005,2026-03-23,2026-03-27,436,Normal,Released
SO0001096,P02,SKU003,2026-03-23,2026-03-30,396,Normal,Released
SO0001097,P02,SKU005,2026-03-23,2026-03-29,224,Normal,Released
SO0001098,P02,SKU002,2026-03-23,2026-03-25,322,Normal,Released
SO0001099,P02,SKU008,2026-03-24,2026-03-31,243,Expedite,Released
SO0001100,P02,SKU005,2026-03-24,2026-03-27,522,Normal,Released
SO0001101,P02,SKU004,2026-03-24,2026-03-31,58,Normal,Released
SO0001102,P02,SKU006,2026-03-24,2026-03-28,267,Normal,Released
SO0001103,P02,SKU004,2026-03-25,2026-03-26,506,Normal,Released
SO0001104,P02,SKU008,2026-03-25,2026-04-01,275,Normal,Released
SO0001105,P02,SKU006,2026-03-25,2026-03-27,526,Normal,Released
SO0001106,P02,SKU005,2026-03-25,2026-04-01,392,Normal,Released
SO0001107,P02,SKU005,2026-03-25,2026-04-01,157,Normal,Released
SO0001108,P02,SKU002,2026-03-25,2026-03-30,404,Normal,Released
SO0001109,P02,SKU007,2026-03-25,2026-03-31,140,High,Released
SO0001110,P02,SKU007,2026-03-26,2026-03-27,329,Normal,Released
SO0001111,P02,SKU004,2026-03-26,2026-03-31,429,Normal,Released
SO0001112,P02,SKU001,2026-03-26,2026-04-01,127,Expedite,Released
SO0001113,P02,SKU008,2026-03-26,2026-04-02,410,Normal,Released
SO0001114,P02,SKU002,2026-03-26,2026-03-29,162,Normal,Released
SO0001115,P02,SKU007,2026-03-27,2026-04-01,295,Normal,Released
SO0001116,P02,SKU005,2026-03-28,2026-03-30,493,Normal,Released
SO0001117,P02,SKU001,2026-03-28,2026-03-29,492,Normal,Released
SO0001118,P02,SKU001,2026-03-28,2026-04-01,521,Normal,Released
SO0001119,P02,SKU005,2026-03-28,2026-04-04,258,High,Released
SO0001120,P02,SKU008,2026-03-28,2026-04-04,372,Normal,Released
SO0001121,P02,SKU004,2026-03-28,2026-04-01,106,Normal,Released
SO0001122,P02,SKU003,2026-03-29,2026-04-05,396,Normal,Released
SO0001123,P02,SKU001,2026-03-29,2026-03-30,379,Normal,Released
SO0001124,P02,SKU005,2026-03-29,2026-04-02,317,Normal,Released
SO0001125,P02,SKU004,2026-03-29,2026-04-01,219,High,Released
SO0001126,P02,SKU001,2026-03-30,2026-03-31,303,Normal,Released
SO0001127,P02,SKU008,2026-03-30,2026-04-05,460,Normal,Released
SO0001128,P02,SKU007,2026-03-30,2026-04-04,317,Normal,Released
SO0001129,P02,SKU002,2026-03-30,2026-04-02,189,Normal,Released
SO0001130,P02,SKU002,2026-03-30,2026-04-02,282,Normal,Released
SO0001131,P02,SKU008,2026-03-30,2026-04-06,190,Normal,Released
SO0001132,P02,SKU004,2026-03-31,2026-04-01,403,Normal,Released
SO0001133,P02,SKU001,2026-03-31,2026-04-07,280,Normal,Released
SO0001134,P02,SKU001,2026-03-31,2026-04-06,732,Normal,Released
SO0001135,P02,SKU004,2026-03-31,2026-04-03,454,Normal,Released
SO0001136,P02,SKU002,2026-04-01,2026-04-06,471,Normal,Released
SO0001137,P02,SKU005,2026-04-01,2026-04-02,275,Normal,Released
SO0001138,P02,SKU003,2026-04-01,2026-04-08,167,Normal,Released
SO0001139,P02,SKU006,2026-04-01,2026-04-05,305,Normal,Released
SO0001140,P02,SKU001,2026-04-01,2026-04-06,590,Normal,Released
SO0001141,P02,SKU001,2026-04-01,2026-04-05,241,High,Released
SO0001142,P02,SKU007,2026-04-02,2026-04-08,357,Normal,Released
SO0001143,P02,SKU003,2026-04-02,2026-04-09,549,High,Released
SO0001144,P02,SKU007,2026-04-02,2026-04-06,626,High,Released
SO0001145,P02,SKU008,2026-04-02,2026-04-08,186,Normal,Released
SO0001146,P02,SKU007,2026-04-02,2026-04-09,392,Normal,Released
SO0001147,P02,SKU005,2026-04-03,2026-04-08,414,Normal,Released
SO0001148,P02,SKU005,2026-04-03,2026-04-09,98,Normal,Released
SO0001149,P02,SKU003,2026-04-03,2026-04-06,729,Normal,Released
SO0001150,P02,SKU006,2026-04-03,2026-04-05,321,Normal,Released
SO0001151,P02,SKU008,2026-04-03,2026-04-09,358,Normal,Released
SO0001152,P02,SKU001,2026-04-03,2026-04-09,121,Normal,Released
SO0001153,P02,SKU006,2026-04-04,2026-04-11,398,Normal,Released
SO0001154,P02,SKU003,2026-04-04,2026-04-09,334,Normal,Released
SO0001155,P02,SKU003,2026-04-04,2026-04-05,384,Normal,Released
SO0001156,P02,SKU008,2026-04-04,2026-04-08,498,Normal,Released
SO0001157,P02,SKU001,2026-04-05,2026-04-12,432,High,Released
SO0001158,P02,SKU005,2026-04-06,2026-04-08,186,Normal,Released
SO0001159,P02,SKU007,2026-04-06,2026-04-08,309,Normal,Released
SO0001160,P02,SKU007,2026-04-06,2026-04-11,284,High,Released
SO0001161,P02,SKU001,2026-04-06,2026-04-12,533,Normal,Released
SO0001162,P02,SKU003,2026-04-07,2026-04-10,718,Normal,Released
SO0001163,P02,SKU007,2026-04-07,2026-04-13,259,High,Released
SO0001164,P02,SKU002,2026-04-07,2026-04-10,368,Normal,Released
SO0001165,P02,SKU008,2026-04-07,2026-04-08,521,Normal,Released
SO0001166,P02,SKU007,2026-04-07,2026-04-11,419,Normal,Released
SO0001167,P02,SKU008,2026-04-07,2026-04-08,563,Normal,Released
SO0001168,P02,SKU006,2026-04-07,2026-04-13,382,Normal,Released
SO0001169,P02,SKU006,2026-04-07,2026-04-09,629,Normal,Released
SO0001170,P02,SKU002,2026-04-07,2026-04-14,474,Normal,Released
SO0001171,P02,SKU002,2026-04-07,2026-04-12,435,Normal,Released
SO0001172,P02,SKU001,2026-04-08,2026-04-11,575,Normal,Released
SO0001173,P02,SKU006,2026-04-08,2026-04-10,295,Normal,Released
SO0001174,P02,SKU002,2026-04-08,2026-04-09,325,Normal,Released
SO0001175,P02,SKU005,2026-04-08,2026-04-10,159,Normal,Released
SO0001176,P02,SKU002,2026-04-08,2026-04-15,543,Normal,Released
SO0001177,P02,SKU003,2026-04-08,2026-04-13,250,Normal,Released
SO0001178,P02,SKU002,2026-04-08,2026-04-11,679,High,Released
SO0001179,P02,SKU001,2026-04-09,2026-04-10,500,High,Released
SO0001180,P02,SKU006,2026-04-09,2026-04-14,273,Normal,Released
SO0001181,P02,SKU008,2026-04-09,2026-04-10,642,Normal,Released
SO0001182,P02,SKU004,2026-04-09,2026-04-12,352,Normal,Released
SO0001183,P02,SKU006,2026-04-10,2026-04-12,575,Normal,Released
SO0001184,P02,SKU007,2026-04-10,2026-04-14,96,Normal,Released
SO0001185,P02,SKU003,2026-04-10,2026-04-16,160,Normal,Released
SO0001186,P02,SKU005,2026-04-11,2026-04-15,385,Normal,Released
SO0001187,P02,SKU002,2026-04-11,2026-04-16,478,Normal,Released
SO0001188,P02,SKU001,2026-04-11,2026-04-14,450,Normal,Released
SO0001189,P02,SKU001,2026-04-11,2026-04-15,357,Normal,Released
SO0001190,P02,SKU002,2026-04-11,2026-04-14,67,Normal,Released
SO0001191,P02,SKU006,2026-04-12,2026-04-13,317,Normal,Released
SO0001192,P02,SKU004,2026-04-12,2026-04-13,274,Normal,Released
SO0001193,P02,SKU001,2026-04-13,2026-04-20,457,Normal,Released
SO0001194,P02,SKU002,2026-04-13,2026-04-16,703,High,Released
SO0001195,P02,SKU003,2026-04-13,2026-04-15,531,Normal,Released
SO0001196,P02,SKU001,2026-04-13,2026-04-18,308,Normal,Released
SO0001197,P02,SKU005,2026-04-13,2026-04-16,407,Normal,Released
SO0001198,P02,SKU007,2026-04-13,2026-04-17,358,Normal,Released
SO0001199,P02,SKU004,2026-04-14,2026-04-16,597,Normal,Released
SO0001200,P02,SKU008,2026-04-14,2026-04-18,260,Normal,Released
SO0001201,P02,SKU002,2026-04-14,2026-04-17,180,Normal,Released
SO0001202,P02,SKU002,2026-04-15,2026-04-21,606,Normal,Released
SO0001203,P02,SKU005,2026-04-15,2026-04-18,197,Normal,Released
SO0001204,P02,SKU007,2026-04-15,2026-04-19,601,Normal,Released
SO0001205,P02,SKU003,2026-04-15,2026-04-20,236,Normal,Released
SO0001206,P02,SKU005,2026-04-15,2026-04-16,622,Normal,Released
SO0001207,P02,SKU005,2026-04-15,2026-04-20,634,Normal,Released
SO0001208,P02,SKU005,2026-04-16,2026-04-18,218,High,Released
SO0001209,P02,SKU006,2026-04-16,2026-04-20,531,Normal,Released
SO0001210,P02,SKU003,2026-04-17,2026-04-23,237,Normal,Released
SO0001211,P02,SKU002,2026-04-17,2026-04-23,304,High,Released
SO0001212,P02,SKU002,2026-04-17,2026-04-23,468,Normal,Released
SO0001213,P02,SKU001,2026-04-18,2026-04-24,152,Normal,Released
SO0001214,P02,SKU007,2026-04-18,2026-04-23,442,Normal,Released
SO0001215,P02,SKU003,2026-04-18,2026-04-22,704,Normal,Released
SO0001216,P02,SKU008,2026-04-19,2026-04-21,241,High,Released
SO0001217,P02,SKU006,2026-04-19,2026-04-21,496,Normal,Released
SO0001218,P02,SKU005,2026-04-19,2026-04-22,478,High,Released
SO0001219,P02,SKU001,2026-04-19,2026-04-23,338,Normal,Released
SO0001220,P02,SKU005,2026-04-19,2026-04-23,461,Normal,Released
SO0001221,P02,SKU005,2026-04-20,2026-04-24,329,Normal,Released
SO0001222,P02,SKU006,2026-04-20,2026-04-21,550,Normal,Released
SO0001223,P02,SKU007,2026-04-21,2026-04-24,327,Normal,Released
SO0001224,P02,SKU006,2026-04-21,2026-04-26,318,Normal,Released
SO0001225,P02,SKU003,2026-04-21,2026-04-28,291,Normal,Released
SO0001226,P02,SKU004,2026-04-21,2026-04-24,237,Normal,Released
SO0001227,P02,SKU006,2026-04-22,2026-04-27,488,Normal,Released
SO0001228,P02,SKU007,2026-04-22,2026-04-28,163,Normal,Released
SO0001229,P02,SKU001,2026-04-23,2026-04-29,284,Normal,Released
SO0001230,P02,SKU007,2026-04-23,2026-04-29,185,Normal,Released
SO0001231,P02,SKU004,2026-04-23,2026-04-24,380,Normal,Released
SO0001232,P02,SKU002,2026-04-23,2026-04-30,518,High,Released
SO0001233,P02,SKU003,2026-04-23,2026-04-28,476,Normal,Released
SO0001234,P02,SKU007,2026-04-24,2026-04-27,407,High,Released
SO0001235,P02,SKU003,2026-04-24,2026-05-01,580,Normal,Released
SO0001236,P02,SKU002,2026-04-24,2026-04-30,536,Normal,Released
SO0001237,P02,SKU001,2026-04-24,2026-05-01,313,High,Released
SO0001238,P02,SKU007,2026-04-24,2026-04-25,458,Normal,Released
SO0001239,P02,SKU001,2026-04-25,2026-04-30,491,Normal,Released
SO0001240,P02,SKU007,2026-04-25,2026-04-26,501,Normal,Released
SO0001241,P02,SKU001,2026-04-26,2026-04-30,601,Normal,Released
SO0001242,P02,SKU007,2026-04-26,2026-05-03,338,Normal,Released
SO0001243,P02,SKU006,2026-04-26,2026-04-30,480,Expedite,Released
SO0001244,P02,SKU007,2026-04-26,2026-05-03,243,Normal,Released
SO0001245,P02,SKU001,2026-04-27,2026-04-30,480,Normal,Released
SO0001246,P02,SKU003,2026-04-27,2026-04-28,385,High,Released
SO0001247,P02,SKU006,2026-04-27,2026-05-01,361,Normal,Released
SO0001248,P02,SKU008,2026-04-27,2026-04-28,520,Normal,Released
SO0001249,P02,SKU008,2026-04-27,2026-04-28,208,Normal,Released
SO0001250,P02,SKU006,2026-04-28,2026-05-01,303,High,Released
SO0001251,P02,SKU008,2026-04-28,2026-05-04,351,Normal,Released
SO0001252,P02,SKU004,2026-04-29,2026-05-03,522,Normal,Released
SO0001253,P02,SKU002,2026-04-29,2026-05-01,615,Normal,Released
SO0001254,P02,SKU008,2026-04-30,2026-05-06,411,Normal,Released
SO0001255,P02,SKU002,2026-04-30,2026-05-03,600,Normal,Released
SO0001256,P02,SKU001,2026-04-30,2026-05-03,345,Normal,Released
SO0001257,P02,SKU006,2026-04-30,2026-05-07,698,Normal,Released
SO0001258,P02,SKU008,2026-04-30,2026-05-04,165,Normal,Released
SO0001259,P02,SKU002,2026-04-30,2026-05-07,420,Normal,Released
SO0001260,P02,SKU007,2026-05-01,2026-05-02,357,Normal,Released
SO0001261,P02,SKU006,2026-05-01,2026-05-05,473,Normal,Released
SO0001262,P02,SKU006,2026-05-01,2026-05-07,457,Normal,Released
SO0001263,P02,SKU005,2026-05-02,2026-05-08,414,Normal,Released
SO0001264,P02,SKU005,2026-05-02,2026-05-06,327,Normal,Released
SO0001265,P02,SKU006,2026-05-02,2026-05-04,447,Normal,Released
SO0001266,P02,SKU003,2026-05-02,2026-05-05,716,Normal,Released
SO0001267,P02,SKU004,2026-05-03,2026-05-09,263,Normal,Released
SO0001268,P02,SKU002,2026-05-03,2026-05-06,364,Normal,Released
SO0001269,P02,SKU006,2026-05-03,2026-05-06,762,Normal,Released
SO0001270,P02,SKU006,2026-05-04,2026-05-09,442,Normal,Released
SO0001271,P02,SKU005,2026-05-04,2026-05-09,433,Normal,Released
SO0001272,P02,SKU008,2026-05-04,2026-05-11,40,Expedite,Released
SO0001273,P02,SKU007,2026-05-04,2026-05-05,164,Normal,Released
SO0001274,P02,SKU001,2026-05-04,2026-05-09,332,Normal,Released
SO0001275,P02,SKU007,2026-05-05,2026-05-10,435,Normal,Released
SO0001276,P02,SKU006,2026-05-05,2026-05-08,587,Normal,Released
SO0001277,P02,SKU007,2026-05-05,2026-05-07,409,Normal,Released
SO0001278,P02,SKU002,2026-05-06,2026-05-10,119,Normal,Released
SO0001279,P02,SKU005,2026-05-06,2026-05-13,582,Normal,Released
SO0001280,P02,SKU003,2026-05-07,2026-05-13,461,Normal,Released
SO0001281,P02,SKU007,2026-05-07,2026-05-13,581,Normal,Released
SO0001282,P02,SKU005,2026-05-07,2026-05-11,266,Normal,Released
SO0001283,P02,SKU001,2026-05-07,2026-05-08,40,Normal,Released
SO0001284,P02,SKU007,2026-05-08,2026-05-14,321,High,Released
SO0001285,P02,SKU004,2026-05-08,2026-05-09,421,Normal,Released
SO0001286,P02,SKU005,2026-05-09,2026-05-13,422,Normal,Released
SO0001287,P02,SKU005,2026-05-09,2026-05-15,352,Normal,Released
SO0001288,P02,SKU007,2026-05-09,2026-05-14,314,Normal,Released
SO0001289,P02,SKU001,2026-05-10,2026-05-15,567,Normal,Released
SO0001290,P02,SKU002,2026-05-10,2026-05-12,745,Normal,Released
SO0001291,P02,SKU005,2026-05-10,2026-05-15,456,Normal,Released
SO0001292,P02,SKU006,2026-05-10,2026-05-15,501,Normal,Released
SO0001293,P02,SKU005,2026-05-10,2026-05-17,334,Normal,Released
SO0001294,P02,SKU001,2026-05-11,2026-05-13,432,Normal,Released
SO0001295,P02,SKU006,2026-05-11,2026-05-14,443,Normal,Released
SO0001296,P02,SKU006,2026-05-11,2026-05-12,413,Normal,Released
SO0001297,P02,SKU002,2026-05-11,2026-05-18,468,Normal,Released
SO0001298,P02,SKU006,2026-05-11,2026-05-12,330,Normal,Released
SO0001299,P02,SKU003,2026-05-11,2026-05-14,422,Normal,Released
SO0001300,P02,SKU004,2026-05-12,2026-05-19,345,Normal,Released
SO0001301,P02,SKU005,2026-05-12,2026-05-17,608,Normal,Released
SO0001302,P02,SKU003,2026-05-12,2026-05-16,609,Normal,Released
SO0001303,P02,SKU001,2026-05-12,2026-05-19,542,Normal,Released
SO0001304,P02,SKU004,2026-05-12,2026-05-17,165,High,Released
SO0001305,P02,SKU008,2026-05-13,2026-05-17,314,Normal,Released
SO0001306,P02,SKU002,2026-05-13,2026-05-18,134,High,Released
SO0001307,P02,SKU006,2026-05-13,2026-05-14,455,Normal,Released
SO0001308,P02,SKU007,2026-05-13,2026-05-20,757,Normal,Released
SO0001309,P02,SKU001,2026-05-13,2026-05-19,190,Normal,Released
SO0001310,P02,SKU001,2026-05-13,2026-05-17,286,High,Released
SO0001311,P02,SKU006,2026-05-14,2026-05-16,611,Normal,Released
SO0001312,P02,SKU002,2026-05-14,2026-05-16,755,Normal,Released
SO0001313,P02,SKU001,2026-05-14,2026-05-17,663,High,Released
SO0001314,P02,SKU008,2026-05-14,2026-05-20,554,Normal,Released
SO0001315,P02,SKU002,2026-05-14,2026-05-20,532,Normal,Released
SO0001316,P02,SKU001,2026-05-14,2026-05-20,422,Normal,Released
SO0001317,P02,SKU004,2026-05-15,2026-05-22,466,Normal,Released
SO0001318,P02,SKU002,2026-05-15,2026-05-16,427,Normal,Released
SO0001319,P02,SKU008,2026-05-15,2026-05-17,447,Normal,Released
SO0001320,P02,SKU002,2026-05-15,2026-05-22,636,Normal,Released
SO0001321,P02,SKU007,2026-05-15,2026-05-16,191,Normal,Released
SO0001322,P02,SKU003,2026-05-16,2026-05-17,456,Normal,Released
SO0001323,P02,SKU007,2026-05-17,2026-05-18,208,Normal,Released
SO0001324,P02,SKU002,2026-05-18,2026-05-22,469,Normal,Released
SO0001325,P02,SKU004,2026-05-19,2026-05-20,837,Expedite,Released
SO0001326,P02,SKU005,2026-05-19,2026-05-20,105,Normal,Released
SO0001327,P02,SKU005,2026-05-20,2026-05-27,643,Normal,Released
SO0001328,P02,SKU005,2026-05-20,2026-05-24,354,High,Released
SO0001329,P02,SKU003,2026-05-20,2026-05-21,430,Normal,Released
SO0001330,P02,SKU007,2026-05-20,2026-05-24,359,Normal,Released
SO0001331,P02,SKU007,2026-05-20,2026-05-24,309,Normal,Released
SO0001332,P02,SKU003,2026-05-20,2026-05-27,163,Normal,Released
SO0001333,P02,SKU001,2026-05-20,2026-05-27,337,Normal,Released
SO0001334,P02,SKU005,2026-05-21,2026-05-26,497,Normal,Released
SO0001335,P02,SKU002,2026-05-21,2026-05-26,225,Normal,Released
SO0001336,P02,SKU002,2026-05-21,2026-05-25,596,Normal,Released
SO0001337,P02,SKU006,2026-05-21,2026-05-24,396,Normal,Released
SO0001338,P02,SKU007,2026-05-22,2026-05-26,462,Normal,Released
SO0001339,P02,SKU001,2026-05-22,2026-05-24,238,Normal,Released
SO0001340,P02,SKU006,2026-05-22,2026-05-24,146,High,Released
SO0001341,P02,SKU005,2026-05-22,2026-05-27,348,Normal,Released
SO0001342,P02,SKU005,2026-05-22,2026-05-23,175,Expedite,Released
SO0001343,P02,SKU006,2026-05-22,2026-05-26,433,Normal,Released
SO0001344,P02,SKU004,2026-05-23,2026-05-26,269,Normal,Released
SO0001345,P02,SKU007,2026-05-23,2026-05-24,245,Normal,Released
SO0001346,P02,SKU006,2026-05-23,2026-05-28,351,Normal,Released
SO0001347,P02,SKU005,2026-05-23,2026-05-25,470,Normal,Released
SO0001348,P02,SKU002,2026-05-23,2026-05-29,284,Normal,Released
SO0001349,P02,SKU001,2026-05-24,2026-05-28,445,Normal,Released
SO0001350,P02,SKU002,2026-05-24,2026-05-27,209,Normal,Released
SO0001351,P02,SKU004,2026-05-24,2026-05-26,284,Normal,Released
SO0001352,P02,SKU007,2026-05-24,2026-05-31,428,Normal,Released
SO0001353,P02,SKU002,2026-05-25,2026-05-26,467,Normal,Released
SO0001354,P02,SKU002,2026-05-25,2026-05-31,40,Normal,Released
SO0001355,P02,SKU004,2026-05-25,2026-05-29,643,High,Released
SO0001356,P02,SKU004,2026-05-25,2026-06-01,46,Normal,Released
SO0001357,P02,SKU007,2026-05-26,2026-05-27,384,Normal,Released
SO0001358,P02,SKU002,2026-05-26,2026-05-27,281,Normal,Released
SO0001359,P02,SKU002,2026-05-26,2026-05-31,491,Normal,Released
SO0001360,P02,SKU008,2026-05-26,2026-05-28,347,Normal,Released
SO0001361,P02,SKU007,2026-05-27,2026-05-28,251,Normal,Released
SO0001362,P02,SKU008,2026-05-27,2026-05-31,372,Normal,Released
SO0001363,P02,SKU006,2026-05-27,2026-05-29,553,Normal,Released
SO0001364,P02,SKU001,2026-05-27,2026-05-29,284,Normal,Released
SO0001365,P02,SKU001,2026-05-27,2026-06-01,490,Normal,Released
SO0001366,P02,SKU005,2026-05-28,2026-06-02,263,Normal,Released
SO0001367,P02,SKU003,2026-05-28,2026-06-04,388,Normal,Released
SO0001368,P02,SKU007,2026-05-28,2026-05-30,284,Normal,Released
SO0001369,P02,SKU008,2026-05-28,2026-06-01,271,High,Released
SO0001370,P02,SKU006,2026-05-29,2026-06-01,260,Normal,Released
SO0001371,P02,SKU006,2026-05-29,2026-06-02,320,Normal,Released
SO0001372,P02,SKU007,2026-05-29,2026-06-05,120,High,Released
SO0001373,P02,SKU002,2026-05-29,2026-06-05,484,Normal,Released
SO0001374,P02,SKU002,2026-05-29,2026-05-30,358,Normal,Released
SO0001375,P02,SKU005,2026-05-29,2026-06-03,423,Normal,Released
SO0001376,P02,SKU005,2026-05-29,2026-06-04,339,Normal,Released
SO0001377,P02,SKU007,2026-05-30,2026-05-31,393,Normal,Released
SO0001378,P02,SKU008,2026-05-30,2026-06-05,40,Normal,Released
SO0001379,P02,SKU006,2026-05-30,2026-06-03,462,Normal,Released
SO0001380,P02,SKU003,2026-05-30,2026-06-03,485,High,Released
SO0001381,P02,SKU007,2026-05-31,2026-06-07,418,High,Released
SO0001382,P02,SKU007,2026-05-31,2026-06-03,326,Normal,Released
SO0001383,P02,SKU004,2026-05-31,2026-06-01,243,Normal,Released
SO0001384,P02,SKU005,2026-05-31,2026-06-01,232,Normal,Released
SO0001385,P02,SKU006,2026-05-31,2026-06-07,337,Normal,Released
SO0001386,P02,SKU007,2026-06-01,2026-06-04,509,Normal,Released
SO0001387,P02,SKU006,2026-06-01,2026-06-04,448,High,Released
SO0001388,P02,SKU003,2026-06-01,2026-06-07,254,Normal,Released
SO0001389,P02,SKU004,2026-06-01,2026-06-04,546,Normal,Released
SO0001390,P02,SKU006,2026-06-02,2026-06-06,326,Normal,Released
SO0001391,P02,SKU006,2026-06-02,2026-06-05,330,Normal,Released
SO0001392,P02,SKU005,2026-06-02,2026-06-06,311,Normal,Released
SO0001393,P02,SKU002,2026-06-02,2026-06-09,203,Normal,Released
SO0001394,P02,SKU002,2026-06-03,2026-06-06,482,Normal,Released
SO0001395,P02,SKU001,2026-06-03,2026-06-07,361,Normal,Released
SO0001396,P02,SKU008,2026-06-03,2026-06-04,305,Normal,Released
SO0001397,P02,SKU004,2026-06-03,2026-06-08,282,Normal,Released
SO0001398,P02,SKU006,2026-06-03,2026-06-08,218,Normal,Released
SO0001399,P02,SKU006,2026-06-04,2026-06-05,400,Normal,Released
SO0001400,P02,SKU004,2026-06-05,2026-06-12,326,High,Released
SO0001401,P02,SKU003,2026-06-05,2026-06-11,473,High,Released
SO0001402,P02,SKU004,2026-06-05,2026-06-11,689,Normal,Released
SO0001403,P02,SKU007,2026-06-05,2026-06-07,380,Normal,Released
SO0001404,P02,SKU006,2026-06-06,2026-06-13,266,Normal,Released
SO0001405,P02,SKU006,2026-06-06,2026-06-12,173,Normal,Released
SO0001406,P02,SKU005,2026-06-06,2026-06-08,266,Normal,Released
SO0001407,P02,SKU006,2026-06-06,2026-06-07,309,High,Released
SO0001408,P02,SKU005,2026-06-07,2026-06-09,352,Normal,Released
SO0001409,P02,SKU004,2026-06-07,2026-06-12,605,Normal,Released
SO0001410,P02,SKU007,2026-06-07,2026-06-13,217,Expedite,Released
SO0001411,P02,SKU006,2026-06-07,2026-06-14,307,Normal,Released
SO0001412,P02,SKU003,2026-06-07,2026-06-09,379,Normal,Released
SO0001413,P02,SKU008,2026-06-07,2026-06-10,283,Normal,Released
SO0001414,P02,SKU007,2026-06-07,2026-06-08,536,Normal,Released
SO0001415,P02,SKU001,2026-06-08,2026-06-10,426,Normal,Released
SO0001416,P02,SKU001,2026-06-08,2026-06-14,502,Normal,Released
SO0001417,P02,SKU007,2026-06-08,2026-06-10,428,Normal,Released
SO0001418,P02,SKU007,2026-06-08,2026-06-13,231,Normal,Released
SO0001419,P02,SKU006,2026-06-08,2026-06-11,552,High,Released
SO0001420,P02,SKU003,2026-06-08,2026-06-11,441,Normal,Released
SO0001421,P02,SKU001,2026-06-08,2026-06-10,487,Normal,Released
SO0001422,P02,SKU008,2026-06-09,2026-06-13,176,Normal,Released
SO0001423,P02,SKU004,2026-06-09,2026-06-16,516,Normal,Released
SO0001424,P02,SKU005,2026-06-09,2026-06-11,207,Normal,Released
SO0001425,P02,SKU008,2026-06-09,2026-06-15,356,Normal,Released
SO0001426,P02,SKU005,2026-06-10,2026-06-13,624,Normal,Released
SO0001427,P02,SKU002,2026-06-10,2026-06-16,270,Normal,Released
SO0001428,P02,SKU002,2026-06-10,2026-06-15,153,High,Released
SO0001429,P02,SKU002,2026-06-11,2026-06-17,490,Normal,Released
SO0001430,P02,SKU005,2026-06-11,2026-06-17,156,Normal,Released
SO0001431,P02,SKU008,2026-06-11,2026-06-18,284,Normal,Released
SO0001432,P02,SKU006,2026-06-11,2026-06-13,255,Normal,Released
SO0001433,P02,SKU005,2026-06-12,2026-06-13,339,High,Released
SO0001434,P02,SKU008,2026-06-12,2026-06-17,372,Normal,Released
SO0001435,P02,SKU003,2026-06-12,2026-06-15,476,Expedite,Released
SO0001436,P02,SKU007,2026-06-12,2026-06-18,121,Normal,Released
SO0001437,P02,SKU002,2026-06-12,2026-06-13,221,Normal,Released
SO0001438,P02,SKU004,2026-06-12,2026-06-19,554,Normal,Released
SO0001439,P02,SKU003,2026-06-12,2026-06-13,467,High,Released
SO0001440,P02,SKU001,2026-06-13,2026-06-16,515,Normal,Released
SO0001441,P02,SKU003,2026-06-14,2026-06-19,390,Normal,Released
SO0001442,P02,SKU007,2026-06-14,2026-06-15,344,Normal,Released
SO0001443,P02,SKU004,2026-06-14,2026-06-21,383,Normal,Released
SO0001444,P02,SKU006,2026-06-14,2026-06-17,523,Normal,Released
SO0001445,P02,SKU006,2026-06-15,2026-06-16,446,Normal,Released
SO0001446,P02,SKU004,2026-06-15,2026-06-20,210,Normal,Released
SO0001447,P02,SKU002,2026-06-15,2026-06-16,341,Normal,Released
SO0001448,P02,SKU001,2026-06-15,2026-06-22,314,Normal,Released
SO0001449,P02,SKU008,2026-06-15,2026-06-20,301,Normal,Released
SO0001450,P02,SKU008,2026-06-16,2026-06-22,366,Normal,Released
SO0001451,P02,SKU007,2026-06-16,2026-06-22,469,Normal,Released
SO0001452,P02,SKU007,2026-06-16,2026-06-23,522,Normal,Released
SO0001453,P02,SKU007,2026-06-16,2026-06-21,454,Normal,Released
SO0001454,P02,SKU005,2026-06-16,2026-06-17,272,Normal,Released
SO0001455,P02,SKU002,2026-06-16,2026-06-21,405,Normal,Released
SO0001456,P02,SKU001,2026-06-16,2026-06-17,407,Normal,Released
SO0001457,P02,SKU008,2026-06-17,2026-06-19,436,Normal,Released
SO0001458,P02,SKU008,2026-06-17,2026-06-18,479,Normal,Released
SO0001459,P02,SKU003,2026-06-17,2026-06-21,40,Normal,Released
SO0001460,P02,SKU006,2026-06-17,2026-06-20,511,Expedite,Released
SO0001461,P02,SKU005,2026-06-17,2026-06-20,547,Normal,Released
SO0001462,P02,SKU004,2026-06-17,2026-06-21,319,Normal,Released
SO0001463,P02,SKU005,2026-06-18,2026-06-22,220,Normal,Released
SO0001464,P02,SKU006,2026-06-18,2026-06-19,317,Normal,Released
SO0001465,P02,SKU004,2026-06-18,2026-06-21,362,Normal,Released
SO0001466,P02,SKU004,2026-06-18,2026-06-20,290,Normal,Released
SO0001467,P02,SKU003,2026-06-18,2026-06-23,110,Normal,Released
SO0001468,P02,SKU007,2026-06-18,2026-06-20,529,Normal,Released
SO0001469,P02,SKU007,2026-06-19,2026-06-22,302,Normal,Released
SO0001470,P02,SKU003,2026-06-20,2026-06-23,440,Normal,Released
SO0001471,P02,SKU001,2026-06-21,2026-06-22,418,High,Released
SO0001472,P02,SKU007,2026-06-21,2026-06-27,479,Normal,Released
SO0001473,P02,SKU001,2026-06-22,2026-06-27,535,Normal,Released
SO0001474,P02,SKU008,2026-06-22,2026-06-28,328,Normal,Released
SO0001475,P02,SKU006,2026-06-23,2026-06-24,454,Normal,Released
SO0001476,P02,SKU005,2026-06-23,2026-06-25,208,Normal,Released
SO0001477,P02,SKU004,2026-06-23,2026-06-26,606,Normal,Released
SO0001478,P02,SKU001,2026-06-23,2026-06-24,359,Normal,Released
SO0001479,P02,SKU004,2026-06-23,2026-06-25,344,Normal,Released
SO0001480,P02,SKU007,2026-06-23,2026-06-24,711,Normal,Released
SO0001481,P02,SKU006,2026-06-23,2026-06-25,348,Normal,Released
SO0001482,P02,SKU005,2026-06-24,2026-06-26,340,Normal,Released
SO0001483,P02,SKU007,2026-06-24,2026-06-29,475,Normal,Released
SO0001484,P02,SKU004,2026-06-24,2026-06-29,332,Normal,Released
SO0001485,P02,SKU003,2026-06-24,2026-06-30,281,Normal,Released
SO0001486,P02,SKU005,2026-06-24,2026-06-29,380,Normal,Released
SO0001487,P02,SKU002,2026-06-25,2026-06-28,672,Normal,Released
SO0001488,P02,SKU005,2026-06-25,2026-07-01,620,Normal,Released
SO0001489,P02,SKU005,2026-06-25,2026-06-30,856,Normal,Released
SO0001490,P02,SKU005,2026-06-26,2026-06-29,419,High,Released
SO0001491,P02,SKU008,2026-06-26,2026-06-30,528,Normal,Released
SO0001492,P02,SKU008,2026-06-27,2026-07-02,315,High,Released
SO0001493,P02,SKU002,2026-06-27,2026-07-03,460,Normal,Released
SO0001494,P02,SKU003,2026-06-28,2026-07-03,215,Normal,Released
SO0001495,P02,SKU002,2026-06-28,2026-07-04,340,Normal,Released
SO0001496,P02,SKU008,2026-06-29,2026-07-04,331,Normal,Released
SO0001497,P02,SKU005,2026-06-29,2026-07-02,640,Normal,Released
SO0001498,P02,SKU004,2026-06-29,2026-07-02,227,Normal,Released
SO0001499,P03,SKU005,2026-01-01,2026-01-05,321,Normal,Released
SO0001500,P03,SKU004,2026-01-01,2026-01-07,232,Normal,Released
SO0001501,P03,SKU008,2026-01-02,2026-01-04,172,Normal,Released
SO0001502,P03,SKU002,2026-01-02,2026-01-07,554,Normal,Released
SO0001503,P03,SKU001,2026-01-02,2026-01-05,122,Normal,Released
SO0001504,P03,SKU003,2026-01-02,2026-01-08,334,Normal,Released
SO0001505,P03,SKU003,2026-01-03,2026-01-04,438,Normal,Released
SO0001506,P03,SKU003,2026-01-03,2026-01-05,385,Normal,Released
SO0001507,P03,SKU007,2026-01-03,2026-01-07,365,Normal,Released
SO0001508,P03,SKU003,2026-01-03,2026-01-07,378,Normal,Released
SO0001509,P03,SKU008,2026-01-03,2026-01-08,202,Normal,Released
SO0001510,P03,SKU002,2026-01-03,2026-01-05,523,Normal,Released
SO0001511,P03,SKU006,2026-01-03,2026-01-04,599,Normal,Released
SO0001512,P03,SKU008,2026-01-03,2026-01-10,674,Normal,Released
SO0001513,P03,SKU003,2026-01-03,2026-01-07,173,Normal,Released
SO0001514,P03,SKU005,2026-01-03,2026-01-09,392,Normal,Released
SO0001515,P03,SKU007,2026-01-04,2026-01-05,212,Normal,Released
SO0001516,P03,SKU004,2026-01-04,2026-01-05,220,High,Released
SO0001517,P03,SKU003,2026-01-04,2026-01-07,166,Normal,Released
SO0001518,P03,SKU002,2026-01-04,2026-01-09,332,Normal,Released
SO0001519,P03,SKU001,2026-01-04,2026-01-08,400,Normal,Released
SO0001520,P03,SKU005,2026-01-05,2026-01-12,487,Normal,Released
SO0001521,P03,SKU002,2026-01-05,2026-01-10,562,High,Released
SO0001522,P03,SKU008,2026-01-05,2026-01-08,332,Normal,Released
SO0001523,P03,SKU007,2026-01-05,2026-01-07,400,Normal,Released
SO0001524,P03,SKU005,2026-01-06,2026-01-12,341,Normal,Released
SO0001525,P03,SKU008,2026-01-07,2026-01-09,460,Normal,Released
SO0001526,P03,SKU001,2026-01-07,2026-01-14,316,Normal,Released
SO0001527,P03,SKU008,2026-01-07,2026-01-13,676,High,Released
SO0001528,P03,SKU002,2026-01-07,2026-01-11,388,Normal,Released
SO0001529,P03,SKU001,2026-01-07,2026-01-11,350,Expedite,Released
SO0001530,P03,SKU008,2026-01-07,2026-01-14,597,Normal,Released
SO0001531,P03,SKU004,2026-01-07,2026-01-09,350,Normal,Released
SO0001532,P03,SKU005,2026-01-07,2026-01-14,194,Normal,Released
SO0001533,P03,SKU008,2026-01-07,2026-01-09,239,Normal,Released
SO0001534,P03,SKU002,2026-01-07,2026-01-11,472,Normal,Released
SO0001535,P03,SKU006,2026-01-07,2026-01-09,640,High,Released
SO0001536,P03,SKU008,2026-01-08,2026-01-15,172,Normal,Released
SO0001537,P03,SKU008,2026-01-08,2026-01-11,583,Normal,Released
SO0001538,P03,SKU005,2026-01-09,2026-01-12,497,Normal,Released
SO0001539,P03,SKU007,2026-01-09,2026-01-12,623,Normal,Released
SO0001540,P03,SKU004,2026-01-09,2026-01-10,505,Normal,Released
SO0001541,P03,SKU003,2026-01-10,2026-01-12,419,Normal,Released
SO0001542,P03,SKU007,2026-01-10,2026-01-14,171,Normal,Released
SO0001543,P03,SKU008,2026-01-10,2026-01-16,287,Normal,Released
SO0001544,P03,SKU007,2026-01-10,2026-01-17,525,Normal,Released
SO0001545,P03,SKU002,2026-01-10,2026-01-12,412,Normal,Released
SO0001546,P03,SKU006,2026-01-10,2026-01-17,309,Normal,Released
SO0001547,P03,SKU003,2026-01-11,2026-01-17,178,Normal,Released
SO0001548,P03,SKU001,2026-01-11,2026-01-17,401,Normal,Released
SO0001549,P03,SKU005,2026-01-11,2026-01-14,369,Normal,Released
SO0001550,P03,SKU001,2026-01-11,2026-01-13,181,Normal,Released
SO0001551,P03,SKU003,2026-01-11,2026-01-15,436,Normal,Released
SO0001552,P03,SKU005,2026-01-12,2026-01-17,601,Normal,Released
SO0001553,P03,SKU007,2026-01-12,2026-01-19,631,Normal,Released
SO0001554,P03,SKU003,2026-01-12,2026-01-16,706,Normal,Released
SO0001555,P03,SKU003,2026-01-12,2026-01-19,375,Normal,Released
SO0001556,P03,SKU002,2026-01-12,2026-01-16,508,Normal,Released
SO0001557,P03,SKU006,2026-01-12,2026-01-14,40,Normal,Released
SO0001558,P03,SKU006,2026-01-12,2026-01-15,481,Normal,Released
SO0001559,P03,SKU006,2026-01-13,2026-01-20,153,Normal,Released
SO0001560,P03,SKU008,2026-01-13,2026-01-20,337,Normal,Released
SO0001561,P03,SKU005,2026-01-13,2026-01-16,475,High,Released
SO0001562,P03,SKU007,2026-01-13,2026-01-16,302,Normal,Released
SO0001563,P03,SKU006,2026-01-13,2026-01-17,464,Normal,Released
SO0001564,P03,SKU001,2026-01-13,2026-01-15,522,Normal,Released
SO0001565,P03,SKU006,2026-01-13,2026-01-14,240,Normal,Released
SO0001566,P03,SKU001,2026-01-13,2026-01-20,173,Normal,Released
SO0001567,P03,SKU008,2026-01-13,2026-01-19,376,Normal,Released
SO0001568,P03,SKU004,2026-01-13,2026-01-15,150,Normal,Released
SO0001569,P03,SKU001,2026-01-13,2026-01-18,381,Normal,Released
SO0001570,P03,SKU003,2026-01-14,2026-01-16,431,Normal,Released
SO0001571,P03,SKU006,2026-01-14,2026-01-21,536,Expedite,Released
SO0001572,P03,SKU001,2026-01-14,2026-01-21,621,Normal,Released
SO0001573,P03,SKU004,2026-01-14,2026-01-21,493,Normal,Released
SO0001574,P03,SKU002,2026-01-14,2026-01-21,424,Normal,Released
SO0001575,P03,SKU007,2026-01-14,2026-01-18,214,Normal,Released
SO0001576,P03,SKU007,2026-01-15,2026-01-17,741,Normal,Released
SO0001577,P03,SKU005,2026-01-15,2026-01-20,506,Normal,Released
SO0001578,P03,SKU001,2026-01-15,2026-01-21,575,Expedite,Released
SO0001579,P03,SKU002,2026-01-16,2026-01-23,320,Normal,Released
SO0001580,P03,SKU003,2026-01-16,2026-01-19,587,Normal,Released
SO0001581,P03,SKU007,2026-01-16,2026-01-20,372,Normal,Released
SO0001582,P03,SKU006,2026-01-17,2026-01-20,608,Normal,Released
SO0001583,P03,SKU005,2026-01-17,2026-01-20,360,High,Released
SO0001584,P03,SKU004,2026-01-17,2026-01-20,616,High,Released
SO0001585,P03,SKU001,2026-01-17,2026-01-24,558,Normal,Released
SO0001586,P03,SKU005,2026-01-17,2026-01-19,301,Normal,Released
SO0001587,P03,SKU001,2026-01-17,2026-01-20,408,Normal,Released
SO0001588,P03,SKU008,2026-01-18,2026-01-24,619,Normal,Released
SO0001589,P03,SKU006,2026-01-19,2026-01-21,394,High,Released
SO0001590,P03,SKU008,2026-01-19,2026-01-26,512,Normal,Released
SO0001591,P03,SKU001,2026-01-19,2026-01-21,579,Normal,Released
SO0001592,P03,SKU003,2026-01-19,2026-01-25,171,Normal,Released
SO0001593,P03,SKU002,2026-01-19,2026-01-24,228,Normal,Released
SO0001594,P03,SKU006,2026-01-20,2026-01-26,328,Normal,Released
SO0001595,P03,SKU002,2026-01-20,2026-01-24,385,Normal,Released
SO0001596,P03,SKU003,2026-01-20,2026-01-23,830,Normal,Released
SO0001597,P03,SKU003,2026-01-20,2026-01-21,960,Normal,Released
SO0001598,P03,SKU008,2026-01-20,2026-01-22,556,Normal,Released
SO0001599,P03,SKU001,2026-01-20,2026-01-27,382,Normal,Released
SO0001600,P03,SKU008,2026-01-20,2026-01-22,510,Normal,Released
SO0001601,P03,SKU008,2026-01-21,2026-01-23,459,Normal,Released
SO0001602,P03,SKU006,2026-01-21,2026-01-26,402,Normal,Released
SO0001603,P03,SKU008,2026-01-21,2026-01-26,473,Normal,Released
SO0001604,P03,SKU008,2026-01-21,2026-01-27,527,Normal,Released
SO0001605,P03,SKU005,2026-01-21,2026-01-25,713,Normal,Released
SO0001606,P03,SKU003,2026-01-22,2026-01-25,317,Normal,Released
SO0001607,P03,SKU006,2026-01-22,2026-01-27,376,Normal,Released
SO0001608,P03,SKU008,2026-01-22,2026-01-24,258,Normal,Released
SO0001609,P03,SKU001,2026-01-22,2026-01-26,265,High,Released
SO0001610,P03,SKU008,2026-01-22,2026-01-23,480,Normal,Released
SO0001611,P03,SKU007,2026-01-22,2026-01-25,512,Normal,Released
SO0001612,P03,SKU005,2026-01-23,2026-01-25,630,Normal,Released
SO0001613,P03,SKU007,2026-01-23,2026-01-27,424,Normal,Released
SO0001614,P03,SKU001,2026-01-23,2026-01-25,447,Normal,Released
SO0001615,P03,SKU001,2026-01-23,2026-01-30,173,High,Released
SO0001616,P03,SKU007,2026-01-23,2026-01-28,403,Expedite,Released
SO0001617,P03,SKU003,2026-01-23,2026-01-30,438,Normal,Released
SO0001618,P03,SKU005,2026-01-24,2026-01-30,209,Normal,Released
SO0001619,P03,SKU005,2026-01-24,2026-01-30,569,Normal,Released
SO0001620,P03,SKU007,2026-01-25,2026-01-27,369,Normal,Released
SO0001621,P03,SKU001,2026-01-25,2026-01-30,486,Normal,Released
SO0001622,P03,SKU004,2026-01-25,2026-01-30,494,Normal,Released
SO0001623,P03,SKU008,2026-01-25,2026-02-01,566,Normal,Released
SO0001624,P03,SKU008,2026-01-25,2026-01-31,339,Normal,Released
SO0001625,P03,SKU006,2026-01-26,2026-01-29,201,Normal,Released
SO0001626,P03,SKU008,2026-01-26,2026-02-01,494,Normal,Released
SO0001627,P03,SKU002,2026-01-26,2026-02-01,398,Normal,Released
SO0001628,P03,SKU006,2026-01-27,2026-01-29,176,Normal,Released
SO0001629,P03,SKU005,2026-01-27,2026-02-02,319,Normal,Released
SO0001630,P03,SKU001,2026-01-27,2026-01-29,294,Normal,Released
SO0001631,P03,SKU005,2026-01-27,2026-02-01,342,Normal,Released
SO0001632,P03,SKU008,2026-01-28,2026-01-31,275,Normal,Released
SO0001633,P03,SKU004,2026-01-28,2026-02-01,274,Normal,Released
SO0001634,P03,SKU003,2026-01-28,2026-02-01,375,High,Released
SO0001635,P03,SKU005,2026-01-28,2026-01-30,314,Normal,Released
SO0001636,P03,SKU007,2026-01-28,2026-01-31,324,Normal,Released
SO0001637,P03,SKU003,2026-01-29,2026-02-03,368,Normal,Released
SO0001638,P03,SKU006,2026-01-29,2026-02-02,417,Normal,Released
SO0001639,P03,SKU006,2026-01-29,2026-02-02,411,Normal,Released
SO0001640,P03,SKU006,2026-01-29,2026-02-05,260,Normal,Released
SO0001641,P03,SKU005,2026-01-30,2026-02-03,287,Normal,Released
SO0001642,P03,SKU006,2026-01-30,2026-02-03,966,Normal,Released
SO0001643,P03,SKU006,2026-01-30,2026-02-06,457,Normal,Released
SO0001644,P03,SKU001,2026-01-30,2026-02-06,290,Normal,Released
SO0001645,P03,SKU002,2026-01-30,2026-02-04,250,Normal,Released
SO0001646,P03,SKU007,2026-01-31,2026-02-02,620,Normal,Released
SO0001647,P03,SKU004,2026-02-01,2026-02-06,242,Normal,Released
SO0001648,P03,SKU004,2026-02-01,2026-02-05,192,Normal,Released
SO0001649,P03,SKU005,2026-02-01,2026-02-03,344,Normal,Released
SO0001650,P03,SKU001,2026-02-01,2026-02-04,403,Normal,Released
SO0001651,P03,SKU008,2026-02-02,2026-02-03,291,Normal,Released
SO0001652,P03,SKU003,2026-02-02,2026-02-03,191,High,Released
SO0001653,P03,SKU003,2026-02-02,2026-02-07,280,High,Released
SO0001654,P03,SKU006,2026-02-02,2026-02-03,583,High,Released
SO0001655,P03,SKU006,2026-02-02,2026-02-04,440,Normal,Released
SO0001656,P03,SKU003,2026-02-02,2026-02-06,209,Normal,Released
SO0001657,P03,SKU008,2026-02-03,2026-02-10,232,Normal,Released
SO0001658,P03,SKU004,2026-02-03,2026-02-09,536,Normal,Released
SO0001659,P03,SKU005,2026-02-03,2026-02-08,702,Normal,Released
SO0001660,P03,SKU008,2026-02-03,2026-02-05,256,High,Released
SO0001661,P03,SKU005,2026-02-04,2026-02-10,492,Normal,Released
SO0001662,P03,SKU008,2026-02-04,2026-02-05,173,Normal,Released
SO0001663,P03,SKU006,2026-02-04,2026-02-11,377,Normal,Released
SO0001664,P03,SKU007,2026-02-04,2026-02-06,620,High,Released
SO0001665,P03,SKU006,2026-02-04,2026-02-07,247,Normal,Released
SO0001666,P03,SKU006,2026-02-04,2026-02-11,422,Normal,Released
SO0001667,P03,SKU004,2026-02-04,2026-02-08,266,Normal,Released
SO0001668,P03,SKU008,2026-02-04,2026-02-08,226,Normal,Released
SO0001669,P03,SKU005,2026-02-04,2026-02-09,438,Normal,Released
SO0001670,P03,SKU005,2026-02-04,2026-02-09,405,High,Released
SO0001671,P03,SKU004,2026-02-05,2026-02-10,635,Normal,Released
SO0001672,P03,SKU006,2026-02-05,2026-02-09,394,Normal,Released
SO0001673,P03,SKU001,2026-02-06,2026-02-08,532,Normal,Released
SO0001674,P03,SKU007,2026-02-06,2026-02-08,430,Normal,Released
SO0001675,P03,SKU002,2026-02-06,2026-02-08,300,Normal,Released
SO0001676,P03,SKU008,2026-02-06,2026-02-10,238,Normal,Released
SO0001677,P03,SKU002,2026-02-07,2026-02-12,450,Normal,Released
SO0001678,P03,SKU004,2026-02-07,2026-02-09,364,High,Released
SO0001679,P03,SKU003,2026-02-07,2026-02-11,365,Expedite,Released
SO0001680,P03,SKU008,2026-02-07,2026-02-11,227,High,Released
SO0001681,P03,SKU004,2026-02-08,2026-02-12,246,Normal,Released
SO0001682,P03,SKU004,2026-02-08,2026-02-11,89,Normal,Released
SO0001683,P03,SKU005,2026-02-08,2026-02-10,225,Normal,Released
SO0001684,P03,SKU001,2026-02-08,2026-02-09,362,Normal,Released
SO0001685,P03,SKU005,2026-02-08,2026-02-09,307,Normal,Released
SO0001686,P03,SKU004,2026-02-09,2026-02-15,321,Normal,Released
SO0001687,P03,SKU001,2026-02-09,2026-02-15,659,Normal,Released
SO0001688,P03,SKU007,2026-02-09,2026-02-13,160,Normal,Released
SO0001689,P03,SKU007,2026-02-09,2026-02-15,463,Normal,Released
SO0001690,P03,SKU007,2026-02-09,2026-02-12,190,Normal,Released
SO0001691,P03,SKU003,2026-02-09,2026-02-15,331,Normal,Released
SO0001692,P03,SKU006,2026-02-10,2026-02-14,496,Normal,Released
SO0001693,P03,SKU005,2026-02-10,2026-02-15,506,Normal,Released
SO0001694,P03,SKU008,2026-02-10,2026-02-11,626,Normal,Released
SO0001695,P03,SKU005,2026-02-10,2026-02-14,454,High,Released
SO0001696,P03,SKU007,2026-02-10,2026-02-12,335,High,Released
SO0001697,P03,SKU008,2026-02-11,2026-02-15,40,Normal,Released
SO0001698,P03,SKU005,2026-02-11,2026-02-17,457,Normal,Released
SO0001699,P03,SKU003,2026-02-12,2026-02-13,589,Expedite,Released
SO0001700,P03,SKU004,2026-02-13,2026-02-18,551,Normal,Released
SO0001701,P03,SKU008,2026-02-14,2026-02-16,397,Normal,Released
SO0001702,P03,SKU003,2026-02-14,2026-02-16,184,High,Released
SO0001703,P03,SKU004,2026-02-14,2026-02-21,320,Normal,Released
SO0001704,P03,SKU007,2026-02-15,2026-02-17,352,Normal,Released
SO0001705,P03,SKU006,2026-02-15,2026-02-16,374,Normal,Released
SO0001706,P03,SKU004,2026-02-15,2026-02-20,553,Normal,Released
SO0001707,P03,SKU007,2026-02-16,2026-02-23,350,Normal,Released
SO0001708,P03,SKU005,2026-02-16,2026-02-22,375,Normal,Released
SO0001709,P03,SKU005,2026-02-16,2026-02-19,346,Expedite,Released
SO0001710,P03,SKU006,2026-02-16,2026-02-21,101,Normal,Released
SO0001711,P03,SKU006,2026-02-16,2026-02-20,516,Expedite,Released
SO0001712,P03,SKU003,2026-02-17,2026-02-20,552,Normal,Released
SO0001713,P03,SKU005,2026-02-17,2026-02-19,351,Normal,Released
SO0001714,P03,SKU006,2026-02-17,2026-02-24,147,Normal,Released
SO0001715,P03,SKU008,2026-02-17,2026-02-21,465,Normal,Released
SO0001716,P03,SKU005,2026-02-17,2026-02-18,311,Normal,Released
SO0001717,P03,SKU005,2026-02-17,2026-02-18,256,Normal,Released
SO0001718,P03,SKU006,2026-02-18,2026-02-19,400,Normal,Released
SO0001719,P03,SKU006,2026-02-18,2026-02-23,281,Normal,Released
SO0001720,P03,SKU002,2026-02-18,2026-02-24,839,Normal,Released
SO0001721,P03,SKU004,2026-02-18,2026-02-24,278,Normal,Released
SO0001722,P03,SKU005,2026-02-18,2026-02-25,327,Normal,Released
SO0001723,P03,SKU001,2026-02-19,2026-02-20,298,Normal,Released
SO0001724,P03,SKU003,2026-02-19,2026-02-24,485,Normal,Released
SO0001725,P03,SKU003,2026-02-19,2026-02-21,537,Normal,Released
SO0001726,P03,SKU006,2026-02-19,2026-02-23,292,Normal,Released
SO0001727,P03,SKU008,2026-02-19,2026-02-26,323,Normal,Released
SO0001728,P03,SKU004,2026-02-19,2026-02-21,621,High,Released
SO0001729,P03,SKU001,2026-02-20,2026-02-27,163,Normal,Released
SO0001730,P03,SKU008,2026-02-20,2026-02-24,443,High,Released
SO0001731,P03,SKU007,2026-02-20,2026-02-26,597,Normal,Released
SO0001732,P03,SKU008,2026-02-20,2026-02-23,457,Normal,Released
SO0001733,P03,SKU004,2026-02-20,2026-02-26,346,Normal,Released
SO0001734,P03,SKU007,2026-02-20,2026-02-21,581,Normal,Released
SO0001735,P03,SKU002,2026-02-20,2026-02-22,301,Normal,Released
SO0001736,P03,SKU001,2026-02-20,2026-02-21,278,Normal,Released
SO0001737,P03,SKU005,2026-02-21,2026-02-22,176,Normal,Released
SO0001738,P03,SKU005,2026-02-21,2026-02-25,388,Normal,Released
SO0001739,P03,SKU005,2026-02-21,2026-02-22,406,Normal,Released
SO0001740,P03,SKU004,2026-02-22,2026-02-28,277,Normal,Released
SO0001741,P03,SKU006,2026-02-22,2026-02-25,354,High,Released
SO0001742,P03,SKU001,2026-02-22,2026-02-25,394,Normal,Released
SO0001743,P03,SKU003,2026-02-23,2026-02-26,205,Normal,Released
SO0001744,P03,SKU006,2026-02-23,2026-02-28,395,Normal,Released
SO0001745,P03,SKU001,2026-02-23,2026-03-01,324,High,Released
SO0001746,P03,SKU007,2026-02-23,2026-02-26,326,Normal,Released
SO0001747,P03,SKU004,2026-02-24,2026-02-28,233,Normal,Released
SO0001748,P03,SKU001,2026-02-24,2026-02-28,335,Normal,Released
SO0001749,P03,SKU004,2026-02-24,2026-03-03,476,High,Released
SO0001750,P03,SKU005,2026-02-24,2026-02-27,371,Normal,Released
SO0001751,P03,SKU001,2026-02-24,2026-02-27,224,Normal,Released
SO0001752,P03,SKU005,2026-02-24,2026-02-26,267,High,Released
SO0001753,P03,SKU005,2026-02-24,2026-02-25,210,Normal,Released
SO0001754,P03,SKU006,2026-02-24,2026-03-01,357,Normal,Released
SO0001755,P03,SKU002,2026-02-24,2026-02-27,578,Normal,Released
SO0001756,P03,SKU003,2026-02-24,2026-03-01,450,High,Released
SO0001757,P03,SKU003,2026-02-25,2026-03-03,391,Normal,Released
SO0001758,P03,SKU003,2026-02-25,2026-03-03,40,Normal,Released
SO0001759,P03,SKU004,2026-02-25,2026-02-27,481,Normal,Released
SO0001760,P03,SKU007,2026-02-25,2026-03-02,408,Normal,Released
SO0001761,P03,SKU007,2026-02-25,2026-03-03,441,Normal,Released
SO0001762,P03,SKU002,2026-02-25,2026-02-28,117,Normal,Released
SO0001763,P03,SKU005,2026-02-25,2026-02-28,377,High,Released
SO0001764,P03,SKU007,2026-02-26,2026-03-03,473,High,Released
SO0001765,P03,SKU007,2026-02-26,2026-02-27,324,Normal,Released
SO0001766,P03,SKU002,2026-02-26,2026-02-28,350,Normal,Released
SO0001767,P03,SKU008,2026-02-26,2026-03-05,423,Normal,Released
SO0001768,P03,SKU002,2026-02-26,2026-02-27,271,Normal,Released
SO0001769,P03,SKU004,2026-02-26,2026-03-02,562,Expedite,Released
SO0001770,P03,SKU008,2026-02-26,2026-03-03,266,Normal,Released
SO0001771,P03,SKU005,2026-02-27,2026-03-01,248,Normal,Released
SO0001772,P03,SKU003,2026-02-27,2026-03-06,320,Normal,Released
SO0001773,P03,SKU008,2026-02-27,2026-03-03,466,Normal,Released
SO0001774,P03,SKU001,2026-02-27,2026-03-01,247,Normal,Released
SO0001775,P03,SKU008,2026-02-28,2026-03-07,326,Normal,Released
SO0001776,P03,SKU007,2026-02-28,2026-03-04,282,Normal,Released
SO0001777,P03,SKU003,2026-02-28,2026-03-02,428,Normal,Released
SO0001778,P03,SKU006,2026-03-01,2026-03-08,240,Normal,Released
SO0001779,P03,SKU006,2026-03-01,2026-03-02,273,Normal,Released
SO0001780,P03,SKU003,2026-03-01,2026-03-03,247,Normal,Released
SO0001781,P03,SKU005,2026-03-01,2026-03-08,272,Normal,Released
SO0001782,P03,SKU008,2026-03-02,2026-03-05,326,Normal,Released
SO0001783,P03,SKU003,2026-03-02,2026-03-05,351,Normal,Released
SO0001784,P03,SKU003,2026-03-02,2026-03-07,150,Normal,Released
SO0001785,P03,SKU005,2026-03-03,2026-03-06,46,High,Released
SO0001786,P03,SKU008,2026-03-03,2026-03-09,196,Normal,Released
SO0001787,P03,SKU002,2026-03-03,2026-03-07,319,Normal,Released
SO0001788,P03,SKU005,2026-03-03,2026-03-10,561,Normal,Released
SO0001789,P03,SKU004,2026-03-03,2026-03-07,308,Normal,Released
SO0001790,P03,SKU008,2026-03-04,2026-03-10,228,Normal,Released
SO0001791,P03,SKU005,2026-03-04,2026-03-11,334,Normal,Released
SO0001792,P03,SKU007,2026-03-04,2026-03-08,293,High,Released
SO0001793,P03,SKU004,2026-03-04,2026-03-08,704,Normal,Released
SO0001794,P03,SKU005,2026-03-04,2026-03-11,275,Normal,Released
SO0001795,P03,SKU007,2026-03-04,2026-03-10,401,Normal,Released
SO0001796,P03,SKU008,2026-03-05,2026-03-11,90,Normal,Released
SO0001797,P03,SKU003,2026-03-05,2026-03-12,317,Normal,Released
SO0001798,P03,SKU003,2026-03-05,2026-03-11,113,High,Released
SO0001799,P03,SKU006,2026-03-06,2026-03-08,545,Normal,Released
SO0001800,P03,SKU005,2026-03-06,2026-03-13,275,Normal,Released
SO0001801,P03,SKU003,2026-03-06,2026-03-07,470,Normal,Released
SO0001802,P03,SKU008,2026-03-06,2026-03-12,360,Normal,Released
SO0001803,P03,SKU006,2026-03-07,2026-03-14,155,Normal,Released
SO0001804,P03,SKU008,2026-03-07,2026-03-10,278,Normal,Released
SO0001805,P03,SKU005,2026-03-07,2026-03-14,62,High,Released
SO0001806,P03,SKU001,2026-03-08,2026-03-12,544,Normal,Released
SO0001807,P03,SKU004,2026-03-08,2026-03-09,353,Normal,Released
SO0001808,P03,SKU002,2026-03-08,2026-03-09,604,Normal,Released
SO0001809,P03,SKU006,2026-03-09,2026-03-12,386,Normal,Released
SO0001810,P03,SKU008,2026-03-09,2026-03-14,195,Normal,Released
SO0001811,P03,SKU008,2026-03-09,2026-03-15,562,Normal,Released
SO0001812,P03,SKU003,2026-03-09,2026-03-12,368,Normal,Released
SO0001813,P03,SKU008,2026-03-10,2026-03-11,315,Normal,Released
SO0001814,P03,SKU005,2026-03-10,2026-03-12,425,High,Released
SO0001815,P03,SKU004,2026-03-10,2026-03-16,506,Normal,Released
SO0001816,P03,SKU002,2026-03-10,2026-03-11,434,Normal,Released
SO0001817,P03,SKU004,2026-03-10,2026-03-16,166,Normal,Released
SO0001818,P03,SKU004,2026-03-10,2026-03-17,269,Normal,Released
SO0001819,P03,SKU001,2026-03-11,2026-03-14,438,Normal,Released
SO0001820,P03,SKU006,2026-03-11,2026-03-17,231,Normal,Released
SO0001821,P03,SKU008,2026-03-11,2026-03-13,272,Normal,Released
SO0001822,P03,SKU003,2026-03-11,2026-03-14,279,High,Released
SO0001823,P03,SKU008,2026-03-12,2026-03-18,270,High,Released
SO0001824,P03,SKU008,2026-03-12,2026-03-18,136,Normal,Released
SO0001825,P03,SKU006,2026-03-13,2026-03-15,213,Normal,Released
SO0001826,P03,SKU002,2026-03-13,2026-03-16,201,Normal,Released
SO0001827,P03,SKU001,2026-03-13,2026-03-17,548,Normal,Released
SO0001828,P03,SKU002,2026-03-14,2026-03-15,405,High,Released
SO0001829,P03,SKU001,2026-03-14,2026-03-20,320,Normal,Released
SO0001830,P03,SKU007,2026-03-14,2026-03-19,392,Normal,Released
SO0001831,P03,SKU007,2026-03-14,2026-03-17,107,Normal,Released
SO0001832,P03,SKU008,2026-03-15,2026-03-19,341,Normal,Released
SO0001833,P03,SKU003,2026-03-15,2026-03-18,289,Normal,Released
SO0001834,P03,SKU005,2026-03-15,2026-03-17,301,Normal,Released
SO0001835,P03,SKU006,2026-03-15,2026-03-17,176,Normal,Released
SO0001836,P03,SKU007,2026-03-15,2026-03-20,319,Normal,Released
SO0001837,P03,SKU004,2026-03-16,2026-03-17,437,Normal,Released
SO0001838,P03,SKU006,2026-03-16,2026-03-17,580,Normal,Released
SO0001839,P03,SKU006,2026-03-16,2026-03-21,498,Normal,Released
SO0001840,P03,SKU005,2026-03-16,2026-03-23,169,Normal,Released
SO0001841,P03,SKU007,2026-03-16,2026-03-21,397,Normal,Released
SO0001842,P03,SKU005,2026-03-17,2026-03-20,210,High,Released
SO0001843,P03,SKU007,2026-03-17,2026-03-19,197,Normal,Released
SO0001844,P03,SKU003,2026-03-17,2026-03-18,420,Normal,Released
SO0001845,P03,SKU007,2026-03-17,2026-03-19,224,Normal,Released
SO0001846,P03,SKU003,2026-03-17,2026-03-21,290,High,Released
SO0001847,P03,SKU002,2026-03-17,2026-03-19,255,Normal,Released
SO0001848,P03,SKU001,2026-03-17,2026-03-21,335,Normal,Released
SO0001849,P03,SKU006,2026-03-17,2026-03-19,325,Normal,Released
SO0001850,P03,SKU004,2026-03-18,2026-03-24,553,Normal,Released
SO0001851,P03,SKU001,2026-03-18,2026-03-21,381,Normal,Released
SO0001852,P03,SKU001,2026-03-18,2026-03-23,192,Normal,Released
SO0001853,P03,SKU001,2026-03-18,2026-03-22,257,Normal,Released
SO0001854,P03,SKU002,2026-03-19,2026-03-25,457,Normal,Released
SO0001855,P03,SKU003,2026-03-19,2026-03-25,359,Normal,Released
SO0001856,P03,SKU004,2026-03-19,2026-03-22,490,Normal,Released
SO0001857,P03,SKU002,2026-03-19,2026-03-20,600,Normal,Released
SO0001858,P03,SKU003,2026-03-19,2026-03-25,363,Normal,Released
SO0001859,P03,SKU002,2026-03-19,2026-03-22,481,Normal,Released
SO0001860,P03,SKU007,2026-03-19,2026-03-25,385,Normal,Released
SO0001861,P03,SKU001,2026-03-19,2026-03-22,250,High,Released
SO0001862,P03,SKU002,2026-03-19,2026-03-20,491,Normal,Released
SO0001863,P03,SKU008,2026-03-19,2026-03-20,346,High,Released
SO0001864,P03,SKU002,2026-03-20,2026-03-26,316,Normal,Released
SO0001865,P03,SKU007,2026-03-21,2026-03-25,428,Normal,Released
SO0001866,P03,SKU007,2026-03-21,2026-03-27,284,High,Released
SO0001867,P03,SKU005,2026-03-21,2026-03-22,372,High,Released
SO0001868,P03,SKU005,2026-03-22,2026-03-26,432,Normal,Released
SO0001869,P03,SKU004,2026-03-22,2026-03-23,95,Normal,Released
SO0001870,P03,SKU007,2026-03-22,2026-03-27,434,Normal,Released
SO0001871,P03,SKU006,2026-03-23,2026-03-24,347,Normal,Released
SO0001872,P03,SKU002,2026-03-23,2026-03-30,139,Normal,Released
SO0001873,P03,SKU008,2026-03-23,2026-03-30,355,Normal,Released
SO0001874,P03,SKU006,2026-03-23,2026-03-29,101,Normal,Released
SO0001875,P03,SKU006,2026-03-23,2026-03-25,400,Normal,Released
SO0001876,P03,SKU007,2026-03-24,2026-03-31,49,Normal,Released
SO0001877,P03,SKU007,2026-03-24,2026-03-28,375,High,Released
SO0001878,P03,SKU003,2026-03-24,2026-03-30,487,Normal,Released
SO0001879,P03,SKU006,2026-03-24,2026-03-30,360,Normal,Released
SO0001880,P03,SKU008,2026-03-24,2026-03-28,404,Normal,Released
SO0001881,P03,SKU008,2026-03-25,2026-03-28,243,High,Released
SO0001882,P03,SKU001,2026-03-25,2026-03-29,67,Normal,Released
SO0001883,P03,SKU002,2026-03-25,2026-04-01,206,Normal,Released
SO0001884,P03,SKU006,2026-03-25,2026-03-28,320,Normal,Released
SO0001885,P03,SKU007,2026-03-26,2026-03-29,439,Normal,Released
SO0001886,P03,SKU008,2026-03-26,2026-04-02,297,Normal,Released
SO0001887,P03,SKU002,2026-03-26,2026-04-02,388,Normal,Released
SO0001888,P03,SKU002,2026-03-26,2026-03-31,474,Normal,Released
SO0001889,P03,SKU006,2026-03-26,2026-04-02,513,Normal,Released
SO0001890,P03,SKU006,2026-03-26,2026-04-01,466,Normal,Released
SO0001891,P03,SKU002,2026-03-27,2026-04-01,411,Normal,Released
SO0001892,P03,SKU008,2026-03-27,2026-03-29,543,Normal,Released
SO0001893,P03,SKU005,2026-03-27,2026-04-03,376,Normal,Released
SO0001894,P03,SKU006,2026-03-27,2026-04-01,544,Normal,Released
SO0001895,P03,SKU003,2026-03-28,2026-04-01,417,Normal,Released
SO0001896,P03,SKU008,2026-03-29,2026-03-30,591,Normal,Released
SO0001897,P03,SKU006,2026-03-29,2026-04-05,488,Normal,Released
SO0001898,P03,SKU008,2026-03-29,2026-04-01,178,Normal,Released
SO0001899,P03,SKU002,2026-03-30,2026-04-02,434,Normal,Released
SO0001900,P03,SKU004,2026-03-30,2026-04-01,177,Normal,Released
SO0001901,P03,SKU008,2026-03-30,2026-04-04,467,Normal,Released
SO0001902,P03,SKU008,2026-03-30,2026-04-03,379,Normal,Released
SO0001903,P03,SKU006,2026-03-30,2026-04-05,301,Normal,Released
SO0001904,P03,SKU007,2026-03-30,2026-04-02,407,Normal,Released
SO0001905,P03,SKU005,2026-03-31,2026-04-01,409,Normal,Released
SO0001906,P03,SKU007,2026-03-31,2026-04-02,571,Normal,Released
SO0001907,P03,SKU001,2026-03-31,2026-04-05,279,Normal,Released
SO0001908,P03,SKU004,2026-04-01,2026-04-05,345,Normal,Released
SO0001909,P03,SKU002,2026-04-01,2026-04-02,607,Normal,Released
SO0001910,P03,SKU004,2026-04-02,2026-04-05,322,Normal,Released
SO0001911,P03,SKU007,2026-04-02,2026-04-07,311,Normal,Released
SO0001912,P03,SKU001,2026-04-03,2026-04-06,83,Normal,Released
SO0001913,P03,SKU007,2026-04-03,2026-04-10,449,Normal,Released
SO0001914,P03,SKU008,2026-04-03,2026-04-10,386,Normal,Released
SO0001915,P03,SKU003,2026-04-04,2026-04-05,503,Normal,Released
SO0001916,P03,SKU007,2026-04-04,2026-04-10,405,Normal,Released
SO0001917,P03,SKU006,2026-04-04,2026-04-11,703,Normal,Released
SO0001918,P03,SKU005,2026-04-04,2026-04-10,522,Normal,Released
SO0001919,P03,SKU007,2026-04-05,2026-04-07,675,Normal,Released
SO0001920,P03,SKU003,2026-04-05,2026-04-07,345,Normal,Released
SO0001921,P03,SKU002,2026-04-05,2026-04-11,232,Normal,Released
SO0001922,P03,SKU003,2026-04-05,2026-04-11,372,Normal,Released
SO0001923,P03,SKU004,2026-04-06,2026-04-10,301,Normal,Released
SO0001924,P03,SKU006,2026-04-06,2026-04-07,288,Normal,Released
SO0001925,P03,SKU002,2026-04-07,2026-04-08,655,Normal,Released
SO0001926,P03,SKU002,2026-04-07,2026-04-10,444,Normal,Released
SO0001927,P03,SKU003,2026-04-07,2026-04-09,380,Normal,Released
SO0001928,P03,SKU007,2026-04-07,2026-04-12,285,Normal,Released
SO0001929,P03,SKU005,2026-04-07,2026-04-12,279,Normal,Released
SO0001930,P03,SKU005,2026-04-08,2026-04-11,485,Normal,Released
SO0001931,P03,SKU007,2026-04-08,2026-04-09,463,High,Released
SO0001932,P03,SKU007,2026-04-09,2026-04-15,381,High,Released
SO0001933,P03,SKU006,2026-04-09,2026-04-10,405,High,Released
SO0001934,P03,SKU006,2026-04-09,2026-04-15,372,Normal,Released
SO0001935,P03,SKU008,2026-04-09,2026-04-13,524,Normal,Released
SO0001936,P03,SKU001,2026-04-09,2026-04-12,372,Normal,Released
SO0001937,P03,SKU001,2026-04-09,2026-04-16,640,Normal,Released
SO0001938,P03,SKU002,2026-04-09,2026-04-12,298,Normal,Released
SO0001939,P03,SKU002,2026-04-09,2026-04-12,507,Normal,Released
SO0001940,P03,SKU007,2026-04-09,2026-04-11,542,Normal,Released
SO0001941,P03,SKU005,2026-04-09,2026-04-11,110,Normal,Released
SO0001942,P03,SKU004,2026-04-09,2026-04-15,381,Normal,Released
SO0001943,P03,SKU005,2026-04-10,2026-04-17,426,Normal,Released
SO0001944,P03,SKU007,2026-04-10,2026-04-14,505,Normal,Released
SO0001945,P03,SKU004,2026-04-10,2026-04-14,451,Normal,Released
SO0001946,P03,SKU004,2026-04-10,2026-04-12,500,Normal,Released
SO0001947,P03,SKU007,2026-04-11,2026-04-18,340,Normal,Released
SO0001948,P03,SKU008,2026-04-12,2026-04-17,40,Normal,Released
SO0001949,P03,SKU001,2026-04-12,2026-04-16,443,Normal,Released
SO0001950,P03,SKU001,2026-04-12,2026-04-17,633,Normal,Released
SO0001951,P03,SKU007,2026-04-12,2026-04-16,445,Normal,Released
SO0001952,P03,SKU001,2026-04-13,2026-04-15,383,Normal,Released
SO0001953,P03,SKU007,2026-04-13,2026-04-19,513,Normal,Released
SO0001954,P03,SKU002,2026-04-14,2026-04-21,334,Normal,Released
SO0001955,P03,SKU003,2026-04-14,2026-04-16,333,Normal,Released
SO0001956,P03,SKU007,2026-04-14,2026-04-19,318,Normal,Released
SO0001957,P03,SKU006,2026-04-14,2026-04-19,291,Normal,Released
SO0001958,P03,SKU004,2026-04-14,2026-04-20,642,Normal,Released
SO0001959,P03,SKU008,2026-04-15,2026-04-20,464,High,Released
SO0001960,P03,SKU004,2026-04-15,2026-04-18,409,Normal,Released
SO0001961,P03,SKU001,2026-04-15,2026-04-19,372,Normal,Released
SO0001962,P03,SKU006,2026-04-15,2026-04-18,655,Normal,Released
SO0001963,P03,SKU004,2026-04-15,2026-04-16,483,Normal,Released
SO0001964,P03,SKU005,2026-04-15,2026-04-20,200,Normal,Released
SO0001965,P03,SKU004,2026-04-16,2026-04-19,56,Normal,Released
SO0001966,P03,SKU002,2026-04-17,2026-04-23,358,High,Released
SO0001967,P03,SKU005,2026-04-17,2026-04-24,422,Normal,Released
SO0001968,P03,SKU007,2026-04-17,2026-04-23,645,Normal,Released
SO0001969,P03,SKU001,2026-04-17,2026-04-23,436,Normal,Released
SO0001970,P03,SKU006,2026-04-18,2026-04-20,438,Normal,Released
SO0001971,P03,SKU008,2026-04-18,2026-04-24,442,Normal,Released
SO0001972,P03,SKU003,2026-04-18,2026-04-19,485,Normal,Released
SO0001973,P03,SKU007,2026-04-18,2026-04-24,192,High,Released
SO0001974,P03,SKU006,2026-04-18,2026-04-19,665,Normal,Released
SO0001975,P03,SKU004,2026-04-18,2026-04-24,443,Normal,Released
SO0001976,P03,SKU006,2026-04-18,2026-04-25,606,Normal,Released
SO0001977,P03,SKU006,2026-04-19,2026-04-23,496,Expedite,Released
SO0001978,P03,SKU003,2026-04-19,2026-04-23,486,Normal,Released
SO0001979,P03,SKU004,2026-04-19,2026-04-21,342,Normal,Released
SO0001980,P03,SKU007,2026-04-19,2026-04-24,388,Normal,Released
SO0001981,P03,SKU001,2026-04-19,2026-04-23,485,High,Released
SO0001982,P03,SKU004,2026-04-19,2026-04-20,542,High,Released
SO0001983,P03,SKU003,2026-04-19,2026-04-26,531,Normal,Released
SO0001984,P03,SKU003,2026-04-20,2026-04-24,145,Normal,Released
SO0001985,P03,SKU003,2026-04-20,2026-04-25,169,Normal,Released
SO0001986,P03,SKU004,2026-04-20,2026-04-21,246,Normal,Released
SO0001987,P03,SKU008,2026-04-21,2026-04-24,331,Normal,Released
SO0001988,P03,SKU002,2026-04-21,2026-04-24,228,Normal,Released
SO0001989,P03,SKU005,2026-04-21,2026-04-26,222,Normal,Released
SO0001990,P03,SKU002,2026-04-21,2026-04-22,354,Normal,Released
SO0001991,P03,SKU006,2026-04-21,2026-04-24,413,Normal,Released
SO0001992,P03,SKU007,2026-04-21,2026-04-28,331,Normal,Released
SO0001993,P03,SKU003,2026-04-21,2026-04-27,658,Normal,Released
SO0001994,P03,SKU001,2026-04-22,2026-04-29,234,Normal,Released
SO0001995,P03,SKU006,2026-04-22,2026-04-29,367,Normal,Released
SO0001996,P03,SKU002,2026-04-22,2026-04-28,409,Normal,Released
SO0001997,P03,SKU004,2026-04-23,2026-04-26,564,Normal,Released
SO0001998,P03,SKU007,2026-04-23,2026-04-24,275,Normal,Released
SO0001999,P03,SKU003,2026-04-23,2026-04-24,182,High,Released
SO0002000,P03,SKU004,2026-04-23,2026-04-24,449,Normal,Released
SO0002001,P03,SKU005,2026-04-23,2026-04-28,335,High,Released
SO0002002,P03,SKU005,2026-04-23,2026-04-30,162,High,Released
SO0002003,P03,SKU003,2026-04-23,2026-04-28,593,Normal,Released
SO0002004,P03,SKU003,2026-04-24,2026-04-27,469,Normal,Released
SO0002005,P03,SKU006,2026-04-24,2026-04-30,417,Normal,Released
SO0002006,P03,SKU003,2026-04-24,2026-04-25,303,Normal,Released
SO0002007,P03,SKU008,2026-04-24,2026-04-28,253,Normal,Released
SO0002008,P03,SKU001,2026-04-25,2026-04-28,223,Normal,Released
SO0002009,P03,SKU003,2026-04-25,2026-05-01,602,High,Released
SO0002010,P03,SKU004,2026-04-26,2026-04-27,348,High,Released
SO0002011,P03,SKU003,2026-04-27,2026-05-03,316,Normal,Released
SO0002012,P03,SKU003,2026-04-27,2026-04-30,205,Normal,Released
SO0002013,P03,SKU001,2026-04-27,2026-05-04,402,Normal,Released
SO0002014,P03,SKU008,2026-04-27,2026-05-02,581,Normal,Released
SO0002015,P03,SKU007,2026-04-28,2026-05-03,449,Normal,Released
SO0002016,P03,SKU004,2026-04-28,2026-05-03,490,Normal,Released
SO0002017,P03,SKU003,2026-04-28,2026-05-01,449,Normal,Released
SO0002018,P03,SKU005,2026-04-28,2026-05-04,307,Normal,Released
SO0002019,P03,SKU004,2026-04-28,2026-05-04,235,Normal,Released
SO0002020,P03,SKU004,2026-04-28,2026-05-04,341,Normal,Released
SO0002021,P03,SKU007,2026-04-28,2026-04-30,562,Normal,Released
SO0002022,P03,SKU002,2026-04-29,2026-05-05,430,Expedite,Released
SO0002023,P03,SKU006,2026-04-29,2026-04-30,860,Normal,Released
SO0002024,P03,SKU007,2026-04-30,2026-05-07,613,Normal,Released
SO0002025,P03,SKU008,2026-04-30,2026-05-02,409,Normal,Released
SO0002026,P03,SKU004,2026-04-30,2026-05-06,376,High,Released
SO0002027,P03,SKU005,2026-05-01,2026-05-08,419,Normal,Released
SO0002028,P03,SKU003,2026-05-01,2026-05-08,602,Normal,Released
SO0002029,P03,SKU003,2026-05-01,2026-05-03,178,Normal,Released
SO0002030,P03,SKU002,2026-05-01,2026-05-08,319,Normal,Released
SO0002031,P03,SKU007,2026-05-01,2026-05-04,224,High,Released
SO0002032,P03,SKU005,2026-05-01,2026-05-06,381,Expedite,Released
SO0002033,P03,SKU004,2026-05-02,2026-05-05,334,Normal,Released
SO0002034,P03,SKU007,2026-05-02,2026-05-09,390,Normal,Released
SO0002035,P03,SKU008,2026-05-02,2026-05-03,616,High,Released
SO0002036,P03,SKU001,2026-05-02,2026-05-05,302,High,Released
SO0002037,P03,SKU003,2026-05-02,2026-05-04,654,Normal,Released
SO0002038,P03,SKU008,2026-05-03,2026-05-05,338,Normal,Released
SO0002039,P03,SKU001,2026-05-03,2026-05-09,328,Normal,Released
SO0002040,P03,SKU006,2026-05-03,2026-05-07,364,Normal,Released
SO0002041,P03,SKU004,2026-05-04,2026-05-08,212,Normal,Released
SO0002042,P03,SKU001,2026-05-04,2026-05-08,119,Normal,Released
SO0002043,P03,SKU008,2026-05-04,2026-05-10,364,Normal,Released
SO0002044,P03,SKU002,2026-05-04,2026-05-11,398,Normal,Released
SO0002045,P03,SKU005,2026-05-05,2026-05-08,385,Normal,Released
SO0002046,P03,SKU006,2026-05-05,2026-05-09,480,Normal,Released
SO0002047,P03,SKU005,2026-05-05,2026-05-12,265,Normal,Released
SO0002048,P03,SKU005,2026-05-05,2026-05-12,470,Normal,Released
SO0002049,P03,SKU004,2026-05-05,2026-05-07,467,Normal,Released
SO0002050,P03,SKU007,2026-05-06,2026-05-11,397,Normal,Released
SO0002051,P03,SKU007,2026-05-06,2026-05-07,417,Normal,Released
SO0002052,P03,SKU005,2026-05-07,2026-05-12,240,Normal,Released
SO0002053,P03,SKU006,2026-05-07,2026-05-13,552,Normal,Released
SO0002054,P03,SKU008,2026-05-07,2026-05-13,571,Normal,Released
SO0002055,P03,SKU001,2026-05-08,2026-05-10,299,Normal,Released
SO0002056,P03,SKU008,2026-05-08,2026-05-12,571,Normal,Released
SO0002057,P03,SKU008,2026-05-08,2026-05-09,658,Normal,Released
SO0002058,P03,SKU002,2026-05-08,2026-05-15,339,High,Released
SO0002059,P03,SKU004,2026-05-08,2026-05-14,231,High,Released
SO0002060,P03,SKU005,2026-05-08,2026-05-10,318,Normal,Released
SO0002061,P03,SKU002,2026-05-08,2026-05-11,388,Normal,Released
SO0002062,P03,SKU007,2026-05-08,2026-05-10,556,Normal,Released
SO0002063,P03,SKU006,2026-05-08,2026-05-15,562,Normal,Released
SO0002064,P03,SKU007,2026-05-09,2026-05-12,397,Normal,Released
SO0002065,P03,SKU006,2026-05-09,2026-05-14,178,Normal,Released
SO0002066,P03,SKU003,2026-05-09,2026-05-15,230,Normal,Released
SO0002067,P03,SKU004,2026-05-09,2026-05-13,347,Normal,Released
SO0002068,P03,SKU008,2026-05-09,2026-05-12,350,Normal,Released
SO0002069,P03,SKU005,2026-05-09,2026-05-16,40,Normal,Released
SO0002070,P03,SKU007,2026-05-10,2026-05-12,416,Normal,Released
SO0002071,P03,SKU005,2026-05-10,2026-05-12,387,Normal,Released
SO0002072,P03,SKU005,2026-05-10,2026-05-12,356,Normal,Released
SO0002073,P03,SKU008,2026-05-10,2026-05-14,266,Normal,Released
SO0002074,P03,SKU006,2026-05-10,2026-05-15,460,Normal,Released
SO0002075,P03,SKU005,2026-05-11,2026-05-12,275,Normal,Released
SO0002076,P03,SKU002,2026-05-11,2026-05-14,510,Normal,Released
SO0002077,P03,SKU008,2026-05-11,2026-05-13,354,Expedite,Released
SO0002078,P03,SKU002,2026-05-11,2026-05-18,888,Normal,Released
SO0002079,P03,SKU002,2026-05-11,2026-05-16,487,Normal,Released
SO0002080,P03,SKU002,2026-05-12,2026-05-15,141,Normal,Released
SO0002081,P03,SKU008,2026-05-13,2026-05-14,374,High,Released
SO0002082,P03,SKU005,2026-05-13,2026-05-18,451,High,Released
SO0002083,P03,SKU004,2026-05-13,2026-05-16,357,Normal,Released
SO0002084,P03,SKU005,2026-05-13,2026-05-19,359,Normal,Released
SO0002085,P03,SKU001,2026-05-13,2026-05-16,465,Normal,Released
SO0002086,P03,SKU002,2026-05-13,2026-05-18,409,Normal,Released
SO0002087,P03,SKU006,2026-05-13,2026-05-20,501,Normal,Released
SO0002088,P03,SKU006,2026-05-14,2026-05-18,541,High,Released
SO0002089,P03,SKU002,2026-05-14,2026-05-17,365,Normal,Released
SO0002090,P03,SKU003,2026-05-14,2026-05-20,372,Normal,Released
SO0002091,P03,SKU008,2026-05-14,2026-05-20,363,Normal,Released
SO0002092,P03,SKU005,2026-05-15,2026-05-16,490,High,Released
SO0002093,P03,SKU006,2026-05-15,2026-05-16,294,Normal,Released
SO0002094,P03,SKU008,2026-05-15,2026-05-18,499,Normal,Released
SO0002095,P03,SKU002,2026-05-16,2026-05-20,255,Normal,Released
SO0002096,P03,SKU005,2026-05-16,2026-05-18,506,Normal,Released
SO0002097,P03,SKU001,2026-05-16,2026-05-21,246,Normal,Released
SO0002098,P03,SKU002,2026-05-16,2026-05-18,210,Normal,Released
SO0002099,P03,SKU006,2026-05-16,2026-05-21,278,Normal,Released
SO0002100,P03,SKU006,2026-05-16,2026-05-20,262,Normal,Released
SO0002101,P03,SKU006,2026-05-17,2026-05-22,396,Normal,Released
SO0002102,P03,SKU001,2026-05-17,2026-05-19,327,Normal,Released
SO0002103,P03,SKU006,2026-05-18,2026-05-20,68,Normal,Released
SO0002104,P03,SKU001,2026-05-18,2026-05-25,568,High,Released
SO0002105,P03,SKU007,2026-05-18,2026-05-20,481,Normal,Released
SO0002106,P03,SKU005,2026-05-19,2026-05-25,194,Normal,Released
SO0002107,P03,SKU003,2026-05-19,2026-05-21,409,Normal,Released
SO0002108,P03,SKU005,2026-05-19,2026-05-26,474,Normal,Released
SO0002109,P03,SKU004,2026-05-19,2026-05-23,425,Normal,Released
SO0002110,P03,SKU005,2026-05-19,2026-05-21,760,High,Released
SO0002111,P03,SKU003,2026-05-20,2026-05-21,262,Normal,Released
SO0002112,P03,SKU001,2026-05-20,2026-05-27,244,Normal,Released
SO0002113,P03,SKU006,2026-05-21,2026-05-24,220,Normal,Released
SO0002114,P03,SKU006,2026-05-21,2026-05-27,466,Normal,Released
SO0002115,P03,SKU003,2026-05-21,2026-05-28,317,Normal,Released
SO0002116,P03,SKU008,2026-05-21,2026-05-27,196,Normal,Released
SO0002117,P03,SKU004,2026-05-21,2026-05-23,363,Normal,Released
SO0002118,P03,SKU002,2026-05-21,2026-05-28,238,Normal,Released
SO0002119,P03,SKU007,2026-05-21,2026-05-22,223,Normal,Released
SO0002120,P03,SKU004,2026-05-21,2026-05-25,235,Normal,Released
SO0002121,P03,SKU004,2026-05-21,2026-05-26,395,Normal,Released
SO0002122,P03,SKU003,2026-05-21,2026-05-27,200,High,Released
SO0002123,P03,SKU006,2026-05-22,2026-05-24,638,Normal,Released
SO0002124,P03,SKU006,2026-05-22,2026-05-26,356,Normal,Released
SO0002125,P03,SKU005,2026-05-22,2026-05-29,702,Normal,Released
SO0002126,P03,SKU003,2026-05-22,2026-05-26,448,High,Released
SO0002127,P03,SKU007,2026-05-22,2026-05-23,737,Normal,Released
SO0002128,P03,SKU002,2026-05-22,2026-05-25,300,Normal,Released
SO0002129,P03,SKU006,2026-05-22,2026-05-25,252,Normal,Released
SO0002130,P03,SKU004,2026-05-23,2026-05-25,725,Normal,Released
SO0002131,P03,SKU008,2026-05-23,2026-05-26,272,Normal,Released
SO0002132,P03,SKU002,2026-05-24,2026-05-26,99,Normal,Released
SO0002133,P03,SKU003,2026-05-24,2026-05-25,455,Normal,Released
SO0002134,P03,SKU001,2026-05-24,2026-05-25,508,Normal,Released
SO0002135,P03,SKU004,2026-05-24,2026-05-31,251,Normal,Released
SO0002136,P03,SKU007,2026-05-24,2026-05-27,356,High,Released
SO0002137,P03,SKU005,2026-05-24,2026-05-26,332,Expedite,Released
SO0002138,P03,SKU004,2026-05-25,2026-05-28,291,Normal,Released
SO0002139,P03,SKU005,2026-05-25,2026-05-29,369,Normal,Released
SO0002140,P03,SKU004,2026-05-26,2026-05-31,138,Normal,Released
SO0002141,P03,SKU004,2026-05-26,2026-06-02,322,Normal,Released
SO0002142,P03,SKU001,2026-05-26,2026-05-30,337,Normal,Released
SO0002143,P03,SKU001,2026-05-26,2026-06-02,410,Normal,Released
SO0002144,P03,SKU004,2026-05-26,2026-06-02,353,Normal,Released
SO0002145,P03,SKU006,2026-05-26,2026-06-02,491,Normal,Released
SO0002146,P03,SKU003,2026-05-26,2026-05-29,239,Normal,Released
SO0002147,P03,SKU005,2026-05-26,2026-05-29,513,Normal,Released
SO0002148,P03,SKU001,2026-05-26,2026-05-29,295,Normal,Released
SO0002149,P03,SKU007,2026-05-27,2026-05-30,352,High,Released
SO0002150,P03,SKU002,2026-05-27,2026-06-02,61,Normal,Released
SO0002151,P03,SKU001,2026-05-27,2026-05-31,317,Normal,Released
SO0002152,P03,SKU002,2026-05-27,2026-05-29,318,Normal,Released
SO0002153,P03,SKU003,2026-05-28,2026-06-01,200,Normal,Released
SO0002154,P03,SKU006,2026-05-28,2026-05-31,429,Normal,Released
SO0002155,P03,SKU007,2026-05-28,2026-06-02,341,Normal,Released
SO0002156,P03,SKU006,2026-05-28,2026-05-31,258,Normal,Released
SO0002157,P03,SKU002,2026-05-29,2026-06-01,380,Normal,Released
SO0002158,P03,SKU004,2026-05-29,2026-05-31,297,Normal,Released
SO0002159,P03,SKU007,2026-05-29,2026-06-05,411,High,Released
SO0002160,P03,SKU006,2026-05-29,2026-06-03,266,Normal,Released
SO0002161,P03,SKU002,2026-05-29,2026-06-02,373,Normal,Released
SO0002162,P03,SKU008,2026-05-29,2026-06-05,505,Normal,Released
SO0002163,P03,SKU002,2026-05-29,2026-06-02,129,Normal,Released
SO0002164,P03,SKU005,2026-05-30,2026-06-02,333,Normal,Released
SO0002165,P03,SKU006,2026-05-31,2026-06-02,445,Normal,Released
SO0002166,P03,SKU005,2026-06-01,2026-06-06,274,Normal,Released
SO0002167,P03,SKU001,2026-06-01,2026-06-04,346,Normal,Released
SO0002168,P03,SKU007,2026-06-02,2026-06-05,139,Normal,Released
SO0002169,P03,SKU003,2026-06-02,2026-06-06,157,Normal,Released
SO0002170,P03,SKU002,2026-06-02,2026-06-07,563,Normal,Released
SO0002171,P03,SKU001,2026-06-03,2026-06-05,297,Normal,Released
SO0002172,P03,SKU005,2026-06-03,2026-06-08,360,Normal,Released
SO0002173,P03,SKU008,2026-06-03,2026-06-07,269,Normal,Released
SO0002174,P03,SKU006,2026-06-03,2026-06-06,472,Normal,Released
SO0002175,P03,SKU008,2026-06-04,2026-06-11,319,Normal,Released
SO0002176,P03,SKU008,2026-06-04,2026-06-08,497,Normal,Released
SO0002177,P03,SKU003,2026-06-04,2026-06-07,386,High,Released
SO0002178,P03,SKU001,2026-06-04,2026-06-09,503,Normal,Released
SO0002179,P03,SKU005,2026-06-04,2026-06-05,426,Expedite,Released
SO0002180,P03,SKU001,2026-06-04,2026-06-09,396,Normal,Released
SO0002181,P03,SKU001,2026-06-04,2026-06-10,334,Normal,Released
SO0002182,P03,SKU001,2026-06-04,2026-06-05,532,High,Released
SO0002183,P03,SKU002,2026-06-05,2026-06-08,455,Normal,Released
SO0002184,P03,SKU005,2026-06-05,2026-06-11,429,Normal,Released
SO0002185,P03,SKU007,2026-06-05,2026-06-07,329,Normal,Released
SO0002186,P03,SKU005,2026-06-05,2026-06-08,523,Normal,Released
SO0002187,P03,SKU007,2026-06-05,2026-06-10,451,Normal,Released
SO0002188,P03,SKU004,2026-06-06,2026-06-11,177,Normal,Released
SO0002189,P03,SKU001,2026-06-06,2026-06-11,140,Normal,Released
SO0002190,P03,SKU005,2026-06-06,2026-06-13,275,Normal,Released
SO0002191,P03,SKU006,2026-06-06,2026-06-11,494,Normal,Released
SO0002192,P03,SKU003,2026-06-07,2026-06-12,402,Expedite,Released
SO0002193,P03,SKU001,2026-06-07,2026-06-14,439,High,Released
SO0002194,P03,SKU005,2026-06-07,2026-06-11,571,Normal,Released
SO0002195,P03,SKU007,2026-06-08,2026-06-15,491,Normal,Released
SO0002196,P03,SKU004,2026-06-08,2026-06-10,302,Normal,Released
SO0002197,P03,SKU003,2026-06-08,2026-06-10,87,Normal,Released
SO0002198,P03,SKU006,2026-06-09,2026-06-13,98,Normal,Released
SO0002199,P03,SKU006,2026-06-09,2026-06-10,257,High,Released
SO0002200,P03,SKU002,2026-06-09,2026-06-16,490,Normal,Released
SO0002201,P03,SKU006,2026-06-09,2026-06-13,302,Normal,Released
SO0002202,P03,SKU006,2026-06-10,2026-06-12,316,High,Released
SO0002203,P03,SKU002,2026-06-10,2026-06-14,421,Normal,Released
SO0002204,P03,SKU005,2026-06-10,2026-06-17,161,Expedite,Released
SO0002205,P03,SKU001,2026-06-11,2026-06-14,120,Normal,Released
SO0002206,P03,SKU006,2026-06-11,2026-06-16,113,Normal,Released
SO0002207,P03,SKU006,2026-06-11,2026-06-12,403,Normal,Released
SO0002208,P03,SKU006,2026-06-11,2026-06-14,306,Normal,Released
SO0002209,P03,SKU006,2026-06-12,2026-06-18,328,Expedite,Released
SO0002210,P03,SKU006,2026-06-13,2026-06-18,461,Normal,Released
SO0002211,P03,SKU008,2026-06-13,2026-06-15,287,Normal,Released
SO0002212,P03,SKU002,2026-06-14,2026-06-18,421,Normal,Released
SO0002213,P03,SKU002,2026-06-14,2026-06-17,527,Normal,Released
SO0002214,P03,SKU005,2026-06-14,2026-06-15,344,Normal,Released
SO0002215,P03,SKU008,2026-06-14,2026-06-18,269,Normal,Released
SO0002216,P03,SKU006,2026-06-15,2026-06-16,369,Normal,Released
SO0002217,P03,SKU007,2026-06-15,2026-06-22,419,Normal,Released
SO0002218,P03,SKU008,2026-06-15,2026-06-19,76,Normal,Released
SO0002219,P03,SKU008,2026-06-16,2026-06-22,226,High,Released
SO0002220,P03,SKU003,2026-06-16,2026-06-17,382,High,Released
SO0002221,P03,SKU004,2026-06-16,2026-06-19,415,Normal,Released
SO0002222,P03,SKU004,2026-06-16,2026-06-20,548,Normal,Released
SO0002223,P03,SKU002,2026-06-16,2026-06-19,351,Normal,Released
SO0002224,P03,SKU002,2026-06-16,2026-06-17,360,Normal,Released
SO0002225,P03,SKU008,2026-06-16,2026-06-23,332,Normal,Released
SO0002226,P03,SKU008,2026-06-17,2026-06-20,343,Normal,Released
SO0002227,P03,SKU007,2026-06-17,2026-06-22,317,High,Released
SO0002228,P03,SKU005,2026-06-17,2026-06-18,386,Normal,Released
SO0002229,P03,SKU001,2026-06-17,2026-06-18,216,High,Released
SO0002230,P03,SKU004,2026-06-17,2026-06-19,281,Normal,Released
SO0002231,P03,SKU003,2026-06-17,2026-06-20,628,Normal,Released
SO0002232,P03,SKU004,2026-06-18,2026-06-24,443,Normal,Released
SO0002233,P03,SKU008,2026-06-18,2026-06-20,386,Normal,Released
SO0002234,P03,SKU002,2026-06-18,2026-06-24,463,Normal,Released
SO0002235,P03,SKU008,2026-06-18,2026-06-24,433,Normal,Released
SO0002236,P03,SKU006,2026-06-18,2026-06-22,210,Normal,Released
SO0002237,P03,SKU003,2026-06-19,2026-06-25,332,Normal,Released
SO0002238,P03,SKU001,2026-06-19,2026-06-22,498,Normal,Released
SO0002239,P03,SKU002,2026-06-20,2026-06-23,358,Normal,Released
SO0002240,P03,SKU008,2026-06-20,2026-06-27,509,Normal,Released
SO0002241,P03,SKU006,2026-06-21,2026-06-22,338,Normal,Released
SO0002242,P03,SKU003,2026-06-21,2026-06-28,264,Normal,Released
SO0002243,P03,SKU001,2026-06-21,2026-06-23,177,Normal,Released
SO0002244,P03,SKU005,2026-06-21,2026-06-23,359,Normal,Released
SO0002245,P03,SKU001,2026-06-21,2026-06-23,472,Normal,Released
SO0002246,P03,SKU006,2026-06-21,2026-06-27,554,Normal,Released
SO0002247,P03,SKU006,2026-06-22,2026-06-26,593,Normal,Released
SO0002248,P03,SKU005,2026-06-23,2026-06-28,152,Normal,Released
SO0002249,P03,SKU004,2026-06-23,2026-06-25,373,Normal,Released
SO0002250,P03,SKU002,2026-06-23,2026-06-27,121,Normal,Released
SO0002251,P03,SKU007,2026-06-23,2026-06-29,336,High,Released
SO0002252,P03,SKU001,2026-06-24,2026-06-29,287,High,Released
SO0002253,P03,SKU007,2026-06-24,2026-06-25,324,Normal,Released
SO0002254,P03,SKU002,2026-06-24,2026-06-25,441,Normal,Released
SO0002255,P03,SKU004,2026-06-24,2026-06-29,446,Normal,Released
SO0002256,P03,SKU002,2026-06-24,2026-06-30,132,Normal,Released
SO0002257,P03,SKU005,2026-06-24,2026-06-27,225,Normal,Released
SO0002258,P03,SKU002,2026-06-24,2026-06-28,590,Expedite,Released
SO0002259,P03,SKU001,2026-06-25,2026-06-29,197,Normal,Released
SO0002260,P03,SKU002,2026-06-25,2026-06-29,372,Normal,Released
SO0002261,P03,SKU007,2026-06-25,2026-06-29,251,Normal,Released
SO0002262,P03,SKU006,2026-06-25,2026-06-27,444,Expedite,Released
SO0002263,P03,SKU005,2026-06-25,2026-06-28,430,Normal,Released
SO0002264,P03,SKU005,2026-06-25,2026-06-29,259,Normal,Released
SO0002265,P03,SKU005,2026-06-26,2026-07-01,114,Expedite,Released
SO0002266,P03,SKU005,2026-06-26,2026-06-27,626,Normal,Released
SO0002267,P03,SKU007,2026-06-27,2026-07-01,578,Normal,Released
SO0002268,P03,SKU001,2026-06-27,2026-07-01,238,High,Released
SO0002269,P03,SKU003,2026-06-27,2026-06-28,405,Normal,Released
SO0002270,P03,SKU007,2026-06-27,2026-07-01,386,High,Released
SO0002271,P03,SKU002,2026-06-27,2026-07-02,825,Normal,Released
SO0002272,P03,SKU008,2026-06-28,2026-06-29,93,Normal,Released
SO0002273,P03,SKU004,2026-06-28,2026-06-29,320,Normal,Released
SO0002274,P03,SKU005,2026-06-29,2026-06-30,442,Normal,Released
SO0002275,P03,SKU006,2026-06-29,2026-07-03,534,Normal,Released
SO0002276,P03,SKU005,2026-06-29,2026-07-03,500,Normal,Released
SO0002277,P03,SKU001,2026-06-29,2026-07-02,291,Normal,Released
SO0002278,P03,SKU004,2026-06-29,2026-07-04,587,Normal,Released
SO0002279,P03,SKU002,2026-06-29,2026-06-30,499,Normal,Released
