production_id,work_order_id,production_date,shift_id,plant_id,line_id,product_id,scheduled_minutes,planned_downtime_minutes,unplanned_downtime_minutes,operating_minutes,ideal_rate_units_per_hour,total_units,good_units,scrap_units,actual_run_rate_units_per_hour,availability,performance,quality,oee,scrap_rate
PR00000001,WO00000001,2026-01-01,A,P01,P01_L01,SKU001,480,21,0,459,49.793,332,323,9,43.399,1.0,0.8715822065442435,0.9728915662650602,0.8479549780535862,0.02710843373493976
PR00000002,WO00000002,2026-01-01,B,P01,P01_L01,SKU007,480,37,6,437,69.9,461,455,6,63.295,0.9864559819413092,0.90551065104448,0.9869848156182213,0.8816206318604133,0.013015184381778741
PR00000003,WO00000003,2026-01-01,C,P01,P01_L01,SKU005,480,0,0,480,50.42,330,320,10,41.25,1.0,0.8181277270924237,0.9696969696969697,0.7933359777865927,0.030303030303030304
PR00000004,WO00000004,2026-01-01,A,P01,P01_L02,SKU004,480,0,0,480,56.693,409,398,11,51.125,1.0,0.9017868167145856,0.9731051344743277,0.8775333815462227,0.02689486552567237
PR00000005,WO00000005,2026-01-01,B,P01,P01_L02,SKU003,480,30,33,417,61.962,406,396,10,58.417,0.9266666666666666,0.9427918109010418,0.9753694581280788,0.8521351796262224,0.024630541871921183
PR00000006,WO00000006,2026-01-01,C,P01,P01_L02,SKU004,480,0,0,480,56.693,366,351,15,45.75,1.0,0.8069779337837123,0.9590163934426229,0.7739050676450355,0.040983606557377046
PR00000007,WO00000007,2026-01-01,A,P01,P01_L03,SKU003,480,0,6,474,61.962,451,440,11,57.089,0.9875,0.921348691051559,0.975609756097561,0.8876408121106484,0.024390243902439025
PR00000008,WO00000008,2026-01-01,B,P01,P01_L03,SKU002,480,0,0,480,72.0,494,474,20,61.75,1.0,0.8576388888888888,0.9595141700404858,0.8229166666666666,0.04048582995951417
PR00000009,WO00000009,2026-01-01,C,P01,P01_L03,SKU003,480,0,0,480,61.962,453,439,14,56.625,1.0,0.9138665633775539,0.9690949227373068,0.8856234466285787,0.03090507726269316
PR00000010,WO00000010,2026-01-01,A,P02,P02_L01,SKU001,480,31,0,449,48.8,298,290,8,39.822,1.0,0.8160210303406477,0.9731543624161074,0.794114425499288,0.026845637583892617
PR00000011,WO00000011,2026-01-01,B,P02,P02_L01,SKU001,480,0,0,480,48.8,334,327,7,41.75,1.0,0.8555327868852459,0.9790419161676647,0.8376024590163934,0.020958083832335328
PR00000012,WO00000012,2026-01-01,C,P02,P02_L01,SKU006,480,17,0,463,48.8,297,287,10,38.488,1.0,0.7886910030804093,0.9663299663299664,0.7621357504514393,0.03367003367003367
PR00000013,WO00000013,2026-01-01,A,P02,P02_L02,SKU005,480,29,26,425,50.42,317,309,8,44.753,0.9423503325942351,0.8876029586765289,0.9747634069400631,0.8153242255079506,0.025236593059936908
PR00000014,WO00000014,2026-01-01,B,P02,P02_L02,SKU002,480,18,0,462,55.9,339,328,11,44.026,1.0,0.787584508514741,0.967551622418879,0.7620286690054131,0.032448377581120944
PR00000015,WO00000015,2026-01-01,C,P02,P02_L02,SKU004,480,0,0,480,55.9,370,357,13,46.25,1.0,0.8273703041144902,0.9648648648648649,0.7983005366726298,0.03513513513513514
PR00000016,WO00000016,2026-01-01,A,P02,P02_L03,SKU007,480,22,0,458,47.0,303,300,3,39.694,1.0,0.8445600668958468,0.9900990099009901,0.836198086035492,0.009900990099009901
PR00000017,WO00000017,2026-01-01,B,P02,P02_L03,SKU003,480,0,0,480,47.0,329,323,6,41.125,1.0,0.875,0.9817629179331308,0.8590425531914894,0.0182370820668693
PR00000018,WO00000018,2026-01-01,C,P02,P02_L03,SKU004,480,39,0,441,47.0,272,261,11,37.007,1.0,0.7873787812997539,0.9595588235294118,0.7555362570560139,0.04044117647058824
PR00000019,WO00000019,2026-01-01,A,P03,P03_L01,SKU001,480,0,0,480,49.793,353,346,7,44.125,1.0,0.8861687385777117,0.9801699716713881,0.8685959873877854,0.019830028328611898
PR00000020,WO00000020,2026-01-01,B,P03,P03_L01,SKU001,480,12,0,468,49.793,349,341,8,44.744,1.0,0.8985919656094179,0.9770773638968482,0.8779938689765373,0.022922636103151862
PR00000021,WO00000021,2026-01-01,C,P03,P03_L01,SKU004,480,0,33,447,56.693,368,352,16,49.396,0.93125,0.8712887508927455,0.9565217391304348,0.7761099253876141,0.043478260869565216
PR00000022,WO00000022,2026-01-01,A,P03,P03_L02,SKU006,480,29,4,447,54.878,391,382,9,52.483,0.991130820399113,0.9563617747824278,0.9769820971867008,0.9260614292263211,0.023017902813299233
PR00000023,WO00000023,2026-01-01,B,P03,P03_L02,SKU001,480,56,20,404,49.793,282,276,6,41.881,0.9528301886792453,0.8411059409718611,0.9787234042553191,0.7843794062134217,0.02127659574468085
PR00000024,WO00000024,2026-01-01,C,P03,P03_L02,SKU006,480,0,11,469,54.878,383,372,11,48.998,0.9770833333333333,0.8928508291817842,0.9712793733681462,0.847334086519188,0.028720626631853787
PR00000025,WO00000025,2026-01-01,A,P03,P03_L03,SKU004,480,52,0,428,56.693,361,348,13,50.607,1.0,0.8926582935373683,0.96398891966759,0.860512704019402,0.036011080332409975
PR00000026,WO00000026,2026-01-01,B,P03,P03_L03,SKU003,480,0,0,480,58.1,416,408,8,52.0,1.0,0.8950086058519793,0.9807692307692307,0.8777969018932873,0.019230769230769232
PR00000027,WO00000027,2026-01-01,C,P03,P03_L03,SKU003,480,0,30,450,58.1,365,356,9,48.667,0.9375,0.8376362593230063,0.9753424657534246,0.7659208261617901,0.024657534246575342
PR00000028,WO00000028,2026-01-02,A,P01,P01_L01,SKU007,480,33,0,447,69.9,494,486,8,66.309,1.0,0.9486226728499965,0.9838056680161943,0.9332603623584985,0.016194331983805668
PR00000029,WO00000029,2026-01-02,B,P01,P01_L01,SKU001,480,0,0,480,49.793,351,344,7,43.875,1.0,0.8811479525234471,0.98005698005698,0.8635752013335208,0.019943019943019943
PR00000030,WO00000030,2026-01-02,C,P01,P01_L01,SKU004,480,0,82,398,56.693,338,324,14,50.955,0.8291666666666667,0.8987842214973053,0.9585798816568047,0.7143739085954174,0.04142011834319527
PR00000031,WO00000031,2026-01-02,A,P01,P01_L02,SKU001,480,0,0,480,49.793,355,346,9,44.375,1.0,0.8911895246319764,0.9746478873239437,0.8685959873877855,0.02535211267605634
PR00000032,WO00000032,2026-01-02,B,P01,P01_L02,SKU008,480,0,0,480,60.302,386,381,5,48.25,1.0,0.8001392988623927,0.9870466321243523,0.7897748001724653,0.012953367875647668
PR00000033,WO00000033,2026-01-02,C,P01,P01_L02,SKU008,480,47,0,433,60.302,334,329,5,46.282,1.0,0.767499505759425,0.9850299401197605,0.7560099922001523,0.014970059880239521
PR00000034,WO00000034,2026-01-02,A,P01,P01_L03,SKU008,480,0,0,480,60.302,430,423,7,53.75,1.0,0.8913468873337534,0.9837209302325581,0.8768365891678551,0.01627906976744186
PR00000035,WO00000035,2026-01-02,B,P01,P01_L03,SKU003,480,0,0,480,61.962,487,477,10,60.875,1.0,0.9824569897679222,0.9794661190965093,0.9622833349472256,0.02053388090349076
PR00000036,WO00000036,2026-01-02,C,P01,P01_L03,SKU008,480,26,0,454,60.302,383,376,7,50.617,1.0,0.8393874181305053,0.9817232375979112,0.8240461337260313,0.018276762402088774
PR00000037,WO00000037,2026-01-02,A,P02,P02_L01,SKU002,480,0,0,480,48.8,311,301,10,38.875,1.0,0.7966188524590164,0.9678456591639871,0.7710040983606558,0.03215434083601286
PR00000038,WO00000038,2026-01-02,B,P02,P02_L01,SKU004,480,26,0,454,48.8,312,301,11,41.233,1.0,0.8449483642666283,0.9647435897435898,0.8151585180905613,0.035256410256410256
PR00000039,WO00000039,2026-01-02,C,P02,P02_L01,SKU003,480,0,0,480,48.8,324,318,6,40.5,1.0,0.8299180327868853,0.9814814814814815,0.8145491803278688,0.018518518518518517
PR00000040,WO00000040,2026-01-02,A,P02,P02_L02,SKU002,480,51,0,429,55.9,339,329,10,47.413,1.0,0.8481679322466442,0.9705014749262537,0.823148229230519,0.029498525073746312
PR00000041,WO00000041,2026-01-02,B,P02,P02_L02,SKU006,480,0,0,480,54.878,423,411,12,52.875,1.0,0.9635008564452058,0.9716312056737588,0.9361674988155545,0.028368794326241134
PR00000042,WO00000042,2026-01-02,C,P02,P02_L02,SKU004,480,0,0,480,55.9,364,353,11,45.5,1.0,0.813953488372093,0.9697802197802198,0.789355992844365,0.03021978021978022
PR00000043,WO00000043,2026-01-02,A,P02,P02_L03,SKU004,480,31,0,449,47.0,299,287,12,39.955,1.0,0.8501160972373596,0.959866220735786,0.8159977254418803,0.04013377926421405
PR00000044,WO00000044,2026-01-02,B,P02,P02_L03,SKU005,480,0,0,480,47.0,295,287,8,36.875,1.0,0.7845744680851063,0.9728813559322034,0.7632978723404255,0.02711864406779661
PR00000045,WO00000045,2026-01-02,C,P02,P02_L03,SKU007,480,0,10,470,47.0,300,296,4,38.298,0.9791666666666666,0.8148483476686285,0.9866666666666667,0.7872340425531916,0.013333333333333334
PR00000046,WO00000046,2026-01-02,A,P03,P03_L01,SKU004,480,0,0,480,56.693,417,401,16,52.125,1.0,0.9194256786552132,0.9616306954436451,0.884147954773958,0.03836930455635491
PR00000047,WO00000047,2026-01-02,B,P03,P03_L01,SKU001,480,33,0,447,49.793,331,322,9,44.43,1.0,0.8922846625297186,0.972809667673716,0.8680231460258894,0.027190332326283987
PR00000048,WO00000048,2026-01-02,C,P03,P03_L01,SKU006,480,0,0,480,54.878,380,370,10,47.5,1.0,0.8655563249389555,0.9736842105263158,0.8427785269142462,0.02631578947368421
PR00000049,WO00000049,2026-01-02,A,P03,P03_L02,SKU006,480,0,0,480,54.878,400,390,10,50.0,1.0,0.9111119209883742,0.975,0.8883341229636649,0.025
PR00000050,WO00000050,2026-01-02,B,P03,P03_L02,SKU008,480,80,0,400,56.6,321,316,5,48.15,1.0,0.8507067137809187,0.9844236760124611,0.8374558303886925,0.01557632398753894
PR00000051,WO00000051,2026-01-02,C,P03,P03_L02,SKU004,480,21,0,459,56.6,340,328,12,44.444,1.0,0.7852375343541421,0.9647058823529412,0.7575232684357607,0.03529411764705882
PR00000052,WO00000052,2026-01-02,A,P03,P03_L03,SKU001,480,18,0,462,49.793,341,333,8,44.286,1.0,0.8893963867554533,0.9765395894428153,0.8685307823740938,0.02346041055718475
PR00000053,WO00000053,2026-01-02,B,P03,P03_L03,SKU003,480,53,0,427,58.1,380,372,8,53.396,1.0,0.9190324362018164,0.9789473684210527,0.8996843849133571,0.021052631578947368
PR00000054,WO00000054,2026-01-02,C,P03,P03_L03,SKU003,480,38,12,430,58.1,354,347,7,49.395,0.9728506787330317,0.8501781211223631,0.980225988700565,0.8107413493664378,0.01977401129943503
PR00000055,WO00000055,2026-01-03,B,P01,P01_L01,SKU006,480,0,0,480,54.878,394,381,13,49.25,1.0,0.8974452421735486,0.9670050761421319,0.8678341047414264,0.03299492385786802
PR00000056,WO00000056,2026-01-03,C,P01,P01_L01,SKU001,480,0,0,480,49.793,314,304,10,39.25,1.0,0.788263410519551,0.9681528662420382,0.7631594802482277,0.03184713375796178
PR00000057,WO00000057,2026-01-03,A,P01,P01_L02,SKU008,480,62,0,418,60.302,381,371,10,54.689,1.0,0.9069184308200559,0.973753280839895,0.8831147974651987,0.026246719160104987
PR00000058,WO00000058,2026-01-03,C,P01,P01_L02,SKU004,480,0,0,480,56.693,374,357,17,46.75,1.0,0.8246167957243399,0.9545454545454546,0.7871342141005063,0.045454545454545456
PR00000059,WO00000059,2026-01-03,B,P01,P01_L03,SKU003,480,0,23,457,61.962,421,410,11,55.274,0.9520833333333333,0.8920551785922013,0.9738717339667459,0.8271198476485587,0.026128266033254157
PR00000060,WO00000060,2026-01-03,C,P01,P01_L03,SKU006,480,0,0,480,54.878,397,382,15,49.625,1.0,0.9042785815809614,0.9622166246851386,0.8701118845438974,0.037783375314861464
PR00000061,WO00000061,2026-01-03,C,P02,P02_L01,SKU006,480,0,0,480,48.8,339,330,9,42.375,1.0,0.8683401639344263,0.9734513274336283,0.8452868852459017,0.02654867256637168
PR00000062,WO00000062,2026-01-03,C,P02,P02_L02,SKU006,480,0,11,469,54.878,361,350,11,46.183,0.9770833333333333,0.8415643585760421,0.9695290858725761,0.7972229308648273,0.030470914127423823
PR00000063,WO00000063,2026-01-03,C,P02,P02_L03,SKU003,480,0,0,480,47.0,331,323,8,41.375,1.0,0.8803191489361702,0.9758308157099698,0.8590425531914894,0.02416918429003021
PR00000064,WO00000064,2026-01-03,C,P03,P03_L01,SKU001,480,25,0,455,49.793,321,313,8,42.33,1.0,0.8501128738913167,0.9750778816199377,0.8289262602117824,0.024922118380062305
PR00000065,WO00000065,2026-01-03,B,P03,P03_L02,SKU006,480,0,0,480,54.878,399,387,12,49.875,1.0,0.9088341411859032,0.9699248120300752,0.8815007835562519,0.03007518796992481
PR00000066,WO00000066,2026-01-03,C,P03,P03_L02,SKU001,480,0,6,474,49.793,347,337,10,43.924,0.9875,0.8821330434581445,0.9711815561959655,0.8460024501435945,0.02881844380403458
PR00000067,WO00000067,2026-01-03,B,P03,P03_L03,SKU004,480,12,0,468,56.693,403,391,12,51.667,1.0,0.9113412002657588,0.9702233250620348,0.8842044895878702,0.02977667493796526
PR00000068,WO00000068,2026-01-03,C,P03,P03_L03,SKU004,480,0,6,474,56.693,374,359,15,47.342,0.9875,0.8350549830119897,0.9598930481283422,0.7915439295856631,0.040106951871657755
PR00000069,WO00000069,2026-01-04,A,P01,P01_L01,SKU005,480,64,11,405,50.42,308,299,9,45.63,0.9735576923076923,0.9049906709565574,0.9707792207792207,0.8553153510511701,0.02922077922077922
PR00000070,WO00000070,2026-01-04,C,P01,P01_L01,SKU001,480,0,0,480,49.793,326,317,9,40.75,1.0,0.8183881268451388,0.9723926380368099,0.795794589600948,0.027607361963190184
PR00000071,WO00000071,2026-01-04,B,P01,P01_L02,SKU004,480,38,0,442,56.693,370,356,14,50.226,1.0,0.885933789778128,0.9621621621621622,0.8524119707054421,0.03783783783783784
PR00000072,WO00000072,2026-01-04,A,P01,P01_L03,SKU004,480,0,0,480,56.693,421,406,15,52.625,1.0,0.928245109625527,0.9643705463182898,0.8951722434868502,0.035629453681710214
PR00000073,WO00000073,2026-01-04,B,P01,P01_L03,SKU008,480,29,0,451,60.302,391,386,5,52.018,1.0,0.86262044972309,0.9872122762148338,0.8515894976805953,0.01278772378516624
PR00000074,WO00000074,2026-01-04,A,P02,P02_L01,SKU003,480,0,0,480,48.8,342,337,5,42.75,1.0,0.8760245901639345,0.9853801169590644,0.8632172131147542,0.014619883040935672
PR00000075,WO00000075,2026-01-04,B,P02,P02_L01,SKU003,480,20,0,460,48.8,366,360,6,47.739,1.0,0.9782608695652174,0.9836065573770492,0.962223806129722,0.01639344262295082
PR00000076,WO00000076,2026-01-04,C,P02,P02_L01,SKU006,480,0,59,421,48.8,286,276,10,40.76,0.8770833333333333,0.8352478486040265,0.965034965034965,0.7069672131147542,0.03496503496503497
PR00000077,WO00000077,2026-01-04,A,P02,P02_L02,SKU004,480,0,0,480,55.9,416,402,14,52.0,1.0,0.9302325581395349,0.9663461538461539,0.8989266547406082,0.03365384615384615
PR00000078,WO00000078,2026-01-04,C,P02,P02_L02,SKU006,480,0,0,480,54.878,349,337,12,43.625,1.0,0.7949451510623565,0.9656160458452722,0.7676117934327052,0.034383954154727794
PR00000079,WO00000079,2026-01-04,A,P02,P02_L03,SKU007,480,0,0,480,47.0,318,312,6,39.75,1.0,0.8457446808510638,0.9811320754716981,0.8297872340425532,0.018867924528301886
PR00000080,WO00000080,2026-01-04,B,P02,P02_L03,SKU008,480,0,0,480,47.0,318,314,4,39.75,1.0,0.8457446808510638,0.9874213836477987,0.8351063829787234,0.012578616352201259
PR00000081,WO00000081,2026-01-04,A,P03,P03_L01,SKU006,480,44,0,436,54.878,356,348,8,48.991,1.0,0.8927225060693429,0.9775280898876404,0.8726613261576722,0.02247191011235955
PR00000082,WO00000082,2026-01-04,B,P03,P03_L01,SKU003,480,0,0,480,57.7,399,393,6,49.875,1.0,0.8643847487001732,0.9849624060150376,0.8513864818024263,0.015037593984962405
PR00000083,WO00000083,2026-01-04,C,P03,P03_L01,SKU001,480,30,0,450,49.793,329,319,10,43.867,1.0,0.8809805929883049,0.9696048632218845,0.8542030673655601,0.030395136778115502
PR00000084,WO00000084,2026-01-04,A,P03,P03_L02,SKU008,480,36,0,444,56.6,326,324,2,44.054,1.0,0.7783401776334637,0.9938650306748467,0.7735650845191481,0.006134969325153374
PR00000085,WO00000085,2026-01-04,C,P03,P03_L02,SKU008,480,0,0,480,56.6,348,342,6,43.5,1.0,0.7685512367491166,0.9827586206896551,0.7553003533568905,0.017241379310344827
PR00000086,WO00000086,2026-01-05,A,P01,P01_L01,SKU001,480,0,0,480,49.793,350,341,9,43.75,1.0,0.8786375594963147,0.9742857142857143,0.8560440222521238,0.025714285714285714
PR00000087,WO00000087,2026-01-05,B,P01,P01_L01,SKU001,480,0,25,455,49.793,331,322,9,43.648,0.9479166666666666,0.8765961409907347,0.972809667673716,0.8083465547366095,0.027190332326283987
PR00000088,WO00000088,2026-01-05,C,P01,P01_L01,SKU005,480,0,0,480,50.42,361,349,12,45.125,1.0,0.8949821499404997,0.9667590027700831,0.8652320507735025,0.0332409972299169
PR00000089,WO00000089,2026-01-05,A,P01,P01_L02,SKU001,480,44,25,411,49.793,306,296,10,44.672,0.9426605504587156,0.8971448365576553,0.9673202614379085,0.8180656910434889,0.032679738562091505
PR00000090,WO00000090,2026-01-05,B,P01,P01_L02,SKU001,480,42,0,438,49.793,316,306,10,43.288,1.0,0.8693525441904828,0.9683544303797469,0.8418413877287587,0.03164556962025317
PR00000091,WO00000091,2026-01-05,C,P01,P01_L02,SKU006,480,0,58,422,54.878,336,325,11,47.773,0.8791666666666667,0.870522100811641,0.9672619047619048,0.7402784358030542,0.03273809523809524
PR00000092,WO00000092,2026-01-05,A,P01,P01_L03,SKU003,480,37,145,298,61.962,286,281,5,57.584,0.672686230248307,0.9293420583171889,0.9825174825174825,0.6142263120125397,0.017482517482517484
PR00000093,WO00000093,2026-01-05,B,P01,P01_L03,SKU003,480,29,0,451,61.962,469,454,15,62.395,1.0,1.0,0.9680170575692963,0.9680170575692963,0.031982942430703626
PR00000094,WO00000094,2026-01-05,C,P01,P01_L03,SKU003,480,0,0,480,61.962,451,437,14,56.375,1.0,0.9098318324134146,0.9689578713968958,0.8815887156644394,0.031042128603104215
PR00000095,WO00000095,2026-01-05,A,P02,P02_L01,SKU004,480,76,0,404,48.8,289,277,12,42.921,1.0,0.8795244278526214,0.9584775086505191,0.8430043824054537,0.04152249134948097
PR00000096,WO00000096,2026-01-05,B,P02,P02_L01,SKU003,480,24,22,434,48.8,314,308,6,43.41,0.9517543859649122,0.8895520132960641,0.9808917197452229,0.8304572907679034,0.01910828025477707
PR00000097,WO00000097,2026-01-05,C,P02,P02_L01,SKU006,480,0,0,480,48.8,329,319,10,41.125,1.0,0.8427254098360656,0.9696048632218845,0.817110655737705,0.030395136778115502
PR00000098,WO00000098,2026-01-05,A,P02,P02_L02,SKU004,480,0,0,480,55.9,411,398,13,51.375,1.0,0.919051878354204,0.9683698296836983,0.8899821109123436,0.031630170316301706
PR00000099,WO00000099,2026-01-05,B,P02,P02_L02,SKU006,480,0,42,438,54.878,331,320,11,45.342,0.9125,0.8262412214990462,0.9667673716012085,0.7288895367906993,0.03323262839879154
PR00000100,WO00000100,2026-01-05,C,P02,P02_L02,SKU004,480,29,0,451,55.9,343,329,14,45.632,1.0,0.8163135786505044,0.9591836734693877,0.7829946570729327,0.04081632653061224
PR00000101,WO00000101,2026-01-05,A,P02,P02_L03,SKU005,480,37,16,427,47.0,299,293,6,42.014,0.963882618510158,0.8939159898350691,0.979933110367893,0.844339849190721,0.020066889632107024
PR00000102,WO00000102,2026-01-05,B,P02,P02_L03,SKU003,480,0,0,480,47.0,335,327,8,41.875,1.0,0.8909574468085106,0.9761194029850746,0.8696808510638298,0.023880597014925373
PR00000103,WO00000103,2026-01-05,C,P02,P02_L03,SKU003,480,0,0,480,47.0,323,318,5,40.375,1.0,0.8590425531914894,0.9845201238390093,0.8457446808510639,0.015479876160990712
PR00000104,WO00000104,2026-01-05,A,P03,P03_L01,SKU001,480,37,0,443,49.793,321,316,5,43.476,1.0,0.8731407621231355,0.9844236760124611,0.8595404387255788,0.01557632398753894
PR00000105,WO00000105,2026-01-05,B,P03,P03_L01,SKU004,480,0,0,480,56.693,409,395,14,51.125,1.0,0.9017868167145856,0.9657701711491442,0.8709188083184872,0.034229828850855744
PR00000106,WO00000106,2026-01-05,C,P03,P03_L01,SKU008,480,21,0,459,57.7,360,353,7,47.059,1.0,0.8155775308390253,0.9805555555555555,0.7997190788504887,0.019444444444444445
PR00000107,WO00000107,2026-01-05,A,P03,P03_L02,SKU008,480,16,37,427,56.6,340,331,9,47.775,0.9202586206896551,0.8440843753361855,0.9735294117647059,0.7562142073839405,0.026470588235294117
PR00000108,WO00000108,2026-01-05,B,P03,P03_L02,SKU004,480,23,0,457,56.6,365,353,12,47.921,1.0,0.8466647594157627,0.9671232876712329,0.8188292056815458,0.03287671232876712
PR00000109,WO00000109,2026-01-05,C,P03,P03_L02,SKU002,480,27,0,453,56.6,338,324,14,44.768,1.0,0.7909578077832121,0.9585798816568047,0.7581962417803572,0.04142011834319527
PR00000110,WO00000110,2026-01-05,A,P03,P03_L03,SKU001,480,30,0,450,49.793,334,327,7,44.533,1.0,0.8943693557996774,0.9790419161676647,0.8756250878637559,0.020958083832335328
PR00000111,WO00000111,2026-01-05,B,P03,P03_L03,SKU004,480,28,0,452,56.693,386,373,13,51.239,1.0,0.9037965543029536,0.966321243523316,0.8733578102461184,0.03367875647668394
PR00000112,WO00000112,2026-01-05,C,P03,P03_L03,SKU003,480,0,7,473,58.1,374,366,8,47.442,0.9854166666666667,0.816555257575151,0.9786096256684492,0.7874354561101549,0.0213903743315508
PR00000113,WO00000113,2026-01-06,A,P01,P01_L01,SKU005,480,0,0,480,50.42,331,324,7,41.375,1.0,0.8206069020230067,0.9788519637462235,0.8032526775089249,0.021148036253776436
PR00000114,WO00000114,2026-01-06,B,P01,P01_L01,SKU001,480,0,0,480,49.793,355,344,11,44.375,1.0,0.8911895246319764,0.9690140845070423,0.8635752013335208,0.030985915492957747
PR00000115,WO00000115,2026-01-06,C,P01,P01_L01,SKU006,480,0,0,480,54.878,391,376,15,48.875,1.0,0.8906119027661358,0.9616368286445013,0.8564452057290718,0.03836317135549872
PR00000116,WO00000116,2026-01-06,A,P01,P01_L02,SKU008,480,42,0,438,60.302,396,389,7,54.247,1.0,0.8995816945120519,0.9823232323232324,0.8836799978918894,0.017676767676767676
PR00000117,WO00000117,2026-01-06,B,P01,P01_L02,SKU004,480,23,0,457,56.693,396,379,17,51.991,1.0,0.9170664326243142,0.9570707070707071,0.8776974191025634,0.04292929292929293
PR00000118,WO00000118,2026-01-06,C,P01,P01_L02,SKU002,480,0,4,476,65.2,433,413,20,54.58,0.9916666666666667,0.8371139866989741,0.953810623556582,0.7917944785276074,0.046189376443418015
PR00000119,WO00000119,2026-01-06,A,P01,P01_L03,SKU003,480,0,0,480,61.962,481,475,6,60.125,1.0,0.9703527968755042,0.9875259875259875,0.9582486039830863,0.012474012474012475
PR00000120,WO00000120,2026-01-06,B,P01,P01_L03,SKU003,480,54,0,426,61.962,409,399,10,57.606,1.0,0.9296929376523821,0.9755501222493888,0.9069620589811748,0.02444987775061125
PR00000121,WO00000121,2026-01-06,C,P01,P01_L03,SKU003,480,0,55,425,61.962,385,376,9,54.353,0.8854166666666666,0.8771979790269938,0.9766233766233766,0.7585294212581906,0.023376623376623377
PR00000122,WO00000122,2026-01-06,A,P02,P02_L01,SKU004,480,0,0,480,48.8,327,316,11,40.875,1.0,0.8376024590163935,0.9663608562691132,0.8094262295081968,0.03363914373088685
PR00000123,WO00000123,2026-01-06,B,P02,P02_L01,SKU001,480,30,0,450,48.8,316,307,9,42.133,1.0,0.8633879781420765,0.9715189873417721,0.8387978142076502,0.028481012658227847
PR00000124,WO00000124,2026-01-06,C,P02,P02_L01,SKU005,480,19,0,461,48.8,303,294,9,39.436,1.0,0.808114931901426,0.9702970297029703,0.7841115180825717,0.0297029702970297
PR00000125,WO00000125,2026-01-06,A,P02,P02_L02,SKU006,480,0,0,480,54.878,376,367,9,47.0,1.0,0.8564452057290718,0.976063829787234,0.8359451875068333,0.023936170212765957
PR00000126,WO00000126,2026-01-06,B,P02,P02_L02,SKU002,480,0,8,472,55.9,366,352,14,46.525,0.9833333333333333,0.8322973833419243,0.9617486338797814,0.7871198568872988,0.03825136612021858
PR00000127,WO00000127,2026-01-06,C,P02,P02_L02,SKU002,480,21,0,459,55.9,340,326,14,44.444,1.0,0.795070562512423,0.9588235294117647,0.7623323628795586,0.041176470588235294
PR00000128,WO00000128,2026-01-06,A,P02,P02_L03,SKU007,480,0,0,480,47.0,337,330,7,42.125,1.0,0.8962765957446809,0.9792284866468842,0.8776595744680851,0.020771513353115726
PR00000129,WO00000129,2026-01-06,B,P02,P02_L03,SKU006,480,0,0,480,47.0,349,338,11,43.625,1.0,0.9281914893617021,0.9684813753581661,0.898936170212766,0.03151862464183381
PR00000130,WO00000130,2026-01-06,C,P02,P02_L03,SKU001,480,25,0,455,47.0,280,271,9,36.923,1.0,0.7855973813420623,0.9678571428571429,0.7603460369417817,0.03214285714285714
PR00000131,WO00000131,2026-01-06,A,P03,P03_L01,SKU003,480,36,0,444,57.7,407,401,6,55.0,1.0,0.9532062391681109,0.9852579852579852,0.9391540587381141,0.014742014742014743
PR00000132,WO00000132,2026-01-06,B,P03,P03_L01,SKU004,480,0,28,452,56.693,364,352,12,48.319,0.9416666666666667,0.8522848335913863,0.967032967032967,0.776109925387614,0.03296703296703297
PR00000133,WO00000133,2026-01-06,C,P03,P03_L01,SKU006,480,0,7,473,54.878,369,356,13,46.808,0.9854166666666667,0.8529394473861566,0.964769647696477,0.810889609679653,0.03523035230352303
PR00000134,WO00000134,2026-01-06,A,P03,P03_L02,SKU006,480,0,0,480,54.878,411,402,9,51.375,1.0,0.9361674988155545,0.9781021897810219,0.9156674805933162,0.021897810218978103
PR00000135,WO00000135,2026-01-06,B,P03,P03_L02,SKU001,480,52,0,428,49.793,325,318,7,45.561,1.0,0.9150030659641195,0.9784615384615385,0.895295307620277,0.021538461538461538
PR00000136,WO00000136,2026-01-06,C,P03,P03_L02,SKU002,480,0,51,429,56.6,323,310,13,45.175,0.89375,0.7981417875410807,0.9597523219814241,0.6846289752650175,0.04024767801857585
PR00000137,WO00000137,2026-01-06,A,P03,P03_L03,SKU003,480,18,27,435,58.1,402,391,11,55.448,0.9415584415584416,0.9543593091578134,0.972636815920398,0.8739969153050047,0.02736318407960199
PR00000138,WO00000138,2026-01-06,B,P03,P03_L03,SKU006,480,26,60,394,54.878,336,325,11,51.168,0.8678414096916299,0.9323866155901332,0.9672619047619048,0.7826732360913347,0.03273809523809524
PR00000139,WO00000139,2026-01-06,C,P03,P03_L03,SKU004,480,26,62,392,56.693,307,296,11,46.99,0.8634361233480177,0.8288465228223476,0.9641693811074918,0.6900136301003218,0.035830618892508145
PR00000140,WO00000140,2026-01-07,A,P01,P01_L01,SKU005,480,0,0,480,50.42,349,339,10,43.625,1.0,0.8652320507735025,0.9713467048710601,0.8404403014676715,0.02865329512893983
PR00000141,WO00000141,2026-01-07,B,P01,P01_L01,SKU004,480,33,0,447,56.693,346,332,14,46.443,1.0,0.8192008364372009,0.9595375722543352,0.7860539817836725,0.04046242774566474
PR00000142,WO00000142,2026-01-07,C,P01,P01_L01,SKU007,480,28,16,436,69.9,438,429,9,60.275,0.9646017699115044,0.8623065716423198,0.9794520547945206,0.8146910251053969,0.02054794520547945
PR00000143,WO00000143,2026-01-07,A,P01,P01_L02,SKU008,480,0,0,480,60.302,400,391,9,50.0,1.0,0.8291598951941892,0.9775,0.8105037975523199,0.0225
PR00000144,WO00000144,2026-01-07,B,P01,P01_L02,SKU008,480,0,0,480,60.302,403,395,8,50.375,1.0,0.8353785944081457,0.9801488833746899,0.8187953965042619,0.019851116625310174
PR00000145,WO00000145,2026-01-07,C,P01,P01_L02,SKU002,480,0,0,480,65.2,403,385,18,50.375,1.0,0.7726226993865031,0.9553349875930521,0.7381134969325154,0.04466501240694789
PR00000146,WO00000146,2026-01-07,A,P01,P01_L03,SKU004,480,36,0,444,56.693,402,388,14,54.324,1.0,0.9582192567746339,0.9651741293532339,0.9248484368869602,0.03482587064676617
PR00000147,WO00000147,2026-01-07,B,P01,P01_L03,SKU008,480,0,0,480,60.302,411,405,6,51.375,1.0,0.8519617923120295,0.9854014598540146,0.8395243938841167,0.014598540145985401
PR00000148,WO00000148,2026-01-07,C,P01,P01_L03,SKU002,480,0,0,480,72.0,476,453,23,59.5,1.0,0.8263888888888888,0.9516806722689075,0.7864583333333333,0.04831932773109244
PR00000149,WO00000149,2026-01-07,A,P02,P02_L01,SKU006,480,0,33,447,48.8,345,334,11,46.309,0.93125,0.9489492793486632,0.9681159420289855,0.855532786885246,0.03188405797101449
PR00000150,WO00000150,2026-01-07,B,P02,P02_L01,SKU003,480,41,0,439,48.8,308,299,9,42.096,1.0,0.8626162291347699,0.9707792207792207,0.8374099107509616,0.02922077922077922
PR00000151,WO00000151,2026-01-07,C,P02,P02_L01,SKU001,480,0,0,480,48.8,319,312,7,39.875,1.0,0.8171106557377049,0.9780564263322884,0.7991803278688524,0.0219435736677116
PR00000152,WO00000152,2026-01-07,A,P02,P02_L02,SKU003,480,48,0,432,55.9,375,368,7,52.083,1.0,0.9317233154442456,0.9813333333333333,0.9143311468892863,0.018666666666666668
PR00000153,WO00000153,2026-01-07,B,P02,P02_L02,SKU002,480,0,0,480,55.9,370,355,15,46.25,1.0,0.8273703041144902,0.9594594594594594,0.7938282647584973,0.04054054054054054
PR00000154,WO00000154,2026-01-07,C,P02,P02_L02,SKU002,480,27,0,453,55.9,336,323,13,44.503,1.0,0.7961236361051547,0.9613095238095238,0.7653212335177529,0.03869047619047619
PR00000155,WO00000155,2026-01-07,A,P02,P02_L03,SKU001,480,0,0,480,47.0,305,297,8,38.125,1.0,0.8111702127659575,0.9737704918032787,0.7898936170212766,0.02622950819672131
PR00000156,WO00000156,2026-01-07,B,P02,P02_L03,SKU007,480,0,0,480,47.0,330,325,5,41.25,1.0,0.8776595744680851,0.9848484848484849,0.8643617021276595,0.015151515151515152
PR00000157,WO00000157,2026-01-07,C,P02,P02_L03,SKU003,480,40,20,420,47.0,304,298,6,43.429,0.9545454545454546,0.9240121580547113,0.9802631578947368,0.8646034816247582,0.019736842105263157
PR00000158,WO00000158,2026-01-07,A,P03,P03_L01,SKU007,480,0,132,348,57.7,317,313,4,54.655,0.725,0.9472300245024801,0.9873817034700315,0.6780762564991334,0.012618296529968454
PR00000159,WO00000159,2026-01-07,B,P03,P03_L01,SKU001,480,49,0,431,49.793,310,304,6,43.155,1.0,0.866697175028516,0.9806451612903225,0.8499223909957059,0.01935483870967742
PR00000160,WO00000160,2026-01-07,C,P03,P03_L01,SKU001,480,0,0,480,49.793,330,323,7,41.25,1.0,0.8284296989536682,0.9787878787878788,0.810856947763742,0.021212121212121213
PR00000161,WO00000161,2026-01-07,A,P03,P03_L02,SKU006,480,16,0,464,54.878,390,380,10,50.431,1.0,0.918966334100343,0.9743589743589743,0.8954030947644368,0.02564102564102564
PR00000162,WO00000162,2026-01-07,B,P03,P03_L02,SKU006,480,26,0,454,54.878,377,368,9,49.824,1.0,0.9079009538659482,0.9761273209549072,0.8862269257895727,0.023872679045092837
PR00000163,WO00000163,2026-01-07,C,P03,P03_L02,SKU001,480,0,0,480,49.793,361,351,10,45.125,1.0,0.9062518827947703,0.9722991689750693,0.881147952523447,0.027700831024930747
PR00000164,WO00000164,2026-01-07,A,P03,P03_L03,SKU001,480,0,111,369,49.793,266,260,6,43.252,0.76875,0.8686368067866006,0.9774436090225563,0.6527021870544053,0.022556390977443608
PR00000165,WO00000165,2026-01-07,B,P03,P03_L03,SKU004,480,0,0,480,56.693,391,379,12,48.875,1.0,0.8620993773481735,0.969309462915601,0.8356410844372322,0.030690537084398978
PR00000166,WO00000166,2026-01-07,C,P03,P03_L03,SKU001,480,23,0,457,49.793,335,326,9,43.982,1.0,0.8833067806627536,0.9731343283582089,0.8595761507345004,0.026865671641791045
PR00000167,WO00000167,2026-01-08,A,P01,P01_L01,SKU006,480,33,27,420,54.878,368,355,13,52.571,0.9395973154362416,0.9579691054963477,0.9646739130434783,0.8683080052372426,0.035326086956521736
PR00000168,WO00000168,2026-01-08,B,P01,P01_L01,SKU006,480,28,0,452,54.878,362,347,15,48.053,1.0,0.8756349966313047,0.9585635359116023,0.8393517785388473,0.04143646408839779
PR00000169,WO00000169,2026-01-08,C,P01,P01_L01,SKU001,480,0,0,480,49.793,353,341,12,44.125,1.0,0.8861687385777117,0.9660056657223796,0.8560440222521237,0.0339943342776204
PR00000170,WO00000170,2026-01-08,A,P01,P01_L02,SKU004,480,0,43,437,56.693,355,341,14,48.741,0.9104166666666667,0.8597431563738391,0.9605633802816902,0.751856490219251,0.03943661971830986
PR00000171,WO00000171,2026-01-08,B,P01,P01_L02,SKU002,480,0,0,480,65.2,453,436,17,56.625,1.0,0.8684815950920245,0.9624724061810155,0.8358895705521472,0.037527593818984545
PR00000172,WO00000172,2026-01-08,C,P01,P01_L02,SKU003,480,21,0,459,61.962,423,413,10,55.294,1.0,0.8923875544214005,0.9763593380614657,0.8712909219291688,0.02364066193853428
PR00000173,WO00000173,2026-01-08,A,P01,P01_L03,SKU003,480,0,0,480,61.962,467,459,8,58.375,1.0,0.9421096801265291,0.9828693790149893,0.9259707562699718,0.017130620985010708
PR00000174,WO00000174,2026-01-08,B,P01,P01_L03,SKU003,480,0,0,480,61.962,456,450,6,57.0,1.0,0.9199186598237629,0.9868421052631579,0.9078144669313449,0.013157894736842105
PR00000175,WO00000175,2026-01-08,C,P01,P01_L03,SKU008,480,0,0,480,60.302,382,374,8,47.75,1.0,0.7918476999104508,0.9790575916230366,0.7752645020065669,0.020942408376963352
PR00000176,WO00000176,2026-01-08,A,P02,P02_L01,SKU003,480,24,0,456,48.8,335,329,6,44.079,1.0,0.9032571182053496,0.982089552238806,0.887079378774806,0.01791044776119403
PR00000177,WO00000177,2026-01-08,B,P02,P02_L01,SKU005,480,22,0,458,48.8,294,286,8,38.515,1.0,0.7892476197294008,0.9727891156462585,0.7677714940224784,0.027210884353741496
PR00000178,WO00000178,2026-01-08,C,P02,P02_L01,SKU002,480,0,0,480,48.8,305,290,15,38.125,1.0,0.78125,0.9508196721311475,0.742827868852459,0.04918032786885246
PR00000179,WO00000179,2026-01-08,A,P02,P02_L02,SKU002,480,0,0,480,55.9,393,380,13,49.125,1.0,0.8788014311270126,0.9669211195928753,0.8497316636851521,0.03307888040712468
PR00000180,WO00000180,2026-01-08,B,P02,P02_L02,SKU006,480,0,0,480,54.878,364,352,12,45.5,1.0,0.8291118480994205,0.967032967032967,0.8017784904697693,0.03296703296703297
PR00000181,WO00000181,2026-01-08,C,P02,P02_L02,SKU004,480,20,0,460,55.9,355,344,11,46.304,1.0,0.8283425371393015,0.9690140845070423,0.802675585284281,0.030985915492957747
PR00000182,WO00000182,2026-01-08,A,P02,P02_L03,SKU003,480,71,0,409,47.0,283,279,4,41.516,1.0,0.8833168600114446,0.9858657243816255,0.8708318160536856,0.014134275618374558
PR00000183,WO00000183,2026-01-08,B,P02,P02_L03,SKU007,480,21,0,459,47.0,315,314,1,41.176,1.0,0.8760951188986232,0.9968253968253968,0.8733138645529134,0.0031746031746031746
PR00000184,WO00000184,2026-01-08,C,P02,P02_L03,SKU004,480,0,0,480,47.0,316,302,14,39.5,1.0,0.8404255319148937,0.9556962025316456,0.8031914893617021,0.04430379746835443
PR00000185,WO00000185,2026-01-08,A,P03,P03_L01,SKU001,480,0,0,480,49.793,350,343,7,43.75,1.0,0.8786375594963147,0.98,0.8610648083063884,0.02
PR00000186,WO00000186,2026-01-08,B,P03,P03_L01,SKU004,480,39,98,343,56.693,292,282,10,51.079,0.7777777777777778,0.90097044081573,0.9657534246575342,0.6767563356812217,0.03424657534246575
PR00000187,WO00000187,2026-01-08,C,P03,P03_L01,SKU001,480,0,0,480,49.793,328,319,9,41.0,1.0,0.8234089128994035,0.9725609756097561,0.8008153756552125,0.027439024390243903
PR00000188,WO00000188,2026-01-08,A,P03,P03_L02,SKU006,480,50,0,430,54.878,364,355,9,50.791,1.0,0.9255202025295857,0.9752747252747253,0.9026364612582497,0.024725274725274724
PR00000189,WO00000189,2026-01-08,B,P03,P03_L02,SKU006,480,0,0,480,54.878,391,381,10,48.875,1.0,0.8906119027661358,0.9744245524296675,0.8678341047414264,0.02557544757033248
PR00000190,WO00000190,2026-01-08,C,P03,P03_L02,SKU006,480,18,0,462,54.878,378,365,13,49.091,1.0,0.8945462496976765,0.9656084656084656,0.8637814315863808,0.03439153439153439
PR00000191,WO00000191,2026-01-08,A,P03,P03_L03,SKU004,480,0,0,480,56.693,381,368,13,47.625,1.0,0.8400507999223891,0.9658792650918635,0.8113876492688692,0.03412073490813648
PR00000192,WO00000192,2026-01-08,B,P03,P03_L03,SKU008,480,29,31,420,58.1,358,354,4,51.143,0.9312638580931264,0.8802557167445292,0.9888268156424581,0.8105911132652244,0.0111731843575419
PR00000193,WO00000193,2026-01-08,C,P03,P03_L03,SKU001,480,0,13,467,49.793,333,325,8,42.784,0.9729166666666667,0.8592317375949278,0.975975975975976,0.8158777338180065,0.024024024024024024
PR00000194,WO00000194,2026-01-09,A,P01,P01_L01,SKU005,480,26,20,434,50.42,295,289,6,40.783,0.9559471365638766,0.8088736639874821,0.9796610169491525,0.7575135382609864,0.020338983050847456
PR00000195,WO00000195,2026-01-09,B,P01,P01_L01,SKU004,480,0,15,465,56.693,373,359,14,48.129,0.96875,0.8489413553360118,0.9624664879356568,0.7915439295856631,0.03753351206434316
PR00000196,WO00000196,2026-01-09,C,P01,P01_L01,SKU006,480,0,0,480,54.878,379,366,13,47.375,1.0,0.8632785451364846,0.9656992084432717,0.8336674077043624,0.03430079155672823
PR00000197,WO00000197,2026-01-09,A,P01,P01_L02,SKU001,480,0,25,455,49.793,355,348,7,46.813,0.9479166666666666,0.9401559820293378,0.9802816901408451,0.8736167734420501,0.01971830985915493
PR00000198,WO00000198,2026-01-09,B,P01,P01_L02,SKU002,480,36,0,444,65.2,405,387,18,54.73,1.0,0.8394130326645663,0.9555555555555556,0.8021057867683634,0.044444444444444446
PR00000199,WO00000199,2026-01-09,C,P01,P01_L02,SKU007,480,24,0,456,65.2,442,433,9,58.158,1.0,0.891992250565063,0.9796380090497737,0.8738295124313853,0.020361990950226245
PR00000200,WO00000200,2026-01-09,A,P01,P01_L03,SKU004,480,25,75,380,56.693,303,294,9,47.842,0.8351648351648352,0.8438802896858149,0.9702970297029703,0.6838451090827928,0.0297029702970297
PR00000201,WO00000201,2026-01-09,B,P01,P01_L03,SKU003,480,0,0,480,61.962,450,438,12,56.25,1.0,0.9078144669313449,0.9733333333333334,0.8836060811465091,0.02666666666666667
PR00000202,WO00000202,2026-01-09,C,P01,P01_L03,SKU003,480,0,0,480,61.962,459,449,10,57.375,1.0,0.9259707562699718,0.9782135076252724,0.9057971014492753,0.02178649237472767
PR00000203,WO00000203,2026-01-09,A,P02,P02_L01,SKU003,480,0,0,480,48.8,362,353,9,45.25,1.0,0.9272540983606558,0.9751381215469613,0.9042008196721312,0.024861878453038673
PR00000204,WO00000204,2026-01-09,B,P02,P02_L01,SKU003,480,0,0,480,48.8,330,324,6,41.25,1.0,0.8452868852459017,0.9818181818181818,0.8299180327868853,0.01818181818181818
PR00000205,WO00000205,2026-01-09,C,P02,P02_L01,SKU003,480,58,64,358,48.8,257,253,4,43.073,0.8483412322274881,0.8826357725066397,0.9844357976653697,0.7371222127262839,0.01556420233463035
PR00000206,WO00000206,2026-01-09,A,P02,P02_L02,SKU004,480,26,8,446,55.9,389,375,14,52.332,0.9823788546255506,0.936168847317038,0.9640102827763496,0.8865737274711765,0.03598971722365039
PR00000207,WO00000207,2026-01-09,B,P02,P02_L02,SKU005,480,42,0,438,50.42,294,288,6,40.274,1.0,0.798769785853624,0.9795918367346939,0.7824683616525296,0.02040816326530612
PR00000208,WO00000208,2026-01-09,C,P02,P02_L02,SKU006,480,42,0,438,54.878,350,341,9,47.945,1.0,0.8736689653313178,0.9742857142857143,0.8512031919370839,0.025714285714285714
PR00000209,WO00000209,2026-01-09,A,P02,P02_L03,SKU003,480,75,39,366,47.0,278,274,4,45.574,0.9037037037037037,0.9696546913149634,0.9856115107913669,0.863672182821119,0.014388489208633094
PR00000210,WO00000210,2026-01-09,B,P02,P02_L03,SKU003,480,0,0,480,47.0,341,335,6,42.625,1.0,0.9069148936170213,0.9824046920821115,0.8909574468085106,0.017595307917888565
PR00000211,WO00000211,2026-01-09,C,P02,P02_L03,SKU007,480,0,0,480,47.0,303,298,5,37.875,1.0,0.8058510638297872,0.9834983498349835,0.7925531914893617,0.0165016501650165
PR00000212,WO00000212,2026-01-09,A,P03,P03_L01,SKU004,480,0,49,431,56.693,370,357,13,51.508,0.8979166666666667,0.9085446289604003,0.9648648648648649,0.7871342141005064,0.03513513513513514
PR00000213,WO00000213,2026-01-09,B,P03,P03_L01,SKU003,480,20,0,460,57.7,402,396,6,52.435,1.0,0.9087483987642226,0.9850746268656716,0.8951849898274432,0.014925373134328358
PR00000214,WO00000214,2026-01-09,C,P03,P03_L01,SKU001,480,0,0,480,49.793,330,320,10,41.25,1.0,0.8284296989536682,0.9696969696969697,0.803325768682345,0.030303030303030304
PR00000215,WO00000215,2026-01-09,A,P03,P03_L02,SKU001,480,0,0,480,49.793,352,343,9,44.0,1.0,0.8836583455505794,0.9744318181818182,0.8610648083063885,0.02556818181818182
PR00000216,WO00000216,2026-01-09,B,P03,P03_L02,SKU004,480,20,0,460,56.6,361,348,13,47.087,1.0,0.8319250268858503,0.96398891966759,0.8019665079121217,0.036011080332409975
PR00000217,WO00000217,2026-01-09,C,P03,P03_L02,SKU004,480,0,19,461,56.6,350,337,13,45.553,0.9604166666666667,0.8048258893326077,0.9628571428571429,0.7442579505300353,0.037142857142857144
PR00000218,WO00000218,2026-01-09,A,P03,P03_L03,SKU004,480,20,0,460,56.693,395,383,12,51.522,1.0,0.9087848434627693,0.9696202531645569,0.8811761899904826,0.030379746835443037
PR00000219,WO00000219,2026-01-09,B,P03,P03_L03,SKU006,480,33,0,447,54.878,356,347,9,47.785,1.0,0.8707539432801644,0.9747191011235955,0.8487405008938681,0.025280898876404494
PR00000220,WO00000220,2026-01-09,C,P03,P03_L03,SKU001,480,32,54,394,49.793,271,264,7,41.269,0.8794642857142857,0.8288119923080539,0.974169741697417,0.7100825991031442,0.025830258302583026
PR00000221,WO00000221,2026-01-10,C,P01,P01_L01,SKU001,480,50,6,424,49.793,290,281,9,41.038,0.986046511627907,0.8241667673981605,0.9689655172413794,0.7874460732549033,0.03103448275862069
PR00000222,WO00000222,2026-01-10,C,P01,P01_L02,SKU003,480,20,4,456,61.962,416,405,11,54.737,0.991304347826087,0.8833937268852387,0.9735576923076923,0.8525561950311762,0.026442307692307692
PR00000223,WO00000223,2026-01-10,B,P01,P01_L03,SKU004,480,32,0,448,56.693,373,357,16,49.955,1.0,0.8811556478376016,0.9571045576407506,0.8433580865362568,0.04289544235924933
PR00000224,WO00000224,2026-01-10,C,P01,P01_L03,SKU004,480,0,0,480,56.693,384,368,16,48.0,1.0,0.8466653731501244,0.9583333333333334,0.8113876492688692,0.041666666666666664
PR00000225,WO00000225,2026-01-10,A,P02,P02_L02,SKU002,480,0,0,480,55.9,383,369,14,47.875,1.0,0.8564400715563506,0.9634464751958225,0.825134168157424,0.03655352480417755
PR00000226,WO00000226,2026-01-10,B,P02,P02_L02,SKU004,480,58,14,408,55.9,354,344,10,52.059,0.966824644549763,0.9312848574134484,0.9717514124293786,0.8749544294567991,0.02824858757062147
PR00000227,WO00000227,2026-01-10,A,P02,P02_L03,SKU003,480,0,0,480,47.0,345,338,7,43.125,1.0,0.9175531914893617,0.9797101449275363,0.898936170212766,0.020289855072463767
PR00000228,WO00000228,2026-01-10,C,P02,P02_L03,SKU001,480,12,14,454,47.0,286,277,9,37.797,0.9700854700854701,0.8041990814509327,0.9685314685314685,0.7555919258046918,0.03146853146853147
PR00000229,WO00000229,2026-01-10,B,P03,P03_L01,SKU007,480,20,0,460,57.7,363,360,3,47.348,1.0,0.8205862406751563,0.9917355371900827,0.8138045362067666,0.008264462809917356
PR00000230,WO00000230,2026-01-10,C,P03,P03_L01,SKU004,480,22,0,458,56.693,378,364,14,49.52,1.0,0.8734702812520387,0.9629629629629629,0.8411195300945558,0.037037037037037035
PR00000231,WO00000231,2026-01-10,A,P03,P03_L02,SKU004,480,17,0,463,56.6,413,396,17,53.521,1.0,0.9455921971471963,0.9588377723970944,0.9066695159086919,0.04116222760290557
PR00000232,WO00000232,2026-01-10,B,P03,P03_L02,SKU002,480,0,0,480,56.6,339,327,12,42.375,1.0,0.7486749116607774,0.9646017699115044,0.722173144876325,0.035398230088495575
PR00000233,WO00000233,2026-01-10,C,P03,P03_L02,SKU001,480,35,0,445,49.793,305,299,6,41.124,1.0,0.8258910992633096,0.980327868852459,0.809644061245015,0.019672131147540985
PR00000234,WO00000234,2026-01-10,A,P03,P03_L03,SKU003,480,0,0,480,58.1,430,421,9,53.75,1.0,0.9251290877796902,0.9790697674418605,0.9057659208261618,0.020930232558139535
PR00000235,WO00000235,2026-01-10,B,P03,P03_L03,SKU003,480,26,31,423,58.1,389,380,9,55.177,0.9317180616740088,0.9496954382881068,0.9768637532133676,0.8643763221545717,0.02313624678663239
PR00000236,WO00000236,2026-01-11,A,P01,P01_L01,SKU004,480,22,0,458,56.693,357,344,13,46.769,1.0,0.8249441545158144,0.9635854341736695,0.7949041712981517,0.036414565826330535
PR00000237,WO00000237,2026-01-11,C,P01,P01_L01,SKU002,480,65,0,415,69.9,382,364,18,55.229,1.0,0.7901132426702517,0.9528795811518325,0.7528827757381457,0.04712041884816754
PR00000238,WO00000238,2026-01-11,A,P01,P01_L02,SKU003,480,0,18,462,61.962,415,406,9,53.896,0.9625,0.869825116944319,0.9783132530120482,0.8190503857202801,0.021686746987951807
PR00000239,WO00000239,2026-01-11,B,P01,P01_L02,SKU006,480,0,0,480,54.878,387,371,16,48.375,1.0,0.881500783556252,0.958656330749354,0.845056306716717,0.041343669250646
PR00000240,WO00000240,2026-01-11,C,P01,P01_L02,SKU002,480,25,0,455,65.2,404,384,20,53.275,1.0,0.8170970134160318,0.9504950495049505,0.7766466662172183,0.04950495049504951
PR00000241,WO00000241,2026-01-11,A,P01,P01_L03,SKU003,480,0,6,474,61.962,473,463,10,59.873,0.9875,0.96629252963944,0.9788583509513742,0.9340402181982504,0.021141649048625793
PR00000242,WO00000242,2026-01-11,C,P01,P01_L03,SKU004,480,35,0,445,56.693,360,343,17,48.539,1.0,0.8561784672304629,0.9527777777777777,0.8157478173890242,0.04722222222222222
PR00000243,WO00000243,2026-01-11,A,P02,P02_L01,SKU006,480,0,0,480,48.8,361,350,11,45.125,1.0,0.9246926229508198,0.9695290858725761,0.896516393442623,0.030470914127423823
PR00000244,WO00000244,2026-01-11,C,P02,P02_L01,SKU008,480,27,9,444,48.8,294,289,5,39.73,0.9801324503311258,0.8141338059370846,0.9829931972789115,0.784388231462382,0.017006802721088437
PR00000245,WO00000245,2026-01-11,A,P02,P02_L02,SKU002,480,0,41,439,55.9,331,322,9,45.239,0.9145833333333333,0.8092876557145244,0.972809667673716,0.7200357781753131,0.027190332326283987
PR00000246,WO00000246,2026-01-11,B,P02,P02_L02,SKU004,480,0,0,480,55.9,390,377,13,48.75,1.0,0.872093023255814,0.9666666666666667,0.8430232558139535,0.03333333333333333
PR00000247,WO00000247,2026-01-11,B,P02,P02_L03,SKU003,480,24,0,456,47.0,312,304,8,41.053,1.0,0.8734602463605823,0.9743589743589743,0.851063829787234,0.02564102564102564
PR00000248,WO00000248,2026-01-11,C,P02,P02_L03,SKU003,480,0,0,480,47.0,357,349,8,44.625,1.0,0.949468085106383,0.9775910364145658,0.9281914893617021,0.022408963585434174
PR00000249,WO00000249,2026-01-11,A,P03,P03_L01,SKU001,480,0,0,480,49.793,370,362,8,46.25,1.0,0.9288454200389613,0.9783783783783784,0.9087622758219027,0.021621621621621623
PR00000250,WO00000250,2026-01-11,B,P03,P03_L01,SKU003,480,0,0,480,57.7,413,408,5,51.625,1.0,0.8947140381282496,0.9878934624697336,0.8838821490467937,0.012106537530266344
PR00000251,WO00000251,2026-01-11,C,P03,P03_L02,SKU001,480,21,0,459,49.793,322,316,6,42.092,1.0,0.8453297304435132,0.9813664596273292,0.8295782447830751,0.018633540372670808
PR00000252,WO00000252,2026-01-11,A,P03,P03_L03,SKU004,480,0,50,430,56.693,342,330,12,47.721,0.8958333333333334,0.8417429000504144,0.9649122807017544,0.7276030550508882,0.03508771929824561
PR00000253,WO00000253,2026-01-12,A,P01,P01_L01,SKU001,480,0,46,434,49.793,323,316,7,44.654,0.9041666666666667,0.8968003108907744,0.978328173374613,0.7932841965738155,0.021671826625386997
PR00000254,WO00000254,2026-01-12,B,P01,P01_L01,SKU001,480,0,83,397,49.793,291,282,9,43.98,0.8270833333333333,0.8832536474303364,0.9690721649484536,0.7079308336513164,0.030927835051546393
PR00000255,WO00000255,2026-01-12,C,P01,P01_L01,SKU001,480,27,22,431,49.793,304,294,10,42.32,0.9514348785871964,0.849922390995706,0.9671052631578947,0.7820456158695674,0.03289473684210526
PR00000256,WO00000256,2026-01-12,A,P01,P01_L02,SKU008,480,0,72,408,60.302,373,366,7,54.853,0.85,0.9096371791395077,0.9812332439678284,0.7586813041026832,0.01876675603217158
PR00000257,WO00000257,2026-01-12,B,P01,P01_L02,SKU001,480,0,0,480,49.793,390,378,12,48.75,1.0,0.9790532805816079,0.9692307692307692,0.94892856425602,0.03076923076923077
PR00000258,WO00000258,2026-01-12,C,P01,P01_L02,SKU008,480,51,0,429,60.302,348,342,6,48.671,1.0,0.8071262756016163,0.9827586206896551,0.7932103053326229,0.017241379310344827
PR00000259,WO00000259,2026-01-12,A,P01,P01_L03,SKU008,480,0,0,480,60.302,411,402,9,51.375,1.0,0.8519617923120295,0.9781021897810219,0.8333056946701602,0.021897810218978103
PR00000260,WO00000260,2026-01-12,B,P01,P01_L03,SKU008,480,0,0,480,60.302,415,410,5,51.875,1.0,0.8602533912639714,0.9879518072289156,0.849888892574044,0.012048192771084338
PR00000261,WO00000261,2026-01-12,C,P01,P01_L03,SKU003,480,0,0,480,61.962,459,448,11,57.375,1.0,0.9259707562699718,0.9760348583877996,0.9037797359672056,0.023965141612200435
PR00000262,WO00000262,2026-01-12,A,P02,P02_L01,SKU003,480,26,65,389,48.8,312,304,8,48.123,0.8568281938325991,0.9861351089384298,0.9743589743589743,0.8232830215931249,0.02564102564102564
PR00000263,WO00000263,2026-01-12,B,P02,P02_L01,SKU004,480,0,0,480,48.8,310,300,10,38.75,1.0,0.7940573770491803,0.967741935483871,0.7684426229508197,0.03225806451612903
PR00000264,WO00000264,2026-01-12,C,P02,P02_L01,SKU004,480,0,0,480,48.8,303,293,10,37.875,1.0,0.7761270491803279,0.966996699669967,0.7505122950819673,0.033003300330033
PR00000265,WO00000265,2026-01-12,A,P02,P02_L02,SKU004,480,47,0,433,55.9,359,349,10,49.746,1.0,0.8899098109044937,0.9721448467966574,0.8651212367845914,0.027855153203342618
PR00000266,WO00000266,2026-01-12,B,P02,P02_L02,SKU004,480,0,0,480,55.9,376,363,13,47.0,1.0,0.8407871198568874,0.9654255319148937,0.811717352415027,0.034574468085106384
PR00000267,WO00000267,2026-01-12,C,P02,P02_L02,SKU004,480,79,0,401,55.9,316,306,10,47.282,1.0,0.8458281844583532,0.9683544303797469,0.819061469760304,0.03164556962025317
PR00000268,WO00000268,2026-01-12,A,P02,P02_L03,SKU004,480,20,0,460,47.0,317,306,11,41.348,1.0,0.8797409805735429,0.9652996845425867,0.8492136910268269,0.03470031545741325
PR00000269,WO00000269,2026-01-12,B,P02,P02_L03,SKU005,480,0,0,480,47.0,302,297,5,37.75,1.0,0.8031914893617021,0.9834437086092715,0.7898936170212766,0.016556291390728478
PR00000270,WO00000270,2026-01-12,C,P02,P02_L03,SKU005,480,0,41,439,47.0,263,257,6,35.945,0.9145833333333333,0.7647942616197354,0.9771863117870723,0.6835106382978724,0.022813688212927757
PR00000271,WO00000271,2026-01-12,A,P03,P03_L01,SKU001,480,0,0,480,49.793,353,347,6,44.125,1.0,0.8861687385777117,0.9830028328611898,0.8711063804149178,0.0169971671388102
PR00000272,WO00000272,2026-01-12,B,P03,P03_L01,SKU004,480,37,0,443,56.693,369,356,13,49.977,1.0,0.8815449285902818,0.964769647696477,0.8504877901846621,0.03523035230352303
PR00000273,WO00000273,2026-01-12,C,P03,P03_L01,SKU001,480,0,0,480,49.793,325,319,6,40.625,1.0,0.8158777338180065,0.9815384615384616,0.8008153756552127,0.018461538461538463
PR00000274,WO00000274,2026-01-12,A,P03,P03_L02,SKU001,480,0,0,480,49.793,369,360,9,46.125,1.0,0.926335027011829,0.975609756097561,0.903741489767638,0.024390243902439025
PR00000275,WO00000275,2026-01-12,B,P03,P03_L02,SKU002,480,52,7,421,56.6,323,311,12,46.033,0.9836448598130841,0.8133083773280848,0.9628482972136223,0.7702849971929594,0.03715170278637771
PR00000276,WO00000276,2026-01-12,C,P03,P03_L02,SKU001,480,23,0,457,49.793,315,307,8,41.357,1.0,0.8305720474888578,0.9746031746031746,0.8094781542192995,0.025396825396825397
PR00000277,WO00000277,2026-01-12,A,P03,P03_L03,SKU006,480,38,0,442,54.878,375,365,10,50.905,1.0,0.9276026344904263,0.9733333333333334,0.9028665642373483,0.02666666666666667
PR00000278,WO00000278,2026-01-12,B,P03,P03_L03,SKU004,480,16,0,464,56.693,380,368,12,49.138,1.0,0.8667371815653213,0.968421052631579,0.8393665337264165,0.031578947368421054
PR00000279,WO00000279,2026-01-12,C,P03,P03_L03,SKU001,480,0,60,420,49.793,280,273,7,40.0,0.875,0.803325768682345,0.975,0.6853372964071255,0.025
PR00000280,WO00000280,2026-01-13,A,P01,P01_L01,SKU005,480,0,0,480,50.42,350,340,10,43.75,1.0,0.8677112257040857,0.9714285714285714,0.8429194763982546,0.02857142857142857
PR00000281,WO00000281,2026-01-13,B,P01,P01_L01,SKU005,480,22,0,458,50.42,350,339,11,45.852,1.0,0.9093916775938015,0.9685714285714285,0.8808107962979962,0.03142857142857143
PR00000282,WO00000282,2026-01-13,C,P01,P01_L01,SKU001,480,0,0,480,49.793,326,317,9,40.75,1.0,0.8183881268451388,0.9723926380368099,0.795794589600948,0.027607361963190184
PR00000283,WO00000283,2026-01-13,A,P01,P01_L02,SKU002,480,17,0,463,65.2,448,431,17,58.056,1.0,0.8904318329380274,0.9620535714285714,0.8566431249917184,0.03794642857142857
PR00000284,WO00000284,2026-01-13,B,P01,P01_L02,SKU006,480,30,0,450,54.878,394,382,12,52.533,1.0,0.9572749249851186,0.9695431472081218,0.9281193435134906,0.030456852791878174
PR00000285,WO00000285,2026-01-13,C,P01,P01_L02,SKU001,480,22,0,458,49.793,332,324,8,43.493,1.0,0.8734852244624624,0.9759036144578314,0.8524373877284271,0.024096385542168676
PR00000286,WO00000286,2026-01-13,A,P01,P01_L03,SKU003,480,0,0,480,61.962,457,447,10,57.125,1.0,0.9219360253058325,0.9781181619256017,0.901762370485136,0.02188183807439825
PR00000287,WO00000287,2026-01-13,B,P01,P01_L03,SKU008,480,37,48,395,60.302,331,325,6,50.278,0.891647855530474,0.8337780009395747,0.9818731117824774,0.7299601786133946,0.01812688821752266
PR00000288,WO00000288,2026-01-13,C,P01,P01_L03,SKU003,480,34,0,446,61.962,420,409,11,56.502,1.0,0.9118853838234137,0.9738095238095238,0.8880026713899433,0.02619047619047619
PR00000289,WO00000289,2026-01-13,A,P02,P02_L01,SKU003,480,19,0,461,48.8,363,357,6,47.245,1.0,0.9681376906937876,0.9834710743801653,0.9521354148145516,0.01652892561983471
PR00000290,WO00000290,2026-01-13,B,P02,P02_L01,SKU003,480,43,21,416,48.8,290,282,8,41.827,0.9519450800915332,0.8571090794451451,0.9724137931034482,0.7934126120718761,0.027586206896551724
PR00000291,WO00000291,2026-01-13,C,P02,P02_L01,SKU005,480,0,27,453,48.8,307,299,8,40.662,0.94375,0.8332428617956791,0.9739413680781759,0.7658811475409836,0.026058631921824105
PR00000292,WO00000292,2026-01-13,A,P02,P02_L02,SKU004,480,25,0,455,55.9,366,352,14,48.264,1.0,0.8633942086536005,0.9617486338797814,0.8303682006723152,0.03825136612021858
PR00000293,WO00000293,2026-01-13,B,P02,P02_L02,SKU002,480,29,0,451,55.9,359,345,14,47.761,1.0,0.8543923461677291,0.9610027855153204,0.8210734245901575,0.03899721448467967
PR00000294,WO00000294,2026-01-13,C,P02,P02_L02,SKU004,480,0,0,480,55.9,383,369,14,47.875,1.0,0.8564400715563506,0.9634464751958225,0.825134168157424,0.03655352480417755
PR00000295,WO00000295,2026-01-13,A,P02,P02_L03,SKU007,480,0,0,480,47.0,317,313,4,39.625,1.0,0.8430851063829787,0.9873817034700315,0.8324468085106382,0.012618296529968454
PR00000296,WO00000296,2026-01-13,B,P02,P02_L03,SKU003,480,0,0,480,47.0,340,332,8,42.5,1.0,0.9042553191489362,0.9764705882352941,0.8829787234042553,0.023529411764705882
PR00000297,WO00000297,2026-01-13,C,P02,P02_L03,SKU003,480,0,13,467,47.0,308,300,8,39.572,0.9729166666666667,0.8419517973483985,0.974025974025974,0.7978723404255319,0.025974025974025976
PR00000298,WO00000298,2026-01-13,A,P03,P03_L01,SKU004,480,68,0,412,56.693,342,332,10,49.806,1.0,0.8785180752953354,0.9707602339181286,0.8528304122750039,0.029239766081871343
PR00000299,WO00000299,2026-01-13,B,P03,P03_L01,SKU001,480,35,0,445,49.793,327,318,9,44.09,1.0,0.8854635719970565,0.9724770642201835,0.8610930149696147,0.027522935779816515
PR00000300,WO00000300,2026-01-13,C,P03,P03_L01,SKU001,480,0,0,480,49.793,344,335,9,43.0,1.0,0.8635752013335208,0.9738372093023255,0.8409816640893298,0.02616279069767442
PR00000301,WO00000301,2026-01-13,A,P03,P03_L02,SKU006,480,67,0,413,54.878,365,356,9,53.027,1.0,0.9662639743169682,0.9753424657534246,0.9424382872790156,0.024657534246575342
PR00000302,WO00000302,2026-01-13,B,P03,P03_L02,SKU006,480,28,0,452,54.878,373,363,10,49.513,1.0,0.9022426898991068,0.9731903485254692,0.8780538778374686,0.02680965147453083
PR00000303,WO00000303,2026-01-13,C,P03,P03_L02,SKU005,480,0,0,480,50.42,319,310,9,39.875,1.0,0.7908568028560095,0.9717868338557993,0.7685442284807615,0.02821316614420063
PR00000304,WO00000304,2026-01-13,A,P03,P03_L03,SKU001,480,0,0,480,49.793,348,338,10,43.5,1.0,0.8736167734420501,0.9712643678160919,0.8485128431707268,0.028735632183908046
PR00000305,WO00000305,2026-01-13,B,P03,P03_L03,SKU003,480,26,0,454,58.1,393,383,10,51.938,1.0,0.8939470910703861,0.9745547073791349,0.8712003457505288,0.02544529262086514
PR00000306,WO00000306,2026-01-13,C,P03,P03_L03,SKU001,480,22,0,458,49.793,319,311,8,41.79,1.0,0.8392824897696551,0.9749216300940439,0.8182346530356199,0.025078369905956112
PR00000307,WO00000307,2026-01-14,A,P01,P01_L01,SKU005,480,0,0,480,50.42,367,358,9,45.875,1.0,0.9098571995239984,0.9754768392370572,0.8875446251487504,0.02452316076294278
PR00000308,WO00000308,2026-01-14,B,P01,P01_L01,SKU005,480,0,72,408,50.42,289,283,6,42.5,0.85,0.8429194763982547,0.9792387543252595,0.7016065053550179,0.020761245674740483
PR00000309,WO00000309,2026-01-14,C,P01,P01_L01,SKU008,480,18,0,462,60.302,382,373,9,49.61,1.0,0.8226989089978709,0.9764397905759162,0.8033159504089158,0.02356020942408377
PR00000310,WO00000310,2026-01-14,A,P01,P01_L02,SKU006,480,0,0,480,54.878,412,396,16,51.5,1.0,0.9384452786180254,0.9611650485436893,0.9020008017784904,0.038834951456310676
PR00000311,WO00000311,2026-01-14,B,P01,P01_L02,SKU006,480,24,7,449,54.878,357,344,13,47.706,0.9846491228070176,0.8693103495577272,0.9635854341736695,0.8247960547894756,0.036414565826330535
PR00000312,WO00000312,2026-01-14,C,P01,P01_L02,SKU002,480,0,0,480,65.2,422,402,20,52.75,1.0,0.8090490797546012,0.95260663507109,0.7707055214723926,0.04739336492890995
PR00000313,WO00000313,2026-01-14,A,P01,P01_L03,SKU008,480,0,0,480,60.302,398,394,4,49.75,1.0,0.8250140957182183,0.9899497487437185,0.8167224967662763,0.010050251256281407
PR00000314,WO00000314,2026-01-14,B,P01,P01_L03,SKU003,480,0,0,480,61.962,486,474,12,60.75,1.0,0.9804396242858525,0.9753086419753086,0.9562312385010167,0.024691358024691357
PR00000315,WO00000315,2026-01-14,C,P01,P01_L03,SKU003,480,0,0,480,61.962,479,469,10,59.875,1.0,0.9663180659113649,0.9791231732776617,0.9461444110906683,0.020876826722338204
PR00000316,WO00000316,2026-01-14,A,P02,P02_L01,SKU005,480,0,56,424,48.8,307,300,7,43.443,0.8833333333333333,0.8902335292298176,0.9771986970684039,0.7684426229508197,0.02280130293159609
PR00000317,WO00000317,2026-01-14,B,P02,P02_L01,SKU006,480,0,17,463,48.8,353,344,9,45.745,0.9645833333333333,0.9374004178026414,0.9745042492917847,0.8811475409836066,0.025495750708215296
PR00000318,WO00000318,2026-01-14,C,P02,P02_L01,SKU003,480,35,0,445,48.8,318,311,7,42.876,1.0,0.8786148461963529,0.9779874213836478,0.8592742678209615,0.0220125786163522
PR00000319,WO00000319,2026-01-14,A,P02,P02_L02,SKU002,480,0,12,468,55.9,358,346,12,45.897,0.975,0.8210632539791753,0.9664804469273743,0.7737030411449017,0.0335195530726257
PR00000320,WO00000320,2026-01-14,B,P02,P02_L02,SKU008,480,43,0,437,55.9,352,345,7,48.33,1.0,0.8645710098533259,0.9801136363636364,0.8473778363619245,0.019886363636363636
PR00000321,WO00000321,2026-01-14,C,P02,P02_L02,SKU006,480,0,0,480,54.878,412,398,14,51.5,1.0,0.9384452786180254,0.9660194174757282,0.9065563613834323,0.03398058252427184
PR00000322,WO00000322,2026-01-14,A,P02,P02_L03,SKU007,480,0,11,469,47.0,327,323,4,41.834,0.9770833333333333,0.8900784829651137,0.9877675840978594,0.8590425531914895,0.012232415902140673
PR00000323,WO00000323,2026-01-14,B,P02,P02_L03,SKU003,480,0,0,480,47.0,341,332,9,42.625,1.0,0.9069148936170213,0.9736070381231672,0.8829787234042553,0.026392961876832845
PR00000324,WO00000324,2026-01-14,C,P02,P02_L03,SKU003,480,0,0,480,47.0,303,298,5,37.875,1.0,0.8058510638297872,0.9834983498349835,0.7925531914893617,0.0165016501650165
PR00000325,WO00000325,2026-01-14,A,P03,P03_L01,SKU001,480,89,0,391,49.793,297,290,7,45.575,1.0,0.9152982863119813,0.9764309764309764,0.8937255994292073,0.02356902356902357
PR00000326,WO00000326,2026-01-14,B,P03,P03_L01,SKU003,480,19,0,461,57.7,422,416,6,54.924,1.0,0.9518904348545283,0.985781990521327,0.9383564476291084,0.014218009478672985
PR00000327,WO00000327,2026-01-14,C,P03,P03_L01,SKU004,480,0,0,480,56.693,382,366,16,47.75,1.0,0.8422556576649675,0.9581151832460733,0.8069779337837122,0.041884816753926704
PR00000328,WO00000328,2026-01-14,A,P03,P03_L02,SKU001,480,0,0,480,49.793,369,363,6,46.125,1.0,0.926335027011829,0.983739837398374,0.911272668849035,0.016260162601626018
PR00000329,WO00000329,2026-01-14,B,P03,P03_L02,SKU006,480,69,0,411,54.878,367,355,12,53.577,1.0,0.9762863503729441,0.9673024523160763,0.9443641808784609,0.0326975476839237
PR00000330,WO00000330,2026-01-14,C,P03,P03_L02,SKU001,480,0,0,480,49.793,322,313,9,40.25,1.0,0.8083465547366095,0.9720496894409938,0.7857530174924185,0.027950310559006212
PR00000331,WO00000331,2026-01-14,A,P03,P03_L03,SKU004,480,0,0,480,56.693,415,401,14,51.875,1.0,0.9150159631700563,0.9662650602409638,0.884147954773958,0.033734939759036145
PR00000332,WO00000332,2026-01-14,B,P03,P03_L03,SKU006,480,23,4,453,54.878,374,364,10,49.536,0.9912472647702407,0.9026645256944423,0.9732620320855615,0.8708395778724768,0.026737967914438502
PR00000333,WO00000333,2026-01-14,C,P03,P03_L03,SKU004,480,0,0,480,56.693,397,383,14,49.625,1.0,0.8753285238036442,0.964735516372796,0.844460515407546,0.03526448362720403
PR00000334,WO00000334,2026-01-15,A,P01,P01_L01,SKU001,480,19,0,461,49.793,353,344,9,45.944,1.0,0.9226919620765762,0.9745042492917847,0.8991672378309978,0.025495750708215296
PR00000335,WO00000335,2026-01-15,B,P01,P01_L01,SKU005,480,0,0,480,50.42,346,339,7,43.25,1.0,0.8577945259817532,0.9797687861271677,0.8404403014676716,0.02023121387283237
PR00000336,WO00000336,2026-01-15,C,P01,P01_L01,SKU006,480,20,0,460,54.878,381,369,12,49.696,1.0,0.9055660223388797,0.968503937007874,0.8770442578557653,0.031496062992125984
PR00000337,WO00000337,2026-01-15,A,P01,P01_L02,SKU001,480,0,0,480,49.793,339,331,8,42.375,1.0,0.8510232361978591,0.976401179941003,0.8309400919808005,0.02359882005899705
PR00000338,WO00000338,2026-01-15,B,P01,P01_L02,SKU004,480,0,0,480,56.693,392,378,14,49.0,1.0,0.8643042350907519,0.9642857142857143,0.8334362266946537,0.03571428571428571
PR00000339,WO00000339,2026-01-15,C,P01,P01_L02,SKU002,480,26,0,454,65.2,386,371,15,51.013,1.0,0.7824112861814545,0.961139896373057,0.7520067025215534,0.038860103626943004
PR00000340,WO00000340,2026-01-15,A,P01,P01_L03,SKU002,480,48,0,432,72.0,447,426,21,62.083,1.0,0.8622685185185186,0.9530201342281879,0.8217592592592593,0.04697986577181208
PR00000341,WO00000341,2026-01-15,B,P01,P01_L03,SKU002,480,36,0,444,72.0,445,425,20,60.135,1.0,0.8352102102102101,0.9550561797752809,0.7976726726726726,0.0449438202247191
PR00000342,WO00000342,2026-01-15,C,P01,P01_L03,SKU008,480,0,14,466,60.302,387,382,5,49.828,0.9708333333333333,0.8263129942664839,0.9870801033591732,0.7918476999104508,0.012919896640826873
PR00000343,WO00000343,2026-01-15,A,P02,P02_L01,SKU003,480,0,0,480,48.8,380,372,8,47.5,1.0,0.973360655737705,0.9789473684210527,0.9528688524590165,0.021052631578947368
PR00000344,WO00000344,2026-01-15,B,P02,P02_L01,SKU002,480,38,0,442,48.8,293,283,10,39.774,1.0,0.8150359765596025,0.9658703071672355,0.787219049031971,0.034129692832764506
PR00000345,WO00000345,2026-01-15,C,P02,P02_L01,SKU006,480,99,0,381,48.8,265,257,8,41.732,1.0,0.8551697431263716,0.969811320754717,0.8293532980508586,0.03018867924528302
PR00000346,WO00000346,2026-01-15,A,P02,P02_L02,SKU006,480,0,0,480,54.878,402,392,10,50.25,1.0,0.915667480593316,0.9751243781094527,0.8928896825686067,0.024875621890547265
PR00000347,WO00000347,2026-01-15,B,P02,P02_L02,SKU004,480,49,0,431,55.9,334,323,11,46.497,1.0,0.8317803170228574,0.9670658682634731,0.8043863544861765,0.03293413173652695
PR00000348,WO00000348,2026-01-15,C,P02,P02_L02,SKU004,480,28,0,452,55.9,334,318,16,44.336,1.0,0.7931356562762202,0.9520958083832335,0.7551411338198742,0.04790419161676647
PR00000349,WO00000349,2026-01-15,A,P02,P02_L03,SKU003,480,33,0,447,47.0,328,323,5,44.027,1.0,0.9367413965443381,0.9847560975609756,0.9224618020848208,0.01524390243902439
PR00000350,WO00000350,2026-01-15,B,P02,P02_L03,SKU005,480,0,0,480,47.0,294,288,6,36.75,1.0,0.7819148936170213,0.9795918367346939,0.7659574468085106,0.02040816326530612
PR00000351,WO00000351,2026-01-15,C,P02,P02_L03,SKU008,480,14,0,466,47.0,294,288,6,37.854,1.0,0.8054058990046572,0.9795918367346939,0.7889690439229294,0.02040816326530612
PR00000352,WO00000352,2026-01-15,A,P03,P03_L01,SKU001,480,22,12,446,49.793,350,341,9,47.085,0.9737991266375546,0.9456188981126257,0.9742857142857143,0.8971640407882521,0.025714285714285714
PR00000353,WO00000353,2026-01-15,B,P03,P03_L01,SKU001,480,20,0,460,49.793,337,332,5,43.957,1.0,0.8827851653672291,0.9851632047477745,0.8696874626169735,0.01483679525222552
PR00000354,WO00000354,2026-01-15,C,P03,P03_L01,SKU004,480,33,20,427,56.693,326,314,12,45.808,0.9552572706935123,0.8080003268353061,0.9631901840490797,0.7434365972291361,0.03680981595092025
PR00000355,WO00000355,2026-01-15,A,P03,P03_L02,SKU001,480,0,0,480,49.793,359,350,9,44.875,1.0,0.9012310967405057,0.9749303621169917,0.8786375594963148,0.025069637883008356
PR00000356,WO00000356,2026-01-15,B,P03,P03_L02,SKU001,480,0,0,480,49.793,330,322,8,41.25,1.0,0.8284296989536682,0.9757575757575757,0.8083465547366095,0.024242424242424242
PR00000357,WO00000357,2026-01-15,C,P03,P03_L02,SKU006,480,0,0,480,54.878,358,346,12,44.75,1.0,0.8154451692845949,0.9664804469273743,0.7881118116549437,0.0335195530726257
PR00000358,WO00000358,2026-01-15,A,P03,P03_L03,SKU004,480,36,0,444,56.693,379,366,13,51.216,1.0,0.9033957669591698,0.9656992084432717,0.8724085770634726,0.03430079155672823
PR00000359,WO00000359,2026-01-15,B,P03,P03_L03,SKU004,480,0,0,480,56.693,382,367,15,47.75,1.0,0.8422556576649675,0.9607329842931938,0.8091827915262908,0.03926701570680628
PR00000360,WO00000360,2026-01-15,C,P03,P03_L03,SKU001,480,27,43,410,49.793,290,283,7,42.439,0.9050772626931567,0.8523090472605367,0.9758620689655172,0.7527854057519987,0.02413793103448276
PR00000361,WO00000361,2026-01-16,A,P01,P01_L01,SKU001,480,0,0,480,49.793,353,344,9,44.125,1.0,0.8861687385777117,0.9745042492917847,0.8635752013335207,0.025495750708215296
PR00000362,WO00000362,2026-01-16,B,P01,P01_L01,SKU005,480,37,20,423,50.42,308,300,8,43.688,0.9548532731376975,0.8664804296392572,0.974025974025974,0.8058717607313017,0.025974025974025976
PR00000363,WO00000363,2026-01-16,C,P01,P01_L01,SKU005,480,0,38,442,50.42,315,305,10,42.76,0.9208333333333333,0.8480797500094232,0.9682539682539683,0.7561483538278461,0.031746031746031744
PR00000364,WO00000364,2026-01-16,A,P01,P01_L02,SKU001,480,33,0,447,49.793,330,322,8,44.295,1.0,0.8895889384737377,0.9757575757575757,0.8680231460258895,0.024242424242424242
PR00000365,WO00000365,2026-01-16,B,P01,P01_L02,SKU003,480,0,0,480,61.962,449,440,9,56.125,1.0,0.9057971014492753,0.9799554565701559,0.8876408121106484,0.0200445434298441
PR00000366,WO00000366,2026-01-16,C,P01,P01_L02,SKU004,480,0,7,473,56.693,386,371,15,48.964,0.9854166666666667,0.8636702802218499,0.961139896373057,0.8180022224966045,0.038860103626943004
PR00000367,WO00000367,2026-01-16,A,P01,P01_L03,SKU003,480,0,37,443,61.962,455,445,10,61.625,0.9229166666666667,0.9945657365327601,0.978021978021978,0.8977276395209968,0.02197802197802198
PR00000368,WO00000368,2026-01-16,B,P01,P01_L03,SKU004,480,30,0,450,56.693,365,351,14,48.667,1.0,0.8584246144438761,0.9616438356164384,0.8254987388213713,0.038356164383561646
PR00000369,WO00000369,2026-01-16,C,P01,P01_L03,SKU003,480,0,0,480,61.962,432,421,11,54.0,1.0,0.8715018882540911,0.9745370370370371,0.8493108679513249,0.02546296296296296
PR00000370,WO00000370,2026-01-16,A,P02,P02_L01,SKU003,480,0,0,480,48.8,350,343,7,43.75,1.0,0.896516393442623,0.98,0.8785860655737705,0.02
PR00000371,WO00000371,2026-01-16,B,P02,P02_L01,SKU002,480,0,15,465,48.8,302,293,9,38.968,0.96875,0.7985193019566367,0.9701986754966887,0.7505122950819672,0.029801324503311258
PR00000372,WO00000372,2026-01-16,C,P02,P02_L01,SKU003,480,32,18,430,48.8,282,274,8,39.349,0.9598214285714286,0.8063286313381623,0.9716312056737588,0.7519759953161592,0.028368794326241134
PR00000373,WO00000373,2026-01-16,A,P02,P02_L02,SKU006,480,15,0,465,54.878,364,354,10,46.968,1.0,0.8558573915864985,0.9725274725274725,0.8323448258835727,0.027472527472527472
PR00000374,WO00000374,2026-01-16,B,P02,P02_L02,SKU006,480,0,0,480,54.878,395,385,10,49.375,1.0,0.8997230219760195,0.9746835443037974,0.8769452239513101,0.02531645569620253
PR00000375,WO00000375,2026-01-16,C,P02,P02_L02,SKU006,480,0,32,448,54.878,352,341,11,47.143,0.9333333333333333,0.8590483826461813,0.96875,0.776722912642589,0.03125
PR00000376,WO00000376,2026-01-16,A,P02,P02_L03,SKU003,480,23,0,457,47.0,339,331,8,44.508,1.0,0.9469714604962988,0.976401179941003,0.924624051399041,0.02359882005899705
PR00000377,WO00000377,2026-01-16,B,P02,P02_L03,SKU004,480,20,16,444,47.0,294,282,12,39.73,0.9652173913043478,0.8453133985048878,0.9591836734693877,0.7826086956521738,0.04081632653061224
PR00000378,WO00000378,2026-01-16,C,P02,P02_L03,SKU007,480,0,0,480,47.0,302,298,4,37.75,1.0,0.8031914893617021,0.9867549668874173,0.7925531914893618,0.013245033112582781
PR00000379,WO00000379,2026-01-16,A,P03,P03_L01,SKU001,480,0,0,480,49.793,353,346,7,44.125,1.0,0.8861687385777117,0.9801699716713881,0.8685959873877854,0.019830028328611898
PR00000380,WO00000380,2026-01-16,B,P03,P03_L01,SKU003,480,0,139,341,57.7,298,292,6,52.434,0.7104166666666667,0.9087351402999639,0.9798657718120806,0.6325823223570191,0.020134228187919462
PR00000381,WO00000381,2026-01-16,C,P03,P03_L01,SKU003,480,0,17,463,57.7,385,377,8,49.892,0.9645833333333333,0.8646795258112452,0.9792207792207792,0.8167244367417676,0.02077922077922078
PR00000382,WO00000382,2026-01-16,A,P03,P03_L02,SKU002,480,0,0,480,56.6,388,375,13,48.5,1.0,0.8568904593639576,0.9664948453608248,0.8281802120141343,0.03350515463917526
PR00000383,WO00000383,2026-01-16,B,P03,P03_L02,SKU006,480,0,59,421,54.878,342,331,11,48.741,0.8770833333333333,0.8881718108637263,0.9678362573099415,0.7539451146178797,0.03216374269005848
PR00000384,WO00000384,2026-01-16,C,P03,P03_L02,SKU001,480,0,50,430,49.793,289,281,8,40.326,0.8958333333333334,0.8098644667995268,0.972318339100346,0.7054204406241842,0.02768166089965398
PR00000385,WO00000385,2026-01-16,A,P03,P03_L03,SKU004,480,0,0,480,56.693,390,377,13,48.75,1.0,0.859894519605595,0.9666666666666667,0.8312313689520752,0.03333333333333333
PR00000386,WO00000386,2026-01-16,B,P03,P03_L03,SKU003,480,0,35,445,58.1,405,398,7,54.607,0.9270833333333334,0.9398750701038503,0.9827160493827161,0.8562822719449226,0.01728395061728395
PR00000387,WO00000387,2026-01-16,C,P03,P03_L03,SKU004,480,26,0,454,56.693,333,320,13,44.009,1.0,0.7762653338628619,0.960960960960961,0.745960681189537,0.03903903903903904
PR00000388,WO00000388,2026-01-17,B,P01,P01_L01,SKU001,480,37,9,434,49.793,302,293,9,41.751,0.9796839729119639,0.8384944083251203,0.9701986754966887,0.7969789510968184,0.029801324503311258
PR00000389,WO00000389,2026-01-17,A,P01,P01_L02,SKU002,480,53,0,427,65.2,384,368,16,53.958,1.0,0.8275743164609703,0.9583333333333334,0.7930920532750966,0.041666666666666664
PR00000390,WO00000390,2026-01-17,C,P01,P01_L02,SKU003,480,24,0,456,61.962,409,399,10,53.816,1.0,0.8685289285963044,0.9755501222493888,0.8472935024692554,0.02444987775061125
PR00000391,WO00000391,2026-01-17,A,P01,P01_L03,SKU003,480,24,0,456,61.962,435,424,11,57.237,1.0,0.9237410365266318,0.9747126436781609,0.9003820677868778,0.02528735632183908
PR00000392,WO00000392,2026-01-17,C,P01,P01_L03,SKU003,480,0,0,480,61.962,438,428,10,54.75,1.0,0.8836060811465091,0.9771689497716894,0.8634324263258125,0.0228310502283105
PR00000393,WO00000393,2026-01-17,A,P02,P02_L01,SKU005,480,0,30,450,48.8,318,309,9,42.4,0.9375,0.8688524590163934,0.9716981132075472,0.7914959016393442,0.02830188679245283
PR00000394,WO00000394,2026-01-17,B,P02,P02_L01,SKU005,480,12,0,468,48.8,320,312,8,41.026,1.0,0.8406893652795292,0.975,0.819672131147541,0.025
PR00000395,WO00000395,2026-01-17,C,P02,P02_L01,SKU001,480,46,0,434,48.8,302,293,9,41.751,1.0,0.8555563949535394,0.9701986754966887,0.8300596811966459,0.029801324503311258
PR00000396,WO00000396,2026-01-17,A,P02,P02_L02,SKU004,480,17,0,463,55.9,398,388,10,51.577,1.0,0.9226596398227319,0.9748743718592965,0.8994772368121106,0.02512562814070352
PR00000397,WO00000397,2026-01-17,B,P02,P02_L02,SKU003,480,34,0,446,55.9,363,356,7,48.834,1.0,0.8735971505811948,0.9807162534435262,0.8567509245369294,0.01928374655647383
PR00000398,WO00000398,2026-01-17,C,P02,P02_L02,SKU002,480,77,57,346,55.9,261,250,11,45.26,0.858560794044665,0.8096621754371451,0.9578544061302682,0.6658469351065577,0.0421455938697318
PR00000399,WO00000399,2026-01-17,B,P02,P02_L03,SKU005,480,51,80,349,47.0,228,222,6,39.198,0.8135198135198135,0.8339937816253125,0.9736842105263158,0.660615979764916,0.02631578947368421
PR00000400,WO00000400,2026-01-17,A,P03,P03_L01,SKU003,480,0,0,480,57.7,438,429,9,54.75,1.0,0.9488734835355286,0.9794520547945206,0.9293760831889082,0.02054794520547945
PR00000401,WO00000401,2026-01-17,C,P03,P03_L01,SKU007,480,0,28,452,57.7,375,372,3,49.779,0.9416666666666667,0.8627168294964801,0.992,0.8058925476603118,0.008
PR00000402,WO00000402,2026-01-17,A,P03,P03_L02,SKU006,480,49,0,431,54.878,394,381,13,54.849,1.0,0.9994749796828383,0.9670050761421319,0.9664973788303588,0.03299492385786802
PR00000403,WO00000403,2026-01-17,B,P03,P03_L02,SKU006,480,0,0,480,54.878,401,386,15,50.125,1.0,0.9133897007908451,0.9625935162094763,0.8792230037537812,0.03740648379052369
PR00000404,WO00000404,2026-01-17,A,P03,P03_L03,SKU001,480,0,0,480,49.793,366,356,10,45.75,1.0,0.918803847930432,0.9726775956284153,0.8936999176591087,0.0273224043715847
PR00000405,WO00000405,2026-01-17,B,P03,P03_L03,SKU006,480,69,0,411,54.878,331,320,11,48.321,1.0,0.8805198418894946,0.9667673716012085,0.8512578531862184,0.03323262839879154
PR00000406,WO00000406,2026-01-18,A,P01,P01_L01,SKU001,480,0,0,480,49.793,358,352,6,44.75,1.0,0.8987207037133734,0.9832402234636871,0.8836583455505794,0.01675977653631285
PR00000407,WO00000407,2026-01-18,B,P01,P01_L01,SKU004,480,23,24,433,56.693,374,358,16,51.824,0.9474835886214442,0.91412485438264,0.9572192513368984,0.829065108281577,0.0427807486631016
PR00000408,WO00000408,2026-01-18,C,P01,P01_L01,SKU007,480,52,0,428,69.9,417,412,5,58.458,1.0,0.8363082106614255,0.988009592326139,0.8262805342745978,0.011990407673860911
PR00000409,WO00000409,2026-01-18,A,P01,P01_L02,SKU004,480,0,0,480,56.693,437,423,14,54.625,1.0,0.9635228335067821,0.9679633867276888,0.9326548251106839,0.032036613272311214
PR00000410,WO00000410,2026-01-18,A,P01,P01_L03,SKU003,480,0,13,467,61.962,463,455,8,59.486,0.9729166666666667,0.9600413377626558,0.9827213822894169,0.9179012943416932,0.017278617710583154
PR00000411,WO00000411,2026-01-18,C,P01,P01_L03,SKU003,480,28,0,452,61.962,408,398,10,54.159,1.0,0.8740726902843392,0.9754901960784313,0.852649340032272,0.024509803921568627
PR00000412,WO00000412,2026-01-18,A,P02,P02_L01,SKU003,480,0,17,463,48.8,374,366,8,48.467,0.9645833333333333,0.9931664483234784,0.9786096256684492,0.9375000000000001,0.0213903743315508
PR00000413,WO00000413,2026-01-18,B,P02,P02_L01,SKU003,480,21,0,459,48.8,341,332,9,44.575,1.0,0.9134254794814101,0.9736070381231672,0.8893174756241294,0.026392961876832845
PR00000414,WO00000414,2026-01-18,C,P02,P02_L01,SKU001,480,0,23,457,48.8,317,310,7,41.619,0.9520833333333333,0.8528536069160958,0.9779179810725552,0.7940573770491804,0.022082018927444796
PR00000415,WO00000415,2026-01-18,A,P02,P02_L02,SKU002,480,0,0,480,55.9,385,372,13,48.125,1.0,0.8609123434704831,0.9662337662337662,0.8318425760286225,0.033766233766233764
PR00000416,WO00000416,2026-01-18,B,P02,P02_L02,SKU002,480,0,0,480,55.9,371,358,13,46.375,1.0,0.8296064400715564,0.9649595687331537,0.800536672629696,0.03504043126684636
PR00000417,WO00000417,2026-01-18,C,P02,P02_L03,SKU003,480,0,0,480,47.0,320,314,6,40.0,1.0,0.851063829787234,0.98125,0.8351063829787234,0.01875
PR00000418,WO00000418,2026-01-18,A,P03,P03_L01,SKU001,480,24,0,456,49.793,339,332,7,44.605,1.0,0.8958139328398518,0.9793510324483776,0.8773163000083505,0.02064896755162242
PR00000419,WO00000419,2026-01-18,B,P03,P03_L01,SKU004,480,0,0,480,56.693,402,390,12,50.25,1.0,0.8863528125165364,0.9701492537313433,0.859894519605595,0.029850746268656716
PR00000420,WO00000420,2026-01-18,C,P03,P03_L01,SKU001,480,69,0,411,49.793,282,275,7,41.168,1.0,0.8267805356511725,0.975177304964539,0.8062576145534484,0.024822695035460994
PR00000421,WO00000421,2026-01-18,A,P03,P03_L02,SKU006,480,53,0,427,54.878,374,364,10,52.553,1.0,0.9576277052449236,0.9732620320855615,0.9320226863881075,0.026737967914438502
PR00000422,WO00000422,2026-01-18,C,P03,P03_L02,SKU006,480,0,0,480,54.878,396,385,11,49.5,1.0,0.9020008017784905,0.9722222222222222,0.8769452239513102,0.027777777777777776
PR00000423,WO00000423,2026-01-18,B,P03,P03_L03,SKU004,480,77,0,403,56.693,331,322,9,49.28,1.0,0.8692501194562381,0.972809667673716,0.845614919833561,0.027190332326283987
PR00000424,WO00000424,2026-01-19,A,P01,P01_L01,SKU005,480,0,0,480,50.42,376,368,8,47.0,1.0,0.9321697738992463,0.9787234042553191,0.9123363744545814,0.02127659574468085
PR00000425,WO00000425,2026-01-19,B,P01,P01_L01,SKU005,480,23,22,435,50.42,315,306,9,43.448,0.9518599562363238,0.8617270103544022,0.9714285714285714,0.7968079076674967,0.02857142857142857
PR00000426,WO00000426,2026-01-19,C,P01,P01_L01,SKU005,480,26,0,454,50.42,312,303,9,41.233,1.0,0.8178000828284699,0.9711538461538461,0.7942096958238025,0.028846153846153848
PR00000427,WO00000427,2026-01-19,A,P01,P01_L02,SKU004,480,45,0,435,56.693,384,370,14,52.966,1.0,0.93425144623462,0.9635416666666666,0.9001901955906494,0.036458333333333336
PR00000428,WO00000428,2026-01-19,B,P01,P01_L02,SKU001,480,0,0,480,49.793,363,354,9,45.375,1.0,0.911272668849035,0.9752066115702479,0.888679131604844,0.024793388429752067
PR00000429,WO00000429,2026-01-19,C,P01,P01_L02,SKU004,480,0,0,480,56.693,382,366,16,47.75,1.0,0.8422556576649675,0.9581151832460733,0.8069779337837122,0.041884816753926704
PR00000430,WO00000430,2026-01-19,A,P01,P01_L03,SKU004,480,13,0,467,56.693,396,382,14,50.878,1.0,0.8974290357801105,0.9646464646464646,0.8657017466363692,0.03535353535353535
PR00000431,WO00000431,2026-01-19,B,P01,P01_L03,SKU005,480,0,0,480,50.42,333,324,9,41.625,1.0,0.825565251884173,0.972972972972973,0.803252677508925,0.02702702702702703
PR00000432,WO00000432,2026-01-19,C,P01,P01_L03,SKU008,480,26,0,454,60.302,378,372,6,49.956,1.0,0.8284293578415953,0.9841269841269841,0.8152796854949033,0.015873015873015872
PR00000433,WO00000433,2026-01-19,A,P02,P02_L01,SKU005,480,12,0,468,48.8,334,325,9,42.821,1.0,0.8774695250105087,0.9730538922155688,0.8538251366120219,0.02694610778443114
PR00000434,WO00000434,2026-01-19,B,P02,P02_L01,SKU003,480,27,0,453,48.8,327,320,7,43.311,1.0,0.8875257843882315,0.9785932721712538,0.8685267614808382,0.021406727828746176
PR00000435,WO00000435,2026-01-19,C,P02,P02_L01,SKU003,480,37,21,422,48.8,293,286,7,41.659,0.9525959367945824,0.8536632740268822,0.9761092150170648,0.7937682714724495,0.023890784982935155
PR00000436,WO00000436,2026-01-19,A,P02,P02_L02,SKU006,480,31,0,449,54.878,398,386,12,53.185,1.0,0.9691471123920881,0.9698492462311558,0.9399265964405678,0.03015075376884422
PR00000437,WO00000437,2026-01-19,B,P02,P02_L02,SKU005,480,0,0,480,50.42,315,308,7,39.375,1.0,0.7809401031336771,0.9777777777777777,0.7635858786195954,0.022222222222222223
PR00000438,WO00000438,2026-01-19,C,P02,P02_L02,SKU004,480,0,0,480,55.9,408,392,16,51.0,1.0,0.9123434704830053,0.9607843137254902,0.8765652951699463,0.0392156862745098
PR00000439,WO00000439,2026-01-19,A,P02,P02_L03,SKU005,480,0,0,480,47.0,320,312,8,40.0,1.0,0.851063829787234,0.975,0.8297872340425532,0.025
PR00000440,WO00000440,2026-01-19,B,P02,P02_L03,SKU003,480,23,0,457,47.0,329,323,6,43.195,1.0,0.9190371991247266,0.9817629179331308,0.9022766423017833,0.0182370820668693
PR00000441,WO00000441,2026-01-19,C,P02,P02_L03,SKU005,480,0,37,443,47.0,277,269,8,37.517,0.9229166666666667,0.7982325536717736,0.9711191335740073,0.7154255319148937,0.02888086642599278
PR00000442,WO00000442,2026-01-19,A,P03,P03_L01,SKU001,480,0,20,460,49.793,358,350,8,46.696,0.9583333333333334,0.9377955169183027,0.9776536312849162,0.8786375594963148,0.0223463687150838
PR00000443,WO00000443,2026-01-19,B,P03,P03_L01,SKU004,480,0,0,480,56.693,401,388,13,50.125,1.0,0.884147954773958,0.9675810473815462,0.8554848041204383,0.032418952618453865
PR00000444,WO00000444,2026-01-19,C,P03,P03_L01,SKU001,480,0,0,480,49.793,334,324,10,41.75,1.0,0.8384712710621975,0.9700598802395209,0.8133673407908742,0.029940119760479042
PR00000445,WO00000445,2026-01-19,A,P03,P03_L02,SKU001,480,0,20,460,49.793,336,327,9,43.826,0.9583333333333334,0.880165624817178,0.9732142857142857,0.8208985198722712,0.026785714285714284
PR00000446,WO00000446,2026-01-19,B,P03,P03_L02,SKU001,480,24,0,456,49.793,312,305,7,41.053,1.0,0.8244659204897752,0.9775641025641025,0.8059682876582738,0.022435897435897436
PR00000447,WO00000447,2026-01-19,C,P03,P03_L02,SKU006,480,0,0,480,54.878,366,357,9,45.75,1.0,0.8336674077043624,0.9754098360655737,0.813167389482124,0.02459016393442623
PR00000448,WO00000448,2026-01-19,A,P03,P03_L03,SKU004,480,43,64,373,56.693,305,295,10,49.062,0.8535469107551488,0.8653918860951338,0.9672131147540983,0.7144344538881199,0.03278688524590164
PR00000449,WO00000449,2026-01-19,B,P03,P03_L03,SKU001,480,0,52,428,49.793,305,300,5,42.757,0.8916666666666667,0.8586951849817122,0.9836065573770492,0.7531179081396984,0.01639344262295082
PR00000450,WO00000450,2026-01-19,C,P03,P03_L03,SKU001,480,0,0,480,49.793,335,327,8,41.875,1.0,0.8409816640893298,0.9761194029850746,0.8208985198722712,0.023880597014925373
PR00000451,WO00000451,2026-01-20,A,P01,P01_L01,SKU005,480,0,0,480,50.42,364,354,10,45.5,1.0,0.902419674732249,0.9725274725274725,0.877627925426418,0.027472527472527472
PR00000452,WO00000452,2026-01-20,B,P01,P01_L01,SKU005,480,0,0,480,50.42,361,352,9,45.125,1.0,0.8949821499404997,0.9750692520775623,0.8726695755652518,0.024930747922437674
PR00000453,WO00000453,2026-01-20,C,P01,P01_L01,SKU004,480,45,74,361,56.693,287,274,13,47.701,0.8298850574712644,0.8413883729019589,0.9547038327526133,0.6666273340319946,0.04529616724738676
PR00000454,WO00000454,2026-01-20,A,P01,P01_L02,SKU003,480,0,37,443,61.962,447,437,10,60.542,0.9229166666666667,0.9770788664398765,0.9776286353467561,0.8815887156644395,0.02237136465324385
PR00000455,WO00000455,2026-01-20,B,P01,P01_L02,SKU001,480,27,0,453,49.793,331,322,9,43.841,1.0,0.8804663226286629,0.972809667673716,0.8565261507142884,0.027190332326283987
PR00000456,WO00000456,2026-01-20,C,P01,P01_L02,SKU008,480,28,0,452,60.302,387,378,9,51.372,1.0,0.8519067595756228,0.9767441860465116,0.8320949744692129,0.023255813953488372
PR00000457,WO00000457,2026-01-20,A,P01,P01_L03,SKU003,480,0,0,480,61.962,460,449,11,57.5,1.0,0.9279881217520415,0.9760869565217392,0.9057971014492753,0.02391304347826087
PR00000458,WO00000458,2026-01-20,B,P01,P01_L03,SKU004,480,0,0,480,56.693,390,378,12,48.75,1.0,0.859894519605595,0.9692307692307692,0.8334362266946537,0.03076923076923077
PR00000459,WO00000459,2026-01-20,C,P01,P01_L03,SKU003,480,45,12,423,61.962,389,381,8,55.177,0.9724137931034482,0.8905023234327331,0.9794344473007712,0.8481282743928703,0.02056555269922879
PR00000460,WO00000460,2026-01-20,A,P02,P02_L01,SKU001,480,13,0,467,48.8,336,326,10,43.169,1.0,0.8846140344718644,0.9702380952380952,0.8582862358268684,0.02976190476190476
PR00000461,WO00000461,2026-01-20,B,P02,P02_L01,SKU003,480,0,29,451,48.8,325,319,6,43.237,0.9395833333333333,0.8860092326705682,0.9815384615384616,0.817110655737705,0.018461538461538463
PR00000462,WO00000462,2026-01-20,C,P02,P02_L01,SKU001,480,97,6,377,48.8,254,247,7,40.424,0.9843342036553525,0.8283689176849154,0.9724409448818898,0.7929204297393314,0.027559055118110236
PR00000463,WO00000463,2026-01-20,A,P02,P02_L02,SKU002,480,0,18,462,55.9,382,367,15,49.61,0.9625,0.887484608414841,0.9607329842931938,0.8206618962432918,0.03926701570680628
PR00000464,WO00000464,2026-01-20,B,P02,P02_L02,SKU002,480,46,0,434,55.9,354,340,14,48.94,1.0,0.8754935986743939,0.96045197740113,0.840869558048853,0.03954802259887006
PR00000465,WO00000465,2026-01-20,C,P02,P02_L02,SKU006,480,0,0,480,54.878,347,340,7,43.375,1.0,0.7903895914574146,0.9798270893371758,0.7744451328401181,0.020172910662824207
PR00000466,WO00000466,2026-01-20,A,P02,P02_L03,SKU003,480,22,0,458,47.0,314,310,4,41.135,1.0,0.8752206633838148,0.9872611464968153,0.8640713555700082,0.012738853503184714
PR00000467,WO00000467,2026-01-20,B,P02,P02_L03,SKU004,480,22,0,458,47.0,299,288,11,39.17,1.0,0.8334107590820402,0.9632107023411371,0.8027501625940722,0.03678929765886288
PR00000468,WO00000468,2026-01-20,C,P02,P02_L03,SKU007,480,0,0,480,47.0,283,276,7,35.375,1.0,0.7526595744680851,0.9752650176678446,0.7340425531914894,0.024734982332155476
PR00000469,WO00000469,2026-01-20,A,P03,P03_L01,SKU004,480,31,0,449,56.693,382,369,13,51.047,1.0,0.9004069391518583,0.9659685863874345,0.8697648181859574,0.034031413612565446
PR00000470,WO00000470,2026-01-20,B,P03,P03_L01,SKU003,480,0,93,387,57.7,356,348,8,55.194,0.80625,0.9565649644646863,0.9775280898876404,0.753899480069324,0.02247191011235955
PR00000471,WO00000471,2026-01-20,C,P03,P03_L01,SKU001,480,21,0,459,49.793,319,313,6,41.699,1.0,0.8374539876132943,0.9811912225705329,0.8217025019528561,0.018808777429467086
PR00000472,WO00000472,2026-01-20,A,P03,P03_L02,SKU008,480,0,15,465,56.6,385,380,5,49.677,0.96875,0.8776929214635814,0.987012987012987,0.8392226148409894,0.012987012987012988
PR00000473,WO00000473,2026-01-20,B,P03,P03_L02,SKU001,480,0,0,480,49.793,347,340,7,43.375,1.0,0.8711063804149177,0.9798270893371758,0.8535336292249914,0.020172910662824207
PR00000474,WO00000474,2026-01-20,C,P03,P03_L02,SKU001,480,0,0,480,49.793,332,323,9,41.5,1.0,0.8334504850079328,0.9728915662650602,0.8108569477637418,0.02710843373493976
PR00000475,WO00000475,2026-01-20,A,P03,P03_L03,SKU003,480,17,45,418,58.1,387,379,8,55.55,0.9028077753779697,0.9561142725378615,0.979328165374677,0.8453437322260345,0.020671834625323
PR00000476,WO00000476,2026-01-20,B,P03,P03_L03,SKU003,480,0,0,480,58.1,443,436,7,55.375,1.0,0.9530981067125646,0.9841986455981941,0.9380378657487092,0.01580135440180587
PR00000477,WO00000477,2026-01-20,C,P03,P03_L03,SKU003,480,17,75,388,58.1,318,312,6,49.175,0.838012958963283,0.8463899781748495,0.9811320754716981,0.6959030196689256,0.018867924528301886
PR00000478,WO00000478,2026-01-21,A,P01,P01_L01,SKU005,480,40,0,440,50.42,334,324,10,45.545,1.0,0.9033211928888247,0.9700598802395209,0.8762756481915546,0.029940119760479042
PR00000479,WO00000479,2026-01-21,B,P01,P01_L01,SKU005,480,0,0,480,50.42,343,337,6,42.875,1.0,0.8503570011900039,0.9825072886297376,0.8354819516065053,0.01749271137026239
PR00000480,WO00000480,2026-01-21,C,P01,P01_L01,SKU007,480,37,70,373,69.9,381,376,5,61.287,0.8419864559819413,0.8767791598108365,0.9868766404199475,0.7285480386362976,0.013123359580052493
PR00000481,WO00000481,2026-01-21,A,P01,P01_L02,SKU004,480,56,39,385,56.693,330,318,12,51.429,0.9080188679245284,0.9071414712322761,0.9636363636363636,0.7937487873282416,0.03636363636363636
PR00000482,WO00000482,2026-01-21,B,P01,P01_L02,SKU004,480,31,0,449,56.693,376,360,16,50.245,1.0,0.8862644217829809,0.9574468085106383,0.8485510421326413,0.0425531914893617
PR00000483,WO00000483,2026-01-21,C,P01,P01_L02,SKU001,480,26,8,446,49.793,321,313,8,43.184,0.9823788546255506,0.8672676179832939,0.9750778816199377,0.8307520889787685,0.024922118380062305
PR00000484,WO00000484,2026-01-21,A,P01,P01_L03,SKU003,480,30,0,450,61.962,441,431,10,58.8,1.0,0.9489687227655659,0.9773242630385488,0.9274501576234896,0.022675736961451247
PR00000485,WO00000485,2026-01-21,B,P01,P01_L03,SKU003,480,51,0,429,61.962,399,388,11,55.804,1.0,0.9006196669603272,0.9724310776942355,0.8757905533348546,0.02756892230576441
PR00000486,WO00000486,2026-01-21,C,P01,P01_L03,SKU003,480,63,0,417,61.962,381,373,8,54.82,1.0,0.8847381279637856,0.979002624671916,0.8661609494238636,0.02099737532808399
PR00000487,WO00000487,2026-01-21,A,P02,P02_L01,SKU003,480,19,16,445,48.8,351,344,7,47.326,0.96529284164859,0.9697918585374838,0.98005698005698,0.9174638170762063,0.019943019943019943
PR00000488,WO00000488,2026-01-21,B,P02,P02_L01,SKU001,480,35,0,445,48.8,316,309,7,42.607,1.0,0.8730889666605268,0.9778481012658228,0.8537483882851354,0.022151898734177215
PR00000489,WO00000489,2026-01-21,C,P02,P02_L01,SKU002,480,0,33,447,48.8,316,304,12,42.416,0.93125,0.8691825283309494,0.9620253164556962,0.7786885245901639,0.0379746835443038
PR00000490,WO00000490,2026-01-21,A,P02,P02_L02,SKU004,480,21,0,459,55.9,387,373,14,50.588,1.0,0.9049773755656109,0.9638242894056848,0.8722391759327464,0.03617571059431524
PR00000491,WO00000491,2026-01-21,B,P02,P02_L02,SKU004,480,20,10,450,55.9,337,324,13,44.933,0.9782608695652174,0.8038163387000596,0.9614243323442137,0.7560084000933344,0.03857566765578635
PR00000492,WO00000492,2026-01-21,C,P02,P02_L02,SKU004,480,0,0,480,55.9,360,346,14,45.0,1.0,0.8050089445438283,0.9611111111111111,0.7737030411449017,0.03888888888888889
PR00000493,WO00000493,2026-01-21,A,P02,P02_L03,SKU001,480,19,28,433,47.0,315,305,10,43.649,0.9392624728850325,0.9287012923197877,0.9682539682539683,0.8446023907324502,0.031746031746031744
PR00000494,WO00000494,2026-01-21,B,P02,P02_L03,SKU001,480,35,0,445,47.0,329,322,7,44.36,1.0,0.943820224719101,0.9787234042553191,0.9237389433420988,0.02127659574468085
PR00000495,WO00000495,2026-01-21,C,P02,P02_L03,SKU007,480,0,0,480,47.0,307,304,3,38.375,1.0,0.8164893617021277,0.990228013029316,0.8085106382978724,0.009771986970684038
PR00000496,WO00000496,2026-01-21,A,P03,P03_L01,SKU004,480,32,0,448,56.693,385,370,15,51.562,1.0,0.9095038188136102,0.961038961038961,0.8740686050935994,0.03896103896103896
PR00000497,WO00000497,2026-01-21,B,P03,P03_L01,SKU001,480,0,0,480,49.793,339,331,8,42.375,1.0,0.8510232361978591,0.976401179941003,0.8309400919808005,0.02359882005899705
PR00000498,WO00000498,2026-01-21,C,P03,P03_L01,SKU001,480,17,33,430,49.793,295,286,9,41.163,0.9287257019438445,0.8266782619579945,0.9694915254237289,0.744334243552324,0.030508474576271188
PR00000499,WO00000499,2026-01-21,A,P03,P03_L02,SKU001,480,0,0,480,49.793,360,351,9,45.0,1.0,0.903741489767638,0.975,0.881147952523447,0.025
PR00000500,WO00000500,2026-01-21,B,P03,P03_L02,SKU006,480,27,0,453,54.878,372,363,9,49.272,1.0,0.8978374426693384,0.9758064516129032,0.8761155690563706,0.024193548387096774
PR00000501,WO00000501,2026-01-21,C,P03,P03_L02,SKU008,480,0,0,480,56.6,363,357,6,45.375,1.0,0.801678445229682,0.9834710743801653,0.7884275618374559,0.01652892561983471
PR00000502,WO00000502,2026-01-21,A,P03,P03_L03,SKU001,480,0,20,460,49.793,320,312,8,41.739,0.9583333333333334,0.83825297601636,0.975,0.7832426244652864,0.025
PR00000503,WO00000503,2026-01-21,B,P03,P03_L03,SKU004,480,41,53,386,56.693,312,301,11,48.497,0.8792710706150342,0.8554391075869132,0.9647435897435898,0.7256442976030395,0.035256410256410256
PR00000504,WO00000504,2026-01-21,C,P03,P03_L03,SKU004,480,29,0,451,56.693,354,339,15,47.095,1.0,0.8307082652304435,0.9576271186440678,0.7955087624664416,0.0423728813559322
PR00000505,WO00000505,2026-01-22,A,P01,P01_L01,SKU007,480,0,0,480,69.9,524,513,11,65.5,1.0,0.9370529327610871,0.9790076335877863,0.917381974248927,0.02099236641221374
PR00000506,WO00000506,2026-01-22,B,P01,P01_L01,SKU001,480,45,0,435,49.793,324,316,8,44.69,1.0,0.897508789838206,0.9753086419753086,0.8753480789780034,0.024691358024691357
PR00000507,WO00000507,2026-01-22,C,P01,P01_L01,SKU001,480,0,0,480,49.793,337,327,10,42.125,1.0,0.8460024501435945,0.9703264094955489,0.8208985198722712,0.02967359050445104
PR00000508,WO00000508,2026-01-22,A,P01,P01_L02,SKU004,480,0,0,480,56.693,409,396,13,51.125,1.0,0.9017868167145856,0.9682151589242054,0.8731236660610658,0.03178484107579462
PR00000509,WO00000509,2026-01-22,B,P01,P01_L02,SKU004,480,0,0,480,56.693,412,395,17,51.5,1.0,0.908401389942321,0.9587378640776699,0.8709188083184873,0.0412621359223301
PR00000510,WO00000510,2026-01-22,C,P01,P01_L02,SKU002,480,0,0,480,65.2,426,409,17,53.25,1.0,0.816717791411043,0.960093896713615,0.7841257668711656,0.03990610328638498
PR00000511,WO00000511,2026-01-22,A,P01,P01_L03,SKU004,480,25,0,455,56.693,378,364,14,49.846,1.0,0.8792294259635908,0.9629629629629629,0.8466653731501244,0.037037037037037035
PR00000512,WO00000512,2026-01-22,B,P01,P01_L03,SKU003,480,32,0,448,61.962,431,422,9,57.723,1.0,0.9315905601128802,0.9791183294663574,0.9121373929643515,0.02088167053364269
PR00000513,WO00000513,2026-01-22,C,P01,P01_L03,SKU003,480,0,0,480,61.962,454,444,10,56.75,1.0,0.9158839288596236,0.9779735682819384,0.895710274038927,0.022026431718061675
PR00000514,WO00000514,2026-01-22,A,P02,P02_L01,SKU006,480,33,0,447,48.8,336,326,10,45.101,1.0,0.924194080756959,0.9702380952380952,0.8966883045439542,0.02976190476190476
PR00000515,WO00000515,2026-01-22,B,P02,P02_L01,SKU003,480,0,0,480,48.8,335,326,9,41.875,1.0,0.858094262295082,0.9731343283582089,0.8350409836065573,0.026865671641791045
PR00000516,WO00000516,2026-01-22,C,P02,P02_L01,SKU003,480,0,0,480,48.8,325,318,7,40.625,1.0,0.8324795081967213,0.9784615384615385,0.8145491803278689,0.021538461538461538
PR00000517,WO00000517,2026-01-22,A,P02,P02_L02,SKU004,480,14,0,466,55.9,383,371,12,49.313,1.0,0.8821700307876573,0.9686684073107049,0.8545302387003155,0.031331592689295036
PR00000518,WO00000518,2026-01-22,B,P02,P02_L02,SKU002,480,0,0,480,55.9,373,359,14,46.625,1.0,0.8340787119856887,0.9624664879356568,0.802772808586762,0.03753351206434316
PR00000519,WO00000519,2026-01-22,C,P02,P02_L02,SKU006,480,45,0,435,54.878,340,328,12,46.897,1.0,0.8545601465821993,0.9647058823529412,0.8243992002322393,0.03529411764705882
PR00000520,WO00000520,2026-01-22,A,P02,P02_L03,SKU003,480,30,0,450,47.0,314,308,6,41.867,1.0,0.8907801418439716,0.9808917197452229,0.8737588652482269,0.01910828025477707
PR00000521,WO00000521,2026-01-22,B,P02,P02_L03,SKU003,480,37,0,443,47.0,341,333,8,46.185,1.0,0.9826617357475624,0.9765395894428153,0.9596080879880888,0.02346041055718475
PR00000522,WO00000522,2026-01-22,C,P02,P02_L03,SKU007,480,24,95,361,47.0,243,240,3,40.388,0.7916666666666666,0.8593151411563624,0.9876543209876543,0.6718924972004479,0.012345679012345678
PR00000523,WO00000523,2026-01-22,A,P03,P03_L01,SKU001,480,0,43,437,49.793,335,328,7,45.995,0.9104166666666667,0.923732720281186,0.9791044776119403,0.8234089128994034,0.020895522388059702
PR00000524,WO00000524,2026-01-22,B,P03,P03_L01,SKU004,480,32,0,448,56.693,353,342,11,47.277,1.0,0.8339086962109205,0.9688385269121813,0.8079228728162459,0.031161473087818695
PR00000525,WO00000525,2026-01-22,C,P03,P03_L01,SKU001,480,41,8,431,49.793,297,290,7,41.346,0.9817767653758542,0.8303518096240944,0.9764309764309764,0.7960061717011847,0.02356902356902357
PR00000526,WO00000526,2026-01-22,A,P03,P03_L02,SKU001,480,36,0,444,49.793,317,312,5,42.838,1.0,0.860318475244268,0.9842271293375394,0.8467487832057148,0.015772870662460567
PR00000527,WO00000527,2026-01-22,B,P03,P03_L02,SKU001,480,0,0,480,49.793,346,337,9,43.25,1.0,0.8685959873877854,0.9739884393063584,0.8460024501435944,0.02601156069364162
PR00000528,WO00000528,2026-01-22,C,P03,P03_L02,SKU004,480,16,0,464,56.6,362,347,15,46.81,1.0,0.8270378944803216,0.9585635359116023,0.7927683684659437,0.04143646408839779
PR00000529,WO00000529,2026-01-22,A,P03,P03_L03,SKU003,480,0,55,425,58.1,380,374,6,53.647,0.8854166666666666,0.923357294725119,0.9842105263157894,0.8046471600688467,0.015789473684210527
PR00000530,WO00000530,2026-01-22,B,P03,P03_L03,SKU003,480,43,18,419,58.1,351,345,6,50.263,0.9588100686498856,0.8651037836994072,0.9829059829059829,0.8152912401485641,0.017094017094017096
PR00000531,WO00000531,2026-01-22,C,P03,P03_L03,SKU004,480,0,0,480,56.693,381,367,14,47.625,1.0,0.8400507999223891,0.963254593175853,0.8091827915262908,0.03674540682414698
PR00000532,WO00000532,2026-01-23,A,P01,P01_L01,SKU004,480,20,0,460,56.693,392,378,14,51.13,1.0,0.9018826800946976,0.9642857142857143,0.8696725843770299,0.03571428571428571
PR00000533,WO00000533,2026-01-23,B,P01,P01_L01,SKU001,480,80,0,400,49.793,309,300,9,46.35,1.0,0.9308537344606672,0.970873786407767,0.9037414897676381,0.02912621359223301
PR00000534,WO00000534,2026-01-23,C,P01,P01_L01,SKU005,480,20,0,460,50.42,313,306,7,40.826,1.0,0.8097200903713158,0.9776357827476039,0.7916113343566218,0.022364217252396165
PR00000535,WO00000535,2026-01-23,A,P01,P01_L02,SKU006,480,26,19,435,54.878,379,366,13,52.276,0.9581497797356828,0.9525832222195691,0.9656992084432717,0.8814104751059337,0.03430079155672823
PR00000536,WO00000536,2026-01-23,B,P01,P01_L02,SKU004,480,0,0,480,56.693,423,407,16,52.875,1.0,0.9326548251106839,0.9621749408983451,0.8973771012294286,0.037825059101654845
PR00000537,WO00000537,2026-01-23,C,P01,P01_L02,SKU001,480,0,0,480,49.793,331,320,11,41.375,1.0,0.8309400919808005,0.9667673716012085,0.803325768682345,0.03323262839879154
PR00000538,WO00000538,2026-01-23,A,P01,P01_L03,SKU003,480,36,0,444,61.962,417,407,10,56.351,1.0,0.9094501686735635,0.9760191846522782,0.8876408121106484,0.023980815347721823
PR00000539,WO00000539,2026-01-23,B,P01,P01_L03,SKU008,480,45,9,426,60.302,368,361,7,51.831,0.9793103448275862,0.8595234969900329,0.9809782608695652,0.8257288887313169,0.019021739130434784
PR00000540,WO00000540,2026-01-23,C,P01,P01_L03,SKU003,480,62,0,418,61.962,362,356,6,51.962,1.0,0.838606282690008,0.9834254143646409,0.8247067310432123,0.016574585635359115
PR00000541,WO00000541,2026-01-23,A,P02,P02_L01,SKU006,480,0,0,480,48.8,361,352,9,45.125,1.0,0.9246926229508198,0.9750692520775623,0.9016393442622952,0.024930747922437674
PR00000542,WO00000542,2026-01-23,B,P02,P02_L01,SKU003,480,0,0,480,48.8,356,348,8,44.5,1.0,0.9118852459016394,0.9775280898876404,0.8913934426229508,0.02247191011235955
PR00000543,WO00000543,2026-01-23,C,P02,P02_L01,SKU006,480,39,18,423,48.8,286,278,8,40.567,0.9591836734693877,0.8312986861992793,0.972027972027972,0.7750641240102599,0.027972027972027972
PR00000544,WO00000544,2026-01-23,A,P02,P02_L02,SKU002,480,0,0,480,55.9,389,378,11,48.625,1.0,0.8698568872987478,0.9717223650385605,0.8452593917710197,0.028277634961439587
PR00000545,WO00000545,2026-01-23,B,P02,P02_L02,SKU002,480,0,0,480,55.9,366,354,12,45.75,1.0,0.8184257602862254,0.9672131147540983,0.791592128801431,0.03278688524590164
PR00000546,WO00000546,2026-01-23,C,P02,P02_L02,SKU002,480,0,20,460,55.9,314,304,10,40.957,0.9583333333333334,0.7326748074978611,0.9681528662420382,0.6797853309481217,0.03184713375796178
PR00000547,WO00000547,2026-01-23,A,P02,P02_L03,SKU005,480,17,0,463,47.0,331,323,8,42.894,1.0,0.9126418822664399,0.9758308157099698,0.8905840724231423,0.02416918429003021
PR00000548,WO00000548,2026-01-23,B,P02,P02_L03,SKU001,480,0,0,480,47.0,319,310,9,39.875,1.0,0.848404255319149,0.9717868338557993,0.824468085106383,0.02821316614420063
PR00000549,WO00000549,2026-01-23,C,P02,P02_L03,SKU003,480,15,0,465,47.0,307,300,7,39.613,1.0,0.8428277282086479,0.9771986970684039,0.8236101578586136,0.02280130293159609
PR00000550,WO00000550,2026-01-23,A,P03,P03_L01,SKU007,480,75,0,405,57.7,333,329,4,49.333,1.0,0.8549971114962449,0.987987987987988,0.8447268759227164,0.012012012012012012
PR00000551,WO00000551,2026-01-23,B,P03,P03_L01,SKU001,480,0,0,480,49.793,338,334,4,42.25,1.0,0.8485128431707268,0.9881656804733728,0.8384712710621975,0.011834319526627219
PR00000552,WO00000552,2026-01-23,C,P03,P03_L01,SKU004,480,15,0,465,56.693,350,336,14,45.161,1.0,0.7965937650606009,0.96,0.7647300144581768,0.04
PR00000553,WO00000553,2026-01-23,A,P03,P03_L02,SKU002,480,0,0,480,56.6,386,372,14,48.25,1.0,0.8524734982332155,0.9637305699481865,0.8215547703180212,0.03626943005181347
PR00000554,WO00000554,2026-01-23,B,P03,P03_L02,SKU006,480,0,0,480,54.878,365,354,11,45.625,1.0,0.8313896279018914,0.9698630136986301,0.8063340500747112,0.030136986301369864
PR00000555,WO00000555,2026-01-23,C,P03,P03_L02,SKU002,480,24,160,296,56.6,216,207,9,43.784,0.6491228070175439,0.7735650845191481,0.9583333333333334,0.4812162916124233,0.041666666666666664
PR00000556,WO00000556,2026-01-23,A,P03,P03_L03,SKU003,480,20,0,460,58.1,384,375,9,50.087,1.0,0.862081867844047,0.9765625,0.8418768240664521,0.0234375
PR00000557,WO00000557,2026-01-23,B,P03,P03_L03,SKU004,480,0,0,480,56.693,407,394,13,50.875,1.0,0.8973771012294287,0.9680589680589681,0.8687139505759088,0.03194103194103194
PR00000558,WO00000558,2026-01-23,C,P03,P03_L03,SKU004,480,0,0,480,56.693,372,357,15,46.5,1.0,0.820207080239183,0.9596774193548387,0.7871342141005063,0.04032258064516129
PR00000559,WO00000559,2026-01-24,A,P01,P01_L01,SKU005,480,23,31,426,50.42,317,308,9,44.648,0.9321663019693655,0.8855193836561616,0.9716088328075709,0.802015802488853,0.028391167192429023
PR00000560,WO00000560,2026-01-24,C,P01,P01_L01,SKU001,480,29,59,392,49.793,270,263,7,41.327,0.8691796008869179,0.8299666742764024,0.9740740740740741,0.7026873963307874,0.025925925925925925
PR00000561,WO00000561,2026-01-24,B,P01,P01_L02,SKU001,480,0,0,480,49.793,355,343,12,44.375,1.0,0.8911895246319764,0.9661971830985916,0.8610648083063885,0.03380281690140845
PR00000562,WO00000562,2026-01-24,A,P01,P01_L03,SKU003,480,59,25,396,61.962,387,377,10,58.636,0.9406175771971497,0.9463278079526748,0.9741602067183462,0.8671317283499403,0.025839793281653745
PR00000563,WO00000563,2026-01-24,C,P01,P01_L03,SKU003,480,0,0,480,61.962,416,406,10,52.0,1.0,0.8392240405409767,0.9759615384615384,0.8190503857202801,0.02403846153846154
PR00000564,WO00000564,2026-01-24,A,P02,P02_L01,SKU006,480,55,0,425,48.8,322,313,9,45.459,1.0,0.9315332690453232,0.9720496894409938,0.9054966248794601,0.027950310559006212
PR00000565,WO00000565,2026-01-24,C,P02,P02_L02,SKU002,480,26,4,450,55.9,326,313,13,43.467,0.9911894273127754,0.7775790101371497,0.9601226993865031,0.7399935378626087,0.03987730061349693
PR00000566,WO00000566,2026-01-24,B,P02,P02_L03,SKU003,480,69,0,411,47.0,289,282,7,42.19,1.0,0.8976549153595279,0.9757785467128027,0.8759124087591241,0.02422145328719723
PR00000567,WO00000567,2026-01-24,A,P03,P03_L01,SKU003,480,38,0,442,57.7,404,397,7,54.842,1.0,0.9504615070931719,0.9826732673267327,0.9339931146435377,0.017326732673267328
PR00000568,WO00000568,2026-01-24,B,P03,P03_L01,SKU001,480,0,126,354,49.793,265,259,6,44.915,0.7375,0.9020395283933109,0.9773584905660377,0.6501917940272729,0.022641509433962263
PR00000569,WO00000569,2026-01-24,A,P03,P03_L03,SKU003,480,34,0,446,58.1,391,385,6,52.601,1.0,0.9053510647329871,0.9846547314578005,0.8914582095196931,0.015345268542199489
PR00000570,WO00000570,2026-01-24,B,P03,P03_L03,SKU004,480,0,0,480,56.693,395,383,12,49.375,1.0,0.8709188083184873,0.9696202531645569,0.8444605154075459,0.030379746835443037
PR00000571,WO00000571,2026-01-24,C,P03,P03_L03,SKU004,480,84,0,396,56.693,320,310,10,48.485,1.0,0.8552175486364894,0.96875,0.8284920002415991,0.03125
PR00000572,WO00000572,2026-01-25,A,P01,P01_L01,SKU001,480,0,0,480,49.793,361,354,7,45.125,1.0,0.9062518827947703,0.9806094182825484,0.888679131604844,0.019390581717451522
PR00000573,WO00000573,2026-01-25,B,P01,P01_L01,SKU001,480,24,0,456,49.793,337,327,10,44.342,1.0,0.8905288948879942,0.9703264094955489,0.8641037051287066,0.02967359050445104
PR00000574,WO00000574,2026-01-25,A,P01,P01_L02,SKU008,480,18,0,462,60.302,406,395,11,52.727,1.0,0.8743867985684177,0.9729064039408867,0.8506965158485837,0.027093596059113302
PR00000575,WO00000575,2026-01-25,B,P01,P01_L02,SKU001,480,116,33,331,49.793,254,246,8,46.042,0.9093406593406593,0.9246740721086811,0.968503937007874,0.8143604633071024,0.031496062992125984
PR00000576,WO00000576,2026-01-25,C,P01,P01_L02,SKU001,480,19,0,461,49.793,330,320,10,42.95,1.0,0.8625732223378758,0.9696969696969697,0.8364346398427887,0.030303030303030304
PR00000577,WO00000577,2026-01-25,A,P01,P01_L03,SKU008,480,0,0,480,60.302,419,412,7,52.375,1.0,0.8685449902159132,0.9832935560859188,0.8540346920500149,0.016706443914081145
PR00000578,WO00000578,2026-01-25,B,P01,P01_L03,SKU008,480,0,0,480,60.302,393,386,7,49.125,1.0,0.814649597028291,0.9821882951653944,0.8001392988623927,0.017811704834605598
PR00000579,WO00000579,2026-01-25,C,P01,P01_L03,SKU003,480,17,0,463,61.962,383,375,8,49.633,1.0,0.8010204540468369,0.97911227154047,0.7842889563121771,0.020887728459530026
PR00000580,WO00000580,2026-01-25,A,P02,P02_L01,SKU006,480,0,0,480,48.8,361,350,11,45.125,1.0,0.9246926229508198,0.9695290858725761,0.896516393442623,0.030470914127423823
PR00000581,WO00000581,2026-01-25,C,P02,P02_L01,SKU008,480,0,0,480,48.8,324,316,8,40.5,1.0,0.8299180327868853,0.9753086419753086,0.8094262295081968,0.024691358024691357
PR00000582,WO00000582,2026-01-25,A,P02,P02_L02,SKU006,480,0,0,480,54.878,439,425,14,54.875,1.0,0.9999453332847407,0.9681093394077449,0.9680564160501476,0.03189066059225513
PR00000583,WO00000583,2026-01-25,A,P02,P02_L03,SKU007,480,39,0,441,47.0,292,287,5,39.728,1.0,0.8452742799247359,0.9828767123287672,0.8308004052684905,0.017123287671232876
PR00000584,WO00000584,2026-01-25,C,P02,P02_L03,SKU008,480,26,0,454,47.0,289,286,3,38.194,1.0,0.8126347361514669,0.9896193771626297,0.8041990814509326,0.010380622837370242
PR00000585,WO00000585,2026-01-25,A,P03,P03_L01,SKU001,480,32,0,448,49.793,334,325,9,44.732,1.0,0.8983620761380687,0.9730538922155688,0.874154714805007,0.02694610778443114
PR00000586,WO00000586,2026-01-25,A,P03,P03_L02,SKU006,480,41,0,439,54.878,366,356,10,50.023,1.0,0.9115270061459999,0.9726775956284153,0.8866218966884589,0.0273224043715847
PR00000587,WO00000587,2026-01-25,B,P03,P03_L02,SKU006,480,0,0,480,54.878,391,381,10,48.875,1.0,0.8906119027661358,0.9744245524296675,0.8678341047414264,0.02557544757033248
PR00000588,WO00000588,2026-01-25,C,P03,P03_L02,SKU001,480,0,0,480,49.793,345,340,5,43.125,1.0,0.8660855943606531,0.9855072463768116,0.8535336292249915,0.014492753623188406
PR00000589,WO00000589,2026-01-25,A,P03,P03_L03,SKU004,480,18,48,414,56.693,343,333,10,49.71,0.8961038961038961,0.8768303834254005,0.9708454810495627,0.7628235098998686,0.029154518950437316
PR00000590,WO00000590,2026-01-25,C,P03,P03_L03,SKU003,480,0,0,480,58.1,405,396,9,50.625,1.0,0.871342512908778,0.9777777777777777,0.8519793459552495,0.022222222222222223
PR00000591,WO00000591,2026-01-26,A,P01,P01_L01,SKU002,480,30,23,427,69.9,433,415,18,60.843,0.9488888888888889,0.8704304912002091,0.9584295612009238,0.7916070577014783,0.04157043879907621
PR00000592,WO00000592,2026-01-26,B,P01,P01_L01,SKU007,480,0,13,467,69.9,466,462,4,59.872,0.9729166666666667,0.8565310492505352,0.9914163090128756,0.8261802575107295,0.008583690987124463
PR00000593,WO00000593,2026-01-26,C,P01,P01_L01,SKU007,480,40,0,440,69.9,460,454,6,62.727,1.0,0.8973858759266484,0.9869565217391304,0.8856808427623878,0.013043478260869565
PR00000594,WO00000594,2026-01-26,A,P01,P01_L02,SKU008,480,0,0,480,60.302,428,421,7,53.5,1.0,0.8872010878577825,0.9836448598130841,0.8726907896918842,0.016355140186915886
PR00000595,WO00000595,2026-01-26,B,P01,P01_L02,SKU006,480,32,0,448,54.878,392,379,13,52.5,1.0,0.9566675170377928,0.9668367346938775,0.9249412983605191,0.03316326530612245
PR00000596,WO00000596,2026-01-26,C,P01,P01_L02,SKU004,480,0,0,480,56.693,399,381,18,49.875,1.0,0.8797382392888011,0.9548872180451128,0.8400507999223891,0.045112781954887216
PR00000597,WO00000597,2026-01-26,A,P01,P01_L03,SKU004,480,23,14,443,56.693,368,355,13,49.842,0.9693654266958425,0.8791559179436956,0.9646739130434783,0.8221176353071502,0.035326086956521736
PR00000598,WO00000598,2026-01-26,B,P01,P01_L03,SKU003,480,45,0,435,61.962,434,426,8,59.862,1.0,0.9661093729304612,0.9815668202764977,0.9483009052266739,0.018433179723502304
PR00000599,WO00000599,2026-01-26,C,P01,P01_L03,SKU008,480,0,6,474,60.302,377,371,6,47.722,0.9875,0.7913753936410363,0.9840848806366048,0.7690458027926106,0.015915119363395226
PR00000600,WO00000600,2026-01-26,A,P02,P02_L01,SKU003,480,0,0,480,48.8,387,378,9,48.375,1.0,0.9912909836065574,0.9767441860465116,0.9682377049180328,0.023255813953488372
PR00000601,WO00000601,2026-01-26,B,P02,P02_L01,SKU003,480,34,42,404,48.8,297,290,7,44.109,0.905829596412556,0.9038711248173998,0.9764309764309764,0.7994560023524223,0.02356902356902357
PR00000602,WO00000602,2026-01-26,C,P02,P02_L01,SKU002,480,0,0,480,48.8,319,308,11,39.875,1.0,0.8171106557377049,0.9655172413793104,0.7889344262295083,0.034482758620689655
PR00000603,WO00000603,2026-01-26,A,P02,P02_L02,SKU006,480,0,22,458,54.878,379,369,10,49.651,0.9541666666666667,0.9047460735054859,0.9736147757255936,0.8405007471117751,0.026385224274406333
PR00000604,WO00000604,2026-01-26,B,P02,P02_L02,SKU002,480,0,0,480,55.9,371,358,13,46.375,1.0,0.8296064400715564,0.9649595687331537,0.800536672629696,0.03504043126684636
PR00000605,WO00000605,2026-01-26,C,P02,P02_L02,SKU004,480,0,0,480,55.9,360,346,14,45.0,1.0,0.8050089445438283,0.9611111111111111,0.7737030411449017,0.03888888888888889
PR00000606,WO00000606,2026-01-26,A,P02,P02_L03,SKU007,480,0,36,444,47.0,300,297,3,40.541,0.925,0.8625646923519263,0.99,0.7898936170212766,0.01
PR00000607,WO00000607,2026-01-26,B,P02,P02_L03,SKU003,480,0,0,480,47.0,344,337,7,43.0,1.0,0.9148936170212766,0.9796511627906976,0.8962765957446808,0.020348837209302327
PR00000608,WO00000608,2026-01-26,C,P02,P02_L03,SKU005,480,0,0,480,47.0,306,295,11,38.25,1.0,0.8138297872340425,0.9640522875816994,0.7845744680851063,0.03594771241830065
PR00000609,WO00000609,2026-01-26,A,P03,P03_L01,SKU001,480,22,8,450,49.793,354,347,7,47.2,0.982532751091703,0.947924407045167,0.980225988700565,0.9129499183387785,0.01977401129943503
PR00000610,WO00000610,2026-01-26,B,P03,P03_L01,SKU001,480,0,27,453,49.793,326,316,10,43.179,0.94375,0.867166227120677,0.9693251533742331,0.7932841965738157,0.03067484662576687
PR00000611,WO00000611,2026-01-26,C,P03,P03_L01,SKU004,480,0,0,480,56.693,389,375,14,48.625,1.0,0.8576896618630167,0.9640102827763496,0.8268216534669184,0.03598971722365039
PR00000612,WO00000612,2026-01-26,A,P03,P03_L02,SKU004,480,20,0,460,56.6,400,388,12,52.174,1.0,0.9218005838070364,0.97,0.8941465662928253,0.03
PR00000613,WO00000613,2026-01-26,B,P03,P03_L02,SKU006,480,0,0,480,54.878,399,388,11,49.875,1.0,0.9088341411859032,0.9724310776942355,0.8837785633587228,0.02756892230576441
PR00000614,WO00000614,2026-01-26,C,P03,P03_L02,SKU006,480,85,34,361,54.878,284,277,7,47.202,0.9139240506329114,0.8601300351048142,0.9753521126760564,0.7667179811051533,0.02464788732394366
PR00000615,WO00000615,2026-01-26,A,P03,P03_L03,SKU004,480,21,0,459,56.693,384,374,10,50.196,1.0,0.8854016974118947,0.9739583333333334,0.8623443615417933,0.026041666666666668
PR00000616,WO00000616,2026-01-26,B,P03,P03_L03,SKU003,480,15,0,465,58.1,418,408,10,53.935,1.0,0.9283215812558991,0.9760765550239234,0.9061129309866193,0.023923444976076555
PR00000617,WO00000617,2026-01-26,C,P03,P03_L03,SKU004,480,0,0,480,56.693,376,361,15,47.0,1.0,0.8290265112094968,0.9601063829787234,0.79595364507082,0.0398936170212766
PR00000618,WO00000618,2026-01-27,A,P01,P01_L01,SKU005,480,0,0,480,50.42,350,343,7,43.75,1.0,0.8677112257040857,0.98,0.8503570011900039,0.02
PR00000619,WO00000619,2026-01-27,B,P01,P01_L01,SKU005,480,0,0,480,50.42,340,330,10,42.5,1.0,0.8429194763982546,0.9705882352941176,0.8181277270924235,0.029411764705882353
PR00000620,WO00000620,2026-01-27,C,P01,P01_L01,SKU005,480,32,0,448,50.42,309,298,11,41.384,1.0,0.8207839859466198,0.9644012944983819,0.7915651385504618,0.03559870550161812
PR00000621,WO00000621,2026-01-27,A,P01,P01_L02,SKU001,480,0,6,474,49.793,362,351,11,45.823,0.9875,0.9202655957690153,0.9696132596685083,0.8811479525234471,0.03038674033149171
PR00000622,WO00000622,2026-01-27,B,P01,P01_L02,SKU004,480,0,29,451,56.693,362,350,12,48.16,0.9395833333333333,0.8494813333712445,0.9668508287292817,0.7717002099024571,0.03314917127071823
PR00000623,WO00000623,2026-01-27,C,P01,P01_L02,SKU003,480,0,0,480,61.962,458,443,15,57.25,1.0,0.9239533907879022,0.9672489082969432,0.8936929085568573,0.03275109170305677
PR00000624,WO00000624,2026-01-27,A,P01,P01_L03,SKU008,480,23,0,457,60.302,385,379,6,50.547,1.0,0.8382316664764013,0.9844155844155844,0.8251683158300158,0.015584415584415584
PR00000625,WO00000625,2026-01-27,B,P01,P01_L03,SKU003,480,0,0,480,61.962,453,442,11,56.625,1.0,0.9138665633775539,0.9757174392935982,0.8916755430747877,0.024282560706401765
PR00000626,WO00000626,2026-01-27,C,P01,P01_L03,SKU003,480,42,0,438,61.962,406,396,10,55.616,1.0,0.8975894638030467,0.9753694581280788,0.8754813489310506,0.024630541871921183
PR00000627,WO00000627,2026-01-27,A,P02,P02_L01,SKU003,480,0,0,480,48.8,387,378,9,48.375,1.0,0.9912909836065574,0.9767441860465116,0.9682377049180328,0.023255813953488372
PR00000628,WO00000628,2026-01-27,B,P02,P02_L01,SKU002,480,47,76,357,48.8,251,243,8,42.185,0.8244803695150116,0.864444138311062,0.9681274900398407,0.6900011358043387,0.03187250996015936
PR00000629,WO00000629,2026-01-27,C,P02,P02_L01,SKU003,480,29,0,451,48.8,307,302,5,40.843,1.0,0.8369379520918905,0.9837133550488599,0.8233070408200356,0.016286644951140065
PR00000630,WO00000630,2026-01-27,A,P02,P02_L02,SKU002,480,22,0,458,55.9,381,368,13,49.913,1.0,0.8928920170922812,0.9658792650918635,0.8624258852754841,0.03412073490813648
PR00000631,WO00000631,2026-01-27,B,P02,P02_L02,SKU006,480,0,0,480,54.878,387,374,13,48.375,1.0,0.881500783556252,0.9664082687338501,0.8518896461241299,0.03359173126614987
PR00000632,WO00000632,2026-01-27,C,P02,P02_L02,SKU006,480,0,109,371,54.878,279,271,8,45.121,0.7729166666666667,0.8222109734417996,0.9713261648745519,0.6172783264696234,0.02867383512544803
PR00000633,WO00000633,2026-01-27,A,P02,P02_L03,SKU007,480,0,0,480,47.0,342,339,3,42.75,1.0,0.9095744680851063,0.9912280701754386,0.901595744680851,0.008771929824561403
PR00000634,WO00000634,2026-01-27,B,P02,P02_L03,SKU005,480,0,26,454,47.0,288,282,6,38.062,0.9458333333333333,0.8098228512512888,0.9791666666666666,0.75,0.020833333333333332
PR00000635,WO00000635,2026-01-27,C,P02,P02_L03,SKU007,480,39,0,441,47.0,290,287,3,39.456,1.0,0.8394847300622377,0.9896551724137931,0.8308004052684904,0.010344827586206896
PR00000636,WO00000636,2026-01-27,A,P03,P03_L01,SKU003,480,0,0,480,57.7,467,457,10,58.375,1.0,1.0,0.9785867237687366,0.9785867237687366,0.021413276231263382
PR00000637,WO00000637,2026-01-27,B,P03,P03_L01,SKU001,480,0,0,480,49.793,343,336,7,42.875,1.0,0.8610648083063884,0.9795918367346939,0.8434920571164621,0.02040816326530612
PR00000638,WO00000638,2026-01-27,C,P03,P03_L01,SKU006,480,0,0,480,54.878,384,372,12,48.0,1.0,0.8746674441488392,0.96875,0.847334086519188,0.03125
PR00000639,WO00000639,2026-01-27,A,P03,P03_L02,SKU001,480,0,0,480,49.793,362,356,6,45.25,1.0,0.9087622758219027,0.9834254143646409,0.8936999176591088,0.016574585635359115
PR00000640,WO00000640,2026-01-27,B,P03,P03_L02,SKU006,480,54,0,426,54.878,367,354,13,51.69,1.0,0.9419100704302348,0.9645776566757494,0.9085454085348859,0.035422343324250684
PR00000641,WO00000641,2026-01-27,C,P03,P03_L02,SKU002,480,48,100,332,56.6,246,236,10,44.458,0.7685185185185185,0.7854740516837668,0.959349593495935,0.5791126815861798,0.04065040650406504
PR00000642,WO00000642,2026-01-27,A,P03,P03_L03,SKU004,480,0,0,480,56.693,393,382,11,49.125,1.0,0.8665090928333304,0.9720101781170484,0.8422556576649676,0.027989821882951654
PR00000643,WO00000643,2026-01-27,B,P03,P03_L03,SKU001,480,54,0,426,49.793,304,296,8,42.817,1.0,0.8598980059134961,0.9736842105263158,0.8372691110210356,0.02631578947368421
PR00000644,WO00000644,2026-01-27,C,P03,P03_L03,SKU001,480,0,0,480,49.793,321,312,9,40.125,1.0,0.8058361617094772,0.9719626168224299,0.7832426244652863,0.028037383177570093
PR00000645,WO00000645,2026-01-28,A,P01,P01_L01,SKU007,480,30,40,410,69.9,463,458,5,67.756,0.9111111111111111,0.9693290065947869,0.9892008639308856,0.8736289938006676,0.01079913606911447
PR00000646,WO00000646,2026-01-28,B,P01,P01_L01,SKU004,480,0,0,480,56.693,412,396,16,51.5,1.0,0.908401389942321,0.9611650485436893,0.8731236660610658,0.038834951456310676
PR00000647,WO00000647,2026-01-28,C,P01,P01_L01,SKU007,480,27,0,453,69.9,460,451,9,60.927,1.0,0.8716330803702546,0.9804347826086957,0.8545793896673582,0.01956521739130435
PR00000648,WO00000648,2026-01-28,A,P01,P01_L02,SKU004,480,0,0,480,56.693,446,425,21,55.75,1.0,0.9833665531899882,0.952914798206278,0.9370645405958408,0.04708520179372197
PR00000649,WO00000649,2026-01-28,B,P01,P01_L02,SKU001,480,0,55,425,49.793,291,283,8,41.082,0.8854166666666666,0.8250628188937497,0.9725085910652921,0.7104412266784489,0.027491408934707903
PR00000650,WO00000650,2026-01-28,C,P01,P01_L02,SKU008,480,26,0,454,60.302,381,370,11,50.352,1.0,0.8350041940149413,0.9711286089238845,0.8108964613793394,0.028871391076115485
PR00000651,WO00000651,2026-01-28,A,P01,P01_L03,SKU003,480,21,10,449,61.962,454,446,8,60.668,0.9782135076252724,0.9791186767318916,0.9823788546255506,0.9409098091535335,0.01762114537444934
PR00000652,WO00000652,2026-01-28,B,P01,P01_L03,SKU003,480,0,0,480,61.962,455,446,9,56.875,1.0,0.9179012943416932,0.9802197802197802,0.8997450050030663,0.01978021978021978
PR00000653,WO00000653,2026-01-28,C,P01,P01_L03,SKU003,480,30,0,450,61.962,404,393,11,53.867,1.0,0.8693500317398836,0.9727722772277227,0.8456796100835996,0.027227722772277228
PR00000654,WO00000654,2026-01-28,A,P02,P02_L01,SKU004,480,0,28,452,48.8,323,314,9,42.876,0.9416666666666667,0.8786087334977514,0.9721362229102167,0.8043032786885246,0.02786377708978328
PR00000655,WO00000655,2026-01-28,B,P02,P02_L01,SKU003,480,0,0,480,48.8,352,342,10,44.0,1.0,0.9016393442622951,0.9715909090909091,0.8760245901639344,0.028409090909090908
PR00000656,WO00000656,2026-01-28,C,P02,P02_L01,SKU001,480,15,0,465,48.8,308,298,10,39.742,1.0,0.814383923849815,0.9675324675324676,0.7879428873611847,0.032467532467532464
PR00000657,WO00000657,2026-01-28,A,P02,P02_L02,SKU004,480,0,6,474,55.9,395,381,14,50.0,0.9875,0.8944543828264758,0.9645569620253165,0.8519677996422184,0.035443037974683546
PR00000658,WO00000658,2026-01-28,B,P02,P02_L02,SKU002,480,0,0,480,55.9,376,361,15,47.0,1.0,0.8407871198568874,0.9601063829787234,0.8072450805008945,0.0398936170212766
PR00000659,WO00000659,2026-01-28,C,P02,P02_L02,SKU004,480,0,0,480,55.9,378,364,14,47.25,1.0,0.8452593917710197,0.9629629629629629,0.813953488372093,0.037037037037037035
PR00000660,WO00000660,2026-01-28,A,P02,P02_L03,SKU004,480,0,0,480,47.0,326,315,11,40.75,1.0,0.8670212765957447,0.9662576687116564,0.8377659574468085,0.03374233128834356
PR00000661,WO00000661,2026-01-28,B,P02,P02_L03,SKU001,480,17,0,463,47.0,309,304,5,40.043,1.0,0.8519829051973714,0.9838187702265372,0.8381967740453103,0.016181229773462782
PR00000662,WO00000662,2026-01-28,C,P02,P02_L03,SKU005,480,0,0,480,47.0,286,280,6,35.75,1.0,0.7606382978723404,0.9790209790209791,0.7446808510638298,0.02097902097902098
PR00000663,WO00000663,2026-01-28,A,P03,P03_L01,SKU004,480,0,0,480,56.693,413,398,15,51.625,1.0,0.9106062476848994,0.9636803874092009,0.8775333815462226,0.03631961259079903
PR00000664,WO00000664,2026-01-28,B,P03,P03_L01,SKU004,480,0,0,480,56.693,403,390,13,50.375,1.0,0.8885576702591149,0.967741935483871,0.8598945196055952,0.03225806451612903
PR00000665,WO00000665,2026-01-28,C,P03,P03_L01,SKU005,480,43,0,437,50.42,284,276,8,38.993,1.0,0.773366422281667,0.971830985915493,0.7515814526399299,0.028169014084507043
PR00000666,WO00000666,2026-01-28,A,P03,P03_L02,SKU001,480,32,0,448,49.793,353,344,9,47.277,1.0,0.9494665056189768,0.9745042492917847,0.925259144285915,0.025495750708215296
PR00000667,WO00000667,2026-01-28,B,P03,P03_L02,SKU002,480,24,22,434,56.6,330,318,12,45.622,0.9517543859649122,0.8060445197114523,0.9636363636363636,0.7392598103031429,0.03636363636363636
PR00000668,WO00000668,2026-01-28,C,P03,P03_L02,SKU006,480,0,11,469,54.878,400,389,11,51.173,0.9770833333333333,0.9324812837407668,0.9725,0.8860563431611939,0.0275
PR00000669,WO00000669,2026-01-28,A,P03,P03_L03,SKU001,480,26,0,454,49.793,317,310,7,41.894,1.0,0.8413687290935133,0.9779179810725552,0.8227896088927102,0.022082018927444796
PR00000670,WO00000670,2026-01-28,B,P03,P03_L03,SKU001,480,23,10,447,49.793,311,306,5,41.745,0.9781181619256017,0.8383701814100982,0.9839228295819936,0.8068414175606047,0.01607717041800643
PR00000671,WO00000671,2026-01-28,C,P03,P03_L03,SKU001,480,32,0,448,49.793,297,289,8,39.777,1.0,0.7988429239910372,0.9730639730639731,0.77732526947276,0.026936026936026935
PR00000672,WO00000672,2026-01-29,A,P01,P01_L01,SKU001,480,0,0,480,49.793,365,354,11,45.625,1.0,0.9162934549032997,0.9698630136986301,0.8886791316048441,0.030136986301369864
PR00000673,WO00000673,2026-01-29,B,P01,P01_L01,SKU007,480,0,0,480,69.9,468,461,7,58.5,1.0,0.8369098712446351,0.9850427350427351,0.8243919885550787,0.014957264957264958
PR00000674,WO00000674,2026-01-29,C,P01,P01_L01,SKU001,480,36,68,376,49.793,274,267,7,43.723,0.8468468468468469,0.8781034333203291,0.9744525547445255,0.7246215548587368,0.025547445255474453
PR00000675,WO00000675,2026-01-29,A,P01,P01_L02,SKU008,480,16,0,464,60.302,448,441,7,57.931,1.0,0.960681809604302,0.984375,0.9456711563292348,0.015625
PR00000676,WO00000676,2026-01-29,B,P01,P01_L02,SKU003,480,0,0,480,61.962,448,440,8,56.0,1.0,0.9037797359672056,0.9821428571428571,0.8876408121106484,0.017857142857142856
PR00000677,WO00000677,2026-01-29,C,P01,P01_L02,SKU001,480,0,0,480,49.793,359,350,9,44.875,1.0,0.9012310967405057,0.9749303621169917,0.8786375594963148,0.025069637883008356
PR00000678,WO00000678,2026-01-29,A,P01,P01_L03,SKU008,480,27,0,453,60.302,380,377,3,50.331,1.0,0.8346510203279256,0.9921052631578947,0.8280616701674419,0.007894736842105263
PR00000679,WO00000679,2026-01-29,B,P01,P01_L03,SKU006,480,0,0,480,54.878,407,394,13,50.875,1.0,0.9270563796056708,0.9680589680589681,0.8974452421735486,0.03194103194103194
PR00000680,WO00000680,2026-01-29,C,P01,P01_L03,SKU003,480,30,0,450,61.962,400,389,11,53.333,1.0,0.8607426056830529,0.9725,0.837072184026769,0.0275
PR00000681,WO00000681,2026-01-29,A,P02,P02_L01,SKU003,480,0,0,480,48.8,351,345,6,43.875,1.0,0.8990778688524591,0.9829059829059829,0.8837090163934427,0.017094017094017096
PR00000682,WO00000682,2026-01-29,B,P02,P02_L01,SKU003,480,0,0,480,48.8,348,341,7,43.5,1.0,0.8913934426229508,0.9798850574712644,0.8734631147540984,0.020114942528735632
PR00000683,WO00000683,2026-01-29,C,P02,P02_L01,SKU001,480,20,0,460,48.8,313,304,9,40.826,1.0,0.836600142551675,0.9712460063897763,0.812544547398432,0.02875399361022364
PR00000684,WO00000684,2026-01-29,A,P02,P02_L02,SKU004,480,27,0,453,55.9,377,366,11,49.934,1.0,0.8932696750346528,0.9708222811671088,0.8672061036145436,0.029177718832891247
PR00000685,WO00000685,2026-01-29,B,P02,P02_L02,SKU004,480,0,0,480,55.9,370,356,14,46.25,1.0,0.8273703041144902,0.9621621621621622,0.7960644007155636,0.03783783783783784
PR00000686,WO00000686,2026-01-29,C,P02,P02_L02,SKU002,480,19,0,461,55.9,336,320,16,43.731,1.0,0.7823080415523537,0.9523809523809523,0.7450552776689082,0.047619047619047616
PR00000687,WO00000687,2026-01-29,A,P02,P02_L03,SKU004,480,0,0,480,47.0,354,341,13,44.25,1.0,0.9414893617021277,0.963276836158192,0.9069148936170213,0.03672316384180791
PR00000688,WO00000688,2026-01-29,B,P02,P02_L03,SKU008,480,0,0,480,47.0,311,307,4,38.875,1.0,0.8271276595744681,0.9871382636655949,0.8164893617021277,0.012861736334405145
PR00000689,WO00000689,2026-01-29,C,P02,P02_L03,SKU007,480,44,0,436,47.0,292,288,4,40.183,1.0,0.854967792309194,0.9863013698630136,0.8432559047433146,0.0136986301369863
PR00000690,WO00000690,2026-01-29,A,P03,P03_L01,SKU003,480,0,0,480,57.7,418,410,8,52.25,1.0,0.9055459272097053,0.9808612440191388,0.888214904679376,0.019138755980861243
PR00000691,WO00000691,2026-01-29,B,P03,P03_L01,SKU005,480,0,12,468,50.42,341,333,8,43.718,0.975,0.867075539824449,0.9765395894428153,0.825565251884173,0.02346041055718475
PR00000692,WO00000692,2026-01-29,C,P03,P03_L01,SKU006,480,0,0,480,54.878,417,404,13,52.125,1.0,0.9498341776303801,0.9688249400479616,0.920223040198258,0.03117505995203837
PR00000693,WO00000693,2026-01-29,A,P03,P03_L02,SKU006,480,22,0,458,54.878,382,368,14,50.044,1.0,0.9119076519237351,0.9633507853403142,0.8784869526385721,0.03664921465968586
PR00000694,WO00000694,2026-01-29,B,P03,P03_L02,SKU006,480,23,0,457,54.878,386,376,10,50.678,1.0,0.9234727391724616,0.9740932642487047,0.8995485749451958,0.025906735751295335
PR00000695,WO00000695,2026-01-29,C,P03,P03_L02,SKU008,480,56,0,424,56.6,317,312,5,44.858,1.0,0.7925528368557904,0.9842271293375394,0.7800520034668977,0.015772870662460567
PR00000696,WO00000696,2026-01-29,A,P03,P03_L03,SKU001,480,0,0,480,49.793,370,365,5,46.25,1.0,0.9288454200389613,0.9864864864864865,0.9162934549032997,0.013513513513513514
PR00000697,WO00000697,2026-01-29,B,P03,P03_L03,SKU004,480,25,0,455,56.693,381,369,12,50.242,1.0,0.8862074372807621,0.968503937007874,0.8582953920120766,0.031496062992125984
PR00000698,WO00000698,2026-01-29,C,P03,P03_L03,SKU003,480,28,10,442,58.1,356,349,7,48.326,0.9778761061946902,0.8317692229811294,0.9803370786516854,0.7973740727765677,0.019662921348314606
PR00000699,WO00000699,2026-01-30,A,P01,P01_L01,SKU005,480,26,10,444,50.42,330,320,10,44.595,0.9779735682819384,0.884462407667485,0.9696969696969697,0.8387693157215076,0.030303030303030304
PR00000700,WO00000700,2026-01-30,B,P01,P01_L01,SKU005,480,0,0,480,50.42,348,340,8,43.5,1.0,0.8627528758429195,0.9770114942528736,0.8429194763982547,0.022988505747126436
PR00000701,WO00000701,2026-01-30,C,P01,P01_L01,SKU005,480,48,0,432,50.42,283,275,8,39.306,1.0,0.7795627837277976,0.9717314487632509,0.7575256732337257,0.028268551236749116
PR00000702,WO00000702,2026-01-30,A,P01,P01_L02,SKU008,480,52,0,428,60.302,374,367,7,52.43,1.0,0.869455516269047,0.9812834224598931,0.8531822846811238,0.01871657754010695
PR00000703,WO00000703,2026-01-30,B,P01,P01_L02,SKU004,480,0,38,442,56.693,353,341,12,47.919,0.9208333333333333,0.845228723761295,0.9660056657223796,0.751856490219251,0.0339943342776204
PR00000704,WO00000704,2026-01-30,C,P01,P01_L02,SKU004,480,0,0,480,56.693,369,354,15,46.125,1.0,0.8135925070114477,0.959349593495935,0.7805196408727709,0.04065040650406504
PR00000705,WO00000705,2026-01-30,A,P01,P01_L03,SKU002,480,0,0,480,72.0,489,471,18,61.125,1.0,0.8489583333333334,0.9631901840490797,0.8177083333333334,0.03680981595092025
PR00000706,WO00000706,2026-01-30,B,P01,P01_L03,SKU003,480,28,0,452,61.962,438,426,12,58.142,1.0,0.9383427410405406,0.9726027397260274,0.9126347207380601,0.0273972602739726
PR00000707,WO00000707,2026-01-30,C,P01,P01_L03,SKU003,480,0,0,480,61.962,450,439,11,56.25,1.0,0.9078144669313449,0.9755555555555555,0.8856234466285787,0.024444444444444446
PR00000708,WO00000708,2026-01-30,A,P02,P02_L01,SKU001,480,0,22,458,48.8,343,335,8,44.934,0.9541666666666667,0.920788889684301,0.9766763848396501,0.858094262295082,0.023323615160349854
PR00000709,WO00000709,2026-01-30,B,P02,P02_L01,SKU004,480,52,0,428,48.8,294,283,11,41.215,1.0,0.8445687145702466,0.9625850340136054,0.8129692048414279,0.03741496598639456
PR00000710,WO00000710,2026-01-30,C,P02,P02_L01,SKU003,480,29,0,451,48.8,308,301,7,40.976,1.0,0.8396641343462615,0.9772727272727273,0.8205808585656647,0.022727272727272728
PR00000711,WO00000711,2026-01-30,A,P02,P02_L02,SKU002,480,0,14,466,55.9,390,372,18,50.215,0.9708333333333333,0.8982932428386067,0.9538461538461539,0.8318425760286225,0.046153846153846156
PR00000712,WO00000712,2026-01-30,B,P02,P02_L02,SKU002,480,0,0,480,55.9,357,344,13,44.625,1.0,0.7983005366726297,0.9635854341736695,0.7692307692307693,0.036414565826330535
PR00000713,WO00000713,2026-01-30,C,P02,P02_L02,SKU005,480,0,4,476,50.42,304,296,8,38.319,0.9916666666666667,0.7600025333417778,0.9736842105263158,0.7338357794525983,0.02631578947368421
PR00000714,WO00000714,2026-01-30,A,P02,P02_L03,SKU007,480,0,31,449,47.0,328,323,5,43.831,0.9354166666666667,0.9325688290764346,0.9847560975609756,0.8590425531914893,0.01524390243902439
PR00000715,WO00000715,2026-01-30,B,P02,P02_L03,SKU003,480,0,0,480,47.0,331,325,6,41.375,1.0,0.8803191489361702,0.9818731117824774,0.8643617021276596,0.01812688821752266
PR00000716,WO00000716,2026-01-30,C,P02,P02_L03,SKU001,480,0,18,462,47.0,301,294,7,39.091,0.9625,0.8317214700193423,0.9767441860465116,0.7819148936170212,0.023255813953488372
PR00000717,WO00000717,2026-01-30,A,P03,P03_L01,SKU001,480,0,43,437,49.793,326,321,5,44.76,0.9104166666666667,0.8989160203333333,0.9846625766871165,0.8058361617094771,0.015337423312883436
PR00000718,WO00000718,2026-01-30,B,P03,P03_L01,SKU004,480,42,0,438,56.693,355,343,12,48.63,1.0,0.8577802724551775,0.9661971830985916,0.828784882963735,0.03380281690140845
PR00000719,WO00000719,2026-01-30,C,P03,P03_L01,SKU003,480,30,19,431,57.7,372,362,10,51.787,0.9577777777777777,0.8975137421738972,0.9731182795698925,0.8365106874638936,0.026881720430107527
PR00000720,WO00000720,2026-01-30,A,P03,P03_L02,SKU004,480,0,0,480,56.6,407,396,11,50.875,1.0,0.898851590106007,0.972972972972973,0.8745583038869258,0.02702702702702703
PR00000721,WO00000721,2026-01-30,B,P03,P03_L02,SKU001,480,0,0,480,49.793,336,327,9,42.0,1.0,0.8434920571164621,0.9732142857142857,0.8208985198722711,0.026785714285714284
PR00000722,WO00000722,2026-01-30,C,P03,P03_L02,SKU006,480,0,111,369,54.878,297,286,11,48.293,0.76875,0.8800007822229174,0.9629629629629629,0.6514450235066874,0.037037037037037035
PR00000723,WO00000723,2026-01-30,A,P03,P03_L03,SKU007,480,0,35,445,58.1,401,395,6,54.067,0.9270833333333334,0.9305923533620839,0.9850374064837906,0.8498278829604131,0.014962593516209476
PR00000724,WO00000724,2026-01-30,B,P03,P03_L03,SKU004,480,0,0,480,56.693,400,385,15,50.0,1.0,0.8819430970313795,0.9625,0.8488702308927029,0.0375
PR00000725,WO00000725,2026-01-30,C,P03,P03_L03,SKU006,480,0,0,480,54.878,410,396,14,51.25,1.0,0.9338897190130836,0.9658536585365853,0.9020008017784905,0.03414634146341464
PR00000726,WO00000726,2026-01-31,B,P01,P01_L01,SKU001,480,24,0,456,49.793,345,336,9,45.395,1.0,0.9116690466954244,0.9739130434782609,0.8878863759120655,0.02608695652173913
PR00000727,WO00000727,2026-01-31,C,P01,P01_L01,SKU005,480,0,0,480,50.42,321,311,10,40.125,1.0,0.7958151527171757,0.9688473520249221,0.7710234034113447,0.03115264797507788
PR00000728,WO00000728,2026-01-31,C,P01,P01_L02,SKU004,480,26,0,454,56.693,375,359,16,49.559,1.0,0.8741726732689886,0.9573333333333334,0.8368746392095118,0.042666666666666665
PR00000729,WO00000729,2026-01-31,A,P01,P01_L03,SKU004,480,0,0,480,56.693,399,384,15,49.875,1.0,0.8797382392888011,0.9624060150375939,0.8466653731501244,0.03759398496240601
PR00000730,WO00000730,2026-01-31,C,P01,P01_L03,SKU003,480,0,0,480,61.962,438,427,11,54.75,1.0,0.8836060811465091,0.9748858447488584,0.8614150608437429,0.02511415525114155
PR00000731,WO00000731,2026-01-31,B,P02,P02_L01,SKU002,480,0,0,480,48.8,331,317,14,41.375,1.0,0.8478483606557378,0.9577039274924471,0.8119877049180328,0.04229607250755287
PR00000732,WO00000732,2026-01-31,C,P02,P02_L01,SKU003,480,29,0,451,48.8,302,297,5,40.177,1.0,0.8233070408200356,0.9834437086092715,0.8096761295481807,0.016556291390728478
PR00000733,WO00000733,2026-01-31,A,P02,P02_L02,SKU006,480,0,0,480,54.878,392,380,12,49.0,1.0,0.8928896825686067,0.9693877551020408,0.8655563249389554,0.030612244897959183
PR00000734,WO00000734,2026-01-31,B,P02,P02_L02,SKU004,480,23,0,457,55.9,373,360,13,48.972,1.0,0.8760564152147278,0.9651474530831099,0.8455236179016139,0.03485254691689008
PR00000735,WO00000735,2026-01-31,A,P02,P02_L03,SKU007,480,0,19,461,47.0,313,306,7,40.738,0.9604166666666667,0.8667558960631375,0.9776357827476039,0.8138297872340426,0.022364217252396165
PR00000736,WO00000736,2026-01-31,B,P02,P02_L03,SKU004,480,0,0,480,47.0,312,301,11,39.0,1.0,0.8297872340425532,0.9647435897435898,0.800531914893617,0.035256410256410256
PR00000737,WO00000737,2026-01-31,C,P02,P02_L03,SKU007,480,0,0,480,47.0,322,316,6,40.25,1.0,0.8563829787234043,0.9813664596273292,0.8404255319148937,0.018633540372670808
PR00000738,WO00000738,2026-01-31,C,P03,P03_L01,SKU003,480,19,32,429,57.7,351,343,8,49.091,0.93058568329718,0.8507956514888922,0.9772079772079773,0.7736929363865005,0.022792022792022793
PR00000739,WO00000739,2026-01-31,B,P03,P03_L02,SKU001,480,26,0,454,49.793,317,310,7,41.894,1.0,0.8413687290935133,0.9779179810725552,0.8227896088927102,0.022082018927444796
PR00000740,WO00000740,2026-01-31,A,P03,P03_L03,SKU004,480,0,0,480,56.693,403,388,15,50.375,1.0,0.8885576702591149,0.9627791563275434,0.8554848041204381,0.03722084367245657
PR00000741,WO00000741,2026-02-01,A,P01,P01_L01,SKU007,480,0,0,480,69.9,496,483,13,62.0,1.0,0.8869814020028611,0.9737903225806451,0.863733905579399,0.02620967741935484
PR00000742,WO00000742,2026-02-01,B,P01,P01_L01,SKU001,480,29,0,451,49.793,346,336,10,46.031,1.0,0.9244480575302373,0.9710982658959537,0.8977299055784963,0.028901734104046242
PR00000743,WO00000743,2026-02-01,C,P01,P01_L01,SKU001,480,0,0,480,49.793,339,331,8,42.375,1.0,0.8510232361978591,0.976401179941003,0.8309400919808005,0.02359882005899705
PR00000744,WO00000744,2026-02-01,A,P01,P01_L02,SKU001,480,20,62,398,49.793,310,304,6,46.734,0.8652173913043478,0.9385590010987196,0.9806451612903225,0.7963403272155419,0.01935483870967742
PR00000745,WO00000745,2026-02-01,B,P01,P01_L02,SKU006,480,0,0,480,54.878,399,387,12,49.875,1.0,0.9088341411859032,0.9699248120300752,0.8815007835562519,0.03007518796992481
PR00000746,WO00000746,2026-02-01,B,P01,P01_L03,SKU003,480,34,0,446,61.962,449,441,8,60.404,1.0,0.9748488984207446,0.9821826280623608,0.9574796530145844,0.017817371937639197
PR00000747,WO00000747,2026-02-01,C,P01,P01_L03,SKU003,480,0,0,480,61.962,469,457,12,58.625,1.0,0.9461444110906684,0.9744136460554371,0.9219360253058325,0.0255863539445629
PR00000748,WO00000748,2026-02-01,A,P02,P02_L01,SKU004,480,0,0,480,48.8,350,340,10,43.75,1.0,0.896516393442623,0.9714285714285714,0.8709016393442623,0.02857142857142857
PR00000749,WO00000749,2026-02-01,B,P02,P02_L01,SKU002,480,0,73,407,48.8,270,258,12,39.803,0.8479166666666667,0.8156442582672091,0.9555555555555556,0.6608606557377049,0.044444444444444446
PR00000750,WO00000750,2026-02-01,C,P02,P02_L01,SKU006,480,0,0,480,48.8,343,330,13,42.875,1.0,0.8785860655737705,0.9620991253644315,0.8452868852459017,0.037900874635568516
PR00000751,WO00000751,2026-02-01,A,P02,P02_L02,SKU002,480,17,0,463,55.9,380,367,13,49.244,1.0,0.8809313144036134,0.9657894736842105,0.8507941904898055,0.034210526315789476
PR00000752,WO00000752,2026-02-01,A,P02,P02_L03,SKU005,480,0,0,480,47.0,328,320,8,41.0,1.0,0.8723404255319149,0.975609756097561,0.851063829787234,0.024390243902439025
PR00000753,WO00000753,2026-02-01,B,P02,P02_L03,SKU005,480,0,0,480,47.0,309,301,8,38.625,1.0,0.8218085106382979,0.9741100323624595,0.800531914893617,0.025889967637540454
PR00000754,WO00000754,2026-02-01,C,P02,P02_L03,SKU007,480,26,0,454,47.0,298,292,6,39.383,1.0,0.8379417002530697,0.9798657718120806,0.8210703908520012,0.020134228187919462
PR00000755,WO00000755,2026-02-01,B,P03,P03_L01,SKU004,480,21,0,459,56.693,375,361,14,49.02,1.0,0.8646500951288034,0.9626666666666667,0.8323698249106615,0.037333333333333336
PR00000756,WO00000756,2026-02-01,C,P03,P03_L01,SKU001,480,0,0,480,49.793,333,325,8,41.625,1.0,0.8359608780350651,0.975975975975976,0.8158777338180065,0.024024024024024024
PR00000757,WO00000757,2026-02-01,A,P03,P03_L02,SKU006,480,20,0,460,54.878,393,382,11,51.261,1.0,0.9340877868219941,0.9720101781170484,0.9079428360458061,0.027989821882951654
PR00000758,WO00000758,2026-02-01,B,P03,P03_L02,SKU006,480,0,0,480,54.878,409,398,11,51.125,1.0,0.9316119392106126,0.9731051344743277,0.9065563613834323,0.02689486552567237
PR00000759,WO00000759,2026-02-01,C,P03,P03_L02,SKU002,480,19,0,461,56.6,340,328,12,44.252,1.0,0.7818308639231046,0.9647058823529412,0.754236833431701,0.03529411764705882
PR00000760,WO00000760,2026-02-01,A,P03,P03_L03,SKU001,480,72,8,400,49.793,302,295,7,45.3,0.9803921568627451,0.9097664330327556,0.9768211920529801,0.8712540505929843,0.023178807947019868
PR00000761,WO00000761,2026-02-01,B,P03,P03_L03,SKU004,480,0,0,480,56.693,392,379,13,49.0,1.0,0.8643042350907519,0.9668367346938775,0.8356410844372321,0.03316326530612245
PR00000762,WO00000762,2026-02-02,A,P01,P01_L01,SKU005,480,0,24,456,50.42,331,324,7,43.553,0.95,0.863796738971586,0.9788519637462235,0.8032526775089249,0.021148036253776436
PR00000763,WO00000763,2026-02-02,B,P01,P01_L01,SKU001,480,0,0,480,49.793,348,338,10,43.5,1.0,0.8736167734420501,0.9712643678160919,0.8485128431707268,0.028735632183908046
PR00000764,WO00000764,2026-02-02,C,P01,P01_L01,SKU005,480,0,25,455,50.42,316,308,8,41.67,0.9479166666666666,0.8264642933425163,0.9746835443037974,0.7635858786195954,0.02531645569620253
PR00000765,WO00000765,2026-02-02,A,P01,P01_L02,SKU001,480,0,0,480,49.793,368,360,8,46.0,1.0,0.9238246339846966,0.9782608695652174,0.903741489767638,0.021739130434782608
PR00000766,WO00000766,2026-02-02,B,P01,P01_L02,SKU004,480,0,0,480,56.693,420,403,17,52.5,1.0,0.9260402518829486,0.9595238095238096,0.888557670259115,0.04047619047619048
PR00000767,WO00000767,2026-02-02,C,P01,P01_L02,SKU004,480,23,0,457,56.693,341,325,16,44.77,1.0,0.7896960947598262,0.9530791788856305,0.7526429055628842,0.0469208211143695
PR00000768,WO00000768,2026-02-02,A,P01,P01_L03,SKU003,480,0,19,461,61.962,490,478,12,63.774,0.9604166666666667,1.0,0.9755102040816327,0.9368962585034014,0.024489795918367346
PR00000769,WO00000769,2026-02-02,B,P01,P01_L03,SKU004,480,0,0,480,56.693,397,383,14,49.625,1.0,0.8753285238036442,0.964735516372796,0.844460515407546,0.03526448362720403
PR00000770,WO00000770,2026-02-02,C,P01,P01_L03,SKU003,480,0,135,345,61.962,301,295,6,52.348,0.71875,0.8448375792736923,0.9800664451827242,0.5951228172105484,0.019933554817275746
PR00000771,WO00000771,2026-02-02,A,P02,P02_L01,SKU005,480,22,21,437,48.8,304,297,7,41.739,0.9541484716157205,0.8553100498930863,0.9769736842105263,0.7973011668694968,0.023026315789473683
PR00000772,WO00000772,2026-02-02,B,P02,P02_L01,SKU001,480,0,0,480,48.8,335,324,11,41.875,1.0,0.858094262295082,0.9671641791044776,0.8299180327868853,0.03283582089552239
PR00000773,WO00000773,2026-02-02,C,P02,P02_L01,SKU003,480,20,0,460,48.8,319,310,9,41.609,1.0,0.8526372059871704,0.9717868338557993,0.8285816108339273,0.02821316614420063
PR00000774,WO00000774,2026-02-02,A,P02,P02_L02,SKU004,480,0,0,480,55.9,389,376,13,48.625,1.0,0.8698568872987478,0.9665809768637532,0.8407871198568873,0.033419023136246784
PR00000775,WO00000775,2026-02-02,B,P02,P02_L02,SKU002,480,35,0,445,55.9,327,315,12,44.09,1.0,0.7887278647665373,0.963302752293578,0.7597837229402424,0.03669724770642202
PR00000776,WO00000776,2026-02-02,C,P02,P02_L02,SKU002,480,0,0,480,55.9,321,309,12,40.125,1.0,0.7177996422182469,0.9626168224299065,0.6909660107334527,0.037383177570093455
PR00000777,WO00000777,2026-02-02,A,P02,P02_L03,SKU003,480,30,0,450,47.0,296,289,7,39.467,1.0,0.8397163120567376,0.9763513513513513,0.8198581560283688,0.02364864864864865
PR00000778,WO00000778,2026-02-02,B,P02,P02_L03,SKU003,480,0,0,480,47.0,337,329,8,42.125,1.0,0.8962765957446809,0.9762611275964391,0.875,0.02373887240356083
PR00000779,WO00000779,2026-02-02,C,P02,P02_L03,SKU007,480,0,44,436,47.0,301,298,3,41.422,0.9083333333333333,0.8813195393324225,0.9900332225913622,0.7925531914893618,0.009966777408637873
PR00000780,WO00000780,2026-02-02,A,P03,P03_L01,SKU006,480,59,0,421,54.878,339,330,9,48.314,1.0,0.8803808300666761,0.9734513274336283,0.8570078876755254,0.02654867256637168
PR00000781,WO00000781,2026-02-02,B,P03,P03_L01,SKU001,480,21,0,459,49.793,349,341,8,45.621,1.0,0.9162114159154849,0.9770773638968482,0.8952094350349008,0.022922636103151862
PR00000782,WO00000782,2026-02-02,C,P03,P03_L01,SKU001,480,60,0,420,49.793,275,269,6,39.286,1.0,0.7889806656701602,0.9781818181818182,0.7717665420555385,0.02181818181818182
PR00000783,WO00000783,2026-02-02,A,P03,P03_L02,SKU001,480,0,0,480,49.793,367,360,7,45.875,1.0,0.9213142409575643,0.9809264305177112,0.903741489767638,0.01907356948228883
PR00000784,WO00000784,2026-02-02,B,P03,P03_L02,SKU002,480,0,39,441,56.6,334,323,11,45.442,0.91875,0.8028653157376024,0.9670658682634731,0.713339222614841,0.03293413173652695
PR00000785,WO00000785,2026-02-02,C,P03,P03_L02,SKU006,480,42,0,438,54.878,364,354,10,49.863,1.0,0.9086157239445705,0.9725274725274725,0.8836537535065327,0.027472527472527472
PR00000786,WO00000786,2026-02-02,A,P03,P03_L03,SKU003,480,0,27,453,58.1,411,403,8,54.437,0.94375,0.9369550102016392,0.9805352798053528,0.8670395869191051,0.019464720194647202
PR00000787,WO00000787,2026-02-02,B,P03,P03_L03,SKU003,480,0,0,480,58.1,413,407,6,51.625,1.0,0.8885542168674698,0.9854721549636803,0.8756454388984508,0.014527845036319613
PR00000788,WO00000788,2026-02-02,C,P03,P03_L03,SKU004,480,0,0,480,56.693,377,364,13,47.125,1.0,0.8312313689520753,0.9655172413793104,0.8025682182985555,0.034482758620689655
PR00000789,WO00000789,2026-02-03,A,P01,P01_L01,SKU005,480,0,31,449,50.42,322,314,8,43.029,0.9354166666666667,0.8534104170844637,0.9751552795031055,0.7784609282030939,0.024844720496894408
PR00000790,WO00000790,2026-02-03,B,P01,P01_L01,SKU007,480,30,0,450,69.9,465,458,7,62.0,1.0,0.8869814020028612,0.9849462365591398,0.8736289938006676,0.015053763440860216
PR00000791,WO00000791,2026-02-03,C,P01,P01_L01,SKU002,480,0,115,365,69.9,344,331,13,56.548,0.7604166666666666,0.8089834793344699,0.9622093023255814,0.5919170243204578,0.0377906976744186
PR00000792,WO00000792,2026-02-03,A,P01,P01_L02,SKU001,480,33,0,447,49.793,328,321,7,44.027,1.0,0.8841974903617756,0.9786585365853658,0.8653274219699084,0.021341463414634148
PR00000793,WO00000793,2026-02-03,B,P01,P01_L02,SKU008,480,25,0,455,60.302,392,386,6,51.692,1.0,0.8572237685699926,0.9846938775510204,0.8441029966020845,0.015306122448979591
PR00000794,WO00000794,2026-02-03,C,P01,P01_L02,SKU004,480,0,22,458,56.693,356,339,17,46.638,0.9541666666666667,0.8226333865759942,0.952247191011236,0.7474467747340943,0.047752808988764044
PR00000795,WO00000795,2026-02-03,A,P01,P01_L03,SKU008,480,22,0,458,60.302,405,396,9,53.057,1.0,0.8798508931536593,0.9777777777777777,0.860298651083578,0.022222222222222223
PR00000796,WO00000796,2026-02-03,B,P01,P01_L03,SKU008,480,0,0,480,60.302,414,409,5,51.75,1.0,0.8581804915259859,0.9879227053140096,0.8478159928360585,0.012077294685990338
PR00000797,WO00000797,2026-02-03,C,P01,P01_L03,SKU003,480,0,0,480,61.962,436,422,14,54.5,1.0,0.8795713501823698,0.9678899082568807,0.8513282334333946,0.03211009174311927
PR00000798,WO00000798,2026-02-03,A,P02,P02_L01,SKU003,480,19,0,461,48.8,361,354,7,46.985,1.0,0.9628035987340422,0.9806094182825484,0.9441342768749333,0.019390581717451522
PR00000799,WO00000799,2026-02-03,B,P02,P02_L01,SKU003,480,23,0,457,48.8,335,324,11,43.982,1.0,0.9012806256053378,0.9671641791044776,0.8716863364063566,0.03283582089552239
PR00000800,WO00000800,2026-02-03,C,P02,P02_L01,SKU003,480,36,0,444,48.8,307,300,7,41.486,1.0,0.8501329198050509,0.9771986970684039,0.8307487815684537,0.02280130293159609
PR00000801,WO00000801,2026-02-03,A,P02,P02_L02,SKU004,480,0,48,432,55.9,364,349,15,50.556,0.9,0.9043927648578811,0.9587912087912088,0.7804114490161002,0.04120879120879121
PR00000802,WO00000802,2026-02-03,B,P02,P02_L02,SKU002,480,22,20,438,55.9,341,329,12,46.712,0.9563318777292577,0.8356409439556939,0.9648093841642229,0.7710274898250932,0.03519061583577713
PR00000803,WO00000803,2026-02-03,C,P02,P02_L02,SKU004,480,12,0,468,55.9,345,331,14,44.231,1.0,0.7912481078849595,0.9594202898550724,0.7591394890142654,0.04057971014492753
PR00000804,WO00000804,2026-02-03,A,P02,P02_L03,SKU007,480,17,0,463,47.0,311,307,4,40.302,1.0,0.8574973576581958,0.9871382636655949,0.846468452736547,0.012861736334405145
PR00000805,WO00000805,2026-02-03,B,P02,P02_L03,SKU001,480,0,16,464,47.0,299,290,9,38.664,0.9666666666666667,0.8226338958180484,0.9698996655518395,0.7712765957446808,0.030100334448160536
PR00000806,WO00000806,2026-02-03,C,P02,P02_L03,SKU005,480,39,0,441,47.0,255,247,8,34.694,1.0,0.7381676074685194,0.9686274509803922,0.7150094080185266,0.03137254901960784
PR00000807,WO00000807,2026-02-03,A,P03,P03_L01,SKU001,480,0,0,480,49.793,371,364,7,46.375,1.0,0.9313558130660936,0.9811320754716981,0.9137830618761673,0.018867924528301886
PR00000808,WO00000808,2026-02-03,B,P03,P03_L01,SKU003,480,0,4,476,57.7,430,421,9,54.202,0.9916666666666667,0.9393705489128059,0.9790697674418605,0.9120450606585788,0.020930232558139535
PR00000809,WO00000809,2026-02-03,C,P03,P03_L01,SKU001,480,24,0,456,49.793,305,297,8,40.132,1.0,0.8059682876582738,0.9737704918032787,0.7848281358508437,0.02622950819672131
PR00000810,WO00000810,2026-02-03,A,P03,P03_L02,SKU004,480,0,54,426,56.6,358,347,11,50.423,0.8875,0.8908575125665654,0.9692737430167597,0.7663427561837455,0.030726256983240222
PR00000811,WO00000811,2026-02-03,B,P03,P03_L02,SKU004,480,26,0,454,56.6,368,353,15,48.634,1.0,0.8592643327469996,0.9592391304347826,0.8242399713578556,0.04076086956521739
PR00000812,WO00000812,2026-02-03,C,P03,P03_L02,SKU006,480,0,0,480,54.878,377,367,10,47.125,1.0,0.8587229855315427,0.9734748010610079,0.8359451875068333,0.026525198938992044
PR00000813,WO00000813,2026-02-03,A,P03,P03_L03,SKU001,480,34,51,395,49.793,302,296,6,45.873,0.8856502242152466,0.9212824638306387,0.9801324503311258,0.7997234109752493,0.019867549668874173
PR00000814,WO00000814,2026-02-03,B,P03,P03_L03,SKU004,480,0,0,480,56.693,406,394,12,50.75,1.0,0.8951722434868503,0.9704433497536946,0.8687139505759089,0.029556650246305417
PR00000815,WO00000815,2026-02-03,C,P03,P03_L03,SKU001,480,0,18,462,49.793,312,305,7,40.519,0.9625,0.8137585708730247,0.9775641025641025,0.7656698732753601,0.022435897435897436
PR00000816,WO00000816,2026-02-04,A,P01,P01_L01,SKU007,480,24,0,456,69.9,481,473,8,63.289,1.0,0.9054288080716814,0.9833679833679834,0.8903697010767262,0.016632016632016633
PR00000817,WO00000817,2026-02-04,B,P01,P01_L01,SKU001,480,39,0,441,49.793,331,322,9,45.034,1.0,0.9044245899110754,0.972809667673716,0.8798329847473302,0.027190332326283987
PR00000818,WO00000818,2026-02-04,C,P01,P01_L01,SKU001,480,0,13,467,49.793,316,308,8,40.6,0.9729166666666667,0.8153670542942858,0.9746835443037974,0.773201052356757,0.02531645569620253
PR00000819,WO00000819,2026-02-04,A,P01,P01_L02,SKU004,480,18,0,462,56.693,387,375,12,50.26,1.0,0.8865246196133608,0.9689922480620154,0.8590354841214736,0.031007751937984496
PR00000820,WO00000820,2026-02-04,B,P01,P01_L02,SKU001,480,23,18,439,49.793,336,327,9,45.923,0.9606126914660832,0.9222692196262001,0.9732142857142857,0.8622128873931951,0.026785714285714284
PR00000821,WO00000821,2026-02-04,C,P01,P01_L02,SKU008,480,0,10,470,60.302,375,366,9,47.872,0.9791666666666666,0.7938764953986919,0.976,0.7586813041026832,0.024
PR00000822,WO00000822,2026-02-04,A,P01,P01_L03,SKU008,480,43,14,423,60.302,381,373,8,54.043,0.9679633867276888,0.8961983548056344,0.979002624671916,0.8492722404780758,0.02099737532808399
PR00000823,WO00000823,2026-02-04,B,P01,P01_L03,SKU004,480,33,0,447,56.693,380,367,13,51.007,1.0,0.8997003405957698,0.9657894736842105,0.8689211184174934,0.034210526315789476
PR00000824,WO00000824,2026-02-04,C,P01,P01_L03,SKU008,480,32,0,448,60.302,352,347,5,47.143,1.0,0.7817793297545214,0.9857954545454546,0.7706745097295992,0.014204545454545454
PR00000825,WO00000825,2026-02-04,A,P02,P02_L01,SKU004,480,17,0,463,48.8,341,327,14,44.19,1.0,0.9055341146478774,0.9589442815249267,0.8683567609673194,0.04105571847507331
PR00000826,WO00000826,2026-02-04,B,P02,P02_L01,SKU001,480,16,0,464,48.8,315,306,9,40.733,1.0,0.8346876766534765,0.9714285714285714,0.8108394573205201,0.02857142857142857
PR00000827,WO00000827,2026-02-04,C,P02,P02_L01,SKU001,480,26,0,454,48.8,303,294,9,40.044,1.0,0.8205748537589371,0.9702970297029703,0.7962013432512459,0.0297029702970297
PR00000828,WO00000828,2026-02-04,A,P02,P02_L02,SKU006,480,30,0,450,54.878,365,354,11,48.667,1.0,0.8868156030953509,0.9698630136986301,0.8600896534130252,0.030136986301369864
PR00000829,WO00000829,2026-02-04,B,P02,P02_L02,SKU004,480,43,0,437,55.9,349,337,12,47.918,1.0,0.8572025069284396,0.9656160458452722,0.8277284952288944,0.034383954154727794
PR00000830,WO00000830,2026-02-04,C,P02,P02_L02,SKU004,480,0,0,480,55.9,363,347,16,45.375,1.0,0.8117173524150268,0.9559228650137741,0.7759391771019678,0.0440771349862259
PR00000831,WO00000831,2026-02-04,A,P02,P02_L03,SKU003,480,0,0,480,47.0,342,336,6,42.75,1.0,0.9095744680851063,0.9824561403508771,0.8936170212765957,0.017543859649122806
PR00000832,WO00000832,2026-02-04,B,P02,P02_L03,SKU003,480,27,0,453,47.0,311,303,8,41.192,1.0,0.8764266591517543,0.9742765273311897,0.8538819219388475,0.02572347266881029
PR00000833,WO00000833,2026-02-04,C,P02,P02_L03,SKU003,480,0,0,480,47.0,317,310,7,39.625,1.0,0.8430851063829787,0.9779179810725552,0.824468085106383,0.022082018927444796
PR00000834,WO00000834,2026-02-04,A,P03,P03_L01,SKU003,480,23,0,457,57.7,429,421,8,56.324,1.0,0.9761499342027918,0.9813519813519813,0.957946672026516,0.018648018648018648
PR00000835,WO00000835,2026-02-04,B,P03,P03_L01,SKU001,480,41,4,435,49.793,310,303,7,42.759,0.9908883826879271,0.8587275458328514,0.9774193548387097,0.8316892069843411,0.02258064516129032
PR00000836,WO00000836,2026-02-04,C,P03,P03_L01,SKU001,480,23,0,457,49.793,332,325,7,43.589,1.0,0.8753965706866692,0.9789156626506024,0.8569394140758056,0.02108433734939759
PR00000837,WO00000837,2026-02-04,A,P03,P03_L02,SKU001,480,0,0,480,49.793,357,351,6,44.625,1.0,0.896210310686241,0.9831932773109243,0.881147952523447,0.01680672268907563
PR00000838,WO00000838,2026-02-04,B,P03,P03_L02,SKU006,480,28,0,452,54.878,387,377,10,51.372,1.0,0.9361070267854004,0.9741602067183462,0.9119182147237621,0.025839793281653745
PR00000839,WO00000839,2026-02-04,C,P03,P03_L02,SKU004,480,0,0,480,56.6,351,337,14,43.875,1.0,0.7751766784452296,0.9601139601139601,0.7442579505300353,0.039886039886039885
PR00000840,WO00000840,2026-02-04,A,P03,P03_L03,SKU004,480,22,0,458,56.693,389,376,13,50.961,1.0,0.898888728590061,0.9665809768637532,0.8688487453723983,0.033419023136246784
PR00000841,WO00000841,2026-02-04,B,P03,P03_L03,SKU004,480,0,5,475,56.693,405,391,14,51.158,0.9895833333333334,0.9023670424363167,0.9654320987654321,0.8620993773481735,0.0345679012345679
PR00000842,WO00000842,2026-02-04,C,P03,P03_L03,SKU004,480,54,0,426,56.693,338,325,13,47.606,1.0,0.8397092022439614,0.9615384615384616,0.8074126944653475,0.038461538461538464
PR00000843,WO00000843,2026-02-05,A,P01,P01_L01,SKU007,480,53,0,427,69.9,442,438,4,62.108,1.0,0.8885225799318531,0.9909502262443439,0.880481651606678,0.00904977375565611
PR00000844,WO00000844,2026-02-05,B,P01,P01_L01,SKU004,480,0,0,480,56.693,401,386,15,50.125,1.0,0.884147954773958,0.9625935162094763,0.8510750886352813,0.03740648379052369
PR00000845,WO00000845,2026-02-05,C,P01,P01_L01,SKU006,480,26,0,454,54.878,362,350,12,47.841,1.0,0.8717775737386558,0.9668508287292817,0.8428788696368219,0.03314917127071823
PR00000846,WO00000846,2026-02-05,A,P01,P01_L02,SKU002,480,0,0,480,65.2,463,442,21,57.875,1.0,0.8876533742331288,0.9546436285097192,0.8473926380368098,0.04535637149028078
PR00000847,WO00000847,2026-02-05,B,P01,P01_L02,SKU002,480,20,44,416,65.2,385,369,16,55.529,0.9043478260869565,0.8516694195375177,0.9584415584415584,0.7381968524939984,0.04155844155844156
PR00000848,WO00000848,2026-02-05,C,P01,P01_L02,SKU004,480,0,15,465,56.693,352,337,15,45.419,0.96875,0.8011457294323757,0.9573863636363636,0.7430370592489373,0.04261363636363636
PR00000849,WO00000849,2026-02-05,A,P01,P01_L03,SKU007,480,0,0,480,74.2,532,526,6,66.5,1.0,0.8962264150943395,0.9887218045112782,0.8861185983827493,0.011278195488721804
PR00000850,WO00000850,2026-02-05,B,P01,P01_L03,SKU008,480,0,0,480,60.302,394,386,8,49.25,1.0,0.8167224967662764,0.9796954314720813,0.8001392988623927,0.02030456852791878
PR00000851,WO00000851,2026-02-05,C,P01,P01_L03,SKU003,480,0,7,473,61.962,428,419,9,54.292,0.9854166666666667,0.8762104960600211,0.9789719626168224,0.8452761369871856,0.02102803738317757
PR00000852,WO00000852,2026-02-05,A,P02,P02_L01,SKU003,480,0,14,466,48.8,337,329,8,43.391,0.9708333333333333,0.8891507774572575,0.9762611275964391,0.8427254098360655,0.02373887240356083
PR00000853,WO00000853,2026-02-05,B,P02,P02_L01,SKU003,480,0,0,480,48.8,351,343,8,43.875,1.0,0.8990778688524591,0.9772079772079773,0.8785860655737706,0.022792022792022793
PR00000854,WO00000854,2026-02-05,C,P02,P02_L01,SKU004,480,0,26,454,48.8,311,298,13,41.101,0.9458333333333333,0.8422401964324404,0.9581993569131833,0.7633196721311477,0.04180064308681672
PR00000855,WO00000855,2026-02-05,A,P02,P02_L02,SKU004,480,0,0,480,55.9,358,348,10,44.75,1.0,0.8005366726296959,0.9720670391061452,0.778175313059034,0.027932960893854747
PR00000856,WO00000856,2026-02-05,B,P02,P02_L02,SKU004,480,31,0,449,55.9,367,351,16,49.042,1.0,0.8773222944248997,0.9564032697547684,0.8390739110167297,0.043596730245231606
PR00000857,WO00000857,2026-02-05,C,P02,P02_L02,SKU006,480,31,0,449,54.878,360,347,13,48.107,1.0,0.8766154785456073,0.9638888888888889,0.844959919598127,0.03611111111111111
PR00000858,WO00000858,2026-02-05,A,P02,P02_L03,SKU008,480,0,0,480,47.0,326,321,5,40.75,1.0,0.8670212765957447,0.9846625766871165,0.8537234042553191,0.015337423312883436
PR00000859,WO00000859,2026-02-05,B,P02,P02_L03,SKU005,480,0,8,472,47.0,316,309,7,40.169,0.9833333333333333,0.8546700324558241,0.9778481012658228,0.821808510638298,0.022151898734177215
PR00000860,WO00000860,2026-02-05,C,P02,P02_L03,SKU005,480,43,62,375,47.0,227,222,5,36.32,0.8581235697940504,0.7727659574468085,0.9779735682819384,0.6485223233847802,0.022026431718061675
PR00000861,WO00000861,2026-02-05,A,P03,P03_L01,SKU007,480,0,20,460,57.7,396,391,5,51.652,0.9583333333333334,0.8951849898274432,0.9873737373737373,0.847053726169844,0.012626262626262626
PR00000862,WO00000862,2026-02-05,B,P03,P03_L01,SKU001,480,39,0,441,49.793,337,329,8,45.85,1.0,0.9208189933535723,0.9762611275964391,0.8989597887635765,0.02373887240356083
PR00000863,WO00000863,2026-02-05,C,P03,P03_L01,SKU006,480,0,0,480,54.878,384,376,8,48.0,1.0,0.8746674441488392,0.9791666666666666,0.8564452057290717,0.020833333333333332
PR00000864,WO00000864,2026-02-05,A,P03,P03_L02,SKU006,480,0,0,480,54.878,421,409,12,52.625,1.0,0.9589452968402639,0.9714964370546318,0.9316119392106127,0.028503562945368172
PR00000865,WO00000865,2026-02-05,B,P03,P03_L02,SKU001,480,0,11,469,49.793,319,312,7,40.81,0.9770833333333333,0.8195978258304948,0.9780564263322884,0.7832426244652863,0.0219435736677116
PR00000866,WO00000866,2026-02-05,C,P03,P03_L02,SKU006,480,0,0,480,54.878,385,373,12,48.125,1.0,0.8769452239513101,0.9688311688311688,0.8496118663216589,0.03116883116883117
PR00000867,WO00000867,2026-02-05,A,P03,P03_L03,SKU007,480,0,0,480,58.1,407,404,3,50.875,1.0,0.8756454388984509,0.9926289926289926,0.8691910499139415,0.007371007371007371
PR00000868,WO00000868,2026-02-05,B,P03,P03_L03,SKU004,480,0,0,480,56.693,385,371,14,48.125,1.0,0.8488702308927029,0.9636363636363636,0.8180022224966046,0.03636363636363636
PR00000869,WO00000869,2026-02-05,C,P03,P03_L03,SKU004,480,40,0,440,56.693,345,334,11,47.045,1.0,0.8298282776613436,0.9681159420289855,0.8033699847504022,0.03188405797101449
PR00000870,WO00000870,2026-02-06,A,P01,P01_L01,SKU004,480,0,0,480,56.693,418,406,12,52.25,1.0,0.9216305363977917,0.9712918660287081,0.8951722434868503,0.028708133971291867
PR00000871,WO00000871,2026-02-06,B,P01,P01_L01,SKU007,480,0,0,480,69.9,503,499,4,62.875,1.0,0.8994992846924177,0.9920477137176938,0.892346208869814,0.007952286282306162
PR00000872,WO00000872,2026-02-06,C,P01,P01_L01,SKU007,480,0,0,480,69.9,474,468,6,59.25,1.0,0.8476394849785407,0.9873417721518988,0.8369098712446351,0.012658227848101266
PR00000873,WO00000873,2026-02-06,A,P01,P01_L02,SKU001,480,57,40,383,49.793,290,283,7,45.431,0.9054373522458629,0.9123934970674151,0.9758620689655172,0.8061744416209347,0.02413793103448276
PR00000874,WO00000874,2026-02-06,B,P01,P01_L02,SKU001,480,39,124,317,49.793,226,220,6,42.776,0.7188208616780045,0.8590770838590376,0.9734513274336283,0.6011281262248839,0.02654867256637168
PR00000875,WO00000875,2026-02-06,C,P01,P01_L02,SKU001,480,16,11,453,49.793,317,310,7,41.987,0.9762931034482759,0.8432260552063024,0.9779179810725552,0.8050570742182983,0.022082018927444796
PR00000876,WO00000876,2026-02-06,A,P01,P01_L03,SKU003,480,0,0,480,61.962,460,451,9,57.5,1.0,0.9279881217520415,0.9804347826086957,0.9098318324134146,0.01956521739130435
PR00000877,WO00000877,2026-02-06,B,P01,P01_L03,SKU005,480,0,0,480,50.42,342,333,9,42.75,1.0,0.8478778262594209,0.9736842105263158,0.825565251884173,0.02631578947368421
PR00000878,WO00000878,2026-02-06,C,P01,P01_L03,SKU006,480,0,0,480,54.878,395,384,11,49.375,1.0,0.8997230219760195,0.9721518987341772,0.8746674441488391,0.027848101265822784
PR00000879,WO00000879,2026-02-06,A,P02,P02_L01,SKU001,480,25,18,437,48.8,313,307,6,42.975,0.9604395604395605,0.8806317290017632,0.9808306709265175,0.829580255809764,0.019169329073482427
PR00000880,WO00000880,2026-02-06,B,P02,P02_L01,SKU003,480,0,15,465,48.8,344,338,6,44.387,0.96875,0.9095716552088842,0.9825581395348837,0.8657786885245901,0.01744186046511628
PR00000881,WO00000881,2026-02-06,C,P02,P02_L01,SKU004,480,0,70,410,48.8,292,280,12,42.732,0.8541666666666666,0.8756497401039585,0.958904109589041,0.7172131147540983,0.0410958904109589
PR00000882,WO00000882,2026-02-06,A,P02,P02_L02,SKU008,480,0,0,480,55.9,390,384,6,48.75,1.0,0.872093023255814,0.9846153846153847,0.8586762075134169,0.015384615384615385
PR00000883,WO00000883,2026-02-06,B,P02,P02_L02,SKU006,480,0,0,480,54.878,361,350,11,45.125,1.0,0.8222785086920077,0.9695290858725761,0.7972229308648273,0.030470914127423823
PR00000884,WO00000884,2026-02-06,C,P02,P02_L02,SKU001,480,0,0,480,49.793,328,319,9,41.0,1.0,0.8234089128994035,0.9725609756097561,0.8008153756552125,0.027439024390243903
PR00000885,WO00000885,2026-02-06,A,P02,P02_L03,SKU007,480,38,24,418,47.0,298,294,4,42.775,0.9457013574660633,0.9101089280260612,0.9865771812080537,0.8491383460094348,0.013422818791946308
PR00000886,WO00000886,2026-02-06,B,P02,P02_L03,SKU002,480,42,0,438,47.0,280,270,10,38.356,1.0,0.8160886039055669,0.9642857142857143,0.786942582337511,0.03571428571428571
PR00000887,WO00000887,2026-02-06,C,P02,P02_L03,SKU003,480,0,0,480,47.0,310,303,7,38.75,1.0,0.824468085106383,0.9774193548387097,0.8058510638297873,0.02258064516129032
PR00000888,WO00000888,2026-02-06,A,P03,P03_L01,SKU001,480,0,46,434,49.793,331,323,8,45.76,0.9041666666666667,0.9190120832967379,0.9758308157099698,0.810856947763742,0.02416918429003021
PR00000889,WO00000889,2026-02-06,B,P03,P03_L01,SKU001,480,43,64,373,49.793,280,274,6,45.04,0.8535469107551488,0.9045491229130961,0.9785714285714285,0.7555306428568506,0.02142857142857143
PR00000890,WO00000890,2026-02-06,C,P03,P03_L01,SKU003,480,38,0,442,57.7,374,369,5,50.769,1.0,0.8798826823090254,0.9866310160427807,0.868119544845001,0.013368983957219251
PR00000891,WO00000891,2026-02-06,A,P03,P03_L02,SKU001,480,0,0,480,49.793,357,349,8,44.625,1.0,0.896210310686241,0.9775910364145658,0.8761271664691823,0.022408963585434174
PR00000892,WO00000892,2026-02-06,B,P03,P03_L02,SKU006,480,18,0,462,54.878,367,357,10,47.662,1.0,0.8685144805265801,0.9727520435967303,0.8448492358255834,0.027247956403269755
PR00000893,WO00000893,2026-02-06,C,P03,P03_L02,SKU002,480,42,0,438,56.6,340,325,15,46.575,1.0,0.8228859092889298,0.9558823529411765,0.7865821191732417,0.04411764705882353
PR00000894,WO00000894,2026-02-06,A,P03,P03_L03,SKU001,480,26,27,427,49.793,310,303,7,43.56,0.9405286343612335,0.8748161181201182,0.9774193548387097,0.8042104886919071,0.02258064516129032
PR00000895,WO00000895,2026-02-06,B,P03,P03_L03,SKU004,480,0,0,480,56.693,405,390,15,50.625,1.0,0.8929673857442718,0.9629629629629629,0.859894519605595,0.037037037037037035
PR00000896,WO00000896,2026-02-06,C,P03,P03_L03,SKU001,480,0,0,480,49.793,337,329,8,42.125,1.0,0.8460024501435945,0.9762611275964391,0.8259193059265358,0.02373887240356083
PR00000897,WO00000897,2026-02-07,A,P01,P01_L01,SKU008,480,0,21,459,60.302,412,403,9,53.856,0.95625,0.893108174692826,0.9781553398058253,0.8353785944081457,0.021844660194174758
PR00000898,WO00000898,2026-02-07,B,P01,P01_L01,SKU005,480,33,20,427,50.42,286,279,7,40.187,0.9552572706935123,0.7970518371673261,0.9755244755244755,0.742754153699528,0.024475524475524476
PR00000899,WO00000899,2026-02-07,C,P01,P01_L01,SKU004,480,20,28,432,56.693,371,354,17,51.528,0.9391304347826087,0.9088913583295606,0.954177897574124,0.8144552774324566,0.04582210242587601
PR00000900,WO00000900,2026-02-07,C,P01,P01_L02,SKU001,480,0,0,480,49.793,355,344,11,44.375,1.0,0.8911895246319764,0.9690140845070423,0.8635752013335208,0.030985915492957747
PR00000901,WO00000901,2026-02-07,A,P01,P01_L03,SKU006,480,0,49,431,54.878,393,383,10,54.71,0.8979166666666667,0.9969382411557245,0.9745547073791349,0.8723896643463683,0.02544529262086514
PR00000902,WO00000902,2026-02-07,B,P01,P01_L03,SKU008,480,29,20,431,60.302,362,355,7,50.394,0.9556541019955654,0.8357008317224032,0.9806629834254144,0.7831975950171277,0.019337016574585635
PR00000903,WO00000903,2026-02-07,C,P01,P01_L03,SKU003,480,0,13,467,61.962,426,415,11,54.732,0.9729166666666667,0.8833209716779511,0.9741784037558685,0.837206675058907,0.025821596244131457
PR00000904,WO00000904,2026-02-07,B,P02,P02_L01,SKU001,480,31,0,449,48.8,304,299,5,40.624,1.0,0.8324509839716675,0.9835526315789473,0.8187593559458177,0.01644736842105263
PR00000905,WO00000905,2026-02-07,C,P02,P02_L01,SKU005,480,0,0,480,48.8,297,287,10,37.125,1.0,0.7607581967213115,0.9663299663299664,0.7351434426229508,0.03367003367003367
PR00000906,WO00000906,2026-02-07,A,P02,P02_L02,SKU002,480,0,65,415,55.9,344,334,10,49.735,0.8645833333333334,0.8897126969416126,0.9709302325581395,0.7468694096601073,0.029069767441860465
PR00000907,WO00000907,2026-02-07,B,P02,P02_L02,SKU002,480,0,0,480,55.9,387,372,15,48.375,1.0,0.8653846153846154,0.9612403100775194,0.8318425760286227,0.03875968992248062
PR00000908,WO00000908,2026-02-07,C,P02,P02_L02,SKU004,480,0,0,480,55.9,361,347,14,45.125,1.0,0.8072450805008945,0.961218836565097,0.7759391771019679,0.038781163434903045
PR00000909,WO00000909,2026-02-07,A,P02,P02_L03,SKU005,480,0,0,480,47.0,316,311,5,39.5,1.0,0.8404255319148937,0.9841772151898734,0.8271276595744681,0.015822784810126583
PR00000910,WO00000910,2026-02-07,B,P02,P02_L03,SKU007,480,18,0,462,47.0,307,304,3,39.87,1.0,0.848300635534678,0.990228013029316,0.8400110527770102,0.009771986970684038
PR00000911,WO00000911,2026-02-07,C,P03,P03_L01,SKU004,480,35,0,445,56.693,354,343,11,47.73,1.0,0.8419088261099552,0.9689265536723164,0.8157478173890244,0.031073446327683617
PR00000912,WO00000912,2026-02-07,A,P03,P03_L02,SKU006,480,0,0,480,54.878,426,413,13,53.25,1.0,0.9703341958526185,0.9694835680751174,0.9407230584204963,0.03051643192488263
PR00000913,WO00000913,2026-02-07,C,P03,P03_L02,SKU001,480,22,0,458,49.793,310,302,8,40.611,1.0,0.8156036734438654,0.9741935483870968,0.7945558367098302,0.025806451612903226
PR00000914,WO00000914,2026-02-07,A,P03,P03_L03,SKU004,480,0,0,480,56.693,409,396,13,51.125,1.0,0.9017868167145856,0.9682151589242054,0.8731236660610658,0.03178484107579462
PR00000915,WO00000915,2026-02-07,B,P03,P03_L03,SKU006,480,0,21,459,54.878,363,354,9,47.451,0.95625,0.8646630779575943,0.9752066115702479,0.8063340500747112,0.024793388429752067
PR00000916,WO00000916,2026-02-07,C,P03,P03_L03,SKU003,480,25,0,455,58.1,386,377,9,50.901,1.0,0.8760946454578125,0.9766839378238342,0.8556675682321122,0.023316062176165803
PR00000917,WO00000917,2026-02-08,B,P01,P01_L01,SKU007,480,0,16,464,69.9,448,443,5,57.931,0.9666666666666667,0.828770164274086,0.9888392857142857,0.7922031473533617,0.011160714285714286
PR00000918,WO00000918,2026-02-08,C,P01,P01_L01,SKU001,480,0,0,480,49.793,339,329,10,42.375,1.0,0.8510232361978591,0.9705014749262537,0.8259193059265358,0.029498525073746312
PR00000919,WO00000919,2026-02-08,A,P01,P01_L02,SKU001,480,0,0,480,49.793,356,347,9,44.5,1.0,0.8936999176591087,0.9747191011235955,0.8711063804149177,0.025280898876404494
PR00000920,WO00000920,2026-02-08,C,P01,P01_L02,SKU001,480,17,0,463,49.793,323,313,10,41.857,1.0,0.8406292331027995,0.9690402476780186,0.8146035602513196,0.030959752321981424
PR00000921,WO00000921,2026-02-08,A,P01,P01_L03,SKU004,480,0,0,480,56.693,413,396,17,51.625,1.0,0.9106062476848994,0.9588377723970944,0.8731236660610657,0.04116222760290557
PR00000922,WO00000922,2026-02-08,A,P02,P02_L01,SKU006,480,0,0,480,48.8,349,338,11,43.625,1.0,0.8939549180327869,0.9684813753581661,0.8657786885245902,0.03151862464183381
PR00000923,WO00000923,2026-02-08,C,P02,P02_L02,SKU006,480,0,8,472,54.878,377,365,12,47.924,0.9833333333333333,0.8732776124049587,0.9681697612732095,0.8313896279018914,0.03183023872679045
PR00000924,WO00000924,2026-02-08,B,P02,P02_L03,SKU003,480,26,13,441,47.0,316,310,6,42.993,0.9713656387665198,0.9147488782747142,0.9810126582278481,0.8716843190552067,0.0189873417721519
PR00000925,WO00000925,2026-02-08,A,P03,P03_L01,SKU003,480,44,0,436,57.7,403,399,4,55.459,1.0,0.9611562495031243,0.9900744416873449,0.9516162371011082,0.009925558312655087
PR00000926,WO00000926,2026-02-08,C,P03,P03_L01,SKU001,480,23,0,457,49.793,308,301,7,40.438,1.0,0.8121148908779943,0.9772727272727273,0.7936577342671308,0.022727272727272728
PR00000927,WO00000927,2026-02-08,B,P03,P03_L02,SKU006,480,25,44,411,54.878,351,341,10,51.241,0.9032967032967033,0.9337234577136332,0.9715099715099715,0.8193999957548193,0.02849002849002849
PR00000928,WO00000928,2026-02-08,C,P03,P03_L02,SKU006,480,0,0,480,54.878,383,374,9,47.875,1.0,0.8723896643463683,0.9765013054830287,0.8518896461241299,0.02349869451697128
PR00000929,WO00000929,2026-02-08,B,P03,P03_L03,SKU003,480,0,0,480,58.1,451,443,8,56.375,1.0,0.9703098106712564,0.9822616407982262,0.9530981067125646,0.017738359201773836
PR00000930,WO00000930,2026-02-09,A,P01,P01_L01,SKU001,480,38,0,442,49.793,344,337,7,46.697,1.0,0.9378192231676244,0.9796511627906976,0.9187356924636321,0.020348837209302327
PR00000931,WO00000931,2026-02-09,B,P01,P01_L01,SKU005,480,0,44,436,50.42,302,293,9,41.56,0.9083333333333333,0.824268802608547,0.9701986754966887,0.7263982546608488,0.029801324503311258
PR00000932,WO00000932,2026-02-09,C,P01,P01_L01,SKU005,480,0,0,480,50.42,321,313,8,40.125,1.0,0.7958151527171757,0.9750778816199377,0.775981753272511,0.024922118380062305
PR00000933,WO00000933,2026-02-09,A,P01,P01_L02,SKU004,480,0,0,480,56.693,412,397,15,51.5,1.0,0.908401389942321,0.9635922330097088,0.8753285238036442,0.03640776699029126
PR00000934,WO00000934,2026-02-09,B,P01,P01_L02,SKU001,480,39,0,441,49.793,342,333,9,46.531,1.0,0.9344809962223196,0.9736842105263158,0.9098893910585744,0.02631578947368421
PR00000935,WO00000935,2026-02-09,C,P01,P01_L02,SKU004,480,0,0,480,56.693,364,346,18,45.5,1.0,0.8025682182985554,0.9505494505494505,0.7628807789321432,0.04945054945054945
PR00000936,WO00000936,2026-02-09,A,P01,P01_L03,SKU002,480,0,0,480,72.0,501,483,18,62.625,1.0,0.8697916666666666,0.9640718562874252,0.8385416666666666,0.03592814371257485
PR00000937,WO00000937,2026-02-09,B,P01,P01_L03,SKU003,480,16,0,464,61.962,427,419,8,55.216,1.0,0.8911190284590443,0.9812646370023419,0.8744235899867437,0.01873536299765808
PR00000938,WO00000938,2026-02-09,C,P01,P01_L03,SKU007,480,0,0,480,74.2,507,499,8,63.375,1.0,0.85411051212938,0.9842209072978304,0.840633423180593,0.015779092702169626
PR00000939,WO00000939,2026-02-09,A,P02,P02_L01,SKU003,480,0,29,451,48.8,344,335,9,45.765,0.9395833333333333,0.9378066955036167,0.9738372093023255,0.858094262295082,0.02616279069767442
PR00000940,WO00000940,2026-02-09,B,P02,P02_L01,SKU002,480,0,0,480,48.8,302,289,13,37.75,1.0,0.7735655737704918,0.956953642384106,0.740266393442623,0.04304635761589404
PR00000941,WO00000941,2026-02-09,C,P02,P02_L01,SKU002,480,28,0,452,48.8,302,291,11,40.088,1.0,0.821485565066009,0.9635761589403974,0.7915639054112869,0.03642384105960265
PR00000942,WO00000942,2026-02-09,A,P02,P02_L02,SKU004,480,0,0,480,55.9,403,388,15,50.375,1.0,0.9011627906976745,0.9627791563275434,0.8676207513416816,0.03722084367245657
PR00000943,WO00000943,2026-02-09,B,P02,P02_L02,SKU002,480,29,9,442,55.9,332,322,10,45.068,0.9800443458980045,0.8062231360137285,0.9698795180722891,0.766335196284147,0.030120481927710843
PR00000944,WO00000944,2026-02-09,C,P02,P02_L02,SKU004,480,23,0,457,55.9,341,329,12,44.77,1.0,0.80089876029014,0.9648093841642229,0.7727146396934195,0.03519061583577713
PR00000945,WO00000945,2026-02-09,A,P02,P02_L03,SKU006,480,0,34,446,47.0,294,286,8,39.552,0.9291666666666667,0.8415227554622651,0.9727891156462585,0.7606382978723404,0.027210884353741496
PR00000946,WO00000946,2026-02-09,B,P02,P02_L03,SKU007,480,15,0,465,47.0,299,297,2,38.581,1.0,0.8208647906657516,0.9933110367892977,0.8153740562800275,0.006688963210702341
PR00000947,WO00000947,2026-02-09,C,P02,P02_L03,SKU007,480,25,24,431,47.0,281,278,3,39.118,0.9472527472527472,0.8323048822629214,0.9893238434163701,0.7799859714753331,0.010676156583629894
PR00000948,WO00000948,2026-02-09,A,P03,P03_L01,SKU001,480,0,0,480,49.793,348,340,8,43.5,1.0,0.8736167734420501,0.9770114942528736,0.8535336292249915,0.022988505747126436
PR00000949,WO00000949,2026-02-09,B,P03,P03_L01,SKU001,480,29,0,451,49.793,325,317,8,43.237,1.0,0.8683399384315813,0.9753846153846154,0.8469654168701886,0.024615384615384615
PR00000950,WO00000950,2026-02-09,C,P03,P03_L01,SKU001,480,0,69,411,49.793,263,259,4,38.394,0.85625,0.771075464100207,0.9847908745247148,0.6501917940272729,0.015209125475285171
PR00000951,WO00000951,2026-02-09,A,P03,P03_L02,SKU008,480,0,0,480,56.6,393,387,6,49.125,1.0,0.8679328621908127,0.9847328244274809,0.8546819787985865,0.015267175572519083
PR00000952,WO00000952,2026-02-09,B,P03,P03_L02,SKU006,480,0,22,458,54.878,375,363,12,49.127,0.9541666666666667,0.8951973022811536,0.968,0.8268340682969495,0.032
PR00000953,WO00000953,2026-02-09,C,P03,P03_L02,SKU001,480,0,0,480,49.793,341,333,8,42.625,1.0,0.8560440222521238,0.9765395894428153,0.8359608780350652,0.02346041055718475
PR00000954,WO00000954,2026-02-09,A,P03,P03_L03,SKU003,480,0,0,480,58.1,420,415,5,52.5,1.0,0.9036144578313253,0.9880952380952381,0.8928571428571429,0.011904761904761904
PR00000955,WO00000955,2026-02-09,B,P03,P03_L03,SKU004,480,0,0,480,56.693,409,395,14,51.125,1.0,0.9017868167145856,0.9657701711491442,0.8709188083184872,0.034229828850855744
PR00000956,WO00000956,2026-02-09,C,P03,P03_L03,SKU004,480,0,26,454,56.693,367,352,15,48.502,0.9458333333333333,0.8555236562392502,0.9591280653950953,0.776109925387614,0.04087193460490463
PR00000957,WO00000957,2026-02-10,A,P01,P01_L01,SKU007,480,21,0,459,69.9,486,483,3,63.529,1.0,0.9088613986367079,0.9938271604938271,0.9032511430895677,0.006172839506172839
PR00000958,WO00000958,2026-02-10,B,P01,P01_L01,SKU001,480,0,0,480,49.793,363,351,12,45.375,1.0,0.911272668849035,0.9669421487603306,0.8811479525234471,0.03305785123966942
PR00000959,WO00000959,2026-02-10,C,P01,P01_L01,SKU005,480,0,0,480,50.42,321,313,8,40.125,1.0,0.7958151527171757,0.9750778816199377,0.775981753272511,0.024922118380062305
PR00000960,WO00000960,2026-02-10,A,P01,P01_L02,SKU004,480,0,0,480,56.693,429,415,14,53.625,1.0,0.9458839715661546,0.9673659673659674,0.9150159631700563,0.03263403263403263
PR00000961,WO00000961,2026-02-10,B,P01,P01_L02,SKU006,480,0,0,480,54.878,428,413,15,53.5,1.0,0.9748897554575604,0.9649532710280374,0.9407230584204964,0.035046728971962614
PR00000962,WO00000962,2026-02-10,C,P01,P01_L02,SKU008,480,0,0,480,60.302,424,416,8,53.0,1.0,0.8789094889058406,0.9811320754716981,0.8623262910019569,0.018867924528301886
PR00000963,WO00000963,2026-02-10,A,P01,P01_L03,SKU003,480,22,0,458,61.962,441,430,11,57.773,1.0,0.9323928498788311,0.9750566893424036,0.9091358853693818,0.024943310657596373
PR00000964,WO00000964,2026-02-10,B,P01,P01_L03,SKU008,480,0,0,480,60.302,411,405,6,51.375,1.0,0.8519617923120295,0.9854014598540146,0.8395243938841167,0.014598540145985401
PR00000965,WO00000965,2026-02-10,C,P01,P01_L03,SKU003,480,0,0,480,61.962,436,428,8,54.5,1.0,0.8795713501823698,0.981651376146789,0.8634324263258125,0.01834862385321101
PR00000966,WO00000966,2026-02-10,A,P02,P02_L01,SKU001,480,0,0,480,48.8,333,325,8,41.625,1.0,0.8529713114754098,0.975975975975976,0.8324795081967213,0.024024024024024024
PR00000967,WO00000967,2026-02-10,B,P02,P02_L01,SKU005,480,23,0,457,48.8,297,291,6,38.993,1.0,0.7990458083724936,0.9797979797979798,0.782903468809413,0.020202020202020204
PR00000968,WO00000968,2026-02-10,C,P02,P02_L01,SKU003,480,0,0,480,48.8,330,322,8,41.25,1.0,0.8452868852459017,0.9757575757575757,0.8247950819672131,0.024242424242424242
PR00000969,WO00000969,2026-02-10,A,P02,P02_L02,SKU002,480,0,0,480,55.9,383,369,14,47.875,1.0,0.8564400715563506,0.9634464751958225,0.825134168157424,0.03655352480417755
PR00000970,WO00000970,2026-02-10,B,P02,P02_L02,SKU004,480,0,0,480,55.9,373,359,14,46.625,1.0,0.8340787119856887,0.9624664879356568,0.802772808586762,0.03753351206434316
PR00000971,WO00000971,2026-02-10,C,P02,P02_L02,SKU004,480,0,0,480,55.9,369,354,15,46.125,1.0,0.825134168157424,0.959349593495935,0.7915921288014311,0.04065040650406504
PR00000972,WO00000972,2026-02-10,A,P02,P02_L03,SKU007,480,29,0,451,47.0,298,293,5,39.645,1.0,0.8435155918290325,0.9832214765100671,0.8293626456574044,0.016778523489932886
PR00000973,WO00000973,2026-02-10,B,P02,P02_L03,SKU008,480,43,20,417,47.0,269,264,5,38.705,0.954233409610984,0.8235114036430429,0.9814126394052045,0.7712157359170358,0.01858736059479554
PR00000974,WO00000974,2026-02-10,C,P02,P02_L03,SKU007,480,0,0,480,47.0,300,295,5,37.5,1.0,0.7978723404255319,0.9833333333333333,0.7845744680851063,0.016666666666666666
PR00000975,WO00000975,2026-02-10,A,P03,P03_L01,SKU004,480,0,0,480,56.693,437,424,13,54.625,1.0,0.9635228335067821,0.9702517162471396,0.9348596828532623,0.029748283752860413
PR00000976,WO00000976,2026-02-10,B,P03,P03_L01,SKU006,480,51,0,429,54.878,335,326,9,46.853,1.0,0.8537692126744206,0.9731343283582089,0.8308321293488391,0.026865671641791045
PR00000977,WO00000977,2026-02-10,C,P03,P03_L01,SKU002,480,0,0,480,57.7,365,351,14,45.625,1.0,0.7907279029462738,0.9616438356164384,0.7603986135181976,0.038356164383561646
PR00000978,WO00000978,2026-02-10,A,P03,P03_L02,SKU004,480,25,0,455,56.6,380,369,11,50.11,1.0,0.8853337475245603,0.9710526315789474,0.8597056653593756,0.02894736842105263
PR00000979,WO00000979,2026-02-10,B,P03,P03_L02,SKU006,480,0,24,456,54.878,372,362,10,48.947,0.95,0.891930617388619,0.9731182795698925,0.8245562884944787,0.026881720430107527
PR00000980,WO00000980,2026-02-10,C,P03,P03_L02,SKU004,480,0,0,480,56.6,378,365,13,47.25,1.0,0.8348056537102473,0.9656084656084656,0.806095406360424,0.03439153439153439
PR00000981,WO00000981,2026-02-10,A,P03,P03_L03,SKU003,480,27,0,453,58.1,409,402,7,54.172,1.0,0.9323956184245022,0.9828850855745721,0.916437747204523,0.017114914425427872
PR00000982,WO00000982,2026-02-10,B,P03,P03_L03,SKU004,480,0,0,480,56.693,396,382,14,49.5,1.0,0.8731236660610657,0.9646464646464646,0.8422556576649675,0.03535353535353535
PR00000983,WO00000983,2026-02-10,C,P03,P03_L03,SKU003,480,36,0,444,58.1,376,366,10,50.811,1.0,0.874540633576778,0.973404255319149,0.8512815741731403,0.026595744680851064
PR00000984,WO00000984,2026-02-11,A,P01,P01_L01,SKU007,480,23,0,457,69.9,478,471,7,62.757,1.0,0.8978127553272415,0.9853556485355649,0.8846648697889765,0.014644351464435146
PR00000985,WO00000985,2026-02-11,B,P01,P01_L01,SKU001,480,0,0,480,49.793,350,342,8,43.75,1.0,0.8786375594963147,0.9771428571428571,0.858554415279256,0.022857142857142857
PR00000986,WO00000986,2026-02-11,C,P01,P01_L01,SKU008,480,0,0,480,60.302,405,398,7,50.625,1.0,0.8395243938841166,0.9827160493827161,0.8250140957182183,0.01728395061728395
PR00000987,WO00000987,2026-02-11,A,P01,P01_L02,SKU001,480,0,0,480,49.793,373,364,9,46.625,1.0,0.9363765991203583,0.9758713136729222,0.9137830618761673,0.024128686327077747
PR00000988,WO00000988,2026-02-11,B,P01,P01_L02,SKU001,480,0,0,480,49.793,354,345,9,44.25,1.0,0.888679131604844,0.9745762711864406,0.866085594360653,0.025423728813559324
PR00000989,WO00000989,2026-02-11,C,P01,P01_L02,SKU004,480,0,0,480,56.693,380,363,17,47.5,1.0,0.8378459421798106,0.9552631578947368,0.8003633605559769,0.04473684210526316
PR00000990,WO00000990,2026-02-11,A,P01,P01_L03,SKU003,480,0,0,480,61.962,487,477,10,60.875,1.0,0.9824569897679222,0.9794661190965093,0.9622833349472256,0.02053388090349076
PR00000991,WO00000991,2026-02-11,B,P01,P01_L03,SKU003,480,0,0,480,61.962,468,454,14,58.5,1.0,0.9441270456085987,0.9700854700854701,0.9158839288596236,0.029914529914529916
PR00000992,WO00000992,2026-02-11,C,P01,P01_L03,SKU006,480,0,0,480,54.878,397,380,17,49.625,1.0,0.9042785815809614,0.9571788413098237,0.8655563249389555,0.042821158690176324
PR00000993,WO00000993,2026-02-11,A,P02,P02_L01,SKU001,480,29,0,451,48.8,313,305,8,41.641,1.0,0.8532950456181164,0.9744408945686901,0.8314855875831486,0.025559105431309903
PR00000994,WO00000994,2026-02-11,B,P02,P02_L01,SKU003,480,54,27,399,48.8,289,282,7,43.459,0.9366197183098591,0.8905460372242081,0.9757785467128027,0.8138997921957977,0.02422145328719723
PR00000995,WO00000995,2026-02-11,C,P02,P02_L01,SKU001,480,30,0,450,48.8,274,265,9,36.533,1.0,0.7486338797814208,0.9671532846715328,0.7240437158469946,0.032846715328467155
PR00000996,WO00000996,2026-02-11,A,P02,P02_L02,SKU002,480,0,0,480,55.9,377,364,13,47.125,1.0,0.8430232558139535,0.9655172413793104,0.8139534883720931,0.034482758620689655
PR00000997,WO00000997,2026-02-11,B,P02,P02_L02,SKU002,480,0,59,421,55.9,302,290,12,43.04,0.8770833333333333,0.7699531314401779,0.9602649006622517,0.6484794275491951,0.039735099337748346
PR00000998,WO00000998,2026-02-11,C,P02,P02_L02,SKU003,480,38,53,389,55.9,319,314,5,49.203,0.8800904977375565,0.8801982975474935,0.9843260188087775,0.7625122430973215,0.01567398119122257
PR00000999,WO00000999,2026-02-11,A,P02,P02_L03,SKU005,480,28,0,452,47.0,299,291,8,39.69,1.0,0.8444737337601205,0.9732441471571907,0.821879118810017,0.026755852842809364
PR00001000,WO00001000,2026-02-11,B,P02,P02_L03,SKU001,480,39,0,441,47.0,295,289,6,40.136,1.0,0.8539586047184832,0.9796610169491525,0.8365899551309885,0.020338983050847456
PR00001001,WO00001001,2026-02-11,C,P02,P02_L03,SKU003,480,43,30,407,47.0,264,256,8,38.919,0.931350114416476,0.8280621046578494,0.9696969696969697,0.7478455621013681,0.030303030303030304
PR00001002,WO00001002,2026-02-11,A,P03,P03_L01,SKU001,480,0,0,480,49.793,351,343,8,43.875,1.0,0.8811479525234471,0.9772079772079773,0.8610648083063885,0.022792022792022793
PR00001003,WO00001003,2026-02-11,B,P03,P03_L01,SKU004,480,17,0,463,56.693,403,386,17,52.225,1.0,0.9211828978928189,0.9578163771712159,0.8823240659717819,0.04218362282878412
PR00001004,WO00001004,2026-02-11,C,P03,P03_L01,SKU003,480,37,0,443,57.7,371,363,8,50.248,1.0,0.8708545406887809,0.9784366576819407,0.8520760061186724,0.0215633423180593
PR00001005,WO00001005,2026-02-11,A,P03,P03_L02,SKU006,480,0,10,470,54.878,386,375,11,49.277,0.9791666666666666,0.8979298761740744,0.9715025906735751,0.8541674259266009,0.02849740932642487
PR00001006,WO00001006,2026-02-11,B,P03,P03_L02,SKU006,480,34,0,446,54.878,368,358,10,49.507,1.0,0.9021233728889373,0.9728260869565217,0.877609150799564,0.02717391304347826
PR00001007,WO00001007,2026-02-11,C,P03,P03_L02,SKU002,480,27,0,453,56.6,319,308,11,42.252,1.0,0.7464956824936232,0.9655172413793104,0.7207544520628086,0.034482758620689655
PR00001008,WO00001008,2026-02-11,A,P03,P03_L03,SKU001,480,0,0,480,49.793,360,353,7,45.0,1.0,0.903741489767638,0.9805555555555555,0.8861687385777117,0.019444444444444445
PR00001009,WO00001009,2026-02-11,B,P03,P03_L03,SKU001,480,0,0,480,49.793,336,327,9,42.0,1.0,0.8434920571164621,0.9732142857142857,0.8208985198722711,0.026785714285714284
PR00001010,WO00001010,2026-02-11,C,P03,P03_L03,SKU004,480,0,9,471,56.693,367,352,15,46.752,0.98125,0.824644883084118,0.9591280653950953,0.7761099253876139,0.04087193460490463
PR00001011,WO00001011,2026-02-12,A,P01,P01_L01,SKU007,480,0,69,411,69.9,406,398,8,59.27,0.85625,0.8479266522560905,0.9802955665024631,0.7117310443490701,0.019704433497536946
PR00001012,WO00001012,2026-02-12,B,P01,P01_L01,SKU002,480,0,51,429,69.9,424,405,19,59.301,0.89375,0.8483647968626508,0.9551886792452831,0.7242489270386265,0.04481132075471698
PR00001013,WO00001013,2026-02-12,C,P01,P01_L01,SKU005,480,0,96,384,50.42,270,264,6,42.188,0.8,0.8367215390717968,0.9777777777777777,0.6545021816739389,0.022222222222222223
PR00001014,WO00001014,2026-02-12,A,P01,P01_L02,SKU001,480,0,0,480,49.793,366,357,9,45.75,1.0,0.918803847930432,0.9754098360655737,0.896210310686241,0.02459016393442623
PR00001015,WO00001015,2026-02-12,B,P01,P01_L02,SKU001,480,40,0,440,49.793,316,306,10,43.091,1.0,0.8654009417168897,0.9683544303797469,0.8380148359663553,0.03164556962025317
PR00001016,WO00001016,2026-02-12,C,P01,P01_L02,SKU001,480,0,0,480,49.793,340,329,11,42.5,1.0,0.8535336292249914,0.9676470588235294,0.8259193059265358,0.03235294117647059
PR00001017,WO00001017,2026-02-12,A,P01,P01_L03,SKU002,480,0,0,480,72.0,500,485,15,62.5,1.0,0.8680555555555556,0.97,0.8420138888888888,0.03
PR00001018,WO00001018,2026-02-12,B,P01,P01_L03,SKU008,480,25,0,455,60.302,407,398,9,53.67,1.0,0.8900256984897627,0.9778869778869779,0.8703445405379006,0.022113022113022112
PR00001019,WO00001019,2026-02-12,C,P01,P01_L03,SKU004,480,23,0,457,56.693,373,358,15,48.972,1.0,0.8638024731537101,0.9597855227882037,0.829065108281577,0.040214477211796246
PR00001020,WO00001020,2026-02-12,A,P02,P02_L01,SKU003,480,67,0,413,48.8,310,304,6,45.036,1.0,0.9228754018973524,0.9806451612903225,0.9050132973445004,0.01935483870967742
PR00001021,WO00001021,2026-02-12,B,P02,P02_L01,SKU002,480,0,0,480,48.8,330,321,9,41.25,1.0,0.8452868852459017,0.9727272727272728,0.8222336065573771,0.02727272727272727
PR00001022,WO00001022,2026-02-12,C,P02,P02_L01,SKU003,480,0,4,476,48.8,334,326,8,42.101,0.9916666666666667,0.8627221380355421,0.9760479041916168,0.8350409836065574,0.023952095808383235
PR00001023,WO00001023,2026-02-12,A,P02,P02_L02,SKU004,480,0,64,416,55.9,355,346,9,51.202,0.8666666666666667,0.9159556901059585,0.9746478873239437,0.7737030411449016,0.02535211267605634
PR00001024,WO00001024,2026-02-12,B,P02,P02_L02,SKU003,480,0,0,480,55.9,414,407,7,51.75,1.0,0.9257602862254025,0.9830917874396136,0.9101073345259392,0.016908212560386472
PR00001025,WO00001025,2026-02-12,C,P02,P02_L02,SKU004,480,0,0,480,55.9,399,381,18,49.875,1.0,0.8922182468694096,0.9548872180451128,0.8519677996422182,0.045112781954887216
PR00001026,WO00001026,2026-02-12,A,P02,P02_L03,SKU007,480,16,0,464,47.0,318,314,4,41.121,1.0,0.8749082905355832,0.9874213836477987,0.8639031548055758,0.012578616352201259
PR00001027,WO00001027,2026-02-12,B,P02,P02_L03,SKU003,480,0,42,438,47.0,323,317,6,44.247,0.9125,0.9414164966482076,0.9814241486068112,0.8430851063829787,0.018575851393188854
PR00001028,WO00001028,2026-02-12,C,P02,P02_L03,SKU005,480,37,0,443,47.0,275,268,7,37.246,1.0,0.7924691417319052,0.9745454545454545,0.7722971999423658,0.025454545454545455
PR00001029,WO00001029,2026-02-12,A,P03,P03_L01,SKU003,480,30,0,450,57.7,378,371,7,50.4,1.0,0.8734835355285961,0.9814814814814815,0.8573079145002889,0.018518518518518517
PR00001030,WO00001030,2026-02-12,B,P03,P03_L01,SKU003,480,35,0,445,57.7,388,379,9,52.315,1.0,0.9066656281035187,0.9768041237113402,0.8856347243588494,0.023195876288659795
PR00001031,WO00001031,2026-02-12,C,P03,P03_L01,SKU001,480,17,0,463,49.793,325,320,5,42.117,1.0,0.8458343676730954,0.9846153846153847,0.8328215312473555,0.015384615384615385
PR00001032,WO00001032,2026-02-12,A,P03,P03_L02,SKU006,480,45,0,435,54.878,374,365,9,51.586,1.0,0.9400161612404192,0.9759358288770054,0.9173954514779492,0.02406417112299465
PR00001033,WO00001033,2026-02-12,B,P03,P03_L02,SKU002,480,28,115,337,56.6,269,260,9,47.893,0.745575221238938,0.8461691709219784,0.966542750929368,0.6097751649519998,0.03345724907063197
PR00001034,WO00001034,2026-02-12,C,P03,P03_L02,SKU006,480,0,67,413,54.878,341,332,9,49.54,0.8604166666666667,0.9027288088824278,0.9736070381231672,0.7562228944203506,0.026392961876832845
PR00001035,WO00001035,2026-02-12,A,P03,P03_L03,SKU001,480,0,0,480,49.793,370,361,9,46.25,1.0,0.9288454200389613,0.9756756756756757,0.9062518827947704,0.024324324324324326
PR00001036,WO00001036,2026-02-12,B,P03,P03_L03,SKU006,480,22,0,458,54.878,366,353,13,47.948,1.0,0.8737125670264059,0.9644808743169399,0.8426790605473259,0.03551912568306011
PR00001037,WO00001037,2026-02-12,C,P03,P03_L03,SKU003,480,0,0,480,58.1,404,395,9,50.5,1.0,0.8691910499139415,0.9777227722772277,0.849827882960413,0.022277227722772276
PR00001038,WO00001038,2026-02-13,A,P01,P01_L01,SKU004,480,25,0,455,56.693,397,384,13,52.352,1.0,0.9234234976390093,0.9672544080604534,0.8931854485979335,0.0327455919395466
PR00001039,WO00001039,2026-02-13,B,P01,P01_L01,SKU004,480,0,32,448,56.693,392,378,14,52.5,0.9333333333333333,0.9260402518829486,0.9642857142857143,0.8334362266946538,0.03571428571428571
PR00001040,WO00001040,2026-02-13,C,P01,P01_L01,SKU001,480,0,0,480,49.793,343,331,12,42.875,1.0,0.8610648083063884,0.9650145772594753,0.8309400919808005,0.03498542274052478
PR00001041,WO00001041,2026-02-13,A,P01,P01_L02,SKU004,480,30,0,450,56.693,406,389,17,54.133,1.0,0.9548503930526403,0.958128078817734,0.9148689726538844,0.04187192118226601
PR00001042,WO00001042,2026-02-13,B,P01,P01_L02,SKU008,480,47,31,402,60.302,333,326,7,49.701,0.9284064665127021,0.8242096868646718,0.978978978978979,0.7491162840645886,0.021021021021021023
PR00001043,WO00001043,2026-02-13,C,P01,P01_L02,SKU004,480,0,19,461,56.693,390,371,19,50.759,0.9604166666666667,0.89533485772383,0.9512820512820512,0.8180022224966046,0.04871794871794872
PR00001044,WO00001044,2026-02-13,A,P01,P01_L03,SKU004,480,0,0,480,56.693,399,387,12,49.875,1.0,0.8797382392888011,0.9699248120300752,0.8532799463778598,0.03007518796992481
PR00001045,WO00001045,2026-02-13,B,P01,P01_L03,SKU004,480,23,0,457,56.693,369,357,12,48.446,1.0,0.8545391758544746,0.967479674796748,0.8267492839567682,0.032520325203252036
PR00001046,WO00001046,2026-02-13,C,P01,P01_L03,SKU003,480,0,0,480,61.962,430,419,11,53.75,1.0,0.8674671572899518,0.9744186046511628,0.8452761369871856,0.02558139534883721
PR00001047,WO00001047,2026-02-13,A,P02,P02_L01,SKU003,480,0,0,480,48.8,380,370,10,47.5,1.0,0.973360655737705,0.9736842105263158,0.9477459016393444,0.02631578947368421
PR00001048,WO00001048,2026-02-13,B,P02,P02_L01,SKU003,480,0,21,459,48.8,326,317,9,42.614,0.95625,0.873245473052609,0.9723926380368099,0.8119877049180328,0.027607361963190184
PR00001049,WO00001049,2026-02-13,C,P02,P02_L01,SKU003,480,29,0,451,48.8,327,322,5,43.503,1.0,0.8914615971793101,0.9847094801223242,0.8778306859074552,0.01529051987767584
PR00001050,WO00001050,2026-02-13,A,P02,P02_L02,SKU004,480,0,38,442,55.9,369,358,11,50.09,0.9208333333333333,0.8960733047863428,0.9701897018970189,0.8005366726296959,0.02981029810298103
PR00001051,WO00001051,2026-02-13,B,P02,P02_L02,SKU002,480,0,90,390,55.9,299,287,12,46.0,0.8125,0.8228980322003578,0.959866220735786,0.6417710196779965,0.04013377926421405
PR00001052,WO00001052,2026-02-13,C,P02,P02_L02,SKU002,480,49,0,431,55.9,323,310,13,44.965,1.0,0.8043863544861763,0.9597523219814241,0.7720116714882806,0.04024767801857585
PR00001053,WO00001053,2026-02-13,A,P02,P02_L03,SKU003,480,0,0,480,47.0,360,353,7,45.0,1.0,0.9574468085106383,0.9805555555555555,0.9388297872340425,0.019444444444444445
PR00001054,WO00001054,2026-02-13,B,P02,P02_L03,SKU007,480,0,29,451,47.0,286,282,4,38.049,0.9395833333333333,0.8095485210171252,0.986013986013986,0.7500000000000001,0.013986013986013986
PR00001055,WO00001055,2026-02-13,C,P02,P02_L03,SKU007,480,33,0,447,47.0,287,282,5,38.523,1.0,0.8196487219762958,0.9825783972125436,0.8053691275167785,0.017421602787456445
PR00001056,WO00001056,2026-02-13,A,P03,P03_L01,SKU001,480,43,0,437,49.793,344,334,10,47.231,1.0,0.9485494202290389,0.9709302325581395,0.9209753091758691,0.029069767441860465
PR00001057,WO00001057,2026-02-13,B,P03,P03_L01,SKU001,480,75,11,394,49.793,297,290,7,45.228,0.9728395061728395,0.9083290100202658,0.9764309764309764,0.8628313811773336,0.02356902356902357
PR00001058,WO00001058,2026-02-13,C,P03,P03_L01,SKU004,480,0,100,380,56.693,275,266,9,43.421,0.7916666666666666,0.7658979526851455,0.9672727272727273,0.5864921595258674,0.03272727272727273
PR00001059,WO00001059,2026-02-13,A,P03,P03_L02,SKU006,480,21,0,459,54.878,375,367,8,49.02,1.0,0.8932469813611511,0.9786666666666667,0.8741910457587799,0.021333333333333333
PR00001060,WO00001060,2026-02-13,B,P03,P03_L02,SKU001,480,0,0,480,49.793,345,336,9,43.125,1.0,0.8660855943606531,0.9739130434782609,0.8434920571164622,0.02608695652173913
PR00001061,WO00001061,2026-02-13,C,P03,P03_L02,SKU004,480,0,39,441,56.6,349,337,12,47.483,0.91875,0.8389221412946805,0.9656160458452722,0.7442579505300353,0.034383954154727794
PR00001062,WO00001062,2026-02-13,A,P03,P03_L03,SKU004,480,0,17,463,56.693,385,374,11,49.892,0.9645833333333333,0.8800382523293679,0.9714285714285714,0.8246167957243399,0.02857142857142857
PR00001063,WO00001063,2026-02-13,B,P03,P03_L03,SKU004,480,0,0,480,56.693,388,374,14,48.5,1.0,0.8554848041204381,0.9639175257731959,0.8246167957243399,0.03608247422680412
PR00001064,WO00001064,2026-02-13,C,P03,P03_L03,SKU001,480,22,32,426,49.793,300,293,7,42.254,0.9301310043668122,0.8485835584672659,0.9766666666666667,0.7708770203840407,0.023333333333333334
PR00001065,WO00001065,2026-02-14,B,P01,P01_L01,SKU001,480,22,0,458,49.793,336,326,10,44.017,1.0,0.88400914282948,0.9702380952380952,0.857699346911936,0.02976190476190476
PR00001066,WO00001066,2026-02-14,A,P01,P01_L02,SKU004,480,0,0,480,56.693,421,406,15,52.625,1.0,0.928245109625527,0.9643705463182898,0.8951722434868502,0.035629453681710214
PR00001067,WO00001067,2026-02-14,B,P01,P01_L02,SKU008,480,0,0,480,60.302,405,398,7,50.625,1.0,0.8395243938841166,0.9827160493827161,0.8250140957182183,0.01728395061728395
PR00001068,WO00001068,2026-02-14,C,P01,P01_L03,SKU004,480,0,0,480,56.693,356,340,16,44.5,1.0,0.7849293563579278,0.9550561797752809,0.7496516324766727,0.0449438202247191
PR00001069,WO00001069,2026-02-14,A,P02,P02_L01,SKU003,480,31,0,449,48.8,335,330,5,44.766,1.0,0.9173390777319361,0.9850746268656716,0.9036474497060863,0.014925373134328358
PR00001070,WO00001070,2026-02-14,B,P02,P02_L02,SKU002,480,26,0,454,55.9,341,330,11,45.066,1.0,0.8061910428471233,0.967741935483871,0.7801848801746355,0.03225806451612903
PR00001071,WO00001071,2026-02-14,A,P02,P02_L03,SKU004,480,37,17,426,47.0,292,280,12,41.127,0.9616252821670429,0.8750374587953251,0.958904109589041,0.8068776715815763,0.0410958904109589
PR00001072,WO00001072,2026-02-14,C,P02,P02_L03,SKU002,480,0,0,480,47.0,320,306,14,40.0,1.0,0.851063829787234,0.95625,0.8138297872340426,0.04375
PR00001073,WO00001073,2026-02-14,A,P03,P03_L01,SKU001,480,0,0,480,49.793,366,357,9,45.75,1.0,0.918803847930432,0.9754098360655737,0.896210310686241,0.02459016393442623
PR00001074,WO00001074,2026-02-14,A,P03,P03_L02,SKU001,480,22,37,421,49.793,316,311,5,45.036,0.9192139737991266,0.9044570412243028,0.9841772151898734,0.8182346530356198,0.015822784810126583
PR00001075,WO00001075,2026-02-14,B,P03,P03_L03,SKU003,480,29,0,451,58.1,397,388,9,52.816,1.0,0.9090527456674973,0.9773299748110831,0.888444497025161,0.022670025188916875
PR00001076,WO00001076,2026-02-15,A,P01,P01_L01,SKU005,480,0,0,480,50.42,371,363,8,46.375,1.0,0.9197738992463308,0.9784366576819407,0.8999404998016659,0.0215633423180593
PR00001077,WO00001077,2026-02-15,C,P01,P01_L02,SKU001,480,38,0,442,49.793,312,303,9,42.353,1.0,0.8505802256636593,0.9711538461538461,0.8260442576156691,0.028846153846153848
PR00001078,WO00001078,2026-02-15,A,P01,P01_L03,SKU003,480,23,49,408,61.962,401,388,13,58.971,0.8927789934354485,0.9517218333058022,0.9675810473815462,0.822131613524404,0.032418952618453865
PR00001079,WO00001079,2026-02-15,B,P01,P01_L03,SKU003,480,0,0,480,61.962,447,439,8,55.875,1.0,0.901762370485136,0.9821029082774049,0.8856234466285787,0.017897091722595078
PR00001080,WO00001080,2026-02-15,A,P02,P02_L01,SKU002,480,26,0,454,48.8,306,296,10,40.441,1.0,0.8286993572615008,0.9673202614379085,0.8016176789196217,0.032679738562091505
PR00001081,WO00001081,2026-02-15,B,P02,P02_L01,SKU003,480,0,7,473,48.8,346,337,9,43.89,0.9854166666666667,0.8993865455931792,0.9739884393063584,0.8632172131147542,0.02601156069364162
PR00001082,WO00001082,2026-02-15,C,P02,P02_L01,SKU003,480,0,41,439,48.8,309,302,7,42.232,0.9145833333333333,0.8654169311774152,0.9773462783171522,0.773565573770492,0.022653721682847898
PR00001083,WO00001083,2026-02-15,A,P02,P02_L02,SKU008,480,22,0,458,55.9,380,374,6,49.782,1.0,0.8905484684909891,0.9842105263157894,0.8764871768832366,0.015789473684210527
PR00001084,WO00001084,2026-02-15,B,P02,P02_L02,SKU002,480,0,0,480,55.9,352,339,13,44.0,1.0,0.7871198568872988,0.9630681818181818,0.7580500894454383,0.036931818181818184
PR00001085,WO00001085,2026-02-15,C,P02,P02_L02,SKU006,480,0,0,480,54.878,367,357,10,45.875,1.0,0.8359451875068333,0.9727520435967303,0.813167389482124,0.027247956403269755
PR00001086,WO00001086,2026-02-15,A,P02,P02_L03,SKU008,480,28,16,436,47.0,302,294,8,41.56,0.9646017699115044,0.8842475112238923,0.9735099337748344,0.8303520994163057,0.026490066225165563
PR00001087,WO00001087,2026-02-15,B,P02,P02_L03,SKU005,480,29,0,451,47.0,296,290,6,39.379,1.0,0.8378544133603812,0.9797297297297297,0.8208708779544276,0.02027027027027027
PR00001088,WO00001088,2026-02-15,C,P02,P02_L03,SKU001,480,0,0,480,47.0,303,294,9,37.875,1.0,0.8058510638297872,0.9702970297029703,0.7819148936170213,0.0297029702970297
PR00001089,WO00001089,2026-02-15,A,P03,P03_L01,SKU001,480,0,0,480,49.793,341,336,5,42.625,1.0,0.8560440222521238,0.9853372434017595,0.8434920571164622,0.01466275659824047
PR00001090,WO00001090,2026-02-15,B,P03,P03_L01,SKU003,480,15,0,465,57.7,372,362,10,48.0,1.0,0.8318890814558059,0.9731182795698925,0.809526471739252,0.026881720430107527
PR00001091,WO00001091,2026-02-15,A,P03,P03_L02,SKU006,480,0,0,480,54.878,392,380,12,49.0,1.0,0.8928896825686067,0.9693877551020408,0.8655563249389554,0.030612244897959183
PR00001092,WO00001092,2026-02-15,C,P03,P03_L02,SKU001,480,87,0,393,49.793,278,272,6,42.443,1.0,0.8523838308919538,0.9784172661870504,0.8339870575633505,0.02158273381294964
PR00001093,WO00001093,2026-02-15,A,P03,P03_L03,SKU001,480,0,0,480,49.793,364,358,6,45.5,1.0,0.9137830618761673,0.9835164835164835,0.8987207037133733,0.016483516483516484
PR00001094,WO00001094,2026-02-16,A,P01,P01_L01,SKU007,480,32,0,448,69.9,491,484,7,65.759,1.0,0.9407572041692212,0.9857433808553971,0.9273451870018392,0.014256619144602852
PR00001095,WO00001095,2026-02-16,B,P01,P01_L01,SKU001,480,24,4,452,49.793,340,330,10,45.133,0.9912280701754386,0.9064073938672477,0.9705882352941176,0.872031262056493,0.029411764705882353
PR00001096,WO00001096,2026-02-16,C,P01,P01_L01,SKU001,480,0,0,480,49.793,344,334,10,43.0,1.0,0.8635752013335208,0.9709302325581395,0.8384712710621975,0.029069767441860465
PR00001097,WO00001097,2026-02-16,A,P01,P01_L02,SKU004,480,32,0,448,56.693,423,407,16,56.652,1.0,0.9992730269043042,0.9621749408983451,0.9614754656029593,0.037825059101654845
PR00001098,WO00001098,2026-02-16,B,P01,P01_L02,SKU004,480,41,0,439,56.693,354,341,13,48.383,1.0,0.8534155526627109,0.963276836158192,0.8220754334971311,0.03672316384180791
PR00001099,WO00001099,2026-02-16,C,P01,P01_L02,SKU001,480,24,0,456,49.793,320,312,8,42.105,1.0,0.8456060722972053,0.975,0.8244659204897752,0.025
PR00001100,WO00001100,2026-02-16,A,P01,P01_L03,SKU004,480,24,0,456,56.693,411,397,14,54.079,1.0,0.9538910865260448,0.9659367396593674,0.9213984461090993,0.0340632603406326
PR00001101,WO00001101,2026-02-16,B,P01,P01_L03,SKU003,480,0,0,480,61.962,455,448,7,56.875,1.0,0.9179012943416932,0.9846153846153847,0.9037797359672056,0.015384615384615385
PR00001102,WO00001102,2026-02-16,C,P01,P01_L03,SKU008,480,24,17,439,60.302,386,378,8,52.756,0.9627192982456141,0.8748675705101332,0.9792746113989638,0.8247958957457988,0.02072538860103627
PR00001103,WO00001103,2026-02-16,A,P02,P02_L01,SKU003,480,0,0,480,48.8,345,340,5,43.125,1.0,0.8837090163934427,0.9855072463768116,0.8709016393442623,0.014492753623188406
PR00001104,WO00001104,2026-02-16,B,P02,P02_L01,SKU003,480,0,0,480,48.8,338,329,9,42.25,1.0,0.8657786885245902,0.9733727810650887,0.8427254098360656,0.026627218934911243
PR00001105,WO00001105,2026-02-16,C,P02,P02_L01,SKU003,480,0,17,463,48.8,327,319,8,42.376,0.9645833333333333,0.8683567609673194,0.9755351681957186,0.8171106557377049,0.024464831804281346
PR00001106,WO00001106,2026-02-16,A,P02,P02_L02,SKU002,480,0,0,480,55.9,385,372,13,48.125,1.0,0.8609123434704831,0.9662337662337662,0.8318425760286225,0.033766233766233764
PR00001107,WO00001107,2026-02-16,B,P02,P02_L02,SKU003,480,0,30,450,55.9,385,378,7,51.333,0.9375,0.9183064997018485,0.9818181818181818,0.8452593917710196,0.01818181818181818
PR00001108,WO00001108,2026-02-16,C,P02,P02_L02,SKU006,480,0,0,480,54.878,381,366,15,47.625,1.0,0.8678341047414264,0.9606299212598425,0.8336674077043623,0.03937007874015748
PR00001109,WO00001109,2026-02-16,A,P02,P02_L03,SKU007,480,0,0,480,47.0,360,353,7,45.0,1.0,0.9574468085106383,0.9805555555555555,0.9388297872340425,0.019444444444444445
PR00001110,WO00001110,2026-02-16,B,P02,P02_L03,SKU008,480,0,0,480,47.0,321,316,5,40.125,1.0,0.8537234042553191,0.9844236760124611,0.8404255319148936,0.01557632398753894
PR00001111,WO00001111,2026-02-16,C,P02,P02_L03,SKU007,480,0,0,480,47.0,308,301,7,38.5,1.0,0.8191489361702128,0.9772727272727273,0.8005319148936171,0.022727272727272728
PR00001112,WO00001112,2026-02-16,A,P03,P03_L01,SKU005,480,24,0,456,50.42,325,317,8,42.763,1.0,0.8481387920415875,0.9753846153846154,0.8272615294682562,0.024615384615384615
PR00001113,WO00001113,2026-02-16,B,P03,P03_L01,SKU004,480,0,0,480,56.693,372,356,16,46.5,1.0,0.820207080239183,0.956989247311828,0.7849293563579278,0.043010752688172046
PR00001114,WO00001114,2026-02-16,C,P03,P03_L01,SKU003,480,0,128,352,57.7,275,268,7,46.875,0.7333333333333333,0.8123916811091855,0.9745454545454545,0.5805892547660312,0.025454545454545455
PR00001115,WO00001115,2026-02-16,A,P03,P03_L02,SKU001,480,0,0,480,49.793,354,348,6,44.25,1.0,0.888679131604844,0.9830508474576272,0.8736167734420501,0.01694915254237288
PR00001116,WO00001116,2026-02-16,B,P03,P03_L02,SKU006,480,0,12,468,54.878,380,370,10,48.718,0.975,0.8877500768604671,0.9736842105263158,0.842778526914246,0.02631578947368421
PR00001117,WO00001117,2026-02-16,C,P03,P03_L02,SKU001,480,0,0,480,49.793,338,329,9,42.25,1.0,0.8485128431707268,0.9733727810650887,0.8259193059265358,0.026627218934911243
PR00001118,WO00001118,2026-02-16,A,P03,P03_L03,SKU001,480,0,31,449,49.793,346,340,6,46.236,0.9354166666666667,0.9285658662497484,0.9826589595375722,0.8535336292249914,0.017341040462427744
PR00001119,WO00001119,2026-02-16,B,P03,P03_L03,SKU004,480,23,0,457,56.693,364,352,12,47.79,1.0,0.8429600542304302,0.967032967032967,0.8151701623327237,0.03296703296703297
PR00001120,WO00001120,2026-02-16,C,P03,P03_L03,SKU001,480,0,0,480,49.793,316,308,8,39.5,1.0,0.7932841965738157,0.9746835443037974,0.7732010523567571,0.02531645569620253
PR00001121,WO00001121,2026-02-17,A,P01,P01_L01,SKU001,480,0,0,480,49.793,372,361,11,46.5,1.0,0.933866206093226,0.9704301075268817,0.9062518827947704,0.02956989247311828
PR00001122,WO00001122,2026-02-17,B,P01,P01_L01,SKU005,480,12,43,425,50.42,288,281,7,40.659,0.9081196581196581,0.8064026880089601,0.9756944444444444,0.7145109287116428,0.024305555555555556
PR00001123,WO00001123,2026-02-17,C,P01,P01_L01,SKU007,480,0,0,480,69.9,467,462,5,58.375,1.0,0.8351216022889842,0.9892933618843683,0.8261802575107297,0.010706638115631691
PR00001124,WO00001124,2026-02-17,A,P01,P01_L02,SKU001,480,0,0,480,49.793,373,363,10,46.625,1.0,0.9363765991203583,0.9731903485254692,0.911272668849035,0.02680965147453083
PR00001125,WO00001125,2026-02-17,B,P01,P01_L02,SKU004,480,44,63,373,56.693,320,307,13,51.475,0.8555045871559633,0.9079521427883371,0.959375,0.7452014608861472,0.040625
PR00001126,WO00001126,2026-02-17,C,P01,P01_L02,SKU001,480,34,0,446,49.793,307,296,11,41.3,1.0,0.8294428620587888,0.9641693811074918,0.7997234109752491,0.035830618892508145
PR00001127,WO00001127,2026-02-17,A,P01,P01_L03,SKU003,480,18,25,437,61.962,425,415,10,58.352,0.9458874458874459,0.9417449847647821,0.9764705882352941,0.8698251169443191,0.023529411764705882
PR00001128,WO00001128,2026-02-17,B,P01,P01_L03,SKU003,480,0,0,480,61.962,456,446,10,57.0,1.0,0.9199186598237629,0.9780701754385965,0.8997450050030663,0.021929824561403508
PR00001129,WO00001129,2026-02-17,C,P01,P01_L03,SKU003,480,0,18,462,61.962,437,429,8,56.753,0.9625,0.9159363279630539,0.9816933638443935,0.8654497918078822,0.018306636155606407
PR00001130,WO00001130,2026-02-17,A,P02,P02_L01,SKU002,480,0,15,465,48.8,319,307,12,41.161,0.96875,0.8434690639873084,0.9623824451410659,0.7863729508196723,0.03761755485893417
PR00001131,WO00001131,2026-02-17,B,P02,P02_L01,SKU003,480,57,0,423,48.8,309,303,6,43.83,1.0,0.8981513777467737,0.9805825242718447,0.8807115451691664,0.019417475728155338
PR00001132,WO00001132,2026-02-17,C,P02,P02_L01,SKU006,480,0,0,480,48.8,339,330,9,42.375,1.0,0.8683401639344263,0.9734513274336283,0.8452868852459017,0.02654867256637168
PR00001133,WO00001133,2026-02-17,A,P02,P02_L02,SKU006,480,0,40,440,54.878,384,372,12,52.364,0.9166666666666666,0.9541826663441882,0.96875,0.847334086519188,0.03125
PR00001134,WO00001134,2026-02-17,B,P02,P02_L02,SKU006,480,0,0,480,54.878,398,387,11,49.75,1.0,0.9065563613834323,0.9723618090452262,0.881500783556252,0.02763819095477387
PR00001135,WO00001135,2026-02-17,C,P02,P02_L02,SKU002,480,0,0,480,55.9,359,342,17,44.875,1.0,0.8027728085867621,0.9526462395543176,0.7647584973166369,0.04735376044568245
PR00001136,WO00001136,2026-02-17,A,P02,P02_L03,SKU001,480,0,0,480,47.0,324,316,8,40.5,1.0,0.8617021276595744,0.9753086419753086,0.8404255319148936,0.024691358024691357
PR00001137,WO00001137,2026-02-17,B,P02,P02_L03,SKU004,480,31,10,439,47.0,302,291,11,41.276,0.977728285077951,0.8782048175253235,0.9635761589403974,0.8273705160403734,0.03642384105960265
PR00001138,WO00001138,2026-02-17,C,P02,P02_L03,SKU007,480,15,0,465,47.0,313,309,4,40.387,1.0,0.8592999313658202,0.987220447284345,0.8483184625943719,0.012779552715654952
PR00001139,WO00001139,2026-02-17,A,P03,P03_L01,SKU001,480,0,0,480,49.793,354,349,5,44.25,1.0,0.888679131604844,0.9858757062146892,0.8761271664691823,0.014124293785310734
PR00001140,WO00001140,2026-02-17,B,P03,P03_L01,SKU001,480,0,0,480,49.793,343,334,9,42.875,1.0,0.8610648083063884,0.9737609329446064,0.8384712710621974,0.026239067055393587
PR00001141,WO00001141,2026-02-17,C,P03,P03_L01,SKU004,480,44,0,436,56.693,330,317,13,45.413,1.0,0.8010308862945558,0.9606060606060606,0.7694751241071944,0.03939393939393939
PR00001142,WO00001142,2026-02-17,A,P03,P03_L02,SKU006,480,0,17,463,54.878,416,404,12,53.909,0.9645833333333333,0.9823478854371412,0.9711538461538461,0.9202230401982578,0.028846153846153848
PR00001143,WO00001143,2026-02-17,B,P03,P03_L02,SKU006,480,14,0,466,54.878,370,360,10,47.639,1.0,0.8680980534739016,0.972972972972973,0.844635943920553,0.02702702702702703
PR00001144,WO00001144,2026-02-17,C,P03,P03_L02,SKU006,480,0,0,480,54.878,383,369,14,47.875,1.0,0.8723896643463683,0.9634464751958225,0.8405007471117752,0.03655352480417755
PR00001145,WO00001145,2026-02-17,A,P03,P03_L03,SKU001,480,0,8,472,49.793,360,352,8,45.763,0.9833333333333333,0.9190591421365811,0.9777777777777777,0.8836583455505793,0.022222222222222223
PR00001146,WO00001146,2026-02-17,B,P03,P03_L03,SKU001,480,50,0,430,49.793,310,304,6,43.256,1.0,0.8687127498541637,0.9806451612903225,0.851898954695696,0.01935483870967742
PR00001147,WO00001147,2026-02-17,C,P03,P03_L03,SKU006,480,0,12,468,54.878,361,348,13,46.282,0.975,0.8433625730174438,0.96398891966759,0.7926673712598855,0.036011080332409975
PR00001148,WO00001148,2026-02-18,A,P01,P01_L01,SKU001,480,18,0,462,49.793,344,333,11,44.675,1.0,0.8972209883984632,0.9680232558139535,0.8685307823740938,0.03197674418604651
PR00001149,WO00001149,2026-02-18,B,P01,P01_L01,SKU008,480,22,0,458,60.302,395,387,8,51.747,1.0,0.8581261797424579,0.979746835443038,0.8407464090134967,0.020253164556962026
PR00001150,WO00001150,2026-02-18,C,P01,P01_L01,SKU005,480,61,0,419,50.42,275,267,8,39.379,1.0,0.7810288564128149,0.9709090909090909,0.7583080169535331,0.02909090909090909
PR00001151,WO00001151,2026-02-18,A,P01,P01_L02,SKU001,480,0,0,480,49.793,388,381,7,48.5,1.0,0.9740324945273432,0.9819587628865979,0.9564597433374169,0.01804123711340206
PR00001152,WO00001152,2026-02-18,B,P01,P01_L02,SKU001,480,0,0,480,49.793,347,334,13,43.375,1.0,0.8711063804149177,0.962536023054755,0.8384712710621974,0.037463976945244955
PR00001153,WO00001153,2026-02-18,C,P01,P01_L02,SKU001,480,0,0,480,49.793,329,321,8,41.125,1.0,0.8259193059265358,0.9756838905775076,0.8058361617094772,0.0243161094224924
PR00001154,WO00001154,2026-02-18,A,P01,P01_L03,SKU008,480,43,0,437,60.302,393,385,8,53.959,1.0,0.894809626026498,0.9796437659033079,0.8765946718071291,0.020356234096692113
PR00001155,WO00001155,2026-02-18,B,P01,P01_L03,SKU002,480,0,0,480,72.0,505,482,23,63.125,1.0,0.8767361111111112,0.9544554455445544,0.8368055555555556,0.04554455445544554
PR00001156,WO00001156,2026-02-18,C,P01,P01_L03,SKU004,480,0,0,480,56.693,407,389,18,50.875,1.0,0.8973771012294287,0.9557739557739557,0.8576896618630167,0.044226044226044224
PR00001157,WO00001157,2026-02-18,A,P02,P02_L01,SKU003,480,0,0,480,48.8,361,355,6,45.125,1.0,0.9246926229508198,0.9833795013850416,0.9093237704918035,0.01662049861495845
PR00001158,WO00001158,2026-02-18,B,P02,P02_L01,SKU003,480,33,0,447,48.8,327,320,7,43.893,1.0,0.8994388821652547,0.9785932721712538,0.8801848388161514,0.021406727828746176
PR00001159,WO00001159,2026-02-18,C,P02,P02_L01,SKU003,480,26,0,454,48.8,327,320,7,43.216,1.0,0.885570881779447,0.9785932721712538,0.8666137069401316,0.021406727828746176
PR00001160,WO00001160,2026-02-18,A,P02,P02_L02,SKU002,480,0,0,480,55.9,390,378,12,48.75,1.0,0.872093023255814,0.9692307692307692,0.8452593917710197,0.03076923076923077
PR00001161,WO00001161,2026-02-18,B,P02,P02_L02,SKU004,480,31,0,449,55.9,375,364,11,50.111,1.0,0.8964464861289847,0.9706666666666667,0.8701507225358678,0.029333333333333333
PR00001162,WO00001162,2026-02-18,C,P02,P02_L02,SKU002,480,0,0,480,55.9,358,345,13,44.75,1.0,0.8005366726296959,0.9636871508379888,0.7714669051878354,0.036312849162011177
PR00001163,WO00001163,2026-02-18,A,P02,P02_L03,SKU003,480,0,0,480,47.0,349,340,9,43.625,1.0,0.9281914893617021,0.9742120343839542,0.9042553191489362,0.025787965616045846
PR00001164,WO00001164,2026-02-18,B,P02,P02_L03,SKU007,480,0,0,480,47.0,317,312,5,39.625,1.0,0.8430851063829787,0.9842271293375394,0.8297872340425532,0.015772870662460567
PR00001165,WO00001165,2026-02-18,C,P02,P02_L03,SKU008,480,12,0,468,47.0,273,268,5,35.0,1.0,0.7446808510638299,0.9816849816849816,0.7310420076377524,0.018315018315018316
PR00001166,WO00001166,2026-02-18,A,P03,P03_L01,SKU003,480,0,0,480,57.7,461,453,8,57.625,1.0,0.9987001733102252,0.982646420824295,0.9813691507798958,0.01735357917570499
PR00001167,WO00001167,2026-02-18,B,P03,P03_L01,SKU003,480,0,0,480,57.7,429,420,9,53.625,1.0,0.9293760831889081,0.9790209790209791,0.9098786828422877,0.02097902097902098
PR00001168,WO00001168,2026-02-18,C,P03,P03_L01,SKU001,480,0,0,480,49.793,356,351,5,44.5,1.0,0.8936999176591087,0.9859550561797753,0.8811479525234471,0.014044943820224719
PR00001169,WO00001169,2026-02-18,A,P03,P03_L02,SKU006,480,0,0,480,54.878,387,374,13,48.375,1.0,0.881500783556252,0.9664082687338501,0.8518896461241299,0.03359173126614987
PR00001170,WO00001170,2026-02-18,B,P03,P03_L02,SKU008,480,24,0,456,56.6,347,340,7,45.658,1.0,0.8066765854565744,0.9798270893371758,0.7904035707643668,0.020172910662824207
PR00001171,WO00001171,2026-02-18,C,P03,P03_L02,SKU002,480,33,10,437,56.6,326,314,12,44.76,0.9776286353467561,0.7908078692660365,0.9631901840490797,0.7446581449949012,0.03680981595092025
PR00001172,WO00001172,2026-02-18,A,P03,P03_L03,SKU001,480,0,0,480,49.793,365,354,11,45.625,1.0,0.9162934549032997,0.9698630136986301,0.8886791316048441,0.030136986301369864
PR00001173,WO00001173,2026-02-18,B,P03,P03_L03,SKU003,480,18,0,462,58.1,407,398,9,52.857,1.0,0.9097614949594296,0.9778869778869779,0.8896439189038157,0.022113022113022112
PR00001174,WO00001174,2026-02-18,C,P03,P03_L03,SKU004,480,81,0,399,56.693,298,286,12,44.812,1.0,0.7904332117754921,0.959731543624161,0.7586036864690964,0.040268456375838924
PR00001175,WO00001175,2026-02-19,A,P01,P01_L01,SKU007,480,0,31,449,69.9,493,488,5,65.88,0.9354166666666667,0.9424854469158932,0.9898580121703854,0.8726752503576537,0.010141987829614604
PR00001176,WO00001176,2026-02-19,B,P01,P01_L01,SKU001,480,0,0,480,49.793,344,334,10,43.0,1.0,0.8635752013335208,0.9709302325581395,0.8384712710621975,0.029069767441860465
PR00001177,WO00001177,2026-02-19,C,P01,P01_L01,SKU001,480,0,0,480,49.793,335,327,8,41.875,1.0,0.8409816640893298,0.9761194029850746,0.8208985198722712,0.023880597014925373
PR00001178,WO00001178,2026-02-19,A,P01,P01_L02,SKU004,480,0,24,456,56.693,417,400,17,54.868,0.95,0.9678165038475929,0.9592326139088729,0.8819430970313796,0.0407673860911271
PR00001179,WO00001179,2026-02-19,B,P01,P01_L02,SKU008,480,0,0,480,60.302,415,408,7,51.875,1.0,0.8602533912639714,0.983132530120482,0.845743093098073,0.016867469879518072
PR00001180,WO00001180,2026-02-19,C,P01,P01_L02,SKU006,480,0,16,464,54.878,370,356,14,47.845,0.9666666666666667,0.8718398554285305,0.9621621621621622,0.8108896096796531,0.03783783783783784
PR00001181,WO00001181,2026-02-19,A,P01,P01_L03,SKU003,480,30,0,450,61.962,440,432,8,58.667,1.0,0.9468168662513583,0.9818181818181818,0.9296020141376973,0.01818181818181818
PR00001182,WO00001182,2026-02-19,B,P01,P01_L03,SKU003,480,32,0,448,61.962,439,430,9,58.795,1.0,0.9488822642449058,0.979498861047836,0.929429097096377,0.02050113895216401
PR00001183,WO00001183,2026-02-19,C,P01,P01_L03,SKU003,480,23,19,438,61.962,367,357,10,50.274,0.9584245076586433,0.8113678158022615,0.9727520435967303,0.7564458402788975,0.027247956403269755
PR00001184,WO00001184,2026-02-19,A,P02,P02_L01,SKU004,480,0,0,480,48.8,344,333,11,43.0,1.0,0.8811475409836066,0.9680232558139535,0.8529713114754099,0.03197674418604651
PR00001185,WO00001185,2026-02-19,B,P02,P02_L01,SKU004,480,12,0,468,48.8,325,312,13,41.667,1.0,0.8538251366120219,0.96,0.819672131147541,0.04
PR00001186,WO00001186,2026-02-19,C,P02,P02_L01,SKU002,480,0,0,480,48.8,297,284,13,37.125,1.0,0.7607581967213115,0.9562289562289562,0.7274590163934427,0.04377104377104377
PR00001187,WO00001187,2026-02-19,A,P02,P02_L02,SKU003,480,23,0,457,55.9,388,382,6,50.941,1.0,0.9112865659606284,0.9845360824742269,0.8971945056622682,0.015463917525773196
PR00001188,WO00001188,2026-02-19,B,P02,P02_L02,SKU002,480,0,0,480,55.9,382,371,11,47.75,1.0,0.8542039355992844,0.9712041884816754,0.8296064400715564,0.028795811518324606
PR00001189,WO00001189,2026-02-19,C,P02,P02_L02,SKU004,480,0,0,480,55.9,358,343,15,44.75,1.0,0.8005366726296959,0.9581005586592178,0.766994633273703,0.04189944134078212
PR00001190,WO00001190,2026-02-19,A,P02,P02_L03,SKU007,480,0,0,480,47.0,327,321,6,40.875,1.0,0.8696808510638298,0.981651376146789,0.8537234042553191,0.01834862385321101
PR00001191,WO00001191,2026-02-19,B,P02,P02_L03,SKU003,480,0,24,456,47.0,320,313,7,42.105,0.95,0.8958566629339306,0.978125,0.8324468085106383,0.021875
PR00001192,WO00001192,2026-02-19,C,P02,P02_L03,SKU007,480,32,0,448,47.0,283,281,2,37.902,1.0,0.8064209726443768,0.9929328621908127,0.8007218844984801,0.007067137809187279
PR00001193,WO00001193,2026-02-19,A,P03,P03_L01,SKU003,480,0,15,465,57.7,411,400,11,53.032,0.96875,0.9191032593503662,0.9732360097323601,0.8665511265164645,0.0267639902676399
PR00001194,WO00001194,2026-02-19,B,P03,P03_L01,SKU003,480,0,13,467,57.7,394,387,7,50.621,0.9729166666666667,0.8773134317280179,0.9822335025380711,0.8383882149046793,0.017766497461928935
PR00001195,WO00001195,2026-02-19,C,P03,P03_L01,SKU002,480,0,0,480,57.7,351,339,12,43.875,1.0,0.7603986135181975,0.9658119658119658,0.7344020797227035,0.03418803418803419
PR00001196,WO00001196,2026-02-19,A,P03,P03_L02,SKU006,480,30,0,450,54.878,391,381,10,52.133,1.0,0.9499860296172116,0.9744245524296675,0.9256897117241882,0.02557544757033248
PR00001197,WO00001197,2026-02-19,B,P03,P03_L02,SKU006,480,0,0,480,54.878,391,381,10,48.875,1.0,0.8906119027661358,0.9744245524296675,0.8678341047414264,0.02557544757033248
PR00001198,WO00001198,2026-02-19,C,P03,P03_L02,SKU002,480,46,0,434,56.6,317,304,13,43.825,1.0,0.7742912507531223,0.9589905362776026,0.7425379817947925,0.04100946372239748
PR00001199,WO00001199,2026-02-19,A,P03,P03_L03,SKU004,480,0,14,466,56.693,373,360,13,48.026,0.9708333333333333,0.8471195927709131,0.9651474530831099,0.7937487873282416,0.03485254691689008
PR00001200,WO00001200,2026-02-19,B,P03,P03_L03,SKU007,480,21,0,459,58.1,380,374,6,49.673,1.0,0.8549604580788138,0.9842105263157894,0.8414610824249378,0.015789473684210527
PR00001201,WO00001201,2026-02-19,C,P03,P03_L03,SKU003,480,0,0,480,58.1,391,381,10,48.875,1.0,0.8412220309810671,0.9744245524296675,0.8197074010327022,0.02557544757033248
PR00001202,WO00001202,2026-02-20,A,P01,P01_L01,SKU005,480,13,15,452,50.42,324,315,9,43.009,0.9678800856531049,0.8530116929298319,0.9722222222222222,0.8026793351266917,0.027777777777777776
PR00001203,WO00001203,2026-02-20,B,P01,P01_L01,SKU004,480,27,0,453,56.693,365,350,15,48.344,1.0,0.8527396832223935,0.958904109589041,0.8176955866516101,0.0410958904109589
PR00001204,WO00001204,2026-02-20,C,P01,P01_L01,SKU001,480,0,39,441,49.793,318,311,7,43.265,0.91875,0.8689033824523323,0.9779874213836478,0.780732231438154,0.0220125786163522
PR00001205,WO00001205,2026-02-20,A,P01,P01_L02,SKU001,480,38,29,413,49.793,311,302,9,45.182,0.9343891402714932,0.9073885498554816,0.9710610932475884,0.8233180389436702,0.028938906752411574
PR00001206,WO00001206,2026-02-20,B,P01,P01_L02,SKU008,480,0,0,480,60.302,401,394,7,50.125,1.0,0.8312327949321747,0.9825436408977556,0.8167224967662764,0.017456359102244388
PR00001207,WO00001207,2026-02-20,C,P01,P01_L02,SKU001,480,48,0,432,49.793,303,294,9,42.083,1.0,0.8451656524678838,0.9702970297029703,0.8200617221965605,0.0297029702970297
PR00001208,WO00001208,2026-02-20,A,P01,P01_L03,SKU007,480,0,8,472,74.2,547,539,8,69.534,0.9833333333333333,0.937114532413541,0.9853747714808044,0.9080188679245284,0.014625228519195612
PR00001209,WO00001209,2026-02-20,B,P01,P01_L03,SKU003,480,0,0,480,61.962,463,455,8,57.875,1.0,0.9340402181982504,0.9827213822894169,0.9179012943416932,0.017278617710583154
PR00001210,WO00001210,2026-02-20,C,P01,P01_L03,SKU003,480,40,7,433,61.962,398,391,7,55.15,0.9840909090909091,0.8900635143062056,0.9824120603015075,0.8604980765337114,0.017587939698492462
PR00001211,WO00001211,2026-02-20,A,P02,P02_L01,SKU003,480,0,0,480,48.8,382,375,7,47.75,1.0,0.9784836065573771,0.981675392670157,0.9605532786885246,0.01832460732984293
PR00001212,WO00001212,2026-02-20,B,P02,P02_L01,SKU001,480,0,16,464,48.8,334,327,7,43.19,0.9666666666666667,0.8850339174674958,0.9790419161676647,0.8376024590163934,0.020958083832335328
PR00001213,WO00001213,2026-02-20,C,P02,P02_L01,SKU004,480,0,0,480,48.8,331,319,12,41.375,1.0,0.8478483606557378,0.9637462235649547,0.8171106557377049,0.03625377643504532
PR00001214,WO00001214,2026-02-20,A,P02,P02_L02,SKU002,480,0,15,465,55.9,382,368,14,49.29,0.96875,0.8817589012637775,0.9633507853403142,0.8228980322003578,0.03664921465968586
PR00001215,WO00001215,2026-02-20,B,P02,P02_L02,SKU004,480,0,29,451,55.9,367,354,13,48.825,0.9395833333333333,0.8734317299263413,0.9645776566757494,0.7915921288014311,0.035422343324250684
PR00001216,WO00001216,2026-02-20,C,P02,P02_L02,SKU002,480,0,48,432,55.9,316,302,14,43.889,0.9,0.7851321804810176,0.9556962025316456,0.6753130590339892,0.04430379746835443
PR00001217,WO00001217,2026-02-20,A,P02,P02_L03,SKU007,480,51,0,429,47.0,300,295,5,41.958,1.0,0.8927242969796161,0.9833333333333333,0.8778455586966224,0.016666666666666666
PR00001218,WO00001218,2026-02-20,B,P02,P02_L03,SKU007,480,0,33,447,47.0,301,296,5,40.403,0.93125,0.8596315864629444,0.9833887043189369,0.7872340425531914,0.016611295681063124
PR00001219,WO00001219,2026-02-20,C,P02,P02_L03,SKU008,480,0,0,480,47.0,299,295,4,37.375,1.0,0.7952127659574468,0.9866220735785953,0.7845744680851064,0.013377926421404682
PR00001220,WO00001220,2026-02-20,A,P03,P03_L01,SKU001,480,0,0,480,49.793,330,322,8,41.25,1.0,0.8284296989536682,0.9757575757575757,0.8083465547366095,0.024242424242424242
PR00001221,WO00001221,2026-02-20,B,P03,P03_L01,SKU001,480,0,0,480,49.793,362,354,8,45.25,1.0,0.9087622758219027,0.9779005524861878,0.888679131604844,0.022099447513812154
PR00001222,WO00001222,2026-02-20,C,P03,P03_L01,SKU001,480,0,0,480,49.793,323,315,8,40.375,1.0,0.810856947763742,0.9752321981424149,0.7907738035466834,0.02476780185758514
PR00001223,WO00001223,2026-02-20,A,P03,P03_L02,SKU006,480,0,0,480,54.878,395,384,11,49.375,1.0,0.8997230219760195,0.9721518987341772,0.8746674441488391,0.027848101265822784
PR00001224,WO00001224,2026-02-20,B,P03,P03_L02,SKU006,480,0,0,480,54.878,395,384,11,49.375,1.0,0.8997230219760195,0.9721518987341772,0.8746674441488391,0.027848101265822784
PR00001225,WO00001225,2026-02-20,C,P03,P03_L02,SKU002,480,44,0,436,56.6,314,302,12,43.211,1.0,0.7634453917722955,0.9617834394904459,0.7342691347618894,0.03821656050955414
PR00001226,WO00001226,2026-02-20,A,P03,P03_L03,SKU004,480,0,0,480,56.693,419,408,11,52.375,1.0,0.9238353941403701,0.9737470167064439,0.8995819589720071,0.026252983293556086
PR00001227,WO00001227,2026-02-20,B,P03,P03_L03,SKU004,480,24,0,456,56.693,377,362,15,49.605,1.0,0.8749803883706055,0.9602122015915119,0.8401668450667352,0.03978779840848806
PR00001228,WO00001228,2026-02-20,C,P03,P03_L03,SKU003,480,0,0,480,58.1,425,416,9,53.125,1.0,0.9143717728055077,0.9788235294117648,0.8950086058519794,0.021176470588235293
PR00001229,WO00001229,2026-02-21,B,P01,P01_L01,SKU007,480,23,0,457,69.9,466,459,7,61.182,1.0,0.87527352297593,0.9849785407725322,0.8621256374376649,0.015021459227467811
PR00001230,WO00001230,2026-02-21,C,P01,P01_L01,SKU001,480,0,27,453,49.793,331,321,10,43.841,0.94375,0.8804663226286629,0.9697885196374623,0.8058361617094772,0.030211480362537766
PR00001231,WO00001231,2026-02-21,A,P01,P01_L02,SKU001,480,0,0,480,49.793,340,331,9,42.5,1.0,0.8535336292249914,0.9735294117647059,0.8309400919808004,0.026470588235294117
PR00001232,WO00001232,2026-02-21,B,P01,P01_L02,SKU004,480,0,0,480,56.693,394,381,13,49.25,1.0,0.8687139505759088,0.9670050761421319,0.840050799922389,0.03299492385786802
PR00001233,WO00001233,2026-02-21,C,P01,P01_L02,SKU004,480,0,131,349,56.693,295,280,15,50.716,0.7270833333333333,0.8945783849544653,0.9491525423728814,0.6173601679219657,0.05084745762711865
PR00001234,WO00001234,2026-02-21,A,P01,P01_L03,SKU002,480,19,0,461,72.0,481,463,18,62.603,1.0,0.8694866232827186,0.9625779625779626,0.8369486623282718,0.037422037422037424
PR00001235,WO00001235,2026-02-21,A,P02,P02_L01,SKU003,480,12,0,468,48.8,359,352,7,46.026,1.0,0.9431483816729719,0.9805013927576601,0.9247583018074822,0.019498607242339833
PR00001236,WO00001236,2026-02-21,A,P02,P02_L02,SKU002,480,0,37,443,55.9,353,342,11,47.81,0.9229166666666667,0.8552841457455872,0.9688385269121813,0.7647584973166368,0.031161473087818695
PR00001237,WO00001237,2026-02-21,C,P02,P02_L02,SKU006,480,0,64,416,54.878,300,292,8,43.269,0.8666666666666667,0.7884622393168622,0.9733333333333334,0.6651117023215132,0.02666666666666667
PR00001238,WO00001238,2026-02-21,A,P02,P02_L03,SKU003,480,70,0,410,47.0,276,271,5,40.39,1.0,0.8593668915412559,0.9818840579710145,0.8437986507524651,0.018115942028985508
PR00001239,WO00001239,2026-02-21,B,P02,P02_L03,SKU002,480,30,0,450,47.0,295,284,11,39.333,1.0,0.8368794326241135,0.9627118644067797,0.8056737588652483,0.03728813559322034
PR00001240,WO00001240,2026-02-21,A,P03,P03_L01,SKU001,480,0,21,459,49.793,335,328,7,43.791,0.95625,0.8794579493744625,0.9791044776119403,0.8234089128994035,0.020895522388059702
PR00001241,WO00001241,2026-02-21,C,P03,P03_L01,SKU003,480,0,0,480,57.7,386,376,10,48.25,1.0,0.8362218370883882,0.9740932642487047,0.8145580589254766,0.025906735751295335
PR00001242,WO00001242,2026-02-21,A,P03,P03_L02,SKU001,480,0,37,443,49.793,322,317,5,43.612,0.9229166666666667,0.8758608268026469,0.984472049689441,0.795794589600948,0.015527950310559006
PR00001243,WO00001243,2026-02-21,B,P03,P03_L02,SKU001,480,0,0,480,49.793,349,340,9,43.625,1.0,0.8761271664691824,0.9742120343839542,0.8535336292249915,0.025787965616045846
PR00001244,WO00001244,2026-02-21,C,P03,P03_L02,SKU001,480,30,0,450,49.793,300,292,8,40.0,1.0,0.803325768682345,0.9733333333333334,0.7819037481841491,0.02666666666666667
PR00001245,WO00001245,2026-02-21,A,P03,P03_L03,SKU001,480,0,25,455,49.793,339,332,7,44.703,0.9479166666666666,0.897782754670269,0.9793510324483776,0.8334504850079328,0.02064896755162242
PR00001246,WO00001246,2026-02-21,B,P03,P03_L03,SKU004,480,33,18,429,56.693,364,348,16,50.909,0.959731543624161,0.8979784260683137,0.9560439560439561,0.8239361013877049,0.04395604395604396
PR00001247,WO00001247,2026-02-21,C,P03,P03_L03,SKU001,480,0,35,445,49.793,301,293,8,40.584,0.9270833333333334,0.8150597405844465,0.973421926910299,0.7355451569497721,0.026578073089700997
PR00001248,WO00001248,2026-02-22,B,P01,P01_L01,SKU005,480,0,0,480,50.42,338,328,10,42.25,1.0,0.8379611265370884,0.9704142011834319,0.8131693772312574,0.029585798816568046
PR00001249,WO00001249,2026-02-22,C,P01,P01_L01,SKU001,480,0,26,454,49.793,319,309,10,42.159,0.9458333333333333,0.8466770491508856,0.9686520376175548,0.7757114453838893,0.03134796238244514
PR00001250,WO00001250,2026-02-22,A,P01,P01_L02,SKU001,480,0,10,470,49.793,366,355,11,46.723,0.9791666666666666,0.938352865971505,0.9699453551912568,0.8911895246319764,0.030054644808743168
PR00001251,WO00001251,2026-02-22,B,P01,P01_L02,SKU001,480,0,47,433,49.793,338,328,10,46.836,0.9020833333333333,0.9406146991269027,0.9704142011834319,0.8234089128994035,0.029585798816568046
PR00001252,WO00001252,2026-02-22,C,P01,P01_L02,SKU002,480,0,0,480,65.2,410,391,19,51.25,1.0,0.786042944785276,0.9536585365853658,0.7496165644171778,0.046341463414634146
PR00001253,WO00001253,2026-02-22,A,P02,P02_L01,SKU003,480,0,0,480,48.8,352,344,8,44.0,1.0,0.9016393442622951,0.9772727272727273,0.8811475409836066,0.022727272727272728
PR00001254,WO00001254,2026-02-22,B,P02,P02_L01,SKU002,480,36,28,416,48.8,281,272,9,40.529,0.9369369369369369,0.8305091424968475,0.9679715302491103,0.7532122286220647,0.03202846975088968
PR00001255,WO00001255,2026-02-22,C,P02,P02_L01,SKU003,480,15,0,465,48.8,336,329,7,43.355,1.0,0.88841882601798,0.9791666666666666,0.8699101004759386,0.020833333333333332
PR00001256,WO00001256,2026-02-22,A,P02,P02_L02,SKU002,480,16,0,464,55.9,356,344,12,46.034,1.0,0.8235148972919623,0.9662921348314607,0.7957559681697614,0.033707865168539325
PR00001257,WO00001257,2026-02-22,A,P02,P02_L03,SKU007,480,0,0,480,47.0,326,322,4,40.75,1.0,0.8670212765957447,0.9877300613496932,0.8563829787234042,0.012269938650306749
PR00001258,WO00001258,2026-02-22,B,P02,P02_L03,SKU003,480,0,62,418,47.0,280,275,5,40.191,0.8708333333333333,0.8551359055278428,0.9821428571428571,0.7313829787234042,0.017857142857142856
PR00001259,WO00001259,2026-02-22,C,P02,P02_L03,SKU003,480,19,17,444,47.0,298,291,7,40.27,0.9631236442516269,0.8568142610695801,0.9765100671140939,0.8058337564037475,0.02348993288590604
PR00001260,WO00001260,2026-02-22,A,P03,P03_L01,SKU003,480,0,0,480,57.7,443,437,6,55.375,1.0,0.9597053726169844,0.9864559819413092,0.9467071057192374,0.013544018058690745
PR00001261,WO00001261,2026-02-22,A,P03,P03_L02,SKU002,480,35,48,397,56.6,306,297,9,46.247,0.8921348314606742,0.8170821799538945,0.9705882352941176,0.7075078413467265,0.029411764705882353
PR00001262,WO00001262,2026-02-22,B,P03,P03_L02,SKU004,480,0,23,457,56.6,398,384,14,52.254,0.9520833333333333,0.9232125321848591,0.964824120603015,0.8480565371024735,0.035175879396984924
PR00001263,WO00001263,2026-02-22,C,P03,P03_L02,SKU001,480,0,0,480,49.793,347,337,10,43.375,1.0,0.8711063804149177,0.9711815561959655,0.8460024501435945,0.02881844380403458
PR00001264,WO00001264,2026-02-22,A,P03,P03_L03,SKU001,480,0,0,480,49.793,359,348,11,44.875,1.0,0.9012310967405057,0.9693593314763231,0.8736167734420501,0.03064066852367688
PR00001265,WO00001265,2026-02-22,C,P03,P03_L03,SKU004,480,0,0,480,56.693,376,361,15,47.0,1.0,0.8290265112094968,0.9601063829787234,0.79595364507082,0.0398936170212766
PR00001266,WO00001266,2026-02-23,A,P01,P01_L01,SKU001,480,36,0,444,49.793,339,331,8,45.811,1.0,0.9200251202139017,0.976401179941003,0.8983136129522167,0.02359882005899705
PR00001267,WO00001267,2026-02-23,B,P01,P01_L01,SKU001,480,0,37,443,49.793,328,320,8,44.424,0.9229166666666667,0.8921812148797148,0.975609756097561,0.803325768682345,0.024390243902439025
PR00001268,WO00001268,2026-02-23,C,P01,P01_L01,SKU001,480,0,30,450,49.793,303,293,10,40.4,0.9375,0.8113590263691683,0.966996699669967,0.7355451569497721,0.033003300330033
PR00001269,WO00001269,2026-02-23,A,P01,P01_L02,SKU001,480,0,0,480,49.793,378,368,10,47.25,1.0,0.9489285642560199,0.9735449735449735,0.9238246339846966,0.026455026455026454
PR00001270,WO00001270,2026-02-23,B,P01,P01_L02,SKU001,480,0,0,480,49.793,373,365,8,46.625,1.0,0.9363765991203583,0.9785522788203753,0.9162934549032997,0.021447721179624665
PR00001271,WO00001271,2026-02-23,C,P01,P01_L02,SKU001,480,19,0,461,49.793,306,295,11,39.826,1.0,0.7998406243496666,0.9640522875816994,0.7710881836050708,0.03594771241830065
PR00001272,WO00001272,2026-02-23,A,P01,P01_L03,SKU003,480,47,0,433,61.962,452,442,10,62.633,1.0,1.0,0.9778761061946902,0.9778761061946902,0.022123893805309734
PR00001273,WO00001273,2026-02-23,B,P01,P01_L03,SKU004,480,0,0,480,56.693,400,389,11,50.0,1.0,0.8819430970313795,0.9725,0.8576896618630167,0.0275
PR00001274,WO00001274,2026-02-23,C,P01,P01_L03,SKU003,480,42,0,438,61.962,408,399,9,55.89,1.0,0.902011086777446,0.9779411764705882,0.8821137833926493,0.022058823529411766
PR00001275,WO00001275,2026-02-23,A,P02,P02_L01,SKU003,480,0,0,480,48.8,352,344,8,44.0,1.0,0.9016393442622951,0.9772727272727273,0.8811475409836066,0.022727272727272728
PR00001276,WO00001276,2026-02-23,B,P02,P02_L01,SKU002,480,21,0,459,48.8,302,290,12,39.477,1.0,0.8089574627665274,0.9602649006622517,0.7768134576234865,0.039735099337748346
PR00001277,WO00001277,2026-02-23,C,P02,P02_L01,SKU003,480,0,0,480,48.8,325,318,7,40.625,1.0,0.8324795081967213,0.9784615384615385,0.8145491803278689,0.021538461538461538
PR00001278,WO00001278,2026-02-23,A,P02,P02_L02,SKU004,480,0,16,464,55.9,375,363,12,48.491,0.9666666666666667,0.8674665350687805,0.968,0.8117173524150267,0.032
PR00001279,WO00001279,2026-02-23,B,P02,P02_L02,SKU006,480,0,0,480,54.878,399,389,10,49.875,1.0,0.9088341411859032,0.974937343358396,0.8860563431611939,0.02506265664160401
PR00001280,WO00001280,2026-02-23,C,P02,P02_L02,SKU002,480,0,14,466,55.9,358,340,18,46.094,0.9708333333333333,0.8245871306056954,0.9497206703910615,0.7602862254025046,0.05027932960893855
PR00001281,WO00001281,2026-02-23,A,P02,P02_L03,SKU003,480,19,15,446,47.0,334,329,5,44.933,0.9674620390455532,0.9560156473618929,0.9850299401197605,0.911062906724512,0.014970059880239521
PR00001282,WO00001282,2026-02-23,B,P02,P02_L03,SKU003,480,0,31,449,47.0,322,317,5,43.029,0.9354166666666667,0.9155096431786949,0.984472049689441,0.8430851063829787,0.015527950310559006
PR00001283,WO00001283,2026-02-23,C,P02,P02_L03,SKU004,480,0,0,480,47.0,318,307,11,39.75,1.0,0.8457446808510638,0.9654088050314465,0.8164893617021276,0.03459119496855346
PR00001284,WO00001284,2026-02-23,A,P03,P03_L01,SKU001,480,0,0,480,49.793,365,359,6,45.625,1.0,0.9162934549032997,0.9835616438356164,0.9012310967405057,0.01643835616438356
PR00001285,WO00001285,2026-02-23,B,P03,P03_L01,SKU001,480,0,18,462,49.793,338,331,7,43.896,0.9625,0.8815717851124435,0.9792899408284024,0.8309400919808005,0.020710059171597635
PR00001286,WO00001286,2026-02-23,C,P03,P03_L01,SKU003,480,0,37,443,57.7,381,376,5,51.603,0.9229166666666667,0.8943277089014166,0.9868766404199475,0.8145580589254766,0.013123359580052493
PR00001287,WO00001287,2026-02-23,A,P03,P03_L02,SKU006,480,0,0,480,54.878,401,388,13,50.125,1.0,0.9133897007908451,0.9675810473815462,0.883778563358723,0.032418952618453865
PR00001288,WO00001288,2026-02-23,B,P03,P03_L02,SKU002,480,45,0,435,56.6,334,322,12,46.069,1.0,0.8139393200926038,0.9640718562874252,0.7846959912270013,0.03592814371257485
PR00001289,WO00001289,2026-02-23,C,P03,P03_L02,SKU004,480,0,72,408,56.6,323,312,11,47.5,0.85,0.8392226148409894,0.9659442724458205,0.6890459363957597,0.034055727554179564
PR00001290,WO00001290,2026-02-23,A,P03,P03_L03,SKU004,480,0,0,480,56.693,402,389,13,50.25,1.0,0.8863528125165364,0.9676616915422885,0.8576896618630165,0.03233830845771144
PR00001291,WO00001291,2026-02-23,B,P03,P03_L03,SKU003,480,0,0,480,58.1,417,409,8,52.125,1.0,0.8971600688468158,0.9808153477218226,0.8799483648881239,0.019184652278177457
PR00001292,WO00001292,2026-02-23,C,P03,P03_L03,SKU001,480,0,0,480,49.793,334,325,9,41.75,1.0,0.8384712710621975,0.9730538922155688,0.8158777338180065,0.02694610778443114
PR00001293,WO00001293,2026-02-24,A,P01,P01_L01,SKU001,480,0,0,480,49.793,380,371,9,47.5,1.0,0.9539493503102846,0.9763157894736842,0.9313558130660937,0.02368421052631579
PR00001294,WO00001294,2026-02-24,B,P01,P01_L01,SKU005,480,27,0,453,50.42,324,313,11,42.914,1.0,0.8511286649101193,0.9660493827160493,0.822232321348356,0.033950617283950615
PR00001295,WO00001295,2026-02-24,C,P01,P01_L01,SKU005,480,0,0,480,50.42,320,311,9,40.0,1.0,0.7933359777865926,0.971875,0.7710234034113447,0.028125
PR00001296,WO00001296,2026-02-24,A,P01,P01_L02,SKU001,480,0,0,480,49.793,352,341,11,44.0,1.0,0.8836583455505794,0.96875,0.8560440222521238,0.03125
PR00001297,WO00001297,2026-02-24,B,P01,P01_L02,SKU002,480,0,19,461,65.2,434,417,17,56.486,0.9604166666666667,0.8663481628361922,0.9608294930875576,0.799463190184049,0.03917050691244239
PR00001298,WO00001298,2026-02-24,C,P01,P01_L02,SKU004,480,0,0,480,56.693,399,381,18,49.875,1.0,0.8797382392888011,0.9548872180451128,0.8400507999223891,0.045112781954887216
PR00001299,WO00001299,2026-02-24,A,P01,P01_L03,SKU003,480,0,0,480,61.962,442,428,14,55.25,1.0,0.8916755430747877,0.9683257918552036,0.8634324263258125,0.03167420814479638
PR00001300,WO00001300,2026-02-24,B,P01,P01_L03,SKU008,480,25,0,455,60.302,381,375,6,50.242,1.0,0.8331690199621612,0.984251968503937,0.8200482479942531,0.015748031496062992
PR00001301,WO00001301,2026-02-24,C,P01,P01_L03,SKU002,480,20,0,460,72.0,433,415,18,56.478,1.0,0.7844202898550725,0.9584295612009238,0.7518115942028987,0.04157043879907621
PR00001302,WO00001302,2026-02-24,A,P02,P02_L01,SKU003,480,0,0,480,48.8,368,362,6,46.0,1.0,0.9426229508196722,0.9836956521739131,0.9272540983606559,0.016304347826086956
PR00001303,WO00001303,2026-02-24,B,P02,P02_L01,SKU003,480,0,30,450,48.8,337,331,6,44.933,0.9375,0.9207650273224044,0.9821958456973294,0.8478483606557378,0.017804154302670624
PR00001304,WO00001304,2026-02-24,C,P02,P02_L01,SKU002,480,0,19,461,48.8,287,275,12,37.354,0.9604166666666667,0.7654421962234629,0.9581881533101045,0.7044057377049181,0.041811846689895474
PR00001305,WO00001305,2026-02-24,A,P02,P02_L02,SKU002,480,32,82,366,55.9,308,294,14,50.492,0.8169642857142857,0.9032522947887036,0.9545454545454546,0.7043828264758498,0.045454545454545456
PR00001306,WO00001306,2026-02-24,B,P02,P02_L02,SKU006,480,40,0,440,54.878,343,330,13,46.773,1.0,0.8523037879063973,0.9620991253644315,0.8200007288895368,0.037900874635568516
PR00001307,WO00001307,2026-02-24,C,P02,P02_L02,SKU002,480,21,37,422,55.9,320,306,14,45.498,0.9193899782135077,0.8139110971691156,0.95625,0.7155635062611809,0.04375
PR00001308,WO00001308,2026-02-24,A,P02,P02_L03,SKU007,480,0,0,480,47.0,341,338,3,42.625,1.0,0.9069148936170213,0.9912023460410557,0.898936170212766,0.008797653958944282
PR00001309,WO00001309,2026-02-24,B,P02,P02_L03,SKU005,480,0,0,480,47.0,302,295,7,37.75,1.0,0.8031914893617021,0.9768211920529801,0.7845744680851064,0.023178807947019868
PR00001310,WO00001310,2026-02-24,C,P02,P02_L03,SKU005,480,21,0,459,47.0,284,275,9,37.124,1.0,0.7898762341816159,0.9683098591549296,0.7648449450702267,0.03169014084507042
PR00001311,WO00001311,2026-02-24,A,P03,P03_L01,SKU001,480,38,0,442,49.793,338,331,7,45.882,1.0,0.921461911135631,0.9792899408284024,0.9023783804316386,0.020710059171597635
PR00001312,WO00001312,2026-02-24,B,P03,P03_L01,SKU005,480,0,13,467,50.42,336,328,8,43.169,0.9729166666666667,0.8561912908018044,0.9761904761904762,0.8131693772312574,0.023809523809523808
PR00001313,WO00001313,2026-02-24,C,P03,P03_L01,SKU003,480,0,0,480,57.7,421,411,10,52.625,1.0,0.9120450606585788,0.9762470308788599,0.8903812824956673,0.023752969121140142
PR00001314,WO00001314,2026-02-24,A,P03,P03_L02,SKU005,480,36,0,444,50.42,324,317,7,43.784,1.0,0.8683812729826217,0.9783950617283951,0.8496199491836145,0.021604938271604937
PR00001315,WO00001315,2026-02-24,B,P03,P03_L02,SKU001,480,23,0,457,49.793,338,330,8,44.376,1.0,0.8912169906388379,0.9763313609467456,0.8701230973692795,0.023668639053254437
PR00001316,WO00001316,2026-02-24,C,P03,P03_L02,SKU006,480,0,0,480,54.878,359,348,11,44.875,1.0,0.8177229490870659,0.9693593314763231,0.7926673712598856,0.03064066852367688
PR00001317,WO00001317,2026-02-24,A,P03,P03_L03,SKU003,480,0,0,480,58.1,408,402,6,51.0,1.0,0.8777969018932874,0.9852941176470589,0.8648881239242685,0.014705882352941176
PR00001318,WO00001318,2026-02-24,B,P03,P03_L03,SKU003,480,35,0,445,58.1,396,387,9,53.393,1.0,0.9189889574348759,0.9772727272727273,0.8981028447659014,0.022727272727272728
PR00001319,WO00001319,2026-02-24,C,P03,P03_L03,SKU001,480,28,26,426,49.793,307,300,7,43.239,0.9424778761061947,0.8683838414981687,0.9771986970684039,0.7997712298828656,0.02280130293159609
PR00001320,WO00001320,2026-02-25,A,P01,P01_L01,SKU004,480,0,0,480,56.693,413,398,15,51.625,1.0,0.9106062476848994,0.9636803874092009,0.8775333815462226,0.03631961259079903
PR00001321,WO00001321,2026-02-25,B,P01,P01_L01,SKU001,480,0,37,443,49.793,300,293,7,40.632,0.9229166666666667,0.8160194038533977,0.9766666666666667,0.735545156949772,0.023333333333333334
PR00001322,WO00001322,2026-02-25,C,P01,P01_L01,SKU005,480,46,0,434,50.42,295,287,8,40.783,1.0,0.8088736639874821,0.9728813559322034,0.786938106997991,0.02711864406779661
PR00001323,WO00001323,2026-02-25,A,P01,P01_L02,SKU001,480,0,44,436,49.793,317,312,5,43.624,0.9083333333333333,0.8761041353404931,0.9842271293375394,0.7832426244652863,0.015772870662460567
PR00001324,WO00001324,2026-02-25,B,P01,P01_L02,SKU002,480,29,63,388,65.2,366,349,17,56.598,0.8603104212860311,0.86806653595598,0.953551912568306,0.7121189449485125,0.04644808743169399
PR00001325,WO00001325,2026-02-25,C,P01,P01_L02,SKU006,480,21,0,459,54.878,356,343,13,46.536,1.0,0.8479891343055195,0.9634831460674157,0.8170232389516662,0.03651685393258427
PR00001326,WO00001326,2026-02-25,A,P01,P01_L03,SKU004,480,0,80,400,56.693,345,332,13,51.75,0.8333333333333334,0.9128111054274779,0.9623188405797102,0.7320127705360452,0.03768115942028986
PR00001327,WO00001327,2026-02-25,B,P01,P01_L03,SKU008,480,53,0,427,60.302,381,373,8,53.536,1.0,0.8878030540580406,0.979002624671916,0.8691615201145647,0.02099737532808399
PR00001328,WO00001328,2026-02-25,C,P01,P01_L03,SKU004,480,50,0,430,56.693,350,333,17,48.837,1.0,0.8614327924492545,0.9514285714285714,0.8195917711017193,0.04857142857142857
PR00001329,WO00001329,2026-02-25,A,P02,P02_L01,SKU002,480,0,0,480,48.8,327,316,11,40.875,1.0,0.8376024590163935,0.9663608562691132,0.8094262295081968,0.03363914373088685
PR00001330,WO00001330,2026-02-25,B,P02,P02_L01,SKU005,480,0,15,465,48.8,333,325,8,42.968,0.96875,0.8804865150713909,0.975975975975976,0.8324795081967215,0.024024024024024024
PR00001331,WO00001331,2026-02-25,C,P02,P02_L01,SKU006,480,0,0,480,48.8,355,343,12,44.375,1.0,0.9093237704918034,0.9661971830985916,0.8785860655737706,0.03380281690140845
PR00001332,WO00001332,2026-02-25,A,P02,P02_L02,SKU002,480,20,0,460,55.9,353,340,13,46.043,1.0,0.8236758186202069,0.9631728045325779,0.7933421482460916,0.036827195467422094
PR00001333,WO00001333,2026-02-25,B,P02,P02_L02,SKU004,480,0,15,465,55.9,386,373,13,49.806,0.96875,0.8909919787639218,0.966321243523316,0.8340787119856887,0.03367875647668394
PR00001334,WO00001334,2026-02-25,C,P02,P02_L02,SKU002,480,0,0,480,55.9,366,350,16,45.75,1.0,0.8184257602862254,0.9562841530054644,0.7826475849731663,0.04371584699453552
PR00001335,WO00001335,2026-02-25,A,P02,P02_L03,SKU007,480,44,0,436,47.0,302,298,4,41.56,1.0,0.8842475112238923,0.9867549668874173,0.872535623658013,0.013245033112582781
PR00001336,WO00001336,2026-02-25,B,P02,P02_L03,SKU007,480,25,9,446,47.0,314,309,5,42.242,0.9802197802197802,0.8987692014120789,0.9840764331210191,0.8669628244096328,0.01592356687898089
PR00001337,WO00001337,2026-02-25,C,P02,P02_L03,SKU003,480,0,0,480,47.0,308,300,8,38.5,1.0,0.8191489361702128,0.974025974025974,0.7978723404255319,0.025974025974025976
PR00001338,WO00001338,2026-02-25,A,P03,P03_L01,SKU003,480,38,0,442,57.7,422,416,6,57.285,1.0,0.9928088019636597,0.985781990521327,0.9786930370068304,0.014218009478672985
PR00001339,WO00001339,2026-02-25,B,P03,P03_L01,SKU001,480,54,0,426,49.793,305,298,7,42.958,1.0,0.8627266177750537,0.9770491803278688,0.8429263347441508,0.022950819672131147
PR00001340,WO00001340,2026-02-25,C,P03,P03_L01,SKU003,480,0,0,480,57.7,404,395,9,50.5,1.0,0.8752166377816291,0.9777227722772277,0.8557192374350086,0.022277227722772276
PR00001341,WO00001341,2026-02-25,A,P03,P03_L02,SKU004,480,33,24,423,56.6,363,350,13,51.489,0.9463087248322147,0.9097060371400647,0.9641873278236914,0.8300329641662911,0.03581267217630854
PR00001342,WO00001342,2026-02-25,B,P03,P03_L02,SKU008,480,22,0,458,56.6,352,346,6,46.114,1.0,0.8147268042032496,0.9829545454545454,0.8008394154952396,0.017045454545454544
PR00001343,WO00001343,2026-02-25,C,P03,P03_L02,SKU001,480,41,0,439,49.793,293,284,9,40.046,1.0,0.80424071830499,0.9692832764505119,0.7795370784935739,0.030716723549488054
PR00001344,WO00001344,2026-02-25,A,P03,P03_L03,SKU004,480,0,0,480,56.693,403,386,17,50.375,1.0,0.8885576702591149,0.9578163771712159,0.8510750886352814,0.04218362282878412
PR00001345,WO00001345,2026-02-25,B,P03,P03_L03,SKU001,480,0,67,413,49.793,300,294,6,43.584,0.8604166666666667,0.875294421082458,0.98,0.7380555499769043,0.02
PR00001346,WO00001346,2026-02-25,C,P03,P03_L03,SKU001,480,0,0,480,49.793,324,312,12,40.5,1.0,0.8133673407908742,0.9629629629629629,0.7832426244652863,0.037037037037037035
PR00001347,WO00001347,2026-02-26,A,P01,P01_L01,SKU005,480,0,0,480,50.42,360,349,11,45.0,1.0,0.8925029750099167,0.9694444444444444,0.8652320507735026,0.030555555555555555
PR00001348,WO00001348,2026-02-26,B,P01,P01_L01,SKU001,480,48,7,425,49.793,305,295,10,43.059,0.9837962962962963,0.8647565627580537,0.9672131147540983,0.822851047782263,0.03278688524590164
PR00001349,WO00001349,2026-02-26,C,P01,P01_L01,SKU007,480,29,0,451,69.9,459,449,10,61.064,1.0,0.8735951581131105,0.9782135076252724,0.8545625838622802,0.02178649237472767
PR00001350,WO00001350,2026-02-26,A,P01,P01_L02,SKU001,480,0,0,480,49.793,370,360,10,46.25,1.0,0.9288454200389613,0.972972972972973,0.9037414897676381,0.02702702702702703
PR00001351,WO00001351,2026-02-26,B,P01,P01_L02,SKU001,480,0,0,480,49.793,364,354,10,45.5,1.0,0.9137830618761673,0.9725274725274725,0.888679131604844,0.027472527472527472
PR00001352,WO00001352,2026-02-26,C,P01,P01_L02,SKU008,480,0,0,480,60.302,366,359,7,45.75,1.0,0.7586813041026832,0.9808743169398907,0.7441710059367849,0.01912568306010929
PR00001353,WO00001353,2026-02-26,A,P01,P01_L03,SKU004,480,0,0,480,56.693,413,397,16,51.625,1.0,0.9106062476848994,0.9612590799031477,0.8753285238036442,0.0387409200968523
PR00001354,WO00001354,2026-02-26,B,P01,P01_L03,SKU002,480,59,0,421,72.0,412,399,13,58.717,1.0,0.8155186064924782,0.9684466019417476,0.7897862232779097,0.03155339805825243
PR00001355,WO00001355,2026-02-26,C,P01,P01_L03,SKU008,480,29,0,451,60.302,376,368,8,50.022,1.0,0.8295275935956057,0.9787234042553191,0.811878070327614,0.02127659574468085
PR00001356,WO00001356,2026-02-26,A,P02,P02_L01,SKU003,480,0,0,480,48.8,402,395,7,50.25,1.0,1.0,0.9825870646766169,0.9825870646766169,0.017412935323383085
PR00001357,WO00001357,2026-02-26,B,P02,P02_L01,SKU004,480,0,0,480,48.8,356,345,11,44.5,1.0,0.9118852459016394,0.9691011235955056,0.8837090163934427,0.03089887640449438
PR00001358,WO00001358,2026-02-26,C,P02,P02_L01,SKU003,480,0,0,480,48.8,311,304,7,38.875,1.0,0.7966188524590164,0.977491961414791,0.778688524590164,0.022508038585209004
PR00001359,WO00001359,2026-02-26,A,P02,P02_L02,SKU006,480,0,0,480,54.878,420,410,10,52.5,1.0,0.956667517037793,0.9761904761904762,0.9338897190130836,0.023809523809523808
PR00001360,WO00001360,2026-02-26,B,P02,P02_L02,SKU002,480,0,10,470,55.9,350,341,9,44.681,0.9791666666666666,0.7992996612491912,0.9742857142857143,0.7625223613595706,0.025714285714285714
PR00001361,WO00001361,2026-02-26,C,P02,P02_L02,SKU001,480,52,0,428,49.793,270,262,8,37.85,1.0,0.7601563932624993,0.9703703703703703,0.7376332408695363,0.02962962962962963
PR00001362,WO00001362,2026-02-26,A,P02,P02_L03,SKU008,480,0,0,480,47.0,300,294,6,37.5,1.0,0.7978723404255319,0.98,0.7819148936170213,0.02
PR00001363,WO00001363,2026-02-26,B,P02,P02_L03,SKU003,480,0,0,480,47.0,317,309,8,39.625,1.0,0.8430851063829787,0.9747634069400631,0.821808510638298,0.025236593059936908
PR00001364,WO00001364,2026-02-26,C,P02,P02_L03,SKU003,480,63,0,417,47.0,278,273,5,40.0,1.0,0.8510638297872339,0.9820143884892086,0.8357569263737945,0.017985611510791366
PR00001365,WO00001365,2026-02-26,A,P03,P03_L01,SKU001,480,64,0,416,49.793,317,310,7,45.721,1.0,0.9182245264626322,0.9779179810725552,0.8979482750896404,0.022082018927444796
PR00001366,WO00001366,2026-02-26,B,P03,P03_L01,SKU001,480,0,0,480,49.793,346,339,7,43.25,1.0,0.8685959873877854,0.9797687861271677,0.8510232361978591,0.02023121387283237
PR00001367,WO00001367,2026-02-26,C,P03,P03_L01,SKU001,480,37,49,394,49.793,272,267,5,41.421,0.8893905191873589,0.831870339143139,0.9816176470588235,0.7262572694295241,0.01838235294117647
PR00001368,WO00001368,2026-02-26,A,P03,P03_L02,SKU006,480,0,0,480,54.878,437,427,10,54.625,1.0,0.9953897736797989,0.977116704805492,0.9726119756550895,0.02288329519450801
PR00001369,WO00001369,2026-02-26,B,P03,P03_L02,SKU004,480,0,21,459,56.6,404,391,13,52.81,0.95625,0.9330469525855101,0.9678217821782178,0.8635159010600707,0.03217821782178218
PR00001370,WO00001370,2026-02-26,C,P03,P03_L02,SKU008,480,0,0,480,56.6,386,379,7,48.25,1.0,0.8524734982332155,0.9818652849740933,0.8370141342756183,0.018134715025906734
PR00001371,WO00001371,2026-02-26,A,P03,P03_L03,SKU006,480,0,0,480,54.878,411,401,10,51.375,1.0,0.9361674988155545,0.975669099756691,0.9133897007908451,0.024330900243309004
PR00001372,WO00001372,2026-02-26,B,P03,P03_L03,SKU001,480,0,10,470,49.793,324,318,6,41.362,0.9791666666666666,0.8306730288928077,0.9814814814814815,0.7983049826280803,0.018518518518518517
PR00001373,WO00001373,2026-02-26,C,P03,P03_L03,SKU004,480,0,0,480,56.693,377,364,13,47.125,1.0,0.8312313689520753,0.9655172413793104,0.8025682182985555,0.034482758620689655
PR00001374,WO00001374,2026-02-27,A,P01,P01_L01,SKU005,480,0,0,480,50.42,356,346,10,44.5,1.0,0.8825862752875843,0.9719101123595506,0.8577945259817533,0.028089887640449437
PR00001375,WO00001375,2026-02-27,B,P01,P01_L01,SKU004,480,0,66,414,56.693,367,355,12,53.188,0.8625,0.9381829466971487,0.9673024523160763,0.7827244986153494,0.0326975476839237
PR00001376,WO00001376,2026-02-27,C,P01,P01_L01,SKU001,480,0,0,480,49.793,324,315,9,40.5,1.0,0.8133673407908742,0.9722222222222222,0.7907738035466833,0.027777777777777776
PR00001377,WO00001377,2026-02-27,A,P01,P01_L02,SKU001,480,0,0,480,49.793,388,376,12,48.5,1.0,0.9740324945273432,0.9690721649484536,0.9439077782017553,0.030927835051546393
PR00001378,WO00001378,2026-02-27,B,P01,P01_L02,SKU004,480,18,0,462,56.693,406,393,13,52.727,1.0,0.9300490841421821,0.9679802955665024,0.9002691873593044,0.03201970443349754
PR00001379,WO00001379,2026-02-27,C,P01,P01_L02,SKU004,480,0,0,480,56.693,394,376,18,49.25,1.0,0.8687139505759088,0.9543147208121827,0.8290265112094968,0.04568527918781726
PR00001380,WO00001380,2026-02-27,A,P01,P01_L03,SKU003,480,0,0,480,61.962,452,447,5,56.5,1.0,0.9118491978954842,0.9889380530973452,0.901762370485136,0.011061946902654867
PR00001381,WO00001381,2026-02-27,B,P01,P01_L03,SKU007,480,0,15,465,74.2,504,496,8,65.032,0.96875,0.8764455264759585,0.9841269841269841,0.8355795148247978,0.015873015873015872
PR00001382,WO00001382,2026-02-27,C,P01,P01_L03,SKU003,480,0,0,480,61.962,435,426,9,54.375,1.0,0.8775539847003001,0.9793103448275862,0.8593976953616732,0.020689655172413793
PR00001383,WO00001383,2026-02-27,A,P02,P02_L01,SKU001,480,29,0,451,48.8,328,319,9,43.636,1.0,0.8941877794336811,0.9725609756097561,0.8696521391443423,0.027439024390243903
PR00001384,WO00001384,2026-02-27,B,P02,P02_L01,SKU001,480,47,29,404,48.8,304,297,7,45.149,0.9330254041570438,0.9251744846615809,0.9769736842105263,0.8433347215386363,0.023026315789473683
PR00001385,WO00001385,2026-02-27,C,P02,P02_L01,SKU003,480,30,39,411,48.8,287,280,7,41.898,0.9133333333333333,0.8585616848151251,0.975609756097561,0.7650273224043715,0.024390243902439025
PR00001386,WO00001386,2026-02-27,A,P02,P02_L02,SKU005,480,26,7,447,50.42,320,311,9,42.953,0.9845814977973568,0.851904405676878,0.971875,0.8151789287168403,0.028125
PR00001387,WO00001387,2026-02-27,B,P02,P02_L02,SKU004,480,65,0,415,55.9,339,325,14,49.012,1.0,0.8767808263465311,0.9587020648967551,0.8405715886803027,0.04129793510324484
PR00001388,WO00001388,2026-02-27,C,P02,P02_L02,SKU002,480,0,0,480,55.9,354,336,18,44.25,1.0,0.7915921288014311,0.9491525423728814,0.7513416815742398,0.05084745762711865
PR00001389,WO00001389,2026-02-27,A,P02,P02_L03,SKU003,480,0,0,480,47.0,347,340,7,43.375,1.0,0.9228723404255319,0.9798270893371758,0.9042553191489361,0.020172910662824207
PR00001390,WO00001390,2026-02-27,B,P02,P02_L03,SKU005,480,34,0,446,47.0,277,270,7,37.265,1.0,0.7928632764049232,0.9747292418772563,0.7728270203224883,0.02527075812274368
PR00001391,WO00001391,2026-02-27,C,P02,P02_L03,SKU006,480,0,0,480,47.0,303,293,10,37.875,1.0,0.8058510638297872,0.966996699669967,0.7792553191489362,0.033003300330033
PR00001392,WO00001392,2026-02-27,A,P03,P03_L01,SKU001,480,0,23,457,49.793,342,335,7,44.902,0.9520833333333333,0.901763937273617,0.97953216374269,0.8409816640893298,0.02046783625730994
PR00001393,WO00001393,2026-02-27,B,P03,P03_L01,SKU001,480,0,0,480,49.793,348,340,8,43.5,1.0,0.8736167734420501,0.9770114942528736,0.8535336292249915,0.022988505747126436
PR00001394,WO00001394,2026-02-27,C,P03,P03_L01,SKU004,480,25,0,455,56.693,356,344,12,46.945,1.0,0.8280573429710009,0.9662921348314607,0.8001452977023155,0.033707865168539325
PR00001395,WO00001395,2026-02-27,A,P03,P03_L02,SKU006,480,0,19,461,54.878,380,368,12,49.458,0.9604166666666667,0.901230012951624,0.968421052631579,0.8382229673093043,0.031578947368421054
PR00001396,WO00001396,2026-02-27,B,P03,P03_L02,SKU002,480,0,20,460,56.6,358,345,13,46.696,0.9583333333333334,0.8250115225072976,0.9636871508379888,0.7619257950530036,0.036312849162011177
PR00001397,WO00001397,2026-02-27,C,P03,P03_L02,SKU006,480,48,0,432,54.878,340,331,9,47.222,1.0,0.8604945920445757,0.9735294117647059,0.8377167940198663,0.026470588235294117
PR00001398,WO00001398,2026-02-27,A,P03,P03_L03,SKU001,480,20,0,460,49.793,311,306,5,40.565,1.0,0.8146771110658998,0.9839228295819936,0.8015794083156442,0.01607717041800643
PR00001399,WO00001399,2026-02-27,B,P03,P03_L03,SKU003,480,39,17,424,58.1,380,375,5,53.774,0.9614512471655329,0.9255350241938103,0.9868421052631579,0.8781481611577505,0.013157894736842105
PR00001400,WO00001400,2026-02-27,C,P03,P03_L03,SKU001,480,0,0,480,49.793,326,319,7,40.75,1.0,0.8183881268451388,0.9785276073619632,0.8008153756552125,0.02147239263803681
PR00001401,WO00001401,2026-02-28,A,P01,P01_L01,SKU001,480,27,0,453,49.793,335,328,7,44.371,1.0,0.8911063990350515,0.9791044776119403,0.8724862653238713,0.020895522388059702
PR00001402,WO00001402,2026-02-28,A,P01,P01_L02,SKU003,480,0,0,480,61.962,464,448,16,58.0,1.0,0.9360575836803201,0.9655172413793104,0.9037797359672056,0.034482758620689655
PR00001403,WO00001403,2026-02-28,C,P01,P01_L02,SKU002,480,18,0,462,65.2,408,390,18,52.987,1.0,0.8126842482670703,0.9558823529411765,0.7768305314317584,0.04411764705882353
PR00001404,WO00001404,2026-02-28,A,P01,P01_L03,SKU003,480,0,0,480,61.962,465,455,10,58.125,1.0,0.9380749491623898,0.978494623655914,0.9179012943416932,0.021505376344086023
PR00001405,WO00001405,2026-02-28,B,P01,P01_L03,SKU003,480,25,0,455,61.962,422,412,10,55.648,1.0,0.898104509995669,0.976303317535545,0.8768224126024067,0.023696682464454975
PR00001406,WO00001406,2026-02-28,C,P01,P01_L03,SKU002,480,0,0,480,72.0,449,428,21,56.125,1.0,0.7795138888888888,0.9532293986636972,0.7430555555555556,0.0467706013363029
PR00001407,WO00001407,2026-02-28,A,P02,P02_L01,SKU002,480,0,0,480,48.8,350,337,13,43.75,1.0,0.896516393442623,0.9628571428571429,0.8632172131147542,0.037142857142857144
PR00001408,WO00001408,2026-02-28,C,P02,P02_L01,SKU006,480,0,0,480,48.8,333,322,11,41.625,1.0,0.8529713114754098,0.9669669669669669,0.8247950819672131,0.03303303303303303
PR00001409,WO00001409,2026-02-28,A,P02,P02_L02,SKU002,480,31,0,449,55.9,357,345,12,47.706,1.0,0.8534170547947935,0.9663865546218487,0.824730767238666,0.03361344537815126
PR00001410,WO00001410,2026-02-28,B,P02,P02_L02,SKU002,480,0,0,480,55.9,372,358,14,46.5,1.0,0.8318425760286225,0.9623655913978495,0.800536672629696,0.03763440860215054
PR00001411,WO00001411,2026-02-28,C,P02,P02_L02,SKU002,480,0,0,480,55.9,353,339,14,44.125,1.0,0.789355992844365,0.9603399433427762,0.7580500894454383,0.039660056657223795
PR00001412,WO00001412,2026-02-28,A,P02,P02_L03,SKU003,480,0,30,450,47.0,333,324,9,44.4,0.9375,0.9446808510638298,0.972972972972973,0.8617021276595745,0.02702702702702703
PR00001413,WO00001413,2026-02-28,B,P02,P02_L03,SKU006,480,43,0,437,47.0,306,297,9,42.014,1.0,0.8939091484492916,0.9705882352941176,0.8676177029066654,0.029411764705882353
PR00001414,WO00001414,2026-02-28,A,P03,P03_L01,SKU003,480,0,0,480,57.7,415,410,5,51.875,1.0,0.8990467937608319,0.9879518072289156,0.888214904679376,0.012048192771084338
PR00001415,WO00001415,2026-02-28,C,P03,P03_L01,SKU004,480,0,0,480,56.693,393,377,16,49.125,1.0,0.8665090928333304,0.9592875318066157,0.8312313689520753,0.04071246819338423
PR00001416,WO00001416,2026-02-28,A,P03,P03_L02,SKU002,480,23,6,451,56.6,354,342,12,47.095,0.986870897155361,0.8320732099065289,0.9661016949152542,0.7933132814251803,0.03389830508474576
PR00001417,WO00001417,2026-02-28,B,P03,P03_L02,SKU001,480,0,13,467,49.793,326,321,5,41.884,0.9729166666666667,0.8411698091770163,0.9846625766871165,0.8058361617094771,0.015337423312883436
PR00001418,WO00001418,2026-02-28,C,P03,P03_L02,SKU008,480,0,5,475,56.6,372,367,5,46.989,0.9895833333333334,0.8302027152687371,0.9865591397849462,0.8105123674911661,0.013440860215053764
PR00001419,WO00001419,2026-02-28,A,P03,P03_L03,SKU004,480,17,66,397,56.693,345,333,12,52.141,0.857451403887689,0.9197089223450658,0.9652173913043478,0.7611759429238429,0.034782608695652174
PR00001420,WO00001420,2026-02-28,B,P03,P03_L03,SKU003,480,21,23,436,58.1,392,384,8,53.945,0.9498910675381264,0.9284845805239306,0.9795918367346939,0.8639600418480644,0.02040816326530612
PR00001421,WO00001421,2026-02-28,C,P03,P03_L03,SKU003,480,32,29,419,58.1,357,349,8,51.122,0.9352678571428571,0.8798918825660638,0.9775910364145658,0.8044934841406441,0.022408963585434174
PR00001422,WO00001422,2026-03-01,B,P01,P01_L01,SKU007,480,0,24,456,69.9,471,464,7,61.974,0.95,0.8866049243279873,0.9851380042462845,0.8297567954220314,0.014861995753715499
PR00001423,WO00001423,2026-03-01,C,P01,P01_L01,SKU005,480,0,0,480,50.42,330,320,10,41.25,1.0,0.8181277270924237,0.9696969696969697,0.7933359777865927,0.030303030303030304
PR00001424,WO00001424,2026-03-01,C,P01,P01_L02,SKU001,480,0,0,480,49.793,333,324,9,41.625,1.0,0.8359608780350651,0.972972972972973,0.8133673407908742,0.02702702702702703
PR00001425,WO00001425,2026-03-01,A,P01,P01_L03,SKU008,480,0,0,480,60.302,432,426,6,54.0,1.0,0.8954926868097244,0.9861111111111112,0.8830552883818116,0.013888888888888888
PR00001426,WO00001426,2026-03-01,B,P01,P01_L03,SKU003,480,0,0,480,61.962,481,471,10,60.125,1.0,0.9703527968755042,0.9792099792099792,0.9501791420548077,0.02079002079002079
PR00001427,WO00001427,2026-03-01,C,P01,P01_L03,SKU008,480,0,9,471,60.302,396,388,8,50.446,0.98125,0.8365536776991056,0.9797979797979798,0.8042850983383635,0.020202020202020204
PR00001428,WO00001428,2026-03-01,A,P02,P02_L01,SKU003,480,0,0,480,48.8,368,358,10,46.0,1.0,0.9426229508196722,0.9728260869565217,0.9170081967213115,0.02717391304347826
PR00001429,WO00001429,2026-03-01,C,P02,P02_L01,SKU002,480,25,0,455,48.8,276,266,10,36.396,1.0,0.7458115654836968,0.9637681159420289,0.7187894073139975,0.036231884057971016
PR00001430,WO00001430,2026-03-01,A,P02,P02_L02,SKU003,480,0,18,462,55.9,390,384,6,50.649,0.9625,0.906070673512534,0.9846153846153847,0.8586762075134169,0.015384615384615385
PR00001431,WO00001431,2026-03-01,C,P02,P02_L02,SKU002,480,0,0,480,55.9,365,351,14,45.625,1.0,0.8161896243291592,0.9616438356164384,0.7848837209302326,0.038356164383561646
PR00001432,WO00001432,2026-03-01,A,P02,P02_L03,SKU007,480,0,0,480,47.0,339,333,6,42.375,1.0,0.901595744680851,0.9823008849557522,0.8856382978723404,0.017699115044247787
PR00001433,WO00001433,2026-03-01,A,P03,P03_L01,SKU007,480,0,0,480,57.7,416,414,2,52.0,1.0,0.901213171577123,0.9951923076923077,0.8968804159445407,0.004807692307692308
PR00001434,WO00001434,2026-03-01,B,P03,P03_L01,SKU007,480,0,0,480,57.7,364,362,2,45.5,1.0,0.7885615251299827,0.9945054945054945,0.7842287694974004,0.005494505494505495
PR00001435,WO00001435,2026-03-01,A,P03,P03_L02,SKU006,480,0,16,464,54.878,392,381,11,50.69,0.9666666666666667,0.9236789819675243,0.9719387755102041,0.8678341047414265,0.02806122448979592
PR00001436,WO00001436,2026-03-01,C,P03,P03_L02,SKU001,480,0,56,424,49.793,287,282,5,40.613,0.8833333333333333,0.8156409042871451,0.9825783972125436,0.7079308336513166,0.017421602787456445
PR00001437,WO00001437,2026-03-02,A,P01,P01_L01,SKU007,480,0,35,445,69.9,464,462,2,62.562,0.9270833333333334,0.8950185658484833,0.9956896551724138,0.8261802575107295,0.004310344827586207
PR00001438,WO00001438,2026-03-02,B,P01,P01_L01,SKU005,480,0,0,480,50.42,339,330,9,42.375,1.0,0.8404403014676716,0.9734513274336283,0.8181277270924237,0.02654867256637168
PR00001439,WO00001439,2026-03-02,C,P01,P01_L01,SKU004,480,0,0,480,56.693,367,350,17,45.875,1.0,0.8091827915262908,0.9536784741144414,0.7717002099024571,0.04632152588555858
PR00001440,WO00001440,2026-03-02,A,P01,P01_L02,SKU008,480,0,0,480,60.302,432,427,5,54.0,1.0,0.8954926868097244,0.9884259259259259,0.885128188119797,0.011574074074074073
PR00001441,WO00001441,2026-03-02,B,P01,P01_L02,SKU001,480,0,24,456,49.793,341,332,9,44.868,0.95,0.9010989707917093,0.9736070381231672,0.833450485007933,0.026392961876832845
PR00001442,WO00001442,2026-03-02,C,P01,P01_L02,SKU002,480,16,0,464,65.2,429,411,18,55.474,1.0,0.8508303363655595,0.958041958041958,0.8151311614131583,0.04195804195804196
PR00001443,WO00001443,2026-03-02,A,P01,P01_L03,SKU003,480,0,0,480,61.962,455,442,13,56.875,1.0,0.9179012943416932,0.9714285714285714,0.8916755430747877,0.02857142857142857
PR00001444,WO00001444,2026-03-02,B,P01,P01_L03,SKU003,480,0,0,480,61.962,466,455,11,58.25,1.0,0.9400923146444594,0.9763948497854077,0.9179012943416932,0.023605150214592276
PR00001445,WO00001445,2026-03-02,C,P01,P01_L03,SKU003,480,0,0,480,61.962,433,422,11,54.125,1.0,0.8735192537361608,0.9745958429561201,0.8513282334333946,0.025404157043879907
PR00001446,WO00001446,2026-03-02,A,P02,P02_L01,SKU003,480,0,26,454,48.8,315,310,5,41.63,0.9458333333333333,0.853072867769192,0.9841269841269841,0.7940573770491804,0.015873015873015872
PR00001447,WO00001447,2026-03-02,B,P02,P02_L01,SKU003,480,0,0,480,48.8,350,342,8,43.75,1.0,0.896516393442623,0.9771428571428571,0.8760245901639344,0.022857142857142857
PR00001448,WO00001448,2026-03-02,C,P02,P02_L01,SKU005,480,51,0,429,48.8,281,273,8,39.301,1.0,0.8053421987848217,0.9715302491103203,0.7824143070044709,0.028469750889679714
PR00001449,WO00001449,2026-03-02,A,P02,P02_L02,SKU002,480,0,0,480,55.9,411,396,15,51.375,1.0,0.919051878354204,0.9635036496350365,0.8855098389982112,0.0364963503649635
PR00001450,WO00001450,2026-03-02,B,P02,P02_L02,SKU004,480,0,0,480,55.9,378,365,13,47.25,1.0,0.8452593917710197,0.9656084656084656,0.8161896243291592,0.03439153439153439
PR00001451,WO00001451,2026-03-02,C,P02,P02_L02,SKU002,480,0,0,480,55.9,343,329,14,42.875,1.0,0.7669946332737031,0.9591836734693877,0.7356887298747764,0.04081632653061224
PR00001452,WO00001452,2026-03-02,A,P02,P02_L03,SKU007,480,0,0,480,47.0,331,327,4,41.375,1.0,0.8803191489361702,0.9879154078549849,0.8696808510638299,0.012084592145015106
PR00001453,WO00001453,2026-03-02,B,P02,P02_L03,SKU007,480,0,0,480,47.0,325,320,5,40.625,1.0,0.8643617021276596,0.9846153846153847,0.8510638297872342,0.015384615384615385
PR00001454,WO00001454,2026-03-02,C,P02,P02_L03,SKU007,480,0,0,480,47.0,327,322,5,40.875,1.0,0.8696808510638298,0.9847094801223242,0.8563829787234042,0.01529051987767584
PR00001455,WO00001455,2026-03-02,A,P03,P03_L01,SKU004,480,0,26,454,56.693,413,400,13,54.581,0.9458333333333333,0.9627555041602461,0.9685230024213075,0.8819430970313795,0.031476997578692496
PR00001456,WO00001456,2026-03-02,B,P03,P03_L01,SKU001,480,0,0,480,49.793,336,328,8,42.0,1.0,0.8434920571164621,0.9761904761904762,0.8234089128994035,0.023809523809523808
PR00001457,WO00001457,2026-03-02,C,P03,P03_L01,SKU001,480,0,105,375,49.793,257,250,7,41.12,0.78125,0.8258188902054505,0.9727626459143969,0.6275982567830819,0.027237354085603113
PR00001458,WO00001458,2026-03-02,A,P03,P03_L02,SKU001,480,0,0,480,49.793,345,340,5,43.125,1.0,0.8660855943606531,0.9855072463768116,0.8535336292249915,0.014492753623188406
PR00001459,WO00001459,2026-03-02,B,P03,P03_L02,SKU008,480,24,35,421,56.6,334,329,5,47.601,0.9232456140350878,0.8410061858439019,0.9850299401197605,0.7648316905337549,0.014970059880239521
PR00001460,WO00001460,2026-03-02,C,P03,P03_L02,SKU008,480,0,0,480,56.6,365,358,7,45.625,1.0,0.806095406360424,0.9808219178082191,0.7906360424028268,0.019178082191780823
PR00001461,WO00001461,2026-03-02,A,P03,P03_L03,SKU006,480,34,0,446,54.878,389,378,11,52.332,1.0,0.9536032392766213,0.9717223650385605,0.9266375949783107,0.028277634961439587
PR00001462,WO00001462,2026-03-02,B,P03,P03_L03,SKU001,480,22,0,458,49.793,334,326,8,43.755,1.0,0.8787471836459712,0.9760479041916168,0.857699346911936,0.023952095808383235
PR00001463,WO00001463,2026-03-02,C,P03,P03_L03,SKU001,480,0,0,480,49.793,346,339,7,43.25,1.0,0.8685959873877854,0.9797687861271677,0.8510232361978591,0.02023121387283237
PR00001464,WO00001464,2026-03-03,A,P01,P01_L01,SKU005,480,33,25,422,50.42,293,287,6,41.659,0.9440715883668904,0.826234981604757,0.9795221843003413,0.76405176384145,0.020477815699658702
PR00001465,WO00001465,2026-03-03,B,P01,P01_L01,SKU005,480,52,27,401,50.42,295,287,8,44.14,0.9369158878504673,0.8754393271086464,0.9728813559322034,0.7979699496194581,0.02711864406779661
PR00001466,WO00001466,2026-03-03,C,P01,P01_L01,SKU008,480,29,219,232,60.302,202,199,3,52.241,0.5144124168514412,0.8663291318753081,0.9851485148514851,0.43903189129129133,0.01485148514851485
PR00001467,WO00001467,2026-03-03,A,P01,P01_L02,SKU004,480,0,0,480,56.693,415,401,14,51.875,1.0,0.9150159631700563,0.9662650602409638,0.884147954773958,0.033734939759036145
PR00001468,WO00001468,2026-03-03,B,P01,P01_L02,SKU008,480,21,0,459,60.302,380,373,7,49.673,1.0,0.8237405494739657,0.9815789473684211,0.80856638145734,0.018421052631578946
PR00001469,WO00001469,2026-03-03,C,P01,P01_L02,SKU004,480,46,0,434,56.693,334,320,14,46.175,1.0,0.8144764822354307,0.9580838323353293,0.7803367494471192,0.041916167664670656
PR00001470,WO00001470,2026-03-03,A,P01,P01_L03,SKU008,480,0,0,480,60.302,427,422,5,53.375,1.0,0.885128188119797,0.9882903981264637,0.8747636894298696,0.0117096018735363
PR00001471,WO00001471,2026-03-03,B,P01,P01_L03,SKU005,480,0,28,452,50.42,318,308,10,42.212,0.9416666666666667,0.8372151800977979,0.9685534591194969,0.7635858786195954,0.031446540880503145
PR00001472,WO00001472,2026-03-03,C,P01,P01_L03,SKU004,480,0,0,480,56.693,402,384,18,50.25,1.0,0.8863528125165364,0.9552238805970149,0.8466653731501244,0.04477611940298507
PR00001473,WO00001473,2026-03-03,A,P02,P02_L01,SKU006,480,0,80,400,48.8,288,280,8,43.2,0.8333333333333334,0.8852459016393444,0.9722222222222222,0.7172131147540985,0.027777777777777776
PR00001474,WO00001474,2026-03-03,B,P02,P02_L01,SKU001,480,0,0,480,48.8,341,331,10,42.625,1.0,0.8734631147540984,0.9706744868035191,0.8478483606557378,0.02932551319648094
PR00001475,WO00001475,2026-03-03,C,P02,P02_L01,SKU006,480,0,14,466,48.8,320,310,10,41.202,0.9708333333333333,0.8442974741433898,0.96875,0.7940573770491803,0.03125
PR00001476,WO00001476,2026-03-03,A,P02,P02_L02,SKU002,480,0,42,438,55.9,356,342,14,48.767,0.9125,0.8723993432499326,0.9606741573033708,0.7647584973166368,0.03932584269662921
PR00001477,WO00001477,2026-03-03,B,P02,P02_L02,SKU002,480,0,0,480,55.9,371,356,15,46.375,1.0,0.8296064400715564,0.9595687331536388,0.7960644007155635,0.04043126684636118
PR00001478,WO00001478,2026-03-03,C,P02,P02_L02,SKU004,480,0,0,480,55.9,374,359,15,46.75,1.0,0.8363148479427549,0.9598930481283422,0.802772808586762,0.040106951871657755
PR00001479,WO00001479,2026-03-03,A,P02,P02_L03,SKU007,480,54,0,426,47.0,276,271,5,38.873,1.0,0.827090200779143,0.9818840579710145,0.812106682649086,0.018115942028985508
PR00001480,WO00001480,2026-03-03,B,P02,P02_L03,SKU003,480,89,0,391,47.0,278,273,5,42.66,1.0,0.9076563095173316,0.9820143884892086,0.8913315557490342,0.017985611510791366
PR00001481,WO00001481,2026-03-03,C,P02,P02_L03,SKU002,480,15,0,465,47.0,296,286,10,38.194,1.0,0.8126286890871655,0.9662162162162162,0.785175017158545,0.033783783783783786
PR00001482,WO00001482,2026-03-03,A,P03,P03_L01,SKU004,480,44,0,436,56.693,348,338,10,47.89,1.0,0.8447234800924406,0.9712643678160919,0.8204498168713934,0.028735632183908046
PR00001483,WO00001483,2026-03-03,B,P03,P03_L01,SKU004,480,0,21,459,56.693,353,342,11,46.144,0.95625,0.8139239562145802,0.9688385269121813,0.7540613479618294,0.031161473087818695
PR00001484,WO00001484,2026-03-03,C,P03,P03_L01,SKU001,480,0,0,480,49.793,333,326,7,41.625,1.0,0.8359608780350651,0.978978978978979,0.8183881268451388,0.021021021021021023
PR00001485,WO00001485,2026-03-03,A,P03,P03_L02,SKU008,480,0,0,480,56.6,384,380,4,48.0,1.0,0.8480565371024735,0.9895833333333334,0.8392226148409895,0.010416666666666666
PR00001486,WO00001486,2026-03-03,B,P03,P03_L02,SKU002,480,17,0,463,56.6,347,332,15,44.968,1.0,0.7944806111624143,0.9567723342939481,0.7601370688931457,0.043227665706051875
PR00001487,WO00001487,2026-03-03,C,P03,P03_L02,SKU008,480,28,25,427,56.6,318,313,5,44.684,0.9446902654867256,0.7894671510497265,0.9842767295597484,0.734075487038369,0.015723270440251572
PR00001488,WO00001488,2026-03-03,A,P03,P03_L03,SKU004,480,0,0,480,56.693,434,421,13,54.25,1.0,0.9569082602790469,0.9700460829493087,0.928245109625527,0.029953917050691243
PR00001489,WO00001489,2026-03-03,B,P03,P03_L03,SKU004,480,0,0,480,56.693,374,362,12,46.75,1.0,0.8246167957243399,0.9679144385026738,0.7981585028133985,0.03208556149732621
PR00001490,WO00001490,2026-03-03,C,P03,P03_L03,SKU001,480,0,0,480,49.793,327,318,9,40.875,1.0,0.8208985198722712,0.9724770642201835,0.7983049826280804,0.027522935779816515
PR00001491,WO00001491,2026-03-04,A,P01,P01_L01,SKU004,480,17,12,451,56.693,392,375,17,52.151,0.9740820734341252,0.9198803388992483,0.9566326530612245,0.8571801159052286,0.04336734693877551
PR00001492,WO00001492,2026-03-04,B,P01,P01_L01,SKU001,480,32,0,448,49.793,327,317,10,43.795,1.0,0.8795341284345762,0.9694189602446484,0.8526370602867299,0.03058103975535168
PR00001493,WO00001493,2026-03-04,C,P01,P01_L01,SKU005,480,0,18,462,50.42,304,296,8,39.481,0.9625,0.7830329131400134,0.9736842105263158,0.7338357794525981,0.02631578947368421
PR00001494,WO00001494,2026-03-04,A,P01,P01_L02,SKU002,480,0,31,449,65.2,402,388,14,53.719,0.9354166666666667,0.8239168158279475,0.9651741293532339,0.7438650306748466,0.03482587064676617
PR00001495,WO00001495,2026-03-04,B,P01,P01_L02,SKU001,480,0,0,480,49.793,354,344,10,44.25,1.0,0.888679131604844,0.9717514124293786,0.8635752013335207,0.02824858757062147
PR00001496,WO00001496,2026-03-04,C,P01,P01_L02,SKU003,480,0,0,480,61.962,425,412,13,53.125,1.0,0.8573803298796036,0.9694117647058823,0.831154578612698,0.03058823529411765
PR00001497,WO00001497,2026-03-04,A,P01,P01_L03,SKU004,480,41,0,439,56.693,376,364,12,51.39,1.0,0.9064526774044612,0.9680851063829787,0.8775233366362337,0.031914893617021274
PR00001498,WO00001498,2026-03-04,B,P01,P01_L03,SKU004,480,47,15,418,56.693,317,306,11,45.502,0.9653579676674365,0.8026104165328631,0.9652996845425867,0.7479203354039783,0.03470031545741325
PR00001499,WO00001499,2026-03-04,C,P01,P01_L03,SKU003,480,0,0,480,61.962,423,412,11,52.875,1.0,0.8533455989154642,0.9739952718676123,0.831154578612698,0.026004728132387706
PR00001500,WO00001500,2026-03-04,A,P02,P02_L01,SKU003,480,35,45,400,48.8,294,288,6,44.1,0.898876404494382,0.903688524590164,0.9795918367346939,0.7957266531589612,0.02040816326530612
PR00001501,WO00001501,2026-03-04,B,P02,P02_L01,SKU001,480,0,18,462,48.8,317,308,9,41.169,0.9625,0.8436235895252289,0.9716088328075709,0.7889344262295083,0.028391167192429023
PR00001502,WO00001502,2026-03-04,C,P02,P02_L01,SKU003,480,0,0,480,48.8,342,335,7,42.75,1.0,0.8760245901639345,0.97953216374269,0.858094262295082,0.02046783625730994
PR00001503,WO00001503,2026-03-04,A,P02,P02_L02,SKU004,480,0,0,480,55.9,392,378,14,49.0,1.0,0.8765652951699463,0.9642857142857143,0.8452593917710196,0.03571428571428571
PR00001504,WO00001504,2026-03-04,B,P02,P02_L02,SKU002,480,46,0,434,55.9,326,314,12,45.069,1.0,0.806245517423312,0.9631901840490797,0.7765677683157054,0.03680981595092025
PR00001505,WO00001505,2026-03-04,C,P02,P02_L02,SKU002,480,0,0,480,55.9,372,357,15,46.5,1.0,0.8318425760286225,0.9596774193548387,0.7983005366726297,0.04032258064516129
PR00001506,WO00001506,2026-03-04,A,P02,P02_L03,SKU004,480,0,16,464,47.0,312,300,12,40.345,0.9666666666666667,0.8584005869405722,0.9615384615384616,0.7978723404255319,0.038461538461538464
PR00001507,WO00001507,2026-03-04,B,P02,P02_L03,SKU007,480,37,12,431,47.0,291,286,5,40.51,0.9729119638826185,0.8619242730907835,0.9828178694158075,0.8241679074011815,0.01718213058419244
PR00001508,WO00001508,2026-03-04,C,P02,P02_L03,SKU007,480,27,7,446,47.0,290,288,2,39.013,0.9845474613686535,0.8300734662723023,0.993103448275862,0.811610539664647,0.006896551724137931
PR00001509,WO00001509,2026-03-04,A,P03,P03_L01,SKU001,480,23,0,457,49.793,336,330,6,44.114,1.0,0.8859435173214483,0.9821428571428571,0.8701230973692795,0.017857142857142856
PR00001510,WO00001510,2026-03-04,B,P03,P03_L01,SKU004,480,0,0,480,56.693,411,398,13,51.375,1.0,0.9061965321997425,0.9683698296836983,0.8775333815462227,0.031630170316301706
PR00001511,WO00001511,2026-03-04,C,P03,P03_L01,SKU006,480,27,0,453,54.878,370,360,10,49.007,1.0,0.8930103596442344,0.972972972972973,0.8688749445187146,0.02702702702702703
PR00001512,WO00001512,2026-03-04,A,P03,P03_L02,SKU001,480,0,0,480,49.793,349,342,7,43.625,1.0,0.8761271664691824,0.9799426934097422,0.8585544152792561,0.02005730659025788
PR00001513,WO00001513,2026-03-04,B,P03,P03_L02,SKU001,480,42,0,438,49.793,302,295,7,41.37,1.0,0.830836925144069,0.9768211920529801,0.8115791156208622,0.023178807947019868
PR00001514,WO00001514,2026-03-04,C,P03,P03_L02,SKU004,480,32,36,412,56.6,319,306,13,46.456,0.9196428571428571,0.8207828741980857,0.9592476489028213,0.7240661282180716,0.04075235109717868
PR00001515,WO00001515,2026-03-04,A,P03,P03_L03,SKU004,480,0,0,480,56.693,401,388,13,50.125,1.0,0.884147954773958,0.9675810473815462,0.8554848041204383,0.032418952618453865
PR00001516,WO00001516,2026-03-04,B,P03,P03_L03,SKU006,480,0,0,480,54.878,404,394,10,50.5,1.0,0.920223040198258,0.9752475247524752,0.8974452421735486,0.024752475247524754
PR00001517,WO00001517,2026-03-04,C,P03,P03_L03,SKU001,480,13,17,450,49.793,306,298,8,40.8,0.9635974304068522,0.8193922840559918,0.9738562091503268,0.7689220955053708,0.026143790849673203
PR00001518,WO00001518,2026-03-05,A,P01,P01_L01,SKU005,480,42,0,438,50.42,319,311,8,43.699,1.0,0.8666923866915172,0.9749216300940439,0.8449571544233914,0.025078369905956112
PR00001519,WO00001519,2026-03-05,B,P01,P01_L01,SKU004,480,0,0,480,56.693,405,389,16,50.625,1.0,0.8929673857442718,0.9604938271604938,0.8576896618630167,0.03950617283950617
PR00001520,WO00001520,2026-03-05,C,P01,P01_L01,SKU006,480,0,0,480,54.878,402,387,15,50.25,1.0,0.915667480593316,0.9626865671641791,0.881500783556252,0.03731343283582089
PR00001521,WO00001521,2026-03-05,A,P01,P01_L02,SKU004,480,32,15,433,56.693,381,366,15,52.794,0.9665178571428571,0.9312341431010317,0.9606299212598425,0.8646192147682631,0.03937007874015748
PR00001522,WO00001522,2026-03-05,B,P01,P01_L02,SKU004,480,0,37,443,56.693,371,356,15,50.248,0.9229166666666667,0.8863229498834541,0.9595687331536388,0.7849293563579277,0.04043126684636118
PR00001523,WO00001523,2026-03-05,C,P01,P01_L02,SKU001,480,0,0,480,49.793,342,334,8,42.75,1.0,0.8585544152792561,0.9766081871345029,0.8384712710621975,0.023391812865497075
PR00001524,WO00001524,2026-03-05,A,P01,P01_L03,SKU007,480,53,9,418,74.2,461,453,8,66.172,0.9789227166276346,0.8918092830704547,0.982646420824295,0.8578624768806377,0.01735357917570499
PR00001525,WO00001525,2026-03-05,B,P01,P01_L03,SKU003,480,29,0,451,61.962,436,428,8,58.004,1.0,0.9361291531874446,0.981651376146789,0.9189524714775832,0.01834862385321101
PR00001526,WO00001526,2026-03-05,C,P01,P01_L03,SKU008,480,0,17,463,60.302,388,379,9,50.281,0.9645833333333333,0.8338160846704417,0.9768041237113402,0.7856290006964942,0.023195876288659795
PR00001527,WO00001527,2026-03-05,A,P02,P02_L01,SKU003,480,20,0,460,48.8,350,343,7,45.652,1.0,0.9354953670705631,0.98,0.9167854597291518,0.02
PR00001528,WO00001528,2026-03-05,B,P02,P02_L01,SKU001,480,32,18,430,48.8,294,287,7,41.023,0.9598214285714286,0.8406404879908501,0.9761904761904762,0.7876536885245902,0.023809523809523808
PR00001529,WO00001529,2026-03-05,C,P02,P02_L01,SKU006,480,41,28,411,48.8,283,275,8,41.314,0.9362186788154897,0.8465956683020224,0.9717314487632509,0.7701930617274731,0.028268551236749116
PR00001530,WO00001530,2026-03-05,A,P02,P02_L02,SKU006,480,20,0,460,54.878,384,375,9,50.087,1.0,0.9126964634596584,0.9765625,0.8913051400973226,0.0234375
PR00001531,WO00001531,2026-03-05,B,P02,P02_L02,SKU004,480,0,0,480,55.9,364,351,13,45.5,1.0,0.813953488372093,0.9642857142857143,0.7848837209302326,0.03571428571428571
PR00001532,WO00001532,2026-03-05,C,P02,P02_L02,SKU006,480,60,0,420,54.878,319,309,10,45.571,1.0,0.8304134365579753,0.9686520376175548,0.8043816673868789,0.03134796238244514
PR00001533,WO00001533,2026-03-05,A,P02,P02_L03,SKU005,480,57,0,423,47.0,292,286,6,41.418,1.0,0.8812433982194056,0.9794520547945206,0.8631356571601028,0.02054794520547945
PR00001534,WO00001534,2026-03-05,B,P02,P02_L03,SKU005,480,0,0,480,47.0,306,300,6,38.25,1.0,0.8138297872340425,0.9803921568627451,0.7978723404255319,0.0196078431372549
PR00001535,WO00001535,2026-03-05,C,P02,P02_L03,SKU001,480,0,0,480,47.0,289,283,6,36.125,1.0,0.7686170212765957,0.9792387543252595,0.7526595744680851,0.020761245674740483
PR00001536,WO00001536,2026-03-05,A,P03,P03_L01,SKU004,480,17,0,463,56.693,385,370,15,49.892,1.0,0.8800382523293679,0.961038961038961,0.8457510476931588,0.03896103896103896
PR00001537,WO00001537,2026-03-05,B,P03,P03_L01,SKU001,480,0,0,480,49.793,319,313,6,39.875,1.0,0.8008153756552125,0.9811912225705329,0.7857530174924185,0.018808777429467086
PR00001538,WO00001538,2026-03-05,C,P03,P03_L01,SKU001,480,56,0,424,49.793,304,296,8,43.019,1.0,0.8639541285828993,0.9736842105263158,0.8412184936201915,0.02631578947368421
PR00001539,WO00001539,2026-03-05,A,P03,P03_L02,SKU001,480,51,0,429,49.793,325,317,8,45.455,1.0,0.9128701916844829,0.9753846153846154,0.8903995408122495,0.024615384615384615
PR00001540,WO00001540,2026-03-05,B,P03,P03_L02,SKU001,480,0,0,480,49.793,327,323,4,40.875,1.0,0.8208985198722712,0.9877675840978594,0.810856947763742,0.012232415902140673
PR00001541,WO00001541,2026-03-05,C,P03,P03_L02,SKU002,480,21,0,459,56.6,328,315,13,42.876,1.0,0.7575232684357607,0.9603658536585366,0.727499480357514,0.039634146341463415
PR00001542,WO00001542,2026-03-05,A,P03,P03_L03,SKU003,480,0,16,464,58.1,418,412,6,54.052,0.9666666666666667,0.9303222743189506,0.9856459330143541,0.8864027538726333,0.014354066985645933
PR00001543,WO00001543,2026-03-05,B,P03,P03_L03,SKU001,480,22,0,458,49.793,314,307,7,41.135,1.0,0.826127591810883,0.9777070063694268,0.8077107346686022,0.022292993630573247
PR00001544,WO00001544,2026-03-05,C,P03,P03_L03,SKU006,480,0,0,480,54.878,385,370,15,48.125,1.0,0.8769452239513101,0.961038961038961,0.842778526914246,0.03896103896103896
PR00001545,WO00001545,2026-03-06,A,P01,P01_L01,SKU006,480,12,0,468,54.878,407,394,13,52.179,1.0,0.9508270560058162,0.9680589680589681,0.9204566586395371,0.03194103194103194
PR00001546,WO00001546,2026-03-06,B,P01,P01_L01,SKU004,480,18,0,462,56.693,349,333,16,45.325,1.0,0.7994756905557181,0.9541547277936963,0.7628235098998686,0.045845272206303724
PR00001547,WO00001547,2026-03-06,C,P01,P01_L01,SKU005,480,27,0,453,50.42,302,296,6,40.0,1.0,0.7933359777865926,0.9801324503311258,0.7775743358438126,0.019867549668874173
PR00001548,WO00001548,2026-03-06,A,P01,P01_L02,SKU003,480,25,0,455,61.962,443,432,11,58.418,1.0,0.9427969145215198,0.9751693002257337,0.9193866073889313,0.024830699774266364
PR00001549,WO00001549,2026-03-06,B,P01,P01_L02,SKU001,480,0,0,480,49.793,344,332,12,43.0,1.0,0.8635752013335208,0.9651162790697675,0.833450485007933,0.03488372093023256
PR00001550,WO00001550,2026-03-06,C,P01,P01_L02,SKU001,480,0,19,461,49.793,338,327,11,43.991,0.9604166666666667,0.8834840883339455,0.9674556213017751,0.8208985198722711,0.03254437869822485
PR00001551,WO00001551,2026-03-06,A,P01,P01_L03,SKU006,480,18,0,462,54.878,392,381,11,50.909,1.0,0.9276775922790719,0.9719387755102041,0.9016458231079755,0.02806122448979592
PR00001552,WO00001552,2026-03-06,B,P01,P01_L03,SKU003,480,0,0,480,61.962,447,436,11,55.875,1.0,0.901762370485136,0.9753914988814317,0.8795713501823698,0.024608501118568233
PR00001553,WO00001553,2026-03-06,C,P01,P01_L03,SKU002,480,23,0,457,72.0,449,430,19,58.95,1.0,0.8187454412837345,0.9576837416481069,0.7840991976659373,0.042316258351893093
PR00001554,WO00001554,2026-03-06,A,P02,P02_L01,SKU002,480,0,0,480,48.8,316,304,12,39.5,1.0,0.8094262295081968,0.9620253164556962,0.778688524590164,0.0379746835443038
PR00001555,WO00001555,2026-03-06,B,P02,P02_L01,SKU004,480,50,66,364,48.8,256,248,8,42.198,0.8465116279069768,0.8647090614303731,0.96875,0.7091117041555473,0.03125
PR00001556,WO00001556,2026-03-06,C,P02,P02_L01,SKU006,480,45,65,370,48.8,249,241,8,40.378,0.8505747126436781,0.8274257864421799,0.9678714859437751,0.681175805539853,0.0321285140562249
PR00001557,WO00001557,2026-03-06,A,P02,P02_L02,SKU002,480,0,0,480,55.9,381,369,12,47.625,1.0,0.8519677996422182,0.968503937007874,0.8251341681574239,0.031496062992125984
PR00001558,WO00001558,2026-03-06,B,P02,P02_L02,SKU002,480,0,0,480,55.9,356,341,15,44.5,1.0,0.7960644007155635,0.9578651685393258,0.7625223613595706,0.042134831460674156
PR00001559,WO00001559,2026-03-06,C,P02,P02_L02,SKU003,480,0,0,480,55.9,382,376,6,47.75,1.0,0.8542039355992844,0.9842931937172775,0.8407871198568874,0.015706806282722512
PR00001560,WO00001560,2026-03-06,A,P02,P02_L03,SKU005,480,0,23,457,47.0,314,307,7,41.225,0.9520833333333333,0.8771358070673683,0.9777070063694268,0.8164893617021278,0.022292993630573247
PR00001561,WO00001561,2026-03-06,B,P02,P02_L03,SKU007,480,35,0,445,47.0,309,305,4,41.663,1.0,0.8864451350705235,0.9870550161812298,0.874970117140808,0.012944983818770227
PR00001562,WO00001562,2026-03-06,C,P02,P02_L03,SKU005,480,0,0,480,47.0,291,281,10,36.375,1.0,0.773936170212766,0.9656357388316151,0.7473404255319149,0.03436426116838488
PR00001563,WO00001563,2026-03-06,A,P03,P03_L01,SKU003,480,0,48,432,57.7,385,375,10,53.472,0.9,0.9267282880801078,0.974025974025974,0.8123916811091854,0.025974025974025976
PR00001564,WO00001564,2026-03-06,B,P03,P03_L01,SKU001,480,27,0,453,49.793,329,322,7,43.576,1.0,0.8751462844254685,0.9787234042553191,0.8565261507142883,0.02127659574468085
PR00001565,WO00001565,2026-03-06,C,P03,P03_L01,SKU003,480,0,0,480,57.7,393,385,8,49.125,1.0,0.8513864818024263,0.9796437659033079,0.834055459272097,0.020356234096692113
PR00001566,WO00001566,2026-03-06,A,P03,P03_L02,SKU006,480,0,0,480,54.878,406,396,10,50.75,1.0,0.9247785998031999,0.9753694581280788,0.9020008017784905,0.024630541871921183
PR00001567,WO00001567,2026-03-06,B,P03,P03_L02,SKU008,480,34,0,446,56.6,336,331,5,45.202,1.0,0.7986182636391006,0.9851190476190477,0.7867340632873283,0.01488095238095238
PR00001568,WO00001568,2026-03-06,C,P03,P03_L02,SKU001,480,0,10,470,49.793,340,332,8,43.404,0.9791666666666666,0.8716939192085019,0.9764705882352941,0.8334504850079328,0.023529411764705882
PR00001569,WO00001569,2026-03-06,A,P03,P03_L03,SKU003,480,23,48,409,58.1,354,349,5,51.932,0.8949671772428884,0.8938302984905041,0.9858757062146892,0.7886500676039575,0.014124293785310734
PR00001570,WO00001570,2026-03-06,B,P03,P03_L03,SKU004,480,0,0,480,56.693,388,373,15,48.5,1.0,0.8554848041204381,0.961340206185567,0.8224119379817615,0.03865979381443299
PR00001571,WO00001571,2026-03-06,C,P03,P03_L03,SKU001,480,19,0,461,49.793,324,316,8,42.169,1.0,0.8468900728408235,0.9753086419753086,0.8259792068447538,0.024691358024691357
PR00001572,WO00001572,2026-03-07,B,P01,P01_L01,SKU007,480,0,0,480,69.9,497,489,8,62.125,1.0,0.8887696709585121,0.9839034205231388,0.8744635193133047,0.01609657947686117
PR00001573,WO00001573,2026-03-07,C,P01,P01_L01,SKU001,480,0,44,436,49.793,314,303,11,43.211,0.9083333333333333,0.8678129290123496,0.964968152866242,0.7606490872210954,0.03503184713375796
PR00001574,WO00001574,2026-03-07,B,P01,P01_L02,SKU001,480,0,0,480,49.793,332,324,8,41.5,1.0,0.8334504850079328,0.9759036144578314,0.8133673407908742,0.024096385542168676
PR00001575,WO00001575,2026-03-07,A,P01,P01_L03,SKU002,480,32,0,448,72.0,480,461,19,64.286,1.0,0.8928571428571428,0.9604166666666667,0.8575148809523809,0.03958333333333333
PR00001576,WO00001576,2026-03-07,B,P01,P01_L03,SKU003,480,0,0,480,61.962,473,460,13,59.125,1.0,0.954213873018947,0.9725158562367865,0.9279881217520415,0.02748414376321353
PR00001577,WO00001577,2026-03-07,C,P01,P01_L03,SKU005,480,0,0,480,50.42,313,305,8,39.125,1.0,0.7759817532725108,0.9744408945686901,0.7561483538278461,0.025559105431309903
PR00001578,WO00001578,2026-03-07,A,P02,P02_L01,SKU003,480,0,61,419,48.8,314,308,6,44.964,0.8729166666666667,0.921397550764897,0.9808917197452229,0.7889344262295083,0.01910828025477707
PR00001579,WO00001579,2026-03-07,B,P02,P02_L01,SKU003,480,0,0,480,48.8,344,336,8,43.0,1.0,0.8811475409836066,0.9767441860465116,0.860655737704918,0.023255813953488372
PR00001580,WO00001580,2026-03-07,A,P02,P02_L02,SKU004,480,0,0,480,55.9,407,393,14,50.875,1.0,0.9101073345259392,0.9656019656019657,0.8788014311270126,0.0343980343980344
PR00001581,WO00001581,2026-03-07,B,P02,P02_L02,SKU002,480,0,0,480,55.9,348,335,13,43.5,1.0,0.778175313059034,0.9626436781609196,0.7491055456171736,0.03735632183908046
PR00001582,WO00001582,2026-03-07,C,P02,P02_L02,SKU002,480,28,0,452,55.9,337,323,14,44.735,1.0,0.8002596292367851,0.9584569732937686,0.7670144220874824,0.04154302670623145
PR00001583,WO00001583,2026-03-07,A,P02,P02_L03,SKU007,480,0,0,480,47.0,342,339,3,42.75,1.0,0.9095744680851063,0.9912280701754386,0.901595744680851,0.008771929824561403
PR00001584,WO00001584,2026-03-07,B,P02,P02_L03,SKU007,480,34,0,446,47.0,303,297,6,40.762,1.0,0.8672836561396813,0.9801980198019802,0.850109722354737,0.019801980198019802
PR00001585,WO00001585,2026-03-07,A,P03,P03_L01,SKU001,480,0,0,480,49.793,343,334,9,42.875,1.0,0.8610648083063884,0.9737609329446064,0.8384712710621974,0.026239067055393587
PR00001586,WO00001586,2026-03-07,C,P03,P03_L01,SKU004,480,0,0,480,56.693,368,354,14,46.0,1.0,0.8113876492688692,0.9619565217391305,0.7805196408727709,0.03804347826086957
PR00001587,WO00001587,2026-03-07,A,P03,P03_L02,SKU006,480,27,0,453,54.878,368,357,11,48.742,1.0,0.8881832766191304,0.970108695652174,0.8616343199810587,0.029891304347826088
PR00001588,WO00001588,2026-03-07,B,P03,P03_L02,SKU006,480,78,0,402,54.878,357,348,9,53.284,1.0,0.9709461366950733,0.9747899159663865,0.9464685029968782,0.025210084033613446
PR00001589,WO00001589,2026-03-07,C,P03,P03_L02,SKU001,480,0,0,480,49.793,335,327,8,41.875,1.0,0.8409816640893298,0.9761194029850746,0.8208985198722712,0.023880597014925373
PR00001590,WO00001590,2026-03-07,A,P03,P03_L03,SKU004,480,17,0,463,56.693,389,380,9,50.41,1.0,0.8891815068990238,0.9768637532133676,0.8686091841172983,0.02313624678663239
PR00001591,WO00001591,2026-03-08,B,P01,P01_L01,SKU007,480,0,0,480,69.9,474,466,8,59.25,1.0,0.8476394849785407,0.9831223628691983,0.8333333333333333,0.016877637130801686
PR00001592,WO00001592,2026-03-08,C,P01,P01_L01,SKU005,480,0,8,472,50.42,328,315,13,41.695,0.9833333333333333,0.8269519090487364,0.9603658536585366,0.780940103133677,0.039634146341463415
PR00001593,WO00001593,2026-03-08,A,P01,P01_L02,SKU004,480,0,0,480,56.693,430,412,18,53.75,1.0,0.9480888293087331,0.958139534883721,0.908401389942321,0.04186046511627907
PR00001594,WO00001594,2026-03-08,A,P01,P01_L03,SKU003,480,34,0,446,61.962,440,433,7,59.193,1.0,0.9553084973388144,0.9840909090909091,0.9401104076084242,0.015909090909090907
PR00001595,WO00001595,2026-03-08,B,P02,P02_L01,SKU003,480,0,0,480,48.8,340,331,9,42.5,1.0,0.8709016393442623,0.9735294117647059,0.8478483606557378,0.026470588235294117
PR00001596,WO00001596,2026-03-08,C,P02,P02_L01,SKU008,480,0,0,480,48.8,300,295,5,37.5,1.0,0.7684426229508197,0.9833333333333333,0.7556352459016393,0.016666666666666666
PR00001597,WO00001597,2026-03-08,A,P02,P02_L02,SKU001,480,0,0,480,49.793,342,332,10,42.75,1.0,0.8585544152792561,0.9707602339181286,0.8334504850079328,0.029239766081871343
PR00001598,WO00001598,2026-03-08,B,P02,P02_L02,SKU002,480,0,0,480,55.9,369,356,13,46.125,1.0,0.825134168157424,0.964769647696477,0.7960644007155636,0.03523035230352303
PR00001599,WO00001599,2026-03-08,C,P02,P02_L02,SKU008,480,79,0,401,55.9,297,291,6,44.439,1.0,0.7949714265320598,0.9797979797979798,0.7789113977132303,0.020202020202020204
PR00001600,WO00001600,2026-03-08,B,P02,P02_L03,SKU007,480,64,0,416,47.0,285,280,5,41.106,1.0,0.8745908346972177,0.9824561403508771,0.8592471358428805,0.017543859649122806
PR00001601,WO00001601,2026-03-08,C,P02,P02_L03,SKU006,480,26,0,454,47.0,300,290,10,39.648,1.0,0.8435654700534259,0.9666666666666667,0.815446621051645,0.03333333333333333
PR00001602,WO00001602,2026-03-08,A,P03,P03_L01,SKU007,480,0,0,480,57.7,433,428,5,54.125,1.0,0.9380415944540728,0.9884526558891455,0.927209705372617,0.011547344110854504
PR00001603,WO00001603,2026-03-08,A,P03,P03_L02,SKU002,480,0,0,480,56.6,391,377,14,48.875,1.0,0.8635159010600707,0.9641943734015346,0.8325971731448764,0.03580562659846547
PR00001604,WO00001604,2026-03-08,B,P03,P03_L02,SKU001,480,0,0,480,49.793,354,343,11,44.25,1.0,0.888679131604844,0.9689265536723164,0.8610648083063884,0.031073446327683617
PR00001605,WO00001605,2026-03-08,C,P03,P03_L02,SKU001,480,0,0,480,49.793,333,323,10,41.625,1.0,0.8359608780350651,0.96996996996997,0.8108569477637418,0.03003003003003003
PR00001606,WO00001606,2026-03-08,A,P03,P03_L03,SKU003,480,37,0,443,58.1,404,397,7,54.718,1.0,0.9417871421189433,0.9826732673267327,0.925469048072328,0.017326732673267328
PR00001607,WO00001607,2026-03-08,B,P03,P03_L03,SKU001,480,0,0,480,49.793,348,341,7,43.5,1.0,0.8736167734420501,0.9798850574712644,0.8560440222521238,0.020114942528735632
PR00001608,WO00001608,2026-03-09,A,P01,P01_L01,SKU005,480,0,0,480,50.42,372,362,10,46.5,1.0,0.9222530741769139,0.9731182795698925,0.897461324871083,0.026881720430107527
PR00001609,WO00001609,2026-03-09,B,P01,P01_L01,SKU007,480,0,0,480,69.9,502,494,8,62.75,1.0,0.8977110157367667,0.9840637450199203,0.8834048640915593,0.01593625498007968
PR00001610,WO00001610,2026-03-09,C,P01,P01_L01,SKU005,480,39,19,422,50.42,301,294,7,42.796,0.9569160997732427,0.8487942985086411,0.9767441860465116,0.7933359777865926,0.023255813953488372
PR00001611,WO00001611,2026-03-09,A,P01,P01_L02,SKU004,480,0,0,480,56.693,410,395,15,51.25,1.0,0.9039916744571641,0.9634146341463414,0.8709188083184873,0.036585365853658534
PR00001612,WO00001612,2026-03-09,B,P01,P01_L02,SKU002,480,0,0,480,65.2,458,437,21,57.25,1.0,0.8780674846625767,0.9541484716157205,0.8378067484662576,0.04585152838427948
PR00001613,WO00001613,2026-03-09,C,P01,P01_L02,SKU001,480,0,0,480,49.793,326,318,8,40.75,1.0,0.8183881268451388,0.9754601226993865,0.7983049826280803,0.024539877300613498
PR00001614,WO00001614,2026-03-09,A,P01,P01_L03,SKU008,480,0,0,480,60.302,398,391,7,49.75,1.0,0.8250140957182183,0.9824120603015075,0.8105037975523199,0.017587939698492462
PR00001615,WO00001615,2026-03-09,B,P01,P01_L03,SKU003,480,16,0,464,61.962,451,442,9,58.319,1.0,0.9412053438759461,0.9800443458980045,0.922422975594608,0.019955654101995565
PR00001616,WO00001616,2026-03-09,C,P01,P01_L03,SKU004,480,0,0,480,56.693,418,401,17,52.25,1.0,0.9216305363977917,0.9593301435406698,0.884147954773958,0.04066985645933014
PR00001617,WO00001617,2026-03-09,A,P02,P02_L01,SKU003,480,0,0,480,48.8,348,340,8,43.5,1.0,0.8913934426229508,0.9770114942528736,0.8709016393442623,0.022988505747126436
PR00001618,WO00001618,2026-03-09,B,P02,P02_L01,SKU003,480,0,23,457,48.8,323,317,6,42.407,0.9520833333333333,0.8689959464791766,0.9814241486068112,0.8119877049180328,0.018575851393188854
PR00001619,WO00001619,2026-03-09,C,P02,P02_L01,SKU003,480,23,21,436,48.8,301,292,9,41.422,0.9540481400437637,0.8488118514062266,0.9700996677740864,0.785593858736593,0.029900332225913623
PR00001620,WO00001620,2026-03-09,A,P02,P02_L02,SKU004,480,0,0,480,55.9,391,381,10,48.875,1.0,0.8743291592128801,0.9744245524296675,0.8519677996422182,0.02557544757033248
PR00001621,WO00001621,2026-03-09,B,P02,P02_L02,SKU004,480,51,0,429,55.9,347,333,14,48.531,1.0,0.8681836946595444,0.9596541786743515,0.833156110436969,0.040345821325648415
PR00001622,WO00001622,2026-03-09,C,P02,P02_L02,SKU004,480,63,0,417,55.9,321,309,12,46.187,1.0,0.8262441924814352,0.9626168224299065,0.7953565591176432,0.037383177570093455
PR00001623,WO00001623,2026-03-09,A,P02,P02_L03,SKU005,480,35,0,445,47.0,293,285,8,39.506,1.0,0.8405450633516613,0.9726962457337884,0.8175950274922303,0.027303754266211604
PR00001624,WO00001624,2026-03-09,B,P02,P02_L03,SKU005,480,0,0,480,47.0,323,315,8,40.375,1.0,0.8590425531914894,0.9752321981424149,0.8377659574468086,0.02476780185758514
PR00001625,WO00001625,2026-03-09,C,P02,P02_L03,SKU003,480,32,48,400,47.0,266,258,8,39.9,0.8928571428571429,0.8489361702127659,0.9699248120300752,0.7351823708206687,0.03007518796992481
PR00001626,WO00001626,2026-03-09,A,P03,P03_L01,SKU004,480,0,14,466,56.693,409,397,12,52.661,0.9708333333333333,0.9288791245128779,0.9706601466992665,0.8753285238036442,0.029339853300733496
PR00001627,WO00001627,2026-03-09,B,P03,P03_L01,SKU002,480,0,0,480,57.7,381,370,11,47.625,1.0,0.8253899480069323,0.9711286089238845,0.8015597920277295,0.028871391076115485
PR00001628,WO00001628,2026-03-09,C,P03,P03_L01,SKU001,480,0,22,458,49.793,320,309,11,41.921,0.9541666666666667,0.8419134693614095,0.965625,0.7757114453838894,0.034375
PR00001629,WO00001629,2026-03-09,A,P03,P03_L02,SKU006,480,35,24,421,54.878,353,341,12,50.309,0.946067415730337,0.9167387404529105,0.9660056657223796,0.8378134788054892,0.0339943342776204
PR00001630,WO00001630,2026-03-09,B,P03,P03_L02,SKU001,480,0,46,434,49.793,305,296,9,42.166,0.9041666666666667,0.8468238229773566,0.9704918032786886,0.7430763360311691,0.029508196721311476
PR00001631,WO00001631,2026-03-09,C,P03,P03_L02,SKU006,480,0,0,480,54.878,368,357,11,46.0,1.0,0.8382229673093042,0.970108695652174,0.813167389482124,0.029891304347826088
PR00001632,WO00001632,2026-03-09,A,P03,P03_L03,SKU004,480,27,0,453,56.693,375,360,15,49.669,1.0,0.8761024142695824,0.96,0.841058317698799,0.04
PR00001633,WO00001633,2026-03-09,B,P03,P03_L03,SKU007,480,17,0,463,58.1,390,386,4,50.54,1.0,0.8698787745861569,0.9897435897435898,0.8609569410006579,0.010256410256410256
PR00001634,WO00001634,2026-03-09,C,P03,P03_L03,SKU008,480,0,0,480,58.1,369,362,7,46.125,1.0,0.7938898450946643,0.981029810298103,0.7788296041308089,0.018970189701897018
PR00001635,WO00001635,2026-03-10,A,P01,P01_L01,SKU005,480,40,0,440,50.42,308,301,7,42.0,1.0,0.8330027766759223,0.9772727272727273,0.8140708953878332,0.022727272727272728
PR00001636,WO00001636,2026-03-10,B,P01,P01_L01,SKU001,480,0,0,480,49.793,328,321,7,41.0,1.0,0.8234089128994035,0.9786585365853658,0.8058361617094772,0.021341463414634148
PR00001637,WO00001637,2026-03-10,C,P01,P01_L01,SKU007,480,0,0,480,69.9,478,467,11,59.75,1.0,0.8547925608011444,0.9769874476987448,0.8351216022889842,0.02301255230125523
PR00001638,WO00001638,2026-03-10,A,P01,P01_L02,SKU001,480,36,0,444,49.793,329,321,8,44.459,1.0,0.8928857361367954,0.9756838905775076,0.8711742288751104,0.0243161094224924
PR00001639,WO00001639,2026-03-10,B,P01,P01_L02,SKU008,480,0,0,480,60.302,405,397,8,50.625,1.0,0.8395243938841166,0.980246913580247,0.8229411959802329,0.019753086419753086
PR00001640,WO00001640,2026-03-10,C,P01,P01_L02,SKU001,480,0,0,480,49.793,329,320,9,41.125,1.0,0.8259193059265358,0.9726443768996961,0.803325768682345,0.02735562310030395
PR00001641,WO00001641,2026-03-10,A,P01,P01_L03,SKU003,480,0,172,308,61.962,275,269,6,53.571,0.6416666666666667,0.8645852066012808,0.9781818181818182,0.5426713146767372,0.02181818181818182
PR00001642,WO00001642,2026-03-10,B,P01,P01_L03,SKU003,480,0,9,471,61.962,425,417,8,54.14,0.98125,0.8737633935078764,0.9811764705882353,0.8412414060230464,0.018823529411764704
PR00001643,WO00001643,2026-03-10,C,P01,P01_L03,SKU003,480,38,0,442,61.962,407,398,9,55.249,1.0,0.8916572863735927,0.9778869778869779,0.8719400490827761,0.022113022113022112
PR00001644,WO00001644,2026-03-10,A,P02,P02_L01,SKU006,480,16,0,464,48.8,357,348,9,46.164,1.0,0.9459793668739401,0.9747899159663865,0.9221311475409837,0.025210084033613446
PR00001645,WO00001645,2026-03-10,B,P02,P02_L01,SKU003,480,0,0,480,48.8,333,325,8,41.625,1.0,0.8529713114754098,0.975975975975976,0.8324795081967213,0.024024024024024024
PR00001646,WO00001646,2026-03-10,C,P02,P02_L01,SKU003,480,0,128,352,48.8,245,240,5,41.761,0.7333333333333333,0.8557656482861402,0.9795918367346939,0.6147540983606558,0.02040816326530612
PR00001647,WO00001647,2026-03-10,A,P02,P02_L02,SKU006,480,0,0,480,54.878,392,383,9,49.0,1.0,0.8928896825686067,0.9770408163265306,0.8723896643463682,0.02295918367346939
PR00001648,WO00001648,2026-03-10,B,P02,P02_L02,SKU002,480,0,0,480,55.9,380,367,13,47.5,1.0,0.8497316636851521,0.9657894736842105,0.8206618962432916,0.034210526315789476
PR00001649,WO00001649,2026-03-10,C,P02,P02_L02,SKU004,480,0,26,454,55.9,362,348,14,47.841,0.9458333333333333,0.8558391715855092,0.9613259668508287,0.778175313059034,0.03867403314917127
PR00001650,WO00001650,2026-03-10,A,P02,P02_L03,SKU007,480,24,0,456,47.0,320,317,3,42.105,1.0,0.8958566629339306,0.990625,0.887458006718925,0.009375
PR00001651,WO00001651,2026-03-10,B,P02,P02_L03,SKU001,480,30,63,387,47.0,257,249,8,39.845,0.86,0.8477651327725547,0.9688715953307393,0.706382978723404,0.0311284046692607
PR00001652,WO00001652,2026-03-10,C,P02,P02_L03,SKU007,480,28,25,427,47.0,274,271,3,38.501,0.9446902654867256,0.8191738502167523,0.9890510948905109,0.7653925814347581,0.010948905109489052
PR00001653,WO00001653,2026-03-10,A,P03,P03_L01,SKU001,480,30,0,450,49.793,349,342,7,46.533,1.0,0.9345356442337946,0.9799426934097422,0.9157913762978733,0.02005730659025788
PR00001654,WO00001654,2026-03-10,B,P03,P03_L01,SKU001,480,0,0,480,49.793,327,320,7,40.875,1.0,0.8208985198722712,0.9785932721712538,0.803325768682345,0.021406727828746176
PR00001655,WO00001655,2026-03-10,C,P03,P03_L01,SKU003,480,0,0,480,57.7,399,391,8,49.875,1.0,0.8643847487001732,0.9799498746867168,0.847053726169844,0.020050125313283207
PR00001656,WO00001656,2026-03-10,A,P03,P03_L02,SKU002,480,0,0,480,56.6,380,366,14,47.5,1.0,0.8392226148409894,0.9631578947368421,0.808303886925795,0.03684210526315789
PR00001657,WO00001657,2026-03-10,B,P03,P03_L02,SKU006,480,34,10,436,54.878,352,342,10,48.44,0.9775784753363229,0.8826919161135075,0.9715909090909091,0.8383863954565668,0.028409090909090908
PR00001658,WO00001658,2026-03-10,C,P03,P03_L02,SKU004,480,18,0,462,56.6,354,340,14,45.974,1.0,0.8122619430039925,0.96045197740113,0.7801385893258684,0.03954802259887006
PR00001659,WO00001659,2026-03-10,A,P03,P03_L03,SKU004,480,0,0,480,56.693,415,399,16,51.875,1.0,0.9150159631700563,0.9614457831325302,0.8797382392888011,0.03855421686746988
PR00001660,WO00001660,2026-03-10,B,P03,P03_L03,SKU003,480,0,0,480,58.1,417,408,9,52.125,1.0,0.8971600688468158,0.9784172661870504,0.8777969018932874,0.02158273381294964
PR00001661,WO00001661,2026-03-10,C,P03,P03_L03,SKU001,480,0,0,480,49.793,329,323,6,41.125,1.0,0.8259193059265358,0.9817629179331308,0.810856947763742,0.0182370820668693
PR00001662,WO00001662,2026-03-11,A,P01,P01_L01,SKU001,480,35,16,429,49.793,325,321,4,45.455,0.9640449438202248,0.9128701916844829,0.9876923076923076,0.8692165339787621,0.012307692307692308
PR00001663,WO00001663,2026-03-11,B,P01,P01_L01,SKU005,480,0,0,480,50.42,354,344,10,44.25,1.0,0.8776279254264181,0.9717514124293786,0.8528361761205872,0.02824858757062147
PR00001664,WO00001664,2026-03-11,C,P01,P01_L01,SKU004,480,0,0,480,56.693,350,335,15,43.75,1.0,0.7717002099024571,0.9571428571428572,0.7386273437637805,0.04285714285714286
PR00001665,WO00001665,2026-03-11,A,P01,P01_L02,SKU001,480,30,12,438,49.793,342,333,9,46.849,0.9733333333333334,0.9408815509909656,0.9736842105263158,0.8916916032374029,0.02631578947368421
PR00001666,WO00001666,2026-03-11,B,P01,P01_L02,SKU001,480,24,0,456,49.793,334,324,10,43.947,1.0,0.882601337960208,0.9700598802395209,0.8561761482009204,0.029940119760479042
PR00001667,WO00001667,2026-03-11,C,P01,P01_L02,SKU001,480,29,0,451,49.793,309,300,9,41.109,1.0,0.8255908953087957,0.970873786407767,0.8015445585522288,0.02912621359223301
PR00001668,WO00001668,2026-03-11,A,P01,P01_L03,SKU003,480,0,0,480,61.962,449,435,14,56.125,1.0,0.9057971014492753,0.9688195991091314,0.8775539847003001,0.031180400890868598
PR00001669,WO00001669,2026-03-11,B,P01,P01_L03,SKU003,480,69,0,411,61.962,386,376,10,56.35,1.0,0.9094342494351966,0.9740932642487047,0.8858737766519014,0.025906735751295335
PR00001670,WO00001670,2026-03-11,C,P01,P01_L03,SKU003,480,47,72,361,61.962,315,306,9,52.355,0.8337182448036952,0.844946429055213,0.9714285714285714,0.6843201893912032,0.02857142857142857
PR00001671,WO00001671,2026-03-11,A,P02,P02_L01,SKU001,480,0,0,480,48.8,345,337,8,43.125,1.0,0.8837090163934427,0.9768115942028985,0.8632172131147542,0.02318840579710145
PR00001672,WO00001672,2026-03-11,B,P02,P02_L01,SKU003,480,31,5,444,48.8,320,314,6,43.243,0.9888641425389755,0.8861320336730173,0.98125,0.859834240023367,0.01875
PR00001673,WO00001673,2026-03-11,C,P02,P02_L01,SKU004,480,0,0,480,48.8,325,311,14,40.625,1.0,0.8324795081967213,0.9569230769230769,0.7966188524590164,0.043076923076923075
PR00001674,WO00001674,2026-03-11,A,P02,P02_L02,SKU002,480,0,18,462,55.9,368,353,15,47.792,0.9625,0.8549589944938782,0.9592391304347826,0.789355992844365,0.04076086956521739
PR00001675,WO00001675,2026-03-11,B,P02,P02_L02,SKU008,480,0,25,455,55.9,334,329,5,44.044,0.9479166666666666,0.7879061904106628,0.9850299401197605,0.7356887298747765,0.014970059880239521
PR00001676,WO00001676,2026-03-11,C,P02,P02_L02,SKU002,480,29,14,437,55.9,334,321,13,45.858,0.9689578713968958,0.8203599923040081,0.9610778443113772,0.7639552733143204,0.038922155688622756
PR00001677,WO00001677,2026-03-11,A,P02,P02_L03,SKU007,480,0,50,430,47.0,290,285,5,40.465,0.8958333333333334,0.8609599208312716,0.9827586206896551,0.7579787234042553,0.017241379310344827
PR00001678,WO00001678,2026-03-11,B,P02,P02_L03,SKU003,480,68,0,412,47.0,287,282,5,41.796,1.0,0.8892790745713697,0.9825783972125436,0.8737864077669905,0.017421602787456445
PR00001679,WO00001679,2026-03-11,C,P02,P02_L03,SKU002,480,0,0,480,47.0,298,286,12,37.25,1.0,0.7925531914893617,0.959731543624161,0.7606382978723404,0.040268456375838924
PR00001680,WO00001680,2026-03-11,A,P03,P03_L01,SKU003,480,0,0,480,57.7,403,398,5,50.375,1.0,0.8730502599653379,0.9875930521091811,0.8622183708838821,0.01240694789081886
PR00001681,WO00001681,2026-03-11,B,P03,P03_L01,SKU001,480,51,0,429,49.793,318,310,8,44.476,1.0,0.8932083721712786,0.9748427672955975,0.8707377212990451,0.025157232704402517
PR00001682,WO00001682,2026-03-11,C,P03,P03_L01,SKU001,480,0,96,384,49.793,259,252,7,40.469,0.8,0.8127397425340911,0.972972972972973,0.6326190428373466,0.02702702702702703
PR00001683,WO00001683,2026-03-11,A,P03,P03_L02,SKU002,480,23,0,457,56.6,384,371,13,50.416,1.0,0.8907377194949394,0.9661458333333334,0.8605825362828712,0.033854166666666664
PR00001684,WO00001684,2026-03-11,B,P03,P03_L02,SKU006,480,0,51,429,54.878,346,337,9,48.392,0.89375,0.881803425627909,0.9739884393063584,0.7676117934327052,0.02601156069364162
PR00001685,WO00001685,2026-03-11,C,P03,P03_L02,SKU001,480,31,26,423,49.793,284,277,7,40.284,0.9420935412026726,0.8090231145595247,0.9753521126760564,0.7433894362750876,0.02464788732394366
PR00001686,WO00001686,2026-03-11,A,P03,P03_L03,SKU007,480,0,0,480,58.1,411,404,7,51.375,1.0,0.8842512908777969,0.9829683698296837,0.8691910499139415,0.0170316301703163
PR00001687,WO00001687,2026-03-11,B,P03,P03_L03,SKU001,480,25,46,409,49.793,292,287,5,42.836,0.8989010989010989,0.8602852975131224,0.9828767123287672,0.7600697657532957,0.017123287671232876
PR00001688,WO00001688,2026-03-11,C,P03,P03_L03,SKU001,480,23,82,375,49.793,264,259,5,42.24,0.8205689277899344,0.8483120117285562,0.9810606060606061,0.6829147946019496,0.01893939393939394
PR00001689,WO00001689,2026-03-12,A,P01,P01_L01,SKU004,480,0,0,480,56.693,411,400,11,51.375,1.0,0.9061965321997425,0.9732360097323601,0.8819430970313796,0.0267639902676399
PR00001690,WO00001690,2026-03-12,B,P01,P01_L01,SKU005,480,23,0,457,50.42,326,317,9,42.801,1.0,0.8488868558810586,0.9723926380368099,0.8254513291849558,0.027607361963190184
PR00001691,WO00001691,2026-03-12,C,P01,P01_L01,SKU007,480,0,16,464,69.9,428,419,9,55.345,0.9666666666666667,0.7917714962261357,0.9789719626168224,0.7492846924177394,0.02102803738317757
PR00001692,WO00001692,2026-03-12,A,P01,P01_L02,SKU007,480,0,0,480,65.2,463,457,6,57.875,1.0,0.8876533742331288,0.9870410367170627,0.8761503067484663,0.012958963282937365
PR00001693,WO00001693,2026-03-12,B,P01,P01_L02,SKU001,480,0,13,467,49.793,347,338,9,44.582,0.9729166666666667,0.8953555944307505,0.9740634005763689,0.8485128431707267,0.025936599423631124
PR00001694,WO00001694,2026-03-12,C,P01,P01_L02,SKU001,480,28,102,350,49.793,242,235,7,41.486,0.7743362831858407,0.8331635829476892,0.9710743801652892,0.6264874634082447,0.028925619834710745
PR00001695,WO00001695,2026-03-12,A,P01,P01_L03,SKU003,480,0,15,465,61.962,480,468,12,61.935,0.96875,0.9995720582125777,0.975,0.9441270456085987,0.025
PR00001696,WO00001696,2026-03-12,B,P01,P01_L03,SKU003,480,26,0,454,61.962,445,435,10,58.811,1.0,0.9491393545596442,0.9775280898876404,0.9278103802998768,0.02247191011235955
PR00001697,WO00001697,2026-03-12,C,P01,P01_L03,SKU003,480,0,0,480,61.962,483,472,11,60.375,1.0,0.9743875278396436,0.9772256728778468,0.9521965075368773,0.022774327122153208
PR00001698,WO00001698,2026-03-12,A,P02,P02_L01,SKU003,480,25,0,455,48.8,338,331,7,44.571,1.0,0.9133489461358315,0.9792899408284024,0.8944334354170421,0.020710059171597635
PR00001699,WO00001699,2026-03-12,B,P02,P02_L01,SKU002,480,46,0,434,48.8,285,273,12,39.401,1.0,0.8073959356349627,0.9578947368421052,0.773400317292438,0.042105263157894736
PR00001700,WO00001700,2026-03-12,C,P02,P02_L01,SKU003,480,18,0,462,48.8,335,328,7,43.506,1.0,0.8915265062806047,0.9791044776119403,0.8728975942090696,0.020895522388059702
PR00001701,WO00001701,2026-03-12,A,P02,P02_L02,SKU003,480,34,0,446,55.9,367,360,7,49.372,1.0,0.8832235654636322,0.9809264305177112,0.8663773394193668,0.01907356948228883
PR00001702,WO00001702,2026-03-12,B,P02,P02_L02,SKU002,480,22,0,458,55.9,359,347,12,47.031,1.0,0.8413339478638555,0.9665738161559888,0.8132113646483505,0.033426183844011144
PR00001703,WO00001703,2026-03-12,C,P02,P02_L02,SKU008,480,0,0,480,55.9,366,359,7,45.75,1.0,0.8184257602862254,0.9808743169398907,0.802772808586762,0.01912568306010929
PR00001704,WO00001704,2026-03-12,A,P02,P02_L03,SKU003,480,0,0,480,47.0,342,335,7,42.75,1.0,0.9095744680851063,0.97953216374269,0.8909574468085105,0.02046783625730994
PR00001705,WO00001705,2026-03-12,B,P02,P02_L03,SKU007,480,0,0,480,47.0,305,302,3,38.125,1.0,0.8111702127659575,0.9901639344262295,0.8031914893617021,0.009836065573770493
PR00001706,WO00001706,2026-03-12,C,P02,P02_L03,SKU007,480,31,0,449,47.0,281,278,3,37.55,1.0,0.7989385395441406,0.9893238434163701,0.7904089465952708,0.010676156583629894
PR00001707,WO00001707,2026-03-12,A,P03,P03_L01,SKU004,480,0,0,480,56.693,409,398,11,51.125,1.0,0.9017868167145856,0.9731051344743277,0.8775333815462227,0.02689486552567237
PR00001708,WO00001708,2026-03-12,B,P03,P03_L01,SKU001,480,29,0,451,49.793,319,312,7,42.439,1.0,0.8523090472605367,0.9780564263322884,0.8336063408943181,0.0219435736677116
PR00001709,WO00001709,2026-03-12,C,P03,P03_L01,SKU001,480,0,0,480,49.793,341,333,8,42.625,1.0,0.8560440222521238,0.9765395894428153,0.8359608780350652,0.02346041055718475
PR00001710,WO00001710,2026-03-12,A,P03,P03_L02,SKU004,480,32,0,448,56.6,358,348,10,47.946,1.0,0.8471100454316002,0.9720670391061452,0.8234477536597677,0.027932960893854747
PR00001711,WO00001711,2026-03-12,B,P03,P03_L02,SKU006,480,0,0,480,54.878,370,360,10,46.25,1.0,0.8427785269142462,0.972972972972973,0.8200007288895368,0.02702702702702703
PR00001712,WO00001712,2026-03-12,C,P03,P03_L02,SKU008,480,0,0,480,56.6,380,373,7,47.5,1.0,0.8392226148409894,0.9815789473684211,0.8237632508833922,0.018421052631578946
PR00001713,WO00001713,2026-03-12,A,P03,P03_L03,SKU001,480,0,0,480,49.793,341,336,5,42.625,1.0,0.8560440222521238,0.9853372434017595,0.8434920571164622,0.01466275659824047
PR00001714,WO00001714,2026-03-12,B,P03,P03_L03,SKU006,480,31,0,449,54.878,359,349,10,47.973,1.0,0.8741804355496472,0.9721448467966574,0.849830005590047,0.027855153203342618
PR00001715,WO00001715,2026-03-12,C,P03,P03_L03,SKU004,480,27,0,453,56.693,380,365,15,50.331,1.0,0.8877837797931768,0.9605263157894737,0.8527396832223935,0.039473684210526314
PR00001716,WO00001716,2026-03-13,A,P01,P01_L01,SKU005,480,0,0,480,50.42,352,343,9,44.0,1.0,0.8726695755652518,0.9744318181818182,0.8503570011900039,0.02556818181818182
PR00001717,WO00001717,2026-03-13,B,P01,P01_L01,SKU006,480,0,204,276,54.878,222,215,7,48.261,0.575,0.8794210715626917,0.9684684684684685,0.4897226575312511,0.03153153153153153
PR00001718,WO00001718,2026-03-13,C,P01,P01_L01,SKU005,480,0,0,480,50.42,326,317,9,40.75,1.0,0.8082110273700912,0.9723926380368099,0.7858984529948433,0.027607361963190184
PR00001719,WO00001719,2026-03-13,A,P01,P01_L02,SKU004,480,21,0,459,56.693,394,381,13,51.503,1.0,0.9084590332819962,0.9670050761421319,0.8784844966508643,0.03299492385786802
PR00001720,WO00001720,2026-03-13,B,P01,P01_L02,SKU008,480,21,101,358,60.302,318,315,3,53.296,0.7799564270152506,0.8838195977824095,0.9905660377358491,0.6828375607481558,0.009433962264150943
PR00001721,WO00001721,2026-03-13,C,P01,P01_L02,SKU001,480,0,18,462,49.793,342,334,8,44.416,0.9625,0.8920045873031233,0.9766081871345029,0.8384712710621975,0.023391812865497075
PR00001722,WO00001722,2026-03-13,A,P01,P01_L03,SKU003,480,0,47,433,61.962,437,428,9,60.554,0.9020833333333333,0.9772807933462608,0.9794050343249427,0.8634324263258126,0.020594965675057208
PR00001723,WO00001723,2026-03-13,B,P01,P01_L03,SKU004,480,0,0,480,56.693,419,402,17,52.375,1.0,0.9238353941403701,0.9594272076372315,0.8863528125165365,0.0405727923627685
PR00001724,WO00001724,2026-03-13,C,P01,P01_L03,SKU004,480,0,0,480,56.693,389,374,15,48.625,1.0,0.8576896618630167,0.961439588688946,0.8246167957243399,0.038560411311053984
PR00001725,WO00001725,2026-03-13,A,P02,P02_L01,SKU003,480,0,47,433,48.8,326,319,7,45.173,0.9020833333333333,0.9256805360996478,0.9785276073619632,0.8171106557377049,0.02147239263803681
PR00001726,WO00001726,2026-03-13,B,P02,P02_L01,SKU003,480,0,0,480,48.8,355,348,7,44.375,1.0,0.9093237704918034,0.9802816901408451,0.891393442622951,0.01971830985915493
PR00001727,WO00001727,2026-03-13,C,P02,P02_L01,SKU006,480,0,0,480,48.8,334,326,8,41.75,1.0,0.8555327868852459,0.9760479041916168,0.8350409836065574,0.023952095808383235
PR00001728,WO00001728,2026-03-13,A,P02,P02_L02,SKU002,480,0,8,472,55.9,376,363,13,47.797,0.9833333333333333,0.8550377490070041,0.9654255319148937,0.811717352415027,0.034574468085106384
PR00001729,WO00001729,2026-03-13,B,P02,P02_L02,SKU004,480,27,0,453,55.9,346,334,12,45.828,1.0,0.8198177919416176,0.9653179190751445,0.7913848049378621,0.03468208092485549
PR00001730,WO00001730,2026-03-13,C,P02,P02_L02,SKU004,480,19,0,461,55.9,347,334,13,45.163,1.0,0.8079193167222224,0.962536023054755,0.777651446066923,0.037463976945244955
PR00001731,WO00001731,2026-03-13,A,P02,P02_L03,SKU003,480,0,0,480,47.0,336,331,5,42.0,1.0,0.8936170212765957,0.9851190476190477,0.8803191489361702,0.01488095238095238
PR00001732,WO00001732,2026-03-13,B,P02,P02_L03,SKU006,480,71,0,409,47.0,289,280,9,42.396,1.0,0.9020444259480831,0.9688581314878892,0.8739530770431254,0.031141868512110725
PR00001733,WO00001733,2026-03-13,C,P02,P02_L03,SKU003,480,30,0,450,47.0,320,313,7,42.667,1.0,0.9078014184397163,0.978125,0.8879432624113475,0.021875
PR00001734,WO00001734,2026-03-13,A,P03,P03_L01,SKU001,480,0,0,480,49.793,369,364,5,46.125,1.0,0.926335027011829,0.986449864498645,0.9137830618761674,0.013550135501355014
PR00001735,WO00001735,2026-03-13,B,P03,P03_L01,SKU001,480,0,0,480,49.793,339,330,9,42.375,1.0,0.8510232361978591,0.9734513274336283,0.8284296989536681,0.02654867256637168
PR00001736,WO00001736,2026-03-13,C,P03,P03_L01,SKU001,480,0,0,480,49.793,342,335,7,42.75,1.0,0.8585544152792561,0.97953216374269,0.8409816640893298,0.02046783625730994
PR00001737,WO00001737,2026-03-13,A,P03,P03_L02,SKU001,480,0,14,466,49.793,368,357,11,47.382,0.9708333333333333,0.9515790221301595,0.970108695652174,0.8962103106862409,0.029891304347826088
PR00001738,WO00001738,2026-03-13,B,P03,P03_L02,SKU001,480,0,0,480,49.793,339,331,8,42.375,1.0,0.8510232361978591,0.976401179941003,0.8309400919808005,0.02359882005899705
PR00001739,WO00001739,2026-03-13,C,P03,P03_L02,SKU004,480,0,0,480,56.6,395,381,14,49.375,1.0,0.8723498233215548,0.9645569620253165,0.8414310954063604,0.035443037974683546
PR00001740,WO00001740,2026-03-13,A,P03,P03_L03,SKU008,480,0,48,432,58.1,361,354,7,50.139,0.9,0.8629757123733027,0.9806094182825484,0.761617900172117,0.019390581717451522
PR00001741,WO00001741,2026-03-13,B,P03,P03_L03,SKU004,480,17,26,437,56.693,372,358,14,51.076,0.9438444924406048,0.9009139554114596,0.9623655913978495,0.8183212839841915,0.03763440860215054
PR00001742,WO00001742,2026-03-13,C,P03,P03_L03,SKU001,480,0,0,480,49.793,331,323,8,41.375,1.0,0.8309400919808005,0.9758308157099698,0.810856947763742,0.02416918429003021
PR00001743,WO00001743,2026-03-14,A,P01,P01_L01,SKU005,480,26,0,454,50.42,324,315,9,42.819,1.0,0.8492539321680265,0.9722222222222222,0.825663545163359,0.027777777777777776
PR00001744,WO00001744,2026-03-14,B,P01,P01_L01,SKU001,480,30,0,450,49.793,326,319,7,43.467,1.0,0.8729473353014815,0.9785276073619632,0.8542030673655602,0.02147239263803681
PR00001745,WO00001745,2026-03-14,C,P01,P01_L01,SKU005,480,0,24,456,50.42,292,284,8,38.421,0.95,0.7620200839265955,0.9726027397260274,0.7040856802856009,0.0273972602739726
PR00001746,WO00001746,2026-03-14,A,P01,P01_L02,SKU004,480,0,0,480,56.693,427,412,15,53.375,1.0,0.9414742560809977,0.9648711943793911,0.9084013899423209,0.0351288056206089
PR00001747,WO00001747,2026-03-14,C,P01,P01_L02,SKU001,480,0,0,480,49.793,339,330,9,42.375,1.0,0.8510232361978591,0.9734513274336283,0.8284296989536681,0.02654867256637168
PR00001748,WO00001748,2026-03-14,B,P01,P01_L03,SKU002,480,0,0,480,72.0,484,466,18,60.5,1.0,0.8402777777777778,0.9628099173553719,0.8090277777777778,0.0371900826446281
PR00001749,WO00001749,2026-03-14,C,P01,P01_L03,SKU002,480,0,0,480,72.0,494,475,19,61.75,1.0,0.8576388888888888,0.9615384615384616,0.8246527777777778,0.038461538461538464
PR00001750,WO00001750,2026-03-14,A,P02,P02_L01,SKU003,480,0,0,480,48.8,363,353,10,45.375,1.0,0.9298155737704918,0.9724517906336089,0.9042008196721313,0.027548209366391185
PR00001751,WO00001751,2026-03-14,B,P02,P02_L01,SKU006,480,30,11,439,48.8,328,316,12,44.829,0.9755555555555555,0.918630269987677,0.9634146341463414,0.8633879781420766,0.036585365853658534
PR00001752,WO00001752,2026-03-14,C,P02,P02_L01,SKU006,480,0,10,470,48.8,316,307,9,40.34,0.9791666666666666,0.8266480641785839,0.9715189873417721,0.7863729508196722,0.028481012658227847
PR00001753,WO00001753,2026-03-14,A,P02,P02_L02,SKU003,480,0,22,458,55.9,392,388,4,51.354,0.9541666666666667,0.918671051706494,0.9897959183673469,0.8676207513416816,0.01020408163265306
PR00001754,WO00001754,2026-03-14,C,P02,P02_L02,SKU006,480,44,0,436,54.878,356,347,9,48.991,1.0,0.8927225060693429,0.9747191011235955,0.8701536786687134,0.025280898876404494
PR00001755,WO00001755,2026-03-14,C,P02,P02_L03,SKU001,480,0,0,480,47.0,296,288,8,37.0,1.0,0.7872340425531915,0.972972972972973,0.7659574468085107,0.02702702702702703
PR00001756,WO00001756,2026-03-14,A,P03,P03_L01,SKU001,480,0,0,480,49.793,324,318,6,40.5,1.0,0.8133673407908742,0.9814814814814815,0.7983049826280803,0.018518518518518517
PR00001757,WO00001757,2026-03-14,B,P03,P03_L01,SKU006,480,20,0,460,54.878,368,359,9,48.0,1.0,0.8746674441488392,0.9755434782608695,0.8532761207865035,0.024456521739130436
PR00001758,WO00001758,2026-03-14,A,P03,P03_L02,SKU006,480,0,0,480,54.878,427,419,8,53.375,1.0,0.9726119756550895,0.9812646370023419,0.9543897372353219,0.01873536299765808
PR00001759,WO00001759,2026-03-14,B,P03,P03_L02,SKU006,480,0,0,480,54.878,408,394,14,51.0,1.0,0.9293341594081417,0.9656862745098039,0.8974452421735486,0.03431372549019608
PR00001760,WO00001760,2026-03-14,B,P03,P03_L03,SKU004,480,38,0,442,56.693,365,352,13,49.548,1.0,0.8739617115378829,0.9643835616438357,0.842834308113246,0.03561643835616438
PR00001761,WO00001761,2026-03-14,C,P03,P03_L03,SKU001,480,0,5,475,49.793,316,308,8,39.916,0.9895833333333334,0.8016345565377504,0.9746835443037974,0.773201052356757,0.02531645569620253
PR00001762,WO00001762,2026-03-15,A,P01,P01_L01,SKU001,480,27,0,453,49.793,331,324,7,43.841,1.0,0.8804663226286629,0.9788519637462235,0.8618461889174827,0.021148036253776436
PR00001763,WO00001763,2026-03-15,B,P01,P01_L01,SKU007,480,0,0,480,69.9,507,501,6,63.375,1.0,0.9066523605150214,0.9881656804733728,0.8959227467811158,0.011834319526627219
PR00001764,WO00001764,2026-03-15,A,P01,P01_L02,SKU001,480,0,75,405,49.793,296,289,7,43.852,0.84375,0.8806830649258299,0.9763513513513513,0.7255035848412427,0.02364864864864865
PR00001765,WO00001765,2026-03-15,B,P01,P01_L02,SKU008,480,24,39,417,60.302,351,347,4,50.504,0.9144736842105263,0.8375111459371523,0.9886039886039886,0.7571539042957464,0.011396011396011397
PR00001766,WO00001766,2026-03-15,C,P01,P01_L02,SKU008,480,0,132,348,60.302,282,276,6,48.621,0.725,0.8062865187750392,0.9787234042553191,0.5721203276839906,0.02127659574468085
PR00001767,WO00001767,2026-03-15,A,P01,P01_L03,SKU008,480,0,25,455,60.302,399,395,4,52.615,0.9479166666666666,0.8725313358658853,0.9899749373433584,0.8187953965042618,0.010025062656641603
PR00001768,WO00001768,2026-03-15,A,P02,P02_L01,SKU003,480,34,35,411,48.8,307,302,5,44.818,0.92152466367713,0.9183917673806391,0.9837133550488599,0.8325369403807984,0.016286644951140065
PR00001769,WO00001769,2026-03-15,C,P02,P02_L01,SKU001,480,30,18,432,48.8,308,298,10,42.778,0.96,0.8765938069216758,0.9675324675324676,0.8142076502732241,0.032467532467532464
PR00001770,WO00001770,2026-03-15,A,P02,P02_L02,SKU002,480,0,0,480,55.9,376,363,13,47.0,1.0,0.8407871198568874,0.9654255319148937,0.811717352415027,0.034574468085106384
PR00001771,WO00001771,2026-03-15,B,P02,P02_L02,SKU002,480,0,0,480,55.9,372,359,13,46.5,1.0,0.8318425760286225,0.9650537634408602,0.8027728085867621,0.03494623655913978
PR00001772,WO00001772,2026-03-15,C,P02,P02_L02,SKU006,480,0,0,480,54.878,382,368,14,47.75,1.0,0.8701118845438973,0.9633507853403142,0.8382229673093042,0.03664921465968586
PR00001773,WO00001773,2026-03-15,B,P02,P02_L03,SKU001,480,59,0,421,47.0,292,287,5,41.615,1.0,0.8854298276646284,0.9828767123287672,0.8702683580128369,0.017123287671232876
PR00001774,WO00001774,2026-03-15,B,P03,P03_L01,SKU003,480,0,25,455,57.7,399,390,9,52.615,0.9479166666666666,0.9118784162111718,0.9774436090225563,0.8448873483535527,0.022556390977443608
PR00001775,WO00001775,2026-03-15,C,P03,P03_L02,SKU006,480,38,0,442,54.878,340,328,12,46.154,1.0,0.8410263886046532,0.9647058823529412,0.8113431043009596,0.03529411764705882
PR00001776,WO00001776,2026-03-15,B,P03,P03_L03,SKU006,480,18,0,462,54.878,371,362,9,48.182,1.0,0.8779805784069787,0.9757412398921833,0.8566818581760817,0.02425876010781671
PR00001777,WO00001777,2026-03-15,C,P03,P03_L03,SKU003,480,32,0,448,58.1,354,346,8,47.411,1.0,0.8160191787558397,0.9774011299435028,0.7975780673715269,0.022598870056497175
PR00001778,WO00001778,2026-03-16,A,P01,P01_L01,SKU001,480,0,33,447,49.793,341,333,8,45.772,0.93125,0.9192419030895289,0.9765395894428153,0.8359608780350652,0.02346041055718475
PR00001779,WO00001779,2026-03-16,B,P01,P01_L01,SKU001,480,0,0,480,49.793,358,347,11,44.75,1.0,0.8987207037133734,0.9692737430167597,0.8711063804149177,0.030726256983240222
PR00001780,WO00001780,2026-03-16,C,P01,P01_L01,SKU007,480,24,21,435,69.9,416,410,6,57.379,0.9539473684210527,0.8208771150905233,0.9855769230769231,0.7717792334914538,0.014423076923076924
PR00001781,WO00001781,2026-03-16,A,P01,P01_L02,SKU006,480,36,0,444,54.878,379,369,10,51.216,1.0,0.9332741028502535,0.9736147757255936,0.9086494563370542,0.026385224274406333
PR00001782,WO00001782,2026-03-16,B,P01,P01_L02,SKU001,480,44,0,436,49.793,315,306,9,43.349,1.0,0.8705766644550641,0.9714285714285714,0.8457030454706337,0.02857142857142857
PR00001783,WO00001783,2026-03-16,C,P01,P01_L02,SKU002,480,0,0,480,65.2,417,398,19,52.125,1.0,0.7994631901840491,0.9544364508393285,0.7630368098159509,0.045563549160671464
PR00001784,WO00001784,2026-03-16,A,P01,P01_L03,SKU003,480,32,0,448,61.962,432,426,6,57.857,1.0,0.9337520231293834,0.9861111111111112,0.9207832450303642,0.013888888888888888
PR00001785,WO00001785,2026-03-16,B,P01,P01_L03,SKU004,480,0,19,461,56.693,411,398,13,53.492,0.9604166666666667,0.9435451962166517,0.9683698296836983,0.8775333815462228,0.031630170316301706
PR00001786,WO00001786,2026-03-16,C,P01,P01_L03,SKU008,480,0,23,457,60.302,370,364,6,48.578,0.9520833333333333,0.8055732898604377,0.9837837837837838,0.7545355046267123,0.016216216216216217
PR00001787,WO00001787,2026-03-16,A,P02,P02_L01,SKU005,480,17,24,439,48.8,309,300,9,42.232,0.9481641468682506,0.8654169311774152,0.970873786407767,0.7966575788691004,0.02912621359223301
PR00001788,WO00001788,2026-03-16,B,P02,P02_L01,SKU001,480,20,0,460,48.8,313,308,5,40.826,1.0,0.836600142551675,0.9840255591054313,0.8232359230220956,0.01597444089456869
PR00001789,WO00001789,2026-03-16,C,P02,P02_L01,SKU003,480,0,0,480,48.8,323,316,7,40.375,1.0,0.8273565573770493,0.978328173374613,0.8094262295081968,0.021671826625386997
PR00001790,WO00001790,2026-03-16,A,P02,P02_L02,SKU002,480,21,21,438,55.9,347,337,10,47.534,0.954248366013072,0.8503443036733894,0.9711815561959655,0.7880552340196665,0.02881844380403458
PR00001791,WO00001791,2026-03-16,B,P02,P02_L02,SKU004,480,0,0,480,55.9,396,383,13,49.5,1.0,0.8855098389982111,0.9671717171717171,0.8564400715563506,0.03282828282828283
PR00001792,WO00001792,2026-03-16,C,P02,P02_L02,SKU002,480,0,17,463,55.9,346,332,14,44.838,0.9645833333333333,0.8021111441675005,0.9595375722543352,0.7423971377459748,0.04046242774566474
PR00001793,WO00001793,2026-03-16,A,P02,P02_L03,SKU007,480,0,43,437,47.0,294,288,6,40.366,0.9104166666666667,0.85885388772579,0.9795918367346939,0.7659574468085106,0.02040816326530612
PR00001794,WO00001794,2026-03-16,B,P02,P02_L03,SKU007,480,24,35,421,47.0,300,296,4,42.755,0.9232456140350878,0.9096881791074949,0.9866666666666667,0.8286674132138859,0.013333333333333334
PR00001795,WO00001795,2026-03-16,C,P02,P02_L03,SKU007,480,0,0,480,47.0,328,327,1,41.0,1.0,0.8723404255319149,0.9969512195121951,0.8696808510638299,0.003048780487804878
PR00001796,WO00001796,2026-03-16,A,P03,P03_L01,SKU001,480,28,45,407,49.793,286,278,8,42.162,0.9004424778761062,0.8467487832057149,0.972027972027972,0.7411213396914553,0.027972027972027972
PR00001797,WO00001797,2026-03-16,B,P03,P03_L01,SKU004,480,0,0,480,56.693,387,376,11,48.375,1.0,0.8532799463778598,0.9715762273901809,0.8290265112094969,0.028423772609819122
PR00001798,WO00001798,2026-03-16,C,P03,P03_L01,SKU003,480,0,21,459,57.7,378,370,8,49.412,0.95625,0.8563564073809766,0.9788359788359788,0.8015597920277296,0.021164021164021163
PR00001799,WO00001799,2026-03-16,A,P03,P03_L02,SKU001,480,29,0,451,49.793,324,316,8,43.104,1.0,0.8656681232364072,0.9753086419753086,0.8442936016750144,0.024691358024691357
PR00001800,WO00001800,2026-03-16,B,P03,P03_L02,SKU006,480,0,0,480,54.878,401,388,13,50.125,1.0,0.9133897007908451,0.9675810473815462,0.883778563358723,0.032418952618453865
PR00001801,WO00001801,2026-03-16,C,P03,P03_L02,SKU002,480,29,171,280,56.6,207,198,9,44.357,0.6208425720620843,0.7836951034830892,0.9565217391304348,0.46539688011721103,0.043478260869565216
PR00001802,WO00001802,2026-03-16,A,P03,P03_L03,SKU006,480,22,0,458,54.878,381,372,9,49.913,1.0,0.9095204591176521,0.9763779527559056,0.8880357238629044,0.023622047244094488
PR00001803,WO00001803,2026-03-16,B,P03,P03_L03,SKU003,480,34,0,446,58.1,407,398,9,54.753,1.0,0.9423986786351042,0.9778869778869779,0.9215593958151633,0.022113022113022112
PR00001804,WO00001804,2026-03-16,C,P03,P03_L03,SKU004,480,0,0,480,56.693,388,374,14,48.5,1.0,0.8554848041204381,0.9639175257731959,0.8246167957243399,0.03608247422680412
PR00001805,WO00001805,2026-03-17,A,P01,P01_L01,SKU007,480,0,0,480,69.9,509,503,6,63.625,1.0,0.9102288984263233,0.9882121807465619,0.8994992846924177,0.011787819253438114
PR00001806,WO00001806,2026-03-17,B,P01,P01_L01,SKU006,480,0,0,480,54.878,402,389,13,50.25,1.0,0.915667480593316,0.9676616915422885,0.8860563431611939,0.03233830845771144
PR00001807,WO00001807,2026-03-17,C,P01,P01_L01,SKU007,480,14,0,466,69.9,443,437,6,57.039,1.0,0.8160032419090424,0.9864559819413092,0.8049512792646761,0.013544018058690745
PR00001808,WO00001808,2026-03-17,A,P01,P01_L02,SKU004,480,27,0,453,56.693,393,375,18,52.053,1.0,0.9181553301545222,0.9541984732824428,0.8761024142695824,0.04580152671755725
PR00001809,WO00001809,2026-03-17,B,P01,P01_L02,SKU001,480,43,0,437,49.793,320,310,10,43.936,1.0,0.8823715537014315,0.96875,0.8547974426482617,0.03125
PR00001810,WO00001810,2026-03-17,C,P01,P01_L02,SKU004,480,25,0,455,56.693,362,345,17,47.736,1.0,0.8420133656053436,0.9530386740331491,0.8024713014747058,0.04696132596685083
PR00001811,WO00001811,2026-03-17,A,P01,P01_L03,SKU008,480,31,0,449,60.302,405,398,7,54.12,1.0,0.8974871025932649,0.9827160493827161,0.8819749798323937,0.01728395061728395
PR00001812,WO00001812,2026-03-17,B,P01,P01_L03,SKU002,480,19,11,450,72.0,470,450,20,62.667,0.9761388286334056,0.8703703703703703,0.9574468085106383,0.8134490238611713,0.0425531914893617
PR00001813,WO00001813,2026-03-17,C,P01,P01_L03,SKU004,480,0,0,480,56.693,403,387,16,50.375,1.0,0.8885576702591149,0.9602977667493796,0.8532799463778596,0.03970223325062035
PR00001814,WO00001814,2026-03-17,A,P02,P02_L01,SKU006,480,0,11,469,48.8,362,352,10,46.311,0.9770833333333333,0.9490020622880911,0.9723756906077348,0.901639344262295,0.027624309392265192
PR00001815,WO00001815,2026-03-17,B,P02,P02_L01,SKU002,480,37,0,443,48.8,295,283,12,39.955,1.0,0.818746993302002,0.9593220338983051,0.7854420308625985,0.04067796610169491
PR00001816,WO00001816,2026-03-17,C,P02,P02_L01,SKU002,480,30,0,450,48.8,283,271,12,37.733,1.0,0.773224043715847,0.9575971731448764,0.7404371584699454,0.04240282685512368
PR00001817,WO00001817,2026-03-17,A,P02,P02_L02,SKU004,480,53,49,378,55.9,309,300,9,49.048,0.8852459016393442,0.877417156486924,0.970873786407767,0.7541067396195112,0.02912621359223301
PR00001818,WO00001818,2026-03-17,B,P02,P02_L02,SKU006,480,70,0,410,54.878,363,353,10,53.122,1.0,0.9680008604452093,0.9724517906336089,0.9413341700748179,0.027548209366391185
PR00001819,WO00001819,2026-03-17,C,P02,P02_L02,SKU001,480,0,0,480,49.793,335,328,7,41.875,1.0,0.8409816640893298,0.9791044776119403,0.8234089128994035,0.020895522388059702
PR00001820,WO00001820,2026-03-17,A,P02,P02_L03,SKU004,480,0,0,480,47.0,338,325,13,42.25,1.0,0.898936170212766,0.9615384615384616,0.8643617021276596,0.038461538461538464
PR00001821,WO00001821,2026-03-17,B,P02,P02_L03,SKU005,480,0,5,475,47.0,320,311,9,40.421,0.9895833333333334,0.8600223964165733,0.971875,0.8271276595744681,0.028125
PR00001822,WO00001822,2026-03-17,C,P02,P02_L03,SKU001,480,0,0,480,47.0,299,290,9,37.375,1.0,0.7952127659574468,0.9698996655518395,0.7712765957446809,0.030100334448160536
PR00001823,WO00001823,2026-03-17,A,P03,P03_L01,SKU003,480,0,0,480,57.7,432,425,7,54.0,1.0,0.9358752166377816,0.9837962962962963,0.9207105719237435,0.016203703703703703
PR00001824,WO00001824,2026-03-17,B,P03,P03_L01,SKU003,480,0,0,480,57.7,405,400,5,50.625,1.0,0.8773830155979202,0.9876543209876543,0.8665511265164644,0.012345679012345678
PR00001825,WO00001825,2026-03-17,C,P03,P03_L01,SKU004,480,26,0,454,56.693,341,327,14,45.066,1.0,0.7949143508926003,0.9589442815249267,0.7622785710905581,0.04105571847507331
PR00001826,WO00001826,2026-03-17,A,P03,P03_L02,SKU001,480,32,0,448,49.793,340,333,7,45.536,1.0,0.9145003170267766,0.9794117647058823,0.8956723693232841,0.020588235294117647
PR00001827,WO00001827,2026-03-17,B,P03,P03_L02,SKU005,480,51,20,409,50.42,285,277,8,41.809,0.9533799533799534,0.8292203679798738,0.9719298245614035,0.7683708596044971,0.028070175438596492
PR00001828,WO00001828,2026-03-17,C,P03,P03_L02,SKU006,480,0,7,473,54.878,409,396,13,51.882,0.9854166666666667,0.9453990080784229,0.9682151589242054,0.9020008017784904,0.03178484107579462
PR00001829,WO00001829,2026-03-17,A,P03,P03_L03,SKU006,480,43,0,437,54.878,386,372,14,52.998,1.0,0.9657369377615902,0.9637305699481865,0.9307102094489936,0.03626943005181347
PR00001830,WO00001830,2026-03-17,B,P03,P03_L03,SKU003,480,0,0,480,58.1,408,402,6,51.0,1.0,0.8777969018932874,0.9852941176470589,0.8648881239242685,0.014705882352941176
PR00001831,WO00001831,2026-03-17,C,P03,P03_L03,SKU004,480,0,33,447,56.693,347,335,12,46.577,0.93125,0.8215684689124529,0.9654178674351584,0.7386273437637804,0.0345821325648415
PR00001832,WO00001832,2026-03-18,A,P01,P01_L01,SKU005,480,0,9,471,50.42,338,331,7,43.057,0.98125,0.8539731225855679,0.9792899408284024,0.8206069020230067,0.020710059171597635
PR00001833,WO00001833,2026-03-18,B,P01,P01_L01,SKU001,480,53,0,427,49.793,325,314,11,45.667,1.0,0.9171459302872206,0.9661538461538461,0.8861040680313454,0.033846153846153845
PR00001834,WO00001834,2026-03-18,C,P01,P01_L01,SKU004,480,0,0,480,56.693,404,389,15,50.5,1.0,0.8907625280016933,0.9628712871287128,0.8576896618630165,0.03712871287128713
PR00001835,WO00001835,2026-03-18,A,P01,P01_L02,SKU001,480,27,0,453,49.793,324,318,6,42.914,1.0,0.8618461889174827,0.9814814814814815,0.8458860743078996,0.018518518518518517
PR00001836,WO00001836,2026-03-18,B,P01,P01_L02,SKU001,480,0,0,480,49.793,357,346,11,44.625,1.0,0.896210310686241,0.969187675070028,0.8685959873877854,0.03081232492997199
PR00001837,WO00001837,2026-03-18,C,P01,P01_L02,SKU002,480,20,0,460,65.2,414,398,16,54.0,1.0,0.8282208588957054,0.961352657004831,0.7962123232862096,0.03864734299516908
PR00001838,WO00001838,2026-03-18,A,P01,P01_L03,SKU004,480,0,0,480,56.693,402,388,14,50.25,1.0,0.8863528125165364,0.9651741293532339,0.8554848041204381,0.03482587064676617
PR00001839,WO00001839,2026-03-18,B,P01,P01_L03,SKU008,480,0,0,480,60.302,401,394,7,50.125,1.0,0.8312327949321747,0.9825436408977556,0.8167224967662764,0.017456359102244388
PR00001840,WO00001840,2026-03-18,C,P01,P01_L03,SKU003,480,0,9,471,61.962,451,438,13,57.452,0.98125,0.9272171540518875,0.9711751662971175,0.8836060811465091,0.028824833702882482
PR00001841,WO00001841,2026-03-18,A,P02,P02_L01,SKU002,480,0,0,480,48.8,327,315,12,40.875,1.0,0.8376024590163935,0.963302752293578,0.8068647540983608,0.03669724770642202
PR00001842,WO00001842,2026-03-18,B,P02,P02_L01,SKU004,480,0,0,480,48.8,330,318,12,41.25,1.0,0.8452868852459017,0.9636363636363636,0.8145491803278688,0.03636363636363636
PR00001843,WO00001843,2026-03-18,C,P02,P02_L01,SKU006,480,0,0,480,48.8,311,301,10,38.875,1.0,0.7966188524590164,0.9678456591639871,0.7710040983606558,0.03215434083601286
PR00001844,WO00001844,2026-03-18,A,P02,P02_L02,SKU002,480,19,0,461,55.9,397,385,12,51.67,1.0,0.9243342038579894,0.9697732997481109,0.8963946309454054,0.030226700251889168
PR00001845,WO00001845,2026-03-18,B,P02,P02_L02,SKU004,480,0,22,458,55.9,376,362,14,49.258,0.9541666666666667,0.8811742740858208,0.9627659574468085,0.8094812164579607,0.03723404255319149
PR00001846,WO00001846,2026-03-18,C,P02,P02_L02,SKU008,480,0,0,480,55.9,346,341,5,43.25,1.0,0.7737030411449016,0.9855491329479769,0.7625223613595706,0.014450867052023121
PR00001847,WO00001847,2026-03-18,A,P02,P02_L03,SKU008,480,0,0,480,47.0,322,317,5,40.25,1.0,0.8563829787234043,0.984472049689441,0.8430851063829787,0.015527950310559006
PR00001848,WO00001848,2026-03-18,B,P02,P02_L03,SKU007,480,0,0,480,47.0,316,311,5,39.5,1.0,0.8404255319148937,0.9841772151898734,0.8271276595744681,0.015822784810126583
PR00001849,WO00001849,2026-03-18,C,P02,P02_L03,SKU007,480,27,18,435,47.0,276,271,5,38.069,0.9602649006622517,0.80997798972854,0.9818840579710145,0.76370297308722,0.018115942028985508
PR00001850,WO00001850,2026-03-18,A,P03,P03_L01,SKU005,480,17,7,456,50.42,350,341,9,46.053,0.9848812095032398,0.913380237583248,0.9742857142857143,0.8764392065612141,0.025714285714285714
PR00001851,WO00001851,2026-03-18,B,P03,P03_L01,SKU001,480,0,0,480,49.793,349,340,9,43.625,1.0,0.8761271664691824,0.9742120343839542,0.8535336292249915,0.025787965616045846
PR00001852,WO00001852,2026-03-18,C,P03,P03_L01,SKU001,480,0,0,480,49.793,353,344,9,44.125,1.0,0.8861687385777117,0.9745042492917847,0.8635752013335207,0.025495750708215296
PR00001853,WO00001853,2026-03-18,A,P03,P03_L02,SKU002,480,65,0,415,56.6,348,337,11,50.313,1.0,0.8889267316616288,0.9683908045977011,0.8608284729022095,0.031609195402298854
PR00001854,WO00001854,2026-03-18,B,P03,P03_L02,SKU006,480,0,13,467,54.878,387,376,11,49.722,0.9729166666666667,0.9060393492655268,0.9715762273901809,0.8564452057290718,0.028423772609819122
PR00001855,WO00001855,2026-03-18,C,P03,P03_L02,SKU001,480,27,0,453,49.793,287,280,7,38.013,1.0,0.7634254821583875,0.975609756097561,0.7448053484472072,0.024390243902439025
PR00001856,WO00001856,2026-03-18,A,P03,P03_L03,SKU001,480,0,51,429,49.793,318,313,5,44.476,0.89375,0.8932083721712786,0.9842767295597484,0.7857530174924187,0.015723270440251572
PR00001857,WO00001857,2026-03-18,B,P03,P03_L03,SKU003,480,0,0,480,58.1,437,426,11,54.625,1.0,0.9401893287435455,0.9748283752860412,0.9165232358003441,0.02517162471395881
PR00001858,WO00001858,2026-03-18,C,P03,P03_L03,SKU004,480,61,0,419,56.693,323,311,12,46.253,1.0,0.8158499866571902,0.9628482972136223,0.7855397704346321,0.03715170278637771
PR00001859,WO00001859,2026-03-19,A,P01,P01_L01,SKU002,480,26,0,454,69.9,472,454,18,62.379,1.0,0.8924013537274771,0.961864406779661,0.8583690987124462,0.038135593220338986
PR00001860,WO00001860,2026-03-19,B,P01,P01_L01,SKU005,480,36,0,444,50.42,307,298,9,41.486,1.0,0.8228180580421754,0.9706840390879479,0.7986963560148804,0.029315960912052116
PR00001861,WO00001861,2026-03-19,C,P01,P01_L01,SKU001,480,43,0,437,49.793,297,288,9,40.778,1.0,0.818951098279141,0.9696969696969697,0.7941343983312883,0.030303030303030304
PR00001862,WO00001862,2026-03-19,A,P01,P01_L02,SKU001,480,24,32,424,49.793,326,318,8,46.132,0.9298245614035088,0.9264771247303459,0.9754601226993865,0.8403210343453477,0.024539877300613498
PR00001863,WO00001863,2026-03-19,B,P01,P01_L02,SKU006,480,0,0,480,54.878,397,385,12,49.625,1.0,0.9042785815809614,0.9697732997481109,0.8769452239513102,0.030226700251889168
PR00001864,WO00001864,2026-03-19,C,P01,P01_L02,SKU005,480,41,0,439,50.42,313,302,11,42.779,1.0,0.8484538532364584,0.9648562300319489,0.8186359861898097,0.03514376996805112
PR00001865,WO00001865,2026-03-19,A,P01,P01_L03,SKU003,480,32,0,448,61.962,457,446,11,61.205,1.0,0.9877885985419634,0.975929978118162,0.9640125053604283,0.024070021881838075
PR00001866,WO00001866,2026-03-19,B,P01,P01_L03,SKU003,480,0,0,480,61.962,459,450,9,57.375,1.0,0.9259707562699718,0.9803921568627451,0.9078144669313449,0.0196078431372549
PR00001867,WO00001867,2026-03-19,C,P01,P01_L03,SKU008,480,23,14,443,60.302,393,388,5,53.228,0.9693654266958425,0.8826903082925047,0.9872773536895675,0.844763341799594,0.01272264631043257
PR00001868,WO00001868,2026-03-19,A,P02,P02_L01,SKU002,480,16,0,464,48.8,316,303,13,40.862,1.0,0.8373374788015828,0.9588607594936709,0.8028900508762012,0.04113924050632911
PR00001869,WO00001869,2026-03-19,B,P02,P02_L01,SKU004,480,0,12,468,48.8,342,329,13,43.846,0.975,0.8984867591424969,0.9619883040935673,0.8427254098360656,0.038011695906432746
PR00001870,WO00001870,2026-03-19,C,P02,P02_L01,SKU003,480,0,0,480,48.8,330,322,8,41.25,1.0,0.8452868852459017,0.9757575757575757,0.8247950819672131,0.024242424242424242
PR00001871,WO00001871,2026-03-19,A,P02,P02_L02,SKU004,480,0,0,480,55.9,404,391,13,50.5,1.0,0.9033989266547406,0.9678217821782178,0.8743291592128801,0.03217821782178218
PR00001872,WO00001872,2026-03-19,B,P02,P02_L02,SKU002,480,25,0,455,55.9,341,329,12,44.967,1.0,0.8044191944013054,0.9648093841642229,0.7761111875602037,0.03519061583577713
PR00001873,WO00001873,2026-03-19,C,P02,P02_L02,SKU008,480,31,0,449,55.9,336,332,4,44.9,1.0,0.8032160515715703,0.9880952380952381,0.7936539557195278,0.011904761904761904
PR00001874,WO00001874,2026-03-19,A,P02,P02_L03,SKU007,480,0,18,462,47.0,315,312,3,40.909,0.9625,0.8704061895551256,0.9904761904761905,0.8297872340425531,0.009523809523809525
PR00001875,WO00001875,2026-03-19,B,P02,P02_L03,SKU004,480,0,20,460,47.0,292,282,10,38.087,0.9583333333333334,0.8103607770582792,0.9657534246575342,0.7499999999999999,0.03424657534246575
PR00001876,WO00001876,2026-03-19,C,P02,P02_L03,SKU007,480,34,0,446,47.0,305,302,3,41.031,1.0,0.8730083007346627,0.9901639344262295,0.8644213338421907,0.009836065573770493
PR00001877,WO00001877,2026-03-19,A,P03,P03_L01,SKU001,480,0,0,480,49.793,365,357,8,45.625,1.0,0.9162934549032997,0.9780821917808219,0.8962103106862411,0.021917808219178082
PR00001878,WO00001878,2026-03-19,B,P03,P03_L01,SKU001,480,21,0,459,49.793,345,338,7,45.098,1.0,0.9057104254751928,0.9797101449275363,0.8873336922046816,0.020289855072463767
PR00001879,WO00001879,2026-03-19,C,P03,P03_L01,SKU004,480,29,0,451,56.693,345,333,12,45.898,1.0,0.8095885635720425,0.9652173913043478,0.781428961360841,0.034782608695652174
PR00001880,WO00001880,2026-03-19,A,P03,P03_L02,SKU006,480,0,28,452,54.878,370,362,8,49.115,0.9416666666666667,0.8949860462806154,0.9783783783783784,0.8245562884944787,0.021621621621621623
PR00001881,WO00001881,2026-03-19,B,P03,P03_L02,SKU006,480,0,0,480,54.878,405,395,10,50.625,1.0,0.9225008200007289,0.9753086419753086,0.8997230219760195,0.024691358024691357
PR00001882,WO00001882,2026-03-19,C,P03,P03_L02,SKU002,480,0,13,467,56.6,359,346,13,46.124,0.9729166666666667,0.8149151413805887,0.9637883008356546,0.7641342756183744,0.036211699164345405
PR00001883,WO00001883,2026-03-19,A,P03,P03_L03,SKU004,480,0,0,480,56.693,424,407,17,53.0,1.0,0.9348596828532624,0.9599056603773585,0.8973771012294287,0.04009433962264151
PR00001884,WO00001884,2026-03-19,B,P03,P03_L03,SKU004,480,20,0,460,56.693,384,374,10,50.087,1.0,0.8834769111131732,0.9739583333333334,0.8604696998862676,0.026041666666666668
PR00001885,WO00001885,2026-03-19,C,P03,P03_L03,SKU006,480,20,0,460,54.878,354,343,11,46.174,1.0,0.8413920522518725,0.9689265536723164,0.8152471014756844,0.031073446327683617
PR00001886,WO00001886,2026-03-20,A,P01,P01_L01,SKU006,480,23,24,433,54.878,374,362,12,51.824,0.9474835886214442,0.9443580372738622,0.9679144385026738,0.8660547450270236,0.03208556149732621
PR00001887,WO00001887,2026-03-20,B,P01,P01_L01,SKU008,480,0,56,424,60.302,369,363,6,52.217,0.8833333333333333,0.8659245320565732,0.983739837398374,0.7524626048887268,0.016260162601626018
PR00001888,WO00001888,2026-03-20,C,P01,P01_L01,SKU001,480,19,0,461,49.793,339,328,11,44.121,1.0,0.8860979465834542,0.967551622418879,0.8573455058388584,0.032448377581120944
PR00001889,WO00001889,2026-03-20,A,P01,P01_L02,SKU002,480,45,0,435,65.2,403,389,14,55.586,1.0,0.8525491855299343,0.9652605459057072,0.8229320922360904,0.034739454094292806
PR00001890,WO00001890,2026-03-20,B,P01,P01_L02,SKU004,480,36,0,444,56.693,392,376,16,52.973,1.0,0.9343829568548669,0.9591836734693877,0.8962448769832396,0.04081632653061224
PR00001891,WO00001891,2026-03-20,C,P01,P01_L02,SKU008,480,21,0,459,60.302,383,375,8,50.065,1.0,0.8302437643382339,0.97911227154047,0.8129018580335188,0.020887728459530026
PR00001892,WO00001892,2026-03-20,A,P01,P01_L03,SKU004,480,25,0,455,56.693,394,376,18,51.956,1.0,0.916445486321838,0.9543147208121827,0.8745774184188099,0.04568527918781726
PR00001893,WO00001893,2026-03-20,B,P01,P01_L03,SKU003,480,28,0,452,61.962,440,431,9,58.407,1.0,0.942627411090954,0.9795454545454545,0.9233463958640936,0.020454545454545454
PR00001894,WO00001894,2026-03-20,C,P01,P01_L03,SKU004,480,0,0,480,56.693,383,365,18,47.875,1.0,0.844460515407546,0.9530026109660574,0.8047730760411339,0.04699738903394256
PR00001895,WO00001895,2026-03-20,A,P02,P02_L01,SKU003,480,0,0,480,48.8,360,351,9,45.0,1.0,0.9221311475409837,0.975,0.8990778688524591,0.025
PR00001896,WO00001896,2026-03-20,B,P02,P02_L01,SKU003,480,46,0,434,48.8,326,319,7,45.069,1.0,0.9235476316385889,0.9785276073619632,0.9037168542721161,0.02147239263803681
PR00001897,WO00001897,2026-03-20,C,P02,P02_L01,SKU001,480,35,0,445,48.8,284,276,8,38.292,1.0,0.7846748940873088,0.971830985915493,0.7625713759440044,0.028169014084507043
PR00001898,WO00001898,2026-03-20,A,P02,P02_L02,SKU004,480,0,16,464,55.9,383,366,17,49.526,0.9666666666666667,0.8859724878169144,0.9556135770234987,0.8184257602862254,0.044386422976501305
PR00001899,WO00001899,2026-03-20,B,P02,P02_L02,SKU002,480,0,0,480,55.9,358,343,15,44.75,1.0,0.8005366726296959,0.9581005586592178,0.766994633273703,0.04189944134078212
PR00001900,WO00001900,2026-03-20,C,P02,P02_L02,SKU004,480,0,0,480,55.9,356,344,12,44.5,1.0,0.7960644007155635,0.9662921348314607,0.7692307692307693,0.033707865168539325
PR00001901,WO00001901,2026-03-20,A,P02,P02_L03,SKU001,480,29,0,451,47.0,307,299,8,40.843,1.0,0.868990894937963,0.9739413680781759,0.8463461810633581,0.026058631921824105
PR00001902,WO00001902,2026-03-20,B,P02,P02_L03,SKU003,480,44,51,385,47.0,264,258,6,41.143,0.8830275229357798,0.8753799392097263,0.9772727272727273,0.7554167479992191,0.022727272727272728
PR00001903,WO00001903,2026-03-20,C,P02,P02_L03,SKU004,480,0,10,470,47.0,306,294,12,39.064,0.9791666666666666,0.831145314622001,0.9607843137254902,0.7819148936170214,0.0392156862745098
PR00001904,WO00001904,2026-03-20,A,P03,P03_L01,SKU001,480,0,87,393,49.793,294,289,5,44.885,0.81875,0.9014418931015626,0.9829931972789115,0.7255035848412427,0.017006802721088437
PR00001905,WO00001905,2026-03-20,B,P03,P03_L01,SKU001,480,0,0,480,49.793,337,329,8,42.125,1.0,0.8460024501435945,0.9762611275964391,0.8259193059265358,0.02373887240356083
PR00001906,WO00001906,2026-03-20,C,P03,P03_L01,SKU004,480,0,0,480,56.693,370,356,14,46.25,1.0,0.8157973647540261,0.9621621621621622,0.7849293563579278,0.03783783783783784
PR00001907,WO00001907,2026-03-20,A,P03,P03_L02,SKU004,480,0,0,480,56.6,415,402,13,51.875,1.0,0.9165194346289752,0.9686746987951808,0.8878091872791519,0.03132530120481928
PR00001908,WO00001908,2026-03-20,B,P03,P03_L02,SKU001,480,0,20,460,49.793,330,322,8,43.043,0.9583333333333334,0.8644483815168712,0.9757575757575757,0.8083465547366095,0.024242424242424242
PR00001909,WO00001909,2026-03-20,C,P03,P03_L02,SKU006,480,0,0,480,54.878,370,358,12,46.25,1.0,0.8427785269142462,0.9675675675675676,0.8154451692845949,0.032432432432432434
PR00001910,WO00001910,2026-03-20,A,P03,P03_L03,SKU004,480,28,0,452,56.693,390,377,13,51.77,1.0,0.9131623217050567,0.9666666666666667,0.8827235776482215,0.03333333333333333
PR00001911,WO00001911,2026-03-20,B,P03,P03_L03,SKU003,480,0,0,480,58.1,414,405,9,51.75,1.0,0.8907056798623063,0.9782608695652174,0.871342512908778,0.021739130434782608
PR00001912,WO00001912,2026-03-20,C,P03,P03_L03,SKU001,480,0,13,467,49.793,336,328,8,43.169,0.9729166666666667,0.866972564059747,0.9761904761904762,0.8234089128994035,0.023809523809523808
PR00001913,WO00001913,2026-03-21,B,P01,P01_L01,SKU001,480,32,56,392,49.793,308,301,7,47.143,0.875,0.9467767988041923,0.9772727272727273,0.8096017512501757,0.022727272727272728
PR00001914,WO00001914,2026-03-21,C,P01,P01_L01,SKU008,480,0,0,480,60.302,398,393,5,49.75,1.0,0.8250140957182183,0.9874371859296482,0.8146495970282909,0.01256281407035176
PR00001915,WO00001915,2026-03-21,A,P01,P01_L02,SKU001,480,18,0,462,49.793,353,344,9,45.844,1.0,0.9206947933274927,0.9745042492917847,0.8972209883984631,0.025495750708215296
PR00001916,WO00001916,2026-03-21,B,P01,P01_L02,SKU002,480,20,0,460,65.2,418,399,19,54.522,1.0,0.8362229927980794,0.9545454545454546,0.7982128567618031,0.045454545454545456
PR00001917,WO00001917,2026-03-21,C,P01,P01_L02,SKU008,480,28,0,452,60.302,371,364,7,49.248,1.0,0.8166858082753387,0.9811320754716981,0.8012766420814643,0.018867924528301886
PR00001918,WO00001918,2026-03-21,A,P01,P01_L03,SKU003,480,0,0,480,61.962,480,471,9,60.0,1.0,0.9683354313934346,0.98125,0.9501791420548077,0.01875
PR00001919,WO00001919,2026-03-21,A,P02,P02_L01,SKU001,480,0,0,480,48.8,339,331,8,42.375,1.0,0.8683401639344263,0.976401179941003,0.8478483606557378,0.02359882005899705
PR00001920,WO00001920,2026-03-21,B,P02,P02_L01,SKU003,480,0,0,480,48.8,330,324,6,41.25,1.0,0.8452868852459017,0.9818181818181818,0.8299180327868853,0.01818181818181818
PR00001921,WO00001921,2026-03-21,C,P02,P02_L01,SKU002,480,0,51,429,48.8,277,265,12,38.741,0.89375,0.7938782528946463,0.9566787003610109,0.6787909836065574,0.04332129963898917
PR00001922,WO00001922,2026-03-21,A,P02,P02_L02,SKU006,480,0,0,480,54.878,398,389,9,49.75,1.0,0.9065563613834323,0.9773869346733668,0.8860563431611939,0.022613065326633167
PR00001923,WO00001923,2026-03-21,B,P02,P02_L02,SKU004,480,0,0,480,55.9,381,368,13,47.625,1.0,0.8519677996422182,0.9658792650918635,0.8228980322003577,0.03412073490813648
PR00001924,WO00001924,2026-03-21,A,P02,P02_L03,SKU003,480,0,0,480,47.0,358,350,8,44.75,1.0,0.9521276595744681,0.9776536312849162,0.9308510638297872,0.0223463687150838
PR00001925,WO00001925,2026-03-21,B,P02,P02_L03,SKU004,480,0,0,480,47.0,318,306,12,39.75,1.0,0.8457446808510638,0.9622641509433962,0.8138297872340425,0.03773584905660377
PR00001926,WO00001926,2026-03-21,C,P02,P02_L03,SKU003,480,32,0,448,47.0,299,291,8,40.045,1.0,0.8520136778115501,0.9732441471571907,0.8292173252279635,0.026755852842809364
PR00001927,WO00001927,2026-03-21,C,P03,P03_L01,SKU001,480,43,0,437,49.793,303,294,9,41.602,1.0,0.8354955649110429,0.9702970297029703,0.8106788649631902,0.0297029702970297
PR00001928,WO00001928,2026-03-21,A,P03,P03_L02,SKU005,480,22,0,458,50.42,327,320,7,42.838,1.0,0.8496316530662088,0.9785932721712538,0.8314438195143328,0.021406727828746176
PR00001929,WO00001929,2026-03-21,B,P03,P03_L02,SKU001,480,0,12,468,49.793,343,334,9,43.974,0.975,0.8831433931347574,0.9737609329446064,0.8384712710621974,0.026239067055393587
PR00001930,WO00001930,2026-03-21,A,P03,P03_L03,SKU003,480,0,17,463,58.1,424,416,8,54.946,0.9645833333333333,0.9457143600628989,0.9811320754716981,0.8950086058519794,0.018867924528301886
PR00001931,WO00001931,2026-03-21,B,P03,P03_L03,SKU004,480,31,0,449,56.693,376,363,13,50.245,1.0,0.8862644217829809,0.9654255319148937,0.85562230081708,0.034574468085106384
PR00001932,WO00001932,2026-03-22,A,P01,P01_L01,SKU001,480,0,0,480,49.793,356,347,9,44.5,1.0,0.8936999176591087,0.9747191011235955,0.8711063804149177,0.025280898876404494
PR00001933,WO00001933,2026-03-22,B,P01,P01_L01,SKU001,480,0,0,480,49.793,355,346,9,44.375,1.0,0.8911895246319764,0.9746478873239437,0.8685959873877855,0.02535211267605634
PR00001934,WO00001934,2026-03-22,C,P01,P01_L01,SKU002,480,21,0,459,69.9,424,406,18,55.425,1.0,0.7929161173291444,0.9575471698113207,0.7592545840463033,0.04245283018867924
PR00001935,WO00001935,2026-03-22,C,P01,P01_L02,SKU008,480,0,0,480,60.302,396,387,9,49.5,1.0,0.8208682962422473,0.9772727272727273,0.8022121986003781,0.022727272727272728
PR00001936,WO00001936,2026-03-22,A,P01,P01_L03,SKU003,480,21,64,395,61.962,360,353,7,54.684,0.8605664488017429,0.882533557725662,0.9805555555555555,0.7447111269757787,0.019444444444444445
PR00001937,WO00001937,2026-03-22,B,P02,P02_L01,SKU003,480,19,0,461,48.8,351,344,7,45.683,1.0,0.9361331389353152,0.98005698005698,0.9174638170762064,0.019943019943019943
PR00001938,WO00001938,2026-03-22,A,P02,P02_L02,SKU002,480,0,0,480,55.9,387,373,14,48.375,1.0,0.8653846153846154,0.9638242894056848,0.8340787119856887,0.03617571059431524
PR00001939,WO00001939,2026-03-22,A,P02,P02_L03,SKU002,480,28,0,452,47.0,320,310,10,42.478,1.0,0.9037845980041423,0.96875,0.8755413293165129,0.03125
PR00001940,WO00001940,2026-03-22,B,P02,P02_L03,SKU007,480,31,0,449,47.0,298,294,4,39.822,1.0,0.8472728995877362,0.9865771812080537,0.8359001089892432,0.013422818791946308
PR00001941,WO00001941,2026-03-22,C,P02,P02_L03,SKU008,480,0,23,457,47.0,273,268,5,35.842,0.9520833333333333,0.7626053354439221,0.9816849816849816,0.7127659574468085,0.018315018315018316
PR00001942,WO00001942,2026-03-22,A,P03,P03_L01,SKU001,480,0,19,461,49.793,334,328,6,43.471,0.9604166666666667,0.8730286553359107,0.9820359281437125,0.8234089128994035,0.017964071856287425
PR00001943,WO00001943,2026-03-22,B,P03,P03_L01,SKU006,480,36,0,444,54.878,371,362,9,50.135,1.0,0.9135743856396941,0.9757412398921833,0.8914122037778147,0.02425876010781671
PR00001944,WO00001944,2026-03-22,A,P03,P03_L02,SKU001,480,36,0,444,49.793,334,327,7,45.135,1.0,0.9064554281753486,0.9790419161676647,0.8874578593213742,0.020958083832335328
PR00001945,WO00001945,2026-03-22,B,P03,P03_L02,SKU001,480,32,7,441,49.793,339,332,7,46.122,0.984375,0.9262837945010712,0.9793510324483776,0.8929826625084996,0.02064896755162242
PR00001946,WO00001946,2026-03-22,C,P03,P03_L02,SKU008,480,0,0,480,56.6,370,362,8,46.25,1.0,0.8171378091872792,0.9783783783783784,0.799469964664311,0.021621621621621623
PR00001947,WO00001947,2026-03-22,A,P03,P03_L03,SKU003,480,25,0,455,58.1,405,397,8,53.407,1.0,0.9192184751565131,0.980246913580247,0.9010610731781129,0.019753086419753086
PR00001948,WO00001948,2026-03-22,C,P03,P03_L03,SKU004,480,0,0,480,56.693,400,383,17,50.0,1.0,0.8819430970313795,0.9575,0.8444605154075459,0.0425
PR00001949,WO00001949,2026-03-23,A,P01,P01_L01,SKU004,480,0,0,480,56.693,399,385,14,49.875,1.0,0.8797382392888011,0.9649122807017544,0.8488702308927029,0.03508771929824561
PR00001950,WO00001950,2026-03-23,B,P01,P01_L01,SKU002,480,0,0,480,69.9,489,470,19,61.125,1.0,0.8744635193133047,0.9611451942740287,0.8404864091559371,0.03885480572597137
PR00001951,WO00001951,2026-03-23,C,P01,P01_L01,SKU005,480,72,0,408,50.42,273,266,7,40.147,1.0,0.7962526541755139,0.9743589743589743,0.7758359194530648,0.02564102564102564
PR00001952,WO00001952,2026-03-23,A,P01,P01_L02,SKU006,480,43,18,419,54.878,365,355,10,52.267,0.9588100686498856,0.952427258694291,0.9726027397260274,0.8881777536408408,0.0273972602739726
PR00001953,WO00001953,2026-03-23,B,P01,P01_L02,SKU004,480,31,0,449,56.693,359,347,12,47.973,1.0,0.8461939559044951,0.9665738161559888,0.8179089211667403,0.033426183844011144
PR00001954,WO00001954,2026-03-23,C,P01,P01_L02,SKU002,480,0,37,443,65.2,410,392,18,55.53,0.9229166666666667,0.8516943871262584,0.9560975609756097,0.7515337423312882,0.04390243902439024
PR00001955,WO00001955,2026-03-23,A,P01,P01_L03,SKU002,480,0,0,480,72.0,489,469,20,61.125,1.0,0.8489583333333334,0.9591002044989775,0.8142361111111112,0.0408997955010225
PR00001956,WO00001956,2026-03-23,B,P01,P01_L03,SKU003,480,0,16,464,61.962,448,435,13,57.931,0.9666666666666667,0.9349445544488334,0.9709821428571429,0.8775539847003001,0.029017857142857144
PR00001957,WO00001957,2026-03-23,C,P01,P01_L03,SKU003,480,23,0,457,61.962,430,419,11,56.455,1.0,0.9111252417925096,0.9744186046511628,0.8878173867699106,0.02558139534883721
PR00001958,WO00001958,2026-03-23,A,P02,P02_L01,SKU001,480,45,0,435,48.8,310,301,9,42.759,1.0,0.8762012436404749,0.9709677419354839,0.8507631430186546,0.02903225806451613
PR00001959,WO00001959,2026-03-23,B,P02,P02_L01,SKU003,480,74,0,406,48.8,294,288,6,43.448,1.0,0.8903335217637084,0.9795918367346939,0.8721634498909796,0.02040816326530612
PR00001960,WO00001960,2026-03-23,C,P02,P02_L01,SKU003,480,0,0,480,48.8,306,300,6,38.25,1.0,0.7838114754098361,0.9803921568627451,0.7684426229508197,0.0196078431372549
PR00001961,WO00001961,2026-03-23,A,P02,P02_L02,SKU006,480,0,0,480,54.878,423,412,11,52.875,1.0,0.9635008564452058,0.9739952718676123,0.9384452786180254,0.026004728132387706
PR00001962,WO00001962,2026-03-23,B,P02,P02_L02,SKU002,480,0,66,414,55.9,313,301,12,45.362,0.8625,0.8114904980425708,0.9616613418530351,0.673076923076923,0.038338658146964855
PR00001963,WO00001963,2026-03-23,C,P02,P02_L02,SKU002,480,0,0,480,55.9,363,351,12,45.375,1.0,0.8117173524150268,0.9669421487603306,0.7848837209302326,0.03305785123966942
PR00001964,WO00001964,2026-03-23,A,P02,P02_L03,SKU002,480,28,41,411,47.0,271,262,9,39.562,0.9092920353982301,0.8417456126727753,0.966789667896679,0.7399736396158916,0.033210332103321034
PR00001965,WO00001965,2026-03-23,B,P02,P02_L03,SKU007,480,0,0,480,47.0,322,317,5,40.25,1.0,0.8563829787234043,0.984472049689441,0.8430851063829787,0.015527950310559006
PR00001966,WO00001966,2026-03-23,C,P02,P02_L03,SKU003,480,28,41,411,47.0,278,272,6,40.584,0.9092920353982301,0.8634881192731791,0.9784172661870504,0.7682169083035211,0.02158273381294964
PR00001967,WO00001967,2026-03-23,A,P03,P03_L01,SKU004,480,0,0,480,56.693,398,384,14,49.75,1.0,0.8775333815462226,0.964824120603015,0.8466653731501244,0.035175879396984924
PR00001968,WO00001968,2026-03-23,B,P03,P03_L01,SKU001,480,0,0,480,49.793,334,327,7,41.75,1.0,0.8384712710621975,0.9790419161676647,0.8208985198722712,0.020958083832335328
PR00001969,WO00001969,2026-03-23,C,P03,P03_L01,SKU003,480,0,0,480,57.7,412,401,11,51.5,1.0,0.8925476603119583,0.9733009708737864,0.8687175043327555,0.02669902912621359
PR00001970,WO00001970,2026-03-23,A,P03,P03_L02,SKU006,480,0,0,480,54.878,404,396,8,50.5,1.0,0.920223040198258,0.9801980198019802,0.9020008017784904,0.019801980198019802
PR00001971,WO00001971,2026-03-23,B,P03,P03_L02,SKU001,480,0,0,480,49.793,367,359,8,45.875,1.0,0.9213142409575643,0.9782016348773842,0.9012310967405057,0.021798365122615803
PR00001972,WO00001972,2026-03-23,C,P03,P03_L02,SKU008,480,16,0,464,56.6,353,346,7,45.647,1.0,0.8064761788716949,0.9801699716713881,0.7904837333983185,0.019830028328611898
PR00001973,WO00001973,2026-03-23,A,P03,P03_L03,SKU001,480,0,0,480,49.793,335,328,7,41.875,1.0,0.8409816640893298,0.9791044776119403,0.8234089128994035,0.020895522388059702
PR00001974,WO00001974,2026-03-23,B,P03,P03_L03,SKU004,480,0,0,480,56.693,415,404,11,51.875,1.0,0.9150159631700563,0.9734939759036144,0.8907625280016933,0.02650602409638554
PR00001975,WO00001975,2026-03-23,C,P03,P03_L03,SKU004,480,25,0,455,56.693,352,339,13,46.418,1.0,0.8187533278814391,0.9630681818181818,0.7885152788403631,0.036931818181818184
PR00001976,WO00001976,2026-03-24,A,P01,P01_L01,SKU005,480,17,0,463,50.42,341,334,7,44.19,1.0,0.876439206561214,0.9794721407624634,0.8584477858986671,0.020527859237536656
PR00001977,WO00001977,2026-03-24,B,P01,P01_L01,SKU004,480,27,0,453,56.693,375,362,13,49.669,1.0,0.8761024142695824,0.9653333333333334,0.8457308639082368,0.034666666666666665
PR00001978,WO00001978,2026-03-24,C,P01,P01_L01,SKU001,480,0,0,480,49.793,337,327,10,42.125,1.0,0.8460024501435945,0.9703264094955489,0.8208985198722712,0.02967359050445104
PR00001979,WO00001979,2026-03-24,A,P01,P01_L02,SKU001,480,0,0,480,49.793,361,353,8,45.125,1.0,0.9062518827947703,0.9778393351800554,0.8861687385777117,0.0221606648199446
PR00001980,WO00001980,2026-03-24,B,P01,P01_L02,SKU001,480,0,80,400,49.793,288,282,6,43.2,0.8333333333333334,0.8675918301769325,0.9791666666666666,0.7079308336513165,0.020833333333333332
PR00001981,WO00001981,2026-03-24,C,P01,P01_L02,SKU001,480,31,0,449,49.793,320,314,6,42.762,1.0,0.858789240462195,0.98125,0.8426869422035288,0.01875
PR00001982,WO00001982,2026-03-24,A,P01,P01_L03,SKU008,480,34,0,446,60.302,385,380,5,51.794,1.0,0.8589055416585548,0.987012987012987,0.8477509242344178,0.012987012987012988
PR00001983,WO00001983,2026-03-24,B,P01,P01_L03,SKU008,480,0,0,480,60.302,407,399,8,50.875,1.0,0.8436701933600875,0.9803439803439803,0.8270869954562037,0.019656019656019656
PR00001984,WO00001984,2026-03-24,C,P01,P01_L03,SKU003,480,30,0,450,61.962,433,422,11,57.733,1.0,0.9317538706519048,0.9745958429561201,0.9080834489956209,0.025404157043879907
PR00001985,WO00001985,2026-03-24,A,P02,P02_L01,SKU006,480,0,17,463,48.8,351,344,7,45.486,0.9645833333333333,0.9320893672768474,0.98005698005698,0.8811475409836066,0.019943019943019943
PR00001986,WO00001986,2026-03-24,B,P02,P02_L01,SKU003,480,0,0,480,48.8,337,329,8,42.125,1.0,0.8632172131147542,0.9762611275964391,0.8427254098360656,0.02373887240356083
PR00001987,WO00001987,2026-03-24,C,P02,P02_L01,SKU003,480,25,16,439,48.8,303,295,8,41.412,0.9648351648351648,0.8486127189215431,0.9735973597359736,0.7971536660061251,0.026402640264026403
PR00001988,WO00001988,2026-03-24,A,P02,P02_L02,SKU002,480,26,0,454,55.9,367,353,14,48.502,1.0,0.8676601546184581,0.9618528610354223,0.8345614021262009,0.03814713896457766
PR00001989,WO00001989,2026-03-24,B,P02,P02_L02,SKU006,480,0,0,480,54.878,412,400,12,51.5,1.0,0.9384452786180254,0.970873786407767,0.9111119209883742,0.02912621359223301
PR00001990,WO00001990,2026-03-24,C,P02,P02_L02,SKU006,480,0,0,480,54.878,370,358,12,46.25,1.0,0.8427785269142462,0.9675675675675676,0.8154451692845949,0.032432432432432434
PR00001991,WO00001991,2026-03-24,A,P02,P02_L03,SKU007,480,0,0,480,47.0,347,341,6,43.375,1.0,0.9228723404255319,0.9827089337175793,0.9069148936170213,0.01729106628242075
PR00001992,WO00001992,2026-03-24,B,P02,P02_L03,SKU007,480,43,20,417,47.0,268,266,2,38.561,0.954233409610984,0.8204500229603551,0.9925373134328358,0.7770582793709527,0.007462686567164179
PR00001993,WO00001993,2026-03-24,C,P02,P02_L03,SKU001,480,24,0,456,47.0,285,276,9,37.5,1.0,0.7978723404255319,0.968421052631579,0.7726763717805151,0.031578947368421054
PR00001994,WO00001994,2026-03-24,A,P03,P03_L01,SKU006,480,0,0,480,54.878,412,404,8,51.5,1.0,0.9384452786180254,0.9805825242718447,0.920223040198258,0.019417475728155338
PR00001995,WO00001995,2026-03-24,B,P03,P03_L01,SKU007,480,0,0,480,57.7,393,390,3,49.125,1.0,0.8513864818024263,0.9923664122137404,0.8448873483535527,0.007633587786259542
PR00001996,WO00001996,2026-03-24,C,P03,P03_L01,SKU001,480,20,0,460,49.793,297,290,7,38.739,1.0,0.7780035433651841,0.9764309764309764,0.7596667595148262,0.02356902356902357
PR00001997,WO00001997,2026-03-24,A,P03,P03_L02,SKU004,480,0,0,480,56.6,400,391,9,50.0,1.0,0.8833922261484098,0.9775,0.8635159010600707,0.0225
PR00001998,WO00001998,2026-03-24,B,P03,P03_L02,SKU006,480,29,0,451,54.878,373,363,10,49.623,1.0,0.9042432280141824,0.9731903485254692,0.8800007822229174,0.02680965147453083
PR00001999,WO00001999,2026-03-24,C,P03,P03_L02,SKU004,480,0,0,480,56.6,390,376,14,48.75,1.0,0.8613074204946997,0.9641025641025641,0.8303886925795053,0.035897435897435895
PR00002000,WO00002000,2026-03-24,A,P03,P03_L03,SKU004,480,0,22,458,56.693,383,372,11,50.175,0.9541666666666667,0.8850241209511398,0.9712793733681462,0.820207080239183,0.028720626631853787
PR00002001,WO00002001,2026-03-24,B,P03,P03_L03,SKU003,480,0,35,445,58.1,385,377,8,51.91,0.9270833333333334,0.8934614863950182,0.9792207792207792,0.8111015490533563,0.02077922077922078
PR00002002,WO00002002,2026-03-24,C,P03,P03_L03,SKU003,480,51,0,429,58.1,354,348,6,49.51,1.0,0.8521598883044665,0.9830508474576272,0.8377165003671028,0.01694915254237288
PR00002003,WO00002003,2026-03-25,A,P01,P01_L01,SKU001,480,0,0,480,49.793,380,370,10,47.5,1.0,0.9539493503102846,0.9736842105263158,0.9288454200389613,0.02631578947368421
PR00002004,WO00002004,2026-03-25,B,P01,P01_L01,SKU005,480,0,19,461,50.42,336,328,8,43.731,0.9604166666666667,0.8673347783176629,0.9761904761904762,0.8131693772312573,0.023809523809523808
PR00002005,WO00002005,2026-03-25,C,P01,P01_L01,SKU001,480,49,0,431,49.793,302,294,8,42.042,1.0,0.8443307963181027,0.9735099337748344,0.8219644176076893,0.026490066225165563
PR00002006,WO00002006,2026-03-25,A,P01,P01_L02,SKU002,480,19,0,461,65.2,423,405,18,55.054,1.0,0.8443900296767496,0.9574468085106383,0.8084585390522071,0.0425531914893617
PR00002007,WO00002007,2026-03-25,B,P01,P01_L02,SKU006,480,0,0,480,54.878,396,381,15,49.5,1.0,0.9020008017784905,0.9621212121212122,0.8678341047414265,0.03787878787878788
PR00002008,WO00002008,2026-03-25,C,P01,P01_L02,SKU001,480,0,0,480,49.793,338,330,8,42.25,1.0,0.8485128431707268,0.9763313609467456,0.8284296989536682,0.023668639053254437
PR00002009,WO00002009,2026-03-25,A,P01,P01_L03,SKU002,480,0,30,450,72.0,458,443,15,61.067,0.9375,0.8481481481481481,0.9672489082969432,0.7690972222222222,0.03275109170305677
PR00002010,WO00002010,2026-03-25,B,P01,P01_L03,SKU003,480,17,0,463,61.962,460,449,11,59.611,1.0,0.9620611197429373,0.9760869565217392,0.9390553103577801,0.02391304347826087
PR00002011,WO00002011,2026-03-25,C,P01,P01_L03,SKU003,480,0,96,384,61.962,347,340,7,54.219,0.8,0.875032277847713,0.9798270893371758,0.6859042639036829,0.020172910662824207
PR00002012,WO00002012,2026-03-25,A,P02,P02_L01,SKU002,480,17,8,455,48.8,313,303,10,41.275,0.9827213822894169,0.8457935507115837,0.9680511182108626,0.8046241546577916,0.03194888178913738
PR00002013,WO00002013,2026-03-25,B,P02,P02_L01,SKU003,480,34,27,419,48.8,304,298,6,43.532,0.9394618834080718,0.8920536797214289,0.9802631578947368,0.8215099610380064,0.019736842105263157
PR00002014,WO00002014,2026-03-25,C,P02,P02_L01,SKU006,480,0,0,480,48.8,368,356,12,46.0,1.0,0.9426229508196722,0.967391304347826,0.9118852459016393,0.03260869565217391
PR00002015,WO00002015,2026-03-25,A,P02,P02_L02,SKU004,480,0,0,480,55.9,393,380,13,49.125,1.0,0.8788014311270126,0.9669211195928753,0.8497316636851521,0.03307888040712468
PR00002016,WO00002016,2026-03-25,B,P02,P02_L02,SKU005,480,0,12,468,50.42,339,332,7,43.462,0.975,0.8619900527873554,0.9793510324483776,0.8230860769535898,0.02064896755162242
PR00002017,WO00002017,2026-03-25,C,P02,P02_L02,SKU004,480,0,13,467,55.9,373,359,14,47.923,0.9729166666666667,0.8572971772015645,0.9624664879356568,0.8027728085867621,0.03753351206434316
PR00002018,WO00002018,2026-03-25,A,P02,P02_L03,SKU001,480,27,0,453,47.0,303,297,6,40.132,1.0,0.8538819219388475,0.9801980198019802,0.8369733690291673,0.019801980198019802
PR00002019,WO00002019,2026-03-25,B,P02,P02_L03,SKU001,480,38,0,442,47.0,287,281,6,38.959,1.0,0.8289207663425436,0.9790940766550522,0.811591412342351,0.020905923344947737
PR00002020,WO00002020,2026-03-25,C,P02,P02_L03,SKU007,480,0,0,480,47.0,317,313,4,39.625,1.0,0.8430851063829787,0.9873817034700315,0.8324468085106382,0.012618296529968454
PR00002021,WO00002021,2026-03-25,A,P03,P03_L01,SKU004,480,0,0,480,56.693,380,369,11,47.5,1.0,0.8378459421798106,0.9710526315789474,0.8135925070114477,0.02894736842105263
PR00002022,WO00002022,2026-03-25,B,P03,P03_L01,SKU004,480,12,10,458,56.693,379,364,15,49.651,0.9786324786324786,0.875781049191859,0.9604221635883905,0.8231468905626209,0.0395778364116095
PR00002023,WO00002023,2026-03-25,C,P03,P03_L01,SKU003,480,0,0,480,57.7,392,385,7,49.0,1.0,0.8492201039861351,0.9821428571428571,0.8340554592720969,0.017857142857142856
PR00002024,WO00002024,2026-03-25,A,P03,P03_L02,SKU006,480,20,0,460,54.878,400,390,10,52.174,1.0,0.9507254827704774,0.975,0.9269573457012155,0.025
PR00002025,WO00002025,2026-03-25,B,P03,P03_L02,SKU006,480,16,0,464,54.878,393,379,14,50.819,1.0,0.9260353059011148,0.9643765903307888,0.8930467708308462,0.035623409669211195
PR00002026,WO00002026,2026-03-25,C,P03,P03_L02,SKU006,480,0,0,480,54.878,401,390,11,50.125,1.0,0.9133897007908451,0.972568578553616,0.8883341229636649,0.02743142144638404
PR00002027,WO00002027,2026-03-25,A,P03,P03_L03,SKU004,480,26,0,454,56.693,366,355,11,48.37,1.0,0.8531925291105329,0.9699453551912568,0.8275501306946426,0.030054644808743168
PR00002028,WO00002028,2026-03-25,B,P03,P03_L03,SKU004,480,54,0,426,56.693,347,334,13,48.873,1.0,0.862068323013771,0.962536023054755,0.8297718152351571,0.037463976945244955
PR00002029,WO00002029,2026-03-25,C,P03,P03_L03,SKU001,480,36,34,410,49.793,277,272,5,40.537,0.9234234234234234,0.8141020899695471,0.9819494584837545,0.7381912468972899,0.018050541516245487
PR00002030,WO00002030,2026-03-26,A,P01,P01_L01,SKU005,480,0,0,480,50.42,363,355,8,45.375,1.0,0.899940499801666,0.977961432506887,0.8801071003570012,0.02203856749311295
PR00002031,WO00002031,2026-03-26,B,P01,P01_L01,SKU005,480,0,9,471,50.42,354,344,10,45.096,0.98125,0.8943978857848848,0.9717514124293786,0.8528361761205872,0.02824858757062147
PR00002032,WO00002032,2026-03-26,C,P01,P01_L01,SKU006,480,0,0,480,54.878,416,404,12,52.0,1.0,0.9475563978279091,0.9711538461538461,0.9202230401982578,0.028846153846153848
PR00002033,WO00002033,2026-03-26,A,P01,P01_L02,SKU003,480,0,0,480,61.962,464,454,10,58.0,1.0,0.9360575836803201,0.978448275862069,0.9158839288596236,0.021551724137931036
PR00002034,WO00002034,2026-03-26,B,P01,P01_L02,SKU001,480,0,0,480,49.793,354,343,11,44.25,1.0,0.888679131604844,0.9689265536723164,0.8610648083063884,0.031073446327683617
PR00002035,WO00002035,2026-03-26,C,P01,P01_L02,SKU001,480,0,0,480,49.793,346,336,10,43.25,1.0,0.8685959873877854,0.9710982658959537,0.8434920571164621,0.028901734104046242
PR00002036,WO00002036,2026-03-26,A,P01,P01_L03,SKU003,480,28,15,437,61.962,418,407,11,57.391,0.9668141592920354,0.926233890898068,0.9736842105263158,0.8719303552591325,0.02631578947368421
PR00002037,WO00002037,2026-03-26,B,P01,P01_L03,SKU004,480,0,0,480,56.693,435,419,16,54.375,1.0,0.9591131180216252,0.9632183908045977,0.9238353941403701,0.0367816091954023
PR00002038,WO00002038,2026-03-26,C,P01,P01_L03,SKU003,480,21,0,459,61.962,412,403,9,53.856,1.0,0.8691812586799457,0.9781553398058253,0.8501942894369372,0.021844660194174758
PR00002039,WO00002039,2026-03-26,A,P02,P02_L01,SKU008,480,0,16,464,48.8,326,322,4,42.155,0.9666666666666667,0.8638355002826456,0.9877300613496932,0.8247950819672131,0.012269938650306749
PR00002040,WO00002040,2026-03-26,B,P02,P02_L01,SKU008,480,0,0,480,48.8,324,318,6,40.5,1.0,0.8299180327868853,0.9814814814814815,0.8145491803278688,0.018518518518518517
PR00002041,WO00002041,2026-03-26,C,P02,P02_L01,SKU003,480,34,0,446,48.8,308,300,8,41.435,1.0,0.8490774093949864,0.974025974025974,0.8270234507094024,0.025974025974025976
PR00002042,WO00002042,2026-03-26,A,P02,P02_L02,SKU004,480,30,0,450,55.9,359,350,9,47.867,1.0,0.8562909958258795,0.9749303621169917,0.8348240906380442,0.025069637883008356
PR00002043,WO00002043,2026-03-26,B,P02,P02_L02,SKU004,480,0,0,480,55.9,404,392,12,50.5,1.0,0.9033989266547406,0.9702970297029703,0.8765652951699463,0.0297029702970297
PR00002044,WO00002044,2026-03-26,C,P02,P02_L02,SKU004,480,24,0,456,55.9,349,336,13,45.921,1.0,0.8214857358064213,0.9627507163323782,0.7908859806044628,0.03724928366762178
PR00002045,WO00002045,2026-03-26,A,P02,P02_L03,SKU007,480,0,0,480,47.0,337,333,4,42.125,1.0,0.8962765957446809,0.9881305637982196,0.8856382978723405,0.011869436201780416
PR00002046,WO00002046,2026-03-26,B,P02,P02_L03,SKU003,480,20,0,460,47.0,341,334,7,44.478,1.0,0.946345975948196,0.9794721407624634,0.9269195189639222,0.020527859237536656
PR00002047,WO00002047,2026-03-26,C,P02,P02_L03,SKU003,480,0,0,480,47.0,333,326,7,41.625,1.0,0.8856382978723404,0.978978978978979,0.8670212765957447,0.021021021021021023
PR00002048,WO00002048,2026-03-26,A,P03,P03_L01,SKU004,480,0,0,480,56.693,421,408,13,52.625,1.0,0.928245109625527,0.9691211401425178,0.8995819589720071,0.030878859857482184
PR00002049,WO00002049,2026-03-26,B,P03,P03_L01,SKU001,480,27,0,453,49.793,334,326,8,44.238,1.0,0.8884463799334543,0.9760479041916168,0.867166227120677,0.023952095808383235
PR00002050,WO00002050,2026-03-26,C,P03,P03_L01,SKU004,480,21,0,459,56.693,370,359,11,48.366,1.0,0.8531214271937527,0.9702702702702702,0.8277583577366411,0.02972972972972973
PR00002051,WO00002051,2026-03-26,A,P03,P03_L02,SKU001,480,20,0,460,49.793,331,325,6,43.174,1.0,0.8670679220669223,0.9818731117824774,0.8513506787666156,0.01812688821752266
PR00002052,WO00002052,2026-03-26,B,P03,P03_L02,SKU002,480,40,0,440,56.6,358,343,15,48.818,1.0,0.8625120462576293,0.9581005586592178,0.8263732733697398,0.04189944134078212
PR00002053,WO00002053,2026-03-26,C,P03,P03_L02,SKU006,480,0,0,480,54.878,392,381,11,49.0,1.0,0.8928896825686067,0.9719387755102041,0.8678341047414264,0.02806122448979592
PR00002054,WO00002054,2026-03-26,A,P03,P03_L03,SKU004,480,0,0,480,56.693,410,399,11,51.25,1.0,0.9039916744571641,0.973170731707317,0.8797382392888011,0.026829268292682926
PR00002055,WO00002055,2026-03-26,B,P03,P03_L03,SKU004,480,0,0,480,56.693,408,395,13,51.0,1.0,0.8995819589720072,0.9681372549019608,0.8709188083184873,0.031862745098039214
PR00002056,WO00002056,2026-03-26,C,P03,P03_L03,SKU004,480,0,0,480,56.693,365,353,12,45.625,1.0,0.8047730760411339,0.9671232876712329,0.7783147831301925,0.03287671232876712
PR00002057,WO00002057,2026-03-27,A,P01,P01_L01,SKU005,480,0,50,430,50.42,312,304,8,43.535,0.8958333333333334,0.863444738614245,0.9743589743589743,0.753669178897263,0.02564102564102564
PR00002058,WO00002058,2026-03-27,B,P01,P01_L01,SKU005,480,0,0,480,50.42,331,322,9,41.375,1.0,0.8206069020230067,0.972809667673716,0.7982943276477588,0.027190332326283987
PR00002059,WO00002059,2026-03-27,C,P01,P01_L01,SKU002,480,32,0,448,69.9,421,402,19,56.384,1.0,0.8066370324954015,0.9548693586698337,0.7702329858982219,0.04513064133016627
PR00002060,WO00002060,2026-03-27,A,P01,P01_L02,SKU001,480,39,41,400,49.793,289,281,8,43.35,0.9070294784580499,0.8706043018094913,0.972318339100346,0.7678045612236019,0.02768166089965398
PR00002061,WO00002061,2026-03-27,B,P01,P01_L02,SKU001,480,0,0,480,49.793,367,358,9,45.875,1.0,0.9213142409575643,0.9754768392370572,0.8987207037133733,0.02452316076294278
PR00002062,WO00002062,2026-03-27,C,P01,P01_L02,SKU004,480,29,14,437,56.693,381,365,16,52.311,0.9689578713968958,0.9227102607843174,0.958005249343832,0.8565212339240449,0.04199475065616798
PR00002063,WO00002063,2026-03-27,A,P01,P01_L03,SKU008,480,0,0,480,60.302,407,401,6,50.875,1.0,0.8436701933600875,0.9852579852579852,0.8312327949321747,0.014742014742014743
PR00002064,WO00002064,2026-03-27,B,P01,P01_L03,SKU003,480,0,0,480,61.962,445,436,9,55.625,1.0,0.8977276395209967,0.9797752808988764,0.8795713501823698,0.020224719101123594
PR00002065,WO00002065,2026-03-27,C,P01,P01_L03,SKU003,480,12,0,468,61.962,457,448,9,58.59,1.0,0.9455754105700847,0.9803063457330415,0.9269535753509801,0.019693654266958426
PR00002066,WO00002066,2026-03-27,A,P02,P02_L01,SKU003,480,0,0,480,48.8,360,352,8,45.0,1.0,0.9221311475409837,0.9777777777777777,0.9016393442622951,0.022222222222222223
PR00002067,WO00002067,2026-03-27,B,P02,P02_L01,SKU003,480,0,0,480,48.8,363,356,7,45.375,1.0,0.9298155737704918,0.9807162534435262,0.9118852459016394,0.01928374655647383
PR00002068,WO00002068,2026-03-27,C,P02,P02_L01,SKU003,480,28,0,452,48.8,323,317,6,42.876,1.0,0.8786087334977514,0.9814241486068112,0.8622878282315393,0.018575851393188854
PR00002069,WO00002069,2026-03-27,A,P02,P02_L02,SKU006,480,17,0,463,54.878,373,363,10,48.337,1.0,0.8808071184328213,0.9731903485254692,0.8571929865713516,0.02680965147453083
PR00002070,WO00002070,2026-03-27,B,P02,P02_L02,SKU002,480,0,90,390,55.9,292,280,12,44.923,0.8125,0.8036328608779415,0.958904109589041,0.6261180679785331,0.0410958904109589
PR00002071,WO00002071,2026-03-27,C,P02,P02_L02,SKU006,480,0,17,463,54.878,374,364,10,48.467,0.9645833333333333,0.8831685316189684,0.9732620320855615,0.8291118480994205,0.026737967914438502
PR00002072,WO00002072,2026-03-27,A,P02,P02_L03,SKU007,480,20,0,460,47.0,332,327,5,43.304,1.0,0.9213691026827011,0.9849397590361446,0.9074930619796484,0.015060240963855422
PR00002073,WO00002073,2026-03-27,B,P02,P02_L03,SKU003,480,18,0,462,47.0,332,324,8,43.117,1.0,0.9173804918485768,0.9759036144578314,0.8952749378281293,0.024096385542168676
PR00002074,WO00002074,2026-03-27,C,P02,P02_L03,SKU003,480,0,0,480,47.0,326,318,8,40.75,1.0,0.8670212765957447,0.9754601226993865,0.8457446808510639,0.024539877300613498
PR00002075,WO00002075,2026-03-27,A,P03,P03_L01,SKU001,480,41,0,439,49.793,326,320,6,44.556,1.0,0.8948207309468489,0.9815950920245399,0.8783516377392382,0.018404907975460124
PR00002076,WO00002076,2026-03-27,B,P03,P03_L01,SKU004,480,0,0,480,56.693,386,376,10,48.25,1.0,0.8510750886352813,0.9740932642487047,0.8290265112094968,0.025906735751295335
PR00002077,WO00002077,2026-03-27,C,P03,P03_L01,SKU003,480,0,0,480,57.7,406,398,8,50.75,1.0,0.8795493934142113,0.9802955665024631,0.8622183708838821,0.019704433497536946
PR00002078,WO00002078,2026-03-27,A,P03,P03_L02,SKU006,480,0,0,480,54.878,395,384,11,49.375,1.0,0.8997230219760195,0.9721518987341772,0.8746674441488391,0.027848101265822784
PR00002079,WO00002079,2026-03-27,B,P03,P03_L02,SKU006,480,0,21,459,54.878,374,364,10,48.889,0.95625,0.8908649894108547,0.9732620320855615,0.8291118480994205,0.026737967914438502
PR00002080,WO00002080,2026-03-27,C,P03,P03_L02,SKU006,480,0,0,480,54.878,380,366,14,47.5,1.0,0.8655563249389555,0.9631578947368421,0.8336674077043624,0.03684210526315789
PR00002081,WO00002081,2026-03-27,A,P03,P03_L03,SKU007,480,16,0,464,58.1,425,420,5,54.957,1.0,0.9459018339367321,0.9882352941176471,0.9347735770668882,0.011764705882352941
PR00002082,WO00002082,2026-03-27,B,P03,P03_L03,SKU003,480,60,0,420,58.1,383,376,7,54.714,1.0,0.9417260880255717,0.9817232375979112,0.9245143840668798,0.018276762402088774
PR00002083,WO00002083,2026-03-27,C,P03,P03_L03,SKU001,480,0,0,480,49.793,332,324,8,41.5,1.0,0.8334504850079328,0.9759036144578314,0.8133673407908742,0.024096385542168676
PR00002084,WO00002084,2026-03-28,A,P01,P01_L01,SKU005,480,0,0,480,50.42,353,343,10,44.125,1.0,0.875148750495835,0.9716713881019831,0.850357001190004,0.028328611898016998
PR00002085,WO00002085,2026-03-28,B,P01,P01_L01,SKU007,480,27,0,453,69.9,461,456,5,61.06,1.0,0.8735279348927986,0.9891540130151844,0.8640536622800784,0.010845986984815618
PR00002086,WO00002086,2026-03-28,C,P01,P01_L01,SKU005,480,0,0,480,50.42,323,313,10,40.375,1.0,0.8007735025783419,0.9690402476780186,0.7759817532725108,0.030959752321981424
PR00002087,WO00002087,2026-03-28,B,P01,P01_L02,SKU001,480,44,0,436,49.793,326,318,8,44.862,1.0,0.9009777543249236,0.9754601226993865,0.8788678707832077,0.024539877300613498
PR00002088,WO00002088,2026-03-28,C,P01,P01_L02,SKU004,480,0,20,460,56.693,379,363,16,49.435,0.9583333333333334,0.8719733054997204,0.9577836411609498,0.8003633605559769,0.04221635883905013
PR00002089,WO00002089,2026-03-28,A,P01,P01_L03,SKU003,480,65,0,415,61.962,390,383,7,56.386,1.0,0.9100019716709385,0.982051282051282,0.8936686029486396,0.017948717948717947
PR00002090,WO00002090,2026-03-28,C,P01,P01_L03,SKU008,480,18,0,462,60.302,380,372,8,49.351,1.0,0.8183915848669919,0.9789473684210527,0.8011622883434764,0.021052631578947368
PR00002091,WO00002091,2026-03-28,A,P02,P02_L01,SKU006,480,0,34,446,48.8,310,301,9,41.704,0.9291666666666667,0.8545908990663824,0.9709677419354839,0.7710040983606558,0.02903225806451613
PR00002092,WO00002092,2026-03-28,C,P02,P02_L01,SKU001,480,0,0,480,48.8,326,317,9,40.75,1.0,0.8350409836065574,0.9723926380368099,0.8119877049180328,0.027607361963190184
PR00002093,WO00002093,2026-03-28,A,P02,P02_L02,SKU002,480,18,0,462,55.9,362,346,16,47.013,1.0,0.8410194456706085,0.9558011049723757,0.8038473154752225,0.04419889502762431
PR00002094,WO00002094,2026-03-28,B,P02,P02_L02,SKU002,480,13,4,463,55.9,364,351,13,47.171,0.9914346895074947,0.843839469586619,0.9642857142857143,0.8067327324336437,0.03571428571428571
PR00002095,WO00002095,2026-03-28,B,P03,P03_L01,SKU001,480,46,0,434,49.793,329,324,5,45.484,1.0,0.913459140195247,0.9848024316109423,0.8995767824415198,0.015197568389057751
PR00002096,WO00002096,2026-03-28,C,P03,P03_L01,SKU003,480,29,25,426,57.7,341,334,7,48.028,0.9445676274944568,0.8323772792735616,0.9794721407624634,0.7700968769574256,0.020527859237536656
PR00002097,WO00002097,2026-03-28,A,P03,P03_L02,SKU008,480,0,0,480,56.6,408,402,6,51.0,1.0,0.901060070671378,0.9852941176470589,0.8878091872791519,0.014705882352941176
PR00002098,WO00002098,2026-03-28,B,P03,P03_L02,SKU001,480,49,13,418,49.793,300,292,8,43.062,0.9698375870069605,0.8648243921221417,0.9733333333333334,0.8163728229300861,0.02666666666666667
PR00002099,WO00002099,2026-03-28,C,P03,P03_L02,SKU006,480,0,40,440,54.878,330,321,9,45.0,0.9166666666666666,0.8200007288895368,0.9727272727272728,0.7311673165931704,0.02727272727272727
PR00002100,WO00002100,2026-03-28,A,P03,P03_L03,SKU003,480,0,0,480,58.1,439,429,10,54.875,1.0,0.9444922547332185,0.9772209567198178,0.9229776247848537,0.022779043280182234
PR00002101,WO00002101,2026-03-28,B,P03,P03_L03,SKU003,480,15,0,465,58.1,445,435,10,57.419,1.0,0.9882849369829548,0.9775280898876404,0.9660762867136748,0.02247191011235955
PR00002102,WO00002102,2026-03-28,C,P03,P03_L03,SKU004,480,31,7,442,56.693,353,338,15,47.919,0.9844097995545658,0.845228723761295,0.9575070821529745,0.7966951451134244,0.042492917847025496
PR00002103,WO00002103,2026-03-29,A,P01,P01_L01,SKU001,480,0,0,480,49.793,365,356,9,45.625,1.0,0.9162934549032997,0.9753424657534246,0.8936999176591087,0.024657534246575342
PR00002104,WO00002104,2026-03-29,B,P01,P01_L01,SKU008,480,0,0,480,60.302,442,436,6,55.25,1.0,0.9162216841895792,0.9864253393665159,0.9037842857616664,0.013574660633484163
PR00002105,WO00002105,2026-03-29,C,P01,P01_L01,SKU005,480,17,0,463,50.42,310,302,8,40.173,1.0,0.7967629150556491,0.9741935483870968,0.7762012914413098,0.025806451612903226
PR00002106,WO00002106,2026-03-29,A,P01,P01_L02,SKU004,480,0,30,450,56.693,395,380,15,52.667,0.9375,0.9289800622063865,0.9620253164556962,0.8378459421798106,0.0379746835443038
PR00002107,WO00002107,2026-03-29,C,P01,P01_L02,SKU001,480,0,0,480,49.793,336,327,9,42.0,1.0,0.8434920571164621,0.9732142857142857,0.8208985198722711,0.026785714285714284
PR00002108,WO00002108,2026-03-29,B,P01,P01_L03,SKU003,480,0,22,458,61.962,441,431,10,57.773,0.9541666666666667,0.9323928498788311,0.9773242630385488,0.8694845227720215,0.022675736961451247
PR00002109,WO00002109,2026-03-29,C,P01,P01_L03,SKU003,480,14,0,466,61.962,429,421,8,55.236,1.0,0.8914504293300075,0.9813519813519813,0.8748266451000772,0.018648018648018648
PR00002110,WO00002110,2026-03-29,A,P02,P02_L01,SKU003,480,22,37,421,48.8,331,323,8,47.173,0.9192139737991266,0.9666679646431214,0.9758308157099698,0.8670985754169948,0.02416918429003021
PR00002111,WO00002111,2026-03-29,A,P02,P02_L02,SKU002,480,19,0,461,55.9,391,375,16,50.889,1.0,0.9103644174016974,0.959079283887468,0.8731116535182519,0.04092071611253197
PR00002112,WO00002112,2026-03-29,B,P02,P02_L02,SKU003,480,0,0,480,55.9,411,403,8,51.375,1.0,0.919051878354204,0.9805352798053528,0.9011627906976745,0.019464720194647202
PR00002113,WO00002113,2026-03-29,C,P02,P02_L02,SKU001,480,23,0,457,49.793,305,297,8,40.044,1.0,0.8042046809019099,0.9737704918032787,0.7831107876323515,0.02622950819672131
PR00002114,WO00002114,2026-03-29,A,P03,P03_L01,SKU005,480,37,0,443,50.42,325,317,8,44.018,1.0,0.8730277407922435,0.9753846153846154,0.8515378271727422,0.024615384615384615
PR00002115,WO00002115,2026-03-29,B,P03,P03_L01,SKU004,480,0,0,480,56.693,400,387,13,50.0,1.0,0.8819430970313795,0.9675,0.8532799463778598,0.0325
PR00002116,WO00002116,2026-03-29,C,P03,P03_L01,SKU001,480,27,0,453,49.793,294,286,8,38.94,1.0,0.7820456158695677,0.9727891156462585,0.7607654630567903,0.027210884353741496
PR00002117,WO00002117,2026-03-29,B,P03,P03_L02,SKU006,480,33,0,447,54.878,367,357,10,49.262,1.0,0.8976592617523043,0.9727520435967303,0.8731998813230862,0.027247956403269755
PR00002118,WO00002118,2026-03-29,A,P03,P03_L03,SKU004,480,38,0,442,56.693,364,350,14,49.412,1.0,0.871567295889834,0.9615384615384616,0.838045476817148,0.038461538461538464
PR00002119,WO00002119,2026-03-29,B,P03,P03_L03,SKU003,480,0,21,459,58.1,412,402,10,53.856,0.95625,0.9269571282328192,0.9757281553398058,0.8648881239242685,0.024271844660194174
PR00002120,WO00002120,2026-03-29,C,P03,P03_L03,SKU004,480,0,0,480,56.693,353,338,15,44.125,1.0,0.7783147831301924,0.9575070821529745,0.7452419169915158,0.042492917847025496
PR00002121,WO00002121,2026-03-30,A,P01,P01_L01,SKU005,480,0,0,480,50.42,342,334,8,42.75,1.0,0.8478778262594209,0.9766081871345029,0.8280444268147561,0.023391812865497075
PR00002122,WO00002122,2026-03-30,B,P01,P01_L01,SKU005,480,25,23,432,50.42,314,307,7,43.611,0.9494505494505494,0.8649565868923267,0.9777070063694268,0.8029257533422547,0.022292993630573247
PR00002123,WO00002123,2026-03-30,C,P01,P01_L01,SKU007,480,0,0,480,69.9,465,459,6,58.125,1.0,0.8315450643776824,0.9870967741935484,0.8208154506437768,0.012903225806451613
PR00002124,WO00002124,2026-03-30,A,P01,P01_L02,SKU001,480,0,0,480,49.793,354,343,11,44.25,1.0,0.888679131604844,0.9689265536723164,0.8610648083063884,0.031073446327683617
PR00002125,WO00002125,2026-03-30,B,P01,P01_L02,SKU006,480,41,0,439,54.878,369,355,14,50.433,1.0,0.9189985389832622,0.962059620596206,0.8841313857427049,0.037940379403794036
PR00002126,WO00002126,2026-03-30,C,P01,P01_L02,SKU004,480,28,0,452,56.693,364,347,17,48.319,1.0,0.8522848335913863,0.9532967032967034,0.8124803221324479,0.046703296703296704
PR00002127,WO00002127,2026-03-30,A,P01,P01_L03,SKU003,480,0,0,480,61.962,473,463,10,59.125,1.0,0.954213873018947,0.9788583509513742,0.9340402181982504,0.021141649048625793
PR00002128,WO00002128,2026-03-30,B,P01,P01_L03,SKU004,480,23,0,457,56.693,372,358,14,48.84,1.0,0.8614866488289012,0.9623655913978495,0.8290651082815771,0.03763440860215054
PR00002129,WO00002129,2026-03-30,C,P01,P01_L03,SKU003,480,54,37,389,61.962,362,353,9,55.835,0.9131455399061033,0.9011244888545588,0.9751381215469613,0.8024000170936207,0.024861878453038673
PR00002130,WO00002130,2026-03-30,A,P02,P02_L01,SKU003,480,0,0,480,48.8,369,363,6,46.125,1.0,0.9451844262295083,0.983739837398374,0.9298155737704918,0.016260162601626018
PR00002131,WO00002131,2026-03-30,B,P02,P02_L01,SKU004,480,21,0,459,48.8,326,313,13,42.614,1.0,0.873245473052609,0.9601226993865031,0.8384228008143148,0.03987730061349693
PR00002132,WO00002132,2026-03-30,C,P02,P02_L01,SKU006,480,38,13,429,48.8,287,278,9,40.14,0.9705882352941176,0.8225381176200848,0.9686411149825784,0.7733105852681551,0.0313588850174216
PR00002133,WO00002133,2026-03-30,A,P02,P02_L02,SKU002,480,88,0,392,55.9,320,309,11,48.98,1.0,0.8762002117483846,0.965625,0.8460808294695338,0.034375
PR00002134,WO00002134,2026-03-30,B,P02,P02_L02,SKU001,480,0,91,389,49.793,278,272,6,42.879,0.8104166666666667,0.8611487031890432,0.9784172661870504,0.6828269033799932,0.02158273381294964
PR00002135,WO00002135,2026-03-30,C,P02,P02_L02,SKU004,480,0,26,454,55.9,349,336,13,46.123,0.9458333333333333,0.8251046156998416,0.9627507163323782,0.7513416815742396,0.03724928366762178
PR00002136,WO00002136,2026-03-30,A,P02,P02_L03,SKU007,480,0,0,480,47.0,338,334,4,42.25,1.0,0.898936170212766,0.9881656804733728,0.8882978723404256,0.011834319526627219
PR00002137,WO00002137,2026-03-30,B,P02,P02_L03,SKU003,480,0,14,466,47.0,321,315,6,41.33,0.9708333333333333,0.8793717468724318,0.9813084112149533,0.8377659574468086,0.018691588785046728
PR00002138,WO00002138,2026-03-30,C,P02,P02_L03,SKU007,480,0,26,454,47.0,271,267,4,35.815,0.9458333333333333,0.7620208079482613,0.985239852398524,0.7101063829787233,0.014760147601476014
PR00002139,WO00002139,2026-03-30,A,P03,P03_L01,SKU004,480,0,49,431,56.693,373,360,13,51.926,0.8979166666666667,0.9159112070330522,0.9651474530831099,0.7937487873282416,0.03485254691689008
PR00002140,WO00002140,2026-03-30,B,P03,P03_L01,SKU003,480,63,35,382,57.7,345,337,8,54.188,0.9160671462829736,0.9391417968005662,0.9768115942028985,0.8403675672979813,0.02318840579710145
PR00002141,WO00002141,2026-03-30,C,P03,P03_L01,SKU003,480,0,32,448,57.7,364,358,6,48.75,0.9333333333333333,0.8448873483535527,0.9835164835164835,0.7755632582322356,0.016483516483516484
PR00002142,WO00002142,2026-03-30,A,P03,P03_L02,SKU006,480,0,0,480,54.878,396,385,11,49.5,1.0,0.9020008017784905,0.9722222222222222,0.8769452239513102,0.027777777777777776
PR00002143,WO00002143,2026-03-30,B,P03,P03_L02,SKU007,480,0,0,480,56.6,401,397,4,50.125,1.0,0.8856007067137809,0.9900249376558603,0.8767667844522967,0.00997506234413965
PR00002144,WO00002144,2026-03-30,C,P03,P03_L02,SKU006,480,0,0,480,54.878,393,380,13,49.125,1.0,0.8951674623710777,0.9669211195928753,0.8655563249389555,0.03307888040712468
PR00002145,WO00002145,2026-03-30,A,P03,P03_L03,SKU001,480,17,0,463,49.793,339,331,8,43.931,1.0,0.8822703096651672,0.976401179941003,0.8614497713839833,0.02359882005899705
PR00002146,WO00002146,2026-03-30,B,P03,P03_L03,SKU007,480,45,0,435,58.1,359,356,3,49.517,1.0,0.8522760994717787,0.9916434540389972,0.8451540150750787,0.008356545961002786
PR00002147,WO00002147,2026-03-30,C,P03,P03_L03,SKU003,480,80,48,352,58.1,305,300,5,51.989,0.88,0.8948130183069943,0.9836065573770492,0.7745266781411361,0.01639344262295082
PR00002148,WO00002148,2026-03-31,A,P01,P01_L01,SKU005,480,0,6,474,50.42,355,344,11,44.937,0.9875,0.8912476965640518,0.9690140845070423,0.852836176120587,0.030985915492957747
PR00002149,WO00002149,2026-03-31,B,P01,P01_L01,SKU004,480,0,0,480,56.693,399,385,14,49.875,1.0,0.8797382392888011,0.9649122807017544,0.8488702308927029,0.03508771929824561
PR00002150,WO00002150,2026-03-31,C,P01,P01_L01,SKU007,480,12,0,468,69.9,469,463,6,60.128,1.0,0.8602032207182422,0.9872068230277186,0.8491984886834673,0.01279317697228145
PR00002151,WO00002151,2026-03-31,A,P01,P01_L02,SKU008,480,26,0,454,60.302,379,372,7,50.088,1.0,0.8306209698993773,0.9815303430079155,0.8152796854949033,0.018469656992084433
PR00002152,WO00002152,2026-03-31,B,P01,P01_L02,SKU002,480,36,24,420,65.2,388,374,14,55.429,0.9459459459459459,0.8501314636283961,0.9639175257731959,0.7751616647322169,0.03608247422680412
PR00002153,WO00002153,2026-03-31,C,P01,P01_L02,SKU008,480,25,0,455,60.302,372,367,5,49.055,1.0,0.8134878620102991,0.9865591397849462,0.8025538853703758,0.013440860215053764
PR00002154,WO00002154,2026-03-31,A,P01,P01_L03,SKU003,480,0,0,480,61.962,510,496,14,63.75,1.0,1.0,0.9725490196078431,0.9725490196078431,0.027450980392156862
PR00002155,WO00002155,2026-03-31,B,P01,P01_L03,SKU008,480,53,115,312,60.302,263,257,6,50.577,0.7306791569086651,0.8387271247541221,0.9771863117870723,0.5988592779341638,0.022813688212927757
PR00002156,WO00002156,2026-03-31,C,P01,P01_L03,SKU003,480,51,0,429,61.962,420,412,8,58.741,1.0,0.9480207020635024,0.9809523809523809,0.9299631648813405,0.01904761904761905
PR00002157,WO00002157,2026-03-31,A,P02,P02_L01,SKU006,480,31,0,449,48.8,306,297,9,40.891,1.0,0.8379276351820074,0.9705882352941176,0.8132827047354778,0.029411764705882353
PR00002158,WO00002158,2026-03-31,B,P02,P02_L01,SKU003,480,0,0,480,48.8,344,338,6,43.0,1.0,0.8811475409836066,0.9825581395348837,0.8657786885245902,0.01744186046511628
PR00002159,WO00002159,2026-03-31,C,P02,P02_L01,SKU003,480,0,0,480,48.8,333,327,6,41.625,1.0,0.8529713114754098,0.9819819819819819,0.8376024590163934,0.018018018018018018
PR00002160,WO00002160,2026-03-31,A,P02,P02_L02,SKU002,480,0,0,480,55.9,370,360,10,46.25,1.0,0.8273703041144902,0.972972972972973,0.8050089445438283,0.02702702702702703
PR00002161,WO00002161,2026-03-31,B,P02,P02_L02,SKU002,480,32,83,365,55.9,278,269,9,45.699,0.8147321428571429,0.8175068003038696,0.9676258992805755,0.6444863276258627,0.03237410071942446
PR00002162,WO00002162,2026-03-31,C,P02,P02_L02,SKU004,480,24,0,456,55.9,348,335,13,45.789,1.0,0.8191319084831937,0.9626436781609196,0.7885321532812354,0.03735632183908046
PR00002163,WO00002163,2026-03-31,A,P02,P02_L03,SKU007,480,0,0,480,47.0,327,322,5,40.875,1.0,0.8696808510638298,0.9847094801223242,0.8563829787234042,0.01529051987767584
PR00002164,WO00002164,2026-03-31,B,P02,P02_L03,SKU007,480,0,0,480,47.0,314,311,3,39.25,1.0,0.8351063829787234,0.9904458598726115,0.8271276595744681,0.009554140127388535
PR00002165,WO00002165,2026-03-31,C,P02,P02_L03,SKU001,480,0,0,480,47.0,290,283,7,36.25,1.0,0.7712765957446809,0.9758620689655172,0.7526595744680851,0.02413793103448276
PR00002166,WO00002166,2026-03-31,A,P03,P03_L01,SKU003,480,0,0,480,57.7,433,424,9,54.125,1.0,0.9380415944540728,0.9792147806004619,0.9185441941074522,0.020785219399538105
PR00002167,WO00002167,2026-03-31,B,P03,P03_L01,SKU004,480,33,0,447,56.693,358,347,11,48.054,1.0,0.8476124261402253,0.9692737430167597,0.8215684689124529,0.030726256983240222
PR00002168,WO00002168,2026-03-31,C,P03,P03_L01,SKU001,480,0,0,480,49.793,341,331,10,42.625,1.0,0.8560440222521238,0.9706744868035191,0.8309400919808005,0.02932551319648094
PR00002169,WO00002169,2026-03-31,A,P03,P03_L02,SKU006,480,0,0,480,54.878,413,401,12,51.625,1.0,0.9407230584204964,0.9709443099273608,0.9133897007908452,0.029055690072639227
PR00002170,WO00002170,2026-03-31,B,P03,P03_L02,SKU001,480,21,0,459,49.793,337,327,10,44.052,1.0,0.8847084445946086,0.9703264094955489,0.8584559684938784,0.02967359050445104
PR00002171,WO00002171,2026-03-31,C,P03,P03_L02,SKU002,480,32,0,448,56.6,336,323,13,45.0,1.0,0.7950530035335689,0.9613095238095238,0.7642920242301868,0.03869047619047619
PR00002172,WO00002172,2026-03-31,A,P03,P03_L03,SKU004,480,24,0,456,56.693,392,381,11,51.579,1.0,0.9097939316744759,0.9719387755102041,0.8842639999183044,0.02806122448979592
PR00002173,WO00002173,2026-03-31,B,P03,P03_L03,SKU001,480,0,0,480,49.793,357,348,9,44.625,1.0,0.896210310686241,0.9747899159663865,0.87361677344205,0.025210084033613446
PR00002174,WO00002174,2026-03-31,C,P03,P03_L03,SKU006,480,0,0,480,54.878,387,375,12,48.375,1.0,0.881500783556252,0.9689922480620154,0.8541674259266008,0.031007751937984496
PR00002175,WO00002175,2026-04-01,A,P01,P01_L01,SKU005,480,0,0,480,50.42,354,344,10,44.25,1.0,0.8776279254264181,0.9717514124293786,0.8528361761205872,0.02824858757062147
PR00002176,WO00002176,2026-04-01,B,P01,P01_L01,SKU005,480,52,0,428,50.42,291,284,7,40.794,1.0,0.8090914820183356,0.9759450171821306,0.7896288003203,0.024054982817869417
PR00002177,WO00002177,2026-04-01,C,P01,P01_L01,SKU001,480,0,0,480,49.793,347,335,12,43.375,1.0,0.8711063804149177,0.9654178674351584,0.8409816640893297,0.0345821325648415
PR00002178,WO00002178,2026-04-01,A,P01,P01_L02,SKU002,480,0,6,474,65.2,467,449,18,59.114,0.9875,0.906655276850198,0.961456102783726,0.8608128834355828,0.03854389721627409
PR00002179,WO00002179,2026-04-01,B,P01,P01_L02,SKU006,480,15,0,465,54.878,358,345,13,46.194,1.0,0.8417498521647431,0.9636871508379888,0.8111835167509396,0.036312849162011177
PR00002180,WO00002180,2026-04-01,C,P01,P01_L02,SKU001,480,0,35,445,49.793,317,307,10,42.742,0.9270833333333334,0.8583851752998989,0.9684542586750788,0.7706906593296247,0.031545741324921134
PR00002181,WO00002181,2026-04-01,A,P01,P01_L03,SKU003,480,0,10,470,61.962,458,448,10,58.468,0.9791666666666666,0.9436119735706235,0.9781659388646288,0.9037797359672056,0.021834061135371178
PR00002182,WO00002182,2026-04-01,B,P01,P01_L03,SKU007,480,0,0,480,74.2,489,482,7,61.125,1.0,0.8237870619946092,0.9856850715746421,0.8119946091644205,0.014314928425357873
PR00002183,WO00002183,2026-04-01,C,P01,P01_L03,SKU003,480,0,0,480,61.962,450,442,8,56.25,1.0,0.9078144669313449,0.9822222222222222,0.8916755430747877,0.017777777777777778
PR00002184,WO00002184,2026-04-01,A,P02,P02_L01,SKU004,480,20,77,383,48.8,284,275,9,44.491,0.8326086956521739,0.9116979839917819,0.9683098591549296,0.735032074126871,0.03169014084507042
PR00002185,WO00002185,2026-04-01,B,P02,P02_L01,SKU006,480,20,0,460,48.8,343,333,10,44.739,1.0,0.9167854597291518,0.9708454810495627,0.8900570206699929,0.029154518950437316
PR00002186,WO00002186,2026-04-01,C,P02,P02_L01,SKU006,480,30,0,450,48.8,304,295,9,40.533,1.0,0.8306010928961749,0.9703947368421053,0.8060109289617488,0.029605263157894735
PR00002187,WO00002187,2026-04-01,A,P02,P02_L02,SKU006,480,0,0,480,54.878,381,368,13,47.625,1.0,0.8678341047414264,0.9658792650918635,0.8382229673093042,0.03412073490813648
PR00002188,WO00002188,2026-04-01,B,P02,P02_L02,SKU003,480,0,0,480,55.9,393,384,9,49.125,1.0,0.8788014311270126,0.9770992366412213,0.8586762075134169,0.022900763358778626
PR00002189,WO00002189,2026-04-01,C,P02,P02_L02,SKU002,480,0,0,480,55.9,356,341,15,44.5,1.0,0.7960644007155635,0.9578651685393258,0.7625223613595706,0.042134831460674156
PR00002190,WO00002190,2026-04-01,A,P02,P02_L03,SKU007,480,29,0,451,47.0,307,302,5,40.843,1.0,0.868990894937963,0.9837133550488599,0.8548379487663349,0.016286644951140065
PR00002191,WO00002191,2026-04-01,B,P02,P02_L03,SKU008,480,0,9,471,47.0,310,305,5,39.49,0.98125,0.8402222523377152,0.9838709677419355,0.8111702127659575,0.016129032258064516
PR00002192,WO00002192,2026-04-01,C,P02,P02_L03,SKU003,480,0,0,480,47.0,329,319,10,41.125,1.0,0.875,0.9696048632218845,0.848404255319149,0.030395136778115502
PR00002193,WO00002193,2026-04-01,A,P03,P03_L01,SKU004,480,42,0,438,56.693,372,361,11,50.959,1.0,0.8988570742347212,0.9704301075268817,0.8722779672008988,0.02956989247311828
PR00002194,WO00002194,2026-04-01,B,P03,P03_L01,SKU004,480,26,0,454,56.693,380,366,14,50.22,1.0,0.8858283089125751,0.9631578947368421,0.8531925291105329,0.03684210526315789
PR00002195,WO00002195,2026-04-01,C,P03,P03_L01,SKU001,480,13,0,467,49.793,307,302,5,39.443,1.0,0.7921445748998283,0.9837133550488599,0.7792431974584629,0.016286644951140065
PR00002196,WO00002196,2026-04-01,A,P03,P03_L02,SKU008,480,32,0,448,56.6,365,361,4,48.884,1.0,0.8636736496718829,0.989041095890411,0.8542087329631499,0.010958904109589041
PR00002197,WO00002197,2026-04-01,B,P03,P03_L02,SKU001,480,0,0,480,49.793,331,324,7,41.375,1.0,0.8309400919808005,0.9788519637462235,0.8133673407908742,0.021148036253776436
PR00002198,WO00002198,2026-04-01,C,P03,P03_L02,SKU001,480,0,56,424,49.793,280,274,6,39.623,0.8833333333333333,0.7957472236947757,0.9785714285714285,0.6878476894342578,0.02142857142857143
PR00002199,WO00002199,2026-04-01,A,P03,P03_L03,SKU003,480,0,21,459,58.1,442,433,9,57.778,0.95625,0.9944540065021992,0.9796380090497737,0.9315834767641995,0.020361990950226245
PR00002200,WO00002200,2026-04-01,B,P03,P03_L03,SKU004,480,18,25,437,56.693,389,374,15,53.41,0.9458874458874459,0.94208475444908,0.961439588688946,0.8567447228304829,0.038560411311053984
PR00002201,WO00002201,2026-04-01,C,P03,P03_L03,SKU004,480,0,0,480,56.693,363,348,15,45.375,1.0,0.800363360555977,0.9586776859504132,0.7672904944173004,0.04132231404958678
PR00002202,WO00002202,2026-04-02,A,P01,P01_L01,SKU006,480,0,0,480,54.878,433,420,13,54.125,1.0,0.986278654469915,0.9699769053117783,0.9566675170377928,0.03002309468822171
PR00002203,WO00002203,2026-04-02,B,P01,P01_L01,SKU005,480,0,0,480,50.42,348,337,11,43.5,1.0,0.8627528758429195,0.9683908045977011,0.8354819516065053,0.031609195402298854
PR00002204,WO00002204,2026-04-02,C,P01,P01_L01,SKU005,480,23,0,457,50.42,313,303,10,41.094,1.0,0.8150355395422434,0.9680511182108626,0.7889960654354625,0.03194888178913738
PR00002205,WO00002205,2026-04-02,A,P01,P01_L02,SKU002,480,0,0,480,65.2,450,433,17,56.25,1.0,0.8627300613496932,0.9622222222222222,0.8301380368098159,0.03777777777777778
PR00002206,WO00002206,2026-04-02,B,P01,P01_L02,SKU001,480,0,63,417,49.793,317,309,8,45.612,0.86875,0.9160225491809473,0.9747634069400631,0.7757114453838894,0.025236593059936908
PR00002207,WO00002207,2026-04-02,C,P01,P01_L02,SKU004,480,45,53,382,56.693,306,294,12,48.063,0.8781609195402299,0.8477735739003209,0.9607843137254902,0.7152862635233811,0.0392156862745098
PR00002208,WO00002208,2026-04-02,A,P01,P01_L03,SKU008,480,16,0,464,60.302,411,403,8,53.147,1.0,0.8813397851503753,0.9805352798053528,0.8641847528360127,0.019464720194647202
PR00002209,WO00002209,2026-04-02,B,P01,P01_L03,SKU003,480,0,0,480,61.962,471,462,9,58.875,1.0,0.9501791420548077,0.9808917197452229,0.9320228527161808,0.01910828025477707
PR00002210,WO00002210,2026-04-02,C,P01,P01_L03,SKU003,480,0,0,480,61.962,428,416,12,53.5,1.0,0.8634324263258125,0.9719626168224299,0.8392240405409767,0.028037383177570093
PR00002211,WO00002211,2026-04-02,A,P02,P02_L01,SKU003,480,0,75,405,48.8,317,311,6,46.963,0.84375,0.9623557984213723,0.9810725552050473,0.7966188524590164,0.01892744479495268
PR00002212,WO00002212,2026-04-02,B,P02,P02_L01,SKU006,480,27,20,433,48.8,323,314,9,44.758,0.9558498896247241,0.9171620035588536,0.9721362229102167,0.8522418847030724,0.02786377708978328
PR00002213,WO00002213,2026-04-02,C,P02,P02_L01,SKU003,480,0,37,443,48.8,309,301,8,41.851,0.9229166666666667,0.8576027828146394,0.9741100323624595,0.7710040983606559,0.025889967637540454
PR00002214,WO00002214,2026-04-02,A,P02,P02_L02,SKU004,480,0,0,480,55.9,384,371,13,48.0,1.0,0.8586762075134169,0.9661458333333334,0.8296064400715565,0.033854166666666664
PR00002215,WO00002215,2026-04-02,B,P02,P02_L02,SKU006,480,0,0,480,54.878,381,369,12,47.625,1.0,0.8678341047414264,0.968503937007874,0.8405007471117751,0.031496062992125984
PR00002216,WO00002216,2026-04-02,C,P02,P02_L02,SKU004,480,28,0,452,55.9,338,324,14,44.867,1.0,0.8026342868903066,0.9585798816568047,0.7693890797410039,0.04142011834319527
PR00002217,WO00002217,2026-04-02,A,P02,P02_L03,SKU003,480,0,0,480,47.0,341,333,8,42.625,1.0,0.9069148936170213,0.9765395894428153,0.8856382978723404,0.02346041055718475
PR00002218,WO00002218,2026-04-02,B,P02,P02_L03,SKU007,480,0,62,418,47.0,274,269,5,39.33,0.8708333333333333,0.8368115646951033,0.9817518248175182,0.7154255319148936,0.01824817518248175
PR00002219,WO00002219,2026-04-02,C,P02,P02_L03,SKU006,480,35,35,410,47.0,280,270,10,40.976,0.9213483146067416,0.8718214841722887,0.9642857142857143,0.7745637102557974,0.03571428571428571
PR00002220,WO00002220,2026-04-02,A,P03,P03_L01,SKU001,480,0,41,439,49.793,325,320,5,44.419,0.9145833333333333,0.8920758820789138,0.9846153846153847,0.803325768682345,0.015384615384615385
PR00002221,WO00002221,2026-04-02,B,P03,P03_L01,SKU004,480,0,0,480,56.693,412,398,14,51.5,1.0,0.908401389942321,0.9660194174757282,0.8775333815462227,0.03398058252427184
PR00002222,WO00002222,2026-04-02,C,P03,P03_L01,SKU001,480,0,0,480,49.793,318,311,7,39.75,1.0,0.7983049826280803,0.9779874213836478,0.780732231438154,0.0220125786163522
PR00002223,WO00002223,2026-04-02,A,P03,P03_L02,SKU006,480,16,0,464,54.878,401,392,9,51.853,1.0,0.9448858973698399,0.9775561097256857,0.9236789819675242,0.022443890274314215
PR00002224,WO00002224,2026-04-02,B,P03,P03_L02,SKU006,480,89,0,391,54.878,319,309,10,48.951,1.0,0.892004202952301,0.9686520376175548,0.8640416887531692,0.03134796238244514
PR00002225,WO00002225,2026-04-02,C,P03,P03_L02,SKU002,480,0,0,480,56.6,350,337,13,43.75,1.0,0.7729681978798586,0.9628571428571429,0.7442579505300353,0.037142857142857144
PR00002226,WO00002226,2026-04-02,A,P03,P03_L03,SKU006,480,0,4,476,54.878,407,399,8,51.303,0.9916666666666667,0.9348467693502561,0.9803439803439803,0.9088341411859031,0.019656019656019656
PR00002227,WO00002227,2026-04-02,B,P03,P03_L03,SKU004,480,0,50,430,56.693,359,346,13,50.093,0.8958333333333334,0.8835839213979496,0.9637883008356546,0.7628807789321433,0.036211699164345405
PR00002228,WO00002228,2026-04-02,C,P03,P03_L03,SKU001,480,36,0,444,49.793,317,312,5,42.838,1.0,0.860318475244268,0.9842271293375394,0.8467487832057148,0.015772870662460567
PR00002229,WO00002229,2026-04-03,A,P01,P01_L01,SKU004,480,0,7,473,56.693,417,403,14,52.896,0.9854166666666667,0.9330324011723093,0.9664268585131894,0.8885576702591149,0.03357314148681055
PR00002230,WO00002230,2026-04-03,B,P01,P01_L01,SKU004,480,0,0,480,56.693,391,375,16,48.875,1.0,0.8620993773481735,0.959079283887468,0.8268216534669184,0.04092071611253197
PR00002231,WO00002231,2026-04-03,C,P01,P01_L01,SKU005,480,0,0,480,50.42,323,314,9,40.375,1.0,0.8007735025783419,0.9721362229102167,0.778460928203094,0.02786377708978328
PR00002232,WO00002232,2026-04-03,A,P01,P01_L02,SKU004,480,0,0,480,56.693,408,390,18,51.0,1.0,0.8995819589720072,0.9558823529411765,0.8598945196055952,0.04411764705882353
PR00002233,WO00002233,2026-04-03,B,P01,P01_L02,SKU002,480,0,0,480,65.2,432,415,17,54.0,1.0,0.8282208588957055,0.9606481481481481,0.7956288343558282,0.03935185185185185
PR00002234,WO00002234,2026-04-03,C,P01,P01_L02,SKU004,480,0,0,480,56.693,384,367,17,48.0,1.0,0.8466653731501244,0.9557291666666666,0.8091827915262907,0.044270833333333336
PR00002235,WO00002235,2026-04-03,A,P01,P01_L03,SKU003,480,0,0,480,61.962,463,457,6,57.875,1.0,0.9340402181982504,0.9870410367170627,0.9219360253058325,0.012958963282937365
PR00002236,WO00002236,2026-04-03,B,P01,P01_L03,SKU003,480,0,18,462,61.962,441,429,12,57.273,0.9625,0.9243201845119149,0.9727891156462585,0.8654497918078823,0.027210884353741496
PR00002237,WO00002237,2026-04-03,C,P01,P01_L03,SKU008,480,35,0,445,60.302,357,353,4,48.135,1.0,0.7982294361824509,0.988795518207283,0.7892856889983338,0.011204481792717087
PR00002238,WO00002238,2026-04-03,A,P02,P02_L01,SKU002,480,0,0,480,48.8,318,306,12,39.75,1.0,0.8145491803278689,0.9622641509433962,0.7838114754098362,0.03773584905660377
PR00002239,WO00002239,2026-04-03,B,P02,P02_L01,SKU005,480,0,0,480,48.8,313,302,11,39.125,1.0,0.8017418032786886,0.9648562300319489,0.7735655737704918,0.03514376996805112
PR00002240,WO00002240,2026-04-03,C,P02,P02_L01,SKU003,480,0,0,480,48.8,331,326,5,41.375,1.0,0.8478483606557378,0.9848942598187311,0.8350409836065574,0.015105740181268883
PR00002241,WO00002241,2026-04-03,A,P02,P02_L02,SKU004,480,26,0,454,55.9,363,354,9,47.974,1.0,0.858203368192099,0.9752066115702479,0.8369255987327907,0.024793388429752067
PR00002242,WO00002242,2026-04-03,B,P02,P02_L02,SKU002,480,0,13,467,55.9,365,353,12,46.895,0.9729166666666667,0.838910106376866,0.9671232876712329,0.789355992844365,0.03287671232876712
PR00002243,WO00002243,2026-04-03,C,P02,P02_L02,SKU004,480,0,41,439,55.9,358,346,12,48.929,0.9145833333333333,0.8753020566338361,0.9664804469273743,0.7737030411449016,0.0335195530726257
PR00002244,WO00002244,2026-04-03,A,P02,P02_L03,SKU004,480,19,0,461,47.0,298,287,11,38.785,1.0,0.825218073568099,0.9630872483221476,0.7947570037384041,0.03691275167785235
PR00002245,WO00002245,2026-04-03,B,P02,P02_L03,SKU005,480,0,0,480,47.0,323,315,8,40.375,1.0,0.8590425531914894,0.9752321981424149,0.8377659574468086,0.02476780185758514
PR00002246,WO00002246,2026-04-03,C,P02,P02_L03,SKU004,480,0,0,480,47.0,302,290,12,37.75,1.0,0.8031914893617021,0.9602649006622517,0.7712765957446809,0.039735099337748346
PR00002247,WO00002247,2026-04-03,A,P03,P03_L01,SKU001,480,0,0,480,49.793,374,366,8,46.75,1.0,0.9388869921474906,0.9786096256684492,0.918803847930432,0.0213903743315508
PR00002248,WO00002248,2026-04-03,B,P03,P03_L01,SKU004,480,0,116,364,56.693,290,279,11,47.802,0.7583333333333333,0.8431763674915388,0.9620689655172414,0.6151553101793874,0.03793103448275862
PR00002249,WO00002249,2026-04-03,C,P03,P03_L01,SKU001,480,38,19,423,49.793,305,300,5,43.262,0.9570135746606335,0.8688452462699121,0.9836065573770492,0.8178656015996725,0.01639344262295082
PR00002250,WO00002250,2026-04-03,A,P03,P03_L02,SKU006,480,0,40,440,54.878,396,388,8,54.0,0.9166666666666666,0.9840008746674441,0.9797979797979798,0.883778563358723,0.020202020202020204
PR00002251,WO00002251,2026-04-03,B,P03,P03_L02,SKU006,480,0,0,480,54.878,390,380,10,48.75,1.0,0.8883341229636649,0.9743589743589743,0.8655563249389555,0.02564102564102564
PR00002252,WO00002252,2026-04-03,C,P03,P03_L02,SKU006,480,16,13,451,54.878,385,373,12,51.22,0.9719827586206896,0.9333341629637004,0.9688311688311688,0.8789088272293023,0.03116883116883117
PR00002253,WO00002253,2026-04-03,A,P03,P03_L03,SKU002,480,19,0,461,58.1,394,381,13,51.28,1.0,0.8826131921550472,0.9670050761421319,0.8534914370839415,0.03299492385786802
PR00002254,WO00002254,2026-04-03,B,P03,P03_L03,SKU001,480,16,82,382,49.793,269,263,6,42.251,0.8232758620689655,0.8485391300087073,0.9776951672862454,0.6830000339335885,0.022304832713754646
PR00002255,WO00002255,2026-04-03,C,P03,P03_L03,SKU003,480,31,0,449,58.1,372,362,10,49.71,1.0,0.8556018538040165,0.9731182795698925,0.8326018039705753,0.026881720430107527
PR00002256,WO00002256,2026-04-04,A,P01,P01_L01,SKU005,480,0,0,480,50.42,361,349,12,45.125,1.0,0.8949821499404997,0.9667590027700831,0.8652320507735025,0.0332409972299169
PR00002257,WO00002257,2026-04-04,B,P01,P01_L01,SKU005,480,0,0,480,50.42,353,341,12,44.125,1.0,0.875148750495835,0.9660056657223796,0.8453986513288377,0.0339943342776204
PR00002258,WO00002258,2026-04-04,C,P01,P01_L01,SKU001,480,0,0,480,49.793,337,328,9,42.125,1.0,0.8460024501435945,0.973293768545994,0.8234089128994035,0.026706231454005934
PR00002259,WO00002259,2026-04-04,A,P01,P01_L02,SKU004,480,21,0,459,56.693,383,371,12,50.065,1.0,0.8830959638248845,0.9686684073107049,0.8554271607807628,0.031331592689295036
PR00002260,WO00002260,2026-04-04,B,P01,P01_L02,SKU006,480,0,31,449,54.878,369,354,15,49.31,0.9354166666666667,0.8985308655092474,0.959349593495935,0.8063340500747113,0.04065040650406504
PR00002261,WO00002261,2026-04-04,C,P01,P01_L02,SKU008,480,0,0,480,60.302,388,378,10,48.5,1.0,0.8042850983383636,0.9742268041237113,0.7835561009585088,0.02577319587628866
PR00002262,WO00002262,2026-04-04,A,P02,P02_L01,SKU003,480,54,44,382,48.8,291,283,8,45.707,0.8967136150234741,0.9366148828426747,0.9725085910652921,0.8167859616716695,0.027491408934707903
PR00002263,WO00002263,2026-04-04,B,P02,P02_L01,SKU002,480,0,0,480,48.8,330,318,12,41.25,1.0,0.8452868852459017,0.9636363636363636,0.8145491803278688,0.03636363636363636
PR00002264,WO00002264,2026-04-04,A,P02,P02_L02,SKU001,480,29,0,451,49.793,332,325,7,44.169,1.0,0.8870426447977999,0.9789156626506024,0.8683399384315812,0.02108433734939759
PR00002265,WO00002265,2026-04-04,B,P02,P02_L02,SKU002,480,17,0,463,55.9,355,342,13,46.004,1.0,0.8229753068770598,0.9633802816901409,0.792838182963252,0.036619718309859155
PR00002266,WO00002266,2026-04-04,C,P02,P02_L02,SKU004,480,0,0,480,55.9,376,362,14,47.0,1.0,0.8407871198568874,0.9627659574468085,0.8094812164579607,0.03723404255319149
PR00002267,WO00002267,2026-04-04,A,P02,P02_L03,SKU001,480,0,0,480,47.0,343,334,9,42.875,1.0,0.9122340425531915,0.9737609329446064,0.8882978723404256,0.026239067055393587
PR00002268,WO00002268,2026-04-04,B,P02,P02_L03,SKU007,480,26,0,454,47.0,318,312,6,42.026,1.0,0.8941793982566314,0.9811320754716981,0.8773080888555629,0.018867924528301886
PR00002269,WO00002269,2026-04-04,B,P03,P03_L01,SKU002,480,43,0,437,57.7,350,335,15,48.055,1.0,0.832840899626808,0.9571428571428572,0.7971477182142305,0.04285714285714286
PR00002270,WO00002270,2026-04-04,B,P03,P03_L02,SKU002,480,0,0,480,56.6,385,373,12,48.125,1.0,0.8502650176678445,0.9688311688311688,0.8237632508833922,0.03116883116883117
PR00002271,WO00002271,2026-04-04,C,P03,P03_L02,SKU002,480,30,0,450,56.6,342,328,14,45.6,1.0,0.8056537102473498,0.9590643274853801,0.7726737338044758,0.04093567251461988
PR00002272,WO00002272,2026-04-04,A,P03,P03_L03,SKU008,480,38,0,442,58.1,357,353,4,48.462,1.0,0.8341056533827618,0.988795518207283,0.8247599317762323,0.011204481792717087
PR00002273,WO00002273,2026-04-04,B,P03,P03_L03,SKU003,480,54,0,426,58.1,376,368,8,52.958,1.0,0.9114930547138251,0.9787234042553191,0.8920995854645948,0.02127659574468085
PR00002274,WO00002274,2026-04-04,C,P03,P03_L03,SKU001,480,0,0,480,49.793,336,328,8,42.0,1.0,0.8434920571164621,0.9761904761904762,0.8234089128994035,0.023809523809523808
PR00002275,WO00002275,2026-04-05,A,P01,P01_L01,SKU007,480,61,0,419,69.9,442,437,5,63.294,1.0,0.9054872115295972,0.9886877828054299,0.8952441435258688,0.011312217194570135
PR00002276,WO00002276,2026-04-05,B,P01,P01_L01,SKU004,480,0,50,430,56.693,347,333,14,48.419,0.8958333333333334,0.8540490827996894,0.9596541786743515,0.7342176282786235,0.040345821325648415
PR00002277,WO00002277,2026-04-05,C,P01,P01_L01,SKU001,480,53,67,360,49.793,254,248,6,42.333,0.8430913348946136,0.8501864385221484,0.9763779527559056,0.6998528944960946,0.023622047244094488
PR00002278,WO00002278,2026-04-05,B,P01,P01_L02,SKU007,480,23,37,420,65.2,396,389,7,56.571,0.9190371991247265,0.8676599474145485,0.9823232323232324,0.7833161053013115,0.017676767676767676
PR00002279,WO00002279,2026-04-05,B,P01,P01_L03,SKU003,480,26,16,438,61.962,403,392,11,55.205,0.9647577092511013,0.8909570293414478,0.9727047146401985,0.8360957909828775,0.02729528535980149
PR00002280,WO00002280,2026-04-05,B,P02,P02_L01,SKU003,480,0,0,480,48.8,352,346,6,44.0,1.0,0.9016393442622951,0.9829545454545454,0.8862704918032787,0.017045454545454544
PR00002281,WO00002281,2026-04-05,B,P02,P02_L02,SKU002,480,0,0,480,55.9,362,348,14,45.25,1.0,0.8094812164579607,0.9613259668508287,0.778175313059034,0.03867403314917127
PR00002282,WO00002282,2026-04-05,A,P02,P02_L03,SKU005,480,0,0,480,47.0,319,311,8,39.875,1.0,0.848404255319149,0.9749216300940439,0.8271276595744681,0.025078369905956112
PR00002283,WO00002283,2026-04-05,B,P02,P02_L03,SKU007,480,0,0,480,47.0,326,323,3,40.75,1.0,0.8670212765957447,0.99079754601227,0.8590425531914894,0.009202453987730062
PR00002284,WO00002284,2026-04-05,C,P02,P02_L03,SKU008,480,0,0,480,47.0,306,301,5,38.25,1.0,0.8138297872340425,0.9836601307189542,0.800531914893617,0.016339869281045753
PR00002285,WO00002285,2026-04-05,A,P03,P03_L01,SKU003,480,0,26,454,57.7,385,378,7,50.881,0.9458333333333333,0.8818207498912038,0.9818181818181818,0.8188908145580588,0.01818181818181818
PR00002286,WO00002286,2026-04-05,B,P03,P03_L01,SKU006,480,0,0,480,54.878,411,398,13,51.375,1.0,0.9361674988155545,0.9683698296836983,0.9065563613834323,0.031630170316301706
PR00002287,WO00002287,2026-04-05,C,P03,P03_L01,SKU001,480,0,0,480,49.793,359,349,10,44.875,1.0,0.9012310967405057,0.9721448467966574,0.8761271664691824,0.027855153203342618
PR00002288,WO00002288,2026-04-05,A,P03,P03_L02,SKU004,480,20,0,460,56.6,397,382,15,51.783,1.0,0.9148870794284837,0.9622166246851386,0.8803195575357199,0.037783375314861464
PR00002289,WO00002289,2026-04-05,B,P03,P03_L02,SKU006,480,0,35,445,54.878,363,354,9,48.944,0.9270833333333334,0.8918659613090691,0.9752066115702479,0.806334050074711,0.024793388429752067
PR00002290,WO00002290,2026-04-05,A,P03,P03_L03,SKU003,480,17,0,463,58.1,409,401,8,53.002,1.0,0.9122574841172775,0.980440097799511,0.8944138169462794,0.019559902200488997
PR00002291,WO00002291,2026-04-05,B,P03,P03_L03,SKU004,480,29,10,441,56.693,355,341,14,48.299,0.9778270509977827,0.8519450325065028,0.9605633802816902,0.8002020295016421,0.03943661971830986
PR00002292,WO00002292,2026-04-05,C,P03,P03_L03,SKU006,480,0,0,480,54.878,389,377,12,48.625,1.0,0.886056343161194,0.9691516709511568,0.8587229855315428,0.030848329048843187
PR00002293,WO00002293,2026-04-06,A,P01,P01_L01,SKU001,480,0,0,480,49.793,369,361,8,46.125,1.0,0.926335027011829,0.978319783197832,0.9062518827947704,0.02168021680216802
PR00002294,WO00002294,2026-04-06,B,P01,P01_L01,SKU007,480,27,0,453,69.9,490,482,8,64.901,1.0,0.9284787160465755,0.9836734693877551,0.9133198798662233,0.0163265306122449
PR00002295,WO00002295,2026-04-06,C,P01,P01_L01,SKU004,480,0,0,480,56.693,373,358,15,46.625,1.0,0.8224119379817615,0.9597855227882037,0.7893390718430847,0.040214477211796246
PR00002296,WO00002296,2026-04-06,A,P01,P01_L02,SKU001,480,0,0,480,49.793,367,357,10,45.875,1.0,0.9213142409575643,0.9727520435967303,0.896210310686241,0.027247956403269755
PR00002297,WO00002297,2026-04-06,B,P01,P01_L02,SKU001,480,0,0,480,49.793,346,335,11,43.25,1.0,0.8685959873877854,0.9682080924855492,0.8409816640893298,0.031791907514450865
PR00002298,WO00002298,2026-04-06,C,P01,P01_L02,SKU001,480,18,0,462,49.793,329,319,10,42.727,1.0,0.8580979801834139,0.9696048632218845,0.8320159747067144,0.030395136778115502
PR00002299,WO00002299,2026-04-06,A,P01,P01_L03,SKU004,480,0,36,444,56.693,385,372,13,52.027,0.925,0.91769754691103,0.9662337662337662,0.8202070802391829,0.033766233766233764
PR00002300,WO00002300,2026-04-06,B,P01,P01_L03,SKU003,480,27,0,453,61.962,420,413,7,55.629,1.0,0.8977944397025222,0.9833333333333333,0.8828311990408134,0.016666666666666666
PR00002301,WO00002301,2026-04-06,C,P01,P01_L03,SKU008,480,25,0,455,60.302,394,385,9,51.956,1.0,0.8615973592259619,0.9771573604060914,0.8419162012740998,0.02284263959390863
PR00002302,WO00002302,2026-04-06,A,P02,P02_L01,SKU002,480,0,38,442,48.8,322,307,15,43.71,0.9208333333333333,0.8957050663897338,0.953416149068323,0.7863729508196722,0.046583850931677016
PR00002303,WO00002303,2026-04-06,B,P02,P02_L01,SKU005,480,0,16,464,48.8,301,290,11,38.922,0.9666666666666667,0.7975904465799887,0.9634551495016611,0.742827868852459,0.036544850498338874
PR00002304,WO00002304,2026-04-06,C,P02,P02_L01,SKU003,480,22,0,458,48.8,316,309,7,41.397,1.0,0.8483069654234376,0.9778481012658228,0.8295153554298804,0.022151898734177215
PR00002305,WO00002305,2026-04-06,A,P02,P02_L02,SKU004,480,0,0,480,55.9,396,383,13,49.5,1.0,0.8855098389982111,0.9671717171717171,0.8564400715563506,0.03282828282828283
PR00002306,WO00002306,2026-04-06,B,P02,P02_L02,SKU004,480,28,25,427,55.9,336,325,11,47.213,0.9446902654867256,0.8445995483738526,0.9672619047619048,0.7717637373945256,0.03273809523809524
PR00002307,WO00002307,2026-04-06,C,P02,P02_L02,SKU002,480,0,0,480,55.9,360,346,14,45.0,1.0,0.8050089445438283,0.9611111111111111,0.7737030411449017,0.03888888888888889
PR00002308,WO00002308,2026-04-06,A,P02,P02_L03,SKU005,480,0,16,464,47.0,323,312,11,41.767,0.9666666666666667,0.8886647101980923,0.9659442724458205,0.8297872340425532,0.034055727554179564
PR00002309,WO00002309,2026-04-06,B,P02,P02_L03,SKU004,480,0,0,480,47.0,310,297,13,38.75,1.0,0.824468085106383,0.9580645161290322,0.7898936170212766,0.041935483870967745
PR00002310,WO00002310,2026-04-06,C,P02,P02_L03,SKU007,480,0,0,480,47.0,294,290,4,36.75,1.0,0.7819148936170213,0.9863945578231292,0.7712765957446809,0.013605442176870748
PR00002311,WO00002311,2026-04-06,A,P03,P03_L01,SKU004,480,0,0,480,56.693,425,415,10,53.125,1.0,0.9370645405958408,0.9764705882352941,0.9150159631700563,0.023529411764705882
PR00002312,WO00002312,2026-04-06,B,P03,P03_L01,SKU004,480,26,0,454,56.693,364,350,14,48.106,1.0,0.8485302748530983,0.9615384615384616,0.815894495051056,0.038461538461538464
PR00002313,WO00002313,2026-04-06,C,P03,P03_L01,SKU005,480,14,0,466,50.42,310,303,7,39.914,1.0,0.7916335400660205,0.9774193548387097,0.7737579440000135,0.02258064516129032
PR00002314,WO00002314,2026-04-06,A,P03,P03_L02,SKU008,480,0,0,480,56.6,399,392,7,49.875,1.0,0.8811837455830388,0.9824561403508771,0.8657243816254416,0.017543859649122806
PR00002315,WO00002315,2026-04-06,B,P03,P03_L02,SKU006,480,0,0,480,54.878,390,380,10,48.75,1.0,0.8883341229636649,0.9743589743589743,0.8655563249389555,0.02564102564102564
PR00002316,WO00002316,2026-04-06,C,P03,P03_L02,SKU006,480,0,0,480,54.878,356,345,11,44.5,1.0,0.8108896096796531,0.9691011235955056,0.7858340318524728,0.03089887640449438
PR00002317,WO00002317,2026-04-06,A,P03,P03_L03,SKU006,480,0,0,480,54.878,395,385,10,49.375,1.0,0.8997230219760195,0.9746835443037974,0.8769452239513101,0.02531645569620253
PR00002318,WO00002318,2026-04-06,B,P03,P03_L03,SKU004,480,33,0,447,56.693,354,344,10,47.517,1.0,0.8381418962392171,0.9717514124293786,0.8144655714866968,0.02824858757062147
PR00002319,WO00002319,2026-04-06,C,P03,P03_L03,SKU004,480,0,0,480,56.693,381,368,13,47.625,1.0,0.8400507999223891,0.9658792650918635,0.8113876492688692,0.03412073490813648
PR00002320,WO00002320,2026-04-07,A,P01,P01_L01,SKU005,480,23,0,457,50.42,348,338,10,45.689,1.0,0.9061736989159767,0.9712643678160919,0.8801342248091957,0.028735632183908046
PR00002321,WO00002321,2026-04-07,B,P01,P01_L01,SKU002,480,0,0,480,69.9,469,451,18,58.625,1.0,0.8386981402002861,0.9616204690831557,0.8065092989985694,0.03837953091684435
PR00002322,WO00002322,2026-04-07,C,P01,P01_L01,SKU001,480,0,12,468,49.793,330,321,9,42.308,0.975,0.8496714861063264,0.9727272727272728,0.8058361617094772,0.02727272727272727
PR00002323,WO00002323,2026-04-07,A,P01,P01_L02,SKU001,480,27,0,453,49.793,339,331,8,44.901,1.0,0.9017464754414402,0.976401179941003,0.8804663226286628,0.02359882005899705
PR00002324,WO00002324,2026-04-07,B,P01,P01_L02,SKU002,480,27,0,453,65.2,422,405,17,55.894,1.0,0.8572705480843457,0.9597156398104265,0.8227359525454028,0.04028436018957346
PR00002325,WO00002325,2026-04-07,C,P01,P01_L02,SKU008,480,0,33,447,60.302,379,370,9,50.872,0.93125,0.8436284571237522,0.9762532981530343,0.7669729030546251,0.023746701846965697
PR00002326,WO00002326,2026-04-07,A,P01,P01_L03,SKU007,480,23,0,457,74.2,496,489,7,65.12,1.0,0.8776327508006629,0.9858870967741935,0.8652468047208148,0.014112903225806451
PR00002327,WO00002327,2026-04-07,B,P01,P01_L03,SKU007,480,0,0,480,74.2,562,554,8,70.25,1.0,0.9467654986522911,0.9857651245551602,0.9332884097035041,0.014234875444839857
PR00002328,WO00002328,2026-04-07,C,P01,P01_L03,SKU003,480,0,19,461,61.962,409,400,9,53.232,0.9604166666666667,0.8591088751408129,0.9779951100244498,0.8069461928278622,0.022004889975550123
PR00002329,WO00002329,2026-04-07,A,P02,P02_L01,SKU006,480,0,0,480,48.8,353,343,10,44.125,1.0,0.9042008196721312,0.9716713881019831,0.8785860655737706,0.028328611898016998
PR00002330,WO00002330,2026-04-07,B,P02,P02_L01,SKU003,480,0,33,447,48.8,321,314,7,43.087,0.93125,0.8829354164374519,0.9781931464174455,0.8043032786885246,0.021806853582554516
PR00002331,WO00002331,2026-04-07,C,P02,P02_L01,SKU001,480,0,67,413,48.8,279,274,5,40.533,0.8604166666666667,0.8305878617076171,0.982078853046595,0.7018442622950819,0.017921146953405017
PR00002332,WO00002332,2026-04-07,A,P02,P02_L02,SKU004,480,27,0,453,55.9,352,342,10,46.623,1.0,0.8340342854434954,0.9715909090909091,0.8103401296070325,0.028409090909090908
PR00002333,WO00002333,2026-04-07,B,P02,P02_L02,SKU005,480,35,0,445,50.42,310,302,8,41.798,1.0,0.8289915273500349,0.9741935483870968,0.8075981976119695,0.025806451612903226
PR00002334,WO00002334,2026-04-07,C,P02,P02_L02,SKU001,480,50,0,430,49.793,282,274,8,39.349,1.0,0.7902483724479812,0.9716312056737588,0.7678299789033576,0.028368794326241134
PR00002335,WO00002335,2026-04-07,A,P02,P02_L03,SKU003,480,0,47,433,47.0,322,316,6,44.619,0.9020833333333333,0.949339098815783,0.9813664596273292,0.8404255319148937,0.018633540372670808
PR00002336,WO00002336,2026-04-07,B,P02,P02_L03,SKU006,480,0,0,480,47.0,348,339,9,43.5,1.0,0.925531914893617,0.9741379310344828,0.901595744680851,0.02586206896551724
PR00002337,WO00002337,2026-04-07,C,P02,P02_L03,SKU007,480,22,0,458,47.0,295,290,5,38.646,1.0,0.8222614512682337,0.9830508474576272,0.8083248165009755,0.01694915254237288
PR00002338,WO00002338,2026-04-07,A,P03,P03_L01,SKU003,480,18,0,462,57.7,413,402,11,53.636,1.0,0.9295730266267528,0.9733656174334141,0.9048144230119967,0.026634382566585957
PR00002339,WO00002339,2026-04-07,B,P03,P03_L01,SKU001,480,0,0,480,49.793,330,323,7,41.25,1.0,0.8284296989536682,0.9787878787878788,0.810856947763742,0.021212121212121213
PR00002340,WO00002340,2026-04-07,C,P03,P03_L01,SKU003,480,0,42,438,57.7,362,354,8,49.589,0.9125,0.8594287884903017,0.9779005524861878,0.7668977469670709,0.022099447513812154
PR00002341,WO00002341,2026-04-07,A,P03,P03_L02,SKU006,480,50,0,430,54.878,347,340,7,48.419,1.0,0.8822953579059511,0.9798270893371758,0.8644968924726899,0.020172910662824207
PR00002342,WO00002342,2026-04-07,B,P03,P03_L02,SKU001,480,18,0,462,49.793,320,312,8,41.558,1.0,0.8346241752543844,0.975,0.8137585708730247,0.025
PR00002343,WO00002343,2026-04-07,C,P03,P03_L02,SKU008,480,26,0,454,56.6,358,352,6,47.313,1.0,0.8359147584875702,0.9832402234636871,0.8219050139319126,0.01675977653631285
PR00002344,WO00002344,2026-04-07,A,P03,P03_L03,SKU004,480,0,0,480,56.693,410,397,13,51.25,1.0,0.9039916744571641,0.9682926829268292,0.8753285238036442,0.03170731707317073
PR00002345,WO00002345,2026-04-07,B,P03,P03_L03,SKU003,480,0,0,480,58.1,456,446,10,57.0,1.0,0.9810671256454389,0.9780701754385965,0.959552495697074,0.021929824561403508
PR00002346,WO00002346,2026-04-07,C,P03,P03_L03,SKU004,480,57,0,423,56.693,329,318,11,46.667,1.0,0.823146890562621,0.9665653495440729,0.7956252620027765,0.03343465045592705
PR00002347,WO00002347,2026-04-08,A,P01,P01_L01,SKU004,480,47,0,433,56.693,380,366,14,52.656,1.0,0.9287899589984043,0.9631578947368421,0.894571381561621,0.03684210526315789
PR00002348,WO00002348,2026-04-08,B,P01,P01_L01,SKU005,480,0,0,480,50.42,334,327,7,41.75,1.0,0.828044426814756,0.9790419161676647,0.8106902023006742,0.020958083832335328
PR00002349,WO00002349,2026-04-08,C,P01,P01_L01,SKU007,480,0,0,480,69.9,458,453,5,57.25,1.0,0.8190271816881258,0.9890829694323144,0.8100858369098712,0.010917030567685589
PR00002350,WO00002350,2026-04-08,A,P01,P01_L02,SKU004,480,0,39,441,56.693,373,359,14,50.748,0.91875,0.8951422454223255,0.9624664879356568,0.7915439295856632,0.03753351206434316
PR00002351,WO00002351,2026-04-08,B,P01,P01_L02,SKU008,480,0,0,480,60.302,398,391,7,49.75,1.0,0.8250140957182183,0.9824120603015075,0.8105037975523199,0.017587939698492462
PR00002352,WO00002352,2026-04-08,C,P01,P01_L02,SKU004,480,42,28,410,56.693,334,319,15,48.878,0.9360730593607306,0.8621531543662853,0.9550898203592815,0.7707941039808497,0.04491017964071856
PR00002353,WO00002353,2026-04-08,A,P01,P01_L03,SKU003,480,71,84,325,61.962,344,337,7,63.508,0.7946210268948656,1.0,0.9796511627906976,0.7784514129754933,0.020348837209302327
PR00002354,WO00002354,2026-04-08,B,P01,P01_L03,SKU001,480,0,0,480,49.793,344,334,10,43.0,1.0,0.8635752013335208,0.9709302325581395,0.8384712710621975,0.029069767441860465
PR00002355,WO00002355,2026-04-08,C,P01,P01_L03,SKU003,480,23,0,457,61.962,439,430,9,57.637,1.0,0.930195304992818,0.979498861047836,0.9111252417925096,0.02050113895216401
PR00002356,WO00002356,2026-04-08,A,P02,P02_L01,SKU003,480,13,165,302,48.8,236,230,6,46.887,0.6466809421841542,0.9608077298881773,0.9745762711864406,0.6055393688349072,0.025423728813559324
PR00002357,WO00002357,2026-04-08,B,P02,P02_L01,SKU003,480,16,0,464,48.8,313,307,6,40.474,1.0,0.829388072357264,0.9808306709265175,0.8134892594686263,0.019169329073482427
PR00002358,WO00002358,2026-04-08,C,P02,P02_L01,SKU003,480,40,0,440,48.8,307,300,7,41.864,1.0,0.8578614008941879,0.9771986970684039,0.8383010432190762,0.02280130293159609
PR00002359,WO00002359,2026-04-08,A,P02,P02_L02,SKU006,480,0,11,469,54.878,402,392,10,51.429,0.9770833333333333,0.9371436901594706,0.9751243781094527,0.8928896825686067,0.024875621890547265
PR00002360,WO00002360,2026-04-08,B,P02,P02_L02,SKU004,480,0,0,480,55.9,395,382,13,49.375,1.0,0.8832737030411449,0.9670886075949368,0.8542039355992845,0.03291139240506329
PR00002361,WO00002361,2026-04-08,C,P02,P02_L02,SKU002,480,20,52,408,55.9,317,306,11,46.618,0.8869565217391304,0.8339471745764495,0.9652996845425867,0.7140079334214824,0.03470031545741325
PR00002362,WO00002362,2026-04-08,A,P02,P02_L03,SKU005,480,0,0,480,47.0,304,295,9,38.0,1.0,0.8085106382978723,0.9703947368421053,0.7845744680851063,0.029605263157894735
PR00002363,WO00002363,2026-04-08,B,P02,P02_L03,SKU007,480,0,0,480,47.0,316,313,3,39.5,1.0,0.8404255319148937,0.990506329113924,0.8324468085106383,0.00949367088607595
PR00002364,WO00002364,2026-04-08,C,P02,P02_L03,SKU004,480,73,0,407,47.0,258,247,11,38.034,1.0,0.809242511370171,0.9573643410852714,0.774739923676094,0.04263565891472868
PR00002365,WO00002365,2026-04-08,A,P03,P03_L01,SKU001,480,63,0,417,49.793,316,308,8,45.468,1.0,0.9131328881425216,0.9746835443037974,0.8900155998351159,0.02531645569620253
PR00002366,WO00002366,2026-04-08,B,P03,P03_L01,SKU005,480,0,0,480,50.42,321,312,9,40.125,1.0,0.7958151527171757,0.9719626168224299,0.7735025783419278,0.028037383177570093
PR00002367,WO00002367,2026-04-08,C,P03,P03_L01,SKU004,480,27,0,453,56.693,356,345,11,47.152,1.0,0.8317132252799235,0.9691011235955056,0.8060142211280158,0.03089887640449438
PR00002368,WO00002368,2026-04-08,A,P03,P03_L02,SKU006,480,15,12,453,54.878,394,382,12,52.185,0.9741935483870968,0.9509353559454821,0.9695431472081218,0.8981800098517652,0.030456852791878174
PR00002369,WO00002369,2026-04-08,B,P03,P03_L02,SKU006,480,67,12,401,54.878,335,325,10,50.125,0.9709443099273608,0.9133840205419612,0.9701492537313433,0.8603720319260677,0.029850746268656716
PR00002370,WO00002370,2026-04-08,C,P03,P03_L02,SKU002,480,0,18,462,56.6,352,336,16,45.714,0.9625,0.8076728924785462,0.9545454545454546,0.7420494699646645,0.045454545454545456
PR00002371,WO00002371,2026-04-08,A,P03,P03_L03,SKU004,480,0,0,480,56.693,402,388,14,50.25,1.0,0.8863528125165364,0.9651741293532339,0.8554848041204381,0.03482587064676617
PR00002372,WO00002372,2026-04-08,B,P03,P03_L03,SKU004,480,0,0,480,56.693,368,354,14,46.0,1.0,0.8113876492688692,0.9619565217391305,0.7805196408727709,0.03804347826086957
PR00002373,WO00002373,2026-04-08,C,P03,P03_L03,SKU004,480,0,12,468,56.693,358,345,13,45.897,0.975,0.8095785352236766,0.9636871508379888,0.7606759211895648,0.036312849162011177
PR00002374,WO00002374,2026-04-09,A,P01,P01_L01,SKU001,480,0,118,362,49.793,282,273,9,46.74,0.7541666666666667,0.9386928181011932,0.9680851063829787,0.6853372964071255,0.031914893617021274
PR00002375,WO00002375,2026-04-09,B,P01,P01_L01,SKU006,480,39,21,420,54.878,341,330,11,48.714,0.9523809523809523,0.8876833287343874,0.967741935483871,0.818141316805887,0.03225806451612903
PR00002376,WO00002376,2026-04-09,C,P01,P01_L01,SKU007,480,37,0,443,69.9,443,438,5,60.0,1.0,0.8583690987124463,0.9887133182844243,0.8486809599007933,0.011286681715575621
PR00002377,WO00002377,2026-04-09,A,P01,P01_L02,SKU008,480,38,0,442,60.302,382,376,6,51.855,1.0,0.8599251039751502,0.9842931937172775,0.8464184269493625,0.015706806282722512
PR00002378,WO00002378,2026-04-09,B,P01,P01_L02,SKU001,480,0,0,480,49.793,336,325,11,42.0,1.0,0.8434920571164621,0.9672619047619048,0.8158777338180065,0.03273809523809524
PR00002379,WO00002379,2026-04-09,C,P01,P01_L02,SKU002,480,34,0,446,65.2,379,363,16,50.987,1.0,0.7820022559080029,0.9577836411609498,0.7489889680596439,0.04221635883905013
PR00002380,WO00002380,2026-04-09,A,P01,P01_L03,SKU004,480,0,16,464,56.693,385,369,16,49.784,0.9666666666666667,0.878141618164865,0.9584415584415584,0.8135925070114477,0.04155844155844156
PR00002381,WO00002381,2026-04-09,B,P01,P01_L03,SKU003,480,52,0,428,61.962,424,415,9,59.439,1.0,0.9592855675486361,0.9787735849056604,0.9389233738978396,0.02122641509433962
PR00002382,WO00002382,2026-04-09,C,P01,P01_L03,SKU004,480,0,0,480,56.693,409,392,17,51.125,1.0,0.9017868167145856,0.9584352078239609,0.8643042350907519,0.04156479217603912
PR00002383,WO00002383,2026-04-09,A,P02,P02_L01,SKU006,480,35,0,445,48.8,317,309,8,42.742,1.0,0.8758519064284398,0.9747634069400631,0.8537483882851353,0.025236593059936908
PR00002384,WO00002384,2026-04-09,B,P02,P02_L01,SKU001,480,35,0,445,48.8,293,284,9,39.506,1.0,0.8095413519985264,0.9692832764505119,0.7846748940873088,0.030716723549488054
PR00002385,WO00002385,2026-04-09,C,P02,P02_L01,SKU006,480,0,0,480,48.8,324,312,12,40.5,1.0,0.8299180327868853,0.9629629629629629,0.7991803278688524,0.037037037037037035
PR00002386,WO00002386,2026-04-09,A,P02,P02_L02,SKU004,480,0,0,480,55.9,391,377,14,48.875,1.0,0.8743291592128801,0.9641943734015346,0.8430232558139535,0.03580562659846547
PR00002387,WO00002387,2026-04-09,B,P02,P02_L02,SKU004,480,0,0,480,55.9,398,385,13,49.75,1.0,0.8899821109123435,0.9673366834170855,0.8609123434704831,0.032663316582914576
PR00002388,WO00002388,2026-04-09,C,P02,P02_L02,SKU002,480,24,0,456,55.9,323,309,14,42.5,1.0,0.7602862254025046,0.9566563467492261,0.7273326428773187,0.043343653250773995
PR00002389,WO00002389,2026-04-09,A,P02,P02_L03,SKU003,480,27,0,453,47.0,340,333,7,45.033,1.0,0.9581513315485417,0.9794117647058823,0.9384246864872482,0.020588235294117647
PR00002390,WO00002390,2026-04-09,B,P02,P02_L03,SKU003,480,53,23,404,47.0,282,275,7,41.881,0.9461358313817331,0.891089108910891,0.975177304964539,0.8221635358014848,0.024822695035460994
PR00002391,WO00002391,2026-04-09,C,P02,P02_L03,SKU007,480,0,0,480,47.0,315,309,6,39.375,1.0,0.8377659574468085,0.9809523809523809,0.8218085106382979,0.01904761904761905
PR00002392,WO00002392,2026-04-09,A,P03,P03_L01,SKU001,480,31,9,440,49.793,327,319,8,44.591,0.9799554565701559,0.8955256580424777,0.9755351681957186,0.8561055240857507,0.024464831804281346
PR00002393,WO00002393,2026-04-09,B,P03,P03_L01,SKU003,480,0,9,471,57.7,407,397,10,51.847,0.98125,0.8985638432922319,0.9754299754299754,0.8600519930675911,0.02457002457002457
PR00002394,WO00002394,2026-04-09,C,P03,P03_L01,SKU001,480,28,0,452,49.793,299,290,9,39.69,1.0,0.797105325783256,0.9698996655518395,0.77311218888677,0.030100334448160536
PR00002395,WO00002395,2026-04-09,A,P03,P03_L02,SKU006,480,0,94,386,54.878,345,337,8,53.627,0.8041666666666667,0.9772029411636967,0.9768115942028985,0.7676117934327054,0.02318840579710145
PR00002396,WO00002396,2026-04-09,B,P03,P03_L02,SKU001,480,0,13,467,49.793,345,338,7,44.325,0.9729166666666667,0.8901950434542044,0.9797101449275363,0.8485128431707267,0.020289855072463767
PR00002397,WO00002397,2026-04-09,C,P03,P03_L02,SKU005,480,36,0,444,50.42,295,289,6,39.865,1.0,0.7906557886724487,0.9796610169491525,0.7745746539875853,0.020338983050847456
PR00002398,WO00002398,2026-04-09,A,P03,P03_L03,SKU003,480,63,0,417,58.1,354,349,5,50.935,1.0,0.8766824750182641,0.9858757062146892,0.8642999541846728,0.014124293785310734
PR00002399,WO00002399,2026-04-09,B,P03,P03_L03,SKU004,480,55,0,425,56.693,373,360,13,52.659,1.0,0.9288417181911659,0.9651474530831099,0.8964692186295434,0.03485254691689008
PR00002400,WO00002400,2026-04-09,C,P03,P03_L03,SKU004,480,49,60,371,56.693,295,285,10,47.709,0.8607888631090487,0.8415306101054134,0.9661016949152542,0.6998249169019299,0.03389830508474576
PR00002401,WO00002401,2026-04-10,A,P01,P01_L01,SKU004,480,26,0,454,56.693,390,375,15,51.542,1.0,0.9091395801997482,0.9615384615384616,0.8741726732689886,0.038461538461538464
PR00002402,WO00002402,2026-04-10,B,P01,P01_L01,SKU001,480,18,0,462,49.793,339,330,9,44.026,1.0,0.8841799856601135,0.9734513274336283,0.8607061807310838,0.02654867256637168
PR00002403,WO00002403,2026-04-10,C,P01,P01_L01,SKU005,480,0,33,447,50.42,309,301,8,41.477,0.93125,0.8226201917317353,0.9741100323624595,0.7462316541055136,0.025889967637540454
PR00002404,WO00002404,2026-04-10,A,P01,P01_L02,SKU006,480,21,0,459,54.878,401,389,12,52.418,1.0,0.9551787720688576,0.970074812967581,0.9265948686653007,0.029925187032418952
PR00002405,WO00002405,2026-04-10,B,P01,P01_L02,SKU001,480,0,0,480,49.793,357,347,10,44.625,1.0,0.896210310686241,0.9719887955182073,0.8711063804149177,0.028011204481792718
PR00002406,WO00002406,2026-04-10,C,P01,P01_L02,SKU004,480,21,0,459,56.693,353,337,16,46.144,1.0,0.8139239562145802,0.9546742209631728,0.7770322188224179,0.0453257790368272
PR00002407,WO00002407,2026-04-10,A,P01,P01_L03,SKU004,480,0,0,480,56.693,408,391,17,51.0,1.0,0.8995819589720072,0.9583333333333334,0.8620993773481737,0.041666666666666664
PR00002408,WO00002408,2026-04-10,B,P01,P01_L03,SKU003,480,0,0,480,61.962,464,452,12,58.0,1.0,0.9360575836803201,0.9741379310344828,0.9118491978954842,0.02586206896551724
PR00002409,WO00002409,2026-04-10,C,P01,P01_L03,SKU005,480,0,0,480,50.42,317,310,7,39.625,1.0,0.7858984529948433,0.9779179810725552,0.7685442284807616,0.022082018927444796
PR00002410,WO00002410,2026-04-10,A,P02,P02_L01,SKU002,480,22,0,458,48.8,313,301,12,41.004,1.0,0.8402534182833417,0.9616613418530351,0.8080392297229579,0.038338658146964855
PR00002411,WO00002411,2026-04-10,B,P02,P02_L01,SKU003,480,34,15,431,48.8,310,307,3,43.155,0.9663677130044843,0.8843330417253052,0.9903225806451613,0.8463206645592884,0.00967741935483871
PR00002412,WO00002412,2026-04-10,C,P02,P02_L01,SKU003,480,77,0,403,48.8,308,299,9,45.856,1.0,0.9396737582882481,0.9707792207792207,0.9122157588577473,0.02922077922077922
PR00002413,WO00002413,2026-04-10,A,P02,P02_L02,SKU006,480,0,0,480,54.878,419,408,11,52.375,1.0,0.9543897372353219,0.9737470167064439,0.9293341594081417,0.026252983293556086
PR00002414,WO00002414,2026-04-10,B,P02,P02_L02,SKU002,480,0,28,452,55.9,347,335,12,46.062,0.9416666666666667,0.8240062057720012,0.9654178674351584,0.7491055456171735,0.0345821325648415
PR00002415,WO00002415,2026-04-10,C,P02,P02_L02,SKU004,480,23,0,457,55.9,357,343,14,46.871,1.0,0.8384775877524339,0.9607843137254902,0.8055961137229267,0.0392156862745098
PR00002416,WO00002416,2026-04-10,A,P02,P02_L03,SKU003,480,34,0,446,47.0,321,313,8,43.184,1.0,0.9188054574945138,0.9750778816199377,0.8959068791145882,0.024922118380062305
PR00002417,WO00002417,2026-04-10,B,P02,P02_L03,SKU003,480,0,0,480,47.0,326,320,6,40.75,1.0,0.8670212765957447,0.9815950920245399,0.851063829787234,0.018404907975460124
PR00002418,WO00002418,2026-04-10,C,P02,P02_L03,SKU003,480,0,50,430,47.0,292,284,8,40.744,0.8958333333333334,0.8668975754576941,0.9726027397260274,0.7553191489361701,0.0273972602739726
PR00002419,WO00002419,2026-04-10,A,P03,P03_L01,SKU004,480,27,0,453,56.693,376,365,11,49.801,1.0,0.8784386873743012,0.9707446808510638,0.8527396832223935,0.02925531914893617
PR00002420,WO00002420,2026-04-10,B,P03,P03_L01,SKU004,480,0,19,461,56.693,392,379,13,51.02,0.9604166666666667,0.8999263185326702,0.9668367346938775,0.8356410844372322,0.03316326530612245
PR00002421,WO00002421,2026-04-10,C,P03,P03_L01,SKU001,480,0,0,480,49.793,343,333,10,42.875,1.0,0.8610648083063884,0.9708454810495627,0.8359608780350651,0.029154518950437316
PR00002422,WO00002422,2026-04-10,A,P03,P03_L02,SKU008,480,19,0,461,56.6,379,374,5,49.328,1.0,0.8715114630201667,0.9868073878627969,0.8600139503154152,0.013192612137203167
PR00002423,WO00002423,2026-04-10,B,P03,P03_L02,SKU001,480,18,0,462,49.793,324,317,7,42.078,1.0,0.8450569774450641,0.9783950617283951,0.8267995736113745,0.021604938271604937
PR00002424,WO00002424,2026-04-10,C,P03,P03_L02,SKU001,480,0,0,480,49.793,334,325,9,41.75,1.0,0.8384712710621975,0.9730538922155688,0.8158777338180065,0.02694610778443114
PR00002425,WO00002425,2026-04-10,A,P03,P03_L03,SKU001,480,22,0,458,49.793,344,340,4,45.066,1.0,0.9050569795635152,0.9883720930232558,0.8945330611964976,0.011627906976744186
PR00002426,WO00002426,2026-04-10,B,P03,P03_L03,SKU001,480,0,0,480,49.793,352,348,4,44.0,1.0,0.8836583455505794,0.9886363636363636,0.8736167734420501,0.011363636363636364
PR00002427,WO00002427,2026-04-10,C,P03,P03_L03,SKU004,480,0,12,468,56.693,368,354,14,47.179,0.975,0.8321924607885838,0.9619565217391305,0.7805196408727709,0.03804347826086957
PR00002428,WO00002428,2026-04-11,B,P01,P01_L01,SKU005,480,0,0,480,50.42,331,323,8,41.375,1.0,0.8206069020230067,0.9758308157099698,0.8007735025783419,0.02416918429003021
PR00002429,WO00002429,2026-04-11,A,P01,P01_L02,SKU001,480,39,0,441,49.793,316,308,8,42.993,1.0,0.8634385813048333,0.9746835443037974,0.8415793767148375,0.02531645569620253
PR00002430,WO00002430,2026-04-11,B,P01,P01_L02,SKU001,480,0,33,447,49.793,310,300,10,41.611,0.93125,0.8356744573541172,0.967741935483871,0.7531179081396984,0.03225806451612903
PR00002431,WO00002431,2026-04-11,B,P01,P01_L03,SKU008,480,17,21,442,60.302,382,377,5,51.855,0.9546436285097192,0.8599251039751502,0.9869109947643979,0.8101769688679292,0.013089005235602094
PR00002432,WO00002432,2026-04-11,C,P01,P01_L03,SKU004,480,63,21,396,56.693,322,311,11,48.788,0.9496402877697842,0.8605626583154674,0.9658385093167702,0.7893073472712491,0.034161490683229816
PR00002433,WO00002433,2026-04-11,A,P02,P02_L01,SKU006,480,0,25,455,48.8,366,355,11,48.264,0.9479166666666666,0.9890109890109892,0.9699453551912568,0.9093237704918034,0.030054644808743168
PR00002434,WO00002434,2026-04-11,C,P02,P02_L01,SKU003,480,0,0,480,48.8,327,317,10,40.875,1.0,0.8376024590163935,0.9694189602446484,0.8119877049180328,0.03058103975535168
PR00002435,WO00002435,2026-04-11,A,P02,P02_L02,SKU002,480,0,73,407,55.9,339,327,12,49.975,0.8479166666666667,0.8940148475032196,0.9646017699115044,0.7312164579606439,0.035398230088495575
PR00002436,WO00002436,2026-04-11,B,P02,P02_L02,SKU002,480,0,79,401,55.9,297,285,12,44.439,0.8354166666666667,0.7949714265320598,0.9595959595959596,0.637298747763864,0.04040404040404041
PR00002437,WO00002437,2026-04-11,B,P02,P02_L03,SKU007,480,0,0,480,47.0,324,319,5,40.5,1.0,0.8617021276595744,0.9845679012345679,0.848404255319149,0.015432098765432098
PR00002438,WO00002438,2026-04-11,C,P02,P02_L03,SKU007,480,0,0,480,47.0,294,289,5,36.75,1.0,0.7819148936170213,0.9829931972789115,0.7686170212765957,0.017006802721088437
PR00002439,WO00002439,2026-04-11,C,P03,P03_L01,SKU003,480,26,0,454,57.7,377,368,9,49.824,1.0,0.8634972018415166,0.9761273209549072,0.8428832102856183,0.023872679045092837
PR00002440,WO00002440,2026-04-11,B,P03,P03_L02,SKU002,480,0,61,419,56.6,313,304,9,44.821,0.8729166666666667,0.791890501530651,0.9712460063897763,0.6713780918727915,0.02875399361022364
PR00002441,WO00002441,2026-04-11,C,P03,P03_L02,SKU006,480,23,0,457,54.878,358,348,10,47.002,1.0,0.8564850793361173,0.9720670391061452,0.8325609151088514,0.027932960893854747
PR00002442,WO00002442,2026-04-12,A,P01,P01_L01,SKU005,480,18,0,462,50.42,332,324,8,43.117,1.0,0.8551543656660673,0.9759036144578314,0.8345482363729091,0.024096385542168676
PR00002443,WO00002443,2026-04-12,B,P01,P01_L01,SKU005,480,0,0,480,50.42,325,315,10,40.625,1.0,0.8057318524395081,0.9692307692307692,0.780940103133677,0.03076923076923077
PR00002444,WO00002444,2026-04-12,C,P01,P01_L01,SKU007,480,0,0,480,69.9,465,458,7,58.125,1.0,0.8315450643776824,0.9849462365591398,0.8190271816881259,0.015053763440860216
PR00002445,WO00002445,2026-04-12,A,P01,P01_L02,SKU002,480,0,0,480,65.2,452,435,17,56.5,1.0,0.8665644171779141,0.9623893805309734,0.8339723926380368,0.03761061946902655
PR00002446,WO00002446,2026-04-12,C,P01,P01_L03,SKU003,480,0,12,468,61.962,429,416,13,55.0,0.975,0.8876408121106484,0.9696969696969697,0.8392240405409767,0.030303030303030304
PR00002447,WO00002447,2026-04-12,B,P02,P02_L01,SKU001,480,0,0,480,48.8,357,350,7,44.625,1.0,0.9144467213114754,0.9803921568627451,0.8965163934426229,0.0196078431372549
PR00002448,WO00002448,2026-04-12,C,P02,P02_L01,SKU001,480,0,23,457,48.8,288,282,6,37.812,0.9520833333333333,0.7748322990278725,0.9791666666666666,0.7223360655737705,0.020833333333333332
PR00002449,WO00002449,2026-04-12,A,P02,P02_L02,SKU002,480,0,0,480,55.9,394,383,11,49.25,1.0,0.8810375670840788,0.9720812182741116,0.8564400715563506,0.027918781725888325
PR00002450,WO00002450,2026-04-12,B,P02,P02_L02,SKU004,480,26,15,439,55.9,363,349,14,49.613,0.9669603524229075,0.8875269456929679,0.9614325068870524,0.8251046156998416,0.03856749311294766
PR00002451,WO00002451,2026-04-12,C,P02,P02_L02,SKU002,480,0,6,474,55.9,351,336,15,44.43,0.9875,0.7948189579040329,0.9572649572649573,0.7513416815742398,0.042735042735042736
PR00002452,WO00002452,2026-04-12,A,P02,P02_L03,SKU004,480,29,0,451,47.0,313,301,12,41.641,1.0,0.8859744303439167,0.9616613418530351,0.8520073595320092,0.038338658146964855
PR00002453,WO00002453,2026-04-12,C,P02,P02_L03,SKU003,480,26,6,448,47.0,292,284,8,39.107,0.986784140969163,0.8320668693009119,0.9726027397260274,0.7985753116505765,0.0273972602739726
PR00002454,WO00002454,2026-04-12,B,P03,P03_L01,SKU006,480,0,0,480,54.878,411,401,10,51.375,1.0,0.9361674988155545,0.975669099756691,0.9133897007908451,0.024330900243309004
PR00002455,WO00002455,2026-04-12,C,P03,P03_L01,SKU004,480,24,0,456,56.693,356,343,13,46.842,1.0,0.8262414277451873,0.9634831460674157,0.7960696902151664,0.03651685393258427
PR00002456,WO00002456,2026-04-12,A,P03,P03_L02,SKU001,480,0,24,456,49.793,343,336,7,45.132,0.95,0.9063840087435668,0.9795918367346939,0.8434920571164621,0.02040816326530612
PR00002457,WO00002457,2026-04-12,B,P03,P03_L02,SKU002,480,48,0,432,56.6,356,343,13,49.444,1.0,0.8735767569689831,0.9634831460674157,0.841676482135846,0.03651685393258427
PR00002458,WO00002458,2026-04-12,C,P03,P03_L02,SKU006,480,56,0,424,54.878,322,311,11,45.566,1.0,0.8303152034667637,0.9658385093167702,0.8019503983793898,0.034161490683229816
PR00002459,WO00002459,2026-04-12,B,P03,P03_L03,SKU001,480,0,0,480,49.793,338,332,6,42.25,1.0,0.8485128431707268,0.9822485207100592,0.8334504850079328,0.01775147928994083
PR00002460,WO00002460,2026-04-12,C,P03,P03_L03,SKU001,480,42,0,438,49.793,291,283,8,39.863,1.0,0.8005746530361725,0.9725085910652921,0.7785657278667931,0.027491408934707903
PR00002461,WO00002461,2026-04-13,A,P01,P01_L01,SKU001,480,0,0,480,49.793,372,366,6,46.5,1.0,0.933866206093226,0.9838709677419355,0.918803847930432,0.016129032258064516
PR00002462,WO00002462,2026-04-13,B,P01,P01_L01,SKU004,480,74,0,406,56.693,329,317,12,48.621,1.0,0.8576136322856863,0.9635258358662614,0.8263328918983665,0.0364741641337386
PR00002463,WO00002463,2026-04-13,C,P01,P01_L01,SKU005,480,0,0,480,50.42,333,326,7,41.625,1.0,0.825565251884173,0.978978978978979,0.8082110273700913,0.021021021021021023
PR00002464,WO00002464,2026-04-13,A,P01,P01_L02,SKU001,480,20,0,460,49.793,343,331,12,44.739,1.0,0.8985024086675358,0.9650145772594753,0.8670679220669224,0.03498542274052478
PR00002465,WO00002465,2026-04-13,B,P01,P01_L02,SKU001,480,38,0,442,49.793,323,313,10,43.846,1.0,0.8805686310556473,0.9690402476780186,0.8533064443356582,0.030959752321981424
PR00002466,WO00002466,2026-04-13,C,P01,P01_L02,SKU006,480,0,0,480,54.878,400,385,15,50.0,1.0,0.9111119209883742,0.9625,0.8769452239513102,0.0375
PR00002467,WO00002467,2026-04-13,A,P01,P01_L03,SKU003,480,0,0,480,61.962,474,459,15,59.25,1.0,0.9562312385010167,0.9683544303797469,0.9259707562699718,0.03164556962025317
PR00002468,WO00002468,2026-04-13,B,P01,P01_L03,SKU004,480,40,0,440,56.693,356,340,16,48.545,1.0,0.856286570572285,0.9550561797752809,0.817801780883643,0.0449438202247191
PR00002469,WO00002469,2026-04-13,C,P01,P01_L03,SKU004,480,44,16,420,56.693,335,322,13,47.857,0.963302752293578,0.8441455357300347,0.9611940298507463,0.781611955717718,0.03880597014925373
PR00002470,WO00002470,2026-04-13,A,P02,P02_L01,SKU001,480,26,0,454,48.8,337,329,8,44.537,1.0,0.9126525601213261,0.9762611275964391,0.8909872174478228,0.02373887240356083
PR00002471,WO00002471,2026-04-13,B,P02,P02_L01,SKU003,480,0,0,480,48.8,331,323,8,41.375,1.0,0.8478483606557378,0.9758308157099698,0.8273565573770493,0.02416918429003021
PR00002472,WO00002472,2026-04-13,C,P02,P02_L01,SKU005,480,0,0,480,48.8,302,295,7,37.75,1.0,0.7735655737704918,0.9768211920529801,0.7556352459016393,0.023178807947019868
PR00002473,WO00002473,2026-04-13,A,P02,P02_L02,SKU006,480,19,0,461,54.878,389,379,10,50.629,1.0,0.9225749343110046,0.974293059125964,0.8988583550228039,0.02570694087403599
PR00002474,WO00002474,2026-04-13,B,P02,P02_L02,SKU002,480,0,0,480,55.9,384,369,15,48.0,1.0,0.8586762075134169,0.9609375,0.825134168157424,0.0390625
PR00002475,WO00002475,2026-04-13,C,P02,P02_L02,SKU008,480,0,0,480,55.9,350,345,5,43.75,1.0,0.7826475849731664,0.9857142857142858,0.7714669051878356,0.014285714285714285
PR00002476,WO00002476,2026-04-13,A,P02,P02_L03,SKU002,480,28,17,435,47.0,295,284,11,40.69,0.9623893805309734,0.8657373440939105,0.9627118644067797,0.8021088307286763,0.03728813559322034
PR00002477,WO00002477,2026-04-13,B,P02,P02_L03,SKU003,480,12,18,450,47.0,315,309,6,42.0,0.9615384615384616,0.8936170212765957,0.9809523809523809,0.8428805237315875,0.01904761904761905
PR00002478,WO00002478,2026-04-13,C,P02,P02_L03,SKU005,480,17,0,463,47.0,273,266,7,35.378,1.0,0.7527227609025321,0.9743589743589743,0.7334221772896466,0.02564102564102564
PR00002479,WO00002479,2026-04-13,A,P03,P03_L01,SKU001,480,0,0,480,49.793,366,357,9,45.75,1.0,0.918803847930432,0.9754098360655737,0.896210310686241,0.02459016393442623
PR00002480,WO00002480,2026-04-13,B,P03,P03_L01,SKU001,480,0,0,480,49.793,356,348,8,44.5,1.0,0.8936999176591087,0.9775280898876404,0.87361677344205,0.02247191011235955
PR00002481,WO00002481,2026-04-13,C,P03,P03_L01,SKU001,480,0,19,461,49.793,324,318,6,42.169,0.9604166666666667,0.8468900728408235,0.9814814814814815,0.7983049826280803,0.018518518518518517
PR00002482,WO00002482,2026-04-13,A,P03,P03_L02,SKU006,480,16,39,425,54.878,350,343,7,49.412,0.915948275862069,0.9003929572120405,0.98,0.8082191092215837,0.02
PR00002483,WO00002483,2026-04-13,B,P03,P03_L02,SKU006,480,24,0,456,54.878,389,380,9,51.184,1.0,0.9326908875380989,0.9768637532133676,0.9111119209883742,0.02313624678663239
PR00002484,WO00002484,2026-04-13,C,P03,P03_L02,SKU001,480,73,13,394,49.793,297,288,9,45.228,0.9680589680589681,0.9083290100202658,0.9696969696969697,0.8526701033679929,0.030303030303030304
PR00002485,WO00002485,2026-04-13,A,P03,P03_L03,SKU001,480,0,0,480,49.793,341,333,8,42.625,1.0,0.8560440222521238,0.9765395894428153,0.8359608780350652,0.02346041055718475
PR00002486,WO00002486,2026-04-13,B,P03,P03_L03,SKU001,480,77,0,403,49.793,303,294,9,45.112,1.0,0.9059840244817016,0.9702970297029703,0.8790736079129381,0.0297029702970297
PR00002487,WO00002487,2026-04-13,C,P03,P03_L03,SKU004,480,0,0,480,56.693,367,356,11,45.875,1.0,0.8091827915262908,0.9700272479564033,0.7849293563579278,0.02997275204359673
PR00002488,WO00002488,2026-04-14,A,P01,P01_L01,SKU001,480,0,0,480,49.793,359,352,7,44.875,1.0,0.9012310967405057,0.9805013927576601,0.8836583455505794,0.019498607242339833
PR00002489,WO00002489,2026-04-14,B,P01,P01_L01,SKU007,480,26,0,454,69.9,441,435,6,58.282,1.0,0.8337902478682573,0.9863945578231292,0.822446162863247,0.013605442176870748
PR00002490,WO00002490,2026-04-14,C,P01,P01_L01,SKU001,480,0,0,480,49.793,352,343,9,44.0,1.0,0.8836583455505794,0.9744318181818182,0.8610648083063885,0.02556818181818182
PR00002491,WO00002491,2026-04-14,A,P01,P01_L02,SKU003,480,35,0,445,61.962,431,422,9,58.112,1.0,0.937870945911394,0.9791183294663574,0.9182866338157964,0.02088167053364269
PR00002492,WO00002492,2026-04-14,B,P01,P01_L02,SKU001,480,0,0,480,49.793,360,349,11,45.0,1.0,0.903741489767638,0.9694444444444444,0.8761271664691824,0.030555555555555555
PR00002493,WO00002493,2026-04-14,C,P01,P01_L02,SKU008,480,0,48,432,60.302,333,326,7,46.25,0.9,0.7669729030546251,0.978978978978979,0.6757653145832643,0.021021021021021023
PR00002494,WO00002494,2026-04-14,A,P01,P01_L03,SKU003,480,0,0,480,61.962,470,463,7,58.75,1.0,0.948161776572738,0.9851063829787234,0.9340402181982504,0.014893617021276596
PR00002495,WO00002495,2026-04-14,B,P01,P01_L03,SKU008,480,0,0,480,60.302,403,395,8,50.375,1.0,0.8353785944081457,0.9801488833746899,0.8187953965042619,0.019851116625310174
PR00002496,WO00002496,2026-04-14,C,P01,P01_L03,SKU003,480,25,0,455,61.962,411,398,13,54.198,1.0,0.8746942028630805,0.9683698296836983,0.8470274762518396,0.031630170316301706
PR00002497,WO00002497,2026-04-14,A,P02,P02_L01,SKU005,480,16,0,464,48.8,339,330,9,43.836,1.0,0.8982829282080271,0.9734513274336283,0.8744347088750706,0.02654867256637168
PR00002498,WO00002498,2026-04-14,B,P02,P02_L01,SKU002,480,0,0,480,48.8,317,304,13,39.625,1.0,0.8119877049180328,0.9589905362776026,0.778688524590164,0.04100946372239748
PR00002499,WO00002499,2026-04-14,C,P02,P02_L01,SKU006,480,0,0,480,48.8,344,335,9,43.0,1.0,0.8811475409836066,0.9738372093023255,0.858094262295082,0.02616279069767442
PR00002500,WO00002500,2026-04-14,A,P02,P02_L02,SKU006,480,0,0,480,54.878,417,405,12,52.125,1.0,0.9498341776303801,0.9712230215827338,0.9225008200007289,0.02877697841726619
PR00002501,WO00002501,2026-04-14,B,P02,P02_L02,SKU002,480,0,0,480,55.9,363,350,13,45.375,1.0,0.8117173524150268,0.9641873278236914,0.7826475849731663,0.03581267217630854
PR00002502,WO00002502,2026-04-14,C,P02,P02_L02,SKU002,480,37,0,443,55.9,306,295,11,41.445,1.0,0.7414077863970246,0.9640522875816994,0.7147558725069355,0.03594771241830065
PR00002503,WO00002503,2026-04-14,A,P02,P02_L03,SKU007,480,43,0,437,47.0,303,298,5,41.602,1.0,0.8851453332684162,0.9834983498349835,0.8705389746336238,0.0165016501650165
PR00002504,WO00002504,2026-04-14,B,P02,P02_L03,SKU003,480,0,0,480,47.0,342,335,7,42.75,1.0,0.9095744680851063,0.97953216374269,0.8909574468085105,0.02046783625730994
PR00002505,WO00002505,2026-04-14,C,P02,P02_L03,SKU004,480,20,34,426,47.0,274,264,10,38.592,0.9260869565217391,0.8210967935271202,0.9635036496350365,0.7326549491211841,0.0364963503649635
PR00002506,WO00002506,2026-04-14,A,P03,P03_L01,SKU001,480,0,0,480,49.793,364,356,8,45.5,1.0,0.9137830618761673,0.978021978021978,0.8936999176591086,0.02197802197802198
PR00002507,WO00002507,2026-04-14,B,P03,P03_L01,SKU001,480,17,0,463,49.793,332,324,8,43.024,1.0,0.8640523386691313,0.9759036144578314,0.8432318003879474,0.024096385542168676
PR00002508,WO00002508,2026-04-14,C,P03,P03_L01,SKU003,480,0,13,467,57.7,391,386,5,50.236,0.9729166666666667,0.8706333802173986,0.9872122762148338,0.8362218370883882,0.01278772378516624
PR00002509,WO00002509,2026-04-14,A,P03,P03_L02,SKU001,480,0,0,480,49.793,344,339,5,43.0,1.0,0.8635752013335208,0.9854651162790697,0.8510232361978591,0.014534883720930232
PR00002510,WO00002510,2026-04-14,B,P03,P03_L02,SKU001,480,15,0,465,49.793,340,331,9,43.871,1.0,0.8810669721032169,0.9735294117647059,0.8577446110769553,0.026470588235294117
PR00002511,WO00002511,2026-04-14,C,P03,P03_L02,SKU006,480,32,0,448,54.878,369,355,14,49.42,1.0,0.9005365147626162,0.962059620596206,0.8663698177255522,0.037940379403794036
PR00002512,WO00002512,2026-04-14,A,P03,P03_L03,SKU001,480,24,117,339,49.793,249,244,5,44.071,0.743421052631579,0.885080161070371,0.9799196787148594,0.6447746301266188,0.020080321285140562
PR00002513,WO00002513,2026-04-14,B,P03,P03_L03,SKU003,480,0,0,480,58.1,428,418,10,53.5,1.0,0.9208261617900172,0.9766355140186916,0.8993115318416524,0.02336448598130841
PR00002514,WO00002514,2026-04-14,C,P03,P03_L03,SKU003,480,0,0,480,58.1,395,386,9,49.375,1.0,0.849827882960413,0.9772151898734177,0.8304647160068847,0.02278481012658228
PR00002515,WO00002515,2026-04-15,A,P01,P01_L01,SKU001,480,31,0,449,49.793,334,324,10,44.633,1.0,0.896361269732416,0.9700598802395209,0.8695241059679725,0.029940119760479042
PR00002516,WO00002516,2026-04-15,B,P01,P01_L01,SKU006,480,0,0,480,54.878,413,399,14,51.625,1.0,0.9407230584204964,0.9661016949152542,0.9088341411859033,0.03389830508474576
PR00002517,WO00002517,2026-04-15,C,P01,P01_L01,SKU005,480,0,0,480,50.42,318,309,9,39.75,1.0,0.7883776279254264,0.9716981132075472,0.7660650535501785,0.02830188679245283
PR00002518,WO00002518,2026-04-15,A,P01,P01_L02,SKU001,480,33,0,447,49.793,352,344,8,47.248,1.0,0.9488948677053202,0.9772727272727273,0.927329075257472,0.022727272727272728
PR00002519,WO00002519,2026-04-15,B,P01,P01_L02,SKU001,480,0,0,480,49.793,353,342,11,44.125,1.0,0.8861687385777117,0.9688385269121813,0.8585544152792561,0.031161473087818695
PR00002520,WO00002520,2026-04-15,C,P01,P01_L02,SKU001,480,0,0,480,49.793,331,321,10,41.375,1.0,0.8309400919808005,0.9697885196374623,0.8058361617094772,0.030211480362537766
PR00002521,WO00002521,2026-04-15,A,P01,P01_L03,SKU003,480,30,0,450,61.962,434,428,6,57.867,1.0,0.9339057271661125,0.9861751152073732,0.9209945880808666,0.013824884792626729
PR00002522,WO00002522,2026-04-15,B,P01,P01_L03,SKU007,480,0,58,422,74.2,464,456,8,65.972,0.8791666666666667,0.8891046358631085,0.9827586206896551,0.7681940700808625,0.017241379310344827
PR00002523,WO00002523,2026-04-15,C,P01,P01_L03,SKU003,480,0,0,480,61.962,424,412,12,53.0,1.0,0.8553629643975339,0.9716981132075472,0.831154578612698,0.02830188679245283
PR00002524,WO00002524,2026-04-15,A,P02,P02_L01,SKU001,480,52,0,428,48.8,311,305,6,43.598,1.0,0.8934043205147847,0.9807073954983923,0.8761682242990654,0.01929260450160772
PR00002525,WO00002525,2026-04-15,B,P02,P02_L01,SKU006,480,21,0,459,48.8,322,312,10,42.092,1.0,0.8625308046715954,0.968944099378882,0.8357441337190614,0.031055900621118012
PR00002526,WO00002526,2026-04-15,C,P02,P02_L01,SKU003,480,0,34,446,48.8,304,298,6,40.897,0.9291666666666667,0.8380504300521944,0.9802631578947368,0.7633196721311475,0.019736842105263157
PR00002527,WO00002527,2026-04-15,A,P02,P02_L02,SKU002,480,31,52,397,55.9,319,307,12,48.212,0.8841870824053452,0.8624613041460327,0.9623824451410659,0.7338908566442622,0.03761755485893417
PR00002528,WO00002528,2026-04-15,B,P02,P02_L02,SKU002,480,33,0,447,55.9,337,324,13,45.235,1.0,0.809211079228248,0.9614243323442137,0.7779952215725588,0.03857566765578635
PR00002529,WO00002529,2026-04-15,C,P02,P02_L02,SKU002,480,24,21,435,55.9,327,313,14,45.103,0.9539473684210527,0.8068595398186417,0.9571865443425076,0.7367479521702288,0.04281345565749235
PR00002530,WO00002530,2026-04-15,A,P02,P02_L03,SKU005,480,0,32,448,47.0,297,292,5,39.777,0.9333333333333333,0.8463145896656535,0.9831649831649831,0.7765957446808511,0.016835016835016835
PR00002531,WO00002531,2026-04-15,B,P02,P02_L03,SKU001,480,47,0,433,47.0,295,289,6,40.878,1.0,0.8697361309026583,0.9796610169491525,0.8520465824775195,0.020338983050847456
PR00002532,WO00002532,2026-04-15,C,P02,P02_L03,SKU007,480,0,0,480,47.0,308,302,6,38.5,1.0,0.8191489361702128,0.9805194805194806,0.8031914893617021,0.01948051948051948
PR00002533,WO00002533,2026-04-15,A,P03,P03_L01,SKU001,480,0,0,480,49.793,384,376,8,48.0,1.0,0.9639909224188139,0.9791666666666666,0.9439077782017552,0.020833333333333332
PR00002534,WO00002534,2026-04-15,B,P03,P03_L01,SKU003,480,0,0,480,57.7,423,416,7,52.875,1.0,0.9163778162911611,0.983451536643026,0.901213171577123,0.016548463356973995
PR00002535,WO00002535,2026-04-15,C,P03,P03_L01,SKU003,480,33,0,447,57.7,382,375,7,51.275,1.0,0.8886510881323206,0.981675392670157,0.8723669058890582,0.01832460732984293
PR00002536,WO00002536,2026-04-15,A,P03,P03_L02,SKU006,480,0,0,480,54.878,412,401,11,51.5,1.0,0.9384452786180254,0.9733009708737864,0.9133897007908451,0.02669902912621359
PR00002537,WO00002537,2026-04-15,B,P03,P03_L02,SKU006,480,0,56,424,54.878,332,325,7,46.981,0.8833333333333333,0.8561013899098309,0.9789156626506024,0.7402784358030541,0.02108433734939759
PR00002538,WO00002538,2026-04-15,C,P03,P03_L02,SKU004,480,0,0,480,56.6,396,381,15,49.5,1.0,0.8745583038869258,0.9621212121212122,0.8414310954063604,0.03787878787878788
PR00002539,WO00002539,2026-04-15,A,P03,P03_L03,SKU004,480,0,28,452,56.693,395,383,12,52.434,0.9416666666666667,0.9248695309576856,0.9696202531645569,0.8444605154075459,0.030379746835443037
PR00002540,WO00002540,2026-04-15,B,P03,P03_L03,SKU001,480,0,0,480,49.793,351,342,9,43.875,1.0,0.8811479525234471,0.9743589743589743,0.8585544152792561,0.02564102564102564
PR00002541,WO00002541,2026-04-15,C,P03,P03_L03,SKU003,480,26,0,454,58.1,363,356,7,47.974,1.0,0.8257068551108145,0.9807162534435262,0.8097841333869146,0.01928374655647383
PR00002542,WO00002542,2026-04-16,A,P01,P01_L01,SKU005,480,0,0,480,50.42,343,335,8,42.875,1.0,0.8503570011900039,0.9766763848396501,0.8305236017453391,0.023323615160349854
PR00002543,WO00002543,2026-04-16,B,P01,P01_L01,SKU005,480,59,0,421,50.42,309,301,8,44.038,1.0,0.8734233389645741,0.9741100323624595,0.8508104369849088,0.025889967637540454
PR00002544,WO00002544,2026-04-16,C,P01,P01_L01,SKU007,480,0,7,473,69.9,495,489,6,62.791,0.9854166666666667,0.8982932428386066,0.9878787878787879,0.8744635193133047,0.012121212121212121
PR00002545,WO00002545,2026-04-16,A,P01,P01_L02,SKU008,480,0,21,459,60.302,403,395,8,52.68,0.95625,0.8735985301000215,0.9801488833746899,0.8187953965042619,0.019851116625310174
PR00002546,WO00002546,2026-04-16,B,P01,P01_L02,SKU008,480,0,0,480,60.302,415,404,11,51.875,1.0,0.8602533912639714,0.9734939759036144,0.8374514941461312,0.02650602409638554
PR00002547,WO00002547,2026-04-16,C,P01,P01_L02,SKU008,480,21,0,459,60.302,391,380,11,51.111,1.0,0.847585670642949,0.9718670076726342,0.8237405494739657,0.028132992327365727
PR00002548,WO00002548,2026-04-16,A,P01,P01_L03,SKU008,480,0,0,480,60.302,409,402,7,51.125,1.0,0.8478159928360585,0.9828850855745721,0.8333056946701601,0.017114914425427872
PR00002549,WO00002549,2026-04-16,B,P01,P01_L03,SKU008,480,0,0,480,60.302,424,415,9,53.0,1.0,0.8789094889058406,0.9787735849056604,0.8602533912639714,0.02122641509433962
PR00002550,WO00002550,2026-04-16,C,P01,P01_L03,SKU008,480,17,0,463,60.302,382,374,8,49.503,1.0,0.8209220215054348,0.9790575916230366,0.8037299372854256,0.020942408376963352
PR00002551,WO00002551,2026-04-16,A,P02,P02_L01,SKU005,480,0,22,458,48.8,332,326,6,43.493,0.9541666666666667,0.8912592168372826,0.9819277108433735,0.8350409836065574,0.018072289156626505
PR00002552,WO00002552,2026-04-16,B,P02,P02_L01,SKU001,480,49,0,431,48.8,302,293,9,42.042,1.0,0.8615115438743296,0.9701986754966887,0.835837358791982,0.029801324503311258
PR00002553,WO00002553,2026-04-16,C,P02,P02_L01,SKU003,480,0,0,480,48.8,319,312,7,39.875,1.0,0.8171106557377049,0.9780564263322884,0.7991803278688524,0.0219435736677116
PR00002554,WO00002554,2026-04-16,A,P02,P02_L02,SKU001,480,0,0,480,49.793,353,346,7,44.125,1.0,0.8861687385777117,0.9801699716713881,0.8685959873877854,0.019830028328611898
PR00002555,WO00002555,2026-04-16,B,P02,P02_L02,SKU002,480,0,0,480,55.9,352,338,14,44.0,1.0,0.7871198568872988,0.9602272727272727,0.7558139534883721,0.03977272727272727
PR00002556,WO00002556,2026-04-16,C,P02,P02_L02,SKU004,480,0,11,469,55.9,356,341,15,45.544,0.9770833333333333,0.8147354207749904,0.9578651685393258,0.7625223613595706,0.042134831460674156
PR00002557,WO00002557,2026-04-16,A,P02,P02_L03,SKU005,480,0,0,480,47.0,308,303,5,38.5,1.0,0.8191489361702128,0.9837662337662337,0.8058510638297872,0.016233766233766232
PR00002558,WO00002558,2026-04-16,B,P02,P02_L03,SKU003,480,0,0,480,47.0,362,353,9,45.25,1.0,0.9627659574468085,0.9751381215469613,0.9388297872340425,0.024861878453038673
PR00002559,WO00002559,2026-04-16,C,P02,P02_L03,SKU007,480,0,15,465,47.0,311,307,4,40.129,0.96875,0.853809196980096,0.9871382636655949,0.8164893617021277,0.012861736334405145
PR00002560,WO00002560,2026-04-16,A,P03,P03_L01,SKU004,480,31,38,411,56.693,367,354,13,53.577,0.9153674832962138,0.9450309974029674,0.9645776566757494,0.834408524763764,0.035422343324250684
PR00002561,WO00002561,2026-04-16,B,P03,P03_L01,SKU003,480,0,0,480,57.7,395,385,10,49.375,1.0,0.8557192374350087,0.9746835443037974,0.834055459272097,0.02531645569620253
PR00002562,WO00002562,2026-04-16,C,P03,P03_L01,SKU005,480,0,0,480,50.42,320,313,7,40.0,1.0,0.7933359777865926,0.978125,0.7759817532725108,0.021875
PR00002563,WO00002563,2026-04-16,A,P03,P03_L02,SKU008,480,0,0,480,56.6,384,380,4,48.0,1.0,0.8480565371024735,0.9895833333333334,0.8392226148409895,0.010416666666666666
PR00002564,WO00002564,2026-04-16,B,P03,P03_L02,SKU004,480,36,0,444,56.6,398,385,13,53.784,1.0,0.9502435297488301,0.9673366834170855,0.9192054245057779,0.032663316582914576
PR00002565,WO00002565,2026-04-16,C,P03,P03_L02,SKU006,480,19,11,450,54.878,345,335,10,46.0,0.9761388286334056,0.8382229673093043,0.9710144927536232,0.7945054061547211,0.028985507246376812
PR00002566,WO00002566,2026-04-16,A,P03,P03_L03,SKU004,480,0,0,480,56.693,408,394,14,51.0,1.0,0.8995819589720072,0.9656862745098039,0.8687139505759089,0.03431372549019608
PR00002567,WO00002567,2026-04-16,B,P03,P03_L03,SKU004,480,0,0,480,56.693,394,379,15,49.25,1.0,0.8687139505759088,0.9619289340101523,0.8356410844372322,0.03807106598984772
PR00002568,WO00002568,2026-04-16,C,P03,P03_L03,SKU008,480,31,0,449,58.1,363,359,4,48.508,1.0,0.8349018089539193,0.9889807162534435,0.8257017890205428,0.011019283746556474
PR00002569,WO00002569,2026-04-17,A,P01,P01_L01,SKU006,480,33,0,447,54.878,410,394,16,55.034,1.0,1.0,0.9609756097560975,0.9609756097560975,0.03902439024390244
PR00002570,WO00002570,2026-04-17,B,P01,P01_L01,SKU001,480,0,0,480,49.793,369,359,10,46.125,1.0,0.926335027011829,0.9728997289972899,0.9012310967405057,0.02710027100271003
PR00002571,WO00002571,2026-04-17,C,P01,P01_L01,SKU005,480,25,0,455,50.42,317,307,10,41.802,1.0,0.8290796866758786,0.9684542586750788,0.8029257533422547,0.031545741324921134
PR00002572,WO00002572,2026-04-17,A,P01,P01_L02,SKU006,480,0,0,480,54.878,407,395,12,50.875,1.0,0.9270563796056708,0.9705159705159705,0.8997230219760195,0.029484029484029485
PR00002573,WO00002573,2026-04-17,B,P01,P01_L02,SKU001,480,50,121,309,49.793,237,230,7,46.019,0.7186046511627907,0.9242145979500763,0.9704641350210971,0.6445288144079278,0.029535864978902954
PR00002574,WO00002574,2026-04-17,C,P01,P01_L02,SKU004,480,0,65,415,56.693,333,320,13,48.145,0.8645833333333334,0.849215570057203,0.960960960960961,0.7055544776251036,0.03903903903903904
PR00002575,WO00002575,2026-04-17,A,P01,P01_L03,SKU008,480,15,0,465,60.302,403,394,9,52.0,1.0,0.8623262910019568,0.9776674937965261,0.8430683837587369,0.022332506203473945
PR00002576,WO00002576,2026-04-17,B,P01,P01_L03,SKU008,480,0,0,480,60.302,409,400,9,51.125,1.0,0.8478159928360585,0.9779951100244498,0.8291598951941892,0.022004889975550123
PR00002577,WO00002577,2026-04-17,C,P01,P01_L03,SKU004,480,0,0,480,56.693,370,353,17,46.25,1.0,0.8157973647540261,0.9540540540540541,0.7783147831301925,0.04594594594594595
PR00002578,WO00002578,2026-04-17,A,P02,P02_L01,SKU003,480,27,34,419,48.8,299,295,4,42.816,0.9249448123620309,0.877381744199695,0.9866220735785953,0.8006731082401477,0.013377926421404682
PR00002579,WO00002579,2026-04-17,B,P02,P02_L01,SKU003,480,31,0,449,48.8,319,312,7,42.628,1.0,0.8735258680492168,0.9780564263322884,0.8543575888130271,0.0219435736677116
PR00002580,WO00002580,2026-04-17,C,P02,P02_L01,SKU001,480,0,0,480,48.8,319,311,8,39.875,1.0,0.8171106557377049,0.9749216300940439,0.7966188524590164,0.025078369905956112
PR00002581,WO00002581,2026-04-17,A,P02,P02_L02,SKU006,480,28,0,452,54.878,386,374,12,51.239,1.0,0.9336881455792366,0.9689119170984456,0.9046615711052707,0.031088082901554404
PR00002582,WO00002582,2026-04-17,B,P02,P02_L02,SKU002,480,0,0,480,55.9,383,371,12,47.875,1.0,0.8564400715563506,0.9686684073107049,0.8296064400715563,0.031331592689295036
PR00002583,WO00002583,2026-04-17,C,P02,P02_L02,SKU005,480,0,0,480,50.42,311,303,8,38.875,1.0,0.7710234034113447,0.9742765273311897,0.7511900039666799,0.02572347266881029
PR00002584,WO00002584,2026-04-17,A,P02,P02_L03,SKU003,480,0,0,480,47.0,333,324,9,41.625,1.0,0.8856382978723404,0.972972972972973,0.8617021276595744,0.02702702702702703
PR00002585,WO00002585,2026-04-17,B,P02,P02_L03,SKU002,480,20,0,460,47.0,285,274,11,37.174,1.0,0.7909343200740054,0.9614035087719298,0.7604070305272894,0.03859649122807018
PR00002586,WO00002586,2026-04-17,C,P02,P02_L03,SKU007,480,39,0,441,47.0,286,280,6,38.912,1.0,0.8279056303372413,0.9790209790209791,0.8105369807497468,0.02097902097902098
PR00002587,WO00002587,2026-04-17,A,P03,P03_L01,SKU001,480,0,4,476,49.793,350,344,6,44.118,0.9916666666666667,0.8860210683996451,0.9828571428571429,0.8635752013335207,0.017142857142857144
PR00002588,WO00002588,2026-04-17,B,P03,P03_L01,SKU003,480,21,0,459,57.7,382,378,4,49.935,1.0,0.8654183799458547,0.9895287958115183,0.8563564073809766,0.010471204188481676
PR00002589,WO00002589,2026-04-17,C,P03,P03_L01,SKU001,480,0,0,480,49.793,332,324,8,41.5,1.0,0.8334504850079328,0.9759036144578314,0.8133673407908742,0.024096385542168676
PR00002590,WO00002590,2026-04-17,A,P03,P03_L02,SKU002,480,19,82,379,56.6,310,298,12,49.077,0.8221258134490239,0.8670762747419749,0.9612903225806452,0.6852517572031918,0.03870967741935484
PR00002591,WO00002591,2026-04-17,B,P03,P03_L02,SKU006,480,0,0,480,54.878,409,394,15,51.125,1.0,0.9316119392106126,0.9633251833740831,0.8974452421735486,0.03667481662591687
PR00002592,WO00002592,2026-04-17,C,P03,P03_L02,SKU001,480,17,0,463,49.793,302,296,6,39.136,1.0,0.7859753201146917,0.9801324503311258,0.7703599164038039,0.019867549668874173
PR00002593,WO00002593,2026-04-17,A,P03,P03_L03,SKU001,480,40,0,440,49.793,304,296,8,41.455,1.0,0.8325376148162483,0.9736842105263158,0.8106287302158207,0.02631578947368421
PR00002594,WO00002594,2026-04-17,B,P03,P03_L03,SKU003,480,0,0,480,58.1,421,412,9,52.625,1.0,0.9057659208261618,0.9786223277909739,0.8864027538726335,0.021377672209026127
PR00002595,WO00002595,2026-04-17,C,P03,P03_L03,SKU003,480,0,0,480,58.1,403,396,7,50.375,1.0,0.867039586919105,0.9826302729528535,0.8519793459552495,0.017369727047146403
PR00002596,WO00002596,2026-04-18,B,P01,P01_L01,SKU002,480,34,0,446,69.9,452,433,19,60.807,1.0,0.8699166650628379,0.9579646017699115,0.8333493716199311,0.0420353982300885
PR00002597,WO00002597,2026-04-18,C,P01,P01_L01,SKU001,480,0,0,480,49.793,338,328,10,42.25,1.0,0.8485128431707268,0.9704142011834319,0.8234089128994035,0.029585798816568046
PR00002598,WO00002598,2026-04-18,B,P01,P01_L02,SKU001,480,0,0,480,49.793,350,341,9,43.75,1.0,0.8786375594963147,0.9742857142857143,0.8560440222521238,0.025714285714285714
PR00002599,WO00002599,2026-04-18,C,P01,P01_L02,SKU001,480,0,0,480,49.793,347,339,8,43.375,1.0,0.8711063804149177,0.9769452449567724,0.8510232361978591,0.023054755043227664
PR00002600,WO00002600,2026-04-18,A,P01,P01_L03,SKU008,480,35,0,445,60.302,405,397,8,54.607,1.0,0.905554402391856,0.980246913580247,0.8876669080236219,0.019753086419753086
PR00002601,WO00002601,2026-04-18,B,P02,P02_L01,SKU003,480,0,0,480,48.8,351,344,7,43.875,1.0,0.8990778688524591,0.98005698005698,0.8811475409836066,0.019943019943019943
PR00002602,WO00002602,2026-04-18,C,P02,P02_L01,SKU006,480,24,0,456,48.8,301,290,11,39.605,1.0,0.8115832614322693,0.9634551495016611,0.7819240724762727,0.036544850498338874
PR00002603,WO00002603,2026-04-18,B,P02,P02_L02,SKU003,480,0,34,446,55.9,372,366,6,50.045,0.9291666666666667,0.895256584066679,0.9838709677419355,0.8184257602862254,0.016129032258064516
PR00002604,WO00002604,2026-04-18,A,P02,P02_L03,SKU007,480,0,0,480,47.0,330,326,4,41.25,1.0,0.8776595744680851,0.9878787878787879,0.8670212765957447,0.012121212121212121
PR00002605,WO00002605,2026-04-18,B,P02,P02_L03,SKU005,480,0,0,480,47.0,322,314,8,40.25,1.0,0.8563829787234043,0.9751552795031055,0.8351063829787234,0.024844720496894408
PR00002606,WO00002606,2026-04-18,C,P02,P02_L03,SKU003,480,54,0,426,47.0,286,280,6,40.282,1.0,0.8570572370392568,0.9790209790209791,0.8390770152831886,0.02097902097902098
PR00002607,WO00002607,2026-04-18,A,P03,P03_L01,SKU001,480,0,0,480,49.793,348,341,7,43.5,1.0,0.8736167734420501,0.9798850574712644,0.8560440222521238,0.020114942528735632
PR00002608,WO00002608,2026-04-18,B,P03,P03_L01,SKU004,480,0,0,480,56.693,376,363,13,47.0,1.0,0.8290265112094968,0.9654255319148937,0.800363360555977,0.034574468085106384
PR00002609,WO00002609,2026-04-18,C,P03,P03_L01,SKU004,480,21,0,459,56.693,367,353,14,47.974,1.0,0.8462042264327223,0.9618528610354223,0.8139239562145804,0.03814713896457766
PR00002610,WO00002610,2026-04-18,A,P03,P03_L02,SKU008,480,0,33,447,56.6,328,325,3,44.027,0.93125,0.7778594635615529,0.9908536585365854,0.717756183745583,0.009146341463414634
PR00002611,WO00002611,2026-04-18,B,P03,P03_L02,SKU001,480,23,0,457,49.793,311,304,7,40.832,1.0,0.8200251008540786,0.977491961414791,0.8015679442432151,0.022508038585209004
PR00002612,WO00002612,2026-04-18,B,P03,P03_L03,SKU006,480,0,0,480,54.878,383,370,13,47.875,1.0,0.8723896643463683,0.9660574412532638,0.8427785269142463,0.033942558746736295
PR00002613,WO00002613,2026-04-19,C,P01,P01_L01,SKU004,480,23,10,447,56.693,357,341,16,47.919,0.9781181619256017,0.8452447936649732,0.9551820728291317,0.7896960947598262,0.04481792717086835
PR00002614,WO00002614,2026-04-19,A,P01,P01_L02,SKU006,480,48,0,432,54.878,383,372,11,53.194,1.0,0.9693218492737425,0.9712793733681462,0.9414823183546533,0.028720626631853787
PR00002615,WO00002615,2026-04-19,C,P01,P01_L02,SKU008,480,25,0,455,60.302,382,375,7,50.374,1.0,0.8353558152901458,0.981675392670157,0.820048247994253,0.01832460732984293
PR00002616,WO00002616,2026-04-19,A,P02,P02_L01,SKU005,480,0,0,480,48.8,327,320,7,40.875,1.0,0.8376024590163935,0.9785932721712538,0.819672131147541,0.021406727828746176
PR00002617,WO00002617,2026-04-19,B,P02,P02_L01,SKU003,480,60,0,420,48.8,288,284,4,41.143,1.0,0.8430913348946136,0.9861111111111112,0.8313817330210773,0.013888888888888888
PR00002618,WO00002618,2026-04-19,C,P02,P02_L01,SKU006,480,0,0,480,48.8,312,302,10,39.0,1.0,0.7991803278688525,0.967948717948718,0.7735655737704918,0.03205128205128205
PR00002619,WO00002619,2026-04-19,A,P02,P02_L02,SKU004,480,0,0,480,55.9,410,395,15,51.25,1.0,0.9168157423971378,0.9634146341463414,0.8832737030411449,0.036585365853658534
PR00002620,WO00002620,2026-04-19,C,P02,P02_L02,SKU002,480,31,0,449,55.9,311,298,13,41.559,1.0,0.7434529524963046,0.9581993569131833,0.7123761409771665,0.04180064308681672
PR00002621,WO00002621,2026-04-19,A,P02,P02_L03,SKU007,480,0,0,480,47.0,315,310,5,39.375,1.0,0.8377659574468085,0.9841269841269841,0.8244680851063829,0.015873015873015872
PR00002622,WO00002622,2026-04-19,B,P02,P02_L03,SKU007,480,17,0,463,47.0,309,305,4,40.043,1.0,0.8519829051973714,0.9870550161812298,0.8409540002757226,0.012944983818770227
PR00002623,WO00002623,2026-04-19,C,P02,P02_L03,SKU007,480,32,0,448,47.0,286,282,4,38.304,1.0,0.8149696048632219,0.986013986013986,0.8035714285714286,0.013986013986013986
PR00002624,WO00002624,2026-04-19,A,P03,P03_L01,SKU004,480,43,0,437,56.693,362,350,12,49.703,1.0,0.8766958383305063,0.9668508287292817,0.8476340978333625,0.03314917127071823
PR00002625,WO00002625,2026-04-19,B,P03,P03_L01,SKU001,480,0,123,357,49.793,240,234,6,40.336,0.74375,0.8100764053939613,0.975,0.5874319683489647,0.025
PR00002626,WO00002626,2026-04-19,B,P03,P03_L02,SKU008,480,0,0,480,56.6,356,350,6,44.5,1.0,0.7862190812720848,0.9831460674157303,0.7729681978798587,0.016853932584269662
PR00002627,WO00002627,2026-04-19,C,P03,P03_L02,SKU001,480,41,0,439,49.793,302,295,7,41.276,1.0,0.828944358116406,0.9768211920529801,0.8097304160408602,0.023178807947019868
PR00002628,WO00002628,2026-04-19,A,P03,P03_L03,SKU006,480,0,0,480,54.878,427,419,8,53.375,1.0,0.9726119756550895,0.9812646370023419,0.9543897372353219,0.01873536299765808
PR00002629,WO00002629,2026-04-19,C,P03,P03_L03,SKU004,480,0,0,480,56.693,371,358,13,46.375,1.0,0.8180022224966046,0.9649595687331537,0.7893390718430848,0.03504043126684636
PR00002630,WO00002630,2026-04-20,A,P01,P01_L01,SKU001,480,0,0,480,49.793,391,378,13,48.875,1.0,0.9815636736087402,0.9667519181585678,0.9489285642560199,0.03324808184143223
PR00002631,WO00002631,2026-04-20,B,P01,P01_L01,SKU005,480,0,0,480,50.42,357,348,9,44.625,1.0,0.8850654502181674,0.9747899159663865,0.8627528758429195,0.025210084033613446
PR00002632,WO00002632,2026-04-20,C,P01,P01_L01,SKU001,480,0,0,480,49.793,319,308,11,39.875,1.0,0.8008153756552125,0.9655172413793104,0.773201052356757,0.034482758620689655
PR00002633,WO00002633,2026-04-20,A,P01,P01_L02,SKU001,480,30,0,450,49.793,335,326,9,44.667,1.0,0.8970471083619518,0.9731343283582089,0.8729473353014814,0.026865671641791045
PR00002634,WO00002634,2026-04-20,B,P01,P01_L02,SKU001,480,0,44,436,49.793,301,291,10,41.422,0.9083333333333333,0.8318843682570612,0.9667774086378738,0.7305243708955074,0.03322259136212625
PR00002635,WO00002635,2026-04-20,C,P01,P01_L02,SKU004,480,0,0,480,56.693,413,395,18,51.625,1.0,0.9106062476848994,0.9564164648910412,0.8709188083184873,0.043583535108958835
PR00002636,WO00002636,2026-04-20,A,P01,P01_L03,SKU003,480,0,0,480,61.962,460,448,12,57.5,1.0,0.9279881217520415,0.9739130434782609,0.9037797359672056,0.02608695652173913
PR00002637,WO00002637,2026-04-20,B,P01,P01_L03,SKU008,480,41,0,439,60.302,392,385,7,53.576,1.0,0.8884665482900834,0.9821428571428571,0.8726010742134748,0.017857142857142856
PR00002638,WO00002638,2026-04-20,C,P01,P01_L03,SKU008,480,0,0,480,60.302,397,389,8,49.625,1.0,0.8229411959802329,0.9798488664987406,0.8063579980763491,0.020151133501259445
PR00002639,WO00002639,2026-04-20,A,P02,P02_L01,SKU001,480,0,21,459,48.8,334,328,6,43.66,0.95625,0.8946748098146362,0.9820359281437125,0.8401639344262295,0.017964071856287425
PR00002640,WO00002640,2026-04-20,B,P02,P02_L01,SKU004,480,0,0,480,48.8,338,326,12,42.25,1.0,0.8657786885245902,0.9644970414201184,0.8350409836065574,0.03550295857988166
PR00002641,WO00002641,2026-04-20,C,P02,P02_L01,SKU002,480,0,0,480,48.8,294,285,9,36.75,1.0,0.7530737704918034,0.9693877551020408,0.7300204918032788,0.030612244897959183
PR00002642,WO00002642,2026-04-20,A,P02,P02_L02,SKU001,480,0,0,480,49.793,377,368,9,47.125,1.0,0.9464181712288876,0.9761273209549072,0.9238246339846967,0.023872679045092837
PR00002643,WO00002643,2026-04-20,B,P02,P02_L02,SKU002,480,52,75,353,55.9,276,266,10,46.912,0.8247663551401869,0.8392161234904498,0.9637681159420289,0.6670790630799324,0.036231884057971016
PR00002644,WO00002644,2026-04-20,C,P02,P02_L02,SKU006,480,0,0,480,54.878,396,382,14,49.5,1.0,0.9020008017784905,0.9646464646464646,0.8701118845438974,0.03535353535353535
PR00002645,WO00002645,2026-04-20,A,P02,P02_L03,SKU007,480,42,0,438,47.0,297,294,3,40.685,1.0,0.8656368405712621,0.98989898989899,0.8568930341008454,0.010101010101010102
PR00002646,WO00002646,2026-04-20,B,P02,P02_L03,SKU003,480,0,17,463,47.0,331,321,10,42.894,0.9645833333333333,0.9126418822664399,0.9697885196374623,0.8537234042553192,0.030211480362537766
PR00002647,WO00002647,2026-04-20,C,P02,P02_L03,SKU007,480,27,0,453,47.0,278,274,4,36.821,1.0,0.7834296181485135,0.9856115107913669,0.7721572495420601,0.014388489208633094
PR00002648,WO00002648,2026-04-20,A,P03,P03_L01,SKU001,480,0,47,433,49.793,322,315,7,44.619,0.9020833333333333,0.8960885595232623,0.9782608695652174,0.7907738035466833,0.021739130434782608
PR00002649,WO00002649,2026-04-20,B,P03,P03_L01,SKU001,480,0,0,480,49.793,324,317,7,40.5,1.0,0.8133673407908742,0.9783950617283951,0.795794589600948,0.021604938271604937
PR00002650,WO00002650,2026-04-20,C,P03,P03_L01,SKU003,480,0,0,480,57.7,421,410,11,52.625,1.0,0.9120450606585788,0.9738717339667459,0.888214904679376,0.026128266033254157
PR00002651,WO00002651,2026-04-20,A,P03,P03_L02,SKU008,480,76,0,404,56.6,331,327,4,49.158,1.0,0.8685232480845257,0.9879154078549849,0.8580274988629605,0.012084592145015106
PR00002652,WO00002652,2026-04-20,B,P03,P03_L02,SKU006,480,77,21,382,54.878,306,296,10,48.063,0.9478908188585607,0.8758122968244267,0.9673202614379085,0.8030445516999268,0.032679738562091505
PR00002653,WO00002653,2026-04-20,C,P03,P03_L02,SKU008,480,0,0,480,56.6,380,372,8,47.5,1.0,0.8392226148409894,0.9789473684210527,0.8215547703180212,0.021052631578947368
PR00002654,WO00002654,2026-04-20,A,P03,P03_L03,SKU001,480,30,0,450,49.793,353,345,8,47.067,1.0,0.9452466544828926,0.9773371104815864,0.9238246339846967,0.0226628895184136
PR00002655,WO00002655,2026-04-20,B,P03,P03_L03,SKU004,480,0,0,480,56.693,392,376,16,49.0,1.0,0.8643042350907519,0.9591836734693877,0.8290265112094967,0.04081632653061224
PR00002656,WO00002656,2026-04-20,C,P03,P03_L03,SKU001,480,0,0,480,49.793,331,325,6,41.375,1.0,0.8309400919808005,0.9818731117824774,0.8158777338180067,0.01812688821752266
PR00002657,WO00002657,2026-04-21,A,P01,P01_L01,SKU001,480,0,0,480,49.793,376,367,9,47.0,1.0,0.9439077782017553,0.976063829787234,0.9213142409575643,0.023936170212765957
PR00002658,WO00002658,2026-04-21,B,P01,P01_L01,SKU002,480,0,0,480,69.9,481,458,23,60.125,1.0,0.8601573676680973,0.9521829521829522,0.8190271816881259,0.04781704781704782
PR00002659,WO00002659,2026-04-21,C,P01,P01_L01,SKU007,480,25,0,455,69.9,449,445,4,59.209,1.0,0.847049945762392,0.9910913140311804,0.8395038437956892,0.008908685968819599
PR00002660,WO00002660,2026-04-21,A,P01,P01_L02,SKU004,480,0,0,480,56.693,420,403,17,52.5,1.0,0.9260402518829486,0.9595238095238096,0.888557670259115,0.04047619047619048
PR00002661,WO00002661,2026-04-21,B,P01,P01_L02,SKU004,480,0,0,480,56.693,432,411,21,54.0,1.0,0.95249854479389,0.9513888888888888,0.9061965321997425,0.04861111111111111
PR00002662,WO00002662,2026-04-21,C,P01,P01_L02,SKU001,480,0,0,480,49.793,323,312,11,40.375,1.0,0.810856947763742,0.9659442724458205,0.7832426244652864,0.034055727554179564
PR00002663,WO00002663,2026-04-21,A,P01,P01_L03,SKU004,480,30,0,450,56.693,389,375,14,51.867,1.0,0.9148689726538843,0.9640102827763496,0.8819430970313795,0.03598971722365039
PR00002664,WO00002664,2026-04-21,B,P01,P01_L03,SKU003,480,23,68,389,61.962,351,346,5,54.139,0.8512035010940919,0.8737422530053871,0.9857549857549858,0.7331379852562985,0.014245014245014245
PR00002665,WO00002665,2026-04-21,C,P01,P01_L03,SKU004,480,41,0,439,56.693,373,357,16,50.979,1.0,0.8992203422124044,0.9571045576407506,0.8606478878547678,0.04289544235924933
PR00002666,WO00002666,2026-04-21,A,P02,P02_L01,SKU003,480,20,14,446,48.8,319,311,8,42.915,0.9695652173913043,0.8794016025876645,0.9749216300940439,0.8312544547398432,0.025078369905956112
PR00002667,WO00002667,2026-04-21,B,P02,P02_L01,SKU001,480,0,0,480,48.8,346,337,9,43.25,1.0,0.8862704918032788,0.9739884393063584,0.8632172131147542,0.02601156069364162
PR00002668,WO00002668,2026-04-21,C,P02,P02_L01,SKU006,480,51,0,429,48.8,301,291,10,42.098,1.0,0.8626619282356986,0.9667774086378738,0.8340020635102602,0.03322259136212625
PR00002669,WO00002669,2026-04-21,A,P02,P02_L02,SKU002,480,25,0,455,55.9,358,346,12,47.209,1.0,0.844522204092866,0.9664804469273743,0.8162141972517645,0.0335195530726257
PR00002670,WO00002670,2026-04-21,B,P02,P02_L02,SKU002,480,0,4,476,55.9,373,360,13,47.017,0.9916666666666667,0.8410877767922911,0.9651474530831099,0.8050089445438282,0.03485254691689008
PR00002671,WO00002671,2026-04-21,C,P02,P02_L02,SKU002,480,0,28,452,55.9,332,317,15,44.071,0.9416666666666667,0.7883863409691769,0.9548192771084337,0.7088550983899821,0.045180722891566265
PR00002672,WO00002672,2026-04-21,A,P02,P02_L03,SKU007,480,0,0,480,47.0,333,330,3,41.625,1.0,0.8856382978723404,0.990990990990991,0.8776595744680851,0.009009009009009009
PR00002673,WO00002673,2026-04-21,B,P02,P02_L03,SKU001,480,0,14,466,47.0,323,315,8,41.588,0.9708333333333333,0.884850698566341,0.9752321981424149,0.8377659574468086,0.02476780185758514
PR00002674,WO00002674,2026-04-21,C,P02,P02_L03,SKU005,480,0,0,480,47.0,298,291,7,37.25,1.0,0.7925531914893617,0.9765100671140939,0.7739361702127658,0.02348993288590604
PR00002675,WO00002675,2026-04-21,A,P03,P03_L01,SKU001,480,0,0,480,49.793,353,344,9,44.125,1.0,0.8861687385777117,0.9745042492917847,0.8635752013335207,0.025495750708215296
PR00002676,WO00002676,2026-04-21,B,P03,P03_L01,SKU001,480,0,0,480,49.793,359,352,7,44.875,1.0,0.9012310967405057,0.9805013927576601,0.8836583455505794,0.019498607242339833
PR00002677,WO00002677,2026-04-21,C,P03,P03_L01,SKU001,480,21,0,459,49.793,311,303,8,40.654,1.0,0.81645200673271,0.9742765273311897,0.7954500258521259,0.02572347266881029
PR00002678,WO00002678,2026-04-21,A,P03,P03_L02,SKU006,480,0,0,480,54.878,395,384,11,49.375,1.0,0.8997230219760195,0.9721518987341772,0.8746674441488391,0.027848101265822784
PR00002679,WO00002679,2026-04-21,B,P03,P03_L02,SKU008,480,0,0,480,56.6,369,362,7,46.125,1.0,0.8149293286219081,0.981029810298103,0.799469964664311,0.018970189701897018
PR00002680,WO00002680,2026-04-21,C,P03,P03_L02,SKU006,480,0,0,480,54.878,377,365,12,47.125,1.0,0.8587229855315427,0.9681697612732095,0.8313896279018914,0.03183023872679045
PR00002681,WO00002681,2026-04-21,A,P03,P03_L03,SKU007,480,36,0,444,58.1,385,380,5,52.027,1.0,0.895473787040052,0.987012987012987,0.8838442573382331,0.012987012987012988
PR00002682,WO00002682,2026-04-21,B,P03,P03_L03,SKU004,480,0,107,373,56.693,305,294,11,49.062,0.7770833333333333,0.8653918860951338,0.9639344262295082,0.648228176318064,0.036065573770491806
PR00002683,WO00002683,2026-04-21,C,P03,P03_L03,SKU003,480,0,0,480,58.1,391,380,11,48.875,1.0,0.8412220309810671,0.9718670076726342,0.8175559380378656,0.028132992327365727
PR00002684,WO00002684,2026-04-22,A,P01,P01_L01,SKU001,480,20,0,460,49.793,346,336,10,45.13,1.0,0.9063610303176892,0.9710982658959537,0.880165624817178,0.028901734104046242
PR00002685,WO00002685,2026-04-22,B,P01,P01_L01,SKU007,480,0,0,480,69.9,462,457,5,57.75,1.0,0.8261802575107295,0.9891774891774892,0.8172389127324748,0.010822510822510822
PR00002686,WO00002686,2026-04-22,C,P01,P01_L01,SKU001,480,0,14,466,49.793,317,306,11,40.815,0.9708333333333333,0.8197025815632081,0.9652996845425867,0.7681802663024923,0.03470031545741325
PR00002687,WO00002687,2026-04-22,A,P01,P01_L02,SKU001,480,36,0,444,49.793,313,307,6,42.297,1.0,0.8494627216134255,0.9808306709265175,0.8331790911671617,0.019169329073482427
PR00002688,WO00002688,2026-04-22,B,P01,P01_L02,SKU004,480,0,0,480,56.693,397,383,14,49.625,1.0,0.8753285238036442,0.964735516372796,0.844460515407546,0.03526448362720403
PR00002689,WO00002689,2026-04-22,C,P01,P01_L02,SKU001,480,37,0,443,49.793,312,303,9,42.257,1.0,0.8486601800075336,0.9711538461538461,0.8241795978919317,0.028846153846153848
PR00002690,WO00002690,2026-04-22,A,P01,P01_L03,SKU003,480,0,0,480,61.962,502,490,12,62.75,1.0,1.0,0.9760956175298805,0.9760956175298805,0.02390438247011952
PR00002691,WO00002691,2026-04-22,B,P01,P01_L03,SKU003,480,19,0,461,61.962,432,422,10,56.226,1.0,0.9074206211756263,0.9768518518518519,0.8864155142039682,0.023148148148148147
PR00002692,WO00002692,2026-04-22,C,P01,P01_L03,SKU003,480,36,0,444,61.962,388,379,9,52.432,1.0,0.8462030346411095,0.9768041237113402,0.8265746137344858,0.023195876288659795
PR00002693,WO00002693,2026-04-22,A,P02,P02_L01,SKU003,480,14,0,466,48.8,331,322,9,42.618,1.0,0.8733201998170689,0.972809667673716,0.849574333356786,0.027190332326283987
PR00002694,WO00002694,2026-04-22,B,P02,P02_L01,SKU006,480,0,8,472,48.8,345,333,12,43.856,0.9833333333333333,0.8986871353153654,0.9652173913043478,0.8529713114754097,0.034782608695652174
PR00002695,WO00002695,2026-04-22,C,P02,P02_L01,SKU005,480,25,10,445,48.8,276,268,8,37.213,0.978021978021978,0.7625713759440044,0.9710144927536232,0.7241938389479372,0.028985507246376812
PR00002696,WO00002696,2026-04-22,A,P02,P02_L02,SKU004,480,0,0,480,55.9,396,382,14,49.5,1.0,0.8855098389982111,0.9646464646464646,0.8542039355992844,0.03535353535353535
PR00002697,WO00002697,2026-04-22,B,P02,P02_L02,SKU004,480,0,0,480,55.9,395,383,12,49.375,1.0,0.8832737030411449,0.9696202531645569,0.8564400715563506,0.030379746835443037
PR00002698,WO00002698,2026-04-22,C,P02,P02_L02,SKU004,480,12,0,468,55.9,359,344,15,46.026,1.0,0.8233567267556534,0.958217270194986,0.7889546351084812,0.04178272980501393
PR00002699,WO00002699,2026-04-22,A,P02,P02_L03,SKU007,480,0,0,480,47.0,332,328,4,41.5,1.0,0.8829787234042553,0.9879518072289156,0.8723404255319148,0.012048192771084338
PR00002700,WO00002700,2026-04-22,B,P02,P02_L03,SKU002,480,0,0,480,47.0,326,312,14,40.75,1.0,0.8670212765957447,0.9570552147239264,0.8297872340425532,0.04294478527607362
PR00002701,WO00002701,2026-04-22,C,P02,P02_L03,SKU001,480,0,85,395,47.0,243,237,6,36.911,0.8229166666666666,0.7853487745758148,0.9753086419753086,0.6303191489361702,0.024691358024691357
PR00002702,WO00002702,2026-04-22,A,P03,P03_L01,SKU001,480,0,20,460,49.793,359,350,9,46.826,0.9583333333333334,0.9404150574683537,0.9749303621169917,0.8786375594963148,0.025069637883008356
PR00002703,WO00002703,2026-04-22,B,P03,P03_L01,SKU001,480,0,0,480,49.793,344,335,9,43.0,1.0,0.8635752013335208,0.9738372093023255,0.8409816640893298,0.02616279069767442
PR00002704,WO00002704,2026-04-22,C,P03,P03_L01,SKU003,480,0,54,426,57.7,363,356,7,51.127,0.8875,0.8860790392266946,0.9807162534435262,0.7712305025996533,0.01928374655647383
PR00002705,WO00002705,2026-04-22,A,P03,P03_L02,SKU008,480,0,0,480,56.6,370,365,5,46.25,1.0,0.8171378091872792,0.9864864864864865,0.8060954063604241,0.013513513513513514
PR00002706,WO00002706,2026-04-22,B,P03,P03_L02,SKU001,480,24,0,456,49.793,304,295,9,40.0,1.0,0.803325768682345,0.9703947368421053,0.7795430978989861,0.029605263157894735
PR00002707,WO00002707,2026-04-22,C,P03,P03_L02,SKU006,480,0,0,480,54.878,379,369,10,47.375,1.0,0.8632785451364846,0.9736147757255936,0.8405007471117752,0.026385224274406333
PR00002708,WO00002708,2026-04-22,A,P03,P03_L03,SKU003,480,0,39,441,58.1,409,398,11,55.646,0.91875,0.9577669277693867,0.9731051344743277,0.8562822719449227,0.02689486552567237
PR00002709,WO00002709,2026-04-22,B,P03,P03_L03,SKU001,480,28,0,452,49.793,335,327,8,44.469,1.0,0.8930778733691999,0.9761194029850746,0.8717506405723234,0.023880597014925373
PR00002710,WO00002710,2026-04-22,C,P03,P03_L03,SKU004,480,32,0,448,56.693,368,353,15,49.286,1.0,0.8693439099309312,0.9592391304347826,0.8339086962109205,0.04076086956521739
PR00002711,WO00002711,2026-04-23,A,P01,P01_L01,SKU007,480,0,42,438,69.9,453,449,4,62.055,0.9125,0.8877653007231465,0.9911699779249448,0.8029327610872674,0.008830022075055188
PR00002712,WO00002712,2026-04-23,B,P01,P01_L01,SKU002,480,0,0,480,69.9,467,446,21,58.375,1.0,0.8351216022889842,0.9550321199143469,0.7975679542203147,0.044967880085653104
PR00002713,WO00002713,2026-04-23,C,P01,P01_L01,SKU006,480,0,0,480,54.878,387,373,14,48.375,1.0,0.881500783556252,0.9638242894056848,0.849611866321659,0.03617571059431524
PR00002714,WO00002714,2026-04-23,A,P01,P01_L02,SKU004,480,22,0,458,56.693,392,379,13,51.354,1.0,0.9058210324095216,0.9668367346938775,0.8757810491918588,0.03316326530612245
PR00002715,WO00002715,2026-04-23,B,P01,P01_L02,SKU001,480,0,0,480,49.793,355,345,10,44.375,1.0,0.8911895246319764,0.971830985915493,0.8660855943606531,0.028169014084507043
PR00002716,WO00002716,2026-04-23,C,P01,P01_L02,SKU002,480,0,10,470,65.2,401,383,18,51.191,0.9791666666666666,0.7851455423573945,0.9551122194513716,0.7342791411042944,0.04488778054862843
PR00002717,WO00002717,2026-04-23,A,P01,P01_L03,SKU003,480,0,0,480,61.962,491,475,16,61.375,1.0,0.9905264516962008,0.9674134419551935,0.9582486039830863,0.032586558044806514
PR00002718,WO00002718,2026-04-23,B,P01,P01_L03,SKU002,480,0,60,420,72.0,422,404,18,60.286,0.875,0.8373015873015873,0.957345971563981,0.701388888888889,0.04265402843601896
PR00002719,WO00002719,2026-04-23,C,P01,P01_L03,SKU004,480,30,0,450,56.693,363,350,13,48.4,1.0,0.8537209179263754,0.9641873278236914,0.8231468905626209,0.03581267217630854
PR00002720,WO00002720,2026-04-23,A,P02,P02_L01,SKU002,480,0,0,480,48.8,337,326,11,42.125,1.0,0.8632172131147542,0.9673590504451038,0.8350409836065574,0.032640949554896145
PR00002721,WO00002721,2026-04-23,B,P02,P02_L01,SKU001,480,0,0,480,48.8,353,345,8,44.125,1.0,0.9042008196721312,0.9773371104815864,0.8837090163934427,0.0226628895184136
PR00002722,WO00002722,2026-04-23,C,P02,P02_L01,SKU005,480,17,0,463,48.8,291,284,7,37.711,1.0,0.7727578515030273,0.9759450171821306,0.7541691746627484,0.024054982817869417
PR00002723,WO00002723,2026-04-23,A,P02,P02_L02,SKU007,480,31,0,449,55.9,362,356,6,48.374,1.0,0.8653696746098466,0.9834254143646409,0.8510265308317829,0.016574585635359115
PR00002724,WO00002724,2026-04-23,B,P02,P02_L02,SKU004,480,49,0,431,55.9,345,332,13,48.028,1.0,0.8591742795595383,0.9623188405797102,0.8267995965616427,0.03768115942028986
PR00002725,WO00002725,2026-04-23,C,P02,P02_L02,SKU004,480,21,0,459,55.9,344,330,14,44.967,1.0,0.8044243338360986,0.9593023255813954,0.7716861342032342,0.040697674418604654
PR00002726,WO00002726,2026-04-23,A,P02,P02_L03,SKU007,480,0,0,480,47.0,352,347,5,44.0,1.0,0.9361702127659575,0.9857954545454546,0.922872340425532,0.014204545454545454
PR00002727,WO00002727,2026-04-23,B,P02,P02_L03,SKU003,480,0,96,384,47.0,278,273,5,43.438,0.8,0.9242021276595744,0.9820143884892086,0.726063829787234,0.017985611510791366
PR00002728,WO00002728,2026-04-23,C,P02,P02_L03,SKU003,480,0,45,435,47.0,294,287,7,40.552,0.90625,0.8628026412325752,0.9761904761904762,0.7632978723404255,0.023809523809523808
PR00002729,WO00002729,2026-04-23,A,P03,P03_L01,SKU003,480,35,0,445,57.7,403,399,4,54.337,1.0,0.9417171343446341,0.9900744416873449,0.93237006601367,0.009925558312655087
PR00002730,WO00002730,2026-04-23,B,P03,P03_L01,SKU001,480,0,0,480,49.793,350,345,5,43.75,1.0,0.8786375594963147,0.9857142857142858,0.8660855943606531,0.014285714285714285
PR00002731,WO00002731,2026-04-23,C,P03,P03_L01,SKU004,480,33,0,447,56.693,349,337,12,46.846,1.0,0.826303733862957,0.9656160458452722,0.7978921441599326,0.034383954154727794
PR00002732,WO00002732,2026-04-23,A,P03,P03_L02,SKU002,480,0,0,480,56.6,384,372,12,48.0,1.0,0.8480565371024735,0.96875,0.8215547703180213,0.03125
PR00002733,WO00002733,2026-04-23,B,P03,P03_L02,SKU002,480,18,0,462,56.6,381,365,16,49.481,1.0,0.8742141250975174,0.958005249343832,0.8375017208939471,0.04199475065616798
PR00002734,WO00002734,2026-04-23,C,P03,P03_L02,SKU001,480,0,0,480,49.793,313,305,8,39.125,1.0,0.7857530174924187,0.9744408945686901,0.7656698732753601,0.025559105431309903
PR00002735,WO00002735,2026-04-23,A,P03,P03_L03,SKU006,480,39,0,441,54.878,369,358,11,50.204,1.0,0.9148307451556738,0.9701897018970189,0.8875593679288108,0.02981029810298103
PR00002736,WO00002736,2026-04-23,B,P03,P03_L03,SKU003,480,0,42,438,58.1,393,386,7,53.836,0.9125,0.9266026925706741,0.9821882951653944,0.8304647160068847,0.017811704834605598
PR00002737,WO00002737,2026-04-23,C,P03,P03_L03,SKU004,480,0,0,480,56.693,384,368,16,48.0,1.0,0.8466653731501244,0.9583333333333334,0.8113876492688692,0.041666666666666664
PR00002738,WO00002738,2026-04-24,A,P01,P01_L01,SKU001,480,0,0,480,49.793,357,347,10,44.625,1.0,0.896210310686241,0.9719887955182073,0.8711063804149177,0.028011204481792718
PR00002739,WO00002739,2026-04-24,B,P01,P01_L01,SKU004,480,0,0,480,56.693,404,389,15,50.5,1.0,0.8907625280016933,0.9628712871287128,0.8576896618630165,0.03712871287128713
PR00002740,WO00002740,2026-04-24,C,P01,P01_L01,SKU007,480,62,0,418,69.9,418,413,5,60.0,1.0,0.8583690987124463,0.9880382775119617,0.8481015257613405,0.011961722488038277
PR00002741,WO00002741,2026-04-24,A,P01,P01_L02,SKU001,480,53,0,427,49.793,326,317,9,45.808,1.0,0.9199679177650274,0.9723926380368099,0.8945700304647659,0.027607361963190184
PR00002742,WO00002742,2026-04-24,B,P01,P01_L02,SKU002,480,55,33,392,65.2,355,339,16,54.337,0.9223529411764706,0.8333855014398397,0.9549295774647887,0.7340310357271742,0.04507042253521127
PR00002743,WO00002743,2026-04-24,C,P01,P01_L02,SKU001,480,0,0,480,49.793,350,339,11,43.75,1.0,0.8786375594963147,0.9685714285714285,0.8510232361978591,0.03142857142857143
PR00002744,WO00002744,2026-04-24,A,P01,P01_L03,SKU003,480,17,0,463,61.962,428,422,6,55.464,1.0,0.8951351288042981,0.985981308411215,0.8825865055033033,0.014018691588785047
PR00002745,WO00002745,2026-04-24,B,P01,P01_L03,SKU003,480,0,0,480,61.962,477,465,12,59.625,1.0,0.9622833349472256,0.9748427672955975,0.9380749491623898,0.025157232704402517
PR00002746,WO00002746,2026-04-24,C,P01,P01_L03,SKU008,480,0,0,480,60.302,403,399,4,50.375,1.0,0.8353785944081457,0.9900744416873449,0.8270869954562038,0.009925558312655087
PR00002747,WO00002747,2026-04-24,A,P02,P02_L01,SKU002,480,0,0,480,48.8,317,304,13,39.625,1.0,0.8119877049180328,0.9589905362776026,0.778688524590164,0.04100946372239748
PR00002748,WO00002748,2026-04-24,B,P02,P02_L01,SKU003,480,25,0,455,48.8,331,322,9,43.648,1.0,0.8944334354170421,0.972809667673716,0.8701134930643128,0.027190332326283987
PR00002749,WO00002749,2026-04-24,C,P02,P02_L01,SKU006,480,31,0,449,48.8,319,308,11,42.628,1.0,0.8735258680492168,0.9655172413793104,0.8434042863923473,0.034482758620689655
PR00002750,WO00002750,2026-04-24,A,P02,P02_L02,SKU004,480,0,0,480,55.9,401,386,15,50.125,1.0,0.8966905187835421,0.9625935162094763,0.8631484794275492,0.03740648379052369
PR00002751,WO00002751,2026-04-24,B,P02,P02_L02,SKU004,480,0,0,480,55.9,360,349,11,45.0,1.0,0.8050089445438283,0.9694444444444444,0.7804114490161003,0.030555555555555555
PR00002752,WO00002752,2026-04-24,C,P02,P02_L02,SKU002,480,0,0,480,55.9,357,342,15,44.625,1.0,0.7983005366726297,0.957983193277311,0.7647584973166369,0.04201680672268908
PR00002753,WO00002753,2026-04-24,A,P02,P02_L03,SKU006,480,15,11,454,47.0,347,338,9,45.859,0.9763440860215054,0.9757240603617959,0.9740634005763689,0.9279341111873713,0.025936599423631124
PR00002754,WO00002754,2026-04-24,B,P02,P02_L03,SKU001,480,42,0,438,47.0,300,290,10,41.096,1.0,0.874380647041679,0.9666666666666667,0.8452346254736229,0.03333333333333333
PR00002755,WO00002755,2026-04-24,C,P02,P02_L03,SKU003,480,0,0,480,47.0,316,310,6,39.5,1.0,0.8404255319148937,0.9810126582278481,0.824468085106383,0.0189873417721519
PR00002756,WO00002756,2026-04-24,A,P03,P03_L01,SKU003,480,0,0,480,57.7,418,413,5,52.25,1.0,0.9055459272097053,0.9880382775119617,0.8947140381282495,0.011961722488038277
PR00002757,WO00002757,2026-04-24,B,P03,P03_L01,SKU004,480,0,0,480,56.693,412,397,15,51.5,1.0,0.908401389942321,0.9635922330097088,0.8753285238036442,0.03640776699029126
PR00002758,WO00002758,2026-04-24,C,P03,P03_L01,SKU001,480,42,0,438,49.793,293,286,7,40.137,1.0,0.8060768843285173,0.9761092150170648,0.7868190748053104,0.023890784982935155
PR00002759,WO00002759,2026-04-24,A,P03,P03_L02,SKU006,480,0,0,480,54.878,417,403,14,52.125,1.0,0.9498341776303801,0.9664268585131894,0.917945260395787,0.03357314148681055
PR00002760,WO00002760,2026-04-24,B,P03,P03_L02,SKU001,480,30,0,450,49.793,327,317,10,43.6,1.0,0.8756250878637559,0.9694189602446484,0.8488475622410111,0.03058103975535168
PR00002761,WO00002761,2026-04-24,C,P03,P03_L02,SKU006,480,28,0,452,54.878,376,367,9,49.912,1.0,0.9094993335175984,0.976063829787234,0.887729402662124,0.023936170212765957
PR00002762,WO00002762,2026-04-24,A,P03,P03_L03,SKU004,480,0,40,440,56.693,361,349,12,49.227,0.9166666666666666,0.8683130673499856,0.9667590027700831,0.7694953521598787,0.0332409972299169
PR00002763,WO00002763,2026-04-24,B,P03,P03_L03,SKU001,480,0,0,480,49.793,333,326,7,41.625,1.0,0.8359608780350651,0.978978978978979,0.8183881268451388,0.021021021021021023
PR00002764,WO00002764,2026-04-24,C,P03,P03_L03,SKU004,480,50,0,430,56.693,339,326,13,47.302,1.0,0.8343591904008494,0.9616519174041298,0.8023631152527342,0.038348082595870206
PR00002765,WO00002765,2026-04-25,B,P01,P01_L01,SKU001,480,22,0,458,49.793,342,335,7,44.803,1.0,0.8997950203800064,0.97953216374269,0.8813781632377256,0.02046783625730994
PR00002766,WO00002766,2026-04-25,A,P01,P01_L02,SKU006,480,0,15,465,54.878,389,379,10,50.194,0.96875,0.9146388058438131,0.974293059125964,0.8632785451364845,0.02570694087403599
PR00002767,WO00002767,2026-04-25,C,P01,P01_L02,SKU001,480,0,0,480,49.793,348,336,12,43.5,1.0,0.8736167734420501,0.9655172413793104,0.8434920571164622,0.034482758620689655
PR00002768,WO00002768,2026-04-25,C,P01,P01_L03,SKU003,480,0,0,480,61.962,430,419,11,53.75,1.0,0.8674671572899518,0.9744186046511628,0.8452761369871856,0.02558139534883721
PR00002769,WO00002769,2026-04-25,B,P02,P02_L01,SKU003,480,0,0,480,48.8,339,331,8,42.375,1.0,0.8683401639344263,0.976401179941003,0.8478483606557378,0.02359882005899705
PR00002770,WO00002770,2026-04-25,B,P02,P02_L02,SKU001,480,0,0,480,49.793,341,331,10,42.625,1.0,0.8560440222521238,0.9706744868035191,0.8309400919808005,0.02932551319648094
PR00002771,WO00002771,2026-04-25,C,P02,P02_L02,SKU004,480,0,0,480,55.9,386,372,14,48.25,1.0,0.8631484794275492,0.9637305699481865,0.8318425760286225,0.03626943005181347
PR00002772,WO00002772,2026-04-25,A,P02,P02_L03,SKU002,480,0,0,480,47.0,319,308,11,39.875,1.0,0.848404255319149,0.9655172413793104,0.8191489361702129,0.034482758620689655
PR00002773,WO00002773,2026-04-25,B,P02,P02_L03,SKU002,480,17,0,463,47.0,290,278,12,37.581,1.0,0.7995956068195396,0.9586206896551724,0.7665088920545932,0.041379310344827586
PR00002774,WO00002774,2026-04-25,C,P02,P02_L03,SKU007,480,0,0,480,47.0,323,319,4,40.375,1.0,0.8590425531914894,0.9876160990712074,0.8484042553191489,0.01238390092879257
PR00002775,WO00002775,2026-04-25,A,P03,P03_L01,SKU001,480,52,19,409,49.793,302,297,5,44.303,0.955607476635514,0.8897471227704211,0.9834437086092715,0.8361720325887492,0.016556291390728478
PR00002776,WO00002776,2026-04-25,C,P03,P03_L01,SKU007,480,16,0,464,57.7,364,361,3,47.069,1.0,0.8157533018586027,0.9917582417582418,0.8090300603597681,0.008241758241758242
PR00002777,WO00002777,2026-04-25,A,P03,P03_L02,SKU004,480,27,0,453,56.6,376,364,12,49.801,1.0,0.8798820583623898,0.9680851063829787,0.8518007160742284,0.031914893617021274
PR00002778,WO00002778,2026-04-25,B,P03,P03_L02,SKU001,480,0,0,480,49.793,342,334,8,42.75,1.0,0.8585544152792561,0.9766081871345029,0.8384712710621975,0.023391812865497075
PR00002779,WO00002779,2026-04-25,A,P03,P03_L03,SKU006,480,12,0,468,54.878,433,418,15,55.513,1.0,1.0,0.9653579676674365,0.9653579676674365,0.03464203233256351
PR00002780,WO00002780,2026-04-25,C,P03,P03_L03,SKU007,480,0,0,480,58.1,387,383,4,48.375,1.0,0.8326161790017211,0.9896640826873385,0.8240103270223752,0.0103359173126615
PR00002781,WO00002781,2026-04-26,B,P01,P01_L01,SKU004,480,35,0,445,56.693,360,345,15,48.539,1.0,0.8561784672304629,0.9583333333333334,0.8205043644291936,0.041666666666666664
PR00002782,WO00002782,2026-04-26,C,P01,P01_L01,SKU001,480,46,16,418,49.793,307,298,9,44.067,0.9631336405529954,0.885003627938325,0.9706840390879479,0.8273885221221388,0.029315960912052116
PR00002783,WO00002783,2026-04-26,A,P01,P01_L02,SKU004,480,30,26,424,56.693,355,341,14,50.236,0.9422222222222222,0.8861032059796409,0.9605633802816902,0.8019802562338679,0.03943661971830986
PR00002784,WO00002784,2026-04-26,B,P01,P01_L02,SKU002,480,0,0,480,65.2,463,444,19,57.875,1.0,0.8876533742331288,0.958963282937365,0.8512269938650306,0.04103671706263499
PR00002785,WO00002785,2026-04-26,B,P01,P01_L03,SKU003,480,24,0,456,61.962,417,407,10,54.868,1.0,0.8855172694979435,0.9760191846522782,0.8642818433708945,0.023980815347721823
PR00002786,WO00002786,2026-04-26,B,P02,P02_L01,SKU001,480,25,0,455,48.8,314,305,9,41.407,1.0,0.8484957665285535,0.9713375796178344,0.8241758241758242,0.028662420382165606
PR00002787,WO00002787,2026-04-26,C,P02,P02_L01,SKU004,480,0,0,480,48.8,323,311,12,40.375,1.0,0.8273565573770493,0.9628482972136223,0.7966188524590165,0.03715170278637771
PR00002788,WO00002788,2026-04-26,A,P02,P02_L02,SKU004,480,0,0,480,55.9,391,375,16,48.875,1.0,0.8743291592128801,0.959079283887468,0.8385509838998211,0.04092071611253197
PR00002789,WO00002789,2026-04-26,C,P02,P02_L02,SKU006,480,0,0,480,54.878,376,363,13,47.0,1.0,0.8564452057290718,0.9654255319148937,0.8268340682969497,0.034574468085106384
PR00002790,WO00002790,2026-04-26,B,P02,P02_L03,SKU003,480,33,0,447,47.0,322,315,7,43.221,1.0,0.9196058831929173,0.9782608695652174,0.899614450949593,0.021739130434782608
PR00002791,WO00002791,2026-04-26,B,P03,P03_L01,SKU005,480,47,0,433,50.42,310,303,7,42.956,1.0,0.8519658883851398,0.9774193548387097,0.8327279489699915,0.02258064516129032
PR00002792,WO00002792,2026-04-26,C,P03,P03_L01,SKU001,480,15,0,465,49.793,316,311,5,40.774,1.0,0.8188740093665193,0.9841772151898734,0.8059171421297073,0.015822784810126583
PR00002793,WO00002793,2026-04-26,A,P03,P03_L02,SKU001,480,65,35,380,49.793,292,286,6,46.105,0.9156626506024096,0.9259386491654397,0.9794520547945206,0.8304259150957253,0.02054794520547945
PR00002794,WO00002794,2026-04-26,B,P03,P03_L02,SKU002,480,0,0,480,56.6,385,371,14,48.125,1.0,0.8502650176678445,0.9636363636363636,0.8193462897526501,0.03636363636363636
PR00002795,WO00002795,2026-04-26,C,P03,P03_L02,SKU006,480,0,0,480,54.878,388,376,12,48.5,1.0,0.883778563358723,0.9690721649484536,0.8564452057290717,0.030927835051546393
PR00002796,WO00002796,2026-04-26,A,P03,P03_L03,SKU004,480,0,10,470,56.693,407,395,12,51.957,0.9791666666666666,0.9164702310428209,0.9705159705159705,0.8709188083184873,0.029484029484029485
PR00002797,WO00002797,2026-04-26,B,P03,P03_L03,SKU004,480,0,12,468,56.693,397,383,14,50.897,0.975,0.8977728449268145,0.964735516372796,0.8444605154075459,0.03526448362720403
PR00002798,WO00002798,2026-04-27,A,P01,P01_L01,SKU004,480,0,0,480,56.693,400,385,15,50.0,1.0,0.8819430970313795,0.9625,0.8488702308927029,0.0375
PR00002799,WO00002799,2026-04-27,B,P01,P01_L01,SKU006,480,0,0,480,54.878,413,400,13,51.625,1.0,0.9407230584204964,0.9685230024213075,0.9111119209883742,0.031476997578692496
PR00002800,WO00002800,2026-04-27,C,P01,P01_L01,SKU007,480,20,0,460,69.9,462,452,10,60.261,1.0,0.8621011382720656,0.9783549783549783,0.8434409404739689,0.021645021645021644
PR00002801,WO00002801,2026-04-27,A,P01,P01_L02,SKU004,480,42,28,410,56.693,360,347,13,52.683,0.9360730593607306,0.9292668729696487,0.9638888888888889,0.8384500127942157,0.03611111111111111
PR00002802,WO00002802,2026-04-27,B,P01,P01_L02,SKU006,480,20,0,460,54.878,412,397,15,53.739,1.0,0.9792472472535918,0.9635922330097088,0.9435950416496989,0.03640776699029126
PR00002803,WO00002803,2026-04-27,C,P01,P01_L02,SKU008,480,35,0,445,60.302,377,371,6,50.831,1.0,0.8429481721030364,0.9840848806366048,0.8295325513268608,0.015915119363395226
PR00002804,WO00002804,2026-04-27,A,P01,P01_L03,SKU003,480,0,19,461,61.962,447,437,10,58.178,0.9604166666666667,0.9389282816331134,0.9776286353467561,0.8815887156644394,0.02237136465324385
PR00002805,WO00002805,2026-04-27,B,P01,P01_L03,SKU003,480,34,0,446,61.962,421,411,10,56.637,1.0,0.9140565394991838,0.9762470308788599,0.8923449827414834,0.023752969121140142
PR00002806,WO00002806,2026-04-27,C,P01,P01_L03,SKU008,480,0,9,471,60.302,392,386,6,49.936,0.98125,0.8281036405506298,0.9846938775510204,0.8001392988623927,0.015306122448979591
PR00002807,WO00002807,2026-04-27,A,P02,P02_L01,SKU006,480,0,0,480,48.8,360,350,10,45.0,1.0,0.9221311475409837,0.9722222222222222,0.896516393442623,0.027777777777777776
PR00002808,WO00002808,2026-04-27,B,P02,P02_L01,SKU001,480,0,0,480,48.8,346,336,10,43.25,1.0,0.8862704918032788,0.9710982658959537,0.8606557377049181,0.028901734104046242
PR00002809,WO00002809,2026-04-27,C,P02,P02_L01,SKU004,480,23,0,457,48.8,293,283,10,38.468,1.0,0.7882842486637731,0.9658703071672355,0.761380349391972,0.034129692832764506
PR00002810,WO00002810,2026-04-27,A,P02,P02_L02,SKU002,480,43,0,437,55.9,355,344,11,48.741,1.0,0.8719395127782121,0.9690140845070423,0.8449216687202957,0.030985915492957747
PR00002811,WO00002811,2026-04-27,B,P02,P02_L02,SKU001,480,0,0,480,49.793,346,339,7,43.25,1.0,0.8685959873877854,0.9797687861271677,0.8510232361978591,0.02023121387283237
PR00002812,WO00002812,2026-04-27,C,P02,P02_L02,SKU006,480,46,0,434,54.878,349,336,13,48.249,1.0,0.8792020103915463,0.9627507163323782,0.8464523653053282,0.03724928366762178
PR00002813,WO00002813,2026-04-27,A,P02,P02_L03,SKU007,480,0,0,480,47.0,315,312,3,39.375,1.0,0.8377659574468085,0.9904761904761905,0.8297872340425532,0.009523809523809525
PR00002814,WO00002814,2026-04-27,B,P02,P02_L03,SKU003,480,77,0,403,47.0,276,269,7,41.092,1.0,0.8742938598806821,0.9746376811594203,0.8521197402460271,0.025362318840579712
PR00002815,WO00002815,2026-04-27,C,P02,P02_L03,SKU003,480,19,0,461,47.0,324,319,5,42.169,1.0,0.8972169658928324,0.9845679012345679,0.883371025061153,0.015432098765432098
PR00002816,WO00002816,2026-04-27,A,P03,P03_L01,SKU004,480,0,0,480,56.693,414,401,13,51.75,1.0,0.9128111054274779,0.9685990338164251,0.884147954773958,0.03140096618357488
PR00002817,WO00002817,2026-04-27,B,P03,P03_L01,SKU003,480,0,32,448,57.7,412,404,8,55.179,0.9333333333333333,0.9563010646199553,0.9805825242718447,0.8752166377816291,0.019417475728155338
PR00002818,WO00002818,2026-04-27,C,P03,P03_L01,SKU001,480,0,0,480,49.793,334,326,8,41.75,1.0,0.8384712710621975,0.9760479041916168,0.818388126845139,0.023952095808383235
PR00002819,WO00002819,2026-04-27,A,P03,P03_L02,SKU008,480,0,0,480,56.6,380,375,5,47.5,1.0,0.8392226148409894,0.9868421052631579,0.8281802120141342,0.013157894736842105
PR00002820,WO00002820,2026-04-27,B,P03,P03_L02,SKU006,480,0,0,480,54.878,412,400,12,51.5,1.0,0.9384452786180254,0.970873786407767,0.9111119209883742,0.02912621359223301
PR00002821,WO00002821,2026-04-27,C,P03,P03_L02,SKU006,480,0,0,480,54.878,363,352,11,45.375,1.0,0.8268340682969496,0.9696969696969697,0.8017784904697693,0.030303030303030304
PR00002822,WO00002822,2026-04-27,A,P03,P03_L03,SKU003,480,29,15,436,58.1,388,381,7,53.394,0.9667405764966741,0.9190102480696047,0.9819587628865979,0.872415859192233,0.01804123711340206
PR00002823,WO00002823,2026-04-27,B,P03,P03_L03,SKU004,480,0,0,480,56.693,399,386,13,49.875,1.0,0.8797382392888011,0.9674185463659147,0.8510750886352813,0.03258145363408521
PR00002824,WO00002824,2026-04-27,C,P03,P03_L03,SKU001,480,0,0,480,49.793,316,310,6,39.5,1.0,0.7932841965738157,0.9810126582278481,0.7782218384110217,0.0189873417721519
PR00002825,WO00002825,2026-04-28,A,P01,P01_L01,SKU005,480,0,47,433,50.42,310,304,6,42.956,0.9020833333333333,0.8519658883851398,0.9806451612903225,0.7536691788972629,0.01935483870967742
PR00002826,WO00002826,2026-04-28,B,P01,P01_L01,SKU007,480,0,0,480,69.9,508,502,6,63.5,1.0,0.9084406294706723,0.9881889763779528,0.8977110157367667,0.011811023622047244
PR00002827,WO00002827,2026-04-28,C,P01,P01_L01,SKU001,480,0,0,480,49.793,342,333,9,42.75,1.0,0.8585544152792561,0.9736842105263158,0.8359608780350652,0.02631578947368421
PR00002828,WO00002828,2026-04-28,A,P01,P01_L02,SKU002,480,0,0,480,65.2,461,444,17,57.625,1.0,0.883819018404908,0.9631236442516269,0.8512269938650306,0.0368763557483731
PR00002829,WO00002829,2026-04-28,B,P01,P01_L02,SKU001,480,0,24,456,49.793,306,299,7,40.263,0.95,0.8086108066342025,0.9771241830065359,0.7506075151125661,0.02287581699346405
PR00002830,WO00002830,2026-04-28,C,P01,P01_L02,SKU003,480,0,25,455,61.962,416,406,10,54.857,0.9479166666666666,0.8853352515597116,0.9759615384615384,0.81905038572028,0.02403846153846154
PR00002831,WO00002831,2026-04-28,A,P01,P01_L03,SKU008,480,0,21,459,60.302,394,385,9,51.503,0.95625,0.8540888855072171,0.9771573604060914,0.7980663991244071,0.02284263959390863
PR00002832,WO00002832,2026-04-28,B,P01,P01_L03,SKU002,480,25,0,455,72.0,495,474,21,65.275,1.0,0.9065934065934066,0.9575757575757575,0.868131868131868,0.04242424242424243
PR00002833,WO00002833,2026-04-28,C,P01,P01_L03,SKU003,480,22,85,373,61.962,353,344,9,56.783,0.8144104803493449,0.9164139605412397,0.9745042492917847,0.7273087082955054,0.025495750708215296
PR00002834,WO00002834,2026-04-28,A,P02,P02_L01,SKU001,480,0,0,480,48.8,349,344,5,43.625,1.0,0.8939549180327869,0.9856733524355301,0.8811475409836066,0.014326647564469915
PR00002835,WO00002835,2026-04-28,B,P02,P02_L01,SKU003,480,30,0,450,48.8,334,326,8,44.533,1.0,0.912568306010929,0.9760479041916168,0.8907103825136612,0.023952095808383235
PR00002836,WO00002836,2026-04-28,C,P02,P02_L01,SKU006,480,0,0,480,48.8,360,351,9,45.0,1.0,0.9221311475409837,0.975,0.8990778688524591,0.025
PR00002837,WO00002837,2026-04-28,A,P02,P02_L02,SKU004,480,0,24,456,55.9,367,353,14,48.289,0.95,0.8638546276245175,0.9618528610354223,0.7893559928443649,0.03814713896457766
PR00002838,WO00002838,2026-04-28,B,P02,P02_L02,SKU004,480,21,0,459,55.9,381,370,11,49.804,1.0,0.8909467185800976,0.9711286089238845,0.8652238474399898,0.028871391076115485
PR00002839,WO00002839,2026-04-28,C,P02,P02_L02,SKU002,480,38,0,442,55.9,311,300,11,42.217,1.0,0.7552270942779205,0.9646302250803859,0.7285148819401162,0.03536977491961415
PR00002840,WO00002840,2026-04-28,A,P02,P02_L03,SKU001,480,27,0,453,47.0,292,288,4,38.675,1.0,0.8228829082711006,0.9863013698630136,0.811610539664647,0.0136986301369863
PR00002841,WO00002841,2026-04-28,B,P02,P02_L03,SKU003,480,0,0,480,47.0,341,331,10,42.625,1.0,0.9069148936170213,0.9706744868035191,0.8803191489361702,0.02932551319648094
PR00002842,WO00002842,2026-04-28,C,P02,P02_L03,SKU008,480,49,0,431,47.0,264,260,4,36.752,1.0,0.7819519178555561,0.9848484848484849,0.7701041615244113,0.015151515151515152
PR00002843,WO00002843,2026-04-28,A,P03,P03_L01,SKU001,480,0,0,480,49.793,365,361,4,45.625,1.0,0.9162934549032997,0.989041095890411,0.9062518827947704,0.010958904109589041
PR00002844,WO00002844,2026-04-28,B,P03,P03_L01,SKU006,480,0,0,480,54.878,401,395,6,50.125,1.0,0.9133897007908451,0.9850374064837906,0.8997230219760196,0.014962593516209476
PR00002845,WO00002845,2026-04-28,C,P03,P03_L01,SKU001,480,0,0,480,49.793,335,326,9,41.875,1.0,0.8409816640893298,0.9731343283582089,0.8183881268451388,0.026865671641791045
PR00002846,WO00002846,2026-04-28,A,P03,P03_L02,SKU001,480,0,42,438,49.793,332,327,5,45.479,0.9125,0.9133703945292415,0.9849397590361446,0.8208985198722712,0.015060240963855422
PR00002847,WO00002847,2026-04-28,B,P03,P03_L02,SKU008,480,0,39,441,56.6,331,324,7,45.034,0.91875,0.7956539506261869,0.9788519637462235,0.715547703180212,0.021148036253776436
PR00002848,WO00002848,2026-04-28,C,P03,P03_L02,SKU002,480,31,0,449,56.6,368,354,14,49.176,1.0,0.8688329778778124,0.9619565217391305,0.8357795493715914,0.03804347826086957
PR00002849,WO00002849,2026-04-28,A,P03,P03_L03,SKU003,480,0,0,480,58.1,457,447,10,57.125,1.0,0.9832185886402753,0.9781181619256017,0.9617039586919105,0.02188183807439825
PR00002850,WO00002850,2026-04-28,B,P03,P03_L03,SKU004,480,0,0,480,56.693,378,365,13,47.25,1.0,0.8334362266946537,0.9656084656084656,0.8047730760411338,0.03439153439153439
PR00002851,WO00002851,2026-04-28,C,P03,P03_L03,SKU004,480,0,0,480,56.693,409,395,14,51.125,1.0,0.9017868167145856,0.9657701711491442,0.8709188083184872,0.034229828850855744
PR00002852,WO00002852,2026-04-29,A,P01,P01_L01,SKU007,480,0,0,480,69.9,515,505,10,64.375,1.0,0.9209585121602288,0.9805825242718447,0.9030758226037195,0.019417475728155338
PR00002853,WO00002853,2026-04-29,B,P01,P01_L01,SKU007,480,39,53,388,69.9,395,390,5,61.082,0.8798185941043084,0.8738551391531347,0.9873417721518988,0.7591019240314152,0.012658227848101266
PR00002854,WO00002854,2026-04-29,C,P01,P01_L01,SKU004,480,35,8,437,56.693,316,303,13,43.387,0.9820224719101124,0.7652924997581215,0.9588607594936709,0.7206168765856396,0.04113924050632911
PR00002855,WO00002855,2026-04-29,A,P01,P01_L02,SKU004,480,0,0,480,56.693,459,439,20,57.375,1.0,1.0,0.9564270152505446,0.9564270152505446,0.04357298474945534
PR00002856,WO00002856,2026-04-29,B,P01,P01_L02,SKU001,480,0,0,480,49.793,358,348,10,44.75,1.0,0.8987207037133734,0.9720670391061452,0.8736167734420501,0.027932960893854747
PR00002857,WO00002857,2026-04-29,C,P01,P01_L02,SKU001,480,0,42,438,49.793,311,305,6,42.603,0.9125,0.8555969659596208,0.9807073954983923,0.76566987327536,0.01929260450160772
PR00002858,WO00002858,2026-04-29,A,P01,P01_L03,SKU008,480,0,0,480,60.302,418,411,7,52.25,1.0,0.8664720904779277,0.9832535885167464,0.8519617923120294,0.01674641148325359
PR00002859,WO00002859,2026-04-29,B,P01,P01_L03,SKU003,480,0,28,452,61.962,418,409,9,55.487,0.9416666666666667,0.8954960405364063,0.9784688995215312,0.8251024821664891,0.0215311004784689
PR00002860,WO00002860,2026-04-29,C,P01,P01_L03,SKU003,480,0,16,464,61.962,445,433,12,57.543,0.9666666666666667,0.9286837650217207,0.9730337078651685,0.8735192537361608,0.02696629213483146
PR00002861,WO00002861,2026-04-29,A,P02,P02_L01,SKU002,480,25,0,455,48.8,311,301,10,41.011,1.0,0.8403891190776438,0.9678456591639871,0.8133669609079446,0.03215434083601286
PR00002862,WO00002862,2026-04-29,B,P02,P02_L01,SKU003,480,42,0,438,48.8,312,305,7,42.74,1.0,0.8758140579384686,0.9775641025641025,0.8561643835616439,0.022435897435897436
PR00002863,WO00002863,2026-04-29,C,P02,P02_L01,SKU003,480,0,4,476,48.8,353,345,8,44.496,0.9916666666666667,0.9117991458878634,0.9773371104815864,0.8837090163934427,0.0226628895184136
PR00002864,WO00002864,2026-04-29,A,P02,P02_L02,SKU004,480,0,0,480,55.9,398,385,13,49.75,1.0,0.8899821109123435,0.9673366834170855,0.8609123434704831,0.032663316582914576
PR00002865,WO00002865,2026-04-29,B,P02,P02_L02,SKU002,480,0,40,440,55.9,304,292,12,41.455,0.9166666666666666,0.741583997397951,0.9605263157894737,0.6529516994633274,0.039473684210526314
PR00002866,WO00002866,2026-04-29,C,P02,P02_L02,SKU004,480,22,22,436,55.9,322,309,13,44.312,0.9519650655021834,0.792699939275574,0.9596273291925466,0.7241565177992516,0.040372670807453416
PR00002867,WO00002867,2026-04-29,A,P02,P02_L03,SKU007,480,0,34,446,47.0,312,310,2,41.973,0.9291666666666667,0.8930445568170976,0.9935897435897436,0.8244680851063829,0.00641025641025641
PR00002868,WO00002868,2026-04-29,B,P02,P02_L03,SKU007,480,0,0,480,47.0,326,321,5,40.75,1.0,0.8670212765957447,0.9846625766871165,0.8537234042553191,0.015337423312883436
PR00002869,WO00002869,2026-04-29,C,P02,P02_L03,SKU003,480,0,0,480,47.0,336,329,7,42.0,1.0,0.8936170212765957,0.9791666666666666,0.8749999999999999,0.020833333333333332
PR00002870,WO00002870,2026-04-29,A,P03,P03_L01,SKU001,480,0,0,480,49.793,358,351,7,44.75,1.0,0.8987207037133734,0.9804469273743017,0.8811479525234471,0.019553072625698324
PR00002871,WO00002871,2026-04-29,B,P03,P03_L01,SKU001,480,0,39,441,49.793,310,302,8,42.177,0.91875,0.8470441778623365,0.9741935483870968,0.7581386941939631,0.025806451612903226
PR00002872,WO00002872,2026-04-29,C,P03,P03_L01,SKU004,480,38,0,442,56.693,346,335,11,46.968,1.0,0.8284678142249521,0.9682080924855492,0.8021292420964132,0.031791907514450865
PR00002873,WO00002873,2026-04-29,A,P03,P03_L02,SKU002,480,35,0,445,56.6,364,352,12,49.079,1.0,0.8671139873744391,0.967032967032967,0.8385278119664906,0.03296703296703297
PR00002874,WO00002874,2026-04-29,B,P03,P03_L02,SKU001,480,36,0,444,49.793,310,303,7,41.892,1.0,0.8413209063902936,0.9774193548387097,0.8223233375363191,0.02258064516129032
PR00002875,WO00002875,2026-04-29,C,P03,P03_L02,SKU008,480,0,0,480,56.6,361,355,6,45.125,1.0,0.7972614840989399,0.9833795013850416,0.7840106007067138,0.01662049861495845
PR00002876,WO00002876,2026-04-29,A,P03,P03_L03,SKU006,480,38,0,442,54.878,395,383,12,53.62,1.0,0.9770747749965824,0.9696202531645569,0.9473914906928886,0.030379746835443037
PR00002877,WO00002877,2026-04-29,B,P03,P03_L03,SKU001,480,28,19,433,49.793,319,311,8,44.203,0.9579646017699115,0.8877399083475797,0.9749216300940439,0.8290961749785705,0.025078369905956112
PR00002878,WO00002878,2026-04-29,C,P03,P03_L03,SKU006,480,0,0,480,54.878,399,390,9,49.875,1.0,0.9088341411859032,0.9774436090225563,0.8883341229636648,0.022556390977443608
PR00002879,WO00002879,2026-04-30,A,P01,P01_L01,SKU001,480,0,80,400,49.793,292,284,8,43.8,0.8333333333333334,0.8796417167071677,0.9726027397260274,0.7129516197055812,0.0273972602739726
PR00002880,WO00002880,2026-04-30,B,P01,P01_L01,SKU007,480,24,40,416,69.9,435,426,9,62.74,0.9122807017543859,0.897573456586332,0.9793103448275862,0.8018974474813642,0.020689655172413793
PR00002881,WO00002881,2026-04-30,C,P01,P01_L01,SKU007,480,20,0,460,69.9,480,471,9,62.609,1.0,0.8956894943086395,0.98125,0.8788953162903526,0.01875
PR00002882,WO00002882,2026-04-30,A,P01,P01_L02,SKU001,480,0,0,480,49.793,385,374,11,48.125,1.0,0.9665013154459462,0.9714285714285714,0.9388869921474906,0.02857142857142857
PR00002883,WO00002883,2026-04-30,B,P01,P01_L02,SKU001,480,29,0,451,49.793,341,331,10,45.366,1.0,0.9110889815543668,0.9706744868035191,0.8843708296026258,0.02932551319648094
PR00002884,WO00002884,2026-04-30,C,P01,P01_L02,SKU001,480,0,0,480,49.793,324,315,9,40.5,1.0,0.8133673407908742,0.9722222222222222,0.7907738035466833,0.027777777777777776
PR00002885,WO00002885,2026-04-30,A,P01,P01_L03,SKU003,480,0,0,480,61.962,497,484,13,62.125,1.0,1.0,0.9738430583501007,0.9738430583501007,0.026156941649899398
PR00002886,WO00002886,2026-04-30,B,P01,P01_L03,SKU003,480,0,0,480,61.962,445,435,10,55.625,1.0,0.8977276395209967,0.9775280898876404,0.8775539847003001,0.02247191011235955
PR00002887,WO00002887,2026-04-30,C,P01,P01_L03,SKU004,480,0,0,480,56.693,351,335,16,43.875,1.0,0.7739050676450355,0.9544159544159544,0.7386273437637804,0.045584045584045586
PR00002888,WO00002888,2026-04-30,A,P02,P02_L01,SKU003,480,37,4,439,48.8,316,310,6,43.189,0.9909706546275395,0.8850218454759328,0.9810126582278481,0.8603781963512565,0.0189873417721519
PR00002889,WO00002889,2026-04-30,B,P02,P02_L01,SKU003,480,37,27,416,48.8,300,295,5,43.269,0.9390519187358917,0.8866645649432535,0.9833333333333333,0.818746993302002,0.016666666666666666
PR00002890,WO00002890,2026-04-30,C,P02,P02_L01,SKU005,480,0,21,459,48.8,315,306,9,41.176,0.95625,0.8437801350048216,0.9714285714285714,0.7838114754098361,0.02857142857142857
PR00002891,WO00002891,2026-04-30,A,P02,P02_L02,SKU004,480,0,36,444,55.9,357,347,10,48.243,0.925,0.8630276072136537,0.9719887955182073,0.7759391771019678,0.028011204481792718
PR00002892,WO00002892,2026-04-30,B,P02,P02_L02,SKU006,480,54,0,426,54.878,346,336,10,48.732,1.0,0.8880133089069788,0.9710982658959537,0.862348184372095,0.028901734104046242
PR00002893,WO00002893,2026-04-30,C,P02,P02_L02,SKU002,480,0,0,480,55.9,347,334,13,43.375,1.0,0.7759391771019678,0.962536023054755,0.7468694096601074,0.037463976945244955
PR00002894,WO00002894,2026-04-30,A,P02,P02_L03,SKU007,480,34,0,446,47.0,315,310,5,42.377,1.0,0.9016315237095697,0.9841269841269841,0.8873199122221161,0.015873015873015872
PR00002895,WO00002895,2026-04-30,B,P02,P02_L03,SKU007,480,0,0,480,47.0,309,303,6,38.625,1.0,0.8218085106382979,0.9805825242718447,0.8058510638297872,0.019417475728155338
PR00002896,WO00002896,2026-04-30,C,P02,P02_L03,SKU001,480,26,44,410,47.0,278,272,6,40.683,0.9030837004405287,0.8655941878567723,0.9784172661870504,0.7648326928484396,0.02158273381294964
PR00002897,WO00002897,2026-04-30,A,P03,P03_L01,SKU001,480,0,22,458,49.793,376,368,8,49.258,0.9541666666666667,0.9892483264996562,0.9787234042553191,0.9238246339846966,0.02127659574468085
PR00002898,WO00002898,2026-04-30,B,P03,P03_L01,SKU003,480,0,0,480,57.7,404,396,8,50.5,1.0,0.8752166377816291,0.9801980198019802,0.8578856152512998,0.019801980198019802
PR00002899,WO00002899,2026-04-30,C,P03,P03_L01,SKU001,480,0,29,451,49.793,308,302,6,40.976,0.9395833333333333,0.8229190801136217,0.9805194805194806,0.7581386941939632,0.01948051948051948
PR00002900,WO00002900,2026-04-30,A,P03,P03_L02,SKU001,480,0,0,480,49.793,366,361,5,45.75,1.0,0.918803847930432,0.9863387978142076,0.9062518827947703,0.01366120218579235
PR00002901,WO00002901,2026-04-30,B,P03,P03_L02,SKU006,480,0,0,480,54.878,389,379,10,48.625,1.0,0.886056343161194,0.974293059125964,0.8632785451364846,0.02570694087403599
PR00002902,WO00002902,2026-04-30,C,P03,P03_L02,SKU006,480,0,0,480,54.878,396,381,15,49.5,1.0,0.9020008017784905,0.9621212121212122,0.8678341047414265,0.03787878787878788
PR00002903,WO00002903,2026-04-30,A,P03,P03_L03,SKU001,480,0,4,476,49.793,364,356,8,45.882,0.9916666666666667,0.9214619111356309,0.978021978021978,0.8936999176591086,0.02197802197802198
PR00002904,WO00002904,2026-04-30,B,P03,P03_L03,SKU007,480,0,0,480,58.1,375,371,4,46.875,1.0,0.8067986230636833,0.9893333333333333,0.7981927710843373,0.010666666666666666
PR00002905,WO00002905,2026-04-30,C,P03,P03_L03,SKU003,480,0,47,433,58.1,375,365,10,51.963,0.9020833333333333,0.8943726075532747,0.9733333333333334,0.7852839931153184,0.02666666666666667
PR00002906,WO00002906,2026-05-01,A,P01,P01_L01,SKU004,480,0,37,443,56.693,374,364,10,50.655,0.9229166666666667,0.8934899818232125,0.9732620320855615,0.8025682182985554,0.026737967914438502
PR00002907,WO00002907,2026-05-01,B,P01,P01_L01,SKU007,480,0,7,473,69.9,513,504,9,65.074,0.9854166666666667,0.9309584516691013,0.9824561403508771,0.9012875536480686,0.017543859649122806
PR00002908,WO00002908,2026-05-01,C,P01,P01_L01,SKU001,480,0,0,480,49.793,347,338,9,43.375,1.0,0.8711063804149177,0.9740634005763689,0.8485128431707267,0.025936599423631124
PR00002909,WO00002909,2026-05-01,A,P01,P01_L02,SKU003,480,0,8,472,61.962,474,465,9,60.254,0.9833333333333333,0.9724385476281526,0.9810126582278481,0.9380749491623898,0.0189873417721519
PR00002910,WO00002910,2026-05-01,B,P01,P01_L02,SKU001,480,0,0,480,49.793,346,335,11,43.25,1.0,0.8685959873877854,0.9682080924855492,0.8409816640893298,0.031791907514450865
PR00002911,WO00002911,2026-05-01,C,P01,P01_L02,SKU008,480,31,0,449,60.302,365,359,6,48.775,1.0,0.8088464011025721,0.9835616438356164,0.7955502958789682,0.01643835616438356
PR00002912,WO00002912,2026-05-01,A,P01,P01_L03,SKU003,480,30,0,450,61.962,441,435,6,58.8,1.0,0.9489687227655659,0.9863945578231292,0.9360575836803201,0.013605442176870748
PR00002913,WO00002913,2026-05-01,B,P01,P01_L03,SKU004,480,0,70,410,56.693,349,334,15,51.073,0.8541666666666666,0.9008726074066873,0.9570200573065902,0.736422486021202,0.04297994269340974
PR00002914,WO00002914,2026-05-01,C,P01,P01_L03,SKU008,480,0,0,480,60.302,398,391,7,49.75,1.0,0.8250140957182183,0.9824120603015075,0.8105037975523199,0.017587939698492462
PR00002915,WO00002915,2026-05-01,A,P02,P02_L01,SKU005,480,14,0,466,48.8,316,309,7,40.687,1.0,0.8337437557165975,0.9778481012658228,0.8152747484697108,0.022151898734177215
PR00002916,WO00002916,2026-05-01,B,P02,P02_L01,SKU005,480,20,0,460,48.8,297,288,9,38.739,1.0,0.7938346400570206,0.9696969696969697,0.7697790449037776,0.030303030303030304
PR00002917,WO00002917,2026-05-01,C,P02,P02_L01,SKU003,480,0,0,480,48.8,325,317,8,40.625,1.0,0.8324795081967213,0.9753846153846154,0.8119877049180328,0.024615384615384615
PR00002918,WO00002918,2026-05-01,A,P02,P02_L02,SKU002,480,0,0,480,55.9,364,349,15,45.5,1.0,0.813953488372093,0.9587912087912088,0.7804114490161002,0.04120879120879121
PR00002919,WO00002919,2026-05-01,B,P02,P02_L02,SKU002,480,38,0,442,55.9,322,311,11,43.71,1.0,0.7819393066157246,0.9658385093167702,0.7552270942779203,0.034161490683229816
PR00002920,WO00002920,2026-05-01,C,P02,P02_L02,SKU002,480,0,0,480,55.9,352,337,15,44.0,1.0,0.7871198568872988,0.9573863636363636,0.7535778175313059,0.04261363636363636
PR00002921,WO00002921,2026-05-01,A,P02,P02_L03,SKU007,480,29,15,436,47.0,308,303,5,42.385,0.9667405764966741,0.9018153425727113,0.9837662337662337,0.8576685380006606,0.016233766233766232
PR00002922,WO00002922,2026-05-01,B,P02,P02_L03,SKU005,480,0,0,480,47.0,307,300,7,38.375,1.0,0.8164893617021277,0.9771986970684039,0.797872340425532,0.02280130293159609
PR00002923,WO00002923,2026-05-01,C,P02,P02_L03,SKU003,480,0,0,480,47.0,346,339,7,43.25,1.0,0.9202127659574468,0.9797687861271677,0.9015957446808511,0.02023121387283237
PR00002924,WO00002924,2026-05-01,A,P03,P03_L01,SKU006,480,52,0,428,54.878,378,369,9,52.991,1.0,0.9656083349540339,0.9761904761904762,0.9426176603122711,0.023809523809523808
PR00002925,WO00002925,2026-05-01,B,P03,P03_L01,SKU004,480,39,0,441,56.693,381,367,14,51.837,1.0,0.9143410067182466,0.963254593175853,0.8807431744503845,0.03674540682414698
PR00002926,WO00002926,2026-05-01,C,P03,P03_L01,SKU001,480,25,0,455,49.793,320,313,7,42.198,1.0,0.847464547181375,0.978125,0.8289262602117824,0.021875
PR00002927,WO00002927,2026-05-01,A,P03,P03_L02,SKU001,480,0,0,480,49.793,357,349,8,44.625,1.0,0.896210310686241,0.9775910364145658,0.8761271664691823,0.022408963585434174
PR00002928,WO00002928,2026-05-01,B,P03,P03_L02,SKU006,480,0,47,433,54.878,365,355,10,50.577,0.9020833333333333,0.9216328438635287,0.9726027397260274,0.8086118298771822,0.0273972602739726
PR00002929,WO00002929,2026-05-01,C,P03,P03_L02,SKU006,480,0,0,480,54.878,377,365,12,47.125,1.0,0.8587229855315427,0.9681697612732095,0.8313896279018914,0.03183023872679045
PR00002930,WO00002930,2026-05-01,A,P03,P03_L03,SKU001,480,52,0,428,49.793,309,302,7,43.318,1.0,0.8699567611781936,0.9773462783171522,0.8502490028343511,0.022653721682847898
PR00002931,WO00002931,2026-05-01,B,P03,P03_L03,SKU004,480,0,0,480,56.693,369,356,13,46.125,1.0,0.8135925070114477,0.964769647696477,0.7849293563579279,0.03523035230352303
PR00002932,WO00002932,2026-05-01,C,P03,P03_L03,SKU004,480,0,0,480,56.693,365,353,12,45.625,1.0,0.8047730760411339,0.9671232876712329,0.7783147831301925,0.03287671232876712
PR00002933,WO00002933,2026-05-02,A,P01,P01_L01,SKU005,480,27,19,434,50.42,323,317,6,44.654,0.9580573951434879,0.8856481134507007,0.9814241486068112,0.8327400826435426,0.018575851393188854
PR00002934,WO00002934,2026-05-02,B,P01,P01_L01,SKU005,480,34,7,439,50.42,320,312,8,43.736,0.984304932735426,0.8674288595388712,0.975,0.8324691426101465,0.025
PR00002935,WO00002935,2026-05-02,C,P01,P01_L01,SKU001,480,0,0,480,49.793,346,335,11,43.25,1.0,0.8685959873877854,0.9682080924855492,0.8409816640893298,0.031791907514450865
PR00002936,WO00002936,2026-05-02,B,P01,P01_L02,SKU006,480,0,0,480,54.878,400,385,15,50.0,1.0,0.9111119209883742,0.9625,0.8769452239513102,0.0375
PR00002937,WO00002937,2026-05-02,B,P01,P01_L03,SKU003,480,36,0,444,61.962,433,423,10,58.514,1.0,0.9443451391742279,0.976905311778291,0.9225357826113127,0.023094688221709007
PR00002938,WO00002938,2026-05-02,C,P01,P01_L03,SKU003,480,0,0,480,61.962,427,416,11,53.375,1.0,0.8614150608437429,0.9742388758782201,0.8392240405409767,0.02576112412177986
PR00002939,WO00002939,2026-05-02,A,P02,P02_L01,SKU006,480,0,0,480,48.8,347,341,6,43.375,1.0,0.8888319672131149,0.9827089337175793,0.8734631147540985,0.01729106628242075
PR00002940,WO00002940,2026-05-02,B,P02,P02_L01,SKU003,480,0,0,480,48.8,352,345,7,44.0,1.0,0.9016393442622951,0.9801136363636364,0.8837090163934426,0.019886363636363636
PR00002941,WO00002941,2026-05-02,C,P02,P02_L01,SKU003,480,26,54,400,48.8,274,267,7,41.1,0.8810572687224669,0.8422131147540984,0.9744525547445255,0.7230808117281722,0.025547445255474453
PR00002942,WO00002942,2026-05-02,A,P02,P02_L02,SKU006,480,0,0,480,54.878,390,380,10,48.75,1.0,0.8883341229636649,0.9743589743589743,0.8655563249389555,0.02564102564102564
PR00002943,WO00002943,2026-05-02,B,P02,P02_L02,SKU005,480,32,0,448,50.42,315,308,7,42.188,1.0,0.8367215390717969,0.9777777777777777,0.8181277270924237,0.022222222222222223
PR00002944,WO00002944,2026-05-02,A,P03,P03_L01,SKU003,480,24,8,448,57.7,426,414,12,57.054,0.9824561403508771,0.9887967318643227,0.971830985915493,0.9440846483626743,0.028169014084507043
PR00002945,WO00002945,2026-05-02,C,P03,P03_L01,SKU001,480,0,0,480,49.793,340,331,9,42.5,1.0,0.8535336292249914,0.9735294117647059,0.8309400919808004,0.026470588235294117
PR00002946,WO00002946,2026-05-02,A,P03,P03_L02,SKU004,480,16,0,464,56.6,382,369,13,49.397,1.0,0.8727305958328255,0.9659685863874345,0.8430303399536979,0.034031413612565446
PR00002947,WO00002947,2026-05-03,A,P01,P01_L01,SKU001,480,25,0,455,49.793,348,338,10,45.89,1.0,0.9216176950597452,0.9712643678160919,0.8951344279603273,0.028735632183908046
PR00002948,WO00002948,2026-05-03,B,P01,P01_L01,SKU001,480,0,10,470,49.793,330,321,9,42.128,0.9791666666666666,0.846055862761193,0.9727272727272728,0.8058361617094772,0.02727272727272727
PR00002949,WO00002949,2026-05-03,C,P01,P01_L01,SKU005,480,35,20,425,50.42,298,288,10,42.071,0.9550561797752809,0.8344027813426045,0.9664429530201343,0.7701598705703551,0.03355704697986577
PR00002950,WO00002950,2026-05-03,A,P01,P01_L02,SKU001,480,23,0,457,49.793,322,315,7,42.276,1.0,0.8490292040997213,0.9782608695652174,0.8305720474888578,0.021739130434782608
PR00002951,WO00002951,2026-05-03,B,P01,P01_L02,SKU006,480,0,0,480,54.878,414,399,15,51.75,1.0,0.9430008382229673,0.9637681159420289,0.9088341411859032,0.036231884057971016
PR00002952,WO00002952,2026-05-03,C,P01,P01_L02,SKU007,480,0,0,480,65.2,447,440,7,55.875,1.0,0.8569785276073619,0.9843400447427293,0.8435582822085889,0.015659955257270694
PR00002953,WO00002953,2026-05-03,B,P01,P01_L03,SKU003,480,0,0,480,61.962,468,460,8,58.5,1.0,0.9441270456085987,0.9829059829059829,0.9279881217520415,0.017094017094017096
PR00002954,WO00002954,2026-05-03,C,P01,P01_L03,SKU003,480,0,0,480,61.962,438,426,12,54.75,1.0,0.8836060811465091,0.9726027397260274,0.8593976953616732,0.0273972602739726
PR00002955,WO00002955,2026-05-03,C,P02,P02_L02,SKU008,480,35,0,445,55.9,319,316,3,43.011,1.0,0.769431770215674,0.9905956112852664,0.7621957347591002,0.009404388714733543
PR00002956,WO00002956,2026-05-03,A,P02,P02_L03,SKU005,480,0,0,480,47.0,324,318,6,40.5,1.0,0.8617021276595744,0.9814814814814815,0.8457446808510638,0.018518518518518517
PR00002957,WO00002957,2026-05-03,B,P02,P02_L03,SKU004,480,0,0,480,47.0,327,315,12,40.875,1.0,0.8696808510638298,0.963302752293578,0.8377659574468085,0.03669724770642202
PR00002958,WO00002958,2026-05-03,C,P02,P02_L03,SKU002,480,24,23,433,47.0,250,239,11,34.642,0.9495614035087719,0.7370645177141172,0.956,0.6690929451287793,0.044
PR00002959,WO00002959,2026-05-03,A,P03,P03_L01,SKU003,480,0,0,480,57.7,432,427,5,54.0,1.0,0.9358752166377816,0.9884259259259259,0.9250433275563258,0.011574074074074073
PR00002960,WO00002960,2026-05-03,B,P03,P03_L01,SKU004,480,0,0,480,56.693,374,361,13,46.75,1.0,0.8246167957243399,0.9652406417112299,0.79595364507082,0.034759358288770054
PR00002961,WO00002961,2026-05-03,C,P03,P03_L01,SKU006,480,0,0,480,54.878,380,367,13,47.5,1.0,0.8655563249389555,0.9657894736842105,0.8359451875068333,0.034210526315789476
PR00002962,WO00002962,2026-05-03,A,P03,P03_L03,SKU008,480,23,0,457,58.1,396,388,8,51.991,1.0,0.8948579563643759,0.9797979797979798,0.8767800178519642,0.020202020202020204
PR00002963,WO00002963,2026-05-03,B,P03,P03_L03,SKU004,480,19,24,437,56.693,360,347,13,49.428,0.9479392624728851,0.8718522149143156,0.9638888888888889,0.7966184503337667,0.03611111111111111
PR00002964,WO00002964,2026-05-04,A,P01,P01_L01,SKU005,480,33,0,447,50.42,333,323,10,44.698,1.0,0.886513022157501,0.96996996996997,0.8598910094800987,0.03003003003003003
PR00002965,WO00002965,2026-05-04,B,P01,P01_L01,SKU005,480,0,0,480,50.42,344,333,11,43.0,1.0,0.852836176120587,0.9680232558139535,0.825565251884173,0.03197674418604651
PR00002966,WO00002966,2026-05-04,C,P01,P01_L01,SKU005,480,0,0,480,50.42,327,318,9,40.875,1.0,0.8106902023006743,0.9724770642201835,0.7883776279254264,0.027522935779816515
PR00002967,WO00002967,2026-05-04,A,P01,P01_L02,SKU008,480,0,0,480,60.302,437,429,8,54.625,1.0,0.9058571854996518,0.9816933638443935,0.8892739875957679,0.018306636155606407
PR00002968,WO00002968,2026-05-04,B,P01,P01_L02,SKU004,480,0,0,480,56.693,386,369,17,48.25,1.0,0.8510750886352813,0.9559585492227979,0.8135925070114476,0.04404145077720207
PR00002969,WO00002969,2026-05-04,C,P01,P01_L02,SKU001,480,24,0,456,49.793,330,320,10,43.421,1.0,0.872031262056493,0.9696969696969697,0.8456060722972053,0.030303030303030304
PR00002970,WO00002970,2026-05-04,A,P01,P01_L03,SKU003,480,21,33,426,61.962,432,419,13,60.845,0.9281045751633987,0.9819739585961591,0.9699074074074074,0.883948901424508,0.03009259259259259
PR00002971,WO00002971,2026-05-04,B,P01,P01_L03,SKU004,480,0,0,480,56.693,414,397,17,51.75,1.0,0.9128111054274779,0.9589371980676329,0.8753285238036443,0.04106280193236715
PR00002972,WO00002972,2026-05-04,C,P01,P01_L03,SKU004,480,0,0,480,56.693,396,382,14,49.5,1.0,0.8731236660610657,0.9646464646464646,0.8422556576649675,0.03535353535353535
PR00002973,WO00002973,2026-05-04,A,P02,P02_L01,SKU003,480,0,0,480,48.8,359,353,6,44.875,1.0,0.9195696721311476,0.9832869080779945,0.9042008196721313,0.016713091922005572
PR00002974,WO00002974,2026-05-04,B,P02,P02_L01,SKU003,480,0,0,480,48.8,357,349,8,44.625,1.0,0.9144467213114754,0.9775910364145658,0.8939549180327868,0.022408963585434174
PR00002975,WO00002975,2026-05-04,C,P02,P02_L01,SKU006,480,33,24,423,48.8,301,290,11,42.695,0.9463087248322147,0.8748982676432974,0.9634551495016611,0.7976675101771372,0.036544850498338874
PR00002976,WO00002976,2026-05-04,A,P02,P02_L02,SKU002,480,0,0,480,55.9,389,376,13,48.625,1.0,0.8698568872987478,0.9665809768637532,0.8407871198568873,0.033419023136246784
PR00002977,WO00002977,2026-05-04,B,P02,P02_L02,SKU002,480,53,0,427,55.9,313,302,11,43.981,1.0,0.7867846983363568,0.9648562300319489,0.7591341178836414,0.03514376996805112
PR00002978,WO00002978,2026-05-04,C,P02,P02_L02,SKU004,480,0,0,480,55.9,371,358,13,46.375,1.0,0.8296064400715564,0.9649595687331537,0.800536672629696,0.03504043126684636
PR00002979,WO00002979,2026-05-04,A,P02,P02_L03,SKU007,480,22,0,458,47.0,342,337,5,44.803,1.0,0.9532658180804607,0.9853801169590644,0.9393291833132026,0.014619883040935672
PR00002980,WO00002980,2026-05-04,B,P02,P02_L03,SKU007,480,0,0,480,47.0,337,333,4,42.125,1.0,0.8962765957446809,0.9881305637982196,0.8856382978723405,0.011869436201780416
PR00002981,WO00002981,2026-05-04,C,P02,P02_L03,SKU007,480,49,0,431,47.0,290,285,5,40.371,1.0,0.8589623340079973,0.9827586206896551,0.8441526385940662,0.017241379310344827
PR00002982,WO00002982,2026-05-04,A,P03,P03_L01,SKU004,480,19,0,461,56.693,383,373,10,49.848,1.0,0.8792647448928895,0.9738903394255874,0.8563074408486887,0.02610966057441253
PR00002983,WO00002983,2026-05-04,B,P03,P03_L01,SKU003,480,0,0,480,57.7,408,399,9,51.0,1.0,0.8838821490467937,0.9779411764705882,0.8643847487001732,0.022058823529411766
PR00002984,WO00002984,2026-05-04,C,P03,P03_L01,SKU007,480,24,0,456,57.7,341,337,4,44.868,1.0,0.777615616163459,0.9882697947214076,0.7684940253580225,0.011730205278592375
PR00002985,WO00002985,2026-05-04,A,P03,P03_L02,SKU006,480,0,0,480,54.878,411,401,10,51.375,1.0,0.9361674988155545,0.975669099756691,0.9133897007908451,0.024330900243309004
PR00002986,WO00002986,2026-05-04,B,P03,P03_L02,SKU008,480,26,0,454,56.6,355,349,6,46.916,1.0,0.8289098862097415,0.9830985915492958,0.8149001416540839,0.016901408450704224
PR00002987,WO00002987,2026-05-04,C,P03,P03_L02,SKU006,480,41,8,431,54.878,305,295,10,42.459,0.9817767653758542,0.7737052507697099,0.9672131147540983,0.7347007289974589,0.03278688524590164
PR00002988,WO00002988,2026-05-04,A,P03,P03_L03,SKU003,480,25,0,455,58.1,417,411,6,54.989,1.0,0.9464545781241135,0.9856115107913669,0.9328365266403132,0.014388489208633094
PR00002989,WO00002989,2026-05-04,B,P03,P03_L03,SKU004,480,0,0,480,56.693,408,396,12,51.0,1.0,0.8995819589720072,0.9705882352941176,0.8731236660610658,0.029411764705882353
PR00002990,WO00002990,2026-05-04,C,P03,P03_L03,SKU006,480,0,0,480,54.878,359,348,11,44.875,1.0,0.8177229490870659,0.9693593314763231,0.7926673712598856,0.03064066852367688
PR00002991,WO00002991,2026-05-05,A,P01,P01_L01,SKU007,480,43,0,437,69.9,457,451,6,62.746,1.0,0.8976537256558077,0.986870897155361,0.8858683375727993,0.01312910284463895
PR00002992,WO00002992,2026-05-05,B,P01,P01_L01,SKU001,480,30,33,417,49.793,296,288,8,42.59,0.9266666666666666,0.8553396673740075,0.972972972972973,0.771192737935051,0.02702702702702703
PR00002993,WO00002993,2026-05-05,C,P01,P01_L01,SKU004,480,64,84,332,56.693,260,249,11,46.988,0.7980769230769231,0.8288139948005736,0.9576923076923077,0.6334725898869622,0.04230769230769231
PR00002994,WO00002994,2026-05-05,A,P01,P01_L02,SKU008,480,16,0,464,60.302,371,361,10,47.974,1.0,0.7955646235785626,0.9730458221024259,0.7741208331856094,0.026954177897574125
PR00002995,WO00002995,2026-05-05,B,P01,P01_L02,SKU002,480,0,0,480,65.2,465,450,15,58.125,1.0,0.8914877300613496,0.967741935483871,0.8627300613496932,0.03225806451612903
PR00002996,WO00002996,2026-05-05,C,P01,P01_L02,SKU002,480,36,0,444,65.2,400,381,19,54.054,1.0,0.82904990880451,0.9525,0.7896700381362958,0.0475
PR00002997,WO00002997,2026-05-05,A,P01,P01_L03,SKU003,480,0,0,480,61.962,479,470,9,59.875,1.0,0.9663180659113649,0.9812108559498957,0.948161776572738,0.018789144050104383
PR00002998,WO00002998,2026-05-05,B,P01,P01_L03,SKU003,480,0,0,480,61.962,465,452,13,58.125,1.0,0.9380749491623898,0.9720430107526882,0.9118491978954842,0.02795698924731183
PR00002999,WO00002999,2026-05-05,C,P01,P01_L03,SKU007,480,57,0,423,74.2,441,437,4,62.553,1.0,0.8430349257326375,0.9909297052154195,0.8353883504425456,0.009070294784580499
PR00003000,WO00003000,2026-05-05,A,P02,P02_L01,SKU006,480,0,27,453,48.8,347,336,11,45.96,0.94375,0.9418087069807839,0.968299711815562,0.860655737704918,0.03170028818443804
PR00003001,WO00003001,2026-05-05,B,P02,P02_L01,SKU003,480,0,0,480,48.8,340,333,7,42.5,1.0,0.8709016393442623,0.9794117647058823,0.8529713114754098,0.020588235294117647
PR00003002,WO00003002,2026-05-05,C,P02,P02_L01,SKU003,480,0,41,439,48.8,310,303,7,42.369,0.9145833333333333,0.8682176332200606,0.9774193548387097,0.7761270491803279,0.02258064516129032
PR00003003,WO00003003,2026-05-05,A,P02,P02_L02,SKU002,480,0,0,480,55.9,394,381,13,49.25,1.0,0.8810375670840788,0.9670050761421319,0.8519677996422182,0.03299492385786802
PR00003004,WO00003004,2026-05-05,B,P02,P02_L02,SKU006,480,58,0,422,54.878,338,329,9,48.057,1.0,0.8757037799831389,0.9733727810650887,0.8523862237113985,0.026627218934911243
PR00003005,WO00003005,2026-05-05,C,P02,P02_L02,SKU002,480,0,0,480,55.9,358,344,14,44.75,1.0,0.8005366726296959,0.9608938547486033,0.7692307692307692,0.03910614525139665
PR00003006,WO00003006,2026-05-05,A,P02,P02_L03,SKU004,480,0,15,465,47.0,329,319,10,42.452,0.96875,0.9032258064516129,0.9696048632218845,0.848404255319149,0.030395136778115502
PR00003007,WO00003007,2026-05-05,B,P02,P02_L03,SKU003,480,36,0,444,47.0,289,286,3,39.054,1.0,0.8309373202990225,0.9896193771626297,0.8223116733755031,0.010380622837370242
PR00003008,WO00003008,2026-05-05,C,P02,P02_L03,SKU003,480,0,0,480,47.0,326,319,7,40.75,1.0,0.8670212765957447,0.9785276073619632,0.848404255319149,0.02147239263803681
PR00003009,WO00003009,2026-05-05,A,P03,P03_L01,SKU001,480,0,0,480,49.793,346,340,6,43.25,1.0,0.8685959873877854,0.9826589595375722,0.8535336292249914,0.017341040462427744
PR00003010,WO00003010,2026-05-05,B,P03,P03_L01,SKU008,480,0,0,480,57.7,396,392,4,49.5,1.0,0.8578856152512998,0.98989898989899,0.8492201039861352,0.010101010101010102
PR00003011,WO00003011,2026-05-05,C,P03,P03_L01,SKU001,480,28,15,437,49.793,314,307,7,43.112,0.9668141592920354,0.8658270870695296,0.9777070063694268,0.8184325585801323,0.022292993630573247
PR00003012,WO00003012,2026-05-05,A,P03,P03_L02,SKU006,480,0,0,480,54.878,399,389,10,49.875,1.0,0.9088341411859032,0.974937343358396,0.8860563431611939,0.02506265664160401
PR00003013,WO00003013,2026-05-05,B,P03,P03_L02,SKU008,480,76,0,404,56.6,347,340,7,51.535,1.0,0.9105062449707868,0.9798270893371758,0.8921386838330476,0.020172910662824207
PR00003014,WO00003014,2026-05-05,C,P03,P03_L02,SKU006,480,0,0,480,54.878,378,366,12,47.25,1.0,0.8610007653340136,0.9682539682539683,0.8336674077043623,0.031746031746031744
PR00003015,WO00003015,2026-05-05,A,P03,P03_L03,SKU004,480,0,0,480,56.693,398,385,13,49.75,1.0,0.8775333815462226,0.9673366834170855,0.8488702308927029,0.032663316582914576
PR00003016,WO00003016,2026-05-05,B,P03,P03_L03,SKU001,480,39,0,441,49.793,333,325,8,45.306,1.0,0.9098893910585744,0.975975975975976,0.8880301864685786,0.024024024024024024
PR00003017,WO00003017,2026-05-05,C,P03,P03_L03,SKU001,480,34,0,446,49.793,312,303,9,41.973,1.0,0.8429517034603977,0.9711538461538461,0.8186357889375017,0.028846153846153848
PR00003018,WO00003018,2026-05-06,A,P01,P01_L01,SKU002,480,25,0,455,69.9,454,438,16,59.868,1.0,0.8564825732207706,0.9647577092511013,0.8262981653539593,0.03524229074889868
PR00003019,WO00003019,2026-05-06,B,P01,P01_L01,SKU004,480,54,0,426,56.693,361,347,14,50.845,1.0,0.896849177544586,0.961218836565097,0.8620683230137711,0.038781163434903045
PR00003020,WO00003020,2026-05-06,C,P01,P01_L01,SKU008,480,0,0,480,60.302,381,373,8,47.625,1.0,0.7897748001724653,0.979002624671916,0.7731916022685815,0.02099737532808399
PR00003021,WO00003021,2026-05-06,A,P01,P01_L02,SKU001,480,0,0,480,49.793,365,355,10,45.625,1.0,0.9162934549032997,0.9726027397260274,0.8911895246319764,0.0273972602739726
PR00003022,WO00003022,2026-05-06,B,P01,P01_L02,SKU003,480,36,17,427,61.962,401,392,9,56.347,0.9617117117117117,0.9093735550088228,0.9775561097256857,0.8549267772662755,0.022443890274314215
PR00003023,WO00003023,2026-05-06,C,P01,P01_L02,SKU002,480,0,0,480,65.2,419,399,20,52.375,1.0,0.8032975460122699,0.9522673031026253,0.7649539877300613,0.0477326968973747
PR00003024,WO00003024,2026-05-06,A,P01,P01_L03,SKU004,480,27,0,453,56.693,415,400,15,54.967,1.0,0.9695533384583378,0.963855421686747,0.9345092418875545,0.03614457831325301
PR00003025,WO00003025,2026-05-06,B,P01,P01_L03,SKU003,480,37,0,443,61.962,442,431,11,59.865,1.0,0.9661495726318242,0.9751131221719457,0.9421051262541091,0.024886877828054297
PR00003026,WO00003026,2026-05-06,C,P01,P01_L03,SKU005,480,0,0,480,50.42,332,323,9,41.5,1.0,0.8230860769535898,0.9728915662650602,0.8007735025783419,0.02710843373493976
PR00003027,WO00003027,2026-05-06,A,P02,P02_L01,SKU003,480,0,0,480,48.8,355,350,5,44.375,1.0,0.9093237704918034,0.9859154929577465,0.896516393442623,0.014084507042253521
PR00003028,WO00003028,2026-05-06,B,P02,P02_L01,SKU003,480,22,18,440,48.8,308,303,5,42.0,0.9606986899563319,0.8606557377049181,0.9837662337662337,0.8134082611496887,0.016233766233766232
PR00003029,WO00003029,2026-05-06,C,P02,P02_L01,SKU001,480,0,0,480,48.8,309,299,10,38.625,1.0,0.7914959016393444,0.9676375404530745,0.7658811475409837,0.032362459546925564
PR00003030,WO00003030,2026-05-06,A,P02,P02_L02,SKU004,480,0,0,480,55.9,375,361,14,46.875,1.0,0.8385509838998211,0.9626666666666667,0.8072450805008944,0.037333333333333336
PR00003031,WO00003031,2026-05-06,B,P02,P02_L02,SKU002,480,0,0,480,55.9,372,359,13,46.5,1.0,0.8318425760286225,0.9650537634408602,0.8027728085867621,0.03494623655913978
PR00003032,WO00003032,2026-05-06,C,P02,P02_L02,SKU004,480,18,0,462,55.9,359,346,13,46.623,1.0,0.8340496712589736,0.9637883008356546,0.8038473154752224,0.036211699164345405
PR00003033,WO00003033,2026-05-06,A,P02,P02_L03,SKU007,480,26,23,431,47.0,288,285,3,40.093,0.9493392070484582,0.8530384558424248,0.9895833333333334,0.8013871965507545,0.010416666666666666
PR00003034,WO00003034,2026-05-06,B,P02,P02_L03,SKU004,480,21,12,447,47.0,309,297,12,41.477,0.9738562091503268,0.8824789375981721,0.9611650485436893,0.8260325406758446,0.038834951456310676
PR00003035,WO00003035,2026-05-06,C,P02,P02_L03,SKU007,480,26,0,454,47.0,290,287,3,38.326,1.0,0.815446621051645,0.9896551724137931,0.8070109663511107,0.010344827586206896
PR00003036,WO00003036,2026-05-06,A,P03,P03_L01,SKU001,480,25,0,455,49.793,342,334,8,45.099,1.0,0.9057277348000945,0.9766081871345029,0.8845411211205602,0.023391812865497075
PR00003037,WO00003037,2026-05-06,B,P03,P03_L01,SKU001,480,0,0,480,49.793,356,347,9,44.5,1.0,0.8936999176591087,0.9747191011235955,0.8711063804149177,0.025280898876404494
PR00003038,WO00003038,2026-05-06,C,P03,P03_L01,SKU004,480,0,0,480,56.693,377,361,16,47.125,1.0,0.8312313689520753,0.9575596816976127,0.7959536450708201,0.042440318302387266
PR00003039,WO00003039,2026-05-06,A,P03,P03_L02,SKU006,480,34,0,446,54.878,409,397,12,55.022,1.0,1.0,0.9706601466992665,0.9706601466992665,0.029339853300733496
PR00003040,WO00003040,2026-05-06,B,P03,P03_L02,SKU006,480,0,47,433,54.878,367,357,10,50.855,0.9020833333333333,0.9266828868436028,0.9727520435967303,0.813167389482124,0.027247956403269755
PR00003041,WO00003041,2026-05-06,C,P03,P03_L02,SKU006,480,29,50,401,54.878,306,297,9,45.786,0.8891352549889135,0.8343149560771347,0.9705882352941176,0.7200006400005688,0.029411764705882353
PR00003042,WO00003042,2026-05-06,A,P03,P03_L03,SKU001,480,0,0,480,49.793,352,348,4,44.0,1.0,0.8836583455505794,0.9886363636363636,0.8736167734420501,0.011363636363636364
PR00003043,WO00003043,2026-05-06,B,P03,P03_L03,SKU006,480,30,0,450,54.878,356,347,9,47.467,1.0,0.86494891699163,0.9747191011235955,0.843082230887909,0.025280898876404494
PR00003044,WO00003044,2026-05-06,C,P03,P03_L03,SKU007,480,0,0,480,58.1,392,385,7,49.0,1.0,0.8433734939759036,0.9821428571428571,0.8283132530120481,0.017857142857142856
PR00003045,WO00003045,2026-05-07,A,P01,P01_L01,SKU007,480,0,0,480,69.9,518,511,7,64.75,1.0,0.9263233190271816,0.9864864864864865,0.9138054363376251,0.013513513513513514
PR00003046,WO00003046,2026-05-07,B,P01,P01_L01,SKU005,480,20,7,453,50.42,317,307,10,41.987,0.9847826086956522,0.8327400826435426,0.9684542586750788,0.794198299501578,0.031545741324921134
PR00003047,WO00003047,2026-05-07,C,P01,P01_L01,SKU001,480,34,0,446,49.793,315,307,8,42.377,1.0,0.8510570083013631,0.9746031746031746,0.8294428620587888,0.025396825396825397
PR00003048,WO00003048,2026-05-07,A,P01,P01_L02,SKU004,480,39,0,441,56.693,380,367,13,51.701,1.0,0.9119411615562565,0.9657894736842105,0.8807431744503845,0.034210526315789476
PR00003049,WO00003049,2026-05-07,B,P01,P01_L02,SKU008,480,0,0,480,60.302,376,370,6,47.0,1.0,0.7794103014825379,0.9840425531914894,0.7669729030546251,0.015957446808510637
PR00003050,WO00003050,2026-05-07,C,P01,P01_L02,SKU001,480,26,0,454,49.793,314,307,7,41.498,1.0,0.8334062490074549,0.9777070063694268,0.8148271288066518,0.022292993630573247
PR00003051,WO00003051,2026-05-07,A,P01,P01_L03,SKU008,480,0,0,480,60.302,421,412,9,52.625,1.0,0.8726907896918842,0.9786223277909739,0.8540346920500149,0.021377672209026127
PR00003052,WO00003052,2026-05-07,B,P01,P01_L03,SKU003,480,0,0,480,61.962,435,426,9,54.375,1.0,0.8775539847003001,0.9793103448275862,0.8593976953616732,0.020689655172413793
PR00003053,WO00003053,2026-05-07,C,P01,P01_L03,SKU007,480,0,0,480,74.2,507,495,12,63.375,1.0,0.85411051212938,0.9763313609467456,0.8338948787061995,0.023668639053254437
PR00003054,WO00003054,2026-05-07,A,P02,P02_L01,SKU003,480,0,0,480,48.8,352,344,8,44.0,1.0,0.9016393442622951,0.9772727272727273,0.8811475409836066,0.022727272727272728
PR00003055,WO00003055,2026-05-07,B,P02,P02_L01,SKU006,480,0,0,480,48.8,330,319,11,41.25,1.0,0.8452868852459017,0.9666666666666667,0.8171106557377049,0.03333333333333333
PR00003056,WO00003056,2026-05-07,C,P02,P02_L01,SKU001,480,15,32,433,48.8,306,297,9,42.402,0.9311827956989247,0.8688903191610191,0.9705882352941176,0.7852987837123214,0.029411764705882353
PR00003057,WO00003057,2026-05-07,A,P02,P02_L02,SKU002,480,26,20,434,55.9,342,330,12,47.281,0.9559471365638766,0.8458158495667873,0.9649122807017544,0.7801848801746354,0.03508771929824561
PR00003058,WO00003058,2026-05-07,B,P02,P02_L02,SKU003,480,19,15,446,55.9,364,356,8,48.969,0.9674620390455532,0.8760037543018042,0.978021978021978,0.8288739964066606,0.02197802197802198
PR00003059,WO00003059,2026-05-07,C,P02,P02_L02,SKU002,480,0,0,480,55.9,358,344,14,44.75,1.0,0.8005366726296959,0.9608938547486033,0.7692307692307692,0.03910614525139665
PR00003060,WO00003060,2026-05-07,A,P02,P02_L03,SKU001,480,34,0,446,47.0,306,299,7,41.166,1.0,0.8758706230321534,0.9771241830065359,0.8558343669497185,0.02287581699346405
PR00003061,WO00003061,2026-05-07,B,P02,P02_L03,SKU003,480,0,0,480,47.0,332,326,6,41.5,1.0,0.8829787234042553,0.9819277108433735,0.8670212765957447,0.018072289156626505
PR00003062,WO00003062,2026-05-07,C,P02,P02_L03,SKU005,480,48,0,432,47.0,261,255,6,36.25,1.0,0.7712765957446808,0.9770114942528736,0.7535460992907801,0.022988505747126436
PR00003063,WO00003063,2026-05-07,A,P03,P03_L01,SKU001,480,79,0,401,49.793,290,285,5,43.392,1.0,0.8714381779970575,0.9827586206896551,0.8564133818246944,0.017241379310344827
PR00003064,WO00003064,2026-05-07,B,P03,P03_L01,SKU001,480,15,0,465,49.793,337,328,9,43.484,1.0,0.8732928517611297,0.973293768545994,0.8499704907348681,0.026706231454005934
PR00003065,WO00003065,2026-05-07,C,P03,P03_L01,SKU003,480,0,0,480,57.7,375,368,7,46.875,1.0,0.8123916811091854,0.9813333333333333,0.7972270363951471,0.018666666666666668
PR00003066,WO00003066,2026-05-07,A,P03,P03_L02,SKU008,480,45,0,435,56.6,342,335,7,47.172,1.0,0.8334348726696722,0.97953216374269,0.8163762641647374,0.02046783625730994
PR00003067,WO00003067,2026-05-07,B,P03,P03_L02,SKU006,480,0,0,480,54.878,388,377,11,48.5,1.0,0.883778563358723,0.9716494845360825,0.8587229855315427,0.028350515463917526
PR00003068,WO00003068,2026-05-07,C,P03,P03_L02,SKU001,480,18,0,462,49.793,301,291,10,39.091,1.0,0.7850683648486553,0.9667774086378738,0.7589863593719558,0.03322259136212625
PR00003069,WO00003069,2026-05-07,A,P03,P03_L03,SKU006,480,24,0,456,54.878,391,380,11,51.447,1.0,0.9374862134380377,0.9718670076726342,0.9111119209883742,0.028132992327365727
PR00003070,WO00003070,2026-05-07,B,P03,P03_L03,SKU001,480,37,0,443,49.793,328,321,7,44.424,1.0,0.8921812148797148,0.9786585365853658,0.8731407621231355,0.021341463414634148
PR00003071,WO00003071,2026-05-07,C,P03,P03_L03,SKU006,480,21,0,459,54.878,382,371,11,49.935,1.0,0.909920925013226,0.9712041884816754,0.8837190135599656,0.028795811518324606
PR00003072,WO00003072,2026-05-08,A,P01,P01_L01,SKU001,480,0,0,480,49.793,341,332,9,42.625,1.0,0.8560440222521238,0.9736070381231672,0.833450485007933,0.026392961876832845
PR00003073,WO00003073,2026-05-08,B,P01,P01_L01,SKU001,480,30,0,450,49.793,334,323,11,44.533,1.0,0.8943693557996774,0.9670658682634731,0.8649140776146581,0.03293413173652695
PR00003074,WO00003074,2026-05-08,C,P01,P01_L01,SKU005,480,0,0,480,50.42,314,307,7,39.25,1.0,0.778460928203094,0.9777070063694268,0.7611067036890122,0.022292993630573247
PR00003075,WO00003075,2026-05-08,A,P01,P01_L02,SKU008,480,0,57,423,60.302,366,360,6,51.915,0.88125,0.8609149550101369,0.9836065573770492,0.7462439056747704,0.01639344262295082
PR00003076,WO00003076,2026-05-08,B,P01,P01_L02,SKU001,480,0,76,404,49.793,287,280,7,42.624,0.8416666666666667,0.8560191668756175,0.975609756097561,0.7029100475970518,0.024390243902439025
PR00003077,WO00003077,2026-05-08,C,P01,P01_L02,SKU004,480,41,0,439,56.693,377,360,17,51.526,1.0,0.9088634558018136,0.9549071618037135,0.8678802230468247,0.04509283819628647
PR00003078,WO00003078,2026-05-08,A,P01,P01_L03,SKU007,480,0,0,480,74.2,539,533,6,67.375,1.0,0.9080188679245282,0.9888682745825603,0.897911051212938,0.011131725417439703
PR00003079,WO00003079,2026-05-08,B,P01,P01_L03,SKU003,480,36,14,430,61.962,404,395,9,56.372,0.9684684684684685,0.9097849169370874,0.9777227722772277,0.8614695842351502,0.022277227722772276
PR00003080,WO00003080,2026-05-08,C,P01,P01_L03,SKU008,480,0,0,480,60.302,389,382,7,48.625,1.0,0.806357998076349,0.9820051413881749,0.7918476999104507,0.017994858611825194
PR00003081,WO00003081,2026-05-08,A,P02,P02_L01,SKU003,480,35,0,445,48.8,356,348,8,48.0,1.0,0.9836065573770492,0.9775280898876404,0.9615030392337446,0.02247191011235955
PR00003082,WO00003082,2026-05-08,B,P02,P02_L01,SKU001,480,0,0,480,48.8,340,331,9,42.5,1.0,0.8709016393442623,0.9735294117647059,0.8478483606557378,0.026470588235294117
PR00003083,WO00003083,2026-05-08,C,P02,P02_L01,SKU001,480,34,0,446,48.8,293,285,8,39.417,1.0,0.8077262368595163,0.9726962457337884,0.7856722781739323,0.027303754266211604
PR00003084,WO00003084,2026-05-08,A,P02,P02_L02,SKU002,480,31,0,449,55.9,359,345,14,47.973,1.0,0.8581981027208146,0.9610027855153204,0.8247307672386659,0.03899721448467967
PR00003085,WO00003085,2026-05-08,B,P02,P02_L02,SKU006,480,42,0,438,54.878,364,351,13,49.863,1.0,0.9086157239445705,0.9642857142857143,0.8761651623751215,0.03571428571428571
PR00003086,WO00003086,2026-05-08,C,P02,P02_L02,SKU006,480,0,0,480,54.878,399,384,15,49.875,1.0,0.9088341411859032,0.9624060150375939,0.8746674441488391,0.03759398496240601
PR00003087,WO00003087,2026-05-08,A,P02,P02_L03,SKU002,480,21,0,459,47.0,315,305,10,41.176,1.0,0.8760951188986232,0.9682539682539683,0.8482825754415241,0.031746031746031744
PR00003088,WO00003088,2026-05-08,B,P02,P02_L03,SKU001,480,35,0,445,47.0,318,311,7,42.876,1.0,0.9122639254123833,0.9779874213836478,0.8921826440353812,0.0220125786163522
PR00003089,WO00003089,2026-05-08,C,P02,P02_L03,SKU007,480,0,27,453,47.0,282,279,3,37.351,0.94375,0.794701986754967,0.9893617021276596,0.7420212765957447,0.010638297872340425
PR00003090,WO00003090,2026-05-08,A,P03,P03_L01,SKU001,480,0,0,480,49.793,365,357,8,45.625,1.0,0.9162934549032997,0.9780821917808219,0.8962103106862411,0.021917808219178082
PR00003091,WO00003091,2026-05-08,B,P03,P03_L01,SKU004,480,15,0,465,56.693,368,353,15,47.484,1.0,0.8375614444065747,0.9592391304347826,0.8034217116182631,0.04076086956521739
PR00003092,WO00003092,2026-05-08,C,P03,P03_L01,SKU004,480,22,0,458,56.693,352,338,14,46.114,1.0,0.8133903148167133,0.9602272727272727,0.7810395636592303,0.03977272727272727
PR00003093,WO00003093,2026-05-08,A,P03,P03_L02,SKU002,480,0,45,435,56.6,341,330,11,47.034,0.90625,0.8309979285975386,0.967741935483871,0.7287985865724381,0.03225806451612903
PR00003094,WO00003094,2026-05-08,B,P03,P03_L02,SKU006,480,0,27,453,54.878,393,382,11,52.053,0.94375,0.94852181443293,0.9720101781170484,0.8701118845438974,0.027989821882951654
PR00003095,WO00003095,2026-05-08,C,P03,P03_L02,SKU004,480,0,18,462,56.6,361,347,14,46.883,0.9625,0.8283236198430545,0.961218836565097,0.7663427561837456,0.038781163434903045
PR00003096,WO00003096,2026-05-08,A,P03,P03_L03,SKU003,480,0,0,480,58.1,446,438,8,55.75,1.0,0.959552495697074,0.9820627802690582,0.942340791738382,0.017937219730941704
PR00003097,WO00003097,2026-05-08,B,P03,P03_L03,SKU001,480,36,0,444,49.793,322,315,7,43.514,1.0,0.873888167282821,0.9782608695652174,0.8548905984288466,0.021739130434782608
PR00003098,WO00003098,2026-05-08,C,P03,P03_L03,SKU008,480,0,20,460,58.1,354,349,5,46.174,0.9583333333333334,0.7947317219187309,0.9858757062146892,0.7508605851979347,0.014124293785310734
PR00003099,WO00003099,2026-05-09,B,P01,P01_L01,SKU004,480,0,0,480,56.693,417,403,14,52.125,1.0,0.9194256786552132,0.9664268585131894,0.8885576702591149,0.03357314148681055
PR00003100,WO00003100,2026-05-09,C,P01,P01_L01,SKU001,480,0,0,480,49.793,330,318,12,41.25,1.0,0.8284296989536682,0.9636363636363636,0.7983049826280803,0.03636363636363636
PR00003101,WO00003101,2026-05-09,A,P01,P01_L02,SKU001,480,0,64,416,49.793,319,313,6,46.01,0.8666666666666667,0.9240177411406298,0.9811912225705329,0.7857530174924185,0.018808777429467086
PR00003102,WO00003102,2026-05-09,B,P01,P01_L02,SKU001,480,0,0,480,49.793,349,339,10,43.625,1.0,0.8761271664691824,0.9713467048710601,0.8510232361978591,0.02865329512893983
PR00003103,WO00003103,2026-05-09,C,P01,P01_L02,SKU001,480,0,0,480,49.793,344,334,10,43.0,1.0,0.8635752013335208,0.9709302325581395,0.8384712710621975,0.029069767441860465
PR00003104,WO00003104,2026-05-09,A,P01,P01_L03,SKU004,480,61,0,419,56.693,369,357,12,52.84,1.0,0.9320391488436631,0.967479674796748,0.901728932621105,0.032520325203252036
PR00003105,WO00003105,2026-05-09,B,P01,P01_L03,SKU002,480,0,0,480,72.0,479,459,20,59.875,1.0,0.8315972222222222,0.9582463465553236,0.796875,0.04175365344467641
PR00003106,WO00003106,2026-05-09,A,P02,P02_L01,SKU005,480,0,0,480,48.8,318,310,8,39.75,1.0,0.8145491803278689,0.9748427672955975,0.7940573770491804,0.025157232704402517
PR00003107,WO00003107,2026-05-09,A,P02,P02_L02,SKU006,480,50,18,412,54.878,337,327,10,49.078,0.958139534883721,0.8943050020575207,0.9703264094955489,0.8314425995252047,0.02967359050445104
PR00003108,WO00003108,2026-05-09,B,P02,P02_L02,SKU002,480,23,0,457,55.9,361,347,14,47.396,1.0,0.8478722946180074,0.961218836565097,0.8149908205885003,0.038781163434903045
PR00003109,WO00003109,2026-05-09,C,P02,P02_L02,SKU002,480,46,37,397,55.9,286,275,11,43.224,0.9147465437788018,0.7732411692343742,0.9615384615384616,0.6801150837159841,0.038461538461538464
PR00003110,WO00003110,2026-05-09,B,P02,P02_L03,SKU002,480,0,25,455,47.0,299,286,13,39.429,0.9479166666666666,0.838905775075988,0.9565217391304348,0.7606382978723406,0.043478260869565216
PR00003111,WO00003111,2026-05-09,C,P02,P02_L03,SKU007,480,0,17,463,47.0,290,284,6,37.581,0.9645833333333333,0.7995956068195396,0.9793103448275862,0.7553191489361702,0.020689655172413793
PR00003112,WO00003112,2026-05-09,A,P03,P03_L01,SKU001,480,16,0,464,49.793,339,332,7,43.836,1.0,0.8803688650322682,0.9793510324483776,0.8621901569047583,0.02064896755162242
PR00003113,WO00003113,2026-05-09,B,P03,P03_L01,SKU004,480,17,0,463,56.693,391,377,14,50.67,1.0,0.8937531341838516,0.9641943734015346,0.8617517431900564,0.03580562659846547
PR00003114,WO00003114,2026-05-09,A,P03,P03_L02,SKU001,480,27,0,453,49.793,349,341,8,46.225,1.0,0.9283466664574119,0.9770773638968482,0.9070665136446346,0.022922636103151862
PR00003115,WO00003115,2026-05-09,B,P03,P03_L02,SKU006,480,31,0,449,54.878,377,367,10,50.379,1.0,0.9180112094769276,0.9734748010610079,0.8936607795173274,0.026525198938992044
PR00003116,WO00003116,2026-05-09,A,P03,P03_L03,SKU001,480,28,0,452,49.793,352,344,8,46.726,1.0,0.9383982430625623,0.9772727272727273,0.9170710102656858,0.022727272727272728
PR00003117,WO00003117,2026-05-09,B,P03,P03_L03,SKU006,480,20,0,460,54.878,362,351,11,47.217,1.0,0.860406561907282,0.9696132596685083,0.834261611131094,0.03038674033149171
PR00003118,WO00003118,2026-05-10,C,P01,P01_L01,SKU004,480,37,15,428,56.693,326,313,13,45.701,0.9661399548532731,0.8061124756043824,0.9601226993865031,0.7477603323814586,0.03987730061349693
PR00003119,WO00003119,2026-05-10,B,P01,P01_L02,SKU001,480,27,0,453,49.793,327,319,8,43.311,1.0,0.8698262462222742,0.9755351681957186,0.8485460934094968,0.024464831804281346
PR00003120,WO00003120,2026-05-10,C,P01,P01_L02,SKU008,480,0,0,480,60.302,396,390,6,49.5,1.0,0.8208682962422473,0.9848484848484849,0.8084308978143345,0.015151515151515152
PR00003121,WO00003121,2026-05-10,A,P01,P01_L03,SKU002,480,31,0,449,72.0,470,453,17,62.806,1.0,0.8723088344469192,0.9638297872340426,0.8407572383073498,0.036170212765957444
PR00003122,WO00003122,2026-05-10,B,P01,P01_L03,SKU004,480,0,0,480,56.693,434,415,19,54.25,1.0,0.9569082602790469,0.956221198156682,0.9150159631700563,0.04377880184331797
PR00003123,WO00003123,2026-05-10,A,P02,P02_L01,SKU003,480,25,0,455,48.8,350,343,7,46.154,1.0,0.9457755359394705,0.98,0.9268600252206811,0.02
PR00003124,WO00003124,2026-05-10,B,P02,P02_L01,SKU003,480,27,0,453,48.8,316,311,5,41.854,1.0,0.8576701769623276,0.9841772151898734,0.8440994463141895,0.015822784810126583
PR00003125,WO00003125,2026-05-10,C,P02,P02_L01,SKU003,480,0,0,480,48.8,343,335,8,42.875,1.0,0.8785860655737705,0.9766763848396501,0.858094262295082,0.023323615160349854
PR00003126,WO00003126,2026-05-10,C,P02,P02_L02,SKU002,480,0,0,480,55.9,351,337,14,43.875,1.0,0.7848837209302326,0.9601139601139601,0.7535778175313059,0.039886039886039885
PR00003127,WO00003127,2026-05-10,A,P02,P02_L03,SKU003,480,20,0,460,47.0,320,314,6,41.739,1.0,0.8880666049953746,0.98125,0.8714153561517113,0.01875
PR00003128,WO00003128,2026-05-10,B,P02,P02_L03,SKU007,480,0,17,463,47.0,315,313,2,40.821,0.9645833333333333,0.8685262625798447,0.9936507936507937,0.8324468085106382,0.006349206349206349
PR00003129,WO00003129,2026-05-10,C,P02,P02_L03,SKU005,480,34,0,446,47.0,271,264,7,36.457,1.0,0.775689342619979,0.974169741697417,0.7556530865375441,0.025830258302583026
PR00003130,WO00003130,2026-05-10,A,P03,P03_L01,SKU001,480,25,0,455,49.793,336,330,6,44.308,1.0,0.8898377745404437,0.9821428571428571,0.8739478142807928,0.017857142857142856
PR00003131,WO00003131,2026-05-10,B,P03,P03_L01,SKU005,480,0,0,480,50.42,327,319,8,40.875,1.0,0.8106902023006743,0.9755351681957186,0.7908568028560095,0.024464831804281346
PR00003132,WO00003132,2026-05-10,C,P03,P03_L01,SKU007,480,0,0,480,57.7,398,392,6,49.75,1.0,0.8622183708838821,0.9849246231155779,0.8492201039861351,0.01507537688442211
PR00003133,WO00003133,2026-05-10,A,P03,P03_L02,SKU008,480,0,0,480,56.6,377,371,6,47.125,1.0,0.8325971731448764,0.9840848806366048,0.8193462897526502,0.015915119363395226
PR00003134,WO00003134,2026-05-10,C,P03,P03_L02,SKU008,480,41,0,439,56.6,330,324,6,45.103,1.0,0.7968640582113219,0.9818181818181818,0.7823756207892979,0.01818181818181818
PR00003135,WO00003135,2026-05-10,A,P03,P03_L03,SKU004,480,0,0,480,56.693,401,391,10,50.125,1.0,0.884147954773958,0.9750623441396509,0.8620993773481735,0.02493765586034913
PR00003136,WO00003136,2026-05-11,A,P01,P01_L01,SKU001,480,0,0,480,49.793,350,344,6,43.75,1.0,0.8786375594963147,0.9828571428571429,0.8635752013335207,0.017142857142857144
PR00003137,WO00003137,2026-05-11,B,P01,P01_L01,SKU005,480,0,51,429,50.42,322,313,9,45.035,0.89375,0.8931964505149748,0.9720496894409938,0.7759817532725108,0.027950310559006212
PR00003138,WO00003138,2026-05-11,C,P01,P01_L01,SKU007,480,0,64,416,69.9,447,438,9,64.471,0.8666666666666667,0.9223341036645757,0.9798657718120806,0.7832618025751074,0.020134228187919462
PR00003139,WO00003139,2026-05-11,A,P01,P01_L02,SKU001,480,23,0,457,49.793,352,342,10,46.214,1.0,0.9281313038605649,0.9715909090909091,0.9017639372736169,0.028409090909090908
PR00003140,WO00003140,2026-05-11,B,P01,P01_L02,SKU008,480,0,0,480,60.302,438,432,6,54.75,1.0,0.9079300852376372,0.9863013698630136,0.8954926868097243,0.0136986301369863
PR00003141,WO00003141,2026-05-11,C,P01,P01_L02,SKU003,480,0,13,467,61.962,426,416,10,54.732,0.9729166666666667,0.8833209716779511,0.9765258215962441,0.8392240405409767,0.023474178403755867
PR00003142,WO00003142,2026-05-11,A,P01,P01_L03,SKU008,480,0,0,480,60.302,414,409,5,51.75,1.0,0.8581804915259859,0.9879227053140096,0.8478159928360585,0.012077294685990338
PR00003143,WO00003143,2026-05-11,B,P01,P01_L03,SKU004,480,0,0,480,56.693,407,394,13,50.875,1.0,0.8973771012294287,0.9680589680589681,0.8687139505759088,0.03194103194103194
PR00003144,WO00003144,2026-05-11,C,P01,P01_L03,SKU007,480,0,32,448,74.2,482,474,8,64.554,0.9333333333333333,0.8699942241047363,0.983402489626556,0.7985175202156335,0.016597510373443983
PR00003145,WO00003145,2026-05-11,A,P02,P02_L01,SKU003,480,36,0,444,48.8,323,317,6,43.649,1.0,0.8944395214887018,0.9814241486068112,0.8778245458573327,0.018575851393188854
PR00003146,WO00003146,2026-05-11,B,P02,P02_L01,SKU003,480,12,0,468,48.8,334,327,7,42.821,1.0,0.8774695250105087,0.9790419161676647,0.859079445145019,0.020958083832335328
PR00003147,WO00003147,2026-05-11,C,P02,P02_L01,SKU003,480,0,7,473,48.8,320,311,9,40.592,0.9854166666666667,0.8318025855197033,0.971875,0.7966188524590164,0.028125
PR00003148,WO00003148,2026-05-11,A,P02,P02_L02,SKU006,480,0,0,480,54.878,404,394,10,50.5,1.0,0.920223040198258,0.9752475247524752,0.8974452421735486,0.024752475247524754
PR00003149,WO00003149,2026-05-11,B,P02,P02_L02,SKU006,480,39,0,441,54.878,371,361,10,50.476,1.0,0.9197891773787397,0.9730458221024259,0.8949970162634098,0.026954177897574125
PR00003150,WO00003150,2026-05-11,C,P02,P02_L02,SKU006,480,0,0,480,54.878,377,364,13,47.125,1.0,0.8587229855315427,0.9655172413793104,0.8291118480994205,0.034482758620689655
PR00003151,WO00003151,2026-05-11,A,P02,P02_L03,SKU003,480,22,0,458,47.0,323,320,3,42.314,1.0,0.9003066059648795,0.9907120743034056,0.8919446251045247,0.009287925696594427
PR00003152,WO00003152,2026-05-11,B,P02,P02_L03,SKU007,480,0,15,465,47.0,313,309,4,40.387,0.96875,0.8592999313658202,0.987220447284345,0.8218085106382977,0.012779552715654952
PR00003153,WO00003153,2026-05-11,C,P02,P02_L03,SKU007,480,22,0,458,47.0,300,296,4,39.301,1.0,0.8361980860354918,0.9866666666666667,0.8250487782216853,0.013333333333333334
PR00003154,WO00003154,2026-05-11,A,P03,P03_L01,SKU001,480,0,297,183,49.793,131,128,3,42.951,0.38125,0.8625875057162884,0.9770992366412213,0.32133030747293795,0.022900763358778626
PR00003155,WO00003155,2026-05-11,B,P03,P03_L01,SKU003,480,0,0,480,57.7,418,408,10,52.25,1.0,0.9055459272097053,0.9760765550239234,0.8838821490467936,0.023923444976076555
PR00003156,WO00003156,2026-05-11,C,P03,P03_L01,SKU001,480,60,0,420,49.793,298,289,9,42.571,1.0,0.85496813952621,0.9697986577181208,0.8291469541042774,0.030201342281879196
PR00003157,WO00003157,2026-05-11,A,P03,P03_L02,SKU006,480,24,27,429,54.878,358,347,11,50.07,0.9407894736842105,0.9123862033953509,0.9692737430167597,0.8319890436393838,0.030726256983240222
PR00003158,WO00003158,2026-05-11,B,P03,P03_L02,SKU002,480,56,0,424,56.6,330,317,13,46.698,1.0,0.8250550036669111,0.9606060606060606,0.7925528368557904,0.03939393939393939
PR00003159,WO00003159,2026-05-11,C,P03,P03_L02,SKU004,480,23,0,457,56.6,348,334,14,45.689,1.0,0.8072310582922888,0.9597701149425287,0.7747562456023691,0.040229885057471264
PR00003160,WO00003160,2026-05-11,A,P03,P03_L03,SKU003,480,0,0,480,58.1,443,433,10,55.375,1.0,0.9530981067125646,0.9774266365688488,0.9315834767641997,0.022573363431151242
PR00003161,WO00003161,2026-05-11,B,P03,P03_L03,SKU003,480,43,0,437,58.1,395,388,7,54.233,1.0,0.9334493908947329,0.9822784810126582,0.9169072497902693,0.017721518987341773
PR00003162,WO00003162,2026-05-11,C,P03,P03_L03,SKU001,480,0,0,480,49.793,340,331,9,42.5,1.0,0.8535336292249914,0.9735294117647059,0.8309400919808004,0.026470588235294117
PR00003163,WO00003163,2026-05-12,A,P01,P01_L01,SKU001,480,0,12,468,49.793,358,349,9,45.897,0.975,0.9217648243214086,0.9748603351955307,0.8761271664691823,0.025139664804469275
PR00003164,WO00003164,2026-05-12,B,P01,P01_L01,SKU005,480,27,0,453,50.42,331,323,8,43.841,1.0,0.8695172471766959,0.9758308157099698,0.8485017245863226,0.02416918429003021
PR00003165,WO00003165,2026-05-12,C,P01,P01_L01,SKU005,480,0,36,444,50.42,295,287,8,39.865,0.925,0.7906557886724487,0.9728813559322034,0.7115232050773502,0.02711864406779661
PR00003166,WO00003166,2026-05-12,A,P01,P01_L02,SKU001,480,0,0,480,49.793,388,380,8,48.5,1.0,0.9740324945273432,0.979381443298969,0.9539493503102845,0.020618556701030927
PR00003167,WO00003167,2026-05-12,B,P01,P01_L02,SKU002,480,32,0,448,65.2,392,375,17,52.5,1.0,0.8052147239263803,0.9566326530612245,0.7702946976336545,0.04336734693877551
PR00003168,WO00003168,2026-05-12,C,P01,P01_L02,SKU008,480,0,0,480,60.302,392,382,10,49.0,1.0,0.8125766972903055,0.9744897959183674,0.7918476999104508,0.025510204081632654
PR00003169,WO00003169,2026-05-12,A,P01,P01_L03,SKU002,480,20,0,460,72.0,475,459,16,61.957,1.0,0.8605072463768116,0.9663157894736842,0.8315217391304348,0.03368421052631579
PR00003170,WO00003170,2026-05-12,B,P01,P01_L03,SKU004,480,0,0,480,56.693,378,365,13,47.25,1.0,0.8334362266946537,0.9656084656084656,0.8047730760411338,0.03439153439153439
PR00003171,WO00003171,2026-05-12,C,P01,P01_L03,SKU007,480,27,0,453,74.2,493,487,6,65.298,1.0,0.8800271326823869,0.9878296146044625,0.8693168633191124,0.012170385395537525
PR00003172,WO00003172,2026-05-12,A,P02,P02_L01,SKU005,480,0,11,469,48.8,330,322,8,42.217,0.9770833333333333,0.8651123772239505,0.9757575757575757,0.8247950819672131,0.024242424242424242
PR00003173,WO00003173,2026-05-12,B,P02,P02_L01,SKU004,480,31,0,449,48.8,321,311,10,42.895,1.0,0.8790025192595567,0.9688473520249221,0.8516192632078572,0.03115264797507788
PR00003174,WO00003174,2026-05-12,C,P02,P02_L01,SKU001,480,0,0,480,48.8,331,323,8,41.375,1.0,0.8478483606557378,0.9758308157099698,0.8273565573770493,0.02416918429003021
PR00003175,WO00003175,2026-05-12,A,P02,P02_L02,SKU002,480,44,0,436,55.9,335,326,9,46.101,1.0,0.8247033529730351,0.9731343283582089,0.8025471434901774,0.026865671641791045
PR00003176,WO00003176,2026-05-12,B,P02,P02_L02,SKU003,480,0,0,480,55.9,420,413,7,52.5,1.0,0.9391771019677997,0.9833333333333333,0.9235241502683363,0.016666666666666666
PR00003177,WO00003177,2026-05-12,C,P02,P02_L02,SKU002,480,29,56,395,55.9,265,255,10,40.253,0.8758314855875832,0.7200923892122009,0.9622641509433962,0.6068803573057686,0.03773584905660377
PR00003178,WO00003178,2026-05-12,A,P02,P02_L03,SKU001,480,28,0,452,47.0,305,298,7,40.487,1.0,0.8614196949726982,0.9770491803278688,0.8416494068913576,0.022950819672131147
PR00003179,WO00003179,2026-05-12,B,P02,P02_L03,SKU007,480,33,44,403,47.0,270,264,6,40.199,0.901565995525727,0.8552874716224064,0.9777777777777777,0.753962587462516,0.022222222222222223
PR00003180,WO00003180,2026-05-12,C,P02,P02_L03,SKU004,480,0,0,480,47.0,328,315,13,41.0,1.0,0.8723404255319149,0.9603658536585366,0.8377659574468085,0.039634146341463415
PR00003181,WO00003181,2026-05-12,A,P03,P03_L01,SKU004,480,26,155,299,56.693,254,246,8,50.97,0.6585903083700441,0.8990510233283094,0.968503937007874,0.5734572736644565,0.031496062992125984
PR00003182,WO00003182,2026-05-12,B,P03,P03_L01,SKU001,480,32,21,427,49.793,321,314,7,45.105,0.953125,0.9058579803759933,0.9781931464174455,0.8445679398423761,0.021806853582554516
PR00003183,WO00003183,2026-05-12,C,P03,P03_L01,SKU003,480,0,18,462,57.7,400,391,9,51.948,0.9625,0.9003128587184046,0.9775,0.8470537261698441,0.0225
PR00003184,WO00003184,2026-05-12,A,P03,P03_L02,SKU008,480,43,0,437,56.6,344,338,6,47.231,1.0,0.8344721074463698,0.9825581395348837,0.8199173613862587,0.01744186046511628
PR00003185,WO00003185,2026-05-12,B,P03,P03_L02,SKU001,480,32,4,444,49.793,325,319,6,43.919,0.9910714285714286,0.882029982505953,0.9815384615384616,0.8580164739162993,0.018461538461538463
PR00003186,WO00003186,2026-05-12,C,P03,P03_L02,SKU001,480,20,0,460,49.793,306,299,7,39.913,1.0,0.8015794083156442,0.9771241830065359,0.7832426244652864,0.02287581699346405
PR00003187,WO00003187,2026-05-12,A,P03,P03_L03,SKU003,480,0,0,480,58.1,437,429,8,54.625,1.0,0.9401893287435455,0.9816933638443935,0.9229776247848536,0.018306636155606407
PR00003188,WO00003188,2026-05-12,B,P03,P03_L03,SKU003,480,0,0,480,58.1,434,426,8,54.25,1.0,0.9337349397590361,0.9815668202764977,0.9165232358003441,0.018433179723502304
PR00003189,WO00003189,2026-05-12,C,P03,P03_L03,SKU006,480,0,0,480,54.878,374,362,12,46.75,1.0,0.8518896461241299,0.9679144385026738,0.8245562884944786,0.03208556149732621
PR00003190,WO00003190,2026-05-13,A,P01,P01_L01,SKU005,480,0,28,452,50.42,318,310,8,42.212,0.9416666666666667,0.8372151800977979,0.9748427672955975,0.7685442284807616,0.025157232704402517
PR00003191,WO00003191,2026-05-13,B,P01,P01_L01,SKU006,480,22,0,458,54.878,373,358,15,48.865,1.0,0.8904229166689874,0.9597855227882037,0.8546150245777413,0.040214477211796246
PR00003192,WO00003192,2026-05-13,C,P01,P01_L01,SKU007,480,20,0,460,69.9,482,475,7,62.87,1.0,0.8994215338682588,0.9854771784232366,0.8863593954095912,0.014522821576763486
PR00003193,WO00003193,2026-05-13,A,P01,P01_L02,SKU004,480,0,0,480,56.693,406,392,14,50.75,1.0,0.8951722434868503,0.9655172413793104,0.864304235090752,0.034482758620689655
PR00003194,WO00003194,2026-05-13,B,P01,P01_L02,SKU001,480,0,0,480,49.793,348,337,11,43.5,1.0,0.8736167734420501,0.9683908045977011,0.8460024501435944,0.031609195402298854
PR00003195,WO00003195,2026-05-13,C,P01,P01_L02,SKU001,480,59,0,421,49.793,295,286,9,42.043,1.0,0.84435071886446,0.9694915254237289,0.8185908664245274,0.030508474576271188
PR00003196,WO00003196,2026-05-13,A,P01,P01_L03,SKU008,480,30,0,450,60.302,409,402,7,54.533,1.0,0.9043370590251291,0.9828850855745721,0.8888594076481708,0.017114914425427872
PR00003197,WO00003197,2026-05-13,B,P01,P01_L03,SKU003,480,34,0,446,61.962,450,443,7,60.538,1.0,0.9770200540965147,0.9844444444444445,0.9618219643661245,0.015555555555555555
PR00003198,WO00003198,2026-05-13,C,P01,P01_L03,SKU008,480,0,0,480,60.302,370,364,6,46.25,1.0,0.7669729030546251,0.9837837837837838,0.7545355046267123,0.016216216216216217
PR00003199,WO00003199,2026-05-13,A,P02,P02_L01,SKU003,480,75,0,405,48.8,299,293,6,44.296,1.0,0.9077109896782029,0.979933110367893,0.8894960534304798,0.020066889632107024
PR00003200,WO00003200,2026-05-13,B,P02,P02_L01,SKU003,480,34,25,421,48.8,312,305,7,44.466,0.9439461883408071,0.9111794712043925,0.9775641025641025,0.8408071748878925,0.022435897435897436
PR00003201,WO00003201,2026-05-13,C,P02,P02_L01,SKU003,480,0,51,429,48.8,309,301,8,43.217,0.89375,0.8855898200160495,0.9741100323624595,0.7710040983606558,0.025889967637540454
PR00003202,WO00003202,2026-05-13,A,P02,P02_L02,SKU004,480,43,0,437,55.9,369,356,13,50.664,1.0,0.9063258597610149,0.964769647696477,0.874395680419841,0.03523035230352303
PR00003203,WO00003203,2026-05-13,B,P02,P02_L02,SKU004,480,0,0,480,55.9,386,371,15,48.25,1.0,0.8631484794275492,0.961139896373057,0.8296064400715564,0.038860103626943004
PR00003204,WO00003204,2026-05-13,C,P02,P02_L02,SKU006,480,0,0,480,54.878,376,364,12,47.0,1.0,0.8564452057290718,0.9680851063829787,0.8291118480994206,0.031914893617021274
PR00003205,WO00003205,2026-05-13,A,P02,P02_L03,SKU007,480,0,0,480,47.0,331,327,4,41.375,1.0,0.8803191489361702,0.9879154078549849,0.8696808510638299,0.012084592145015106
PR00003206,WO00003206,2026-05-13,B,P02,P02_L03,SKU001,480,0,4,476,47.0,308,300,8,38.824,0.9916666666666667,0.8260325406758448,0.974025974025974,0.7978723404255319,0.025974025974025976
PR00003207,WO00003207,2026-05-13,C,P02,P02_L03,SKU003,480,0,0,480,47.0,309,300,9,38.625,1.0,0.8218085106382979,0.970873786407767,0.7978723404255319,0.02912621359223301
PR00003208,WO00003208,2026-05-13,A,P03,P03_L01,SKU001,480,34,0,446,49.793,320,313,7,43.049,1.0,0.8645658497029721,0.978125,0.8456534717407196,0.021875
PR00003209,WO00003209,2026-05-13,B,P03,P03_L01,SKU001,480,0,0,480,49.793,333,328,5,41.625,1.0,0.8359608780350651,0.984984984984985,0.8234089128994035,0.015015015015015015
PR00003210,WO00003210,2026-05-13,C,P03,P03_L01,SKU001,480,0,0,480,49.793,331,321,10,41.375,1.0,0.8309400919808005,0.9697885196374623,0.8058361617094772,0.030211480362537766
PR00003211,WO00003211,2026-05-13,A,P03,P03_L02,SKU002,480,26,0,454,56.6,378,367,11,49.956,1.0,0.8826139070064289,0.9708994708994709,0.8569293753210567,0.0291005291005291
PR00003212,WO00003212,2026-05-13,B,P03,P03_L02,SKU006,480,0,0,480,54.878,374,362,12,46.75,1.0,0.8518896461241299,0.9679144385026738,0.8245562884944786,0.03208556149732621
PR00003213,WO00003213,2026-05-13,C,P03,P03_L02,SKU001,480,26,0,454,49.793,313,305,8,41.366,1.0,0.8307520889787686,0.9744408945686901,0.8095188087492793,0.025559105431309903
PR00003214,WO00003214,2026-05-13,A,P03,P03_L03,SKU004,480,36,0,444,56.693,375,360,15,50.676,1.0,0.893861246991263,0.96,0.8581067971116124,0.04
PR00003215,WO00003215,2026-05-13,B,P03,P03_L03,SKU004,480,32,0,448,56.693,400,384,16,53.571,1.0,0.944939032533621,0.96,0.9071414712322761,0.04
PR00003216,WO00003216,2026-05-13,C,P03,P03_L03,SKU003,480,41,60,379,58.1,334,328,6,52.876,0.8633257403189066,0.9100858768659258,0.9820359281437125,0.7715861820206305,0.017964071856287425
PR00003217,WO00003217,2026-05-14,A,P01,P01_L01,SKU007,480,0,0,480,69.9,498,491,7,62.25,1.0,0.890557939914163,0.9859437751004017,0.8780400572246065,0.014056224899598393
PR00003218,WO00003218,2026-05-14,B,P01,P01_L01,SKU005,480,25,0,455,50.42,320,312,8,42.198,1.0,0.8369258666759658,0.975,0.8160027200090666,0.025
PR00003219,WO00003219,2026-05-14,C,P01,P01_L01,SKU002,480,0,0,480,69.9,471,453,18,58.875,1.0,0.842274678111588,0.9617834394904459,0.8100858369098712,0.03821656050955414
PR00003220,WO00003220,2026-05-14,A,P01,P01_L02,SKU006,480,0,0,480,54.878,426,415,11,53.25,1.0,0.9703341958526185,0.9741784037558685,0.9452786180254381,0.025821596244131457
PR00003221,WO00003221,2026-05-14,B,P01,P01_L02,SKU001,480,0,0,480,49.793,350,341,9,43.75,1.0,0.8786375594963147,0.9742857142857143,0.8560440222521238,0.025714285714285714
PR00003222,WO00003222,2026-05-14,C,P01,P01_L02,SKU002,480,0,0,480,65.2,449,427,22,56.125,1.0,0.8608128834355828,0.9510022271714922,0.8186349693251533,0.04899777282850779
PR00003223,WO00003223,2026-05-14,A,P01,P01_L03,SKU003,480,45,0,435,61.962,432,423,9,59.586,1.0,0.9616572560045143,0.9791666666666666,0.9416227298377536,0.020833333333333332
PR00003224,WO00003224,2026-05-14,B,P01,P01_L03,SKU004,480,0,0,480,56.693,412,397,15,51.5,1.0,0.908401389942321,0.9635922330097088,0.8753285238036442,0.03640776699029126
PR00003225,WO00003225,2026-05-14,C,P01,P01_L03,SKU003,480,0,0,480,61.962,434,425,9,54.25,1.0,0.8755366192182304,0.9792626728110599,0.8573803298796036,0.020737327188940093
PR00003226,WO00003226,2026-05-14,A,P02,P02_L01,SKU001,480,0,26,454,48.8,330,319,11,43.612,0.9458333333333333,0.8936953852820106,0.9666666666666667,0.8171106557377049,0.03333333333333333
PR00003227,WO00003227,2026-05-14,B,P02,P02_L01,SKU004,480,0,0,480,48.8,347,333,14,43.375,1.0,0.8888319672131149,0.9596541786743515,0.8529713114754099,0.040345821325648415
PR00003228,WO00003228,2026-05-14,C,P02,P02_L01,SKU003,480,0,0,480,48.8,331,324,7,41.375,1.0,0.8478483606557378,0.9788519637462235,0.8299180327868853,0.021148036253776436
PR00003229,WO00003229,2026-05-14,A,P02,P02_L02,SKU005,480,46,0,434,50.42,291,285,6,40.23,1.0,0.7979058854927366,0.979381443298969,0.7814542177506183,0.020618556701030927
PR00003230,WO00003230,2026-05-14,B,P02,P02_L02,SKU002,480,0,0,480,55.9,372,361,11,46.5,1.0,0.8318425760286225,0.9704301075268817,0.8072450805008945,0.02956989247311828
PR00003231,WO00003231,2026-05-14,C,P02,P02_L02,SKU002,480,26,0,454,55.9,330,315,15,43.612,1.0,0.7801848801746354,0.9545454545454546,0.7447219310757883,0.045454545454545456
PR00003232,WO00003232,2026-05-14,A,P02,P02_L03,SKU008,480,42,0,438,47.0,294,290,4,40.274,1.0,0.8568930341008453,0.9863945578231292,0.8452346254736228,0.013605442176870748
PR00003233,WO00003233,2026-05-14,B,P02,P02_L03,SKU001,480,30,14,436,47.0,287,280,7,39.495,0.9688888888888889,0.8403279328518447,0.975609756097561,0.7943262411347518,0.024390243902439025
PR00003234,WO00003234,2026-05-14,C,P02,P02_L03,SKU005,480,0,0,480,47.0,280,271,9,35.0,1.0,0.7446808510638298,0.9678571428571429,0.7207446808510638,0.03214285714285714
PR00003235,WO00003235,2026-05-14,A,P03,P03_L01,SKU003,480,0,0,480,57.7,426,419,7,53.25,1.0,0.9228769497400346,0.9835680751173709,0.9077123050259965,0.01643192488262911
PR00003236,WO00003236,2026-05-14,B,P03,P03_L01,SKU001,480,69,0,411,49.793,303,294,9,44.234,1.0,0.888349298944345,0.9702970297029703,0.861962686104414,0.0297029702970297
PR00003237,WO00003237,2026-05-14,C,P03,P03_L01,SKU003,480,0,0,480,57.7,403,395,8,50.375,1.0,0.8730502599653379,0.9801488833746899,0.8557192374350087,0.019851116625310174
PR00003238,WO00003238,2026-05-14,A,P03,P03_L02,SKU002,480,62,0,418,56.6,354,342,12,50.813,1.0,0.8977632001623075,0.9661016949152542,0.8673305493093479,0.03389830508474576
PR00003239,WO00003239,2026-05-14,B,P03,P03_L02,SKU004,480,0,0,480,56.6,388,375,13,48.5,1.0,0.8568904593639576,0.9664948453608248,0.8281802120141343,0.03350515463917526
PR00003240,WO00003240,2026-05-14,C,P03,P03_L02,SKU002,480,23,0,457,56.6,351,339,12,46.083,1.0,0.8141899467258431,0.9658119658119658,0.7863543929916262,0.03418803418803419
PR00003241,WO00003241,2026-05-14,A,P03,P03_L03,SKU001,480,62,0,418,49.793,306,300,6,43.923,1.0,0.8821208799645844,0.9803921568627451,0.8648243921221416,0.0196078431372549
PR00003242,WO00003242,2026-05-14,B,P03,P03_L03,SKU003,480,0,9,471,58.1,430,420,10,54.777,0.98125,0.9428067136608308,0.9767441860465116,0.9036144578313252,0.023255813953488372
PR00003243,WO00003243,2026-05-14,C,P03,P03_L03,SKU001,480,54,0,426,49.793,284,275,9,40.0,1.0,0.8033257686823451,0.9683098591549296,0.7778682619283271,0.03169014084507042
PR00003244,WO00003244,2026-05-15,A,P01,P01_L01,SKU007,480,0,0,480,69.9,551,544,7,68.875,1.0,0.9853361945636623,0.9872958257713249,0.9728183118741058,0.012704174228675136
PR00003245,WO00003245,2026-05-15,B,P01,P01_L01,SKU007,480,0,0,480,69.9,468,461,7,58.5,1.0,0.8369098712446351,0.9850427350427351,0.8243919885550787,0.014957264957264958
PR00003246,WO00003246,2026-05-15,C,P01,P01_L01,SKU007,480,0,0,480,69.9,502,496,6,62.75,1.0,0.8977110157367667,0.9880478087649402,0.8869814020028611,0.01195219123505976
PR00003247,WO00003247,2026-05-15,A,P01,P01_L02,SKU003,480,22,0,458,61.962,456,445,11,59.738,1.0,0.9641068923917164,0.9758771929824561,0.9408499278822671,0.02412280701754386
PR00003248,WO00003248,2026-05-15,B,P01,P01_L02,SKU004,480,22,23,435,56.693,378,363,15,52.138,0.9497816593886463,0.9196537673872041,0.9603174603174603,0.8388087621547358,0.03968253968253968
PR00003249,WO00003249,2026-05-15,C,P01,P01_L02,SKU004,480,0,0,480,56.693,405,385,20,50.625,1.0,0.8929673857442718,0.9506172839506173,0.8488702308927029,0.04938271604938271
PR00003250,WO00003250,2026-05-15,A,P01,P01_L03,SKU004,480,21,48,411,56.693,354,343,11,51.679,0.8954248366013072,0.9115557849609004,0.9689265536723164,0.7908666203444791,0.031073446327683617
PR00003251,WO00003251,2026-05-15,B,P01,P01_L03,SKU008,480,0,0,480,60.302,419,413,6,52.375,1.0,0.8685449902159132,0.9856801909307876,0.8561075917880004,0.014319809069212411
PR00003252,WO00003252,2026-05-15,C,P01,P01_L03,SKU003,480,18,0,462,61.962,432,420,12,56.104,1.0,0.9054565072769778,0.9722222222222222,0.8803049376303951,0.027777777777777776
PR00003253,WO00003253,2026-05-15,A,P02,P02_L01,SKU003,480,0,0,480,48.8,376,367,9,47.0,1.0,0.9631147540983607,0.976063829787234,0.9400614754098361,0.023936170212765957
PR00003254,WO00003254,2026-05-15,B,P02,P02_L01,SKU003,480,0,0,480,48.8,343,338,5,42.875,1.0,0.8785860655737705,0.9854227405247813,0.8657786885245902,0.014577259475218658
PR00003255,WO00003255,2026-05-15,C,P02,P02_L01,SKU005,480,25,0,455,48.8,294,285,9,38.769,1.0,0.7944514501891552,0.9693877551020408,0.7701315078364259,0.030612244897959183
PR00003256,WO00003256,2026-05-15,A,P02,P02_L02,SKU002,480,0,0,480,55.9,394,380,14,49.25,1.0,0.8810375670840788,0.9644670050761421,0.8497316636851521,0.03553299492385787
PR00003257,WO00003257,2026-05-15,B,P02,P02_L02,SKU006,480,48,71,361,54.878,281,271,10,46.704,0.8356481481481481,0.8510441544522985,0.9644128113879004,0.6858648071884705,0.03558718861209965
PR00003258,WO00003258,2026-05-15,C,P02,P02_L02,SKU001,480,0,0,480,49.793,334,325,9,41.75,1.0,0.8384712710621975,0.9730538922155688,0.8158777338180065,0.02694610778443114
PR00003259,WO00003259,2026-05-15,A,P02,P02_L03,SKU007,480,32,0,448,47.0,318,312,6,42.589,1.0,0.9061550151975684,0.9811320754716981,0.8890577507598784,0.018867924528301886
PR00003260,WO00003260,2026-05-15,B,P02,P02_L03,SKU004,480,0,0,480,47.0,317,305,12,39.625,1.0,0.8430851063829787,0.9621451104100947,0.8111702127659575,0.03785488958990536
PR00003261,WO00003261,2026-05-15,C,P02,P02_L03,SKU003,480,0,0,480,47.0,329,321,8,41.125,1.0,0.875,0.9756838905775076,0.8537234042553191,0.0243161094224924
PR00003262,WO00003262,2026-05-15,A,P03,P03_L01,SKU001,480,0,13,467,49.793,344,337,7,44.197,0.9729166666666667,0.8876147679659314,0.9796511627906976,0.8460024501435944,0.020348837209302327
PR00003263,WO00003263,2026-05-15,B,P03,P03_L01,SKU003,480,0,0,480,57.7,405,397,8,50.625,1.0,0.8773830155979202,0.980246913580247,0.860051993067591,0.019753086419753086
PR00003264,WO00003264,2026-05-15,C,P03,P03_L01,SKU006,480,0,0,480,54.878,395,382,13,49.375,1.0,0.8997230219760195,0.9670886075949368,0.8701118845438974,0.03291139240506329
PR00003265,WO00003265,2026-05-15,A,P03,P03_L02,SKU006,480,26,10,444,54.878,384,374,10,51.892,0.9779735682819384,0.9455864261068532,0.9739583333333334,0.9006762778404898,0.026041666666666668
PR00003266,WO00003266,2026-05-15,B,P03,P03_L02,SKU006,480,38,0,442,54.878,370,360,10,50.226,1.0,0.9152345993638873,0.972972972972973,0.8904985291108093,0.02702702702702703
PR00003267,WO00003267,2026-05-15,C,P03,P03_L02,SKU002,480,0,0,480,56.6,383,370,13,47.875,1.0,0.8458480565371025,0.9660574412532638,0.8171378091872792,0.033942558746736295
PR00003268,WO00003268,2026-05-15,A,P03,P03_L03,SKU006,480,40,0,440,54.878,361,351,10,49.227,1.0,0.8970311003912811,0.9722991689750693,0.8721825934552345,0.027700831024930747
PR00003269,WO00003269,2026-05-15,B,P03,P03_L03,SKU003,480,28,0,452,58.1,382,373,9,50.708,1.0,0.8727704750734925,0.9764397905759162,0.8522078199016039,0.02356020942408377
PR00003270,WO00003270,2026-05-15,C,P03,P03_L03,SKU001,480,0,5,475,49.793,326,317,9,41.179,0.9895833333333334,0.8270027387066666,0.9723926380368099,0.795794589600948,0.027607361963190184
PR00003271,WO00003271,2026-05-16,B,P01,P01_L01,SKU001,480,0,0,480,49.793,347,338,9,43.375,1.0,0.8711063804149177,0.9740634005763689,0.8485128431707267,0.025936599423631124
PR00003272,WO00003272,2026-05-16,C,P01,P01_L01,SKU002,480,50,12,418,69.9,422,405,17,60.574,0.9720930232558139,0.866583157073331,0.9597156398104265,0.8084639185547459,0.04028436018957346
PR00003273,WO00003273,2026-05-16,A,P01,P01_L02,SKU004,480,0,0,480,56.693,410,393,17,51.25,1.0,0.9039916744571641,0.9585365853658536,0.8665090928333304,0.041463414634146344
PR00003274,WO00003274,2026-05-16,B,P01,P01_L02,SKU001,480,41,0,439,49.793,330,320,10,45.103,1.0,0.9058001264185894,0.9696969696969697,0.8783516377392383,0.030303030303030304
PR00003275,WO00003275,2026-05-16,C,P01,P01_L02,SKU004,480,23,0,457,56.693,367,354,13,48.184,1.0,0.8499075272048568,0.9645776566757494,0.8198018109823415,0.035422343324250684
PR00003276,WO00003276,2026-05-16,C,P01,P01_L03,SKU003,480,0,0,480,61.962,440,429,11,55.0,1.0,0.8876408121106484,0.975,0.8654497918078822,0.025
PR00003277,WO00003277,2026-05-16,A,P02,P02_L01,SKU003,480,24,0,456,48.8,358,352,6,47.105,1.0,0.9652717860224332,0.9832402234636871,0.9490940465918897,0.01675977653631285
PR00003278,WO00003278,2026-05-16,C,P02,P02_L01,SKU003,480,16,75,389,48.8,267,262,5,41.183,0.8383620689655172,0.8439040836107716,0.9812734082397003,0.6942481628038439,0.018726591760299626
PR00003279,WO00003279,2026-05-16,B,P02,P02_L02,SKU002,480,31,39,410,55.9,304,294,10,44.488,0.9131403118040089,0.7958462411099961,0.9671052631578947,0.702814045125124,0.03289473684210526
PR00003280,WO00003280,2026-05-16,C,P02,P02_L02,SKU004,480,31,33,416,55.9,318,308,10,45.865,0.9265033407572383,0.8204898857850558,0.9685534591194969,0.7362813806072728,0.031446540880503145
PR00003281,WO00003281,2026-05-16,B,P02,P02_L03,SKU007,480,0,0,480,47.0,324,320,4,40.5,1.0,0.8617021276595744,0.9876543209876543,0.8510638297872339,0.012345679012345678
PR00003282,WO00003282,2026-05-16,C,P02,P02_L03,SKU005,480,0,0,480,47.0,289,282,7,36.125,1.0,0.7686170212765957,0.9757785467128027,0.7499999999999999,0.02422145328719723
PR00003283,WO00003283,2026-05-16,A,P03,P03_L01,SKU008,480,0,41,439,57.7,349,345,4,47.699,0.9145833333333333,0.8266779311733379,0.9885386819484241,0.7474003466204506,0.011461318051575931
PR00003284,WO00003284,2026-05-16,B,P03,P03_L01,SKU004,480,31,0,449,56.693,367,354,13,49.042,1.0,0.865050645729665,0.9645776566757494,0.834408524763764,0.035422343324250684
PR00003285,WO00003285,2026-05-16,C,P03,P03_L01,SKU001,480,35,12,433,49.793,282,274,8,39.076,0.9730337078651685,0.7847732105141614,0.9716312056737588,0.7419480695021207,0.028368794326241134
PR00003286,WO00003286,2026-05-16,A,P03,P03_L02,SKU002,480,21,0,459,56.6,393,378,15,51.373,1.0,0.9076422088269936,0.9618320610687023,0.8729993764290168,0.03816793893129771
PR00003287,WO00003287,2026-05-16,B,P03,P03_L02,SKU006,480,15,0,465,54.878,394,382,12,50.839,1.0,0.926395088695276,0.9695431472081218,0.898180009851765,0.030456852791878174
PR00003288,WO00003288,2026-05-16,C,P03,P03_L02,SKU006,480,32,0,448,54.878,356,346,10,47.679,1.0,0.8688102960853425,0.9719101123595506,0.8444055124874397,0.028089887640449437
PR00003289,WO00003289,2026-05-16,A,P03,P03_L03,SKU003,480,0,0,480,58.1,415,406,9,51.875,1.0,0.8928571428571428,0.9783132530120482,0.8734939759036144,0.021686746987951807
PR00003290,WO00003290,2026-05-16,B,P03,P03_L03,SKU001,480,28,0,452,49.793,308,300,8,40.885,1.0,0.821098462679742,0.974025974025974,0.7997712298828655,0.025974025974025976
PR00003291,WO00003291,2026-05-16,C,P03,P03_L03,SKU004,480,47,39,394,56.693,325,313,12,49.492,0.9099307159353349,0.8729893600056803,0.963076923076923,0.7650296241223699,0.036923076923076927
PR00003292,WO00003292,2026-05-17,A,P01,P01_L01,SKU007,480,25,0,455,69.9,470,468,2,61.978,1.0,0.8866669810875819,0.9957446808510638,0.8828939301042305,0.00425531914893617
PR00003293,WO00003293,2026-05-17,B,P01,P01_L01,SKU005,480,0,35,445,50.42,319,312,7,43.011,0.9270833333333334,0.8530590233053584,0.9780564263322884,0.7735025783419277,0.0219435736677116
PR00003294,WO00003294,2026-05-17,B,P01,P01_L02,SKU001,480,0,72,408,49.793,307,298,9,45.147,0.85,0.9066948933289701,0.9706840390879479,0.7480971220854336,0.029315960912052116
PR00003295,WO00003295,2026-05-17,A,P01,P01_L03,SKU003,480,0,0,480,61.962,461,450,11,57.625,1.0,0.9300054872341111,0.9761388286334056,0.9078144669313449,0.02386117136659436
PR00003296,WO00003296,2026-05-17,B,P01,P01_L03,SKU008,480,20,0,460,60.302,391,386,5,51.0,1.0,0.845743093098073,0.9872122762148338,0.8349279640303228,0.01278772378516624
PR00003297,WO00003297,2026-05-17,C,P01,P01_L03,SKU003,480,27,0,453,61.962,438,426,12,58.013,1.0,0.9362713442612017,0.9726027397260274,0.9106200745554154,0.0273972602739726
PR00003298,WO00003298,2026-05-17,B,P02,P02_L01,SKU003,480,21,4,455,48.8,313,307,6,41.275,0.9912854030501089,0.8457935507115837,0.9808306709265175,0.8223507982427946,0.019169329073482427
PR00003299,WO00003299,2026-05-17,C,P02,P02_L01,SKU006,480,19,0,461,48.8,347,338,9,45.163,1.0,0.9254649550158245,0.9740634005763689,0.9014615411969702,0.025936599423631124
PR00003300,WO00003300,2026-05-17,A,P02,P02_L02,SKU004,480,17,0,463,55.9,392,379,13,50.799,1.0,0.908750198016359,0.9668367346938775,0.8786130741025512,0.03316326530612245
PR00003301,WO00003301,2026-05-17,B,P02,P02_L02,SKU004,480,0,16,464,55.9,349,335,14,45.129,0.9666666666666667,0.807322188637345,0.9598853868194842,0.7491055456171735,0.04011461318051576
PR00003302,WO00003302,2026-05-17,C,P02,P02_L02,SKU004,480,38,0,442,55.9,341,330,11,46.29,1.0,0.828078582471932,0.967741935483871,0.8013663701341278,0.03225806451612903
PR00003303,WO00003303,2026-05-17,B,P02,P02_L03,SKU003,480,24,0,456,47.0,311,306,5,40.921,1.0,0.8706606942889138,0.9839228295819936,0.8566629339305711,0.01607717041800643
PR00003304,WO00003304,2026-05-17,C,P02,P02_L03,SKU007,480,0,0,480,47.0,304,300,4,38.0,1.0,0.8085106382978723,0.9868421052631579,0.7978723404255318,0.013157894736842105
PR00003305,WO00003305,2026-05-17,A,P03,P03_L01,SKU004,480,20,23,437,56.693,378,366,12,51.899,0.95,0.9154448256600315,0.9682539682539683,0.8420639309047432,0.031746031746031744
PR00003306,WO00003306,2026-05-17,A,P03,P03_L02,SKU006,480,27,0,453,54.878,386,374,12,51.126,1.0,0.9316270238450661,0.9689119170984456,0.9026645256944423,0.031088082901554404
PR00003307,WO00003307,2026-05-17,B,P03,P03_L02,SKU006,480,19,0,461,54.878,398,387,11,51.8,1.0,0.9439198556703852,0.9723618090452262,0.9178316184533645,0.02763819095477387
PR00003308,WO00003308,2026-05-17,C,P03,P03_L02,SKU008,480,25,0,455,56.6,365,358,7,48.132,1.0,0.8503863627538539,0.9808219178082191,0.8340775831941909,0.019178082191780823
PR00003309,WO00003309,2026-05-17,B,P03,P03_L03,SKU004,480,18,0,462,56.693,372,359,13,48.312,1.0,0.8521632002485018,0.9650537634408602,0.822383303465624,0.03494623655913978
PR00003310,WO00003310,2026-05-17,C,P03,P03_L03,SKU004,480,42,0,438,56.693,339,326,13,46.438,1.0,0.819119753133254,0.9616519174041298,0.7877080811841912,0.038348082595870206
PR00003311,WO00003311,2026-05-18,A,P01,P01_L01,SKU005,480,25,0,455,50.42,344,334,10,45.363,1.0,0.8996953066766632,0.9709302325581395,0.8735413733430393,0.029069767441860465
PR00003312,WO00003312,2026-05-18,B,P01,P01_L01,SKU007,480,0,0,480,69.9,474,466,8,59.25,1.0,0.8476394849785407,0.9831223628691983,0.8333333333333333,0.016877637130801686
PR00003313,WO00003313,2026-05-18,C,P01,P01_L01,SKU001,480,31,14,435,49.793,310,299,11,42.759,0.9688195991091314,0.8587275458328514,0.964516129032258,0.8024311965568633,0.035483870967741936
PR00003314,WO00003314,2026-05-18,A,P01,P01_L02,SKU001,480,21,0,459,49.793,346,334,12,45.229,1.0,0.9083356730852659,0.9653179190751445,0.8768327017643897,0.03468208092485549
PR00003315,WO00003315,2026-05-18,B,P01,P01_L02,SKU002,480,0,19,461,65.2,441,424,17,57.397,0.9604166666666667,0.8803215203012922,0.9614512471655329,0.8128834355828221,0.03854875283446712
PR00003316,WO00003316,2026-05-18,C,P01,P01_L02,SKU008,480,0,0,480,60.302,396,388,8,49.5,1.0,0.8208682962422473,0.9797979797979798,0.8042850983383635,0.020202020202020204
PR00003317,WO00003317,2026-05-18,A,P01,P01_L03,SKU008,480,55,0,425,60.302,396,389,7,55.906,1.0,0.9270983110500677,0.9823232323232324,0.910710209592112,0.017676767676767676
PR00003318,WO00003318,2026-05-18,B,P01,P01_L03,SKU003,480,0,0,480,61.962,482,471,11,60.25,1.0,0.9723701623575739,0.9771784232365145,0.9501791420548077,0.022821576763485476
PR00003319,WO00003319,2026-05-18,C,P01,P01_L03,SKU003,480,0,0,480,61.962,454,444,10,56.75,1.0,0.9158839288596236,0.9779735682819384,0.895710274038927,0.022026431718061675
PR00003320,WO00003320,2026-05-18,A,P02,P02_L01,SKU002,480,104,26,350,48.8,230,222,8,39.429,0.9308510638297872,0.8079625292740048,0.9652173913043478,0.7259330310429021,0.034782608695652174
PR00003321,WO00003321,2026-05-18,B,P02,P02_L01,SKU003,480,26,0,454,48.8,329,323,6,43.48,1.0,0.8909872174478228,0.9817629179331308,0.8747382104426954,0.0182370820668693
PR00003322,WO00003322,2026-05-18,C,P02,P02_L01,SKU003,480,0,33,447,48.8,304,300,4,40.805,0.93125,0.8361755968753438,0.9868421052631579,0.7684426229508197,0.013157894736842105
PR00003323,WO00003323,2026-05-18,A,P02,P02_L02,SKU004,480,0,0,480,55.9,405,391,14,50.625,1.0,0.9056350626118068,0.9654320987654321,0.8743291592128802,0.0345679012345679
PR00003324,WO00003324,2026-05-18,B,P02,P02_L02,SKU006,480,0,0,480,54.878,380,366,14,47.5,1.0,0.8655563249389555,0.9631578947368421,0.8336674077043624,0.03684210526315789
PR00003325,WO00003325,2026-05-18,C,P02,P02_L02,SKU002,480,26,0,454,55.9,332,318,14,43.877,1.0,0.784913273387815,0.9578313253012049,0.7518145208955578,0.04216867469879518
PR00003326,WO00003326,2026-05-18,A,P02,P02_L03,SKU007,480,0,56,424,47.0,308,305,3,43.585,0.8833333333333333,0.9273384183059012,0.9902597402597403,0.8111702127659575,0.00974025974025974
PR00003327,WO00003327,2026-05-18,B,P02,P02_L03,SKU002,480,26,0,454,47.0,306,293,13,40.441,1.0,0.8604367794544944,0.9575163398692811,0.8238822757521793,0.042483660130718956
PR00003328,WO00003328,2026-05-18,C,P02,P02_L03,SKU005,480,23,0,457,47.0,279,272,7,36.63,1.0,0.7793658922668654,0.974910394265233,0.7598119093067648,0.025089605734767026
PR00003329,WO00003329,2026-05-18,A,P03,P03_L01,SKU003,480,0,0,480,57.7,433,425,8,54.125,1.0,0.9380415944540728,0.9815242494226328,0.9207105719237435,0.018475750577367205
PR00003330,WO00003330,2026-05-18,B,P03,P03_L01,SKU007,480,47,0,433,57.7,356,352,4,49.33,1.0,0.8549437442213247,0.9887640449438202,0.8453376347356918,0.011235955056179775
PR00003331,WO00003331,2026-05-18,C,P03,P03_L01,SKU001,480,0,0,480,49.793,316,308,8,39.5,1.0,0.7932841965738157,0.9746835443037974,0.7732010523567571,0.02531645569620253
PR00003332,WO00003332,2026-05-18,A,P03,P03_L02,SKU002,480,12,0,468,56.6,363,352,11,46.538,1.0,0.8222343027996738,0.9696969696969697,0.7973181118057443,0.030303030303030304
PR00003333,WO00003333,2026-05-18,B,P03,P03_L02,SKU001,480,18,28,434,49.793,304,297,7,42.028,0.9393939393939394,0.8440473514266111,0.9769736842105263,0.7746355626579754,0.023026315789473683
PR00003334,WO00003334,2026-05-18,C,P03,P03_L02,SKU006,480,0,0,480,54.878,391,379,12,48.875,1.0,0.8906119027661358,0.969309462915601,0.8632785451364846,0.030690537084398978
PR00003335,WO00003335,2026-05-18,A,P03,P03_L03,SKU004,480,32,0,448,56.693,368,358,10,49.286,1.0,0.8693439099309312,0.9728260869565217,0.8457204341175907,0.02717391304347826
PR00003336,WO00003336,2026-05-18,B,P03,P03_L03,SKU003,480,22,0,458,58.1,430,421,9,56.332,1.0,0.9695676029132123,0.9790697674418605,0.9492743275034009,0.020930232558139535
PR00003337,WO00003337,2026-05-18,C,P03,P03_L03,SKU001,480,96,136,248,49.793,178,174,4,43.065,0.6458333333333334,0.8648708880572019,0.9775280898876404,0.5460104834012812,0.02247191011235955
PR00003338,WO00003338,2026-05-19,A,P01,P01_L01,SKU001,480,23,24,433,49.793,331,324,7,45.866,0.9474835886214442,0.9211345130503099,0.9788519637462235,0.8543026774171106,0.021148036253776436
PR00003339,WO00003339,2026-05-19,B,P01,P01_L01,SKU007,480,40,0,440,69.9,440,436,4,60.0,1.0,0.8583690987124463,0.990909090909091,0.8505657432696059,0.00909090909090909
PR00003340,WO00003340,2026-05-19,C,P01,P01_L01,SKU001,480,28,0,452,49.793,328,317,11,43.54,1.0,0.874416544671933,0.9664634146341463,0.8450915995762279,0.03353658536585366
PR00003341,WO00003341,2026-05-19,A,P01,P01_L02,SKU004,480,0,0,480,56.693,433,419,14,54.125,1.0,0.9547034025364683,0.9676674364896074,0.9238353941403701,0.03233256351039261
PR00003342,WO00003342,2026-05-19,B,P01,P01_L02,SKU006,480,0,0,480,54.878,390,377,13,48.75,1.0,0.8883341229636649,0.9666666666666667,0.8587229855315427,0.03333333333333333
PR00003343,WO00003343,2026-05-19,C,P01,P01_L02,SKU008,480,0,25,455,60.302,367,360,7,48.396,0.9479166666666666,0.8025538853703758,0.9809264305177112,0.7462439056747703,0.01907356948228883
PR00003344,WO00003344,2026-05-19,A,P01,P01_L03,SKU003,480,0,29,451,61.962,436,429,7,58.004,0.9395833333333333,0.9361291531874446,0.9839449541284404,0.8654497918078823,0.016055045871559634
PR00003345,WO00003345,2026-05-19,B,P01,P01_L03,SKU008,480,18,0,462,60.302,399,392,7,51.818,1.0,0.8593111641103416,0.9824561403508771,0.8442355296522653,0.017543859649122806
PR00003346,WO00003346,2026-05-19,C,P01,P01_L03,SKU005,480,24,0,456,50.42,294,286,8,38.684,1.0,0.7672393995699284,0.9727891156462585,0.7463621369965969,0.027210884353741496
PR00003347,WO00003347,2026-05-19,A,P02,P02_L01,SKU002,480,26,0,454,48.8,294,284,10,38.855,1.0,0.7962013432512459,0.9659863945578231,0.7691196649093668,0.034013605442176874
PR00003348,WO00003348,2026-05-19,B,P02,P02_L01,SKU006,480,18,0,462,48.8,365,356,9,47.403,1.0,0.9713647008728976,0.9753424657534246,0.9474132424952098,0.024657534246575342
PR00003349,WO00003349,2026-05-19,C,P02,P02_L01,SKU001,480,0,0,480,48.8,328,320,8,41.0,1.0,0.8401639344262296,0.975609756097561,0.8196721311475411,0.024390243902439025
PR00003350,WO00003350,2026-05-19,A,P02,P02_L02,SKU001,480,27,0,453,49.793,318,310,8,42.119,1.0,0.8458860743078996,0.9748427672955975,0.8246059214951222,0.025157232704402517
PR00003351,WO00003351,2026-05-19,B,P02,P02_L02,SKU008,480,27,23,430,55.9,358,352,6,49.953,0.9492273730684326,0.8936223322378001,0.9832402234636871,0.8340342854434953,0.01675977653631285
PR00003352,WO00003352,2026-05-19,C,P02,P02_L02,SKU001,480,28,64,388,49.793,262,255,7,40.515,0.8584070796460177,0.813677904876705,0.9732824427480916,0.6798055454004356,0.026717557251908396
PR00003353,WO00003353,2026-05-19,A,P02,P02_L03,SKU006,480,63,0,417,47.0,308,300,8,44.317,1.0,0.9429052502678708,0.974025974025974,0.9184142048063676,0.025974025974025976
PR00003354,WO00003354,2026-05-19,B,P02,P02_L03,SKU003,480,0,0,480,47.0,343,338,5,42.875,1.0,0.9122340425531915,0.9854227405247813,0.898936170212766,0.014577259475218658
PR00003355,WO00003355,2026-05-19,C,P02,P02_L03,SKU007,480,0,18,462,47.0,294,291,3,38.182,0.9625,0.8123791102514506,0.9897959183673469,0.773936170212766,0.01020408163265306
PR00003356,WO00003356,2026-05-19,A,P03,P03_L01,SKU004,480,0,18,462,56.693,396,384,12,51.429,0.9625,0.9071414712322762,0.9696969696969697,0.8466653731501245,0.030303030303030304
PR00003357,WO00003357,2026-05-19,B,P03,P03_L01,SKU003,480,21,28,431,57.7,375,365,10,52.204,0.9389978213507625,0.9047517562236868,0.9733333333333334,0.826904996545123,0.02666666666666667
PR00003358,WO00003358,2026-05-19,C,P03,P03_L01,SKU001,480,33,25,422,49.793,267,262,5,37.962,0.9440715883668904,0.7623980340219885,0.9812734082397003,0.7062797026670281,0.018726591760299626
PR00003359,WO00003359,2026-05-19,A,P03,P03_L02,SKU005,480,33,0,447,50.42,318,308,10,42.685,1.0,0.8465800031413975,0.9685534591194969,0.8199579904639951,0.031446540880503145
PR00003360,WO00003360,2026-05-19,B,P03,P03_L02,SKU004,480,0,0,480,56.6,404,390,14,50.5,1.0,0.892226148409894,0.9653465346534653,0.8613074204946997,0.034653465346534656
PR00003361,WO00003361,2026-05-19,C,P03,P03_L02,SKU002,480,0,70,410,56.6,304,292,12,44.488,0.8541666666666666,0.7860036197535121,0.9605263157894737,0.6448763250883393,0.039473684210526314
PR00003362,WO00003362,2026-05-19,A,P03,P03_L03,SKU004,480,0,0,480,56.693,443,430,13,55.375,1.0,0.9767519799622528,0.9706546275395034,0.948088829308733,0.029345372460496615
PR00003363,WO00003363,2026-05-19,B,P03,P03_L03,SKU004,480,44,0,436,56.693,376,364,12,51.743,1.0,0.9126897371113726,0.9680851063829787,0.883561341246116,0.031914893617021274
PR00003364,WO00003364,2026-05-19,C,P03,P03_L03,SKU001,480,0,0,480,49.793,321,314,7,40.125,1.0,0.8058361617094772,0.9781931464174455,0.788263410519551,0.021806853582554516
PR00003365,WO00003365,2026-05-20,A,P01,P01_L01,SKU004,480,0,37,443,56.693,388,376,12,52.551,0.9229166666666667,0.9269361308754183,0.9690721649484536,0.8290265112094968,0.030927835051546393
PR00003366,WO00003366,2026-05-20,B,P01,P01_L01,SKU006,480,0,0,480,54.878,418,403,15,52.25,1.0,0.952111957432851,0.9641148325358851,0.9179452603957869,0.03588516746411483
PR00003367,WO00003367,2026-05-20,C,P01,P01_L01,SKU008,480,0,0,480,60.302,404,397,7,50.5,1.0,0.8374514941461312,0.9826732673267327,0.8229411959802329,0.017326732673267328
PR00003368,WO00003368,2026-05-20,A,P01,P01_L02,SKU007,480,0,0,480,65.2,482,475,7,60.25,1.0,0.9240797546012269,0.9854771784232366,0.910659509202454,0.014522821576763486
PR00003369,WO00003369,2026-05-20,B,P01,P01_L02,SKU001,480,29,69,382,49.793,278,273,5,43.665,0.8470066518847007,0.876928915027586,0.9820143884892086,0.7294055482825282,0.017985611510791366
PR00003370,WO00003370,2026-05-20,C,P01,P01_L02,SKU008,480,0,0,480,60.302,411,403,8,51.375,1.0,0.8519617923120295,0.9805352798053528,0.8353785944081458,0.019464720194647202
PR00003371,WO00003371,2026-05-20,A,P01,P01_L03,SKU003,480,23,0,457,61.962,439,428,11,57.637,1.0,0.930195304992818,0.9749430523917996,0.906887449970219,0.025056947608200455
PR00003372,WO00003372,2026-05-20,B,P01,P01_L03,SKU008,480,0,0,480,60.302,415,409,6,51.875,1.0,0.8602533912639714,0.9855421686746988,0.8478159928360586,0.014457831325301205
PR00003373,WO00003373,2026-05-20,C,P01,P01_L03,SKU002,480,0,21,459,72.0,424,405,19,55.425,0.95625,0.7697893972403775,0.9551886792452831,0.703125,0.04481132075471698
PR00003374,WO00003374,2026-05-20,A,P02,P02_L01,SKU003,480,26,0,454,48.8,356,349,7,47.048,1.0,0.9641077489708963,0.9803370786516854,0.945150574131581,0.019662921348314606
PR00003375,WO00003375,2026-05-20,B,P02,P02_L01,SKU003,480,21,0,459,48.8,336,329,7,43.922,1.0,0.9000321440051431,0.9791666666666666,0.8812814743383692,0.020833333333333332
PR00003376,WO00003376,2026-05-20,C,P02,P02_L01,SKU003,480,0,28,452,48.8,309,300,9,41.018,0.9416666666666667,0.8405266212099232,0.970873786407767,0.7684426229508197,0.02912621359223301
PR00003377,WO00003377,2026-05-20,A,P02,P02_L02,SKU002,480,0,0,480,55.9,366,353,13,45.75,1.0,0.8184257602862254,0.9644808743169399,0.7893559928443649,0.03551912568306011
PR00003378,WO00003378,2026-05-20,B,P02,P02_L02,SKU002,480,0,0,480,55.9,366,352,14,45.75,1.0,0.8184257602862254,0.9617486338797814,0.7871198568872987,0.03825136612021858
PR00003379,WO00003379,2026-05-20,C,P02,P02_L02,SKU005,480,0,0,480,50.42,322,315,7,40.25,1.0,0.7982943276477588,0.9782608695652174,0.780940103133677,0.021739130434782608
PR00003380,WO00003380,2026-05-20,A,P02,P02_L03,SKU004,480,0,0,480,47.0,338,324,14,42.25,1.0,0.898936170212766,0.9585798816568047,0.8617021276595744,0.04142011834319527
PR00003381,WO00003381,2026-05-20,B,P02,P02_L03,SKU003,480,0,0,480,47.0,333,327,6,41.625,1.0,0.8856382978723404,0.9819819819819819,0.8696808510638298,0.018018018018018018
PR00003382,WO00003382,2026-05-20,C,P02,P02_L03,SKU007,480,37,0,443,47.0,278,276,2,37.652,1.0,0.8011142596417078,0.9928057553956835,0.7953508477018394,0.007194244604316547
PR00003383,WO00003383,2026-05-20,A,P03,P03_L01,SKU003,480,26,10,444,57.7,417,411,6,56.351,0.9779735682819384,0.9766265398847721,0.9856115107913669,0.9413722810526879,0.014388489208633094
PR00003384,WO00003384,2026-05-20,B,P03,P03_L01,SKU001,480,0,0,480,49.793,336,330,6,42.0,1.0,0.8434920571164621,0.9821428571428571,0.8284296989536681,0.017857142857142856
PR00003385,WO00003385,2026-05-20,C,P03,P03_L01,SKU001,480,0,12,468,49.793,328,320,8,42.051,0.975,0.8445219619481061,0.975609756097561,0.8033257686823448,0.024390243902439025
PR00003386,WO00003386,2026-05-20,A,P03,P03_L02,SKU004,480,0,33,447,56.6,381,369,12,51.141,0.93125,0.9035501695638769,0.968503937007874,0.814929328621908,0.031496062992125984
PR00003387,WO00003387,2026-05-20,B,P03,P03_L02,SKU005,480,0,0,480,50.42,358,348,10,44.75,1.0,0.8875446251487504,0.9720670391061452,0.8627528758429194,0.027932960893854747
PR00003388,WO00003388,2026-05-20,C,P03,P03_L02,SKU006,480,26,0,454,54.878,377,367,10,49.824,1.0,0.9079009538659482,0.9734748010610079,0.8838187004477532,0.026525198938992044
PR00003389,WO00003389,2026-05-20,A,P03,P03_L03,SKU003,480,0,0,480,58.1,407,398,9,50.875,1.0,0.8756454388984509,0.9778869778869779,0.8562822719449225,0.022113022113022112
PR00003390,WO00003390,2026-05-20,B,P03,P03_L03,SKU004,480,0,34,446,56.693,372,362,10,50.045,0.9291666666666667,0.8827340773874616,0.9731182795698925,0.7981585028133986,0.026881720430107527
PR00003391,WO00003391,2026-05-20,C,P03,P03_L03,SKU004,480,0,0,480,56.693,351,336,15,43.875,1.0,0.7739050676450355,0.9572649572649573,0.7408322015063589,0.042735042735042736
PR00003392,WO00003392,2026-05-21,A,P01,P01_L01,SKU007,480,15,0,465,69.9,522,515,7,67.355,1.0,0.9635885366191332,0.9865900383141762,0.9506668512621717,0.013409961685823755
PR00003393,WO00003393,2026-05-21,B,P01,P01_L01,SKU007,480,0,5,475,69.9,512,504,8,64.674,0.9895833333333334,0.9252315337700473,0.984375,0.9012875536480686,0.015625
PR00003394,WO00003394,2026-05-21,C,P01,P01_L01,SKU005,480,27,0,453,50.42,327,319,8,43.311,1.0,0.8590094858815093,0.9755351681957186,0.837993963291136,0.024464831804281346
PR00003395,WO00003395,2026-05-21,A,P01,P01_L02,SKU001,480,17,0,463,49.793,368,358,10,47.689,1.0,0.9577447609344588,0.9728260869565217,0.931719088082979,0.02717391304347826
PR00003396,WO00003396,2026-05-21,B,P01,P01_L02,SKU006,480,23,0,457,54.878,392,378,14,51.466,1.0,0.9378272377088211,0.9642857142857143,0.904333407790649,0.03571428571428571
PR00003397,WO00003397,2026-05-21,C,P01,P01_L02,SKU001,480,0,0,480,49.793,336,325,11,42.0,1.0,0.8434920571164621,0.9672619047619048,0.8158777338180065,0.03273809523809524
PR00003398,WO00003398,2026-05-21,A,P01,P01_L03,SKU003,480,0,0,480,61.962,476,466,10,59.5,1.0,0.960265969465156,0.9789915966386554,0.9400923146444594,0.02100840336134454
PR00003399,WO00003399,2026-05-21,B,P01,P01_L03,SKU003,480,38,0,442,61.962,428,419,9,58.1,1.0,0.9376641733854979,0.9789719626168224,0.9179469360946814,0.02102803738317757
PR00003400,WO00003400,2026-05-21,C,P01,P01_L03,SKU007,480,0,0,480,74.2,494,486,8,61.75,1.0,0.832210242587601,0.9838056680161943,0.8187331536388139,0.016194331983805668
PR00003401,WO00003401,2026-05-21,A,P02,P02_L01,SKU001,480,0,0,480,48.8,365,360,5,45.625,1.0,0.934938524590164,0.9863013698630136,0.9221311475409837,0.0136986301369863
PR00003402,WO00003402,2026-05-21,B,P02,P02_L01,SKU003,480,0,0,480,48.8,347,339,8,43.375,1.0,0.8888319672131149,0.9769452449567724,0.8683401639344264,0.023054755043227664
PR00003403,WO00003403,2026-05-21,C,P02,P02_L01,SKU003,480,0,15,465,48.8,325,318,7,41.935,0.96875,0.8593336858804865,0.9784615384615385,0.8145491803278689,0.021538461538461538
PR00003404,WO00003404,2026-05-21,A,P02,P02_L02,SKU004,480,0,44,436,55.9,368,354,14,50.642,0.9083333333333333,0.9059427877435132,0.9619565217391305,0.7915921288014313,0.03804347826086957
PR00003405,WO00003405,2026-05-21,B,P02,P02_L02,SKU004,480,19,0,461,55.9,367,354,13,47.766,1.0,0.8544852715765292,0.9645776566757494,0.8242174009212299,0.035422343324250684
PR00003406,WO00003406,2026-05-21,C,P02,P02_L02,SKU002,480,0,0,480,55.9,323,311,12,40.375,1.0,0.7222719141323792,0.9628482972136223,0.695438282647585,0.03715170278637771
PR00003407,WO00003407,2026-05-21,A,P02,P02_L03,SKU003,480,31,0,449,47.0,311,306,5,41.559,1.0,0.8842344690328389,0.9839228295819936,0.8700184807847225,0.01607717041800643
PR00003408,WO00003408,2026-05-21,B,P02,P02_L03,SKU005,480,0,0,480,47.0,293,287,6,36.625,1.0,0.7792553191489362,0.9795221843003413,0.7632978723404256,0.020477815699658702
PR00003409,WO00003409,2026-05-21,C,P02,P02_L03,SKU007,480,22,0,458,47.0,288,283,5,37.729,1.0,0.8027501625940722,0.9826388888888888,0.7888135278268139,0.017361111111111112
PR00003410,WO00003410,2026-05-21,A,P03,P03_L01,SKU006,480,0,48,432,54.878,374,366,8,51.944,0.9,0.9465440512490332,0.9786096256684492,0.8336674077043624,0.0213903743315508
PR00003411,WO00003411,2026-05-21,B,P03,P03_L01,SKU001,480,33,0,447,49.793,319,314,5,42.819,1.0,0.8599359738579464,0.9843260188087775,0.8464573535780413,0.01567398119122257
PR00003412,WO00003412,2026-05-21,C,P03,P03_L01,SKU004,480,0,49,431,56.693,327,317,10,45.522,0.8979166666666667,0.8029570099190565,0.9694189602446484,0.6989399043973683,0.03058103975535168
PR00003413,WO00003413,2026-05-21,A,P03,P03_L02,SKU002,480,49,0,431,56.6,366,354,12,50.951,1.0,0.9001992244185187,0.9672131147540983,0.870684495749059,0.03278688524590164
PR00003414,WO00003414,2026-05-21,B,P03,P03_L02,SKU006,480,26,24,430,54.878,351,339,12,48.977,0.947136563876652,0.8924659095821004,0.9658119658119658,0.8163883908768074,0.03418803418803419
PR00003415,WO00003415,2026-05-21,C,P03,P03_L02,SKU008,480,0,0,480,56.6,380,372,8,47.5,1.0,0.8392226148409894,0.9789473684210527,0.8215547703180212,0.021052631578947368
PR00003416,WO00003416,2026-05-21,A,P03,P03_L03,SKU004,480,26,0,454,56.693,399,385,14,52.731,1.0,0.9301197243582039,0.9649122807017544,0.8974839445561617,0.03508771929824561
PR00003417,WO00003417,2026-05-21,B,P03,P03_L03,SKU003,480,16,0,464,58.1,406,401,5,52.5,1.0,0.9036144578313253,0.9876847290640394,0.8924862009614813,0.012315270935960592
PR00003418,WO00003418,2026-05-21,C,P03,P03_L03,SKU001,480,0,11,469,49.793,332,323,9,42.473,0.9770833333333333,0.8529983641872234,0.9728915662650602,0.8108569477637418,0.02710843373493976
PR00003419,WO00003419,2026-05-22,A,P01,P01_L01,SKU001,480,53,7,420,49.793,313,307,6,44.714,0.9836065573770492,0.8980034485627642,0.9808306709265175,0.8663501556866975,0.019169329073482427
PR00003420,WO00003420,2026-05-22,B,P01,P01_L01,SKU001,480,25,0,455,49.793,328,319,9,43.253,1.0,0.8686511608609093,0.9725609756097561,0.8448162204714331,0.027439024390243903
PR00003421,WO00003421,2026-05-22,C,P01,P01_L01,SKU002,480,0,0,480,69.9,440,420,20,55.0,1.0,0.7868383404864091,0.9545454545454546,0.7510729613733905,0.045454545454545456
PR00003422,WO00003422,2026-05-22,A,P01,P01_L02,SKU001,480,0,0,480,49.793,356,346,10,44.5,1.0,0.8936999176591087,0.9719101123595506,0.8685959873877854,0.028089887640449437
PR00003423,WO00003423,2026-05-22,B,P01,P01_L02,SKU002,480,0,58,422,65.2,389,372,17,55.308,0.8791666666666667,0.8482830808594772,0.9562982005141388,0.7131901840490797,0.043701799485861184
PR00003424,WO00003424,2026-05-22,C,P01,P01_L02,SKU004,480,0,0,480,56.693,377,359,18,47.125,1.0,0.8312313689520753,0.9522546419098143,0.7915439295856632,0.04774535809018567
PR00003425,WO00003425,2026-05-22,A,P01,P01_L03,SKU003,480,0,0,480,61.962,467,456,11,58.375,1.0,0.9421096801265291,0.9764453961456103,0.9199186598237629,0.023554603854389723
PR00003426,WO00003426,2026-05-22,B,P01,P01_L03,SKU003,480,0,0,480,61.962,418,408,10,52.25,1.0,0.843258771505116,0.9760765550239234,0.8230851166844194,0.023923444976076555
PR00003427,WO00003427,2026-05-22,C,P01,P01_L03,SKU008,480,0,0,480,60.302,377,369,8,47.125,1.0,0.7814832012205234,0.9787798408488063,0.7649000033166395,0.021220159151193633
PR00003428,WO00003428,2026-05-22,A,P02,P02_L01,SKU003,480,0,0,480,48.8,367,362,5,45.875,1.0,0.9400614754098361,0.9863760217983651,0.9272540983606558,0.013623978201634877
PR00003429,WO00003429,2026-05-22,B,P02,P02_L01,SKU003,480,0,0,480,48.8,340,333,7,42.5,1.0,0.8709016393442623,0.9794117647058823,0.8529713114754098,0.020588235294117647
PR00003430,WO00003430,2026-05-22,C,P02,P02_L01,SKU002,480,0,0,480,48.8,323,312,11,40.375,1.0,0.8273565573770493,0.9659442724458205,0.7991803278688526,0.034055727554179564
PR00003431,WO00003431,2026-05-22,A,P02,P02_L02,SKU005,480,0,13,467,50.42,327,320,7,42.013,0.9729166666666667,0.8332575955124704,0.9785932721712538,0.7933359777865925,0.021406727828746176
PR00003432,WO00003432,2026-05-22,B,P02,P02_L02,SKU004,480,0,8,472,55.9,375,362,13,47.669,0.9833333333333333,0.8527637124404962,0.9653333333333334,0.8094812164579608,0.034666666666666665
PR00003433,WO00003433,2026-05-22,C,P02,P02_L02,SKU003,480,0,0,480,55.9,374,368,6,46.75,1.0,0.8363148479427549,0.983957219251337,0.8228980322003578,0.016042780748663103
PR00003434,WO00003434,2026-05-22,A,P02,P02_L03,SKU007,480,0,0,480,47.0,329,324,5,41.125,1.0,0.875,0.9848024316109423,0.8617021276595744,0.015197568389057751
PR00003435,WO00003435,2026-05-22,B,P02,P02_L03,SKU003,480,20,0,460,47.0,321,315,6,41.87,1.0,0.8908418131359851,0.9813084112149533,0.8741905642923218,0.018691588785046728
PR00003436,WO00003436,2026-05-22,C,P02,P02_L03,SKU007,480,0,0,480,47.0,306,300,6,38.25,1.0,0.8138297872340425,0.9803921568627451,0.7978723404255319,0.0196078431372549
PR00003437,WO00003437,2026-05-22,A,P03,P03_L01,SKU004,480,59,0,421,56.693,347,337,10,49.454,1.0,0.8723066641422006,0.9711815561959655,0.8471681435617338,0.02881844380403458
PR00003438,WO00003438,2026-05-22,B,P03,P03_L01,SKU004,480,30,0,450,56.693,395,380,15,52.667,1.0,0.9289800622063865,0.9620253164556962,0.8937023383251314,0.0379746835443038
PR00003439,WO00003439,2026-05-22,C,P03,P03_L01,SKU001,480,0,0,480,49.793,303,295,8,37.875,1.0,0.7606490872210954,0.9735973597359736,0.7405659430040368,0.026402640264026403
PR00003440,WO00003440,2026-05-22,A,P03,P03_L02,SKU006,480,0,0,480,54.878,444,433,11,55.5,1.0,1.0,0.9752252252252253,0.9752252252252253,0.024774774774774775
PR00003441,WO00003441,2026-05-22,B,P03,P03_L02,SKU002,480,0,20,460,56.6,367,360,7,47.87,0.9583333333333334,0.8457520356429559,0.9809264305177112,0.7950530035335689,0.01907356948228883
PR00003442,WO00003442,2026-05-22,C,P03,P03_L02,SKU005,480,0,0,480,50.42,327,319,8,40.875,1.0,0.8106902023006743,0.9755351681957186,0.7908568028560095,0.024464831804281346
PR00003443,WO00003443,2026-05-22,A,P03,P03_L03,SKU001,480,0,0,480,49.793,351,346,5,43.875,1.0,0.8811479525234471,0.9857549857549858,0.8685959873877855,0.014245014245014245
PR00003444,WO00003444,2026-05-22,B,P03,P03_L03,SKU001,480,31,0,449,49.793,329,323,6,43.964,1.0,0.8829426878501943,0.9817629179331308,0.8668403895915281,0.0182370820668693
PR00003445,WO00003445,2026-05-22,C,P03,P03_L03,SKU004,480,48,0,432,56.693,318,307,11,44.167,1.0,0.779049735711052,0.9654088050314465,0.7521014744128709,0.03459119496855346
PR00003446,WO00003446,2026-05-23,A,P01,P01_L01,SKU007,480,0,0,480,69.9,512,506,6,64.0,1.0,0.915593705293276,0.98828125,0.9048640915593704,0.01171875
PR00003447,WO00003447,2026-05-23,A,P01,P01_L02,SKU004,480,40,0,440,56.693,354,342,12,48.273,1.0,0.8514759718612047,0.9661016949152542,0.8226123795947232,0.03389830508474576
PR00003448,WO00003448,2026-05-23,B,P01,P01_L02,SKU001,480,0,0,480,49.793,348,339,9,43.5,1.0,0.8736167734420501,0.9741379310344828,0.8510232361978591,0.02586206896551724
PR00003449,WO00003449,2026-05-23,C,P01,P01_L02,SKU008,480,0,34,446,60.302,364,357,7,48.969,0.9291666666666667,0.8120561484771791,0.9807692307692307,0.7400252064608139,0.019230769230769232
PR00003450,WO00003450,2026-05-23,A,P01,P01_L03,SKU006,480,27,23,430,54.878,391,379,12,54.558,0.9492273730684326,0.9941714263435933,0.969309462915601,0.9147322332572021,0.030690537084398978
PR00003451,WO00003451,2026-05-23,B,P01,P01_L03,SKU003,480,36,13,431,61.962,429,418,11,59.722,0.9707207207207207,0.963841995516899,0.9743589743589743,0.9116311043298551,0.02564102564102564
PR00003452,WO00003452,2026-05-23,C,P01,P01_L03,SKU004,480,31,0,449,56.693,332,318,14,44.365,1.0,0.782552627744547,0.9578313253012049,0.7495534205504999,0.04216867469879518
PR00003453,WO00003453,2026-05-23,A,P02,P02_L02,SKU004,480,0,0,480,55.9,415,403,12,51.875,1.0,0.9279964221824687,0.9710843373493976,0.9011627906976745,0.02891566265060241
PR00003454,WO00003454,2026-05-23,C,P02,P02_L02,SKU004,480,0,0,480,55.9,357,341,16,44.625,1.0,0.7983005366726297,0.9551820728291317,0.7625223613595706,0.04481792717086835
PR00003455,WO00003455,2026-05-23,A,P02,P02_L03,SKU007,480,32,0,448,47.0,300,294,6,40.179,1.0,0.8548632218844985,0.98,0.8377659574468085,0.02
PR00003456,WO00003456,2026-05-23,B,P02,P02_L03,SKU007,480,0,21,459,47.0,304,298,6,39.739,0.95625,0.8455013210958142,0.9802631578947368,0.7925531914893618,0.019736842105263157
PR00003457,WO00003457,2026-05-23,C,P02,P02_L03,SKU001,480,0,0,480,47.0,325,316,9,40.625,1.0,0.8643617021276596,0.9723076923076923,0.8404255319148937,0.027692307692307693
PR00003458,WO00003458,2026-05-23,A,P03,P03_L01,SKU001,480,30,0,450,49.793,337,329,8,44.933,1.0,0.9024026134865007,0.9762611275964391,0.8809805929883049,0.02373887240356083
PR00003459,WO00003459,2026-05-23,A,P03,P03_L02,SKU006,480,0,49,431,54.878,387,376,11,53.875,0.8979166666666667,0.9817178099930417,0.9715762273901809,0.8564452057290718,0.028423772609819122
PR00003460,WO00003460,2026-05-23,B,P03,P03_L03,SKU004,480,0,0,480,56.693,406,392,14,50.75,1.0,0.8951722434868503,0.9655172413793104,0.864304235090752,0.034482758620689655
PR00003461,WO00003461,2026-05-23,C,P03,P03_L03,SKU004,480,0,0,480,56.693,370,357,13,46.25,1.0,0.8157973647540261,0.9648648648648649,0.7871342141005063,0.03513513513513514
PR00003462,WO00003462,2026-05-24,C,P01,P01_L01,SKU005,480,0,0,480,50.42,345,336,9,43.125,1.0,0.8553153510511702,0.9739130434782609,0.8330027766759223,0.02608695652173913
PR00003463,WO00003463,2026-05-24,B,P01,P01_L02,SKU001,480,0,0,480,49.793,366,358,8,45.75,1.0,0.918803847930432,0.9781420765027322,0.8987207037133734,0.02185792349726776
PR00003464,WO00003464,2026-05-24,A,P01,P01_L03,SKU003,480,0,0,480,61.962,451,443,8,56.375,1.0,0.9098318324134146,0.9822616407982262,0.8936929085568573,0.017738359201773836
PR00003465,WO00003465,2026-05-24,B,P01,P01_L03,SKU003,480,0,0,480,61.962,426,419,7,53.25,1.0,0.8593976953616732,0.9835680751173709,0.8452761369871856,0.01643192488262911
PR00003466,WO00003466,2026-05-24,C,P01,P01_L03,SKU003,480,31,0,449,61.962,458,445,13,61.203,1.0,0.9877452730026571,0.9716157205240175,0.959708835122669,0.028384279475982533
PR00003467,WO00003467,2026-05-24,A,P02,P02_L01,SKU004,480,30,73,377,48.8,265,257,8,42.175,0.8377777777777777,0.864243162151585,0.969811320754717,0.7021857923497268,0.03018867924528302
PR00003468,WO00003468,2026-05-24,B,P02,P02_L01,SKU001,480,60,25,395,48.8,263,255,8,39.949,0.9404761904761905,0.8186345714878606,0.9695817490494296,0.7464871194379391,0.030418250950570342
PR00003469,WO00003469,2026-05-24,A,P02,P02_L02,SKU007,480,0,0,480,55.9,433,426,7,54.125,1.0,0.9682468694096601,0.9838337182448037,0.9525939177101967,0.016166281755196306
PR00003470,WO00003470,2026-05-24,B,P02,P02_L02,SKU003,480,20,52,408,55.9,329,322,7,48.382,0.8869565217391304,0.8655161527938545,0.9787234042553191,0.7513416815742396,0.02127659574468085
PR00003471,WO00003471,2026-05-24,A,P02,P02_L03,SKU003,480,17,0,463,47.0,340,336,4,44.06,1.0,0.9374569183401498,0.9882352941176471,0.926428013418501,0.011764705882352941
PR00003472,WO00003472,2026-05-24,C,P02,P02_L03,SKU003,480,18,0,462,47.0,313,307,6,40.649,1.0,0.8648798010500137,0.9808306709265175,0.8483006355346779,0.019169329073482427
PR00003473,WO00003473,2026-05-24,A,P03,P03_L01,SKU001,480,0,0,480,49.793,357,350,7,44.625,1.0,0.896210310686241,0.9803921568627451,0.8786375594963147,0.0196078431372549
PR00003474,WO00003474,2026-05-24,B,P03,P03_L01,SKU001,480,48,0,432,49.793,295,290,5,40.972,1.0,0.822851047782263,0.9830508474576272,0.8089044198537502,0.01694915254237288
PR00003475,WO00003475,2026-05-24,C,P03,P03_L01,SKU001,480,0,0,480,49.793,354,347,7,44.25,1.0,0.888679131604844,0.980225988700565,0.8711063804149177,0.01977401129943503
PR00003476,WO00003476,2026-05-24,C,P03,P03_L02,SKU001,480,0,0,480,49.793,314,305,9,39.25,1.0,0.788263410519551,0.9713375796178344,0.76566987327536,0.028662420382165606
PR00003477,WO00003477,2026-05-24,A,P03,P03_L03,SKU004,480,0,0,480,56.693,393,382,11,49.125,1.0,0.8665090928333304,0.9720101781170484,0.8422556576649676,0.027989821882951654
PR00003478,WO00003478,2026-05-24,B,P03,P03_L03,SKU006,480,34,50,396,54.878,303,291,12,45.909,0.8878923766816144,0.8365664001802345,0.9603960396039604,0.713363862800763,0.039603960396039604
PR00003479,WO00003479,2026-05-24,C,P03,P03_L03,SKU006,480,30,0,450,54.878,376,363,13,50.133,1.0,0.9135415527776766,0.9654255319148937,0.8819563395167463,0.034574468085106384
PR00003480,WO00003480,2026-05-25,A,P01,P01_L01,SKU001,480,0,0,480,49.793,357,345,12,44.625,1.0,0.896210310686241,0.9663865546218487,0.8660855943606531,0.03361344537815126
PR00003481,WO00003481,2026-05-25,B,P01,P01_L01,SKU001,480,25,0,455,49.793,342,333,9,45.099,1.0,0.9057277348000945,0.9736842105263158,0.8818927944106184,0.02631578947368421
PR00003482,WO00003482,2026-05-25,C,P01,P01_L01,SKU005,480,0,0,480,50.42,334,324,10,41.75,1.0,0.828044426814756,0.9700598802395209,0.8032526775089249,0.029940119760479042
PR00003483,WO00003483,2026-05-25,A,P01,P01_L02,SKU004,480,0,0,480,56.693,425,410,15,53.125,1.0,0.9370645405958408,0.9647058823529412,0.903991674457164,0.03529411764705882
PR00003484,WO00003484,2026-05-25,B,P01,P01_L02,SKU001,480,0,0,480,49.793,331,322,9,41.375,1.0,0.8309400919808005,0.972809667673716,0.8083465547366095,0.027190332326283987
PR00003485,WO00003485,2026-05-25,C,P01,P01_L02,SKU004,480,0,0,480,56.693,377,363,14,47.125,1.0,0.8312313689520753,0.9628647214854111,0.800363360555977,0.03713527851458886
PR00003486,WO00003486,2026-05-25,A,P01,P01_L03,SKU007,480,0,0,480,74.2,508,498,10,63.5,1.0,0.8557951482479784,0.9803149606299213,0.8389487870619946,0.01968503937007874
PR00003487,WO00003487,2026-05-25,B,P01,P01_L03,SKU003,480,0,0,480,61.962,462,453,9,57.75,1.0,0.9320228527161808,0.9805194805194806,0.9138665633775539,0.01948051948051948
PR00003488,WO00003488,2026-05-25,C,P01,P01_L03,SKU003,480,0,53,427,61.962,389,379,10,54.66,0.8895833333333333,0.882160381292848,0.974293059125964,0.7645815177043994,0.02570694087403599
PR00003489,WO00003489,2026-05-25,A,P02,P02_L01,SKU006,480,0,0,480,48.8,369,358,11,46.125,1.0,0.9451844262295083,0.9701897018970189,0.9170081967213115,0.02981029810298103
PR00003490,WO00003490,2026-05-25,B,P02,P02_L01,SKU003,480,0,0,480,48.8,349,342,7,43.625,1.0,0.8939549180327869,0.9799426934097422,0.8760245901639345,0.02005730659025788
PR00003491,WO00003491,2026-05-25,C,P02,P02_L01,SKU001,480,0,0,480,48.8,328,318,10,41.0,1.0,0.8401639344262296,0.9695121951219512,0.8145491803278689,0.03048780487804878
PR00003492,WO00003492,2026-05-25,A,P02,P02_L02,SKU008,480,0,13,467,55.9,363,358,5,46.638,0.9729166666666667,0.8343133386706915,0.9862258953168044,0.8005366726296959,0.013774104683195593
PR00003493,WO00003493,2026-05-25,B,P02,P02_L02,SKU002,480,0,0,480,55.9,353,338,15,44.125,1.0,0.789355992844365,0.9575070821529745,0.7558139534883721,0.042492917847025496
PR00003494,WO00003494,2026-05-25,C,P02,P02_L02,SKU002,480,0,8,472,55.9,334,320,14,42.458,0.9833333333333333,0.7595282132136686,0.9580838323353293,0.7155635062611807,0.041916167664670656
PR00003495,WO00003495,2026-05-25,A,P02,P02_L03,SKU002,480,0,0,480,47.0,325,314,11,40.625,1.0,0.8643617021276596,0.9661538461538461,0.8351063829787234,0.033846153846153845
PR00003496,WO00003496,2026-05-25,B,P02,P02_L03,SKU003,480,0,0,480,47.0,344,337,7,43.0,1.0,0.9148936170212766,0.9796511627906976,0.8962765957446808,0.020348837209302327
PR00003497,WO00003497,2026-05-25,C,P02,P02_L03,SKU003,480,0,35,445,47.0,316,306,10,42.607,0.9270833333333334,0.9065264164475256,0.9683544303797469,0.8138297872340425,0.03164556962025317
PR00003498,WO00003498,2026-05-25,A,P03,P03_L01,SKU001,480,34,0,446,49.793,338,329,9,45.471,1.0,0.9131976787487642,0.9733727810650887,0.8888817642258681,0.026627218934911243
PR00003499,WO00003499,2026-05-25,B,P03,P03_L01,SKU004,480,0,0,480,56.693,382,370,12,47.75,1.0,0.8422556576649675,0.9685863874345549,0.8157973647540261,0.031413612565445025
PR00003500,WO00003500,2026-05-25,C,P03,P03_L01,SKU004,480,0,0,480,56.693,373,358,15,46.625,1.0,0.8224119379817615,0.9597855227882037,0.7893390718430847,0.040214477211796246
PR00003501,WO00003501,2026-05-25,A,P03,P03_L02,SKU006,480,23,0,457,54.878,396,385,11,51.991,1.0,0.9473969033997275,0.9722222222222222,0.9210803227497351,0.027777777777777776
PR00003502,WO00003502,2026-05-25,B,P03,P03_L02,SKU006,480,17,0,463,54.878,375,363,12,48.596,1.0,0.8855299448051153,0.968,0.8571929865713516,0.032
PR00003503,WO00003503,2026-05-25,C,P03,P03_L02,SKU001,480,23,0,457,49.793,293,285,8,38.468,1.0,0.7725638409975725,0.9726962457337884,0.7514699477280142,0.027303754266211604
PR00003504,WO00003504,2026-05-25,A,P03,P03_L03,SKU003,480,0,49,431,58.1,382,372,10,53.179,0.8979166666666667,0.9152952546014352,0.9738219895287958,0.8003442340791739,0.02617801047120419
PR00003505,WO00003505,2026-05-25,B,P03,P03_L03,SKU004,480,0,0,480,56.693,391,377,14,48.875,1.0,0.8620993773481735,0.9641943734015346,0.8312313689520753,0.03580562659846547
PR00003506,WO00003506,2026-05-25,C,P03,P03_L03,SKU003,480,30,25,425,58.1,349,343,6,49.271,0.9444444444444444,0.8480307785764908,0.9828080229226361,0.78714859437751,0.017191977077363897
PR00003507,WO00003507,2026-05-26,A,P01,P01_L01,SKU001,480,0,0,480,49.793,366,357,9,45.75,1.0,0.918803847930432,0.9754098360655737,0.896210310686241,0.02459016393442623
PR00003508,WO00003508,2026-05-26,B,P01,P01_L01,SKU008,480,0,12,468,60.302,403,396,7,51.667,0.975,0.8567985583673289,0.9826302729528535,0.8208682962422473,0.017369727047146403
PR00003509,WO00003509,2026-05-26,C,P01,P01_L01,SKU004,480,0,0,480,56.693,390,375,15,48.75,1.0,0.859894519605595,0.9615384615384616,0.8268216534669184,0.038461538461538464
PR00003510,WO00003510,2026-05-26,A,P01,P01_L02,SKU001,480,30,15,435,49.793,331,323,8,45.655,0.9666666666666667,0.9168994118408833,0.9758308157099698,0.864914077614658,0.02416918429003021
PR00003511,WO00003511,2026-05-26,B,P01,P01_L02,SKU001,480,0,30,450,49.793,336,326,10,44.8,0.9375,0.8997248609242263,0.9702380952380952,0.8183881268451388,0.02976190476190476
PR00003512,WO00003512,2026-05-26,C,P01,P01_L02,SKU002,480,0,0,480,65.2,434,415,19,54.25,1.0,0.8320552147239263,0.956221198156682,0.7956288343558282,0.04377880184331797
PR00003513,WO00003513,2026-05-26,A,P01,P01_L03,SKU003,480,20,0,460,61.962,457,446,11,59.609,1.0,0.9620202003191296,0.975929978118162,0.9388643530466779,0.024070021881838075
PR00003514,WO00003514,2026-05-26,B,P01,P01_L03,SKU004,480,0,0,480,56.693,390,371,19,48.75,1.0,0.859894519605595,0.9512820512820512,0.8180022224966045,0.04871794871794872
PR00003515,WO00003515,2026-05-26,C,P01,P01_L03,SKU008,480,0,0,480,60.302,410,402,8,51.25,1.0,0.849888892574044,0.9804878048780488,0.8333056946701601,0.01951219512195122
PR00003516,WO00003516,2026-05-26,A,P02,P02_L01,SKU003,480,0,0,480,48.8,372,362,10,46.5,1.0,0.9528688524590164,0.9731182795698925,0.9272540983606558,0.026881720430107527
PR00003517,WO00003517,2026-05-26,B,P02,P02_L01,SKU003,480,31,0,449,48.8,315,309,6,42.094,1.0,0.862572565628537,0.9809523809523809,0.8461426119975172,0.01904761904761905
PR00003518,WO00003518,2026-05-26,C,P02,P02_L01,SKU005,480,24,0,456,48.8,298,291,7,39.211,1.0,0.8034943917169975,0.9765100671140939,0.7846203623813633,0.02348993288590604
PR00003519,WO00003519,2026-05-26,A,P02,P02_L02,SKU003,480,0,21,459,55.9,420,410,10,54.902,0.95625,0.9821459889859343,0.9761904761904762,0.9168157423971378,0.023809523809523808
PR00003520,WO00003520,2026-05-26,B,P02,P02_L02,SKU002,480,27,0,453,55.9,359,346,13,47.55,1.0,0.8506201945290195,0.9637883008356546,0.8198177919416176,0.036211699164345405
PR00003521,WO00003521,2026-05-26,C,P02,P02_L02,SKU008,480,0,0,480,55.9,372,366,6,46.5,1.0,0.8318425760286225,0.9838709677419355,0.8184257602862254,0.016129032258064516
PR00003522,WO00003522,2026-05-26,A,P02,P02_L03,SKU004,480,56,20,404,47.0,307,296,11,45.594,0.9528301886792453,0.9700863703391615,0.9641693811074918,0.8912083500602166,0.035830618892508145
PR00003523,WO00003523,2026-05-26,B,P02,P02_L03,SKU001,480,0,0,480,47.0,328,323,5,41.0,1.0,0.8723404255319149,0.9847560975609756,0.8590425531914894,0.01524390243902439
PR00003524,WO00003524,2026-05-26,C,P02,P02_L03,SKU007,480,0,0,480,47.0,302,297,5,37.75,1.0,0.8031914893617021,0.9834437086092715,0.7898936170212766,0.016556291390728478
PR00003525,WO00003525,2026-05-26,A,P03,P03_L01,SKU004,480,39,0,441,56.693,356,344,12,48.435,1.0,0.8543448776684929,0.9662921348314607,0.8255467357246111,0.033707865168539325
PR00003526,WO00003526,2026-05-26,B,P03,P03_L01,SKU004,480,0,0,480,56.693,387,376,11,48.375,1.0,0.8532799463778598,0.9715762273901809,0.8290265112094969,0.028423772609819122
PR00003527,WO00003527,2026-05-26,C,P03,P03_L01,SKU004,480,0,0,480,56.693,377,363,14,47.125,1.0,0.8312313689520753,0.9628647214854111,0.800363360555977,0.03713527851458886
PR00003528,WO00003528,2026-05-26,A,P03,P03_L02,SKU008,480,28,0,452,56.6,354,351,3,46.991,1.0,0.8302323399731074,0.9915254237288136,0.8231964726851997,0.00847457627118644
PR00003529,WO00003529,2026-05-26,B,P03,P03_L02,SKU001,480,0,0,480,49.793,351,341,10,43.875,1.0,0.8811479525234471,0.9715099715099715,0.8560440222521238,0.02849002849002849
PR00003530,WO00003530,2026-05-26,C,P03,P03_L02,SKU006,480,0,0,480,54.878,383,371,12,47.875,1.0,0.8723896643463683,0.9686684073107049,0.845056306716717,0.031331592689295036
PR00003531,WO00003531,2026-05-26,A,P03,P03_L03,SKU006,480,0,0,480,54.878,446,435,11,55.75,1.0,1.0,0.9753363228699552,0.9753363228699552,0.02466367713004484
PR00003532,WO00003532,2026-05-26,B,P03,P03_L03,SKU006,480,0,0,480,54.878,403,392,11,50.375,1.0,0.917945260395787,0.9727047146401985,0.8928896825686067,0.02729528535980149
PR00003533,WO00003533,2026-05-26,C,P03,P03_L03,SKU008,480,0,0,480,58.1,385,377,8,48.125,1.0,0.8283132530120482,0.9792207792207792,0.8111015490533563,0.02077922077922078
PR00003534,WO00003534,2026-05-27,A,P01,P01_L01,SKU001,480,0,0,480,49.793,369,362,7,46.125,1.0,0.926335027011829,0.981029810298103,0.9087622758219027,0.018970189701897018
PR00003535,WO00003535,2026-05-27,B,P01,P01_L01,SKU001,480,22,0,458,49.793,331,322,9,43.362,1.0,0.870854244870708,0.972809667673716,0.8471754285449183,0.027190332326283987
PR00003536,WO00003536,2026-05-27,C,P01,P01_L01,SKU005,480,18,0,462,50.42,315,305,10,40.909,1.0,0.811366340918106,0.9682539682539683,0.7856086793016582,0.031746031746031744
PR00003537,WO00003537,2026-05-27,A,P01,P01_L02,SKU001,480,0,0,480,49.793,359,351,8,44.875,1.0,0.9012310967405057,0.9777158774373259,0.8811479525234471,0.022284122562674095
PR00003538,WO00003538,2026-05-27,B,P01,P01_L02,SKU008,480,0,0,480,60.302,430,421,9,53.75,1.0,0.8913468873337534,0.9790697674418605,0.8726907896918842,0.020930232558139535
PR00003539,WO00003539,2026-05-27,C,P01,P01_L02,SKU001,480,0,0,480,49.793,353,344,9,44.125,1.0,0.8861687385777117,0.9745042492917847,0.8635752013335207,0.025495750708215296
PR00003540,WO00003540,2026-05-27,A,P01,P01_L03,SKU003,480,39,0,441,61.962,423,416,7,57.551,1.0,0.928811536234519,0.983451536643026,0.9134411325616073,0.016548463356973995
PR00003541,WO00003541,2026-05-27,B,P01,P01_L03,SKU003,480,0,21,459,61.962,440,431,9,57.516,0.95625,0.9282518296581944,0.9795454545454545,0.8694845227720216,0.020454545454545454
PR00003542,WO00003542,2026-05-27,C,P01,P01_L03,SKU003,480,39,0,441,61.962,438,427,11,59.592,1.0,0.9617481155336154,0.9748858447488584,0.9375946240476113,0.02511415525114155
PR00003543,WO00003543,2026-05-27,A,P02,P02_L01,SKU003,480,0,0,480,48.8,367,361,6,45.875,1.0,0.9400614754098361,0.9836512261580381,0.9246926229508197,0.01634877384196185
PR00003544,WO00003544,2026-05-27,B,P02,P02_L01,SKU001,480,0,0,480,48.8,320,312,8,40.0,1.0,0.819672131147541,0.975,0.7991803278688525,0.025
PR00003545,WO00003545,2026-05-27,C,P02,P02_L01,SKU003,480,41,0,439,48.8,309,300,9,42.232,1.0,0.8654169311774152,0.970873786407767,0.8402106127936071,0.02912621359223301
PR00003546,WO00003546,2026-05-27,A,P02,P02_L02,SKU002,480,39,0,441,55.9,349,338,11,47.483,1.0,0.8494274275005173,0.9684813753581661,0.8226546432526499,0.03151862464183381
PR00003547,WO00003547,2026-05-27,B,P02,P02_L02,SKU002,480,0,45,435,55.9,341,327,14,47.034,0.90625,0.8414039849484918,0.9589442815249267,0.731216457960644,0.04105571847507331
PR00003548,WO00003548,2026-05-27,C,P02,P02_L02,SKU004,480,32,0,448,55.9,344,332,12,46.071,1.0,0.8241758241758242,0.9651162790697675,0.7954255047278305,0.03488372093023256
PR00003549,WO00003549,2026-05-27,A,P02,P02_L03,SKU003,480,0,11,469,47.0,328,319,9,41.962,0.9770833333333333,0.8928004355124076,0.9725609756097561,0.848404255319149,0.027439024390243903
PR00003550,WO00003550,2026-05-27,B,P02,P02_L03,SKU003,480,0,14,466,47.0,352,343,9,45.322,0.9708333333333333,0.964295498128025,0.9744318181818182,0.9122340425531916,0.02556818181818182
PR00003551,WO00003551,2026-05-27,C,P02,P02_L03,SKU003,480,28,0,452,47.0,323,316,7,42.876,1.0,0.9122575786104312,0.978328173374613,0.8924872905290906,0.021671826625386997
PR00003552,WO00003552,2026-05-27,A,P03,P03_L01,SKU006,480,0,0,480,54.878,436,423,13,54.5,1.0,0.9931119938773278,0.9701834862385321,0.9635008564452057,0.02981651376146789
PR00003553,WO00003553,2026-05-27,B,P03,P03_L01,SKU001,480,0,0,480,49.793,345,338,7,43.125,1.0,0.8660855943606531,0.9797101449275363,0.8485128431707268,0.020289855072463767
PR00003554,WO00003554,2026-05-27,C,P03,P03_L01,SKU001,480,35,19,426,49.793,299,290,9,42.113,0.9573033707865168,0.8457549466057083,0.9698996655518395,0.7852735042175731,0.030100334448160536
PR00003555,WO00003555,2026-05-27,A,P03,P03_L02,SKU006,480,27,52,401,54.878,352,342,10,52.668,0.8852097130242825,0.9597348514351354,0.9715909090909091,0.8254311972927787,0.028409090909090908
PR00003556,WO00003556,2026-05-27,B,P03,P03_L02,SKU005,480,0,13,467,50.42,326,316,10,41.884,0.9729166666666667,0.8307094071469888,0.9693251533742331,0.7834192780642601,0.03067484662576687
PR00003557,WO00003557,2026-05-27,C,P03,P03_L02,SKU006,480,35,0,445,54.878,361,351,10,48.674,1.0,0.8869520992632892,0.9722991689750693,0.8623827890343893,0.027700831024930747
PR00003558,WO00003558,2026-05-27,A,P03,P03_L03,SKU004,480,0,0,480,56.693,406,394,12,50.75,1.0,0.8951722434868503,0.9704433497536946,0.8687139505759089,0.029556650246305417
PR00003559,WO00003559,2026-05-27,B,P03,P03_L03,SKU006,480,40,0,440,54.878,353,343,10,48.136,1.0,0.8771522948424438,0.9716713881019831,0.8523037879063973,0.028328611898016998
PR00003560,WO00003560,2026-05-27,C,P03,P03_L03,SKU004,480,0,0,480,56.693,373,360,13,46.625,1.0,0.8224119379817615,0.9651474530831099,0.7937487873282416,0.03485254691689008
PR00003561,WO00003561,2026-05-28,A,P01,P01_L01,SKU004,480,0,62,418,56.693,367,351,16,52.679,0.8708333333333333,0.9292051194560277,0.9564032697547684,0.7739050676450356,0.043596730245231606
PR00003562,WO00003562,2026-05-28,B,P01,P01_L01,SKU005,480,0,0,480,50.42,339,332,7,42.375,1.0,0.8404403014676716,0.9793510324483776,0.8230860769535899,0.02064896755162242
PR00003563,WO00003563,2026-05-28,C,P01,P01_L01,SKU007,480,33,0,447,69.9,435,431,4,58.389,1.0,0.8353256329751994,0.9908045977011494,0.8276444777294504,0.009195402298850575
PR00003564,WO00003564,2026-05-28,A,P01,P01_L02,SKU002,480,0,100,380,65.2,362,348,14,57.158,0.7916666666666666,0.8766548272521795,0.9613259668508287,0.6671779141104294,0.03867403314917127
PR00003565,WO00003565,2026-05-28,B,P01,P01_L02,SKU006,480,0,31,449,54.878,351,340,11,46.904,0.9354166666666667,0.854700091581967,0.9686609686609686,0.7744451328401181,0.03133903133903134
PR00003566,WO00003566,2026-05-28,C,P01,P01_L02,SKU001,480,0,0,480,49.793,334,325,9,41.75,1.0,0.8384712710621975,0.9730538922155688,0.8158777338180065,0.02694610778443114
PR00003567,WO00003567,2026-05-28,A,P01,P01_L03,SKU008,480,0,17,463,60.302,428,421,7,55.464,0.9645833333333333,0.9197765057704872,0.9836448598130841,0.8726907896918841,0.016355140186915886
PR00003568,WO00003568,2026-05-28,B,P01,P01_L03,SKU003,480,0,0,480,61.962,445,434,11,55.625,1.0,0.8977276395209967,0.9752808988764045,0.8755366192182304,0.024719101123595506
PR00003569,WO00003569,2026-05-28,C,P01,P01_L03,SKU007,480,0,0,480,74.2,526,515,11,65.75,1.0,0.8861185983827493,0.9790874524714829,0.8675876010781671,0.02091254752851711
PR00003570,WO00003570,2026-05-28,A,P02,P02_L01,SKU004,480,21,76,383,48.8,291,279,12,45.587,0.8344226579520697,0.9341694131746779,0.9587628865979382,0.7473481195756991,0.041237113402061855
PR00003571,WO00003571,2026-05-28,B,P02,P02_L01,SKU001,480,0,0,480,48.8,333,325,8,41.625,1.0,0.8529713114754098,0.975975975975976,0.8324795081967213,0.024024024024024024
PR00003572,WO00003572,2026-05-28,C,P02,P02_L01,SKU003,480,0,0,480,48.8,329,320,9,41.125,1.0,0.8427254098360656,0.9726443768996961,0.819672131147541,0.02735562310030395
PR00003573,WO00003573,2026-05-28,A,P02,P02_L02,SKU002,480,32,0,448,55.9,346,333,13,46.339,1.0,0.8289675440838232,0.9624277456647399,0.7978213646818298,0.03757225433526012
PR00003574,WO00003574,2026-05-28,B,P02,P02_L02,SKU001,480,0,10,470,49.793,330,321,9,42.128,0.9791666666666666,0.846055862761193,0.9727272727272728,0.8058361617094772,0.02727272727272727
PR00003575,WO00003575,2026-05-28,C,P02,P02_L02,SKU002,480,19,0,461,55.9,347,336,11,45.163,1.0,0.8079193167222224,0.968299711815562,0.7823080415523537,0.03170028818443804
PR00003576,WO00003576,2026-05-28,A,P02,P02_L03,SKU005,480,0,0,480,47.0,289,281,8,36.125,1.0,0.7686170212765957,0.972318339100346,0.7473404255319148,0.02768166089965398
PR00003577,WO00003577,2026-05-28,B,P02,P02_L03,SKU007,480,30,0,450,47.0,290,284,6,38.667,1.0,0.8226950354609929,0.9793103448275862,0.8056737588652482,0.020689655172413793
PR00003578,WO00003578,2026-05-28,C,P02,P02_L03,SKU002,480,0,0,480,47.0,292,277,15,36.5,1.0,0.776595744680851,0.9486301369863014,0.7367021276595744,0.05136986301369863
PR00003579,WO00003579,2026-05-28,A,P03,P03_L01,SKU004,480,51,0,429,56.693,373,360,13,52.168,1.0,0.9201811893502225,0.9651474530831099,0.8881105312763542,0.03485254691689008
PR00003580,WO00003580,2026-05-28,B,P03,P03_L01,SKU004,480,30,0,450,56.693,386,374,12,51.467,1.0,0.9078134278776333,0.9689119170984456,0.8795912487726292,0.031088082901554404
PR00003581,WO00003581,2026-05-28,C,P03,P03_L01,SKU006,480,41,8,431,54.878,353,340,13,49.142,0.9817767653758542,0.8954687000711724,0.9631728045325779,0.8467737215563933,0.036827195467422094
PR00003582,WO00003582,2026-05-28,A,P03,P03_L02,SKU006,480,0,27,453,54.878,399,390,9,52.848,0.94375,0.9630030635082419,0.9774436090225563,0.8883341229636649,0.022556390977443608
PR00003583,WO00003583,2026-05-28,B,P03,P03_L02,SKU004,480,37,0,443,56.6,358,345,13,48.488,1.0,0.8566711068924534,0.9636871508379888,0.8255629382064146,0.036312849162011177
PR00003584,WO00003584,2026-05-28,C,P03,P03_L02,SKU002,480,81,0,399,56.6,300,289,11,45.113,1.0,0.7970456175775126,0.9633333333333334,0.7678206115996705,0.03666666666666667
PR00003585,WO00003585,2026-05-28,A,P03,P03_L03,SKU004,480,0,0,480,56.693,399,386,13,49.875,1.0,0.8797382392888011,0.9674185463659147,0.8510750886352813,0.03258145363408521
PR00003586,WO00003586,2026-05-28,B,P03,P03_L03,SKU001,480,0,0,480,49.793,345,334,11,43.125,1.0,0.8660855943606531,0.9681159420289855,0.8384712710621975,0.03188405797101449
PR00003587,WO00003587,2026-05-28,C,P03,P03_L03,SKU003,480,26,0,454,58.1,364,355,9,48.106,1.0,0.8279815296428003,0.9752747252747253,0.8075094588549288,0.024725274725274724
PR00003588,WO00003588,2026-05-29,A,P01,P01_L01,SKU002,480,26,39,415,69.9,415,399,16,60.0,0.9140969162995595,0.8583690987124463,0.9614457831325302,0.7543816528331853,0.03855421686746988
PR00003589,WO00003589,2026-05-29,B,P01,P01_L01,SKU001,480,0,0,480,49.793,347,339,8,43.375,1.0,0.8711063804149177,0.9769452449567724,0.8510232361978591,0.023054755043227664
PR00003590,WO00003590,2026-05-29,C,P01,P01_L01,SKU005,480,13,0,467,50.42,320,311,9,41.113,1.0,0.8154202769540995,0.971875,0.7924865816647655,0.028125
PR00003591,WO00003591,2026-05-29,A,P01,P01_L02,SKU001,480,0,0,480,49.793,364,354,10,45.5,1.0,0.9137830618761673,0.9725274725274725,0.888679131604844,0.027472527472527472
PR00003592,WO00003592,2026-05-29,B,P01,P01_L02,SKU008,480,46,0,434,60.302,367,361,6,50.737,1.0,0.8413871378882971,0.9836512261580381,0.8276314898574257,0.01634877384196185
PR00003593,WO00003593,2026-05-29,C,P01,P01_L02,SKU008,480,24,18,438,60.302,353,347,6,48.356,0.9605263157894737,0.8018998438453392,0.9830028328611898,0.7571539042957465,0.0169971671388102
PR00003594,WO00003594,2026-05-29,A,P01,P01_L03,SKU008,480,0,0,480,60.302,412,407,5,51.5,1.0,0.8540346920500149,0.9878640776699029,0.8436701933600875,0.012135922330097087
PR00003595,WO00003595,2026-05-29,B,P01,P01_L03,SKU003,480,39,0,441,61.962,423,416,7,57.551,1.0,0.928811536234519,0.983451536643026,0.9134411325616073,0.016548463356973995
PR00003596,WO00003596,2026-05-29,C,P01,P01_L03,SKU008,480,0,0,480,60.302,391,384,7,48.875,1.0,0.81050379755232,0.9820971867007673,0.7959934993864217,0.017902813299232736
PR00003597,WO00003597,2026-05-29,A,P02,P02_L01,SKU006,480,0,0,480,48.8,355,346,9,44.375,1.0,0.9093237704918034,0.9746478873239437,0.8862704918032788,0.02535211267605634
PR00003598,WO00003598,2026-05-29,B,P02,P02_L01,SKU001,480,0,0,480,48.8,343,336,7,42.875,1.0,0.8785860655737705,0.9795918367346939,0.860655737704918,0.02040816326530612
PR00003599,WO00003599,2026-05-29,C,P02,P02_L01,SKU001,480,0,16,464,48.8,313,304,9,40.474,0.9666666666666667,0.829388072357264,0.9712460063897763,0.7786885245901639,0.02875399361022364
PR00003600,WO00003600,2026-05-29,A,P02,P02_L02,SKU006,480,26,15,439,54.878,371,361,10,50.706,0.9669603524229075,0.9239795608747704,0.9730458221024259,0.8693693483968363,0.026954177897574125
PR00003601,WO00003601,2026-05-29,B,P02,P02_L02,SKU006,480,0,0,480,54.878,387,374,13,48.375,1.0,0.881500783556252,0.9664082687338501,0.8518896461241299,0.03359173126614987
PR00003602,WO00003602,2026-05-29,C,P02,P02_L02,SKU003,480,42,0,438,55.9,340,331,9,46.575,1.0,0.8331903840027446,0.9735294117647059,0.8111353444262014,0.026470588235294117
PR00003603,WO00003603,2026-05-29,A,P02,P02_L03,SKU007,480,0,15,465,47.0,330,326,4,42.581,0.96875,0.905971173644475,0.9878787878787879,0.8670212765957448,0.012121212121212121
PR00003604,WO00003604,2026-05-29,B,P02,P02_L03,SKU005,480,0,0,480,47.0,321,313,8,40.125,1.0,0.8537234042553191,0.9750778816199377,0.8324468085106382,0.024922118380062305
PR00003605,WO00003605,2026-05-29,C,P02,P02_L03,SKU007,480,0,0,480,47.0,316,311,5,39.5,1.0,0.8404255319148937,0.9841772151898734,0.8271276595744681,0.015822784810126583
PR00003606,WO00003606,2026-05-29,A,P03,P03_L01,SKU003,480,0,0,480,57.7,414,407,7,51.75,1.0,0.8968804159445407,0.9830917874396136,0.8817157712305026,0.016908212560386472
PR00003607,WO00003607,2026-05-29,B,P03,P03_L01,SKU004,480,39,0,441,56.693,361,351,10,49.116,1.0,0.8663441034784437,0.9722991689750693,0.8423456518585423,0.027700831024930747
PR00003608,WO00003608,2026-05-29,C,P03,P03_L01,SKU001,480,0,0,480,49.793,331,323,8,41.375,1.0,0.8309400919808005,0.9758308157099698,0.810856947763742,0.02416918429003021
PR00003609,WO00003609,2026-05-29,A,P03,P03_L02,SKU006,480,0,0,480,54.878,408,399,9,51.0,1.0,0.9293341594081417,0.9779411764705882,0.9088341411859032,0.022058823529411766
PR00003610,WO00003610,2026-05-29,B,P03,P03_L02,SKU006,480,0,0,480,54.878,358,346,12,44.75,1.0,0.8154451692845949,0.9664804469273743,0.7881118116549437,0.0335195530726257
PR00003611,WO00003611,2026-05-29,C,P03,P03_L02,SKU006,480,31,34,415,54.878,314,304,10,45.398,0.9242761692650334,0.8272457152492034,0.9681528662420382,0.7402530707718461,0.03184713375796178
PR00003612,WO00003612,2026-05-29,A,P03,P03_L03,SKU004,480,0,0,480,56.693,393,379,14,49.125,1.0,0.8665090928333304,0.9643765903307888,0.8356410844372322,0.035623409669211195
PR00003613,WO00003613,2026-05-29,B,P03,P03_L03,SKU001,480,0,0,480,49.793,353,347,6,44.125,1.0,0.8861687385777117,0.9830028328611898,0.8711063804149178,0.0169971671388102
PR00003614,WO00003614,2026-05-29,C,P03,P03_L03,SKU001,480,77,40,363,49.793,255,249,6,42.149,0.9007444168734491,0.8464796322892478,0.9764705882352941,0.7445215250691212,0.023529411764705882
PR00003615,WO00003615,2026-05-30,A,P01,P01_L01,SKU001,480,19,0,461,49.793,348,339,9,45.293,1.0,0.9096226708290327,0.9741379310344828,0.8860979465834543,0.02586206896551724
PR00003616,WO00003616,2026-05-30,C,P01,P01_L01,SKU005,480,29,0,451,50.42,295,287,8,39.246,1.0,0.7783839693360692,0.9728813559322034,0.7572752515235657,0.02711864406779661
PR00003617,WO00003617,2026-05-30,A,P01,P01_L02,SKU004,480,37,0,443,56.693,371,354,17,50.248,1.0,0.8863229498834541,0.954177897574124,0.8457097688914899,0.04582210242587601
PR00003618,WO00003618,2026-05-30,B,P01,P01_L02,SKU004,480,40,0,440,56.693,350,336,14,47.727,1.0,0.8418547744390442,0.96,0.8081805834614825,0.04
PR00003619,WO00003619,2026-05-30,C,P01,P01_L02,SKU001,480,0,0,480,49.793,368,356,12,46.0,1.0,0.9238246339846966,0.967391304347826,0.8936999176591086,0.03260869565217391
PR00003620,WO00003620,2026-05-30,A,P01,P01_L03,SKU008,480,30,0,450,60.302,397,390,7,52.933,1.0,0.877803942378915,0.982367758186398,0.8623262910019568,0.017632241813602016
PR00003621,WO00003621,2026-05-30,C,P01,P01_L03,SKU003,480,23,0,457,61.962,398,386,12,52.254,1.0,0.8433205726358578,0.9698492462311558,0.8178938217021133,0.03015075376884422
PR00003622,WO00003622,2026-05-30,B,P02,P02_L01,SKU004,480,35,29,416,48.8,264,257,7,38.077,0.9348314606741573,0.7802648171500631,0.9734848484848485,0.7100755203536564,0.026515151515151516
PR00003623,WO00003623,2026-05-30,C,P02,P02_L01,SKU001,480,33,0,447,48.8,297,289,8,39.866,1.0,0.8169215535262405,0.9730639730639731,0.7949169325558367,0.026936026936026935
PR00003624,WO00003624,2026-05-30,B,P02,P02_L02,SKU002,480,0,14,466,55.9,381,368,13,49.056,0.9708333333333333,0.8775633987731004,0.9658792650918635,0.8228980322003578,0.03412073490813648
PR00003625,WO00003625,2026-05-30,C,P02,P02_L02,SKU004,480,27,0,453,55.9,327,313,14,43.311,1.0,0.7747988958523381,0.9571865443425076,0.7416270776812899,0.04281345565749235
PR00003626,WO00003626,2026-05-30,A,P02,P02_L03,SKU003,480,29,20,431,47.0,334,329,5,46.497,0.9556541019955654,0.9892876536505899,0.9850299401197605,0.9312638580931265,0.014970059880239521
PR00003627,WO00003627,2026-05-30,C,P02,P02_L03,SKU007,480,30,0,450,47.0,309,306,3,41.2,1.0,0.8765957446808511,0.9902912621359223,0.8680851063829788,0.009708737864077669
PR00003628,WO00003628,2026-05-30,B,P03,P03_L01,SKU002,480,52,0,428,57.7,355,347,8,49.766,1.0,0.8625018221869483,0.9774647887323944,0.8430651614052705,0.022535211267605635
PR00003629,WO00003629,2026-05-30,A,P03,P03_L02,SKU004,480,19,0,461,56.6,384,369,15,49.978,1.0,0.8830089757249182,0.9609375,0.8485164376106636,0.0390625
PR00003630,WO00003630,2026-05-30,B,P03,P03_L02,SKU004,480,70,69,341,56.6,287,278,9,50.499,0.8317073170731707,0.8922002424795084,0.9686411149825784,0.7187796259588037,0.0313588850174216
PR00003631,WO00003631,2026-05-30,A,P03,P03_L03,SKU007,480,0,0,480,58.1,419,413,6,52.375,1.0,0.9014629948364888,0.9856801909307876,0.8885542168674699,0.014319809069212411
PR00003632,WO00003632,2026-05-30,C,P03,P03_L03,SKU003,480,0,0,480,58.1,395,389,6,49.375,1.0,0.849827882960413,0.9848101265822785,0.8369191049913941,0.015189873417721518
PR00003633,WO00003633,2026-05-31,A,P01,P01_L01,SKU001,480,0,0,480,49.793,387,373,14,48.375,1.0,0.9715221015002109,0.9638242894056848,0.9363765991203583,0.03617571059431524
PR00003634,WO00003634,2026-05-31,B,P01,P01_L02,SKU004,480,67,11,402,56.693,325,311,14,48.507,0.9733656174334141,0.8556164374185026,0.9569230769230769,0.7969519704893726,0.043076923076923075
PR00003635,WO00003635,2026-05-31,C,P01,P01_L02,SKU004,480,0,74,406,56.693,326,312,14,48.177,0.8458333333333333,0.8497934471888563,0.9570552147239264,0.687915615684476,0.04294478527607362
PR00003636,WO00003636,2026-05-31,A,P01,P01_L03,SKU003,480,17,0,463,61.962,463,450,13,60.0,1.0,0.9683354313934347,0.9719222462203023,0.9411467475746125,0.028077753779697623
PR00003637,WO00003637,2026-05-31,B,P01,P01_L03,SKU003,480,71,0,409,61.962,375,366,9,55.012,1.0,0.8878381094683081,0.976,0.8665299948410687,0.024
PR00003638,WO00003638,2026-05-31,B,P02,P02_L01,SKU001,480,71,0,409,48.8,283,275,8,41.516,1.0,0.8507355004208587,0.9717314487632509,0.8266864403382902,0.028268551236749116
PR00003639,WO00003639,2026-05-31,C,P02,P02_L01,SKU001,480,0,0,480,48.8,339,330,9,42.375,1.0,0.8683401639344263,0.9734513274336283,0.8452868852459017,0.02654867256637168
PR00003640,WO00003640,2026-05-31,A,P02,P02_L02,SKU002,480,0,0,480,55.9,366,350,16,45.75,1.0,0.8184257602862254,0.9562841530054644,0.7826475849731663,0.04371584699453552
PR00003641,WO00003641,2026-05-31,C,P02,P02_L02,SKU004,480,0,0,480,55.9,369,355,14,46.125,1.0,0.825134168157424,0.962059620596206,0.7938282647584973,0.037940379403794036
PR00003642,WO00003642,2026-05-31,B,P02,P02_L03,SKU003,480,50,0,430,47.0,305,299,6,42.558,1.0,0.9054923305294408,0.980327868852459,0.8876793666501731,0.019672131147540985
PR00003643,WO00003643,2026-05-31,C,P02,P02_L03,SKU005,480,46,22,412,47.0,256,249,7,37.282,0.9493087557603687,0.7932245403842182,0.97265625,0.7324247475242672,0.02734375
PR00003644,WO00003644,2026-05-31,B,P03,P03_L01,SKU001,480,50,0,430,49.793,321,314,7,44.791,1.0,0.8995380409780211,0.9781931464174455,0.8799219466264755,0.021806853582554516
PR00003645,WO00003645,2026-05-31,C,P03,P03_L01,SKU001,480,31,0,449,49.793,301,294,7,40.223,1.0,0.8077986293097522,0.9767441860465116,0.7890126146746417,0.023255813953488372
PR00003646,WO00003646,2026-05-31,B,P03,P03_L02,SKU002,480,0,14,466,56.6,369,355,14,47.511,0.9708333333333333,0.8394121839882315,0.962059620596206,0.7840106007067137,0.037940379403794036
PR00003647,WO00003647,2026-05-31,C,P03,P03_L02,SKU004,480,0,0,480,56.6,354,341,13,44.25,1.0,0.7818021201413428,0.963276836158192,0.7530918727915193,0.03672316384180791
PR00003648,WO00003648,2026-06-01,A,P01,P01_L01,SKU005,480,0,0,480,50.42,346,340,6,43.25,1.0,0.8577945259817532,0.9826589595375722,0.8429194763982546,0.017341040462427744
PR00003649,WO00003649,2026-06-01,B,P01,P01_L01,SKU001,480,0,0,480,49.793,344,337,7,43.0,1.0,0.8635752013335208,0.9796511627906976,0.8460024501435945,0.020348837209302327
PR00003650,WO00003650,2026-06-01,C,P01,P01_L01,SKU006,480,0,0,480,54.878,391,376,15,48.875,1.0,0.8906119027661358,0.9616368286445013,0.8564452057290718,0.03836317135549872
PR00003651,WO00003651,2026-06-01,A,P01,P01_L02,SKU004,480,0,0,480,56.693,402,385,17,50.25,1.0,0.8863528125165364,0.9577114427860697,0.8488702308927029,0.04228855721393035
PR00003652,WO00003652,2026-06-01,B,P01,P01_L02,SKU001,480,0,55,425,49.793,303,295,8,42.776,0.8854166666666666,0.859086027920296,0.9735973597359736,0.7405659430040368,0.026402640264026403
PR00003653,WO00003653,2026-06-01,C,P01,P01_L02,SKU005,480,0,0,480,50.42,340,332,8,42.5,1.0,0.8429194763982546,0.9764705882352941,0.8230860769535897,0.023529411764705882
PR00003654,WO00003654,2026-06-01,A,P01,P01_L03,SKU008,480,26,0,454,60.302,375,369,6,49.559,1.0,0.8218545216682493,0.984,0.8087048493215574,0.016
PR00003655,WO00003655,2026-06-01,B,P01,P01_L03,SKU003,480,0,7,473,61.962,470,459,11,59.619,0.9854166666666667,0.9621937690378737,0.9765957446808511,0.9259707562699718,0.023404255319148935
PR00003656,WO00003656,2026-06-01,C,P01,P01_L03,SKU003,480,0,0,480,61.962,429,417,12,53.625,1.0,0.8654497918078822,0.972027972027972,0.8412414060230463,0.027972027972027972
PR00003657,WO00003657,2026-06-01,A,P02,P02_L01,SKU002,480,15,0,465,48.8,288,278,10,37.161,1.0,0.7615018508725542,0.9652777777777778,0.7350608143839238,0.034722222222222224
PR00003658,WO00003658,2026-06-01,B,P02,P02_L01,SKU001,480,0,24,456,48.8,295,289,6,38.816,0.95,0.7954055220017258,0.9796610169491525,0.740266393442623,0.020338983050847456
PR00003659,WO00003659,2026-06-01,C,P02,P02_L01,SKU004,480,39,0,441,48.8,293,282,11,39.864,1.0,0.816884130701461,0.962457337883959,0.7862161257945802,0.03754266211604096
PR00003660,WO00003660,2026-06-01,A,P02,P02_L02,SKU004,480,60,0,420,55.9,349,335,14,49.857,1.0,0.891898798875543,0.9598853868194842,0.856120623562484,0.04011461318051576
PR00003661,WO00003661,2026-06-01,B,P02,P02_L02,SKU002,480,20,0,460,55.9,363,347,16,47.348,1.0,0.8470094112156802,0.9559228650137741,0.8096756630629229,0.0440771349862259
PR00003662,WO00003662,2026-06-01,C,P02,P02_L02,SKU002,480,0,0,480,55.9,335,321,14,41.875,1.0,0.7491055456171736,0.9582089552238806,0.7177996422182469,0.041791044776119404
PR00003663,WO00003663,2026-06-01,A,P02,P02_L03,SKU003,480,0,0,480,47.0,333,327,6,41.625,1.0,0.8856382978723404,0.9819819819819819,0.8696808510638298,0.018018018018018018
PR00003664,WO00003664,2026-06-01,B,P02,P02_L03,SKU003,480,19,59,402,47.0,275,268,7,41.045,0.8720173535791758,0.8732931089234677,0.9745454545454545,0.7421424285780217,0.025454545454545455
PR00003665,WO00003665,2026-06-01,C,P02,P02_L03,SKU001,480,17,14,449,47.0,290,282,8,38.753,0.9697624190064795,0.8245273183907501,0.9724137931034482,0.7775377969762419,0.027586206896551724
PR00003666,WO00003666,2026-06-01,A,P03,P03_L01,SKU001,480,28,0,452,49.793,370,360,10,49.115,1.0,0.9863845168555342,0.972972972972973,0.9597254758594387,0.02702702702702703
PR00003667,WO00003667,2026-06-01,B,P03,P03_L01,SKU001,480,0,0,480,49.793,344,339,5,43.0,1.0,0.8635752013335208,0.9854651162790697,0.8510232361978591,0.014534883720930232
PR00003668,WO00003668,2026-06-01,C,P03,P03_L01,SKU002,480,53,0,427,57.7,325,312,13,45.667,1.0,0.7914635581766303,0.96,0.7598050158495651,0.04
PR00003669,WO00003669,2026-06-01,A,P03,P03_L02,SKU006,480,0,74,406,54.878,291,284,7,43.005,0.8458333333333333,0.7836460167712814,0.9759450171821306,0.6468894639017456,0.024054982817869417
PR00003670,WO00003670,2026-06-01,B,P03,P03_L02,SKU006,480,31,0,449,54.878,358,348,10,47.84,1.0,0.8717453925536872,0.9720670391061452,0.847394962594087,0.027932960893854747
PR00003671,WO00003671,2026-06-01,C,P03,P03_L02,SKU006,480,43,0,437,54.878,356,347,9,48.879,1.0,0.8906796628060262,0.9747191011235955,0.8681624803193569,0.025280898876404494
PR00003672,WO00003672,2026-06-01,A,P03,P03_L03,SKU001,480,0,39,441,49.793,317,310,7,43.129,0.91875,0.8661709818785828,0.9779179810725552,0.7782218384110215,0.022082018927444796
PR00003673,WO00003673,2026-06-01,B,P03,P03_L03,SKU001,480,27,52,401,49.793,283,275,8,42.344,0.8852097130242825,0.8504034633557492,0.9717314487632509,0.7315052529392214,0.028268551236749116
PR00003674,WO00003674,2026-06-01,C,P03,P03_L03,SKU004,480,0,0,480,56.693,380,366,14,47.5,1.0,0.8378459421798106,0.9631578947368421,0.8069779337837123,0.03684210526315789
PR00003675,WO00003675,2026-06-02,A,P01,P01_L01,SKU001,480,0,0,480,49.793,347,339,8,43.375,1.0,0.8711063804149177,0.9769452449567724,0.8510232361978591,0.023054755043227664
PR00003676,WO00003676,2026-06-02,B,P01,P01_L01,SKU004,480,37,8,435,56.693,372,358,14,51.31,0.981941309255079,0.9050560885397881,0.9623655913978495,0.8552658114778345,0.03763440860215054
PR00003677,WO00003677,2026-06-02,C,P01,P01_L01,SKU004,480,0,0,480,56.693,368,353,15,46.0,1.0,0.8113876492688692,0.9592391304347826,0.7783147831301924,0.04076086956521739
PR00003678,WO00003678,2026-06-02,A,P01,P01_L02,SKU004,480,0,109,371,56.693,307,296,11,49.65,0.7729166666666667,0.87576236373682,0.9641693811074918,0.6526378918032208,0.035830618892508145
PR00003679,WO00003679,2026-06-02,B,P01,P01_L02,SKU003,480,20,0,460,61.962,457,444,13,59.609,1.0,0.9620202003191296,0.9715536105032823,0.9346541989971412,0.028446389496717725
PR00003680,WO00003680,2026-06-02,C,P01,P01_L02,SKU004,480,37,0,443,56.693,354,341,13,47.946,1.0,0.8457097688914899,0.963276836158192,0.8146526304858701,0.03672316384180791
PR00003681,WO00003681,2026-06-02,A,P01,P01_L03,SKU003,480,0,0,480,61.962,480,469,11,60.0,1.0,0.9683354313934346,0.9770833333333333,0.9461444110906684,0.022916666666666665
PR00003682,WO00003682,2026-06-02,B,P01,P01_L03,SKU008,480,0,0,480,60.302,399,390,9,49.875,1.0,0.8270869954562038,0.9774436090225563,0.8084308978143345,0.022556390977443608
PR00003683,WO00003683,2026-06-02,C,P01,P01_L03,SKU003,480,0,28,452,61.962,413,405,8,54.823,0.9416666666666667,0.8847843654103728,0.9806295399515739,0.8170330202382105,0.01937046004842615
PR00003684,WO00003684,2026-06-02,A,P02,P02_L01,SKU005,480,56,25,399,48.8,285,279,6,42.857,0.9410377358490566,0.8782201405152226,0.9789473684210527,0.8090395917104857,0.021052631578947368
PR00003685,WO00003685,2026-06-02,B,P02,P02_L01,SKU006,480,76,0,404,48.8,290,283,7,43.069,1.0,0.8825677649732186,0.9758620689655172,0.8612644051290375,0.02413793103448276
PR00003686,WO00003686,2026-06-02,C,P02,P02_L01,SKU003,480,0,0,480,48.8,318,311,7,39.75,1.0,0.8145491803278689,0.9779874213836478,0.7966188524590165,0.0220125786163522
PR00003687,WO00003687,2026-06-02,A,P02,P02_L02,SKU002,480,33,0,447,55.9,361,349,12,48.456,1.0,0.8668403549002894,0.9667590027700831,0.8380257170642688,0.0332409972299169
PR00003688,WO00003688,2026-06-02,B,P02,P02_L02,SKU001,480,37,0,443,49.793,326,318,8,44.153,1.0,0.8867410855206922,0.9754601226993865,0.8649805680846017,0.024539877300613498
PR00003689,WO00003689,2026-06-02,C,P02,P02_L02,SKU006,480,0,14,466,54.878,358,347,11,46.094,0.9708333333333333,0.8399435220098832,0.9692737430167597,0.7903895914574146,0.030726256983240222
PR00003690,WO00003690,2026-06-02,A,P02,P02_L03,SKU008,480,19,10,451,47.0,300,296,4,39.911,0.9783080260303688,0.8491767702976837,0.9866666666666667,0.8196796972354272,0.013333333333333334
PR00003691,WO00003691,2026-06-02,B,P02,P02_L03,SKU007,480,33,0,447,47.0,299,296,3,40.134,1.0,0.8539197486791374,0.9899665551839465,0.845351992003427,0.010033444816053512
PR00003692,WO00003692,2026-06-02,C,P02,P02_L03,SKU002,480,0,19,461,47.0,287,276,11,37.354,0.9604166666666667,0.794757003738404,0.9616724738675958,0.7340425531914893,0.03832752613240418
PR00003693,WO00003693,2026-06-02,A,P03,P03_L01,SKU001,480,0,0,480,49.793,363,355,8,45.375,1.0,0.911272668849035,0.977961432506887,0.8911895246319764,0.02203856749311295
PR00003694,WO00003694,2026-06-02,B,P03,P03_L01,SKU003,480,72,34,374,57.7,345,337,8,55.348,0.9166666666666666,0.9592303913845355,0.9768115942028985,0.8589050871648486,0.02318840579710145
PR00003695,WO00003695,2026-06-02,C,P03,P03_L01,SKU003,480,22,64,394,57.7,328,322,6,49.949,0.8602620087336245,0.8656713791798996,0.9817073170731707,0.731081561759742,0.018292682926829267
PR00003696,WO00003696,2026-06-02,A,P03,P03_L02,SKU001,480,0,0,480,49.793,341,333,8,42.625,1.0,0.8560440222521238,0.9765395894428153,0.8359608780350652,0.02346041055718475
PR00003697,WO00003697,2026-06-02,B,P03,P03_L02,SKU006,480,0,0,480,54.878,394,388,6,49.25,1.0,0.8974452421735486,0.9847715736040609,0.883778563358723,0.015228426395939087
PR00003698,WO00003698,2026-06-02,C,P03,P03_L02,SKU001,480,0,0,480,49.793,336,327,9,42.0,1.0,0.8434920571164621,0.9732142857142857,0.8208985198722711,0.026785714285714284
PR00003699,WO00003699,2026-06-02,A,P03,P03_L03,SKU004,480,26,0,454,56.693,383,372,11,50.617,1.0,0.892821690298727,0.9712793733681462,0.8671792918828367,0.028720626631853787
PR00003700,WO00003700,2026-06-02,B,P03,P03_L03,SKU003,480,0,0,480,58.1,418,409,9,52.25,1.0,0.8993115318416524,0.9784688995215312,0.879948364888124,0.0215311004784689
PR00003701,WO00003701,2026-06-02,C,P03,P03_L03,SKU004,480,0,0,480,56.693,353,341,12,44.125,1.0,0.7783147831301924,0.9660056657223796,0.751856490219251,0.0339943342776204
PR00003702,WO00003702,2026-06-03,A,P01,P01_L01,SKU006,480,0,0,480,54.878,436,423,13,54.5,1.0,0.9931119938773278,0.9701834862385321,0.9635008564452057,0.02981651376146789
PR00003703,WO00003703,2026-06-03,B,P01,P01_L01,SKU001,480,30,0,450,49.793,335,326,9,44.667,1.0,0.8970471083619518,0.9731343283582089,0.8729473353014814,0.026865671641791045
PR00003704,WO00003704,2026-06-03,C,P01,P01_L01,SKU007,480,0,41,439,69.9,435,430,5,59.453,0.9145833333333333,0.8505479679724696,0.9885057471264368,0.7689556509298998,0.011494252873563218
PR00003705,WO00003705,2026-06-03,A,P01,P01_L02,SKU004,480,32,0,448,56.693,388,373,15,51.964,1.0,0.9165908615576124,0.961340206185567,0.8811556478376016,0.03865979381443299
PR00003706,WO00003706,2026-06-03,B,P01,P01_L02,SKU006,480,28,0,452,54.878,389,375,14,51.637,1.0,0.9409447891977281,0.9640102827763496,0.9070804523114345,0.03598971722365039
PR00003707,WO00003707,2026-06-03,C,P01,P01_L02,SKU006,480,0,0,480,54.878,366,353,13,45.75,1.0,0.8336674077043624,0.9644808743169399,0.8040562702722402,0.03551912568306011
PR00003708,WO00003708,2026-06-03,A,P01,P01_L03,SKU003,480,35,0,445,61.962,450,440,10,60.674,1.0,0.9792156047798777,0.9777777777777777,0.9574552580069915,0.022222222222222223
PR00003709,WO00003709,2026-06-03,B,P01,P01_L03,SKU003,480,49,0,431,61.962,434,425,9,60.418,1.0,0.9750755852082381,0.9792626728110599,0.9548551237638276,0.020737327188940093
PR00003710,WO00003710,2026-06-03,C,P01,P01_L03,SKU008,480,25,0,455,60.302,381,376,5,50.242,1.0,0.8331690199621612,0.9868766404199475,0.8222350433222378,0.013123359580052493
PR00003711,WO00003711,2026-06-03,A,P02,P02_L01,SKU003,480,0,0,480,48.8,378,371,7,47.25,1.0,0.9682377049180328,0.9814814814814815,0.9503073770491804,0.018518518518518517
PR00003712,WO00003712,2026-06-03,B,P02,P02_L01,SKU002,480,0,0,480,48.8,308,294,14,38.5,1.0,0.7889344262295083,0.9545454545454546,0.7530737704918034,0.045454545454545456
PR00003713,WO00003713,2026-06-03,C,P02,P02_L01,SKU003,480,0,0,480,48.8,309,301,8,38.625,1.0,0.7914959016393444,0.9741100323624595,0.7710040983606559,0.025889967637540454
PR00003714,WO00003714,2026-06-03,A,P02,P02_L02,SKU002,480,38,0,442,55.9,350,336,14,47.511,1.0,0.8499340289301355,0.96,0.8159366677729301,0.04
PR00003715,WO00003715,2026-06-03,B,P02,P02_L02,SKU002,480,61,16,403,55.9,301,289,12,44.814,0.9618138424821002,0.8016797098682955,0.9601328903654485,0.7403264438286917,0.03986710963455149
PR00003716,WO00003716,2026-06-03,C,P02,P02_L02,SKU002,480,0,0,480,55.9,350,338,12,43.75,1.0,0.7826475849731664,0.9657142857142857,0.7558139534883722,0.03428571428571429
PR00003717,WO00003717,2026-06-03,A,P02,P02_L03,SKU001,480,38,0,442,47.0,282,276,6,38.281,1.0,0.8144796380090499,0.9787234042553191,0.7971502840088573,0.02127659574468085
PR00003718,WO00003718,2026-06-03,B,P02,P02_L03,SKU007,480,33,0,447,47.0,281,278,3,37.718,1.0,0.802513208624875,0.9893238434163701,0.7939454519491645,0.010676156583629894
PR00003719,WO00003719,2026-06-03,C,P02,P02_L03,SKU004,480,21,0,459,47.0,292,282,10,38.17,1.0,0.8121262689472952,0.9657534246575342,0.7843137254901961,0.03424657534246575
PR00003720,WO00003720,2026-06-03,A,P03,P03_L01,SKU001,480,0,37,443,49.793,362,354,8,49.029,0.9229166666666667,0.9846634139830999,0.9779005524861878,0.8886791316048439,0.022099447513812154
PR00003721,WO00003721,2026-06-03,B,P03,P03_L01,SKU004,480,0,0,480,56.693,421,406,15,52.625,1.0,0.928245109625527,0.9643705463182898,0.8951722434868502,0.035629453681710214
PR00003722,WO00003722,2026-06-03,C,P03,P03_L01,SKU003,480,27,0,453,57.7,419,409,10,55.497,1.0,0.9618143629414533,0.9761336515513126,0.9388593662125403,0.02386634844868735
PR00003723,WO00003723,2026-06-03,A,P03,P03_L02,SKU001,480,0,18,462,49.793,343,335,8,44.545,0.9625,0.8946127878507932,0.9766763848396501,0.84098166408933,0.023323615160349854
PR00003724,WO00003724,2026-06-03,B,P03,P03_L02,SKU001,480,0,16,464,49.793,334,327,7,43.19,0.9666666666666667,0.8673840735126181,0.9790419161676647,0.8208985198722712,0.020958083832335328
PR00003725,WO00003725,2026-06-03,C,P03,P03_L02,SKU006,480,0,0,480,54.878,377,365,12,47.125,1.0,0.8587229855315427,0.9681697612732095,0.8313896279018914,0.03183023872679045
PR00003726,WO00003726,2026-06-03,A,P03,P03_L03,SKU001,480,0,0,480,49.793,355,348,7,44.375,1.0,0.8911895246319764,0.9802816901408451,0.8736167734420501,0.01971830985915493
PR00003727,WO00003727,2026-06-03,B,P03,P03_L03,SKU006,480,19,0,461,54.878,394,385,9,51.28,1.0,0.9344332239551049,0.9771573604060914,0.9130883025957243,0.02284263959390863
PR00003728,WO00003728,2026-06-03,C,P03,P03_L03,SKU005,480,0,0,480,50.42,318,310,8,39.75,1.0,0.7883776279254264,0.9748427672955975,0.7685442284807616,0.025157232704402517
PR00003729,WO00003729,2026-06-04,A,P01,P01_L01,SKU002,480,21,23,436,69.9,466,448,18,64.128,0.9498910675381264,0.9174311926605504,0.9613733905579399,0.8377981617062656,0.03862660944206009
PR00003730,WO00003730,2026-06-04,B,P01,P01_L01,SKU005,480,0,17,463,50.42,330,319,11,42.765,0.9645833333333333,0.8481669740914974,0.9666666666666667,0.7908568028560095,0.03333333333333333
PR00003731,WO00003731,2026-06-04,C,P01,P01_L01,SKU005,480,0,0,480,50.42,353,340,13,44.125,1.0,0.875148750495835,0.9631728045325779,0.8429194763982546,0.036827195467422094
PR00003732,WO00003732,2026-06-04,A,P01,P01_L02,SKU001,480,0,0,480,49.793,390,380,10,48.75,1.0,0.9790532805816079,0.9743589743589743,0.9539493503102846,0.02564102564102564
PR00003733,WO00003733,2026-06-04,B,P01,P01_L02,SKU008,480,0,24,456,60.302,396,388,8,52.105,0.95,0.8640718907813131,0.9797979797979798,0.8042850983383636,0.020202020202020204
PR00003734,WO00003734,2026-06-04,C,P01,P01_L02,SKU003,480,0,0,480,61.962,436,424,12,54.5,1.0,0.8795713501823698,0.9724770642201835,0.8553629643975339,0.027522935779816515
PR00003735,WO00003735,2026-06-04,A,P01,P01_L03,SKU003,480,0,150,330,61.962,330,322,8,60.0,0.6875,0.9683354313934347,0.9757575757575757,0.6495916852264291,0.024242424242424242
PR00003736,WO00003736,2026-06-04,B,P01,P01_L03,SKU003,480,43,0,437,61.962,410,400,10,56.293,1.0,0.9085069264789662,0.975609756097561,0.886348220955089,0.024390243902439025
PR00003737,WO00003737,2026-06-04,C,P01,P01_L03,SKU003,480,0,0,480,61.962,445,436,9,55.625,1.0,0.8977276395209967,0.9797752808988764,0.8795713501823698,0.020224719101123594
PR00003738,WO00003738,2026-06-04,A,P02,P02_L01,SKU003,480,33,0,447,48.8,313,307,6,42.013,1.0,0.8609307954670481,0.9808306709265175,0.8444273297392453,0.019169329073482427
PR00003739,WO00003739,2026-06-04,B,P02,P02_L01,SKU001,480,0,0,480,48.8,329,323,6,41.125,1.0,0.8427254098360656,0.9817629179331308,0.8273565573770493,0.0182370820668693
PR00003740,WO00003740,2026-06-04,C,P02,P02_L01,SKU006,480,38,0,442,48.8,328,317,11,44.525,1.0,0.9123952229063127,0.9664634146341463,0.8817966026259181,0.03353658536585366
PR00003741,WO00003741,2026-06-04,A,P02,P02_L02,SKU002,480,12,0,468,55.9,375,361,14,48.077,1.0,0.8600522911793037,0.9626666666666667,0.8279436723086097,0.037333333333333336
PR00003742,WO00003742,2026-06-04,B,P02,P02_L02,SKU002,480,0,0,480,55.9,348,335,13,43.5,1.0,0.778175313059034,0.9626436781609196,0.7491055456171736,0.03735632183908046
PR00003743,WO00003743,2026-06-04,C,P02,P02_L02,SKU002,480,29,0,451,55.9,341,329,12,45.366,1.0,0.8115537327108513,0.9648093841642229,0.7829946570729328,0.03519061583577713
PR00003744,WO00003744,2026-06-04,A,P02,P02_L03,SKU003,480,29,0,451,47.0,342,339,3,45.499,1.0,0.9680615181393595,0.9912280701754386,0.9595697504363826,0.008771929824561403
PR00003745,WO00003745,2026-06-04,B,P02,P02_L03,SKU005,480,27,0,453,47.0,283,275,8,37.483,1.0,0.7975200789065803,0.9717314487632509,0.7749753416936734,0.028268551236749116
PR00003746,WO00003746,2026-06-04,C,P02,P02_L03,SKU005,480,33,0,447,47.0,265,258,7,35.57,1.0,0.7568185063544195,0.9735849056603774,0.7368270741110952,0.026415094339622643
PR00003747,WO00003747,2026-06-04,A,P03,P03_L01,SKU003,480,0,0,480,57.7,437,431,6,54.625,1.0,0.9467071057192374,0.9862700228832952,0.9337088388214905,0.013729977116704805
PR00003748,WO00003748,2026-06-04,B,P03,P03_L01,SKU001,480,0,15,465,49.793,355,346,9,45.806,0.96875,0.919937573813653,0.9746478873239437,0.8685959873877855,0.02535211267605634
PR00003749,WO00003749,2026-06-04,C,P03,P03_L01,SKU003,480,0,0,480,57.7,404,397,7,50.5,1.0,0.8752166377816291,0.9826732673267327,0.860051993067591,0.017326732673267328
PR00003750,WO00003750,2026-06-04,A,P03,P03_L02,SKU001,480,0,0,480,49.793,350,342,8,43.75,1.0,0.8786375594963147,0.9771428571428571,0.858554415279256,0.022857142857142857
PR00003751,WO00003751,2026-06-04,B,P03,P03_L02,SKU004,480,0,0,480,56.6,404,393,11,50.5,1.0,0.892226148409894,0.9727722772277227,0.8679328621908127,0.027227722772277228
PR00003752,WO00003752,2026-06-04,C,P03,P03_L02,SKU006,480,0,20,460,54.878,347,336,11,45.261,0.9583333333333334,0.8247543563033891,0.968299711815562,0.7653340136302343,0.03170028818443804
PR00003753,WO00003753,2026-06-04,A,P03,P03_L03,SKU006,480,14,0,466,54.878,400,392,8,51.502,1.0,0.9384843821339477,0.98,0.9197146944912687,0.02
PR00003754,WO00003754,2026-06-04,B,P03,P03_L03,SKU001,480,39,0,441,49.793,321,312,9,43.673,1.0,0.8771005841735807,0.9719626168224299,0.8525089790098355,0.028037383177570093
PR00003755,WO00003755,2026-06-04,C,P03,P03_L03,SKU004,480,0,0,480,56.693,383,369,14,47.875,1.0,0.844460515407546,0.9634464751958225,0.8135925070114477,0.03655352480417755
PR00003756,WO00003756,2026-06-05,A,P01,P01_L01,SKU005,480,0,12,468,50.42,323,314,9,41.41,0.975,0.8213061564906071,0.9721362229102167,0.778460928203094,0.02786377708978328
PR00003757,WO00003757,2026-06-05,B,P01,P01_L01,SKU001,480,21,0,459,49.793,348,338,10,45.49,1.0,0.9135861683054118,0.9712643678160919,0.8873336922046816,0.028735632183908046
PR00003758,WO00003758,2026-06-05,C,P01,P01_L01,SKU001,480,0,0,480,49.793,334,324,10,41.75,1.0,0.8384712710621975,0.9700598802395209,0.8133673407908742,0.029940119760479042
PR00003759,WO00003759,2026-06-05,A,P01,P01_L02,SKU008,480,0,0,480,60.302,447,440,7,55.875,1.0,0.9265861828795064,0.9843400447427293,0.9120758847136081,0.015659955257270694
PR00003760,WO00003760,2026-06-05,B,P01,P01_L02,SKU004,480,0,0,480,56.693,421,405,16,52.625,1.0,0.928245109625527,0.9619952494061758,0.8929673857442718,0.03800475059382423
PR00003761,WO00003761,2026-06-05,C,P01,P01_L02,SKU006,480,38,0,442,54.878,367,352,15,49.819,1.0,0.9078137782879638,0.9591280653950953,0.8707096729083468,0.04087193460490463
PR00003762,WO00003762,2026-06-05,A,P01,P01_L03,SKU003,480,0,0,480,61.962,470,464,6,58.75,1.0,0.948161776572738,0.9872340425531915,0.9360575836803201,0.01276595744680851
PR00003763,WO00003763,2026-06-05,B,P01,P01_L03,SKU003,480,0,21,459,61.962,437,427,10,57.124,0.95625,0.9219228399105248,0.977116704805492,0.8614150608437429,0.02288329519450801
PR00003764,WO00003764,2026-06-05,C,P01,P01_L03,SKU003,480,0,0,480,61.962,415,406,9,51.875,1.0,0.837206675058907,0.9783132530120482,0.8190503857202801,0.021686746987951807
PR00003765,WO00003765,2026-06-05,A,P02,P02_L01,SKU003,480,17,0,463,48.8,338,334,4,43.801,1.0,0.8975675388591864,0.9881656804733728,0.8869454378075984,0.011834319526627219
PR00003766,WO00003766,2026-06-05,B,P02,P02_L01,SKU006,480,35,0,445,48.8,338,328,10,45.573,1.0,0.933873641554614,0.9704142011834319,0.9062442438754834,0.029585798816568046
PR00003767,WO00003767,2026-06-05,C,P02,P02_L01,SKU001,480,33,0,447,48.8,290,281,9,38.926,1.0,0.7976675101771372,0.9689655172413794,0.772912311585433,0.03103448275862069
PR00003768,WO00003768,2026-06-05,A,P02,P02_L02,SKU002,480,0,0,480,55.9,377,364,13,47.125,1.0,0.8430232558139535,0.9655172413793104,0.8139534883720931,0.034482758620689655
PR00003769,WO00003769,2026-06-05,B,P02,P02_L02,SKU006,480,0,32,448,54.878,365,353,12,48.884,0.9333333333333333,0.8907746013234551,0.9671232876712329,0.8040562702722402,0.03287671232876712
PR00003770,WO00003770,2026-06-05,C,P02,P02_L02,SKU002,480,25,24,431,55.9,303,291,12,42.181,0.9472527472527472,0.7545791498740293,0.9603960396039604,0.686469165896715,0.039603960396039604
PR00003771,WO00003771,2026-06-05,A,P02,P02_L03,SKU007,480,0,47,433,47.0,314,310,4,43.51,0.9020833333333333,0.9257530342489313,0.9872611464968153,0.824468085106383,0.012738853503184714
PR00003772,WO00003772,2026-06-05,B,P02,P02_L03,SKU003,480,0,0,480,47.0,342,334,8,42.75,1.0,0.9095744680851063,0.9766081871345029,0.8882978723404255,0.023391812865497075
PR00003773,WO00003773,2026-06-05,C,P02,P02_L03,SKU004,480,0,58,422,47.0,269,260,9,38.246,0.8791666666666667,0.8137541595240496,0.966542750929368,0.6914893617021276,0.03345724907063197
PR00003774,WO00003774,2026-06-05,A,P03,P03_L01,SKU004,480,26,0,454,56.693,404,390,14,53.392,1.0,0.9417753600017904,0.9653465346534653,0.9091395801997482,0.034653465346534656
PR00003775,WO00003775,2026-06-05,B,P03,P03_L01,SKU003,480,0,36,444,57.7,384,376,8,51.892,0.925,0.8993395475197901,0.9791666666666666,0.8145580589254765,0.020833333333333332
PR00003776,WO00003776,2026-06-05,C,P03,P03_L01,SKU006,480,0,0,480,54.878,383,373,10,47.875,1.0,0.8723896643463683,0.9738903394255874,0.849611866321659,0.02610966057441253
PR00003777,WO00003777,2026-06-05,A,P03,P03_L02,SKU006,480,0,0,480,54.878,393,382,11,49.125,1.0,0.8951674623710777,0.9720101781170484,0.8701118845438974,0.027989821882951654
PR00003778,WO00003778,2026-06-05,B,P03,P03_L02,SKU008,480,0,0,480,56.6,373,367,6,46.625,1.0,0.8237632508833922,0.9839142091152815,0.8105123674911661,0.0160857908847185
PR00003779,WO00003779,2026-06-05,C,P03,P03_L02,SKU001,480,0,0,480,49.793,331,323,8,41.375,1.0,0.8309400919808005,0.9758308157099698,0.810856947763742,0.02416918429003021
PR00003780,WO00003780,2026-06-05,A,P03,P03_L03,SKU006,480,50,0,430,54.878,374,363,11,52.186,1.0,0.9509465817199588,0.9705882352941176,0.9229775646105483,0.029411764705882353
PR00003781,WO00003781,2026-06-05,B,P03,P03_L03,SKU004,480,27,0,453,56.693,368,357,11,48.742,1.0,0.8597485025365501,0.970108695652174,0.8340494983846424,0.029891304347826088
PR00003782,WO00003782,2026-06-05,C,P03,P03_L03,SKU004,480,40,42,398,56.693,309,297,12,46.583,0.9045454545454545,0.8216695989428028,0.9611650485436893,0.7143739085954174,0.038834951456310676
PR00003783,WO00003783,2026-06-06,A,P01,P01_L01,SKU005,480,17,0,463,50.42,344,336,8,44.579,1.0,0.8841498154165913,0.9767441860465116,0.863588191802252,0.023255813953488372
PR00003784,WO00003784,2026-06-06,C,P01,P01_L01,SKU005,480,36,0,444,50.42,326,317,9,44.054,1.0,0.8737416512109094,0.9723926380368099,0.8496199491836144,0.027607361963190184
PR00003785,WO00003785,2026-06-06,B,P01,P01_L02,SKU002,480,0,0,480,65.2,465,443,22,58.125,1.0,0.8914877300613496,0.9526881720430107,0.8493098159509201,0.047311827956989246
PR00003786,WO00003786,2026-06-06,A,P01,P01_L03,SKU004,480,0,75,405,56.693,340,329,11,50.37,0.84375,0.8884760088612416,0.9676470588235294,0.7253981973083096,0.03235294117647059
PR00003787,WO00003787,2026-06-06,C,P01,P01_L03,SKU003,480,0,0,480,61.962,441,429,12,55.125,1.0,0.889658177592718,0.9727891156462585,0.8654497918078822,0.027210884353741496
PR00003788,WO00003788,2026-06-06,A,P02,P02_L01,SKU005,480,0,19,461,48.8,308,301,7,40.087,0.9604166666666667,0.8214501618007894,0.9772727272727273,0.7710040983606559,0.022727272727272728
PR00003789,WO00003789,2026-06-06,B,P02,P02_L01,SKU003,480,0,0,480,48.8,360,353,7,45.0,1.0,0.9221311475409837,0.9805555555555555,0.9042008196721312,0.019444444444444445
PR00003790,WO00003790,2026-06-06,C,P02,P02_L01,SKU003,480,59,102,319,48.8,222,217,5,41.755,0.7577197149643705,0.8556452027339535,0.9774774774774775,0.6337370040107473,0.02252252252252252
PR00003791,WO00003791,2026-06-06,A,P02,P02_L02,SKU002,480,18,0,462,55.9,353,342,11,45.844,1.0,0.8201101224357038,0.9688385269121813,0.794554282926376,0.031161473087818695
PR00003792,WO00003792,2026-06-06,B,P02,P02_L02,SKU002,480,36,64,380,55.9,273,262,11,43.105,0.8558558558558559,0.7711138310893514,0.9597069597069597,0.6333704008122614,0.040293040293040296
PR00003793,WO00003793,2026-06-06,C,P02,P02_L02,SKU005,480,0,0,480,50.42,320,310,10,40.0,1.0,0.7933359777865926,0.96875,0.7685442284807615,0.03125
PR00003794,WO00003794,2026-06-06,C,P02,P02_L03,SKU003,480,21,0,459,47.0,322,318,4,42.092,1.0,0.8955638993185927,0.9875776397515528,0.884438881935753,0.012422360248447204
PR00003795,WO00003795,2026-06-06,A,P03,P03_L01,SKU003,480,0,0,480,57.7,426,417,9,53.25,1.0,0.9228769497400346,0.9788732394366197,0.9033795493934142,0.02112676056338028
PR00003796,WO00003796,2026-06-06,B,P03,P03_L01,SKU004,480,36,52,392,56.693,330,318,12,50.51,0.8828828828828829,0.8909425163888427,0.9636363636363636,0.7579943374485911,0.03636363636363636
PR00003797,WO00003797,2026-06-06,C,P03,P03_L01,SKU001,480,0,22,458,49.793,307,300,7,40.218,0.9541666666666667,0.8077107346686022,0.9771986970684039,0.7531179081396984,0.02280130293159609
PR00003798,WO00003798,2026-06-06,A,P03,P03_L02,SKU002,480,0,0,480,56.6,396,384,12,49.5,1.0,0.8745583038869258,0.9696969696969697,0.8480565371024735,0.030303030303030304
PR00003799,WO00003799,2026-06-06,C,P03,P03_L02,SKU006,480,0,0,480,54.878,391,380,11,48.875,1.0,0.8906119027661358,0.9718670076726342,0.8655563249389554,0.028132992327365727
PR00003800,WO00003800,2026-06-06,A,P03,P03_L03,SKU006,480,0,7,473,54.878,399,387,12,50.613,0.9854166666666667,0.9222841179053564,0.9699248120300752,0.881500783556252,0.03007518796992481
PR00003801,WO00003801,2026-06-06,B,P03,P03_L03,SKU001,480,33,22,425,49.793,305,297,8,43.059,0.9507829977628636,0.8647565627580537,0.9737704918032787,0.800630044626364,0.02622950819672131
PR00003802,WO00003802,2026-06-07,B,P01,P01_L01,SKU005,480,30,24,426,50.42,314,306,8,44.225,0.9466666666666667,0.8771390740316553,0.9745222929936306,0.8092026973423245,0.025477707006369428
PR00003803,WO00003803,2026-06-07,A,P01,P01_L02,SKU001,480,0,10,470,49.793,356,347,9,45.447,0.9791666666666666,0.9127148095241961,0.9747191011235955,0.8711063804149177,0.025280898876404494
PR00003804,WO00003804,2026-06-07,B,P01,P01_L02,SKU004,480,0,0,480,56.693,401,385,16,50.125,1.0,0.884147954773958,0.9600997506234414,0.8488702308927029,0.0399002493765586
PR00003805,WO00003805,2026-06-07,C,P01,P01_L02,SKU001,480,0,0,480,49.793,321,313,8,40.125,1.0,0.8058361617094772,0.9750778816199377,0.7857530174924187,0.024922118380062305
PR00003806,WO00003806,2026-06-07,A,P01,P01_L03,SKU005,480,0,57,423,50.42,327,317,10,46.383,0.88125,0.9199321444546659,0.9694189602446484,0.7858984529948433,0.03058103975535168
PR00003807,WO00003807,2026-06-07,B,P01,P01_L03,SKU003,480,0,0,480,61.962,462,454,8,57.75,1.0,0.9320228527161808,0.9826839826839827,0.9158839288596236,0.017316017316017316
PR00003808,WO00003808,2026-06-07,A,P02,P02_L01,SKU003,480,0,22,458,48.8,349,339,10,45.721,0.9541666666666667,0.9368959839644928,0.9713467048710601,0.8683401639344263,0.02865329512893983
PR00003809,WO00003809,2026-06-07,B,P02,P02_L01,SKU003,480,34,0,446,48.8,336,329,7,45.202,1.0,0.9262662647945306,0.9791666666666666,0.9069690509446444,0.020833333333333332
PR00003810,WO00003810,2026-06-07,C,P02,P02_L01,SKU003,480,0,0,480,48.8,324,316,8,40.5,1.0,0.8299180327868853,0.9753086419753086,0.8094262295081968,0.024691358024691357
PR00003811,WO00003811,2026-06-07,A,P02,P02_L02,SKU004,480,0,0,480,55.9,418,405,13,52.25,1.0,0.9347048300536673,0.9688995215311005,0.9056350626118068,0.03110047846889952
PR00003812,WO00003812,2026-06-07,B,P02,P02_L02,SKU002,480,0,0,480,55.9,372,357,15,46.5,1.0,0.8318425760286225,0.9596774193548387,0.7983005366726297,0.04032258064516129
PR00003813,WO00003813,2026-06-07,C,P02,P02_L02,SKU004,480,34,58,388,55.9,292,280,12,45.155,0.8699551569506726,0.8077752983051473,0.958904109589041,0.6738490417706184,0.0410958904109589
PR00003814,WO00003814,2026-06-07,B,P02,P02_L03,SKU007,480,0,0,480,47.0,325,322,3,40.625,1.0,0.8643617021276596,0.9907692307692307,0.8563829787234043,0.009230769230769232
PR00003815,WO00003815,2026-06-07,A,P03,P03_L01,SKU003,480,19,0,461,57.7,401,394,7,52.191,1.0,0.904521479565559,0.9825436408977556,0.8887318278025691,0.017456359102244388
PR00003816,WO00003816,2026-06-07,C,P03,P03_L01,SKU004,480,0,0,480,56.693,392,376,16,49.0,1.0,0.8643042350907519,0.9591836734693877,0.8290265112094967,0.04081632653061224
PR00003817,WO00003817,2026-06-07,A,P03,P03_L02,SKU005,480,0,31,449,50.42,311,305,6,41.559,0.9354166666666667,0.8242566450722616,0.9807073954983923,0.7561483538278461,0.01929260450160772
PR00003818,WO00003818,2026-06-07,C,P03,P03_L02,SKU004,480,33,0,447,56.6,361,348,13,48.456,1.0,0.8561197144686603,0.96398891966759,0.8252899186567695,0.036011080332409975
PR00003819,WO00003819,2026-06-07,B,P03,P03_L03,SKU003,480,0,47,433,58.1,384,377,7,53.21,0.9020833333333333,0.9158375501345534,0.9817708333333334,0.8111015490533563,0.018229166666666668
PR00003820,WO00003820,2026-06-08,A,P01,P01_L01,SKU005,480,54,0,426,50.42,313,307,6,44.085,1.0,0.8743456374901533,0.9808306709265175,0.8575850182411408,0.019169329073482427
PR00003821,WO00003821,2026-06-08,B,P01,P01_L01,SKU007,480,14,0,466,69.9,492,484,8,63.348,1.0,0.9062609368380335,0.983739837398374,0.8915249866455452,0.016260162601626018
PR00003822,WO00003822,2026-06-08,C,P01,P01_L01,SKU005,480,0,0,480,50.42,327,316,11,40.875,1.0,0.8106902023006743,0.9663608562691132,0.7834192780642603,0.03363914373088685
PR00003823,WO00003823,2026-06-08,A,P01,P01_L02,SKU006,480,20,0,460,54.878,409,397,12,53.348,1.0,0.9721168061328131,0.9706601466992665,0.9435950416496988,0.029339853300733496
PR00003824,WO00003824,2026-06-08,B,P01,P01_L02,SKU008,480,0,0,480,60.302,420,413,7,52.5,1.0,0.8706178899538987,0.9833333333333333,0.8561075917880003,0.016666666666666666
PR00003825,WO00003825,2026-06-08,C,P01,P01_L02,SKU004,480,0,80,400,56.693,299,284,15,44.85,0.8333333333333334,0.7911029580371475,0.9498327759197325,0.6261795988922796,0.05016722408026756
PR00003826,WO00003826,2026-06-08,A,P01,P01_L03,SKU004,480,0,0,480,56.693,409,393,16,51.125,1.0,0.9017868167145856,0.960880195599022,0.8665090928333304,0.039119804400977995
PR00003827,WO00003827,2026-06-08,B,P01,P01_L03,SKU002,480,0,32,448,72.0,442,420,22,59.196,0.9333333333333333,0.822172619047619,0.9502262443438914,0.7291666666666665,0.049773755656108594
PR00003828,WO00003828,2026-06-08,C,P01,P01_L03,SKU008,480,0,0,480,60.302,385,382,3,48.125,1.0,0.7980663991244071,0.9922077922077922,0.7918476999104507,0.007792207792207792
PR00003829,WO00003829,2026-06-08,A,P02,P02_L01,SKU006,480,0,107,373,48.8,279,270,9,44.879,0.7770833333333333,0.9196589460730453,0.967741935483871,0.6915983606557378,0.03225806451612903
PR00003830,WO00003830,2026-06-08,B,P02,P02_L01,SKU001,480,35,71,374,48.8,264,256,8,42.353,0.8404494382022472,0.8678881388621023,0.9696969696969697,0.7073125805857432,0.030303030303030304
PR00003831,WO00003831,2026-06-08,C,P02,P02_L01,SKU003,480,30,0,450,48.8,291,285,6,38.8,1.0,0.7950819672131147,0.979381443298969,0.7786885245901639,0.020618556701030927
PR00003832,WO00003832,2026-06-08,A,P02,P02_L02,SKU002,480,0,0,480,55.9,378,368,10,47.25,1.0,0.8452593917710197,0.9735449735449735,0.8228980322003577,0.026455026455026454
PR00003833,WO00003833,2026-06-08,B,P02,P02_L02,SKU002,480,0,36,444,55.9,329,316,13,44.459,0.925,0.7953391674321907,0.9604863221884499,0.706618962432916,0.03951367781155015
PR00003834,WO00003834,2026-06-08,C,P02,P02_L02,SKU008,480,32,0,448,55.9,337,332,5,45.134,1.0,0.8074048044978278,0.9851632047477745,0.7954255047278304,0.01483679525222552
PR00003835,WO00003835,2026-06-08,A,P02,P02_L03,SKU003,480,0,0,480,47.0,336,330,6,42.0,1.0,0.8936170212765957,0.9821428571428571,0.8776595744680851,0.017857142857142856
PR00003836,WO00003836,2026-06-08,B,P02,P02_L03,SKU004,480,26,5,449,47.0,284,274,10,37.951,0.9889867841409692,0.8074681324930104,0.9647887323943662,0.7704564626487955,0.035211267605633804
PR00003837,WO00003837,2026-06-08,C,P02,P02_L03,SKU007,480,0,19,461,47.0,291,287,4,37.874,0.9604166666666667,0.8058337564037477,0.9862542955326461,0.7632978723404256,0.013745704467353952
PR00003838,WO00003838,2026-06-08,A,P03,P03_L01,SKU007,480,0,0,480,57.7,433,429,4,54.125,1.0,0.9380415944540728,0.9907621247113164,0.9293760831889082,0.009237875288683603
PR00003839,WO00003839,2026-06-08,B,P03,P03_L01,SKU001,480,0,21,459,49.793,313,305,8,40.915,0.95625,0.8217025019528561,0.9744408945686901,0.7656698732753601,0.025559105431309903
PR00003840,WO00003840,2026-06-08,C,P03,P03_L01,SKU001,480,26,0,454,49.793,337,327,10,44.537,1.0,0.8944519296672365,0.9703264094955489,0.8679103293803749,0.02967359050445104
PR00003841,WO00003841,2026-06-08,A,P03,P03_L02,SKU006,480,22,6,452,54.878,377,367,10,50.044,0.9868995633187773,0.9119182147237621,0.9734748010610079,0.876099759832489,0.026525198938992044
PR00003842,WO00003842,2026-06-08,B,P03,P03_L02,SKU006,480,20,29,431,54.878,362,351,11,50.394,0.9369565217391305,0.9182993468151966,0.9696132596685083,0.8342616111310941,0.03038674033149171
PR00003843,WO00003843,2026-06-08,C,P03,P03_L02,SKU006,480,0,53,427,54.878,368,356,12,51.71,0.8895833333333333,0.9422646939308339,0.967391304347826,0.810889609679653,0.03260869565217391
PR00003844,WO00003844,2026-06-08,A,P03,P03_L03,SKU004,480,0,0,480,56.693,412,400,12,51.5,1.0,0.908401389942321,0.970873786407767,0.8819430970313796,0.02912621359223301
PR00003845,WO00003845,2026-06-08,B,P03,P03_L03,SKU004,480,0,0,480,56.693,385,372,13,48.125,1.0,0.8488702308927029,0.9662337662337662,0.820207080239183,0.033766233766233764
PR00003846,WO00003846,2026-06-08,C,P03,P03_L03,SKU003,480,0,0,480,58.1,408,401,7,51.0,1.0,0.8777969018932874,0.9828431372549019,0.8627366609294319,0.01715686274509804
PR00003847,WO00003847,2026-06-09,A,P01,P01_L01,SKU007,480,0,0,480,69.9,517,513,4,64.625,1.0,0.9245350500715307,0.9922630560928434,0.917381974248927,0.007736943907156673
PR00003848,WO00003848,2026-06-09,B,P01,P01_L01,SKU007,480,0,0,480,69.9,522,517,5,65.25,1.0,0.9334763948497853,0.9904214559386973,0.9245350500715307,0.009578544061302681
PR00003849,WO00003849,2026-06-09,C,P01,P01_L01,SKU006,480,17,0,463,54.878,383,369,14,49.633,1.0,0.9044212502942911,0.9634464751958225,0.8713614656882335,0.03655352480417755
PR00003850,WO00003850,2026-06-09,A,P01,P01_L02,SKU002,480,0,0,480,65.2,473,454,19,59.125,1.0,0.9068251533742331,0.959830866807611,0.8703987730061349,0.040169133192389
PR00003851,WO00003851,2026-06-09,B,P01,P01_L02,SKU008,480,35,0,445,60.302,375,369,6,50.562,1.0,0.8384762985109778,0.984,0.8250606777348022,0.016
PR00003852,WO00003852,2026-06-09,C,P01,P01_L02,SKU002,480,50,0,430,65.2,397,380,17,55.395,1.0,0.8496219146811242,0.9571788413098237,0.8132401198459124,0.042821158690176324
PR00003853,WO00003853,2026-06-09,A,P01,P01_L03,SKU003,480,0,0,480,61.962,474,464,10,59.25,1.0,0.9562312385010167,0.9789029535864979,0.9360575836803201,0.02109704641350211
PR00003854,WO00003854,2026-06-09,B,P01,P01_L03,SKU007,480,31,0,449,74.2,495,483,12,66.147,1.0,0.891468912648053,0.9757575757575757,0.8698575450687062,0.024242424242424242
PR00003855,WO00003855,2026-06-09,C,P01,P01_L03,SKU003,480,19,0,461,61.962,404,396,8,52.581,1.0,0.8486063216549838,0.9801980198019802,0.8318022360776575,0.019801980198019802
PR00003856,WO00003856,2026-06-09,A,P02,P02_L01,SKU003,480,41,15,424,48.8,328,322,6,46.415,0.9658314350797267,0.9511289823693165,0.9817073170731707,0.9018260577318049,0.018292682926829267
PR00003857,WO00003857,2026-06-09,B,P02,P02_L01,SKU003,480,0,0,480,48.8,363,353,10,45.375,1.0,0.9298155737704918,0.9724517906336089,0.9042008196721313,0.027548209366391185
PR00003858,WO00003858,2026-06-09,C,P02,P02_L01,SKU003,480,35,50,395,48.8,276,270,6,41.924,0.8876404494382022,0.8590993982153974,0.9782608695652174,0.7459937373365261,0.021739130434782608
PR00003859,WO00003859,2026-06-09,A,P02,P02_L02,SKU002,480,36,40,404,55.9,322,310,12,47.822,0.9099099099099099,0.8554880532775997,0.9627329192546584,0.7494077261519123,0.037267080745341616
PR00003860,WO00003860,2026-06-09,B,P02,P02_L02,SKU005,480,37,0,443,50.42,299,292,7,40.497,1.0,0.803185521528864,0.9765886287625418,0.7843818471118004,0.023411371237458192
PR00003861,WO00003861,2026-06-09,C,P02,P02_L02,SKU003,480,17,0,463,55.9,369,360,9,47.819,1.0,0.8554306710919298,0.975609756097561,0.8345665083823706,0.024390243902439025
PR00003862,WO00003862,2026-06-09,A,P02,P02_L03,SKU007,480,0,0,480,47.0,319,315,4,39.875,1.0,0.848404255319149,0.987460815047022,0.8377659574468086,0.012539184952978056
PR00003863,WO00003863,2026-06-09,B,P02,P02_L03,SKU003,480,0,0,480,47.0,339,332,7,42.375,1.0,0.901595744680851,0.9793510324483776,0.8829787234042553,0.02064896755162242
PR00003864,WO00003864,2026-06-09,C,P02,P02_L03,SKU003,480,0,50,430,47.0,293,287,6,40.884,0.8958333333333334,0.8698664027709054,0.9795221843003413,0.7632978723404256,0.020477815699658702
PR00003865,WO00003865,2026-06-09,A,P03,P03_L01,SKU001,480,0,0,480,49.793,349,341,8,43.625,1.0,0.8761271664691824,0.9770773638968482,0.8560440222521238,0.022922636103151862
PR00003866,WO00003866,2026-06-09,B,P03,P03_L01,SKU004,480,40,0,440,56.693,352,339,13,48.0,1.0,0.8466653731501245,0.9630681818181818,0.8153964815281027,0.036931818181818184
PR00003867,WO00003867,2026-06-09,C,P03,P03_L01,SKU001,480,31,0,449,49.793,320,312,8,42.762,1.0,0.858789240462195,0.975,0.83731950945064,0.025
PR00003868,WO00003868,2026-06-09,A,P03,P03_L02,SKU001,480,0,16,464,49.793,354,345,9,45.776,0.9666666666666667,0.9193232395912181,0.9745762711864406,0.8660855943606531,0.025423728813559324
PR00003869,WO00003869,2026-06-09,B,P03,P03_L02,SKU002,480,0,0,480,56.6,388,374,14,48.5,1.0,0.8568904593639576,0.9639175257731959,0.8259717314487632,0.03608247422680412
PR00003870,WO00003870,2026-06-09,C,P03,P03_L02,SKU008,480,33,0,447,56.6,318,314,4,42.685,1.0,0.7541442360139445,0.9874213836477987,0.7446581449949012,0.012578616352201259
PR00003871,WO00003871,2026-06-09,A,P03,P03_L03,SKU004,480,44,0,436,56.693,395,379,16,54.358,1.0,0.9588096972313621,0.959493670886076,0.9199718360776867,0.04050632911392405
PR00003872,WO00003872,2026-06-09,B,P03,P03_L03,SKU001,480,0,0,480,49.793,354,346,8,44.25,1.0,0.888679131604844,0.9774011299435028,0.8685959873877854,0.022598870056497175
PR00003873,WO00003873,2026-06-09,C,P03,P03_L03,SKU004,480,17,0,463,56.693,365,350,15,47.3,1.0,0.8343219794810891,0.958904109589041,0.80003477484488,0.0410958904109589
PR00003874,WO00003874,2026-06-10,A,P01,P01_L01,SKU007,480,0,0,480,69.9,494,487,7,61.75,1.0,0.8834048640915593,0.9858299595141701,0.8708869814020028,0.01417004048582996
PR00003875,WO00003875,2026-06-10,B,P01,P01_L01,SKU005,480,24,21,435,50.42,305,295,10,42.069,0.9539473684210527,0.8343705973272784,0.9672131147540983,0.7698490573915948,0.03278688524590164
PR00003876,WO00003876,2026-06-10,C,P01,P01_L01,SKU005,480,35,19,426,50.42,289,282,7,40.704,0.9573033707865168,0.8073031604941031,0.9757785467128027,0.754114873266806,0.02422145328719723
PR00003877,WO00003877,2026-06-10,A,P01,P01_L02,SKU001,480,0,0,480,49.793,346,337,9,43.25,1.0,0.8685959873877854,0.9739884393063584,0.8460024501435944,0.02601156069364162
PR00003878,WO00003878,2026-06-10,B,P01,P01_L02,SKU006,480,0,0,480,54.878,402,387,15,50.25,1.0,0.915667480593316,0.9626865671641791,0.881500783556252,0.03731343283582089
PR00003879,WO00003879,2026-06-10,C,P01,P01_L02,SKU001,480,0,0,480,49.793,334,324,10,41.75,1.0,0.8384712710621975,0.9700598802395209,0.8133673407908742,0.029940119760479042
PR00003880,WO00003880,2026-06-10,A,P01,P01_L03,SKU003,480,0,0,480,61.962,476,465,11,59.5,1.0,0.960265969465156,0.976890756302521,0.9380749491623898,0.023109243697478993
PR00003881,WO00003881,2026-06-10,B,P01,P01_L03,SKU007,480,0,0,480,74.2,522,518,4,65.25,1.0,0.8793800539083557,0.9923371647509579,0.8726415094339622,0.007662835249042145
PR00003882,WO00003882,2026-06-10,C,P01,P01_L03,SKU007,480,0,10,470,74.2,480,475,5,61.277,0.9791666666666666,0.8258301313299306,0.9895833333333334,0.8002021563342318,0.010416666666666666
PR00003883,WO00003883,2026-06-10,A,P02,P02_L01,SKU004,480,0,17,463,48.8,340,328,12,44.06,0.9645833333333333,0.9028785893849803,0.9647058823529412,0.8401639344262296,0.03529411764705882
PR00003884,WO00003884,2026-06-10,B,P02,P02_L01,SKU003,480,0,0,480,48.8,352,344,8,44.0,1.0,0.9016393442622951,0.9772727272727273,0.8811475409836066,0.022727272727272728
PR00003885,WO00003885,2026-06-10,C,P02,P02_L01,SKU003,480,0,0,480,48.8,333,326,7,41.625,1.0,0.8529713114754098,0.978978978978979,0.8350409836065574,0.021021021021021023
PR00003886,WO00003886,2026-06-10,A,P02,P02_L02,SKU004,480,0,20,460,55.9,384,372,12,50.087,0.9583333333333334,0.896009955666174,0.96875,0.8318425760286225,0.03125
PR00003887,WO00003887,2026-06-10,B,P02,P02_L02,SKU002,480,32,21,427,55.9,347,339,8,48.759,0.953125,0.872250128826568,0.9769452449567724,0.8121965244058268,0.023054755043227664
PR00003888,WO00003888,2026-06-10,C,P02,P02_L02,SKU004,480,0,0,480,55.9,362,349,13,45.25,1.0,0.8094812164579607,0.9640883977900553,0.7804114490161003,0.03591160220994475
PR00003889,WO00003889,2026-06-10,A,P02,P02_L03,SKU007,480,0,0,480,47.0,336,331,5,42.0,1.0,0.8936170212765957,0.9851190476190477,0.8803191489361702,0.01488095238095238
PR00003890,WO00003890,2026-06-10,B,P02,P02_L03,SKU004,480,38,0,442,47.0,306,296,10,41.538,1.0,0.8837970540098201,0.9673202614379085,0.8549147973428325,0.032679738562091505
PR00003891,WO00003891,2026-06-10,C,P02,P02_L03,SKU004,480,0,0,480,47.0,307,294,13,38.375,1.0,0.8164893617021277,0.9576547231270358,0.7819148936170213,0.04234527687296417
PR00003892,WO00003892,2026-06-10,A,P03,P03_L01,SKU001,480,18,0,462,49.793,355,349,6,46.104,1.0,0.9259111944228327,0.9830985915492958,0.9102619911368129,0.016901408450704224
PR00003893,WO00003893,2026-06-10,B,P03,P03_L01,SKU004,480,0,22,458,56.693,361,348,13,47.293,0.9541666666666667,0.8341872262750952,0.96398891966759,0.7672904944173002,0.036011080332409975
PR00003894,WO00003894,2026-06-10,C,P03,P03_L01,SKU004,480,38,0,442,56.693,340,328,12,46.154,1.0,0.814101320336658,0.9647058823529412,0.7853683325600701,0.03529411764705882
PR00003895,WO00003895,2026-06-10,A,P03,P03_L02,SKU006,480,0,0,480,54.878,417,407,10,52.125,1.0,0.9498341776303801,0.9760191846522782,0.9270563796056708,0.023980815347721823
PR00003896,WO00003896,2026-06-10,B,P03,P03_L02,SKU006,480,0,0,480,54.878,401,390,11,50.125,1.0,0.9133897007908451,0.972568578553616,0.8883341229636649,0.02743142144638404
PR00003897,WO00003897,2026-06-10,C,P03,P03_L02,SKU002,480,0,22,458,56.6,350,336,14,45.852,0.9541666666666667,0.810097674633913,0.96,0.7420494699646644,0.04
PR00003898,WO00003898,2026-06-10,A,P03,P03_L03,SKU004,480,0,0,480,56.693,406,393,13,50.75,1.0,0.8951722434868503,0.9679802955665024,0.8665090928333304,0.03201970443349754
PR00003899,WO00003899,2026-06-10,B,P03,P03_L03,SKU004,480,0,0,480,56.693,415,400,15,51.875,1.0,0.9150159631700563,0.963855421686747,0.8819430970313795,0.03614457831325301
PR00003900,WO00003900,2026-06-10,C,P03,P03_L03,SKU004,480,0,16,464,56.693,378,364,14,48.879,0.9666666666666667,0.8621754069255039,0.9629629629629629,0.8025682182985554,0.037037037037037035
PR00003901,WO00003901,2026-06-11,A,P01,P01_L01,SKU001,480,23,0,457,49.793,333,326,7,43.72,1.0,0.878033307345364,0.978978978978979,0.8595761507345006,0.021021021021021023
PR00003902,WO00003902,2026-06-11,B,P01,P01_L01,SKU007,480,29,45,406,69.9,427,422,5,63.103,0.9002217294900222,0.9027675003699867,0.9882903981264637,0.8031746333850385,0.0117096018735363
PR00003903,WO00003903,2026-06-11,C,P01,P01_L01,SKU006,480,0,0,480,54.878,399,386,13,49.875,1.0,0.9088341411859032,0.9674185463659147,0.879223003753781,0.03258145363408521
PR00003904,WO00003904,2026-06-11,A,P01,P01_L02,SKU001,480,40,144,296,49.793,223,217,6,45.203,0.6727272727272727,0.9078123973792039,0.9730941704035875,0.5942784947865983,0.026905829596412557
PR00003905,WO00003905,2026-06-11,B,P01,P01_L02,SKU006,480,0,0,480,54.878,420,406,14,52.5,1.0,0.956667517037793,0.9666666666666667,0.9247785998031999,0.03333333333333333
PR00003906,WO00003906,2026-06-11,C,P01,P01_L02,SKU004,480,0,0,480,56.693,390,374,16,48.75,1.0,0.859894519605595,0.958974358974359,0.8246167957243399,0.041025641025641026
PR00003907,WO00003907,2026-06-11,A,P01,P01_L03,SKU002,480,37,0,443,72.0,440,421,19,59.594,1.0,0.8276899924755455,0.9568181818181818,0.791948833709556,0.04318181818181818
PR00003908,WO00003908,2026-06-11,B,P01,P01_L03,SKU004,480,19,7,454,56.693,366,354,12,48.37,0.9848156182212582,0.8531925291105329,0.9672131147540983,0.8126885631647074,0.03278688524590164
PR00003909,WO00003909,2026-06-11,C,P01,P01_L03,SKU008,480,46,0,434,60.302,352,345,7,48.664,1.0,0.8069980178111188,0.9801136363636364,0.7909497617751022,0.019886363636363636
PR00003910,WO00003910,2026-06-11,A,P02,P02_L01,SKU004,480,0,0,480,48.8,353,340,13,44.125,1.0,0.9042008196721312,0.9631728045325779,0.8709016393442623,0.036827195467422094
PR00003911,WO00003911,2026-06-11,B,P02,P02_L01,SKU003,480,25,0,455,48.8,329,320,9,43.385,1.0,0.8890290037831022,0.9726443768996961,0.864709061430373,0.02735562310030395
PR00003912,WO00003912,2026-06-11,C,P02,P02_L01,SKU001,480,18,0,462,48.8,318,310,8,41.299,1.0,0.8462848626783053,0.9748427672955975,0.8249946774536938,0.025157232704402517
PR00003913,WO00003913,2026-06-11,A,P02,P02_L02,SKU002,480,0,0,480,55.9,368,357,11,46.0,1.0,0.8228980322003578,0.970108695652174,0.7983005366726298,0.029891304347826088
PR00003914,WO00003914,2026-06-11,B,P02,P02_L02,SKU004,480,0,0,480,55.9,375,361,14,46.875,1.0,0.8385509838998211,0.9626666666666667,0.8072450805008944,0.037333333333333336
PR00003915,WO00003915,2026-06-11,C,P02,P02_L02,SKU006,480,0,11,469,54.878,361,349,12,46.183,0.9770833333333333,0.8415643585760421,0.9667590027700831,0.7949451510623564,0.0332409972299169
PR00003916,WO00003916,2026-06-11,A,P02,P02_L03,SKU005,480,48,0,432,47.0,280,274,6,38.889,1.0,0.8274231678486996,0.9785714285714285,0.8096926713947988,0.02142857142857143
PR00003917,WO00003917,2026-06-11,B,P02,P02_L03,SKU007,480,19,18,443,47.0,289,285,4,39.142,0.9609544468546638,0.832813025310984,0.986159169550173,0.7892186274057321,0.01384083044982699
PR00003918,WO00003918,2026-06-11,C,P02,P02_L03,SKU003,480,21,0,459,47.0,323,315,8,42.222,1.0,0.8983451536643026,0.9752321981424149,0.8760951188986232,0.02476780185758514
PR00003919,WO00003919,2026-06-11,A,P03,P03_L01,SKU001,480,0,9,471,49.793,337,329,8,42.93,0.98125,0.8621681020571664,0.9762611275964391,0.8259193059265358,0.02373887240356083
PR00003920,WO00003920,2026-06-11,B,P03,P03_L01,SKU004,480,0,0,480,56.693,410,398,12,51.25,1.0,0.9039916744571641,0.9707317073170731,0.8775333815462227,0.02926829268292683
PR00003921,WO00003921,2026-06-11,C,P03,P03_L01,SKU001,480,0,0,480,49.793,328,320,8,41.0,1.0,0.8234089128994035,0.975609756097561,0.803325768682345,0.024390243902439025
PR00003922,WO00003922,2026-06-11,A,P03,P03_L02,SKU006,480,32,0,448,54.878,397,389,8,53.17,1.0,0.9688699088367443,0.9798488664987406,0.9493460819584221,0.020151133501259445
PR00003923,WO00003923,2026-06-11,B,P03,P03_L02,SKU006,480,0,16,464,54.878,368,358,10,47.586,0.9666666666666667,0.8671272075613493,0.9728260869565217,0.815445169284595,0.02717391304347826
PR00003924,WO00003924,2026-06-11,C,P03,P03_L02,SKU006,480,0,43,437,54.878,356,345,11,48.879,0.9104166666666667,0.8906796628060262,0.9691011235955056,0.7858340318524727,0.03089887640449438
PR00003925,WO00003925,2026-06-11,A,P03,P03_L03,SKU004,480,0,0,480,56.693,420,406,14,52.5,1.0,0.9260402518829486,0.9666666666666667,0.8951722434868503,0.03333333333333333
PR00003926,WO00003926,2026-06-11,B,P03,P03_L03,SKU003,480,81,0,399,58.1,357,349,8,53.684,1.0,0.9239967388350394,0.9775910364145658,0.9032909295614251,0.022408963585434174
PR00003927,WO00003927,2026-06-11,C,P03,P03_L03,SKU001,480,29,0,451,49.793,316,308,8,42.04,1.0,0.8442936016750144,0.9746835443037974,0.8229190801136217,0.02531645569620253
PR00003928,WO00003928,2026-06-12,A,P01,P01_L01,SKU004,480,0,0,480,56.693,382,368,14,47.75,1.0,0.8422556576649675,0.9633507853403142,0.8113876492688692,0.03664921465968586
PR00003929,WO00003929,2026-06-12,B,P01,P01_L01,SKU005,480,0,0,480,50.42,356,346,10,44.5,1.0,0.8825862752875843,0.9719101123595506,0.8577945259817533,0.028089887640449437
PR00003930,WO00003930,2026-06-12,C,P01,P01_L01,SKU001,480,37,0,443,49.793,323,313,10,43.747,1.0,0.8785808914821582,0.9690402476780186,0.851380244687045,0.030959752321981424
PR00003931,WO00003931,2026-06-12,A,P01,P01_L02,SKU006,480,0,0,480,54.878,405,392,13,50.625,1.0,0.9225008200007289,0.9679012345679012,0.8928896825686067,0.03209876543209877
PR00003932,WO00003932,2026-06-12,B,P01,P01_L02,SKU006,480,0,0,480,54.878,413,403,10,51.625,1.0,0.9407230584204964,0.9757869249394673,0.917945260395787,0.024213075060532687
PR00003933,WO00003933,2026-06-12,C,P01,P01_L02,SKU001,480,19,0,461,49.793,322,311,11,41.909,1.0,0.8416623563418061,0.9658385093167702,0.8129099155972103,0.034161490683229816
PR00003934,WO00003934,2026-06-12,A,P01,P01_L03,SKU006,480,0,36,444,54.878,378,366,12,51.081,0.925,0.9308116381989335,0.9682539682539683,0.8336674077043623,0.031746031746031744
PR00003935,WO00003935,2026-06-12,B,P01,P01_L03,SKU003,480,0,0,480,61.962,481,470,11,60.125,1.0,0.9703527968755042,0.9771309771309772,0.948161776572738,0.02286902286902287
PR00003936,WO00003936,2026-06-12,C,P01,P01_L03,SKU003,480,0,0,480,61.962,422,415,7,52.75,1.0,0.8513282334333946,0.9834123222748815,0.837206675058907,0.016587677725118485
PR00003937,WO00003937,2026-06-12,A,P02,P02_L01,SKU001,480,0,0,480,48.8,353,345,8,44.125,1.0,0.9042008196721312,0.9773371104815864,0.8837090163934427,0.0226628895184136
PR00003938,WO00003938,2026-06-12,B,P02,P02_L01,SKU006,480,53,0,427,48.8,314,304,10,44.122,1.0,0.9041348331861636,0.9681528662420382,0.8753407302184514,0.03184713375796178
PR00003939,WO00003939,2026-06-12,C,P02,P02_L01,SKU001,480,16,0,464,48.8,295,286,9,38.147,1.0,0.7816916336913511,0.9694915254237289,0.7578434143583946,0.030508474576271188
PR00003940,WO00003940,2026-06-12,A,P02,P02_L02,SKU004,480,23,0,457,55.9,389,377,12,51.072,1.0,0.9136352426770218,0.9691516709511568,0.8854511220803013,0.030848329048843187
PR00003941,WO00003941,2026-06-12,B,P02,P02_L02,SKU006,480,0,0,480,54.878,380,368,12,47.5,1.0,0.8655563249389555,0.968421052631579,0.8382229673093043,0.031578947368421054
PR00003942,WO00003942,2026-06-12,C,P02,P02_L02,SKU002,480,20,0,460,55.9,324,310,14,42.261,1.0,0.7560084000933344,0.9567901234567902,0.7233413704596718,0.043209876543209874
PR00003943,WO00003943,2026-06-12,A,P02,P02_L03,SKU005,480,29,0,451,47.0,278,270,8,36.984,1.0,0.7869038071425203,0.9712230215827338,0.7642590932679153,0.02877697841726619
PR00003944,WO00003944,2026-06-12,B,P02,P02_L03,SKU003,480,25,0,455,47.0,332,326,6,43.78,1.0,0.9314940378770167,0.9819277108433735,0.9146598082768296,0.018072289156626505
PR00003945,WO00003945,2026-06-12,C,P02,P02_L03,SKU003,480,32,0,448,47.0,316,308,8,42.321,1.0,0.9004559270516718,0.9746835443037974,0.8776595744680851,0.02531645569620253
PR00003946,WO00003946,2026-06-12,A,P03,P03_L01,SKU004,480,0,0,480,56.693,414,402,12,51.75,1.0,0.9128111054274779,0.9710144927536232,0.8863528125165365,0.028985507246376812
PR00003947,WO00003947,2026-06-12,B,P03,P03_L01,SKU007,480,0,0,480,57.7,378,372,6,47.25,1.0,0.8188908145580589,0.9841269841269841,0.8058925476603119,0.015873015873015872
PR00003948,WO00003948,2026-06-12,C,P03,P03_L01,SKU001,480,31,8,441,49.793,311,303,8,42.313,0.9821826280623608,0.849776578436086,0.9742765273311897,0.813166062062641,0.02572347266881029
PR00003949,WO00003949,2026-06-12,A,P03,P03_L02,SKU001,480,0,23,457,49.793,336,330,6,44.114,0.9520833333333333,0.8859435173214483,0.9821428571428571,0.8284296989536681,0.017857142857142856
PR00003950,WO00003950,2026-06-12,B,P03,P03_L02,SKU008,480,20,35,425,56.6,318,315,3,44.894,0.9239130434782609,0.7931822905840781,0.9905660377358491,0.7259179597480411,0.009433962264150943
PR00003951,WO00003951,2026-06-12,C,P03,P03_L02,SKU006,480,0,0,480,54.878,384,370,14,48.0,1.0,0.8746674441488392,0.9635416666666666,0.8427785269142462,0.036458333333333336
PR00003952,WO00003952,2026-06-12,A,P03,P03_L03,SKU001,480,0,0,480,49.793,346,339,7,43.25,1.0,0.8685959873877854,0.9797687861271677,0.8510232361978591,0.02023121387283237
PR00003953,WO00003953,2026-06-12,B,P03,P03_L03,SKU004,480,0,0,480,56.693,413,398,15,51.625,1.0,0.9106062476848994,0.9636803874092009,0.8775333815462226,0.03631961259079903
PR00003954,WO00003954,2026-06-12,C,P03,P03_L03,SKU003,480,23,0,457,58.1,377,366,11,49.497,1.0,0.8519228523973983,0.9708222811671088,0.8270656869428323,0.029177718832891247
PR00003955,WO00003955,2026-06-13,C,P01,P01_L01,SKU001,480,26,0,454,49.793,316,306,10,41.762,1.0,0.8387145690648271,0.9683544303797469,0.8121729687779655,0.03164556962025317
PR00003956,WO00003956,2026-06-13,A,P01,P01_L02,SKU001,480,0,41,439,49.793,322,312,10,44.009,0.9145833333333333,0.8838413354751085,0.968944099378882,0.7832426244652864,0.031055900621118012
PR00003957,WO00003957,2026-06-13,B,P01,P01_L02,SKU004,480,0,0,480,56.693,413,397,16,51.625,1.0,0.9106062476848994,0.9612590799031477,0.8753285238036442,0.0387409200968523
PR00003958,WO00003958,2026-06-13,A,P01,P01_L03,SKU006,480,0,0,480,54.878,402,390,12,50.25,1.0,0.915667480593316,0.9701492537313433,0.8883341229636649,0.029850746268656716
PR00003959,WO00003959,2026-06-13,A,P02,P02_L01,SKU003,480,0,0,480,48.8,376,368,8,47.0,1.0,0.9631147540983607,0.9787234042553191,0.9426229508196721,0.02127659574468085
PR00003960,WO00003960,2026-06-13,B,P02,P02_L01,SKU003,480,0,0,480,48.8,331,325,6,41.375,1.0,0.8478483606557378,0.9818731117824774,0.8324795081967215,0.01812688821752266
PR00003961,WO00003961,2026-06-13,C,P02,P02_L01,SKU003,480,0,0,480,48.8,351,342,9,43.875,1.0,0.8990778688524591,0.9743589743589743,0.8760245901639345,0.02564102564102564
PR00003962,WO00003962,2026-06-13,A,P02,P02_L02,SKU002,480,0,0,480,55.9,369,356,13,46.125,1.0,0.825134168157424,0.964769647696477,0.7960644007155636,0.03523035230352303
PR00003963,WO00003963,2026-06-13,A,P02,P02_L03,SKU004,480,0,0,480,47.0,341,330,11,42.625,1.0,0.9069148936170213,0.967741935483871,0.8776595744680851,0.03225806451612903
PR00003964,WO00003964,2026-06-13,B,P02,P02_L03,SKU003,480,0,0,480,47.0,330,321,9,41.25,1.0,0.8776595744680851,0.9727272727272728,0.8537234042553191,0.02727272727272727
PR00003965,WO00003965,2026-06-13,C,P02,P02_L03,SKU002,480,0,0,480,47.0,293,283,10,36.625,1.0,0.7792553191489362,0.9658703071672355,0.7526595744680852,0.034129692832764506
PR00003966,WO00003966,2026-06-13,A,P03,P03_L01,SKU003,480,34,0,446,57.7,433,423,10,58.251,1.0,1.0,0.976905311778291,0.976905311778291,0.023094688221709007
PR00003967,WO00003967,2026-06-13,B,P03,P03_L01,SKU001,480,0,15,465,49.793,357,348,9,46.065,0.96875,0.9251203207083778,0.9747899159663865,0.87361677344205,0.025210084033613446
PR00003968,WO00003968,2026-06-13,C,P03,P03_L01,SKU003,480,0,0,480,57.7,392,387,5,49.0,1.0,0.8492201039861351,0.9872448979591837,0.8383882149046793,0.012755102040816327
PR00003969,WO00003969,2026-06-13,A,P03,P03_L02,SKU006,480,36,0,444,54.878,361,352,9,48.784,1.0,0.8889497391264948,0.9750692520775623,0.8667875572646154,0.024930747922437674
PR00003970,WO00003970,2026-06-13,B,P03,P03_L02,SKU008,480,19,0,461,56.6,381,373,8,49.588,1.0,0.8761104681020673,0.979002624671916,0.8577144477744648,0.02099737532808399
PR00003971,WO00003971,2026-06-13,C,P03,P03_L02,SKU001,480,17,0,463,49.793,304,298,6,39.395,1.0,0.7911804546849877,0.9802631578947368,0.7755650509740998,0.019736842105263157
PR00003972,WO00003972,2026-06-13,A,P03,P03_L03,SKU001,480,0,0,480,49.793,350,342,8,43.75,1.0,0.8786375594963147,0.9771428571428571,0.858554415279256,0.022857142857142857
PR00003973,WO00003973,2026-06-13,B,P03,P03_L03,SKU001,480,0,0,480,49.793,341,333,8,42.625,1.0,0.8560440222521238,0.9765395894428153,0.8359608780350652,0.02346041055718475
PR00003974,WO00003974,2026-06-14,B,P01,P01_L01,SKU005,480,33,29,418,50.42,289,280,9,41.483,0.9351230425055929,0.8227539386853777,0.9688581314878892,0.7454163549672682,0.031141868512110725
PR00003975,WO00003975,2026-06-14,C,P01,P01_L01,SKU005,480,21,0,459,50.42,327,316,11,42.745,1.0,0.8477806037131235,0.9663608562691132,0.8192619901325597,0.03363914373088685
PR00003976,WO00003976,2026-06-14,B,P01,P01_L02,SKU001,480,34,0,446,49.793,346,338,8,46.547,1.0,0.9348118249913385,0.976878612716763,0.9131976787487642,0.023121387283236993
PR00003977,WO00003977,2026-06-14,C,P01,P01_L02,SKU006,480,0,0,480,54.878,388,375,13,48.5,1.0,0.883778563358723,0.9664948453608248,0.8541674259266008,0.03350515463917526
PR00003978,WO00003978,2026-06-14,A,P01,P01_L03,SKU003,480,0,0,480,61.962,506,492,14,63.25,1.0,1.0,0.9723320158102767,0.9723320158102767,0.02766798418972332
PR00003979,WO00003979,2026-06-14,B,P01,P01_L03,SKU007,480,0,0,480,74.2,540,535,5,67.5,1.0,0.9097035040431266,0.9907407407407407,0.9012803234501346,0.009259259259259259
PR00003980,WO00003980,2026-06-14,C,P01,P01_L03,SKU003,480,0,0,480,61.962,442,432,10,55.25,1.0,0.8916755430747877,0.9773755656108597,0.8715018882540911,0.02262443438914027
PR00003981,WO00003981,2026-06-14,B,P02,P02_L01,SKU003,480,0,0,480,48.8,366,357,9,45.75,1.0,0.9375,0.9754098360655737,0.9144467213114754,0.02459016393442623
PR00003982,WO00003982,2026-06-14,C,P02,P02_L01,SKU001,480,0,0,480,48.8,332,322,10,41.5,1.0,0.8504098360655739,0.9698795180722891,0.8247950819672132,0.030120481927710843
PR00003983,WO00003983,2026-06-14,B,P02,P02_L02,SKU002,480,0,42,438,55.9,337,324,13,46.164,0.9125,0.8258387041438969,0.9614243323442137,0.7245080500894454,0.03857566765578635
PR00003984,WO00003984,2026-06-14,C,P02,P02_L02,SKU006,480,0,0,480,54.878,394,382,12,49.25,1.0,0.8974452421735486,0.9695431472081218,0.8701118845438974,0.030456852791878174
PR00003985,WO00003985,2026-06-14,A,P02,P02_L03,SKU001,480,0,0,480,47.0,316,310,6,39.5,1.0,0.8404255319148937,0.9810126582278481,0.824468085106383,0.0189873417721519
PR00003986,WO00003986,2026-06-14,B,P03,P03_L02,SKU004,480,0,69,411,56.6,346,336,10,50.511,0.85625,0.8924195919630652,0.9710982658959537,0.7420494699646643,0.028901734104046242
PR00003987,WO00003987,2026-06-14,A,P03,P03_L03,SKU006,480,28,42,410,54.878,366,355,11,53.561,0.9070796460176991,0.9760008675563268,0.9699453551912568,0.858702828188158,0.030054644808743168
PR00003988,WO00003988,2026-06-14,B,P03,P03_L03,SKU003,480,0,0,480,58.1,446,439,7,55.75,1.0,0.959552495697074,0.984304932735426,0.9444922547332185,0.01569506726457399
PR00003989,WO00003989,2026-06-14,C,P03,P03_L03,SKU006,480,0,0,480,54.878,367,353,14,45.875,1.0,0.8359451875068333,0.9618528610354223,0.8040562702722402,0.03814713896457766
PR00003990,WO00003990,2026-06-15,A,P01,P01_L01,SKU001,480,0,28,452,49.793,352,341,11,46.726,0.9416666666666667,0.9383982430625623,0.96875,0.8560440222521238,0.03125
PR00003991,WO00003991,2026-06-15,B,P01,P01_L01,SKU001,480,14,0,466,49.793,384,370,14,49.442,1.0,0.9929520230923404,0.9635416666666666,0.9567506472504321,0.036458333333333336
PR00003992,WO00003992,2026-06-15,C,P01,P01_L01,SKU005,480,24,0,456,50.42,310,303,7,40.789,1.0,0.8089939247165912,0.9774193548387097,0.7907263199649261,0.02258064516129032
PR00003993,WO00003993,2026-06-15,A,P01,P01_L02,SKU003,480,0,0,480,61.962,482,469,13,60.25,1.0,0.9723701623575739,0.9730290456431535,0.9461444110906684,0.026970954356846474
PR00003994,WO00003994,2026-06-15,B,P01,P01_L02,SKU004,480,20,25,435,56.693,363,351,12,50.069,0.9456521739130435,0.8831595702686642,0.9669421487603306,0.8075531140643849,0.03305785123966942
PR00003995,WO00003995,2026-06-15,C,P01,P01_L02,SKU001,480,0,12,468,49.793,327,319,8,41.923,0.975,0.8419471998689961,0.9755351681957186,0.8008153756552125,0.024464831804281346
PR00003996,WO00003996,2026-06-15,A,P01,P01_L03,SKU003,480,26,0,454,61.962,392,383,9,51.806,1.0,0.8360957909828776,0.9770408163265306,0.816899714149087,0.02295918367346939
PR00003997,WO00003997,2026-06-15,B,P01,P01_L03,SKU008,480,66,32,382,60.302,331,328,3,51.99,0.9227053140096618,0.8621526449506073,0.9909365558912386,0.7883027409382436,0.00906344410876133
PR00003998,WO00003998,2026-06-15,C,P01,P01_L03,SKU004,480,25,14,441,56.693,361,346,15,49.116,0.9692307692307692,0.8663441034784437,0.9584487534626038,0.8047973052470963,0.04155124653739612
PR00003999,WO00003999,2026-06-15,A,P02,P02_L01,SKU002,480,37,0,443,48.8,301,290,11,40.767,1.0,0.8353994745217037,0.9634551495016611,0.8048699256189172,0.036544850498338874
PR00004000,WO00004000,2026-06-15,B,P02,P02_L01,SKU001,480,0,0,480,48.8,330,323,7,41.25,1.0,0.8452868852459017,0.9787878787878788,0.8273565573770492,0.021212121212121213
PR00004001,WO00004001,2026-06-15,C,P02,P02_L01,SKU001,480,22,12,446,48.8,273,266,7,36.726,0.9737991266375546,0.7525913401455562,0.9743589743589743,0.7140811797551722,0.02564102564102564
PR00004002,WO00004002,2026-06-15,A,P02,P02_L02,SKU004,480,0,0,480,55.9,398,385,13,49.75,1.0,0.8899821109123435,0.9673366834170855,0.8609123434704831,0.032663316582914576
PR00004003,WO00004003,2026-06-15,B,P02,P02_L02,SKU002,480,45,0,435,55.9,343,329,14,47.31,1.0,0.8463389056813275,0.9591836734693877,0.8117944605514774,0.04081632653061224
PR00004004,WO00004004,2026-06-15,C,P02,P02_L02,SKU002,480,38,0,442,55.9,321,308,13,43.575,1.0,0.7795109236759242,0.9595015576323987,0.7479419454585192,0.040498442367601244
PR00004005,WO00004005,2026-06-15,A,P02,P02_L03,SKU003,480,38,0,442,47.0,319,311,8,43.303,1.0,0.921343987676904,0.9749216300940439,0.8982381823433139,0.025078369905956112
PR00004006,WO00004006,2026-06-15,B,P02,P02_L03,SKU003,480,79,0,401,47.0,300,295,5,44.888,1.0,0.9550591606091154,0.9833333333333333,0.9391415079322968,0.016666666666666666
PR00004007,WO00004007,2026-06-15,C,P02,P02_L03,SKU003,480,0,20,460,47.0,300,294,6,39.13,0.9583333333333334,0.8325624421831637,0.98,0.7819148936170213,0.02
PR00004008,WO00004008,2026-06-15,A,P03,P03_L01,SKU007,480,34,0,446,57.7,396,395,1,53.274,1.0,0.9232849670866007,0.9974747474747475,0.9209534393919376,0.0025252525252525255
PR00004009,WO00004009,2026-06-15,B,P03,P03_L01,SKU003,480,0,0,480,57.7,440,430,10,55.0,1.0,0.9532062391681109,0.9772727272727273,0.9315424610051993,0.022727272727272728
PR00004010,WO00004010,2026-06-15,C,P03,P03_L01,SKU003,480,37,0,443,57.7,345,336,9,46.727,1.0,0.8098243033359284,0.9739130434782609,0.7886984519445563,0.02608695652173913
PR00004011,WO00004011,2026-06-15,A,P03,P03_L02,SKU006,480,50,82,348,54.878,294,286,8,50.69,0.8093023255813954,0.9236789819675243,0.9727891156462585,0.7271944448446745,0.027210884353741496
PR00004012,WO00004012,2026-06-15,B,P03,P03_L02,SKU006,480,0,0,480,54.878,391,380,11,48.875,1.0,0.8906119027661358,0.9718670076726342,0.8655563249389554,0.028132992327365727
PR00004013,WO00004013,2026-06-15,C,P03,P03_L02,SKU001,480,0,0,480,49.793,328,323,5,41.0,1.0,0.8234089128994035,0.9847560975609756,0.8108569477637418,0.01524390243902439
PR00004014,WO00004014,2026-06-15,A,P03,P03_L03,SKU003,480,53,0,427,58.1,357,349,8,50.164,1.0,0.8634067887474959,0.9775910364145658,0.8440587374590366,0.022408963585434174
PR00004015,WO00004015,2026-06-15,B,P03,P03_L03,SKU003,480,40,0,440,58.1,395,388,7,53.864,1.0,0.9270849632295416,0.9822784810126582,0.9106556094507903,0.017721518987341773
PR00004016,WO00004016,2026-06-15,C,P03,P03_L03,SKU004,480,0,0,480,56.693,388,375,13,48.5,1.0,0.8554848041204381,0.9664948453608248,0.8268216534669183,0.03350515463917526
PR00004017,WO00004017,2026-06-16,A,P01,P01_L01,SKU007,480,23,23,434,69.9,495,487,8,68.433,0.949671772428884,0.9790154466881588,0.9838383838383838,0.914717179590725,0.01616161616161616
PR00004018,WO00004018,2026-06-16,B,P01,P01_L01,SKU004,480,79,19,382,56.693,318,304,14,49.948,0.9526184538653366,0.8810195964062159,0.9559748427672956,0.8023262887706915,0.0440251572327044
PR00004019,WO00004019,2026-06-16,C,P01,P01_L01,SKU004,480,0,0,480,56.693,380,365,15,47.5,1.0,0.8378459421798106,0.9605263157894737,0.8047730760411338,0.039473684210526314
PR00004020,WO00004020,2026-06-16,A,P01,P01_L02,SKU001,480,30,0,450,49.793,342,336,6,45.6,1.0,0.9157913762978732,0.9824561403508771,0.8997248609242263,0.017543859649122806
PR00004021,WO00004021,2026-06-16,B,P01,P01_L02,SKU006,480,0,0,480,54.878,402,388,14,50.25,1.0,0.915667480593316,0.9651741293532339,0.883778563358723,0.03482587064676617
PR00004022,WO00004022,2026-06-16,C,P01,P01_L02,SKU004,480,44,0,436,56.693,345,330,15,47.477,1.0,0.8374413811261264,0.9565217391304348,0.8010308862945558,0.043478260869565216
PR00004023,WO00004023,2026-06-16,A,P01,P01_L03,SKU003,480,0,0,480,61.962,463,452,11,57.875,1.0,0.9340402181982504,0.9762419006479481,0.9118491978954842,0.023758099352051837
PR00004024,WO00004024,2026-06-16,B,P01,P01_L03,SKU003,480,0,31,449,61.962,433,425,8,57.862,0.9354166666666667,0.9338290463103723,0.9815242494226328,0.8573803298796036,0.018475750577367205
PR00004025,WO00004025,2026-06-16,C,P01,P01_L03,SKU006,480,0,19,461,54.878,376,363,13,48.937,0.9604166666666667,0.8917433812363438,0.9654255319148937,0.8268340682969497,0.034574468085106384
PR00004026,WO00004026,2026-06-16,A,P02,P02_L01,SKU003,480,18,0,462,48.8,342,337,5,44.416,1.0,0.9101554183521396,0.9853801169590644,0.8968490525867575,0.014619883040935672
PR00004027,WO00004027,2026-06-16,B,P02,P02_L01,SKU004,480,0,0,480,48.8,327,316,11,40.875,1.0,0.8376024590163935,0.9663608562691132,0.8094262295081968,0.03363914373088685
PR00004028,WO00004028,2026-06-16,C,P02,P02_L01,SKU003,480,0,0,480,48.8,319,311,8,39.875,1.0,0.8171106557377049,0.9749216300940439,0.7966188524590164,0.025078369905956112
PR00004029,WO00004029,2026-06-16,A,P02,P02_L02,SKU001,480,0,0,480,49.793,361,351,10,45.125,1.0,0.9062518827947703,0.9722991689750693,0.881147952523447,0.027700831024930747
PR00004030,WO00004030,2026-06-16,B,P02,P02_L02,SKU004,480,27,0,453,55.9,391,375,16,51.788,1.0,0.9264414932057009,0.959079283887468,0.8885308438673601,0.04092071611253197
PR00004031,WO00004031,2026-06-16,C,P02,P02_L02,SKU002,480,0,0,480,55.9,334,320,14,41.75,1.0,0.7468694096601074,0.9580838323353293,0.7155635062611807,0.041916167664670656
PR00004032,WO00004032,2026-06-16,A,P02,P02_L03,SKU003,480,18,0,462,47.0,345,336,9,44.805,1.0,0.9533020171318043,0.9739130434782609,0.9284332688588007,0.02608695652173913
PR00004033,WO00004033,2026-06-16,B,P02,P02_L03,SKU001,480,51,0,429,47.0,290,282,8,40.559,1.0,0.8629668204136289,0.9724137931034482,0.8391608391608392,0.027586206896551724
PR00004034,WO00004034,2026-06-16,C,P02,P02_L03,SKU007,480,0,0,480,47.0,312,307,5,39.0,1.0,0.8297872340425532,0.9839743589743589,0.8164893617021276,0.016025641025641024
PR00004035,WO00004035,2026-06-16,A,P03,P03_L01,SKU001,480,67,34,379,49.793,267,263,4,42.269,0.9176755447941889,0.8488970194123461,0.9850187265917603,0.7673414424822884,0.0149812734082397
PR00004036,WO00004036,2026-06-16,B,P03,P03_L01,SKU001,480,49,0,431,49.793,331,322,9,46.079,1.0,0.925408919143351,0.972809667673716,0.900246743094136,0.027190332326283987
PR00004037,WO00004037,2026-06-16,C,P03,P03_L01,SKU003,480,26,0,454,57.7,378,372,6,49.956,1.0,0.8657876453477275,0.9841269841269841,0.8520449843104619,0.015873015873015872
PR00004038,WO00004038,2026-06-16,A,P03,P03_L02,SKU006,480,0,41,439,54.878,376,366,10,51.39,0.9145833333333333,0.9364321156035409,0.973404255319149,0.8336674077043624,0.026595744680851064
PR00004039,WO00004039,2026-06-16,B,P03,P03_L02,SKU006,480,0,0,480,54.878,391,378,13,48.875,1.0,0.8906119027661358,0.9667519181585678,0.8610007653340136,0.03324808184143223
PR00004040,WO00004040,2026-06-16,C,P03,P03_L02,SKU001,480,29,0,451,49.793,326,316,10,43.37,1.0,0.8710117536267554,0.9693251533742331,0.8442936016750144,0.03067484662576687
PR00004041,WO00004041,2026-06-16,A,P03,P03_L03,SKU001,480,36,16,428,49.793,329,321,8,46.121,0.963963963963964,0.926264642160601,0.9756838905775076,0.8711742288751105,0.0243161094224924
PR00004042,WO00004042,2026-06-16,B,P03,P03_L03,SKU004,480,26,28,426,56.693,368,358,10,51.831,0.9383259911894273,0.9142396048099936,0.9728260869565217,0.8345435120807945,0.02717391304347826
PR00004043,WO00004043,2026-06-16,C,P03,P03_L03,SKU004,480,48,0,432,56.693,322,311,11,44.722,1.0,0.788849103455845,0.9658385093167702,0.761900842157664,0.034161490683229816
PR00004044,WO00004044,2026-06-17,A,P01,P01_L01,SKU005,480,0,0,480,50.42,355,345,10,44.375,1.0,0.8801071003570011,0.971830985915493,0.8553153510511702,0.028169014084507043
PR00004045,WO00004045,2026-06-17,B,P01,P01_L01,SKU001,480,13,0,467,49.793,335,327,8,43.041,1.0,0.8643922885714739,0.9761194029850746,0.8437500846652894,0.023880597014925373
PR00004046,WO00004046,2026-06-17,C,P01,P01_L01,SKU008,480,26,10,444,60.302,385,375,10,52.027,0.9779735682819384,0.8627744855398997,0.974025974025974,0.8218545216682493,0.025974025974025976
PR00004047,WO00004047,2026-06-17,A,P01,P01_L02,SKU001,480,30,56,394,49.793,295,287,8,44.924,0.8755555555555555,0.9022123163500956,0.9728813559322034,0.7685149853727767,0.02711864406779661
PR00004048,WO00004048,2026-06-17,B,P01,P01_L02,SKU003,480,0,11,469,61.962,437,425,12,55.906,0.9770833333333333,0.9022656365009188,0.9725400457665904,0.8573803298796036,0.02745995423340961
PR00004049,WO00004049,2026-06-17,C,P01,P01_L02,SKU004,480,0,0,480,56.693,411,393,18,51.375,1.0,0.9061965321997425,0.9562043795620438,0.8665090928333304,0.043795620437956206
PR00004050,WO00004050,2026-06-17,A,P01,P01_L03,SKU003,480,0,0,480,61.962,492,482,10,61.5,1.0,0.9925438171782704,0.9796747967479674,0.9723701623575738,0.02032520325203252
PR00004051,WO00004051,2026-06-17,B,P01,P01_L03,SKU008,480,20,0,460,60.302,387,381,6,50.478,1.0,0.8370909898438728,0.9844961240310077,0.8241128349625724,0.015503875968992248
PR00004052,WO00004052,2026-06-17,C,P01,P01_L03,SKU003,480,26,164,290,61.962,266,259,7,55.034,0.6387665198237885,0.8881973267263918,0.9736842105263158,0.5524204333279726,0.02631578947368421
PR00004053,WO00004053,2026-06-17,A,P02,P02_L01,SKU003,480,31,0,449,48.8,319,313,6,42.628,1.0,0.8735258680492168,0.9811912225705329,0.8570959144181971,0.018808777429467086
PR00004054,WO00004054,2026-06-17,B,P02,P02_L01,SKU004,480,0,0,480,48.8,337,325,12,42.125,1.0,0.8632172131147542,0.9643916913946587,0.8324795081967213,0.03560830860534125
PR00004055,WO00004055,2026-06-17,C,P02,P02_L01,SKU004,480,70,0,410,48.8,266,256,10,38.927,1.0,0.7976809276289485,0.9624060150375939,0.7676929228308677,0.03759398496240601
PR00004056,WO00004056,2026-06-17,A,P02,P02_L02,SKU002,480,33,0,447,55.9,370,357,13,49.664,1.0,0.8884513332773049,0.9648648648648649,0.8572354756216158,0.03513513513513514
PR00004057,WO00004057,2026-06-17,B,P02,P02_L02,SKU004,480,0,0,480,55.9,377,362,15,47.125,1.0,0.8430232558139535,0.9602122015915119,0.8094812164579607,0.03978779840848806
PR00004058,WO00004058,2026-06-17,C,P02,P02_L02,SKU001,480,0,0,480,49.793,322,313,9,40.25,1.0,0.8083465547366095,0.9720496894409938,0.7857530174924185,0.027950310559006212
PR00004059,WO00004059,2026-06-17,A,P02,P02_L03,SKU007,480,0,0,480,47.0,347,341,6,43.375,1.0,0.9228723404255319,0.9827089337175793,0.9069148936170213,0.01729106628242075
PR00004060,WO00004060,2026-06-17,B,P02,P02_L03,SKU007,480,39,0,441,47.0,300,296,4,40.816,1.0,0.8684324793747287,0.9866666666666667,0.8568533796497323,0.013333333333333334
PR00004061,WO00004061,2026-06-17,C,P02,P02_L03,SKU001,480,33,0,447,47.0,289,281,8,38.792,1.0,0.8253605597601027,0.972318339100346,0.802513208624875,0.02768166089965398
PR00004062,WO00004062,2026-06-17,A,P03,P03_L01,SKU001,480,20,0,460,49.793,336,328,8,43.826,1.0,0.880165624817178,0.9761904761904762,0.8592093004167689,0.023809523809523808
PR00004063,WO00004063,2026-06-17,B,P03,P03_L01,SKU006,480,31,0,449,54.878,361,353,8,48.241,1.0,0.8790505215415673,0.9778393351800554,0.8595701775738871,0.0221606648199446
PR00004064,WO00004064,2026-06-17,C,P03,P03_L01,SKU003,480,0,0,480,57.7,402,392,10,50.25,1.0,0.8708838821490468,0.9751243781094527,0.8492201039861351,0.024875621890547265
PR00004065,WO00004065,2026-06-17,A,P03,P03_L02,SKU006,480,25,49,406,54.878,353,343,10,52.167,0.8923076923076924,0.950608398351417,0.9716713881019831,0.8242058608325601,0.028328611898016998
PR00004066,WO00004066,2026-06-17,B,P03,P03_L02,SKU002,480,0,37,443,56.6,339,326,13,45.914,0.9229166666666667,0.8112053218897813,0.9616519174041298,0.7199646643109541,0.038348082595870206
PR00004067,WO00004067,2026-06-17,C,P03,P03_L02,SKU006,480,0,0,480,54.878,407,396,11,50.875,1.0,0.9270563796056708,0.972972972972973,0.9020008017784905,0.02702702702702703
PR00004068,WO00004068,2026-06-17,A,P03,P03_L03,SKU001,480,0,0,480,49.793,368,360,8,46.0,1.0,0.9238246339846966,0.9782608695652174,0.903741489767638,0.021739130434782608
PR00004069,WO00004069,2026-06-17,B,P03,P03_L03,SKU001,480,0,0,480,49.793,343,335,8,42.875,1.0,0.8610648083063884,0.9766763848396501,0.8409816640893298,0.023323615160349854
PR00004070,WO00004070,2026-06-17,C,P03,P03_L03,SKU003,480,0,0,480,58.1,425,413,12,53.125,1.0,0.9143717728055077,0.971764705882353,0.8885542168674699,0.02823529411764706
PR00004071,WO00004071,2026-06-18,A,P01,P01_L01,SKU005,480,34,0,446,50.42,340,333,7,45.74,1.0,0.9071779118187493,0.9794117647058823,0.8885007195165986,0.020588235294117647
PR00004072,WO00004072,2026-06-18,B,P01,P01_L01,SKU007,480,36,0,444,69.9,450,444,6,60.811,1.0,0.8699686811274793,0.9866666666666667,0.8583690987124463,0.013333333333333334
PR00004073,WO00004073,2026-06-18,C,P01,P01_L01,SKU005,480,16,6,458,50.42,296,287,9,38.777,0.9870689655172413,0.7690855330507579,0.9695945945945946,0.7360584880110519,0.030405405405405407
PR00004074,WO00004074,2026-06-18,A,P01,P01_L02,SKU002,480,0,0,480,65.2,476,454,22,59.5,1.0,0.9125766871165644,0.9537815126050421,0.870398773006135,0.046218487394957986
PR00004075,WO00004075,2026-06-18,B,P01,P01_L02,SKU008,480,31,6,443,60.302,393,387,6,53.228,0.9866369710467706,0.8826903082925047,0.9847328244274809,0.8575987869224531,0.015267175572519083
PR00004076,WO00004076,2026-06-18,C,P01,P01_L02,SKU002,480,0,0,480,65.2,428,411,17,53.5,1.0,0.8205521472392637,0.9602803738317757,0.7879601226993864,0.0397196261682243
PR00004077,WO00004077,2026-06-18,A,P01,P01_L03,SKU008,480,0,0,480,60.302,413,409,4,51.625,1.0,0.8561075917880004,0.9903147699757869,0.8478159928360586,0.009685230024213076
PR00004078,WO00004078,2026-06-18,B,P01,P01_L03,SKU007,480,0,18,462,74.2,520,510,10,67.532,0.9625,0.9101410718661392,0.9807692307692307,0.8591644204851753,0.019230769230769232
PR00004079,WO00004079,2026-06-18,C,P01,P01_L03,SKU008,480,0,0,480,60.302,419,411,8,52.375,1.0,0.8685449902159132,0.9809069212410502,0.8519617923120295,0.01909307875894988
PR00004080,WO00004080,2026-06-18,A,P02,P02_L01,SKU002,480,0,0,480,48.8,331,319,12,41.375,1.0,0.8478483606557378,0.9637462235649547,0.8171106557377049,0.03625377643504532
PR00004081,WO00004081,2026-06-18,B,P02,P02_L01,SKU002,480,0,0,480,48.8,297,284,13,37.125,1.0,0.7607581967213115,0.9562289562289562,0.7274590163934427,0.04377104377104377
PR00004082,WO00004082,2026-06-18,C,P02,P02_L01,SKU006,480,28,64,388,48.8,272,262,10,42.062,0.8584070796460177,0.8619232719283421,0.9632352941176471,0.7126795299579284,0.03676470588235294
PR00004083,WO00004083,2026-06-18,A,P02,P02_L02,SKU006,480,0,19,461,54.878,386,377,9,50.239,0.9604166666666667,0.9154599605245444,0.9766839378238342,0.8587229855315428,0.023316062176165803
PR00004084,WO00004084,2026-06-18,B,P02,P02_L02,SKU004,480,0,0,480,55.9,392,381,11,49.0,1.0,0.8765652951699463,0.9719387755102041,0.8519677996422182,0.02806122448979592
PR00004085,WO00004085,2026-06-18,C,P02,P02_L02,SKU002,480,0,0,480,55.9,351,337,14,43.875,1.0,0.7848837209302326,0.9601139601139601,0.7535778175313059,0.039886039886039885
PR00004086,WO00004086,2026-06-18,A,P02,P02_L03,SKU003,480,0,0,480,47.0,364,355,9,45.5,1.0,0.9680851063829787,0.9752747252747253,0.9441489361702128,0.024725274725274724
PR00004087,WO00004087,2026-06-18,B,P02,P02_L03,SKU007,480,41,0,439,47.0,300,295,5,41.002,1.0,0.8723888915814472,0.9833333333333333,0.8578490767217564,0.016666666666666666
PR00004088,WO00004088,2026-06-18,C,P02,P02_L03,SKU004,480,0,0,480,47.0,299,287,12,37.375,1.0,0.7952127659574468,0.959866220735786,0.7632978723404256,0.04013377926421405
PR00004089,WO00004089,2026-06-18,A,P03,P03_L01,SKU004,480,0,0,480,56.693,402,387,15,50.25,1.0,0.8863528125165364,0.9626865671641791,0.8532799463778596,0.03731343283582089
PR00004090,WO00004090,2026-06-18,B,P03,P03_L01,SKU004,480,0,0,480,56.693,407,394,13,50.875,1.0,0.8973771012294287,0.9680589680589681,0.8687139505759088,0.03194103194103194
PR00004091,WO00004091,2026-06-18,C,P03,P03_L01,SKU001,480,0,0,480,49.793,331,322,9,41.375,1.0,0.8309400919808005,0.972809667673716,0.8083465547366095,0.027190332326283987
PR00004092,WO00004092,2026-06-18,A,P03,P03_L02,SKU004,480,0,47,433,56.6,372,360,12,51.547,0.9020833333333333,0.9107304613225177,0.967741935483871,0.7950530035335689,0.03225806451612903
PR00004093,WO00004093,2026-06-18,B,P03,P03_L02,SKU002,480,19,0,461,56.6,358,343,15,46.594,1.0,0.8232219096602101,0.9581005586592178,0.7887293715459555,0.04189944134078212
PR00004094,WO00004094,2026-06-18,C,P03,P03_L02,SKU006,480,0,15,465,54.878,381,368,13,49.161,0.96875,0.8958287532814724,0.9658792650918635,0.8382229673093042,0.03412073490813648
PR00004095,WO00004095,2026-06-18,A,P03,P03_L03,SKU006,480,50,0,430,54.878,369,361,8,51.488,1.0,0.9382333921247722,0.978319783197832,0.9178922887724736,0.02168021680216802
PR00004096,WO00004096,2026-06-18,B,P03,P03_L03,SKU001,480,37,0,443,49.793,338,331,7,45.779,1.0,0.919381861674828,0.9792899408284024,0.9003414089182488,0.020710059171597635
PR00004097,WO00004097,2026-06-18,C,P03,P03_L03,SKU006,480,20,0,460,54.878,371,360,11,48.391,1.0,0.8817978852696178,0.9703504043126685,0.8556529344934297,0.029649595687331536
PR00004098,WO00004098,2026-06-19,A,P01,P01_L01,SKU005,480,0,71,409,50.42,287,280,7,42.103,0.8520833333333333,0.835039458281487,0.975609756097561,0.6941689805632686,0.024390243902439025
PR00004099,WO00004099,2026-06-19,B,P01,P01_L01,SKU004,480,0,81,399,56.693,359,343,16,53.985,0.83125,0.95223329874967,0.9554317548746518,0.7562662057044081,0.04456824512534819
PR00004100,WO00004100,2026-06-19,C,P01,P01_L01,SKU005,480,26,0,454,50.42,331,320,11,43.744,1.0,0.8676020109494345,0.9667673716012085,0.8387693157215077,0.03323262839879154
PR00004101,WO00004101,2026-06-19,A,P01,P01_L02,SKU001,480,30,21,429,49.793,315,309,6,44.056,0.9533333333333334,0.8847818780941911,0.9809523809523809,0.8274255417428152,0.01904761904761905
PR00004102,WO00004102,2026-06-19,B,P01,P01_L02,SKU002,480,44,13,423,65.2,379,366,13,53.759,0.9701834862385321,0.8245224731323152,0.9656992084432717,0.7724995778690831,0.03430079155672823
PR00004103,WO00004103,2026-06-19,C,P01,P01_L02,SKU001,480,36,0,444,49.793,299,291,8,40.405,1.0,0.8114675839054767,0.9732441471571907,0.7897560766437917,0.026755852842809364
PR00004104,WO00004104,2026-06-19,A,P01,P01_L03,SKU003,480,0,33,447,61.962,443,431,12,59.463,0.93125,0.9596702373764912,0.9729119638826185,0.8694845227720216,0.02708803611738149
PR00004105,WO00004105,2026-06-19,B,P01,P01_L03,SKU007,480,0,0,480,74.2,538,532,6,67.25,1.0,0.9063342318059299,0.9888475836431226,0.8962264150943395,0.011152416356877323
PR00004106,WO00004106,2026-06-19,C,P01,P01_L03,SKU003,480,35,0,445,61.962,412,402,10,55.551,1.0,0.8965262870429103,0.9757281553398058,0.8747659402700241,0.024271844660194174
PR00004107,WO00004107,2026-06-19,A,P02,P02_L01,SKU003,480,0,0,480,48.8,373,365,8,46.625,1.0,0.9554303278688525,0.9785522788203753,0.934938524590164,0.021447721179624665
PR00004108,WO00004108,2026-06-19,B,P02,P02_L01,SKU006,480,0,0,480,48.8,358,344,14,44.75,1.0,0.9170081967213115,0.9608938547486033,0.8811475409836066,0.03910614525139665
PR00004109,WO00004109,2026-06-19,C,P02,P02_L01,SKU002,480,0,37,443,48.8,271,260,11,36.704,0.9229166666666667,0.752137068423195,0.959409594095941,0.6659836065573771,0.04059040590405904
PR00004110,WO00004110,2026-06-19,A,P02,P02_L02,SKU004,480,31,0,449,55.9,396,381,15,52.918,1.0,0.9466474893522079,0.9621212121212122,0.9107896299070485,0.03787878787878788
PR00004111,WO00004111,2026-06-19,B,P02,P02_L02,SKU002,480,0,9,471,55.9,357,346,11,45.478,0.98125,0.8135546870549094,0.969187675070028,0.7737030411449017,0.03081232492997199
PR00004112,WO00004112,2026-06-19,C,P02,P02_L02,SKU002,480,21,0,459,55.9,340,324,16,44.444,1.0,0.795070562512423,0.9529411764705882,0.7576554772177208,0.047058823529411764
PR00004113,WO00004113,2026-06-19,A,P02,P02_L03,SKU003,480,29,0,451,47.0,329,324,5,43.769,1.0,0.9312638580931265,0.9848024316109423,0.9171109119214985,0.015197568389057751
PR00004114,WO00004114,2026-06-19,B,P02,P02_L03,SKU003,480,0,0,480,47.0,350,342,8,43.75,1.0,0.9308510638297872,0.9771428571428571,0.9095744680851063,0.022857142857142857
PR00004115,WO00004115,2026-06-19,C,P02,P02_L03,SKU001,480,0,9,471,47.0,296,289,7,37.707,0.98125,0.802276731264399,0.9763513513513513,0.7686170212765957,0.02364864864864865
PR00004116,WO00004116,2026-06-19,A,P03,P03_L01,SKU003,480,0,73,407,57.7,382,379,3,56.314,0.8479166666666667,0.9759878044106812,0.9921465968586387,0.8210571923743499,0.007853403141361256
PR00004117,WO00004117,2026-06-19,B,P03,P03_L01,SKU001,480,0,0,480,49.793,313,305,8,39.125,1.0,0.7857530174924187,0.9744408945686901,0.7656698732753601,0.025559105431309903
PR00004118,WO00004118,2026-06-19,C,P03,P03_L01,SKU003,480,0,0,480,57.7,403,398,5,50.375,1.0,0.8730502599653379,0.9875930521091811,0.8622183708838821,0.01240694789081886
PR00004119,WO00004119,2026-06-19,A,P03,P03_L02,SKU004,480,45,49,386,56.6,340,330,10,52.85,0.8873563218390804,0.9337410058770758,0.9705882352941176,0.8041915438040698,0.029411764705882353
PR00004120,WO00004120,2026-06-19,B,P03,P03_L02,SKU006,480,0,0,480,54.878,386,375,11,48.25,1.0,0.8792230037537812,0.9715025906735751,0.8541674259266009,0.02849740932642487
PR00004121,WO00004121,2026-06-19,C,P03,P03_L02,SKU002,480,25,0,455,56.6,325,312,13,42.857,1.0,0.7571933366986371,0.96,0.7269056032306915,0.04
PR00004122,WO00004122,2026-06-19,A,P03,P03_L03,SKU001,480,0,0,480,49.793,350,341,9,43.75,1.0,0.8786375594963147,0.9742857142857143,0.8560440222521238,0.025714285714285714
PR00004123,WO00004123,2026-06-19,B,P03,P03_L03,SKU004,480,25,0,455,56.693,369,359,10,48.659,1.0,0.8582953920120767,0.9728997289972899,0.8350353542881722,0.02710027100271003
PR00004124,WO00004124,2026-06-19,C,P03,P03_L03,SKU004,480,0,0,480,56.693,356,341,15,44.5,1.0,0.7849293563579278,0.9578651685393258,0.751856490219251,0.042134831460674156
PR00004125,WO00004125,2026-06-20,A,P01,P01_L01,SKU005,480,14,0,466,50.42,326,318,8,41.974,1.0,0.8324920453597505,0.9754601226993865,0.8120627927128855,0.024539877300613498
PR00004126,WO00004126,2026-06-20,B,P01,P01_L01,SKU001,480,19,0,461,49.793,339,331,8,44.121,1.0,0.8860979465834542,0.976401179941003,0.8651870805873845,0.02359882005899705
PR00004127,WO00004127,2026-06-20,A,P01,P01_L02,SKU006,480,0,0,480,54.878,427,416,11,53.375,1.0,0.9726119756550895,0.9742388758782201,0.9475563978279092,0.02576112412177986
PR00004128,WO00004128,2026-06-20,A,P01,P01_L03,SKU003,480,42,0,438,61.962,430,421,9,58.904,1.0,0.9506489394958376,0.9790697674418605,0.9307516361110411,0.020930232558139535
PR00004129,WO00004129,2026-06-20,B,P01,P01_L03,SKU003,480,0,0,480,61.962,460,449,11,57.5,1.0,0.9279881217520415,0.9760869565217392,0.9057971014492753,0.02391304347826087
PR00004130,WO00004130,2026-06-20,A,P02,P02_L01,SKU002,480,0,0,480,48.8,324,315,9,40.5,1.0,0.8299180327868853,0.9722222222222222,0.8068647540983607,0.027777777777777776
PR00004131,WO00004131,2026-06-20,C,P02,P02_L01,SKU001,480,0,0,480,48.8,326,317,9,40.75,1.0,0.8350409836065574,0.9723926380368099,0.8119877049180328,0.027607361963190184
PR00004132,WO00004132,2026-06-20,A,P02,P02_L02,SKU002,480,22,0,458,55.9,358,348,10,46.9,1.0,0.8389903992625634,0.9720670391061452,0.8155549132496426,0.027932960893854747
PR00004133,WO00004133,2026-06-20,B,P02,P02_L02,SKU006,480,0,0,480,54.878,385,375,10,48.125,1.0,0.8769452239513101,0.974025974025974,0.8541674259266008,0.025974025974025976
PR00004134,WO00004134,2026-06-20,C,P02,P02_L02,SKU004,480,51,0,429,55.9,328,316,12,45.874,1.0,0.8206462589289065,0.9634146341463414,0.7906226153095562,0.036585365853658534
PR00004135,WO00004135,2026-06-20,A,P02,P02_L03,SKU004,480,0,0,480,47.0,343,332,11,42.875,1.0,0.9122340425531915,0.967930029154519,0.8829787234042553,0.03206997084548105
PR00004136,WO00004136,2026-06-20,A,P03,P03_L01,SKU003,480,17,0,463,57.7,399,391,8,51.706,1.0,0.8961224176589269,0.9799498746867168,0.8781550508888231,0.020050125313283207
PR00004137,WO00004137,2026-06-20,C,P03,P03_L01,SKU001,480,0,0,480,49.793,320,310,10,40.0,1.0,0.803325768682345,0.96875,0.7782218384110217,0.03125
PR00004138,WO00004138,2026-06-20,A,P03,P03_L02,SKU002,480,0,112,368,56.6,286,276,10,46.63,0.7666666666666667,0.8238592717775387,0.965034965034965,0.6095406360424027,0.03496503496503497
PR00004139,WO00004139,2026-06-20,B,P03,P03_L02,SKU008,480,31,0,449,56.6,343,339,4,45.835,1.0,0.8098089984024176,0.9883381924198251,0.8003651616863544,0.011661807580174927
PR00004140,WO00004140,2026-06-20,C,P03,P03_L02,SKU006,480,35,0,445,54.878,343,332,11,46.247,1.0,0.8427273408512692,0.967930029154519,0.8157010995994792,0.03206997084548105
PR00004141,WO00004141,2026-06-20,A,P03,P03_L03,SKU001,480,47,55,378,49.793,285,279,6,45.238,0.8729792147806005,0.9085231907716996,0.9789473684210527,0.7764245593384789,0.021052631578947368
PR00004142,WO00004142,2026-06-20,B,P03,P03_L03,SKU001,480,23,0,457,49.793,315,309,6,41.357,1.0,0.8305720474888578,0.9809523809523809,0.8147516275366891,0.01904761904761905
PR00004143,WO00004143,2026-06-20,C,P03,P03_L03,SKU004,480,29,0,451,56.693,357,343,14,47.494,1.0,0.8377481657832438,0.9607843137254902,0.8048952965368421,0.0392156862745098
PR00004144,WO00004144,2026-06-21,A,P01,P01_L01,SKU005,480,52,0,428,50.42,304,297,7,42.617,1.0,0.8452364623146873,0.9769736842105263,0.8257737806166517,0.023026315789473683
PR00004145,WO00004145,2026-06-21,C,P01,P01_L01,SKU005,480,0,20,460,50.42,325,316,9,42.391,0.9583333333333334,0.8407636721107911,0.9723076923076923,0.7834192780642603,0.027692307692307693
PR00004146,WO00004146,2026-06-21,A,P01,P01_L02,SKU004,480,0,0,480,56.693,423,411,12,52.875,1.0,0.9326548251106839,0.9716312056737588,0.9061965321997425,0.028368794326241134
PR00004147,WO00004147,2026-06-21,B,P01,P01_L02,SKU001,480,32,0,448,49.793,318,309,9,42.589,1.0,0.8553267671015146,0.9716981132075472,0.8311194057684529,0.02830188679245283
PR00004148,WO00004148,2026-06-21,A,P01,P01_L03,SKU008,480,0,0,480,60.302,449,443,6,56.125,1.0,0.9307319823554774,0.9866369710467706,0.9182945839275646,0.013363028953229399
PR00004149,WO00004149,2026-06-21,C,P01,P01_L03,SKU003,480,0,0,480,61.962,462,452,10,57.75,1.0,0.9320228527161808,0.9783549783549783,0.9118491978954842,0.021645021645021644
PR00004150,WO00004150,2026-06-21,A,P02,P02_L01,SKU003,480,15,0,465,48.8,348,343,5,44.903,1.0,0.9201480698043364,0.985632183908046,0.9069275515600213,0.014367816091954023
PR00004151,WO00004151,2026-06-21,B,P02,P02_L01,SKU003,480,19,0,461,48.8,341,337,4,44.382,1.0,0.9094626791365883,0.9882697947214076,0.8987944952170975,0.011730205278592375
PR00004152,WO00004152,2026-06-21,C,P02,P02_L01,SKU003,480,0,0,480,48.8,353,342,11,44.125,1.0,0.9042008196721312,0.9688385269121813,0.8760245901639344,0.031161473087818695
PR00004153,WO00004153,2026-06-21,A,P02,P02_L02,SKU002,480,0,0,480,55.9,375,361,14,46.875,1.0,0.8385509838998211,0.9626666666666667,0.8072450805008944,0.037333333333333336
PR00004154,WO00004154,2026-06-21,B,P02,P02_L02,SKU002,480,47,0,433,55.9,301,291,10,41.709,1.0,0.7461360810090601,0.9667774086378738,0.7213475068891578,0.03322259136212625
PR00004155,WO00004155,2026-06-21,A,P02,P02_L03,SKU005,480,0,0,480,47.0,326,318,8,40.75,1.0,0.8670212765957447,0.9754601226993865,0.8457446808510639,0.024539877300613498
PR00004156,WO00004156,2026-06-21,C,P02,P02_L03,SKU002,480,0,0,480,47.0,301,290,11,37.625,1.0,0.800531914893617,0.9634551495016611,0.7712765957446808,0.036544850498338874
PR00004157,WO00004157,2026-06-21,B,P03,P03_L01,SKU004,480,52,26,402,56.693,333,322,11,49.701,0.9392523364485982,0.8766777651088041,0.9669669669669669,0.7962215249834698,0.03303303303303303
PR00004158,WO00004158,2026-06-21,A,P03,P03_L02,SKU004,480,0,0,480,56.6,394,379,15,49.25,1.0,0.8701413427561837,0.9619289340101523,0.8370141342756184,0.03807106598984772
PR00004159,WO00004159,2026-06-21,B,P03,P03_L02,SKU006,480,71,0,409,54.878,353,342,11,51.785,1.0,0.943635720612898,0.9688385269121813,0.9142306415003149,0.031161473087818695
PR00004160,WO00004160,2026-06-21,C,P03,P03_L02,SKU001,480,0,0,480,49.793,316,308,8,39.5,1.0,0.7932841965738157,0.9746835443037974,0.7732010523567571,0.02531645569620253
PR00004161,WO00004161,2026-06-21,B,P03,P03_L03,SKU004,480,0,0,480,56.693,403,391,12,50.375,1.0,0.8885576702591149,0.9702233250620348,0.8620993773481735,0.02977667493796526
PR00004162,WO00004162,2026-06-22,A,P01,P01_L01,SKU006,480,0,0,480,54.878,431,419,12,53.875,1.0,0.9817230948649732,0.9721577726218097,0.9543897372353219,0.027842227378190254
PR00004163,WO00004163,2026-06-22,B,P01,P01_L01,SKU007,480,54,0,426,69.9,443,437,6,62.394,1.0,0.8926232646235064,0.9864559819413092,0.8805335590078381,0.013544018058690745
PR00004164,WO00004164,2026-06-22,C,P01,P01_L01,SKU001,480,18,0,462,49.793,330,319,11,42.857,1.0,0.8607061807310838,0.9666666666666667,0.8320159747067144,0.03333333333333333
PR00004165,WO00004165,2026-06-22,A,P01,P01_L02,SKU003,480,58,0,422,61.962,410,401,9,58.294,1.0,0.9407998267092612,0.9780487804878049,0.920148123196131,0.02195121951219512
PR00004166,WO00004166,2026-06-22,B,P01,P01_L02,SKU002,480,0,7,473,65.2,424,406,18,53.784,0.9854166666666667,0.8249134230015953,0.9575471698113207,0.7783742331288342,0.04245283018867924
PR00004167,WO00004167,2026-06-22,C,P01,P01_L02,SKU004,480,55,0,425,56.693,316,305,11,44.612,1.0,0.7869007585748216,0.9651898734177216,0.7595086435611411,0.03481012658227848
PR00004168,WO00004168,2026-06-22,A,P01,P01_L03,SKU003,480,0,0,480,61.962,503,490,13,62.875,1.0,1.0,0.974155069582505,0.974155069582505,0.02584493041749503
PR00004169,WO00004169,2026-06-22,B,P01,P01_L03,SKU003,480,0,0,480,61.962,469,459,10,58.625,1.0,0.9461444110906684,0.9786780383795309,0.9259707562699718,0.021321961620469083
PR00004170,WO00004170,2026-06-22,C,P01,P01_L03,SKU003,480,0,0,480,61.962,444,434,10,55.5,1.0,0.895710274038927,0.9774774774774775,0.8755366192182304,0.02252252252252252
PR00004171,WO00004171,2026-06-22,A,P02,P02_L01,SKU001,480,30,0,450,48.8,336,329,7,44.8,1.0,0.9180327868852459,0.9791666666666666,0.8989071038251366,0.020833333333333332
PR00004172,WO00004172,2026-06-22,B,P02,P02_L01,SKU003,480,30,0,450,48.8,326,318,8,43.467,1.0,0.8907103825136612,0.9754601226993865,0.8688524590163934,0.024539877300613498
PR00004173,WO00004173,2026-06-22,C,P02,P02_L01,SKU003,480,0,0,480,48.8,346,339,7,43.25,1.0,0.8862704918032788,0.9797687861271677,0.8683401639344264,0.02023121387283237
PR00004174,WO00004174,2026-06-22,A,P02,P02_L02,SKU002,480,33,9,438,55.9,360,349,11,49.315,0.9798657718120806,0.8822015830617296,0.9694444444444444,0.8380257170642686,0.030555555555555555
PR00004175,WO00004175,2026-06-22,B,P02,P02_L02,SKU002,480,42,0,438,55.9,306,298,8,41.918,1.0,0.7498713456024702,0.9738562091503268,0.7302668659788761,0.026143790849673203
PR00004176,WO00004176,2026-06-22,C,P02,P02_L02,SKU002,480,0,0,480,55.9,363,349,14,45.375,1.0,0.8117173524150268,0.9614325068870524,0.7804114490161003,0.03856749311294766
PR00004177,WO00004177,2026-06-22,A,P02,P02_L03,SKU007,480,0,0,480,47.0,336,331,5,42.0,1.0,0.8936170212765957,0.9851190476190477,0.8803191489361702,0.01488095238095238
PR00004178,WO00004178,2026-06-22,B,P02,P02_L03,SKU005,480,0,0,480,47.0,317,309,8,39.625,1.0,0.8430851063829787,0.9747634069400631,0.821808510638298,0.025236593059936908
PR00004179,WO00004179,2026-06-22,C,P02,P02_L03,SKU007,480,0,0,480,47.0,318,315,3,39.75,1.0,0.8457446808510638,0.9905660377358491,0.8377659574468085,0.009433962264150943
PR00004180,WO00004180,2026-06-22,A,P03,P03_L01,SKU001,480,0,21,459,49.793,348,341,7,45.49,0.95625,0.9135861683054118,0.9798850574712644,0.8560440222521238,0.020114942528735632
PR00004181,WO00004181,2026-06-22,B,P03,P03_L01,SKU001,480,0,0,480,49.793,330,324,6,41.25,1.0,0.8284296989536682,0.9818181818181818,0.8133673407908742,0.01818181818181818
PR00004182,WO00004182,2026-06-22,C,P03,P03_L01,SKU001,480,0,0,480,49.793,350,341,9,43.75,1.0,0.8786375594963147,0.9742857142857143,0.8560440222521238,0.025714285714285714
PR00004183,WO00004183,2026-06-22,A,P03,P03_L02,SKU007,480,29,0,451,56.6,395,393,2,52.55,1.0,0.9284432709409008,0.9949367088607595,0.9237422923538583,0.005063291139240506
PR00004184,WO00004184,2026-06-22,B,P03,P03_L02,SKU001,480,0,0,480,49.793,321,314,7,40.125,1.0,0.8058361617094772,0.9781931464174455,0.788263410519551,0.021806853582554516
PR00004185,WO00004185,2026-06-22,C,P03,P03_L02,SKU002,480,0,0,480,56.6,341,328,13,42.625,1.0,0.7530918727915195,0.9618768328445748,0.7243816254416962,0.03812316715542522
PR00004186,WO00004186,2026-06-22,A,P03,P03_L03,SKU004,480,24,0,456,56.693,412,399,13,54.211,1.0,0.9562119894129695,0.9684466019417476,0.9260402518829486,0.03155339805825243
PR00004187,WO00004187,2026-06-22,B,P03,P03_L03,SKU006,480,0,41,439,54.878,351,343,8,47.973,0.9145833333333333,0.8741693419596884,0.9772079772079773,0.7812784722475309,0.022792022792022793
PR00004188,WO00004188,2026-06-22,C,P03,P03_L03,SKU004,480,28,30,422,56.693,345,331,14,49.052,0.9336283185840708,0.8652237966137231,0.9594202898550724,0.7750172525240353,0.04057971014492753
PR00004189,WO00004189,2026-06-23,A,P01,P01_L01,SKU002,480,12,0,468,69.9,503,483,20,64.487,1.0,0.9225633689153002,0.9602385685884692,0.8858809287993837,0.039761431411530816
PR00004190,WO00004190,2026-06-23,B,P01,P01_L01,SKU006,480,42,0,438,54.878,349,336,13,47.808,1.0,0.871172768287514,0.9627507163323782,0.838722206718065,0.03724928366762178
PR00004191,WO00004191,2026-06-23,C,P01,P01_L01,SKU004,480,0,0,480,56.693,389,372,17,48.625,1.0,0.8576896618630167,0.9562982005141388,0.820207080239183,0.043701799485861184
PR00004192,WO00004192,2026-06-23,A,P01,P01_L02,SKU004,480,54,0,426,56.693,372,359,13,52.394,1.0,0.9241769918187978,0.9650537634408602,0.8918804840401838,0.03494623655913978
PR00004193,WO00004193,2026-06-23,B,P01,P01_L02,SKU006,480,0,17,463,54.878,401,388,13,51.965,0.9645833333333333,0.9469266876449367,0.9675810473815462,0.8837785633587231,0.032418952618453865
PR00004194,WO00004194,2026-06-23,C,P01,P01_L02,SKU004,480,77,19,384,56.693,318,302,16,49.688,0.9528535980148883,0.8764309526749334,0.949685534591195,0.7930922540053894,0.050314465408805034
PR00004195,WO00004195,2026-06-23,A,P01,P01_L03,SKU008,480,0,0,480,60.302,428,420,8,53.5,1.0,0.8872010878577825,0.9813084112149533,0.8706178899538988,0.018691588785046728
PR00004196,WO00004196,2026-06-23,B,P01,P01_L03,SKU004,480,0,0,480,56.693,415,396,19,51.875,1.0,0.9150159631700563,0.9542168674698795,0.8731236660610658,0.04578313253012048
PR00004197,WO00004197,2026-06-23,C,P01,P01_L03,SKU004,480,0,0,480,56.693,389,373,16,48.625,1.0,0.8576896618630167,0.9588688946015425,0.8224119379817615,0.04113110539845758
PR00004198,WO00004198,2026-06-23,A,P02,P02_L01,SKU008,480,30,0,450,48.8,291,287,4,38.8,1.0,0.7950819672131147,0.9862542955326461,0.7841530054644809,0.013745704467353952
PR00004199,WO00004199,2026-06-23,B,P02,P02_L01,SKU006,480,0,75,405,48.8,295,285,10,43.704,0.84375,0.8955676988463874,0.9661016949152542,0.7300204918032788,0.03389830508474576
PR00004200,WO00004200,2026-06-23,C,P02,P02_L01,SKU003,480,19,0,461,48.8,330,323,7,42.95,1.0,0.8801251733579887,0.9787878787878788,0.8614558514988798,0.021212121212121213
PR00004201,WO00004201,2026-06-23,A,P02,P02_L02,SKU002,480,29,0,451,55.9,357,345,12,47.494,1.0,0.8496325002280759,0.9663865546218487,0.8210734245901574,0.03361344537815126
PR00004202,WO00004202,2026-06-23,B,P02,P02_L02,SKU003,480,0,0,480,55.9,374,366,8,46.75,1.0,0.8363148479427549,0.9786096256684492,0.8184257602862254,0.0213903743315508
PR00004203,WO00004203,2026-06-23,C,P02,P02_L02,SKU006,480,24,0,456,54.878,364,353,11,47.895,1.0,0.8727493137888638,0.9697802197802198,0.8463750213392003,0.03021978021978022
PR00004204,WO00004204,2026-06-23,A,P02,P02_L03,SKU003,480,0,0,480,47.0,345,341,4,43.125,1.0,0.9175531914893617,0.9884057971014493,0.9069148936170213,0.011594202898550725
PR00004205,WO00004205,2026-06-23,B,P02,P02_L03,SKU003,480,0,0,480,47.0,334,327,7,41.75,1.0,0.8882978723404256,0.9790419161676647,0.8696808510638299,0.020958083832335328
PR00004206,WO00004206,2026-06-23,C,P02,P02_L03,SKU008,480,0,0,480,47.0,288,283,5,36.0,1.0,0.7659574468085106,0.9826388888888888,0.7526595744680851,0.017361111111111112
PR00004207,WO00004207,2026-06-23,A,P03,P03_L01,SKU006,480,0,28,452,54.878,395,386,9,52.434,0.9416666666666667,0.955458076434711,0.9772151898734177,0.879223003753781,0.02278481012658228
PR00004208,WO00004208,2026-06-23,B,P03,P03_L01,SKU001,480,13,0,467,49.793,328,320,8,42.141,1.0,0.8463303601535624,0.975609756097561,0.825688156247378,0.024390243902439025
PR00004209,WO00004209,2026-06-23,C,P03,P03_L01,SKU004,480,24,0,456,56.693,377,364,13,49.605,1.0,0.8749803883706055,0.9655172413793104,0.8448086508405847,0.034482758620689655
PR00004210,WO00004210,2026-06-23,A,P03,P03_L02,SKU001,480,0,0,480,49.793,377,369,8,47.125,1.0,0.9464181712288876,0.9787798408488063,0.9263350270118289,0.021220159151193633
PR00004211,WO00004211,2026-06-23,B,P03,P03_L02,SKU001,480,0,0,480,49.793,357,347,10,44.625,1.0,0.896210310686241,0.9719887955182073,0.8711063804149177,0.028011204481792718
PR00004212,WO00004212,2026-06-23,C,P03,P03_L02,SKU006,480,27,0,453,54.878,357,344,13,47.285,1.0,0.8616343199810585,0.9635854341736695,0.8302582803178827,0.036414565826330535
PR00004213,WO00004213,2026-06-23,A,P03,P03_L03,SKU004,480,0,29,451,56.693,389,375,14,51.752,0.9395833333333333,0.9128404383464478,0.9640102827763496,0.8268216534669183,0.03598971722365039
PR00004214,WO00004214,2026-06-23,B,P03,P03_L03,SKU003,480,40,0,440,58.1,383,374,9,52.227,1.0,0.898920356751682,0.9765013054830287,0.8777969018932874,0.02349869451697128
PR00004215,WO00004215,2026-06-23,C,P03,P03_L03,SKU004,480,0,0,480,56.693,399,387,12,49.875,1.0,0.8797382392888011,0.9699248120300752,0.8532799463778598,0.03007518796992481
PR00004216,WO00004216,2026-06-24,A,P01,P01_L01,SKU004,480,0,0,480,56.693,436,418,18,54.5,1.0,0.9613179757642037,0.9587155963302753,0.9216305363977917,0.04128440366972477
PR00004217,WO00004217,2026-06-24,B,P01,P01_L01,SKU006,480,18,0,462,54.878,402,388,14,52.208,1.0,0.9513428369800686,0.9651741293532339,0.9182114943986732,0.03482587064676617
PR00004218,WO00004218,2026-06-24,C,P01,P01_L01,SKU006,480,0,0,480,54.878,386,370,16,48.25,1.0,0.8792230037537812,0.9585492227979274,0.8427785269142462,0.04145077720207254
PR00004219,WO00004219,2026-06-24,A,P01,P01_L02,SKU001,480,43,30,407,49.793,304,297,7,44.816,0.931350114416476,0.9000406646662145,0.9769736842105263,0.8189510982791411,0.023026315789473683
PR00004220,WO00004220,2026-06-24,B,P01,P01_L02,SKU002,480,0,23,457,65.2,444,427,17,58.293,0.9520833333333333,0.8940677397269469,0.9617117117117117,0.8186349693251533,0.038288288288288286
PR00004221,WO00004221,2026-06-24,C,P01,P01_L02,SKU001,480,0,0,480,49.793,330,321,9,41.25,1.0,0.8284296989536682,0.9727272727272728,0.8058361617094774,0.02727272727272727
PR00004222,WO00004222,2026-06-24,A,P01,P01_L03,SKU003,480,0,0,480,61.962,492,479,13,61.5,1.0,0.9925438171782704,0.9735772357723578,0.9663180659113649,0.026422764227642278
PR00004223,WO00004223,2026-06-24,B,P01,P01_L03,SKU006,480,45,0,435,54.878,391,379,12,53.931,1.0,0.9827441685695292,0.969309462915601,0.9525832222195693,0.030690537084398978
PR00004224,WO00004224,2026-06-24,C,P01,P01_L03,SKU004,480,0,0,480,56.693,395,378,17,49.375,1.0,0.8709188083184873,0.9569620253164557,0.8334362266946537,0.043037974683544304
PR00004225,WO00004225,2026-06-24,A,P02,P02_L01,SKU003,480,0,44,436,48.8,335,331,4,46.101,0.9083333333333333,0.9446909309670628,0.9880597014925373,0.8478483606557378,0.011940298507462687
PR00004226,WO00004226,2026-06-24,B,P02,P02_L01,SKU003,480,87,0,393,48.8,270,263,7,41.221,1.0,0.8447002878238018,0.9740740740740741,0.8228006507320736,0.025925925925925925
PR00004227,WO00004227,2026-06-24,C,P02,P02_L01,SKU003,480,0,0,480,48.8,337,329,8,42.125,1.0,0.8632172131147542,0.9762611275964391,0.8427254098360656,0.02373887240356083
PR00004228,WO00004228,2026-06-24,A,P02,P02_L02,SKU001,480,33,5,442,49.793,323,316,7,43.846,0.9888143176733781,0.8805686310556473,0.978328173374613,0.8518488016900033,0.021671826625386997
PR00004229,WO00004229,2026-06-24,B,P02,P02_L02,SKU002,480,32,0,448,55.9,356,343,13,47.679,1.0,0.852926143623818,0.9634831460674157,0.8217799642218246,0.03651685393258427
PR00004230,WO00004230,2026-06-24,C,P02,P02_L02,SKU006,480,21,0,459,54.878,353,340,13,46.144,1.0,0.8408431584546303,0.9631728045325779,0.8098772631007771,0.036827195467422094
PR00004231,WO00004231,2026-06-24,A,P02,P02_L03,SKU007,480,15,32,433,47.0,309,307,2,42.818,0.9311827956989247,0.9110117438946489,0.9935275080906149,0.8428277282086478,0.006472491909385114
PR00004232,WO00004232,2026-06-24,B,P02,P02_L03,SKU007,480,24,0,456,47.0,329,324,5,43.289,1.0,0.9210526315789473,0.9848024316109423,0.9070548712206047,0.015197568389057751
PR00004233,WO00004233,2026-06-24,C,P02,P02_L03,SKU007,480,0,0,480,47.0,332,325,7,41.5,1.0,0.8829787234042553,0.9789156626506024,0.8643617021276595,0.02108433734939759
PR00004234,WO00004234,2026-06-24,A,P03,P03_L01,SKU001,480,0,0,480,49.793,365,359,6,45.625,1.0,0.9162934549032997,0.9835616438356164,0.9012310967405057,0.01643835616438356
PR00004235,WO00004235,2026-06-24,B,P03,P03_L01,SKU003,480,26,0,454,57.7,395,387,8,52.203,1.0,0.9047251849533131,0.979746835443038,0.8864016369036257,0.020253164556962026
PR00004236,WO00004236,2026-06-24,C,P03,P03_L01,SKU001,480,0,0,480,49.793,330,324,6,41.25,1.0,0.8284296989536682,0.9818181818181818,0.8133673407908742,0.01818181818181818
PR00004237,WO00004237,2026-06-24,A,P03,P03_L02,SKU006,480,0,22,458,54.878,404,393,11,52.926,0.9541666666666667,0.9644258936575628,0.9727722772277227,0.8951674623710777,0.027227722772277228
PR00004238,WO00004238,2026-06-24,B,P03,P03_L02,SKU006,480,0,0,480,54.878,394,385,9,49.25,1.0,0.8974452421735486,0.9771573604060914,0.8769452239513101,0.02284263959390863
PR00004239,WO00004239,2026-06-24,C,P03,P03_L02,SKU002,480,39,0,441,56.6,331,319,12,45.034,1.0,0.7956539506261869,0.9637462235649547,0.7668084901805245,0.03625377643504532
PR00004240,WO00004240,2026-06-24,A,P03,P03_L03,SKU001,480,0,0,480,49.793,355,346,9,44.375,1.0,0.8911895246319764,0.9746478873239437,0.8685959873877855,0.02535211267605634
PR00004241,WO00004241,2026-06-24,B,P03,P03_L03,SKU001,480,37,0,443,49.793,325,317,8,44.018,1.0,0.8840210208411808,0.9753846153846154,0.8622605034050903,0.024615384615384615
PR00004242,WO00004242,2026-06-24,C,P03,P03_L03,SKU001,480,0,21,459,49.793,330,322,8,43.137,0.95625,0.8663317113240975,0.9757575757575757,0.8083465547366095,0.024242424242424242
PR00004243,WO00004243,2026-06-25,A,P01,P01_L01,SKU001,480,14,0,466,49.793,381,371,10,49.056,1.0,0.9851945854119315,0.973753280839895,0.9593364598105685,0.026246719160104987
PR00004244,WO00004244,2026-06-25,B,P01,P01_L01,SKU002,480,0,32,448,69.9,446,429,17,59.732,0.9333333333333333,0.85453709380748,0.9618834080717489,0.7671673819742488,0.03811659192825112
PR00004245,WO00004245,2026-06-25,C,P01,P01_L01,SKU005,480,0,0,480,50.42,338,329,9,42.25,1.0,0.8379611265370884,0.9733727810650887,0.8156485521618405,0.026627218934911243
PR00004246,WO00004246,2026-06-25,A,P01,P01_L02,SKU006,480,25,9,446,54.878,399,386,13,53.677,0.9802197802197802,0.9781174613659945,0.9674185463659147,0.9275319600039887,0.03258145363408521
PR00004247,WO00004247,2026-06-25,B,P01,P01_L02,SKU001,480,0,33,447,49.793,312,304,8,41.879,0.93125,0.8410659054660792,0.9743589743589743,0.7631594802482277,0.02564102564102564
PR00004248,WO00004248,2026-06-25,C,P01,P01_L02,SKU002,480,23,0,457,65.2,404,387,17,53.042,1.0,0.813521096508303,0.9579207920792079,0.7792887731403793,0.04207920792079208
PR00004249,WO00004249,2026-06-25,A,P01,P01_L03,SKU003,480,19,19,442,61.962,432,421,11,58.643,0.9587852494577006,0.9464273899591941,0.9745370370370371,0.8843150035068026,0.02546296296296296
PR00004250,WO00004250,2026-06-25,B,P01,P01_L03,SKU003,480,48,0,432,61.962,410,399,11,56.944,1.0,0.919022052942843,0.973170731707317,0.8943653637175472,0.026829268292682926
PR00004251,WO00004251,2026-06-25,C,P01,P01_L03,SKU003,480,42,0,438,61.962,390,381,9,53.425,1.0,0.8622164800078528,0.9769230769230769,0.8423191766230561,0.023076923076923078
PR00004252,WO00004252,2026-06-25,A,P02,P02_L01,SKU003,480,33,85,362,48.8,280,275,5,46.409,0.8098434004474273,0.9510008151435559,0.9821428571428571,0.7564088458576301,0.017857142857142856
PR00004253,WO00004253,2026-06-25,B,P02,P02_L01,SKU003,480,14,14,452,48.8,334,326,8,44.336,0.9699570815450643,0.9085303931524735,0.9760479041916168,0.8601280517835784,0.023952095808383235
PR00004254,WO00004254,2026-06-25,C,P02,P02_L01,SKU002,480,0,0,480,48.8,308,295,13,38.5,1.0,0.7889344262295083,0.9577922077922078,0.7556352459016393,0.04220779220779221
PR00004255,WO00004255,2026-06-25,A,P02,P02_L02,SKU005,480,25,0,455,50.42,353,345,8,46.549,1.0,0.9232338466769248,0.9773371104815864,0.9023107000100257,0.0226628895184136
PR00004256,WO00004256,2026-06-25,B,P02,P02_L02,SKU002,480,56,0,424,55.9,325,313,12,45.991,1.0,0.8227292672224661,0.963076923076923,0.7923515712019442,0.036923076923076927
PR00004257,WO00004257,2026-06-25,C,P02,P02_L02,SKU002,480,0,7,473,55.9,348,333,15,44.144,0.9854166666666667,0.789691649615933,0.9568965517241379,0.7446332737030411,0.04310344827586207
PR00004258,WO00004258,2026-06-25,A,P02,P02_L03,SKU002,480,0,0,480,47.0,311,299,12,38.875,1.0,0.8271276595744681,0.9614147909967846,0.7952127659574468,0.03858520900321544
PR00004259,WO00004259,2026-06-25,B,P02,P02_L03,SKU003,480,0,0,480,47.0,344,336,8,43.0,1.0,0.9148936170212766,0.9767441860465116,0.8936170212765957,0.023255813953488372
PR00004260,WO00004260,2026-06-25,C,P02,P02_L03,SKU007,480,0,0,480,47.0,312,307,5,39.0,1.0,0.8297872340425532,0.9839743589743589,0.8164893617021276,0.016025641025641024
PR00004261,WO00004261,2026-06-25,A,P03,P03_L01,SKU004,480,0,0,480,56.693,438,421,17,54.75,1.0,0.9657276912493606,0.9611872146118722,0.9282451096255271,0.03881278538812785
PR00004262,WO00004262,2026-06-25,B,P03,P03_L01,SKU001,480,25,0,455,49.793,328,321,7,43.253,1.0,0.8686511608609093,0.9786585365853658,0.8501128738913167,0.021341463414634148
PR00004263,WO00004263,2026-06-25,C,P03,P03_L01,SKU008,480,19,0,461,57.7,360,355,5,46.855,1.0,0.81203923352519,0.9861111111111112,0.8007609108373402,0.013888888888888888
PR00004264,WO00004264,2026-06-25,A,P03,P03_L02,SKU008,480,0,0,480,56.6,380,374,6,47.5,1.0,0.8392226148409894,0.9842105263157894,0.8259717314487631,0.015789473684210527
PR00004265,WO00004265,2026-06-25,B,P03,P03_L02,SKU008,480,0,0,480,56.6,358,353,5,44.75,1.0,0.7906360424028268,0.9860335195530726,0.7795936395759717,0.013966480446927373
PR00004266,WO00004266,2026-06-25,C,P03,P03_L02,SKU002,480,0,0,480,56.6,375,361,14,46.875,1.0,0.8281802120141343,0.9626666666666667,0.7972614840989399,0.037333333333333336
PR00004267,WO00004267,2026-06-25,A,P03,P03_L03,SKU006,480,0,54,426,54.878,346,336,10,48.732,0.8875,0.8880133089069788,0.9710982658959537,0.7653340136302343,0.028901734104046242
PR00004268,WO00004268,2026-06-25,B,P03,P03_L03,SKU003,480,0,0,480,58.1,436,425,11,54.5,1.0,0.9380378657487091,0.9747706422018348,0.9143717728055076,0.02522935779816514
PR00004269,WO00004269,2026-06-25,C,P03,P03_L03,SKU004,480,0,0,480,56.693,383,370,13,47.875,1.0,0.844460515407546,0.9660574412532638,0.8157973647540262,0.033942558746736295
PR00004270,WO00004270,2026-06-26,A,P01,P01_L01,SKU001,480,34,0,446,49.793,345,339,6,46.413,1.0,0.9321100567110168,0.9826086956521739,0.915899447029086,0.017391304347826087
PR00004271,WO00004271,2026-06-26,B,P01,P01_L01,SKU001,480,34,0,446,49.793,324,316,8,43.587,1.0,0.8753729228242593,0.9753086419753086,0.853758776581685,0.024691358024691357
PR00004272,WO00004272,2026-06-26,C,P01,P01_L01,SKU006,480,25,0,455,54.878,372,359,13,49.055,1.0,0.8938909044598028,0.9650537634408602,0.8626527814544871,0.03494623655913978
PR00004273,WO00004273,2026-06-26,A,P01,P01_L02,SKU002,480,44,0,436,65.2,464,446,18,63.853,1.0,0.9793437271345753,0.9612068965517241,0.9413519446164236,0.03879310344827586
PR00004274,WO00004274,2026-06-26,B,P01,P01_L02,SKU004,480,0,0,480,56.693,400,382,18,50.0,1.0,0.8819430970313795,0.955,0.8422556576649675,0.045
PR00004275,WO00004275,2026-06-26,C,P01,P01_L02,SKU004,480,46,34,400,56.693,313,301,12,46.95,0.9216589861751152,0.8281445681124654,0.9616613418530351,0.7340042549486965,0.038338658146964855
PR00004276,WO00004276,2026-06-26,A,P01,P01_L03,SKU003,480,0,0,480,61.962,465,458,7,58.125,1.0,0.9380749491623898,0.9849462365591398,0.9239533907879022,0.015053763440860216
PR00004277,WO00004277,2026-06-26,B,P01,P01_L03,SKU008,480,75,0,405,60.302,341,337,4,50.519,1.0,0.8377585904036104,0.9882697947214076,0.8279315101642719,0.011730205278592375
PR00004278,WO00004278,2026-06-26,C,P01,P01_L03,SKU008,480,0,0,480,60.302,391,384,7,48.875,1.0,0.81050379755232,0.9820971867007673,0.7959934993864217,0.017902813299232736
PR00004279,WO00004279,2026-06-26,A,P02,P02_L01,SKU004,480,29,0,451,48.8,326,315,11,43.37,1.0,0.8887354149249391,0.9662576687116564,0.8587474101268583,0.03374233128834356
PR00004280,WO00004280,2026-06-26,B,P02,P02_L01,SKU006,480,0,0,480,48.8,357,346,11,44.625,1.0,0.9144467213114754,0.969187675070028,0.8862704918032787,0.03081232492997199
PR00004281,WO00004281,2026-06-26,C,P02,P02_L01,SKU006,480,0,7,473,48.8,354,341,13,44.905,0.9854166666666667,0.9201816102311718,0.963276836158192,0.8734631147540983,0.03672316384180791
PR00004282,WO00004282,2026-06-26,A,P02,P02_L02,SKU003,480,0,0,480,55.9,408,402,6,51.0,1.0,0.9123434704830053,0.9852941176470589,0.8989266547406083,0.014705882352941176
PR00004283,WO00004283,2026-06-26,B,P02,P02_L02,SKU004,480,0,0,480,55.9,378,366,12,47.25,1.0,0.8452593917710197,0.9682539682539683,0.8184257602862255,0.031746031746031744
PR00004284,WO00004284,2026-06-26,C,P02,P02_L02,SKU002,480,0,0,480,55.9,354,342,12,44.25,1.0,0.7915921288014311,0.9661016949152542,0.7647584973166368,0.03389830508474576
PR00004285,WO00004285,2026-06-26,A,P02,P02_L03,SKU003,480,0,0,480,47.0,356,349,7,44.5,1.0,0.9468085106382979,0.9803370786516854,0.9281914893617021,0.019662921348314606
PR00004286,WO00004286,2026-06-26,B,P02,P02_L03,SKU007,480,41,0,439,47.0,295,290,5,40.319,1.0,0.8578490767217565,0.9830508474576272,0.8433092618620657,0.01694915254237288
PR00004287,WO00004287,2026-06-26,C,P02,P02_L03,SKU003,480,26,0,454,47.0,297,292,5,39.251,1.0,0.8351298153528915,0.9831649831649831,0.8210703908520011,0.016835016835016835
PR00004288,WO00004288,2026-06-26,A,P03,P03_L01,SKU001,480,21,0,459,49.793,326,317,9,42.614,1.0,0.8558307208838054,0.9723926380368099,0.8322034923931483,0.027607361963190184
PR00004289,WO00004289,2026-06-26,B,P03,P03_L01,SKU001,480,0,0,480,49.793,338,329,9,42.25,1.0,0.8485128431707268,0.9733727810650887,0.8259193059265358,0.026627218934911243
PR00004290,WO00004290,2026-06-26,C,P03,P03_L01,SKU003,480,58,36,386,57.7,318,314,4,49.43,0.9146919431279621,0.8566733416546186,0.9874213836477987,0.773735697799535,0.012578616352201259
PR00004291,WO00004291,2026-06-26,A,P03,P03_L02,SKU006,480,35,0,445,54.878,392,382,10,52.854,1.0,0.9631169609728791,0.9744897959183674,0.9385476507439792,0.025510204081632654
PR00004292,WO00004292,2026-06-26,B,P03,P03_L02,SKU006,480,0,4,476,54.878,413,402,11,52.059,0.9916666666666667,0.9486282942055425,0.9733656174334141,0.915667480593316,0.026634382566585957
PR00004293,WO00004293,2026-06-26,C,P03,P03_L02,SKU006,480,0,0,480,54.878,405,389,16,50.625,1.0,0.9225008200007289,0.9604938271604938,0.8860563431611939,0.03950617283950617
PR00004294,WO00004294,2026-06-26,A,P03,P03_L03,SKU001,480,0,0,480,49.793,335,326,9,41.875,1.0,0.8409816640893298,0.9731343283582089,0.8183881268451388,0.026865671641791045
PR00004295,WO00004295,2026-06-26,B,P03,P03_L03,SKU004,480,0,0,480,56.693,392,377,15,49.0,1.0,0.8643042350907519,0.9617346938775511,0.8312313689520753,0.03826530612244898
PR00004296,WO00004296,2026-06-26,C,P03,P03_L03,SKU004,480,12,0,468,56.693,407,391,16,52.179,1.0,0.9203867704917217,0.9606879606879607,0.8842044895878702,0.03931203931203931
PR00004297,WO00004297,2026-06-27,A,P01,P01_L01,SKU005,480,26,47,407,50.42,288,282,6,42.457,0.8964757709251101,0.8420666889528452,0.9791666666666666,0.7391654594795785,0.020833333333333332
PR00004298,WO00004298,2026-06-27,B,P01,P01_L01,SKU002,480,36,0,444,69.9,454,437,17,61.351,1.0,0.8777017360708346,0.9625550660792952,0.8448362525615742,0.037444933920704845
PR00004299,WO00004299,2026-06-27,C,P01,P01_L01,SKU001,480,0,0,480,49.793,325,315,10,40.625,1.0,0.8158777338180065,0.9692307692307692,0.7907738035466833,0.03076923076923077
PR00004300,WO00004300,2026-06-27,A,P01,P01_L02,SKU002,480,23,0,457,65.2,456,438,18,59.869,1.0,0.91823173269254,0.9605263157894737,0.8819857432441502,0.039473684210526314
PR00004301,WO00004301,2026-06-27,B,P01,P01_L02,SKU001,480,0,0,480,49.793,360,350,10,45.0,1.0,0.903741489767638,0.9722222222222222,0.8786375594963147,0.027777777777777776
PR00004302,WO00004302,2026-06-27,A,P02,P02_L01,SKU003,480,0,41,439,48.8,339,332,7,46.333,0.9145833333333333,0.949437992456776,0.9793510324483776,0.850409836065574,0.02064896755162242
PR00004303,WO00004303,2026-06-27,A,P02,P02_L02,SKU002,480,37,0,443,55.9,357,345,12,48.352,1.0,0.8649757507965288,0.9663865546218487,0.8359009356437043,0.03361344537815126
PR00004304,WO00004304,2026-06-27,B,P02,P02_L02,SKU006,480,0,0,480,54.878,395,381,14,49.375,1.0,0.8997230219760195,0.9645569620253165,0.8678341047414264,0.035443037974683546
PR00004305,WO00004305,2026-06-27,C,P02,P02_L02,SKU004,480,0,13,467,55.9,373,358,15,47.923,0.9729166666666667,0.8572971772015645,0.9597855227882037,0.800536672629696,0.040214477211796246
PR00004306,WO00004306,2026-06-27,A,P02,P02_L03,SKU004,480,0,0,480,47.0,333,324,9,41.625,1.0,0.8856382978723404,0.972972972972973,0.8617021276595744,0.02702702702702703
PR00004307,WO00004307,2026-06-27,B,P02,P02_L03,SKU004,480,0,0,480,47.0,318,306,12,39.75,1.0,0.8457446808510638,0.9622641509433962,0.8138297872340425,0.03773584905660377
PR00004308,WO00004308,2026-06-27,A,P03,P03_L01,SKU001,480,23,0,457,49.793,346,340,6,45.427,1.0,0.9123108839083962,0.9826589595375722,0.8964904639562274,0.017341040462427744
PR00004309,WO00004309,2026-06-27,B,P03,P03_L01,SKU001,480,36,89,355,49.793,246,240,6,41.577,0.7995495495495496,0.8350062215317895,0.975609756097561,0.6513452178505499,0.024390243902439025
PR00004310,WO00004310,2026-06-27,A,P03,P03_L02,SKU001,480,0,0,480,49.793,357,349,8,44.625,1.0,0.896210310686241,0.9775910364145658,0.8761271664691823,0.022408963585434174
PR00004311,WO00004311,2026-06-27,B,P03,P03_L03,SKU003,480,0,0,480,58.1,407,397,10,50.875,1.0,0.8756454388984509,0.9754299754299754,0.8541308089500861,0.02457002457002457
PR00004312,WO00004312,2026-06-28,A,P01,P01_L02,SKU008,480,0,0,480,60.302,412,404,8,51.5,1.0,0.8540346920500149,0.9805825242718447,0.8374514941461312,0.019417475728155338
PR00004313,WO00004313,2026-06-28,B,P01,P01_L02,SKU001,480,0,16,464,49.793,345,335,10,44.612,0.9666666666666667,0.8959506148558481,0.9710144927536232,0.84098166408933,0.028985507246376812
PR00004314,WO00004314,2026-06-28,C,P01,P01_L02,SKU006,480,0,0,480,54.878,366,354,12,45.75,1.0,0.8336674077043624,0.9672131147540983,0.8063340500747112,0.03278688524590164
PR00004315,WO00004315,2026-06-28,A,P01,P01_L03,SKU003,480,53,0,427,61.962,421,411,10,59.157,1.0,0.9547288445354474,0.9762470308788599,0.9320511997721351,0.023752969121140142
PR00004316,WO00004316,2026-06-28,B,P01,P01_L03,SKU002,480,0,0,480,72.0,513,493,20,64.125,1.0,0.890625,0.9610136452241715,0.8559027777777778,0.03898635477582846
PR00004317,WO00004317,2026-06-28,C,P01,P01_L03,SKU008,480,0,0,480,60.302,383,377,6,47.875,1.0,0.7939205996484362,0.9843342036553525,0.7814832012205234,0.015665796344647518
PR00004318,WO00004318,2026-06-28,A,P02,P02_L01,SKU001,480,0,0,480,48.8,348,343,5,43.5,1.0,0.8913934426229508,0.985632183908046,0.8785860655737705,0.014367816091954023
PR00004319,WO00004319,2026-06-28,B,P02,P02_L01,SKU002,480,0,0,480,48.8,348,336,12,43.5,1.0,0.8913934426229508,0.9655172413793104,0.8606557377049181,0.034482758620689655
PR00004320,WO00004320,2026-06-28,C,P02,P02_L01,SKU006,480,0,0,480,48.8,335,322,13,41.875,1.0,0.858094262295082,0.9611940298507463,0.8247950819672132,0.03880597014925373
PR00004321,WO00004321,2026-06-28,B,P02,P02_L02,SKU006,480,48,0,432,54.878,361,349,12,50.139,1.0,0.9136427874355642,0.9667590027700831,0.883272390069285,0.0332409972299169
PR00004322,WO00004322,2026-06-28,C,P02,P02_L02,SKU004,480,0,4,476,55.9,346,334,12,43.613,0.9916666666666667,0.7802047473730099,0.9653179190751445,0.7468694096601073,0.03468208092485549
PR00004323,WO00004323,2026-06-28,A,P02,P02_L03,SKU003,480,0,17,463,47.0,319,314,5,41.339,0.9645833333333333,0.8795551675014935,0.9843260188087775,0.8351063829787235,0.01567398119122257
PR00004324,WO00004324,2026-06-28,A,P03,P03_L01,SKU005,480,0,0,480,50.42,349,342,7,43.625,1.0,0.8652320507735025,0.9799426934097422,0.8478778262594209,0.02005730659025788
PR00004325,WO00004325,2026-06-28,B,P03,P03_L01,SKU001,480,0,21,459,49.793,309,301,8,40.392,0.95625,0.811201511512564,0.9741100323624595,0.7556283011668308,0.025889967637540454
PR00004326,WO00004326,2026-06-28,C,P03,P03_L01,SKU004,480,0,12,468,56.693,385,366,19,49.359,0.975,0.8706361342489259,0.9506493506493506,0.8069779337837122,0.04935064935064935
PR00004327,WO00004327,2026-06-28,B,P03,P03_L02,SKU008,480,0,0,480,56.6,361,357,4,45.125,1.0,0.7972614840989399,0.9889196675900277,0.7884275618374559,0.0110803324099723
PR00004328,WO00004328,2026-06-28,C,P03,P03_L02,SKU001,480,37,0,443,49.793,300,292,8,40.632,1.0,0.8160194038533977,0.9733333333333334,0.7942588864173071,0.02666666666666667
PR00004329,WO00004329,2026-06-28,C,P03,P03_L03,SKU006,480,0,0,480,54.878,396,382,14,49.5,1.0,0.9020008017784905,0.9646464646464646,0.8701118845438974,0.03535353535353535
PR00004330,WO00004330,2026-06-29,A,P01,P01_L01,SKU002,480,67,0,413,69.9,412,396,16,59.855,1.0,0.8562907231707696,0.9611650485436893,0.8230367145039436,0.038834951456310676
PR00004331,WO00004331,2026-06-29,B,P01,P01_L01,SKU001,480,45,0,435,49.793,335,327,8,46.207,1.0,0.9279797672709846,0.9761194029850746,0.905819056410782,0.023880597014925373
PR00004332,WO00004332,2026-06-29,C,P01,P01_L01,SKU005,480,0,0,480,50.42,337,329,8,42.125,1.0,0.8354819516065053,0.9762611275964391,0.8156485521618404,0.02373887240356083
PR00004333,WO00004333,2026-06-29,A,P01,P01_L02,SKU002,480,19,8,453,65.2,444,430,14,58.808,0.982646420824295,0.9019623776053305,0.9684684684684685,0.8583633871418496,0.03153153153153153
PR00004334,WO00004334,2026-06-29,B,P01,P01_L02,SKU008,480,0,13,467,60.302,382,373,9,49.079,0.9729166666666667,0.8138905695011056,0.9764397905759162,0.7731916022685814,0.02356020942408377
PR00004335,WO00004335,2026-06-29,C,P01,P01_L02,SKU002,480,24,7,449,65.2,408,391,17,54.521,0.9846491228070176,0.8362140817358273,0.9583333333333334,0.7890700678075556,0.041666666666666664
PR00004336,WO00004336,2026-06-29,A,P01,P01_L03,SKU002,480,46,0,434,72.0,460,445,15,63.594,1.0,0.8832565284178188,0.967391304347826,0.8544546850998463,0.03260869565217391
PR00004337,WO00004337,2026-06-29,B,P01,P01_L03,SKU008,480,0,0,480,60.302,419,409,10,52.375,1.0,0.8685449902159132,0.9761336515513126,0.8478159928360585,0.02386634844868735
PR00004338,WO00004338,2026-06-29,C,P01,P01_L03,SKU003,480,30,0,450,61.962,401,389,12,53.467,1.0,0.8628944621972606,0.970074812967581,0.837072184026769,0.029925187032418952
PR00004339,WO00004339,2026-06-29,A,P02,P02_L01,SKU002,480,0,14,466,48.8,336,322,14,43.262,0.9708333333333333,0.8865123478505593,0.9583333333333334,0.8247950819672131,0.041666666666666664
PR00004340,WO00004340,2026-06-29,B,P02,P02_L01,SKU001,480,0,0,480,48.8,338,330,8,42.25,1.0,0.8657786885245902,0.9763313609467456,0.8452868852459017,0.023668639053254437
PR00004341,WO00004341,2026-06-29,C,P02,P02_L01,SKU006,480,46,0,434,48.8,282,272,10,38.986,1.0,0.7988970310493315,0.9645390070921985,0.7705673490972276,0.03546099290780142
PR00004342,WO00004342,2026-06-29,A,P02,P02_L02,SKU002,480,0,0,480,55.9,397,386,11,49.625,1.0,0.8877459749552773,0.9722921914357683,0.8631484794275492,0.027707808564231738
PR00004343,WO00004343,2026-06-29,B,P02,P02_L02,SKU002,480,0,155,325,55.9,238,229,9,43.938,0.6770833333333334,0.7860189899545892,0.9621848739495799,0.5120751341681574,0.037815126050420166
PR00004344,WO00004344,2026-06-29,C,P02,P02_L02,SKU004,480,40,0,440,55.9,342,330,12,46.636,1.0,0.8342819970726949,0.9649122807017544,0.8050089445438284,0.03508771929824561
PR00004345,WO00004345,2026-06-29,A,P02,P02_L03,SKU001,480,29,0,451,47.0,329,319,10,43.769,1.0,0.9312638580931265,0.9696048632218845,0.9029579657498704,0.030395136778115502
PR00004346,WO00004346,2026-06-29,B,P02,P02_L03,SKU003,480,0,0,480,47.0,340,334,6,42.5,1.0,0.9042553191489362,0.9823529411764705,0.8882978723404256,0.01764705882352941
PR00004347,WO00004347,2026-06-29,C,P02,P02_L03,SKU003,480,29,0,451,47.0,313,305,8,41.641,1.0,0.8859744303439167,0.9744408945686901,0.8633297164693118,0.025559105431309903
PR00004348,WO00004348,2026-06-29,A,P03,P03_L01,SKU004,480,0,16,464,56.693,397,385,12,51.336,0.9666666666666667,0.9055122660037699,0.9697732997481109,0.8488702308927029,0.030226700251889168
PR00004349,WO00004349,2026-06-29,B,P03,P03_L01,SKU001,480,0,0,480,49.793,339,329,10,42.375,1.0,0.8510232361978591,0.9705014749262537,0.8259193059265358,0.029498525073746312
PR00004350,WO00004350,2026-06-29,C,P03,P03_L01,SKU004,480,51,27,402,56.693,292,281,11,43.582,0.9370629370629371,0.7687384606960085,0.9623287671232876,0.6932196091351543,0.03767123287671233
PR00004351,WO00004351,2026-06-29,A,P03,P03_L02,SKU006,480,19,0,461,54.878,387,376,11,50.369,1.0,0.9178316184533645,0.9715762273901809,0.8917433812363438,0.028423772609819122
PR00004352,WO00004352,2026-06-29,B,P03,P03_L02,SKU006,480,0,31,449,54.878,382,372,10,51.047,0.9354166666666667,0.9301864244567277,0.9738219895287958,0.8473340865191881,0.02617801047120419
PR00004353,WO00004353,2026-06-29,C,P03,P03_L02,SKU001,480,0,0,480,49.793,338,328,10,42.25,1.0,0.8485128431707268,0.9704142011834319,0.8234089128994035,0.029585798816568046
PR00004354,WO00004354,2026-06-29,A,P03,P03_L03,SKU001,480,0,0,480,49.793,347,340,7,43.375,1.0,0.8711063804149177,0.9798270893371758,0.8535336292249914,0.020172910662824207
PR00004355,WO00004355,2026-06-29,B,P03,P03_L03,SKU004,480,0,0,480,56.693,388,376,12,48.5,1.0,0.8554848041204381,0.9690721649484536,0.8290265112094968,0.030927835051546393
PR00004356,WO00004356,2026-06-29,C,P03,P03_L03,SKU004,480,14,0,466,56.693,372,358,14,47.897,1.0,0.8448484946669697,0.9623655913978495,0.8130531212117611,0.03763440860215054
