maintenance_order_id,plant_id,line_id,machine_id,maintenance_type,opened_at,closed_at,labor_hours,failure_mode,parts_cost,status
MO0000001,P01,P01_L02,M006,Corrective,2026-01-01 15:22:00,2026-01-01 15:55:00,0.49,Mechanical Failure,249.91,Closed
MO0000002,P01,P01_L03,M012,Corrective,2026-01-01 06:26:00,2026-01-01 06:32:00,0.1,Mechanical Failure,1.56,Closed
MO0000003,P03,P03_L01,M025,Corrective,2026-01-01 22:33:00,2026-01-01 23:06:00,0.71,Electrical Fault,404.77,Closed
MO0000004,P03,P03_L03,M035,Corrective,2026-01-01 22:20:00,2026-01-01 22:50:00,0.65,Electrical Fault,571.02,Closed
MO0000005,P01,P01_L01,M001,Corrective,2026-01-02 22:23:00,2026-01-02 22:33:00,0.18,Electrical Fault,0.0,Closed
MO0000006,P02,P02_L02,M017,Corrective,2026-01-03 22:51:00,2026-01-03 23:02:00,0.15,Mechanical Failure,50.81,Closed
MO0000007,P03,P03_L02,M031,Corrective,2026-01-03 22:41:00,2026-01-03 22:47:00,0.09,Mechanical Failure,175.79,Closed
MO0000008,P01,P01_L01,M004,Corrective,2026-01-04 07:57:00,2026-01-04 08:08:00,0.2,Sensor/Controls Fault,125.95,Closed
MO0000009,P02,P02_L01,M014,Corrective,2026-01-04 22:43:00,2026-01-04 23:24:00,0.95,Electrical Fault,80.13,Closed
MO0000010,P01,P01_L01,M003,Corrective,2026-01-05 14:24:00,2026-01-05 14:49:00,0.33,Mechanical Failure,439.4,Closed
MO0000011,P01,P01_L02,M006,Corrective,2026-01-05 22:45:00,2026-01-05 23:43:00,1.18,Mechanical Failure,112.92,Closed
MO0000012,P01,P01_L03,M009,Corrective,2026-01-05 07:17:00,2026-01-05 09:42:00,1.91,Electrical Fault,295.92,Closed
MO0000013,P02,P02_L01,M016,Corrective,2026-01-05 14:47:00,2026-01-05 15:09:00,0.38,Mechanical Failure,311.22,Closed
MO0000014,P02,P02_L02,M019,Corrective,2026-01-05 14:19:00,2026-01-05 15:01:00,0.71,Mechanical Failure,0.0,Closed
MO0000015,P02,P02_L03,M023,Corrective,2026-01-05 07:11:00,2026-01-05 07:27:00,0.29,Mechanical Failure,0.0,Closed
MO0000016,P01,P01_L02,M008,Corrective,2026-01-06 22:14:00,2026-01-06 22:18:00,0.05,Mechanical Failure,40.87,Closed
MO0000017,P01,P01_L03,M011,Corrective,2026-01-06 23:16:00,2026-01-06 23:38:00,0.5,Mechanical Failure,14.16,Closed
MO0000018,P03,P03_L01,M027,Corrective,2026-01-06 22:30:00,2026-01-06 22:37:00,0.11,Mechanical Failure,489.99,Closed
MO0000019,P03,P03_L02,M030,Corrective,2026-01-06 22:15:00,2026-01-06 23:02:00,0.69,Electrical Fault,293.13,Closed
MO0000020,P03,P03_L03,M033,Corrective,2026-01-06 15:06:00,2026-01-06 16:06:00,1.23,Mechanical Failure,750.41,Closed
MO0000021,P01,P01_L01,M003,Corrective,2026-01-07 23:25:00,2026-01-07 23:41:00,0.2,Sensor/Controls Fault,1770.93,Closed
MO0000022,P01,P01_L03,M011,Preventive,2026-01-07 14:00:00,2026-01-07 15:24:00,1.27,Scheduled PM,54.59,Closed
MO0000023,P02,P02_L01,M014,Corrective,2026-01-07 06:50:00,2026-01-07 07:23:00,0.73,Mechanical Failure,99.88,Closed
MO0000024,P02,P02_L03,M021,Corrective,2026-01-07 23:21:00,2026-01-07 23:41:00,0.4,Mechanical Failure,158.89,Closed
MO0000025,P03,P03_L01,M027,Corrective,2026-01-07 07:45:00,2026-01-07 08:04:00,0.36,Sensor/Controls Fault,1055.92,Closed
MO0000026,P03,P03_L03,M033,Corrective,2026-01-07 06:19:00,2026-01-07 07:32:00,1.0,Electrical Fault,80.71,Closed
MO0000027,P01,P01_L02,M007,Corrective,2026-01-08 06:23:00,2026-01-08 07:06:00,0.95,Electrical Fault,373.54,Closed
MO0000028,P01,P01_L03,M009,Preventive,2026-01-09 06:00:00,2026-01-09 06:57:00,1.01,Scheduled PM,149.87,Closed
MO0000029,P02,P02_L01,M014,Preventive,2026-01-08 22:00:00,2026-01-08 23:18:00,1.21,Scheduled PM,157.63,Closed
MO0000030,P03,P03_L01,M026,Corrective,2026-01-08 15:07:00,2026-01-08 15:57:00,0.91,Mechanical Failure,0.0,Closed
MO0000031,P03,P03_L01,M027,Corrective,2026-01-08 16:00:00,2026-01-08 16:17:00,0.31,Sensor/Controls Fault,230.62,Closed
MO0000032,P03,P03_L01,M028,Preventive,2026-01-08 22:00:00,2026-01-08 23:20:00,1.22,Scheduled PM,105.79,Closed
MO0000033,P03,P03_L03,M035,Corrective,2026-01-08 15:02:00,2026-01-08 15:33:00,0.41,Sensor/Controls Fault,0.0,Closed
MO0000034,P01,P01_L01,M003,Corrective,2026-01-09 07:03:00,2026-01-09 07:23:00,0.25,Mechanical Failure,58.78,Closed
MO0000035,P01,P01_L02,M005,Corrective,2026-01-09 06:31:00,2026-01-09 06:56:00,0.47,Electrical Fault,92.54,Closed
MO0000036,P01,P01_L03,M011,Corrective,2026-01-09 07:01:00,2026-01-09 07:23:00,0.46,Mechanical Failure,89.69,Closed
MO0000037,P01,P01_L03,M012,Corrective,2026-01-09 07:26:00,2026-01-09 08:14:00,0.98,Electrical Fault,92.3,Closed
MO0000038,P02,P02_L01,M015,Corrective,2026-01-09 23:46:00,2026-01-10 00:50:00,1.08,Mechanical Failure,0.0,Closed
MO0000039,P02,P02_L03,M021,Preventive,2026-01-09 14:00:00,2026-01-09 16:13:00,2.77,Scheduled PM,221.2,Closed
MO0000040,P03,P03_L01,M026,Preventive,2026-01-10 06:00:00,2026-01-10 07:43:00,1.93,Scheduled PM,182.07,Closed
MO0000041,P03,P03_L03,M033,Corrective,2026-01-09 23:15:00,2026-01-09 23:35:00,0.35,Mechanical Failure,76.64,Closed
MO0000042,P03,P03_L03,M034,Corrective,2026-01-09 23:38:00,2026-01-10 00:12:00,0.59,Mechanical Failure,15.03,Closed
MO0000043,P02,P02_L02,M020,Corrective,2026-01-10 15:42:00,2026-01-10 15:56:00,0.25,Sensor/Controls Fault,195.51,Closed
MO0000044,P02,P02_L03,M022,Corrective,2026-01-10 22:41:00,2026-01-10 22:55:00,0.27,Mechanical Failure,0.0,Closed
MO0000045,P01,P01_L01,M004,Preventive,2026-01-11 14:00:00,2026-01-11 15:33:00,1.84,Scheduled PM,175.82,Closed
MO0000046,P01,P01_L03,M009,Corrective,2026-01-11 06:26:00,2026-01-11 06:32:00,0.12,Electrical Fault,352.18,Closed
MO0000047,P02,P02_L01,M014,Corrective,2026-01-11 22:58:00,2026-01-11 23:07:00,0.2,Mechanical Failure,127.56,Closed
MO0000048,P02,P02_L02,M017,Preventive,2026-01-11 22:00:00,2026-01-11 23:19:00,1.51,Scheduled PM,233.33,Closed
MO0000049,P02,P02_L02,M018,Preventive,2026-01-11 22:00:00,2026-01-11 23:12:00,1.32,Scheduled PM,94.17,Closed
MO0000050,P01,P01_L01,M003,Corrective,2026-01-12 06:25:00,2026-01-12 07:11:00,1.07,Sensor/Controls Fault,113.44,Closed
MO0000051,P01,P01_L01,M001,Corrective,2026-01-12 23:14:00,2026-01-12 23:36:00,0.3,Mechanical Failure,0.0,Closed
MO0000052,P01,P01_L02,M006,Corrective,2026-01-12 06:34:00,2026-01-12 07:46:00,1.52,Sensor/Controls Fault,143.34,Closed
MO0000053,P02,P02_L01,M013,Corrective,2026-01-12 07:13:00,2026-01-12 07:48:00,0.66,Mechanical Failure,10.13,Closed
MO0000054,P02,P02_L01,M016,Corrective,2026-01-12 07:51:00,2026-01-12 08:21:00,0.59,Sensor/Controls Fault,0.0,Closed
MO0000055,P03,P03_L02,M031,Corrective,2026-01-12 15:43:00,2026-01-12 15:50:00,0.15,Sensor/Controls Fault,272.51,Closed
MO0000056,P01,P01_L01,M002,Preventive,2026-01-13 14:00:00,2026-01-13 16:05:00,2.71,Scheduled PM,176.09,Closed
MO0000057,P01,P01_L03,M012,Corrective,2026-01-13 15:08:00,2026-01-13 15:25:00,0.27,Mechanical Failure,272.29,Closed
MO0000058,P01,P01_L03,M011,Corrective,2026-01-13 15:28:00,2026-01-13 15:59:00,0.56,Mechanical Failure,97.24,Closed
MO0000059,P02,P02_L01,M013,Preventive,2026-01-13 22:00:00,2026-01-13 23:30:00,1.39,Scheduled PM,88.67,Closed
MO0000060,P03,P03_L02,M029,Preventive,2026-01-14 06:00:00,2026-01-14 07:44:00,1.67,Scheduled PM,214.28,Closed
MO0000061,P03,P03_L02,M031,Preventive,2026-01-14 06:00:00,2026-01-14 07:00:00,0.95,Scheduled PM,209.78,Closed
MO0000062,P03,P03_L03,M034,Preventive,2026-01-13 22:00:00,2026-01-13 23:07:00,1.24,Scheduled PM,186.32,Closed
MO0000063,P03,P03_L03,M033,Preventive,2026-01-14 06:00:00,2026-01-14 07:30:00,1.67,Scheduled PM,211.94,Closed
MO0000064,P01,P01_L01,M002,Corrective,2026-01-14 14:32:00,2026-01-14 15:44:00,1.64,Electrical Fault,0.0,Closed
MO0000065,P01,P01_L02,M007,Corrective,2026-01-14 15:17:00,2026-01-14 15:24:00,0.11,Electrical Fault,77.52,Closed
MO0000066,P01,P01_L02,M005,Preventive,2026-01-14 22:00:00,2026-01-14 23:44:00,2.02,Scheduled PM,121.77,Closed
MO0000067,P02,P02_L03,M022,Corrective,2026-01-14 06:36:00,2026-01-14 06:47:00,0.21,Electrical Fault,763.87,Closed
MO0000068,P03,P03_L03,M035,Preventive,2026-01-14 14:00:00,2026-01-14 15:02:00,1.21,Scheduled PM,240.04,Closed
MO0000069,P03,P03_L03,M035,Corrective,2026-01-14 15:14:00,2026-01-14 15:18:00,0.08,Mechanical Failure,164.4,Closed
MO0000070,P01,P01_L02,M008,Preventive,2026-01-15 22:00:00,2026-01-15 23:26:00,1.83,Scheduled PM,49.08,Closed
MO0000071,P01,P01_L03,M010,Corrective,2026-01-15 22:17:00,2026-01-15 22:31:00,0.26,Mechanical Failure,462.7,Closed
MO0000072,P02,P02_L02,M020,Preventive,2026-01-15 14:00:00,2026-01-15 15:28:00,1.43,Scheduled PM,190.95,Closed
MO0000073,P02,P02_L03,M023,Preventive,2026-01-16 06:00:00,2026-01-16 07:26:00,1.69,Scheduled PM,163.5,Closed
MO0000074,P03,P03_L01,M025,Corrective,2026-01-15 07:14:00,2026-01-15 07:26:00,0.25,Sensor/Controls Fault,285.9,Closed
MO0000075,P03,P03_L01,M027,Corrective,2026-01-15 23:01:00,2026-01-15 23:21:00,0.4,Electrical Fault,6.68,Closed
MO0000076,P03,P03_L02,M030,Preventive,2026-01-15 14:00:00,2026-01-15 15:09:00,1.49,Scheduled PM,122.6,Closed
MO0000077,P01,P01_L01,M002,Corrective,2026-01-16 22:23:00,2026-01-16 23:01:00,0.88,Mechanical Failure,170.86,Closed
MO0000078,P01,P01_L02,M006,Corrective,2026-01-16 22:46:00,2026-01-16 22:53:00,0.13,Mechanical Failure,203.48,Closed
MO0000079,P02,P02_L02,M017,Corrective,2026-01-16 22:29:00,2026-01-16 23:01:00,0.75,Electrical Fault,220.64,Closed
MO0000080,P03,P03_L01,M028,Corrective,2026-01-16 14:41:00,2026-01-16 16:11:00,1.12,Mechanical Failure,47.91,Closed
MO0000081,P03,P03_L01,M028,Corrective,2026-01-16 16:14:00,2026-01-16 17:03:00,1.1,Mechanical Failure,267.13,Closed
MO0000082,P03,P03_L01,M026,Corrective,2026-01-16 22:49:00,2026-01-16 23:06:00,0.27,Mechanical Failure,134.41,Closed
MO0000083,P03,P03_L02,M030,Corrective,2026-01-16 14:38:00,2026-01-16 15:37:00,0.95,Sensor/Controls Fault,178.65,Closed
MO0000084,P03,P03_L02,M030,Corrective,2026-01-16 22:15:00,2026-01-16 23:05:00,1.05,Mechanical Failure,42.14,Closed
MO0000085,P01,P01_L02,M007,Preventive,2026-01-17 14:00:00,2026-01-17 15:16:00,1.47,Scheduled PM,242.0,Closed
MO0000086,P02,P02_L01,M013,Corrective,2026-01-17 06:33:00,2026-01-17 07:03:00,0.48,Electrical Fault,211.9,Closed
MO0000087,P02,P02_L03,M021,Corrective,2026-01-17 16:36:00,2026-01-17 16:57:00,0.28,Mechanical Failure,34.64,Closed
MO0000088,P03,P03_L01,M028,Corrective,2026-01-17 22:43:00,2026-01-17 23:11:00,0.52,Mechanical Failure,186.92,Closed
MO0000089,P03,P03_L02,M032,Preventive,2026-01-17 14:00:00,2026-01-17 14:57:00,0.94,Scheduled PM,92.69,Closed
MO0000090,P01,P01_L01,M001,Corrective,2026-01-18 15:28:00,2026-01-18 15:40:00,0.16,Mechanical Failure,142.25,Closed
MO0000091,P01,P01_L03,M011,Corrective,2026-01-18 06:26:00,2026-01-18 06:39:00,0.27,Mechanical Failure,48.74,Closed
MO0000092,P01,P01_L02,M006,Preventive,2026-01-19 22:00:00,2026-01-19 23:17:00,1.16,Scheduled PM,85.14,Closed
MO0000093,P02,P02_L01,M015,Preventive,2026-01-19 22:00:00,2026-01-19 23:57:00,1.84,Scheduled PM,244.57,Closed
MO0000094,P02,P02_L02,M019,Preventive,2026-01-19 22:00:00,2026-01-19 23:20:00,1.45,Scheduled PM,28.32,Closed
MO0000095,P02,P02_L03,M024,Preventive,2026-01-19 14:00:00,2026-01-19 15:15:00,1.24,Scheduled PM,90.72,Closed
MO0000096,P03,P03_L01,M027,Preventive,2026-01-20 06:00:00,2026-01-20 07:30:00,1.58,Scheduled PM,194.17,Closed
MO0000097,P03,P03_L02,M029,Corrective,2026-01-19 06:14:00,2026-01-19 06:34:00,0.29,Electrical Fault,0.0,Closed
MO0000098,P03,P03_L03,M036,Preventive,2026-01-20 06:00:00,2026-01-20 07:06:00,1.04,Scheduled PM,101.35,Closed
MO0000099,P01,P01_L02,M007,Corrective,2026-01-20 06:41:00,2026-01-20 07:18:00,0.6,Mechanical Failure,228.84,Closed
MO0000100,P01,P01_L03,M010,Preventive,2026-01-20 22:00:00,2026-01-20 23:34:00,1.97,Scheduled PM,118.36,Closed
MO0000101,P01,P01_L03,M011,Corrective,2026-01-20 23:21:00,2026-01-20 23:33:00,0.18,Mechanical Failure,440.48,Closed
MO0000102,P02,P02_L01,M014,Corrective,2026-01-21 00:20:00,2026-01-21 00:26:00,0.14,Sensor/Controls Fault,22.97,Closed
MO0000103,P02,P02_L02,M020,Corrective,2026-01-20 06:45:00,2026-01-20 07:03:00,0.22,Mechanical Failure,354.27,Closed
MO0000104,P03,P03_L03,M036,Corrective,2026-01-20 06:52:00,2026-01-20 07:37:00,0.62,Mechanical Failure,242.87,Closed
MO0000105,P03,P03_L03,M035,Corrective,2026-01-20 22:54:00,2026-01-21 00:09:00,0.89,Mechanical Failure,191.62,Closed
MO0000106,P01,P01_L01,M003,Preventive,2026-01-21 22:00:00,2026-01-21 23:32:00,1.61,Scheduled PM,54.49,Closed
MO0000107,P01,P01_L02,M007,Corrective,2026-01-21 07:18:00,2026-01-21 07:57:00,0.7,Sensor/Controls Fault,0.0,Closed
MO0000108,P01,P01_L02,M008,Corrective,2026-01-21 23:05:00,2026-01-21 23:13:00,0.17,Electrical Fault,154.25,Closed
MO0000109,P02,P02_L01,M015,Corrective,2026-01-21 06:51:00,2026-01-21 07:07:00,0.36,Electrical Fault,81.13,Closed
MO0000110,P02,P02_L01,M015,Corrective,2026-01-21 22:16:00,2026-01-21 22:49:00,0.4,Sensor/Controls Fault,0.0,Closed
MO0000111,P02,P02_L03,M022,Corrective,2026-01-21 06:57:00,2026-01-21 07:12:00,0.23,Electrical Fault,0.0,Closed
MO0000112,P03,P03_L01,M025,Preventive,2026-01-21 22:00:00,2026-01-21 23:18:00,1.36,Scheduled PM,168.45,Closed
MO0000113,P03,P03_L03,M033,Corrective,2026-01-21 06:21:00,2026-01-21 06:41:00,0.46,Mechanical Failure,2.96,Closed
MO0000114,P01,P01_L01,M001,Preventive,2026-01-22 14:00:00,2026-01-22 15:21:00,1.3,Scheduled PM,141.99,Closed
MO0000115,P01,P01_L03,M012,Preventive,2026-01-22 22:00:00,2026-01-22 23:08:00,1.24,Scheduled PM,26.92,Closed
MO0000116,P02,P02_L01,M016,Preventive,2026-01-22 22:00:00,2026-01-22 23:29:00,1.57,Scheduled PM,203.96,Closed
MO0000117,P03,P03_L03,M036,Corrective,2026-01-22 06:40:00,2026-01-22 07:13:00,0.76,Sensor/Controls Fault,0.0,Closed
MO0000118,P03,P03_L03,M036,Corrective,2026-01-22 07:16:00,2026-01-22 07:38:00,0.31,Mechanical Failure,423.78,Closed
MO0000119,P03,P03_L03,M033,Corrective,2026-01-22 15:30:00,2026-01-22 15:44:00,0.19,Electrical Fault,51.43,Closed
MO0000120,P01,P01_L02,M007,Corrective,2026-01-23 07:16:00,2026-01-23 07:35:00,0.41,Mechanical Failure,0.0,Closed
MO0000121,P02,P02_L01,M015,Corrective,2026-01-23 23:32:00,2026-01-23 23:50:00,0.28,Electrical Fault,8.1,Closed
MO0000122,P02,P02_L02,M020,Corrective,2026-01-23 22:35:00,2026-01-23 22:55:00,0.41,Mechanical Failure,124.14,Closed
MO0000123,P02,P02_L03,M022,Preventive,2026-01-23 22:00:00,2026-01-23 23:23:00,1.31,Scheduled PM,237.93,Closed
MO0000124,P03,P03_L02,M032,Corrective,2026-01-23 23:08:00,2026-01-24 01:48:00,3.48,Mechanical Failure,467.08,Closed
MO0000125,P01,P01_L01,M001,Corrective,2026-01-24 07:08:00,2026-01-24 07:39:00,0.55,Mechanical Failure,257.06,Closed
MO0000126,P01,P01_L01,M002,Corrective,2026-01-24 23:11:00,2026-01-25 00:10:00,1.25,Electrical Fault,23.3,Closed
MO0000127,P01,P01_L03,M010,Corrective,2026-01-24 07:49:00,2026-01-24 08:14:00,0.3,Sensor/Controls Fault,0.0,Closed
MO0000128,P02,P02_L02,M020,Corrective,2026-01-24 23:23:00,2026-01-24 23:27:00,0.08,Electrical Fault,0.0,Closed
MO0000129,P03,P03_L01,M025,Corrective,2026-01-24 15:43:00,2026-01-24 16:42:00,1.37,Mechanical Failure,0.0,Closed
MO0000130,P03,P03_L01,M027,Corrective,2026-01-24 16:45:00,2026-01-24 17:01:00,0.23,Sensor/Controls Fault,196.39,Closed
MO0000131,P03,P03_L03,M033,Corrective,2026-01-25 06:56:00,2026-01-25 07:18:00,0.37,Electrical Fault,457.46,Closed
MO0000132,P03,P03_L03,M035,Corrective,2026-01-25 07:33:00,2026-01-25 07:50:00,0.35,Mechanical Failure,71.53,Closed
MO0000133,P01,P01_L01,M003,Corrective,2026-01-26 06:59:00,2026-01-26 07:22:00,0.52,Mechanical Failure,1394.38,Closed
MO0000134,P01,P01_L01,M002,Corrective,2026-01-26 14:13:00,2026-01-26 14:26:00,0.25,Mechanical Failure,32.63,Closed
MO0000135,P01,P01_L03,M009,Corrective,2026-01-26 07:20:00,2026-01-26 07:30:00,0.18,Mechanical Failure,0.0,Closed
MO0000136,P01,P01_L03,M010,Corrective,2026-01-26 07:33:00,2026-01-26 07:37:00,0.06,Mechanical Failure,42.79,Closed
MO0000137,P01,P01_L03,M011,Corrective,2026-01-26 22:37:00,2026-01-26 22:43:00,0.13,Mechanical Failure,14.88,Closed
MO0000138,P03,P03_L01,M027,Corrective,2026-01-26 06:48:00,2026-01-26 06:56:00,0.14,Sensor/Controls Fault,319.65,Closed
MO0000139,P03,P03_L01,M026,Corrective,2026-01-26 14:24:00,2026-01-26 14:51:00,0.54,Mechanical Failure,594.0,Closed
MO0000140,P03,P03_L02,M032,Corrective,2026-01-27 00:19:00,2026-01-27 00:53:00,0.65,Mechanical Failure,18.76,Closed
MO0000141,P02,P02_L01,M015,Corrective,2026-01-27 15:29:00,2026-01-27 16:45:00,1.12,Electrical Fault,118.49,Closed
MO0000142,P02,P02_L02,M018,Corrective,2026-01-27 22:53:00,2026-01-28 00:24:00,1.7,Mechanical Failure,0.0,Closed
MO0000143,P02,P02_L03,M021,Corrective,2026-01-27 14:29:00,2026-01-27 14:55:00,0.59,Electrical Fault,61.13,Closed
MO0000144,P03,P03_L02,M030,Corrective,2026-01-27 23:57:00,2026-01-28 01:27:00,2.09,Sensor/Controls Fault,0.0,Closed
MO0000145,P01,P01_L01,M001,Corrective,2026-01-28 06:56:00,2026-01-28 07:11:00,0.24,Mechanical Failure,68.13,Closed
MO0000146,P01,P01_L01,M001,Corrective,2026-01-28 07:14:00,2026-01-28 07:23:00,0.14,Sensor/Controls Fault,43.39,Closed
MO0000147,P01,P01_L01,M003,Corrective,2026-01-28 07:26:00,2026-01-28 07:42:00,0.23,Mechanical Failure,8.01,Closed
MO0000148,P01,P01_L02,M008,Corrective,2026-01-28 14:49:00,2026-01-28 15:44:00,0.89,Mechanical Failure,232.36,Closed
MO0000149,P01,P01_L03,M010,Corrective,2026-01-28 06:46:00,2026-01-28 06:56:00,0.15,Electrical Fault,0.0,Closed
MO0000150,P02,P02_L01,M013,Corrective,2026-01-28 06:26:00,2026-01-28 06:54:00,0.49,Mechanical Failure,570.36,Closed
MO0000151,P03,P03_L02,M031,Corrective,2026-01-28 15:05:00,2026-01-28 15:27:00,0.34,Electrical Fault,156.55,Closed
MO0000152,P03,P03_L02,M029,Corrective,2026-01-28 22:31:00,2026-01-28 22:42:00,0.22,Mechanical Failure,221.05,Closed
MO0000153,P03,P03_L03,M035,Corrective,2026-01-28 15:10:00,2026-01-28 15:20:00,0.19,Mechanical Failure,22.0,Closed
MO0000154,P01,P01_L01,M003,Corrective,2026-01-29 23:07:00,2026-01-29 23:30:00,0.51,Mechanical Failure,0.0,Closed
MO0000155,P01,P01_L01,M001,Corrective,2026-01-29 23:33:00,2026-01-30 00:18:00,0.64,Mechanical Failure,1179.33,Closed
MO0000156,P01,P01_L03,M011,Preventive,2026-01-29 14:00:00,2026-01-29 15:05:00,1.18,Scheduled PM,82.76,Closed
MO0000157,P01,P01_L03,M009,Preventive,2026-01-29 22:00:00,2026-01-29 23:14:00,1.42,Scheduled PM,125.46,Closed
MO0000158,P03,P03_L01,M026,Corrective,2026-01-29 14:13:00,2026-01-29 14:25:00,0.19,Sensor/Controls Fault,22.94,Closed
MO0000159,P03,P03_L01,M028,Preventive,2026-01-30 06:00:00,2026-01-30 06:50:00,0.91,Scheduled PM,31.38,Closed
MO0000160,P03,P03_L03,M036,Corrective,2026-01-29 23:23:00,2026-01-29 23:33:00,0.12,Electrical Fault,397.5,Closed
MO0000161,P01,P01_L01,M002,Corrective,2026-01-30 06:55:00,2026-01-30 07:05:00,0.2,Mechanical Failure,70.87,Closed
MO0000162,P01,P01_L02,M007,Corrective,2026-01-30 14:52:00,2026-01-30 15:14:00,0.28,Electrical Fault,1671.14,Closed
MO0000163,P01,P01_L02,M005,Corrective,2026-01-30 15:17:00,2026-01-30 15:33:00,0.34,Mechanical Failure,0.0,Closed
MO0000164,P02,P02_L01,M016,Corrective,2026-01-30 06:37:00,2026-01-30 06:59:00,0.28,Electrical Fault,226.25,Closed
MO0000165,P02,P02_L02,M019,Corrective,2026-01-30 06:40:00,2026-01-30 06:54:00,0.3,Mechanical Failure,150.6,Closed
MO0000166,P02,P02_L02,M018,Corrective,2026-01-30 22:30:00,2026-01-30 22:34:00,0.07,Electrical Fault,26.83,Closed
MO0000167,P02,P02_L03,M022,Corrective,2026-01-30 06:49:00,2026-01-30 07:20:00,0.37,Sensor/Controls Fault,402.68,Closed
MO0000168,P03,P03_L01,M025,Corrective,2026-01-30 06:29:00,2026-01-30 07:12:00,0.99,Mechanical Failure,56.93,Closed
MO0000169,P03,P03_L02,M029,Corrective,2026-01-30 22:24:00,2026-01-30 23:36:00,1.54,Sensor/Controls Fault,0.0,Closed
MO0000170,P03,P03_L03,M033,Corrective,2026-01-30 06:45:00,2026-01-30 07:20:00,0.6,Electrical Fault,283.5,Closed
MO0000171,P02,P02_L03,M022,Corrective,2026-01-31 06:31:00,2026-01-31 06:50:00,0.36,Mechanical Failure,213.19,Closed
MO0000172,P03,P03_L01,M026,Corrective,2026-01-31 22:41:00,2026-01-31 23:13:00,0.49,Electrical Fault,169.08,Closed
MO0000173,P01,P01_L02,M005,Corrective,2026-02-01 07:00:00,2026-02-01 08:02:00,1.38,Mechanical Failure,186.47,Closed
MO0000174,P02,P02_L01,M013,Corrective,2026-02-01 14:36:00,2026-02-01 14:48:00,0.16,Mechanical Failure,341.06,Closed
MO0000175,P02,P02_L01,M014,Preventive,2026-02-01 22:00:00,2026-02-01 23:11:00,1.23,Scheduled PM,208.2,Closed
MO0000176,P03,P03_L01,M026,Preventive,2026-02-02 06:00:00,2026-02-02 07:34:00,1.9,Scheduled PM,56.24,Closed
MO0000177,P01,P01_L01,M001,Corrective,2026-02-02 06:20:00,2026-02-02 06:44:00,0.51,Mechanical Failure,237.9,Closed
MO0000178,P01,P01_L03,M011,Corrective,2026-02-02 06:23:00,2026-02-02 06:42:00,0.38,Mechanical Failure,11.6,Closed
MO0000179,P01,P01_L03,M012,Corrective,2026-02-02 22:26:00,2026-02-03 00:41:00,1.59,Mechanical Failure,414.75,Closed
MO0000180,P02,P02_L03,M021,Preventive,2026-02-02 14:00:00,2026-02-02 15:53:00,1.97,Scheduled PM,133.85,Closed
MO0000181,P02,P02_L03,M022,Corrective,2026-02-02 22:25:00,2026-02-02 23:09:00,0.61,Electrical Fault,0.0,Closed
MO0000182,P03,P03_L03,M035,Corrective,2026-02-02 06:30:00,2026-02-02 06:57:00,0.32,Mechanical Failure,25.45,Closed
MO0000183,P01,P01_L01,M001,Corrective,2026-02-03 06:14:00,2026-02-03 06:45:00,0.42,Mechanical Failure,0.0,Closed
MO0000184,P01,P01_L01,M004,Preventive,2026-02-04 06:00:00,2026-02-04 07:32:00,1.87,Scheduled PM,45.67,Closed
MO0000185,P01,P01_L02,M007,Corrective,2026-02-03 22:15:00,2026-02-03 22:37:00,0.39,Mechanical Failure,408.45,Closed
MO0000186,P02,P02_L02,M017,Preventive,2026-02-03 14:00:00,2026-02-03 15:29:00,1.54,Scheduled PM,35.66,Closed
MO0000187,P02,P02_L02,M018,Preventive,2026-02-03 14:00:00,2026-02-03 15:39:00,1.9,Scheduled PM,58.37,Closed
MO0000188,P02,P02_L02,M019,Corrective,2026-02-03 14:51:00,2026-02-03 15:11:00,0.38,Mechanical Failure,245.92,Closed
MO0000189,P02,P02_L03,M021,Corrective,2026-02-03 14:21:00,2026-02-03 14:37:00,0.37,Mechanical Failure,330.99,Closed
MO0000190,P03,P03_L01,M028,Corrective,2026-02-03 14:20:00,2026-02-03 14:24:00,0.08,Mechanical Failure,377.77,Closed
MO0000191,P03,P03_L02,M032,Corrective,2026-02-03 06:44:00,2026-02-03 06:55:00,0.17,Electrical Fault,58.98,Closed
MO0000192,P03,P03_L02,M031,Corrective,2026-02-03 06:58:00,2026-02-03 07:41:00,0.64,Mechanical Failure,75.62,Closed
MO0000193,P03,P03_L02,M031,Preventive,2026-02-03 22:00:00,2026-02-03 23:49:00,1.99,Scheduled PM,198.82,Closed
MO0000194,P03,P03_L03,M035,Corrective,2026-02-03 22:40:00,2026-02-03 22:58:00,0.22,Mechanical Failure,0.0,Closed
MO0000195,P01,P01_L01,M001,Corrective,2026-02-04 22:50:00,2026-02-04 23:03:00,0.16,Electrical Fault,61.7,Closed
MO0000196,P01,P01_L01,M002,Preventive,2026-02-05 06:00:00,2026-02-05 07:27:00,1.47,Scheduled PM,220.75,Closed
MO0000197,P01,P01_L02,M005,Corrective,2026-02-04 22:26:00,2026-02-04 22:36:00,0.21,Electrical Fault,97.43,Closed
MO0000198,P01,P01_L03,M009,Corrective,2026-02-04 07:21:00,2026-02-04 07:35:00,0.32,Mechanical Failure,73.71,Closed
MO0000199,P03,P03_L01,M027,Corrective,2026-02-04 15:09:00,2026-02-04 15:13:00,0.09,Sensor/Controls Fault,86.29,Closed
MO0000200,P03,P03_L02,M029,Preventive,2026-02-05 06:00:00,2026-02-05 07:25:00,1.64,Scheduled PM,239.07,Closed
MO0000201,P03,P03_L03,M034,Corrective,2026-02-04 14:45:00,2026-02-04 14:50:00,0.11,Mechanical Failure,370.5,Closed
MO0000202,P01,P01_L02,M007,Corrective,2026-02-05 14:44:00,2026-02-05 15:28:00,0.64,Electrical Fault,83.38,Closed
MO0000203,P01,P01_L02,M008,Corrective,2026-02-05 22:28:00,2026-02-05 22:43:00,0.29,Electrical Fault,109.21,Closed
MO0000204,P02,P02_L03,M022,Corrective,2026-02-05 14:34:00,2026-02-05 14:42:00,0.11,Mechanical Failure,84.78,Closed
MO0000205,P03,P03_L01,M025,Corrective,2026-02-05 06:25:00,2026-02-05 06:45:00,0.37,Sensor/Controls Fault,324.08,Closed
MO0000206,P03,P03_L02,M030,Corrective,2026-02-05 14:16:00,2026-02-05 14:27:00,0.21,Mechanical Failure,59.07,Closed
MO0000207,P03,P03_L03,M033,Preventive,2026-02-05 22:00:00,2026-02-05 23:37:00,2.0,Scheduled PM,94.77,Closed
MO0000208,P03,P03_L03,M035,Preventive,2026-02-06 06:00:00,2026-02-06 07:21:00,1.63,Scheduled PM,116.71,Closed
MO0000209,P01,P01_L02,M005,Corrective,2026-02-06 15:00:00,2026-02-06 15:33:00,0.5,Electrical Fault,0.0,Closed
MO0000210,P02,P02_L01,M013,Preventive,2026-02-06 14:00:00,2026-02-06 15:17:00,1.49,Scheduled PM,175.88,Closed
MO0000211,P02,P02_L01,M013,Corrective,2026-02-06 22:22:00,2026-02-06 23:32:00,1.54,Mechanical Failure,477.66,Closed
MO0000212,P02,P02_L02,M020,Preventive,2026-02-07 06:00:00,2026-02-07 06:59:00,1.01,Scheduled PM,134.53,Closed
MO0000213,P03,P03_L01,M027,Corrective,2026-02-06 06:28:00,2026-02-06 07:14:00,0.71,Sensor/Controls Fault,0.0,Closed
MO0000214,P03,P03_L01,M025,Corrective,2026-02-06 15:40:00,2026-02-06 16:07:00,0.39,Mechanical Failure,0.0,Closed
MO0000215,P03,P03_L03,M034,Preventive,2026-02-06 22:00:00,2026-02-06 23:21:00,1.29,Scheduled PM,244.31,Closed
MO0000216,P01,P01_L01,M001,Corrective,2026-02-07 23:06:00,2026-02-07 23:34:00,0.42,Sensor/Controls Fault,571.74,Closed
MO0000217,P01,P01_L03,M012,Corrective,2026-02-07 15:16:00,2026-02-07 15:36:00,0.44,Mechanical Failure,226.32,Closed
MO0000218,P01,P01_L03,M011,Corrective,2026-02-07 22:16:00,2026-02-07 22:29:00,0.16,Electrical Fault,73.1,Closed
MO0000219,P02,P02_L02,M020,Corrective,2026-02-07 06:44:00,2026-02-07 07:49:00,0.9,Electrical Fault,745.06,Closed
MO0000220,P01,P01_L02,M005,Preventive,2026-02-09 06:00:00,2026-02-09 07:19:00,1.57,Scheduled PM,208.26,Closed
MO0000221,P02,P02_L02,M018,Corrective,2026-02-08 22:38:00,2026-02-08 22:46:00,0.19,Mechanical Failure,9.09,Closed
MO0000222,P03,P03_L02,M032,Corrective,2026-02-08 15:15:00,2026-02-08 15:40:00,0.36,Sensor/Controls Fault,4.57,Closed
MO0000223,P03,P03_L02,M029,Corrective,2026-02-08 15:43:00,2026-02-08 16:02:00,0.43,Sensor/Controls Fault,313.61,Closed
MO0000224,P03,P03_L02,M030,Preventive,2026-02-09 06:00:00,2026-02-09 07:16:00,1.61,Scheduled PM,52.62,Closed
MO0000225,P01,P01_L01,M001,Corrective,2026-02-09 14:39:00,2026-02-09 15:23:00,0.59,Electrical Fault,368.11,Closed
MO0000226,P01,P01_L02,M007,Preventive,2026-02-09 22:00:00,2026-02-09 23:09:00,1.29,Scheduled PM,200.84,Closed
MO0000227,P01,P01_L02,M008,Preventive,2026-02-10 06:00:00,2026-02-10 07:39:00,1.73,Scheduled PM,240.87,Closed
MO0000228,P02,P02_L02,M018,Corrective,2026-02-09 14:53:00,2026-02-09 15:02:00,0.15,Electrical Fault,2.72,Closed
MO0000229,P02,P02_L03,M023,Preventive,2026-02-09 22:00:00,2026-02-09 23:29:00,1.49,Scheduled PM,221.43,Closed
MO0000230,P02,P02_L03,M023,Corrective,2026-02-09 23:20:00,2026-02-09 23:44:00,0.42,Mechanical Failure,0.0,Closed
MO0000231,P03,P03_L01,M027,Corrective,2026-02-09 22:39:00,2026-02-09 23:48:00,1.18,Mechanical Failure,19.2,Closed
MO0000232,P03,P03_L02,M029,Corrective,2026-02-09 14:20:00,2026-02-09 14:42:00,0.49,Mechanical Failure,89.75,Closed
MO0000233,P03,P03_L03,M036,Preventive,2026-02-09 14:00:00,2026-02-09 15:14:00,1.39,Scheduled PM,85.78,Closed
MO0000234,P01,P01_L02,M006,Preventive,2026-02-11 06:00:00,2026-02-11 08:06:00,2.36,Scheduled PM,104.76,Closed
MO0000235,P02,P02_L03,M024,Preventive,2026-02-10 14:00:00,2026-02-10 15:36:00,1.63,Scheduled PM,154.81,Closed
MO0000236,P02,P02_L03,M023,Corrective,2026-02-10 15:03:00,2026-02-10 15:23:00,0.33,Electrical Fault,30.9,Closed
MO0000237,P03,P03_L02,M030,Corrective,2026-02-10 14:23:00,2026-02-10 14:47:00,0.36,Sensor/Controls Fault,25.89,Closed
MO0000238,P03,P03_L02,M032,Preventive,2026-02-11 06:00:00,2026-02-11 07:24:00,1.65,Scheduled PM,197.8,Closed
MO0000239,P01,P01_L01,M003,Preventive,2026-02-12 06:00:00,2026-02-12 07:07:00,1.38,Scheduled PM,211.38,Closed
MO0000240,P01,P01_L03,M010,Preventive,2026-02-11 14:00:00,2026-02-11 15:45:00,1.67,Scheduled PM,60.93,Closed
MO0000241,P02,P02_L02,M020,Corrective,2026-02-11 23:03:00,2026-02-11 23:56:00,1.14,Electrical Fault,497.21,Closed
MO0000242,P02,P02_L03,M024,Corrective,2026-02-11 23:38:00,2026-02-11 23:54:00,0.31,Mechanical Failure,93.65,Closed
MO0000243,P02,P02_L03,M023,Corrective,2026-02-11 23:57:00,2026-02-12 00:11:00,0.3,Electrical Fault,109.75,Closed
MO0000244,P01,P01_L01,M003,Corrective,2026-02-12 06:37:00,2026-02-12 07:28:00,0.63,Sensor/Controls Fault,597.95,Closed
MO0000245,P01,P01_L01,M004,Corrective,2026-02-12 07:31:00,2026-02-12 07:49:00,0.31,Sensor/Controls Fault,191.12,Closed
MO0000246,P01,P01_L01,M003,Corrective,2026-02-12 22:24:00,2026-02-13 00:00:00,1.97,Electrical Fault,445.01,Closed
MO0000247,P01,P01_L03,M012,Preventive,2026-02-12 22:00:00,2026-02-12 23:52:00,2.05,Scheduled PM,134.55,Closed
MO0000248,P02,P02_L01,M015,Preventive,2026-02-13 06:00:00,2026-02-13 06:47:00,0.92,Scheduled PM,115.29,Closed
MO0000249,P02,P02_L02,M017,Corrective,2026-02-12 06:25:00,2026-02-12 06:41:00,0.32,Electrical Fault,13.8,Closed
MO0000250,P02,P02_L02,M017,Corrective,2026-02-12 06:44:00,2026-02-12 07:32:00,0.91,Mechanical Failure,0.0,Closed
MO0000251,P02,P02_L02,M019,Preventive,2026-02-12 14:00:00,2026-02-12 14:56:00,1.13,Scheduled PM,68.85,Closed
MO0000252,P02,P02_L03,M022,Corrective,2026-02-12 14:36:00,2026-02-12 15:18:00,0.64,Sensor/Controls Fault,5.08,Closed
MO0000253,P03,P03_L01,M027,Preventive,2026-02-13 06:00:00,2026-02-13 07:52:00,2.29,Scheduled PM,222.51,Closed
MO0000254,P03,P03_L02,M032,Corrective,2026-02-12 15:22:00,2026-02-12 15:43:00,0.39,Mechanical Failure,0.0,Closed
MO0000255,P03,P03_L02,M031,Corrective,2026-02-12 15:46:00,2026-02-12 17:20:00,2.01,Mechanical Failure,405.67,Closed
MO0000256,P03,P03_L02,M032,Corrective,2026-02-12 23:46:00,2026-02-12 23:57:00,0.14,Mechanical Failure,20.8,Closed
MO0000257,P01,P01_L02,M007,Corrective,2026-02-13 15:10:00,2026-02-13 15:41:00,0.37,Electrical Fault,17.71,Closed
MO0000258,P02,P02_L01,M013,Corrective,2026-02-13 14:50:00,2026-02-13 15:11:00,0.26,Electrical Fault,5.26,Closed
MO0000259,P02,P02_L02,M020,Corrective,2026-02-13 06:25:00,2026-02-13 07:03:00,0.74,Electrical Fault,944.48,Closed
MO0000260,P02,P02_L02,M020,Corrective,2026-02-13 14:39:00,2026-02-13 16:09:00,1.21,Electrical Fault,0.0,Closed
MO0000261,P02,P02_L03,M023,Corrective,2026-02-13 14:36:00,2026-02-13 15:05:00,0.63,Mechanical Failure,26.19,Closed
MO0000262,P03,P03_L01,M028,Corrective,2026-02-13 15:38:00,2026-02-13 15:49:00,0.2,Electrical Fault,108.2,Closed
MO0000263,P03,P03_L01,M025,Corrective,2026-02-13 22:25:00,2026-02-13 23:06:00,0.74,Electrical Fault,220.96,Closed
MO0000264,P03,P03_L02,M031,Corrective,2026-02-13 22:45:00,2026-02-13 23:24:00,0.68,Electrical Fault,4.67,Closed
MO0000265,P03,P03_L03,M035,Corrective,2026-02-13 06:46:00,2026-02-13 07:03:00,0.23,Electrical Fault,63.02,Closed
MO0000266,P03,P03_L03,M036,Corrective,2026-02-13 23:02:00,2026-02-13 23:20:00,0.39,Mechanical Failure,96.7,Closed
MO0000267,P02,P02_L03,M021,Corrective,2026-02-14 07:18:00,2026-02-14 07:35:00,0.35,Sensor/Controls Fault,0.0,Closed
MO0000268,P03,P03_L02,M032,Corrective,2026-02-14 07:00:00,2026-02-14 07:37:00,0.72,Mechanical Failure,86.51,Closed
MO0000269,P01,P01_L03,M011,Corrective,2026-02-15 06:44:00,2026-02-15 07:33:00,0.64,Electrical Fault,0.0,Closed
MO0000270,P02,P02_L01,M015,Corrective,2026-02-15 22:28:00,2026-02-15 23:09:00,0.86,Mechanical Failure,438.28,Closed
MO0000271,P02,P02_L03,M024,Corrective,2026-02-15 07:15:00,2026-02-15 07:31:00,0.29,Sensor/Controls Fault,30.96,Closed
MO0000272,P01,P01_L01,M001,Preventive,2026-02-16 14:00:00,2026-02-16 15:30:00,1.76,Scheduled PM,53.93,Closed
MO0000273,P01,P01_L01,M003,Corrective,2026-02-16 15:06:00,2026-02-16 15:10:00,0.09,Electrical Fault,0.0,Closed
MO0000274,P02,P02_L01,M016,Preventive,2026-02-16 22:00:00,2026-02-16 22:45:00,0.85,Scheduled PM,202.88,Closed
MO0000275,P02,P02_L01,M015,Corrective,2026-02-16 22:17:00,2026-02-16 22:34:00,0.36,Mechanical Failure,182.96,Closed
MO0000276,P02,P02_L02,M019,Corrective,2026-02-16 14:46:00,2026-02-16 15:16:00,0.39,Electrical Fault,109.41,Closed
MO0000277,P02,P02_L03,M022,Preventive,2026-02-16 14:00:00,2026-02-16 15:11:00,1.15,Scheduled PM,249.64,Closed
MO0000278,P03,P03_L02,M031,Corrective,2026-02-16 14:39:00,2026-02-16 14:51:00,0.15,Mechanical Failure,127.04,Closed
MO0000279,P03,P03_L03,M035,Corrective,2026-02-16 06:38:00,2026-02-16 06:57:00,0.33,Mechanical Failure,45.47,Closed
MO0000280,P01,P01_L01,M004,Corrective,2026-02-17 14:59:00,2026-02-17 15:42:00,0.9,Sensor/Controls Fault,0.0,Closed
MO0000281,P01,P01_L02,M006,Corrective,2026-02-17 15:04:00,2026-02-17 15:49:00,0.82,Mechanical Failure,0.0,Closed
MO0000282,P01,P01_L03,M009,Corrective,2026-02-17 06:43:00,2026-02-17 07:08:00,0.39,Sensor/Controls Fault,66.19,Closed
MO0000283,P01,P01_L03,M009,Corrective,2026-02-17 22:26:00,2026-02-17 22:44:00,0.32,Mechanical Failure,160.63,Closed
MO0000284,P02,P02_L01,M014,Corrective,2026-02-17 06:46:00,2026-02-17 07:01:00,0.33,Electrical Fault,244.43,Closed
MO0000285,P02,P02_L03,M024,Corrective,2026-02-17 14:52:00,2026-02-17 15:02:00,0.14,Mechanical Failure,31.79,Closed
MO0000286,P03,P03_L01,M025,Preventive,2026-02-18 06:00:00,2026-02-18 07:22:00,1.5,Scheduled PM,31.99,Closed
MO0000287,P03,P03_L03,M035,Corrective,2026-02-17 22:50:00,2026-02-17 23:02:00,0.26,Electrical Fault,0.0,Closed
MO0000288,P01,P01_L03,M011,Preventive,2026-02-19 06:00:00,2026-02-19 07:13:00,1.44,Scheduled PM,233.47,Closed
MO0000289,P03,P03_L02,M032,Corrective,2026-02-18 23:11:00,2026-02-18 23:21:00,0.21,Electrical Fault,375.16,Closed
MO0000290,P01,P01_L02,M008,Corrective,2026-02-19 06:27:00,2026-02-19 06:51:00,0.48,Mechanical Failure,287.87,Closed
MO0000291,P01,P01_L02,M008,Corrective,2026-02-19 22:25:00,2026-02-19 22:41:00,0.21,Electrical Fault,264.48,Closed
MO0000292,P02,P02_L03,M021,Corrective,2026-02-19 14:49:00,2026-02-19 15:13:00,0.51,Mechanical Failure,421.37,Closed
MO0000293,P03,P03_L01,M027,Corrective,2026-02-19 06:45:00,2026-02-19 07:00:00,0.27,Mechanical Failure,0.0,Closed
MO0000294,P03,P03_L03,M033,Corrective,2026-02-19 06:47:00,2026-02-19 07:01:00,0.3,Mechanical Failure,489.28,Closed
MO0000295,P01,P01_L01,M001,Corrective,2026-02-20 06:38:00,2026-02-20 06:53:00,0.29,Mechanical Failure,0.0,Closed
MO0000296,P01,P01_L01,M001,Corrective,2026-02-20 22:20:00,2026-02-20 22:59:00,0.66,Mechanical Failure,110.38,Closed
MO0000297,P01,P01_L03,M012,Corrective,2026-02-20 23:03:00,2026-02-20 23:10:00,0.16,Electrical Fault,94.6,Closed
MO0000298,P02,P02_L02,M017,Corrective,2026-02-20 06:14:00,2026-02-20 06:29:00,0.26,Electrical Fault,0.0,Closed
MO0000299,P02,P02_L02,M019,Corrective,2026-02-20 14:22:00,2026-02-20 14:51:00,0.41,Sensor/Controls Fault,0.0,Closed
MO0000300,P02,P02_L02,M020,Corrective,2026-02-20 22:41:00,2026-02-20 23:29:00,0.89,Mechanical Failure,93.22,Closed
MO0000301,P01,P01_L02,M005,Corrective,2026-02-21 22:42:00,2026-02-22 00:53:00,2.3,Electrical Fault,160.57,Closed
MO0000302,P02,P02_L02,M017,Corrective,2026-02-21 06:35:00,2026-02-21 07:12:00,0.76,Mechanical Failure,127.85,Closed
MO0000303,P03,P03_L03,M033,Corrective,2026-02-21 06:48:00,2026-02-21 07:13:00,0.49,Sensor/Controls Fault,0.0,Closed
MO0000304,P03,P03_L03,M034,Corrective,2026-02-21 22:33:00,2026-02-21 23:08:00,0.52,Mechanical Failure,426.03,Closed
MO0000305,P01,P01_L01,M001,Corrective,2026-02-22 22:26:00,2026-02-22 22:52:00,0.33,Mechanical Failure,367.06,Closed
MO0000306,P01,P01_L02,M005,Corrective,2026-02-22 06:36:00,2026-02-22 06:46:00,0.18,Electrical Fault,217.68,Closed
MO0000307,P01,P01_L02,M008,Corrective,2026-02-22 14:43:00,2026-02-22 14:54:00,0.15,Electrical Fault,0.0,Closed
MO0000308,P01,P01_L02,M006,Corrective,2026-02-22 14:57:00,2026-02-22 15:33:00,0.79,Mechanical Failure,0.0,Closed
MO0000309,P02,P02_L01,M016,Corrective,2026-02-22 15:17:00,2026-02-22 15:45:00,0.51,Sensor/Controls Fault,292.03,Closed
MO0000310,P01,P01_L01,M001,Corrective,2026-02-23 14:46:00,2026-02-23 15:23:00,0.63,Electrical Fault,218.66,Closed
MO0000311,P01,P01_L03,M009,Preventive,2026-02-23 22:00:00,2026-02-23 23:07:00,1.09,Scheduled PM,107.02,Closed
MO0000312,P02,P02_L01,M014,Preventive,2026-02-24 06:00:00,2026-02-24 07:26:00,1.35,Scheduled PM,108.38,Closed
MO0000313,P02,P02_L03,M023,Corrective,2026-02-23 06:38:00,2026-02-23 06:53:00,0.3,Mechanical Failure,256.41,Closed
MO0000314,P02,P02_L03,M021,Preventive,2026-02-23 22:00:00,2026-02-23 23:31:00,1.76,Scheduled PM,195.51,Closed
MO0000315,P03,P03_L01,M028,Preventive,2026-02-23 14:00:00,2026-02-23 15:26:00,1.51,Scheduled PM,243.89,Closed
MO0000316,P03,P03_L01,M028,Corrective,2026-02-23 14:30:00,2026-02-23 14:41:00,0.13,Mechanical Failure,0.0,Closed
MO0000317,P01,P01_L02,M008,Corrective,2026-02-24 14:34:00,2026-02-24 14:53:00,0.25,Mechanical Failure,20.73,Closed
MO0000318,P02,P02_L01,M013,Corrective,2026-02-24 14:41:00,2026-02-24 15:11:00,0.68,Mechanical Failure,9.82,Closed
MO0000319,P02,P02_L01,M013,Corrective,2026-02-24 22:34:00,2026-02-24 22:53:00,0.42,Sensor/Controls Fault,3.59,Closed
MO0000320,P02,P02_L02,M017,Corrective,2026-02-24 07:14:00,2026-02-24 08:36:00,1.36,Electrical Fault,765.94,Closed
MO0000321,P03,P03_L01,M026,Preventive,2026-02-24 22:00:00,2026-02-24 23:37:00,1.58,Scheduled PM,106.13,Closed
MO0000322,P01,P01_L01,M004,Corrective,2026-02-25 14:22:00,2026-02-25 14:59:00,0.83,Electrical Fault,210.02,Closed
MO0000323,P01,P01_L02,M005,Corrective,2026-02-25 06:14:00,2026-02-25 06:58:00,0.64,Electrical Fault,752.37,Closed
MO0000324,P01,P01_L02,M007,Corrective,2026-02-25 15:07:00,2026-02-25 16:10:00,1.27,Electrical Fault,0.0,Closed
MO0000325,P01,P01_L01,M004,Corrective,2026-02-26 15:24:00,2026-02-26 15:31:00,0.15,Electrical Fault,186.23,Closed
MO0000326,P02,P02_L02,M020,Corrective,2026-02-26 14:41:00,2026-02-26 14:51:00,0.21,Mechanical Failure,313.93,Closed
MO0000327,P02,P02_L02,M017,Preventive,2026-02-26 22:00:00,2026-02-26 23:02:00,0.94,Scheduled PM,100.24,Closed
MO0000328,P03,P03_L01,M028,Corrective,2026-02-26 22:55:00,2026-02-26 23:23:00,0.41,Mechanical Failure,273.92,Closed
MO0000329,P03,P03_L02,M030,Corrective,2026-02-26 14:35:00,2026-02-26 14:56:00,0.3,Electrical Fault,52.41,Closed
MO0000330,P03,P03_L02,M031,Preventive,2026-02-26 22:00:00,2026-02-26 23:30:00,1.5,Scheduled PM,208.24,Closed
MO0000331,P03,P03_L03,M033,Corrective,2026-02-26 14:16:00,2026-02-26 14:26:00,0.16,Electrical Fault,538.4,Closed
MO0000332,P03,P03_L03,M034,Preventive,2026-02-27 06:00:00,2026-02-27 07:17:00,1.53,Scheduled PM,196.3,Closed
MO0000333,P01,P01_L01,M002,Corrective,2026-02-27 14:15:00,2026-02-27 15:21:00,1.42,Mechanical Failure,665.21,Closed
MO0000334,P01,P01_L01,M004,Preventive,2026-02-27 22:00:00,2026-02-27 23:13:00,1.5,Scheduled PM,39.51,Closed
MO0000335,P02,P02_L01,M015,Corrective,2026-02-27 15:13:00,2026-02-27 15:42:00,0.52,Mechanical Failure,3.73,Closed
MO0000336,P02,P02_L01,M014,Corrective,2026-02-27 23:24:00,2026-02-28 00:03:00,0.48,Mechanical Failure,690.03,Closed
MO0000337,P02,P02_L02,M018,Preventive,2026-02-27 22:00:00,2026-02-27 23:03:00,0.98,Scheduled PM,78.36,Closed
MO0000338,P03,P03_L02,M029,Corrective,2026-02-27 06:29:00,2026-02-27 06:48:00,0.24,Mechanical Failure,4.26,Closed
MO0000339,P03,P03_L02,M031,Corrective,2026-02-27 14:39:00,2026-02-27 14:59:00,0.45,Mechanical Failure,179.39,Closed
MO0000340,P03,P03_L03,M034,Corrective,2026-02-27 15:16:00,2026-02-27 15:33:00,0.31,Electrical Fault,137.0,Closed
MO0000341,P03,P03_L03,M035,Preventive,2026-02-28 06:00:00,2026-02-28 06:58:00,1.05,Scheduled PM,74.78,Closed
MO0000342,P03,P03_L02,M031,Corrective,2026-02-28 06:50:00,2026-02-28 06:56:00,0.12,Mechanical Failure,911.25,Closed
MO0000343,P03,P03_L02,M030,Corrective,2026-02-28 14:29:00,2026-02-28 14:42:00,0.29,Mechanical Failure,76.94,Closed
MO0000344,P03,P03_L02,M032,Corrective,2026-02-28 22:43:00,2026-02-28 22:48:00,0.1,Mechanical Failure,436.96,Closed
MO0000345,P03,P03_L02,M029,Preventive,2026-03-01 06:00:00,2026-03-01 07:39:00,1.7,Scheduled PM,249.72,Closed
MO0000346,P03,P03_L03,M034,Corrective,2026-02-28 15:06:00,2026-02-28 15:29:00,0.44,Mechanical Failure,1355.95,Closed
MO0000347,P03,P03_L03,M036,Corrective,2026-02-28 22:55:00,2026-02-28 23:24:00,0.48,Sensor/Controls Fault,395.01,Closed
MO0000348,P01,P01_L01,M001,Corrective,2026-03-01 14:16:00,2026-03-01 14:40:00,0.37,Mechanical Failure,0.8,Closed
MO0000349,P01,P01_L01,M002,Preventive,2026-03-01 22:00:00,2026-03-01 23:00:00,1.14,Scheduled PM,155.02,Closed
MO0000350,P02,P02_L01,M013,Preventive,2026-03-01 14:00:00,2026-03-01 15:20:00,1.21,Scheduled PM,122.15,Closed
MO0000351,P03,P03_L02,M032,Corrective,2026-03-01 06:52:00,2026-03-01 07:08:00,0.33,Electrical Fault,99.8,Closed
MO0000352,P01,P01_L02,M005,Corrective,2026-03-02 14:34:00,2026-03-02 14:58:00,0.38,Mechanical Failure,272.68,Closed
MO0000353,P01,P01_L02,M007,Preventive,2026-03-02 22:00:00,2026-03-02 23:06:00,1.18,Scheduled PM,244.76,Closed
MO0000354,P02,P02_L01,M015,Corrective,2026-03-02 06:51:00,2026-03-02 07:07:00,0.26,Sensor/Controls Fault,209.61,Closed
MO0000355,P02,P02_L01,M014,Corrective,2026-03-02 07:10:00,2026-03-02 07:20:00,0.2,Mechanical Failure,130.81,Closed
MO0000356,P02,P02_L02,M020,Preventive,2026-03-02 22:00:00,2026-03-02 23:04:00,1.16,Scheduled PM,95.79,Closed
MO0000357,P03,P03_L01,M026,Corrective,2026-03-02 22:39:00,2026-03-03 00:19:00,1.64,Electrical Fault,21.35,Closed
MO0000358,P03,P03_L02,M029,Corrective,2026-03-02 14:44:00,2026-03-02 15:19:00,0.57,Electrical Fault,54.73,Closed
MO0000359,P03,P03_L03,M033,Preventive,2026-03-03 06:00:00,2026-03-03 07:13:00,1.26,Scheduled PM,102.41,Closed
MO0000360,P01,P01_L02,M005,Preventive,2026-03-03 14:00:00,2026-03-03 15:06:00,1.3,Scheduled PM,115.23,Closed
MO0000361,P01,P01_L03,M012,Corrective,2026-03-03 14:29:00,2026-03-03 14:57:00,0.52,Mechanical Failure,30.77,Closed
MO0000362,P02,P02_L01,M016,Corrective,2026-03-03 06:52:00,2026-03-03 07:18:00,0.35,Mechanical Failure,11.36,Closed
MO0000363,P02,P02_L01,M015,Corrective,2026-03-03 07:21:00,2026-03-03 07:52:00,0.48,Mechanical Failure,193.62,Closed
MO0000364,P02,P02_L03,M024,Preventive,2026-03-03 14:00:00,2026-03-03 15:00:00,0.91,Scheduled PM,140.05,Closed
MO0000365,P03,P03_L01,M028,Corrective,2026-03-03 14:23:00,2026-03-03 14:44:00,0.42,Mechanical Failure,0.0,Closed
MO0000366,P03,P03_L02,M030,Preventive,2026-03-03 14:00:00,2026-03-03 15:46:00,2.19,Scheduled PM,238.14,Closed
MO0000367,P01,P01_L01,M004,Corrective,2026-03-04 06:55:00,2026-03-04 07:07:00,0.24,Mechanical Failure,0.0,Closed
MO0000368,P01,P01_L01,M003,Preventive,2026-03-04 22:00:00,2026-03-04 23:06:00,1.09,Scheduled PM,70.54,Closed
MO0000369,P01,P01_L01,M004,Corrective,2026-03-04 22:29:00,2026-03-04 22:47:00,0.4,Electrical Fault,0.0,Closed
MO0000370,P01,P01_L02,M005,Corrective,2026-03-04 06:16:00,2026-03-04 06:47:00,0.6,Mechanical Failure,1041.87,Closed
MO0000371,P01,P01_L03,M010,Preventive,2026-03-05 06:00:00,2026-03-05 07:02:00,0.99,Scheduled PM,119.27,Closed
MO0000372,P02,P02_L01,M015,Corrective,2026-03-04 07:04:00,2026-03-04 07:49:00,0.96,Mechanical Failure,349.42,Closed
MO0000373,P02,P02_L01,M015,Corrective,2026-03-04 14:29:00,2026-03-04 14:47:00,0.22,Mechanical Failure,198.63,Closed
MO0000374,P02,P02_L02,M019,Preventive,2026-03-05 06:00:00,2026-03-05 07:50:00,2.35,Scheduled PM,130.44,Closed
MO0000375,P02,P02_L03,M022,Corrective,2026-03-04 06:42:00,2026-03-04 06:58:00,0.3,Mechanical Failure,310.54,Closed
MO0000376,P02,P02_L03,M024,Corrective,2026-03-04 15:26:00,2026-03-04 15:38:00,0.17,Mechanical Failure,6.67,Closed
MO0000377,P02,P02_L03,M024,Corrective,2026-03-04 22:52:00,2026-03-04 22:59:00,0.09,Electrical Fault,95.11,Closed
MO0000378,P03,P03_L03,M036,Preventive,2026-03-04 14:00:00,2026-03-04 14:56:00,1.16,Scheduled PM,148.08,Closed
MO0000379,P01,P01_L02,M007,Corrective,2026-03-05 07:21:00,2026-03-05 07:36:00,0.26,Electrical Fault,324.52,Closed
MO0000380,P01,P01_L02,M008,Preventive,2026-03-05 14:00:00,2026-03-05 15:23:00,1.49,Scheduled PM,236.81,Closed
MO0000381,P01,P01_L02,M006,Preventive,2026-03-05 22:00:00,2026-03-05 23:04:00,1.09,Scheduled PM,223.1,Closed
MO0000382,P01,P01_L03,M012,Corrective,2026-03-05 07:40:00,2026-03-05 07:49:00,0.18,Sensor/Controls Fault,0.0,Closed
MO0000383,P02,P02_L01,M013,Corrective,2026-03-05 23:38:00,2026-03-05 23:48:00,0.17,Mechanical Failure,0.0,Closed
MO0000384,P02,P02_L03,M023,Preventive,2026-03-05 14:00:00,2026-03-05 16:01:00,2.26,Scheduled PM,152.34,Closed
MO0000385,P03,P03_L02,M032,Preventive,2026-03-06 06:00:00,2026-03-06 07:43:00,2.19,Scheduled PM,202.27,Closed
MO0000386,P01,P01_L02,M007,Corrective,2026-03-06 22:22:00,2026-03-06 22:41:00,0.23,Electrical Fault,0.0,Closed
MO0000387,P02,P02_L01,M015,Corrective,2026-03-06 15:34:00,2026-03-06 16:40:00,1.08,Mechanical Failure,189.68,Closed
MO0000388,P02,P02_L01,M013,Corrective,2026-03-06 23:28:00,2026-03-07 00:33:00,1.33,Mechanical Failure,169.74,Closed
MO0000389,P02,P02_L03,M021,Corrective,2026-03-06 06:29:00,2026-03-06 06:52:00,0.29,Mechanical Failure,0.0,Closed
MO0000390,P03,P03_L01,M027,Corrective,2026-03-06 06:34:00,2026-03-06 07:09:00,0.7,Sensor/Controls Fault,90.06,Closed
MO0000391,P03,P03_L01,M027,Corrective,2026-03-06 07:12:00,2026-03-06 07:25:00,0.2,Mechanical Failure,27.36,Closed
MO0000392,P03,P03_L02,M031,Corrective,2026-03-06 22:17:00,2026-03-06 22:27:00,0.17,Electrical Fault,512.97,Closed
MO0000393,P03,P03_L03,M034,Corrective,2026-03-06 06:48:00,2026-03-06 07:36:00,0.71,Electrical Fault,11.87,Closed
MO0000394,P02,P02_L01,M015,Preventive,2026-03-08 22:00:00,2026-03-08 23:39:00,1.51,Scheduled PM,47.74,Closed
MO0000395,P01,P01_L01,M004,Corrective,2026-03-09 23:35:00,2026-03-09 23:54:00,0.36,Mechanical Failure,23.42,Closed
MO0000396,P01,P01_L03,M012,Preventive,2026-03-09 22:00:00,2026-03-09 23:20:00,1.64,Scheduled PM,113.88,Closed
MO0000397,P02,P02_L01,M013,Corrective,2026-03-09 23:17:00,2026-03-09 23:38:00,0.46,Mechanical Failure,74.47,Closed
MO0000398,P02,P02_L03,M022,Corrective,2026-03-09 23:19:00,2026-03-10 00:07:00,0.74,Sensor/Controls Fault,367.61,Closed
MO0000399,P03,P03_L01,M027,Preventive,2026-03-09 22:00:00,2026-03-09 22:50:00,0.86,Scheduled PM,238.29,Closed
MO0000400,P03,P03_L01,M028,Corrective,2026-03-09 22:34:00,2026-03-09 22:56:00,0.32,Electrical Fault,94.02,Closed
MO0000401,P03,P03_L02,M031,Corrective,2026-03-09 07:09:00,2026-03-09 07:33:00,0.51,Mechanical Failure,72.52,Closed
MO0000402,P03,P03_L02,M032,Corrective,2026-03-09 14:49:00,2026-03-09 15:35:00,0.85,Electrical Fault,10.91,Closed
MO0000403,P01,P01_L03,M012,Corrective,2026-03-10 08:55:00,2026-03-10 09:40:00,0.99,Sensor/Controls Fault,0.0,Closed
MO0000404,P01,P01_L03,M009,Corrective,2026-03-10 14:50:00,2026-03-10 14:59:00,0.11,Electrical Fault,120.18,Closed
MO0000405,P02,P02_L01,M016,Corrective,2026-03-10 22:44:00,2026-03-11 00:52:00,2.48,Electrical Fault,9.2,Closed
MO0000406,P02,P02_L02,M018,Corrective,2026-03-10 22:21:00,2026-03-10 22:47:00,0.48,Mechanical Failure,32.81,Closed
MO0000407,P02,P02_L03,M022,Corrective,2026-03-10 23:05:00,2026-03-10 23:18:00,0.22,Sensor/Controls Fault,182.1,Closed
MO0000408,P02,P02_L03,M022,Corrective,2026-03-10 23:21:00,2026-03-10 23:33:00,0.18,Mechanical Failure,232.88,Closed
MO0000409,P02,P02_L03,M022,Preventive,2026-03-11 06:00:00,2026-03-11 07:14:00,1.58,Scheduled PM,159.72,Closed
MO0000410,P03,P03_L02,M030,Corrective,2026-03-10 15:18:00,2026-03-10 15:28:00,0.16,Electrical Fault,1162.43,Closed
MO0000411,P01,P01_L01,M004,Corrective,2026-03-11 07:12:00,2026-03-11 07:28:00,0.19,Electrical Fault,69.72,Closed
MO0000412,P01,P01_L01,M001,Preventive,2026-03-11 14:00:00,2026-03-11 15:27:00,1.79,Scheduled PM,184.95,Closed
MO0000413,P01,P01_L03,M011,Preventive,2026-03-12 06:00:00,2026-03-12 07:09:00,1.07,Scheduled PM,170.8,Closed
MO0000414,P02,P02_L01,M016,Corrective,2026-03-11 15:22:00,2026-03-11 15:27:00,0.08,Mechanical Failure,505.9,Closed
MO0000415,P02,P02_L01,M016,Preventive,2026-03-12 06:00:00,2026-03-12 07:13:00,1.35,Scheduled PM,36.28,Closed
MO0000416,P02,P02_L02,M020,Corrective,2026-03-11 22:54:00,2026-03-11 23:08:00,0.28,Electrical Fault,53.82,Closed
MO0000417,P02,P02_L03,M021,Corrective,2026-03-11 06:20:00,2026-03-11 07:10:00,0.62,Electrical Fault,333.85,Closed
MO0000418,P03,P03_L02,M032,Corrective,2026-03-11 14:43:00,2026-03-11 15:34:00,0.77,Mechanical Failure,114.95,Closed
MO0000419,P03,P03_L02,M029,Corrective,2026-03-11 23:22:00,2026-03-11 23:36:00,0.3,Electrical Fault,62.09,Closed
MO0000420,P03,P03_L02,M029,Corrective,2026-03-11 23:39:00,2026-03-11 23:51:00,0.23,Sensor/Controls Fault,80.16,Closed
MO0000421,P03,P03_L03,M036,Corrective,2026-03-11 15:01:00,2026-03-11 15:15:00,0.18,Electrical Fault,89.3,Closed
MO0000422,P03,P03_L03,M034,Corrective,2026-03-11 23:04:00,2026-03-11 23:24:00,0.4,Sensor/Controls Fault,72.96,Closed
MO0000423,P03,P03_L03,M036,Corrective,2026-03-11 23:27:00,2026-03-12 00:19:00,1.17,Sensor/Controls Fault,72.93,Closed
MO0000424,P03,P03_L03,M036,Corrective,2026-03-12 00:22:00,2026-03-12 00:32:00,0.23,Mechanical Failure,184.59,Closed
MO0000425,P01,P01_L01,M002,Corrective,2026-03-12 22:45:00,2026-03-12 23:01:00,0.31,Electrical Fault,132.86,Closed
MO0000426,P01,P01_L02,M005,Corrective,2026-03-12 14:47:00,2026-03-12 15:00:00,0.29,Sensor/Controls Fault,321.52,Closed
MO0000427,P01,P01_L03,M011,Corrective,2026-03-12 06:17:00,2026-03-12 06:32:00,0.2,Sensor/Controls Fault,19.51,Closed
MO0000428,P03,P03_L01,M025,Preventive,2026-03-13 06:00:00,2026-03-13 06:50:00,0.95,Scheduled PM,47.02,Closed
MO0000429,P01,P01_L02,M008,Corrective,2026-03-13 15:00:00,2026-03-13 16:41:00,1.66,Electrical Fault,91.31,Closed
MO0000430,P01,P01_L02,M006,Corrective,2026-03-13 22:30:00,2026-03-13 22:48:00,0.24,Electrical Fault,104.9,Closed
MO0000431,P02,P02_L01,M015,Corrective,2026-03-13 06:25:00,2026-03-13 07:12:00,0.61,Mechanical Failure,92.71,Closed
MO0000432,P03,P03_L02,M031,Corrective,2026-03-13 06:33:00,2026-03-13 06:47:00,0.17,Mechanical Failure,118.45,Closed
MO0000433,P03,P03_L03,M033,Corrective,2026-03-13 06:49:00,2026-03-13 07:04:00,0.19,Mechanical Failure,216.87,Closed
MO0000434,P03,P03_L03,M034,Corrective,2026-03-13 07:07:00,2026-03-13 07:40:00,0.44,Electrical Fault,0.0,Closed
MO0000435,P03,P03_L03,M035,Corrective,2026-03-14 22:23:00,2026-03-14 22:28:00,0.06,Sensor/Controls Fault,243.41,Closed
MO0000436,P01,P01_L03,M009,Corrective,2026-03-15 06:33:00,2026-03-15 06:58:00,0.34,Mechanical Failure,182.95,Closed
MO0000437,P02,P02_L01,M014,Corrective,2026-03-15 23:31:00,2026-03-15 23:37:00,0.13,Electrical Fault,7.27,Closed
MO0000438,P01,P01_L01,M003,Corrective,2026-03-16 06:46:00,2026-03-16 07:19:00,0.48,Electrical Fault,206.85,Closed
MO0000439,P01,P01_L01,M001,Corrective,2026-03-16 22:43:00,2026-03-16 23:04:00,0.47,Electrical Fault,263.96,Closed
MO0000440,P01,P01_L03,M010,Corrective,2026-03-16 22:21:00,2026-03-16 22:44:00,0.54,Mechanical Failure,166.35,Closed
MO0000441,P02,P02_L02,M018,Corrective,2026-03-16 22:38:00,2026-03-16 22:55:00,0.24,Mechanical Failure,277.31,Closed
MO0000442,P02,P02_L03,M021,Corrective,2026-03-16 06:13:00,2026-03-16 06:56:00,0.69,Mechanical Failure,328.73,Closed
MO0000443,P02,P02_L03,M021,Corrective,2026-03-16 14:50:00,2026-03-16 15:25:00,0.8,Electrical Fault,0.0,Closed
MO0000444,P03,P03_L01,M028,Corrective,2026-03-16 07:20:00,2026-03-16 08:05:00,0.85,Mechanical Failure,0.0,Closed
MO0000445,P03,P03_L02,M032,Corrective,2026-03-16 23:09:00,2026-03-17 01:46:00,2.87,Electrical Fault,358.56,Closed
MO0000446,P01,P01_L03,M009,Preventive,2026-03-18 06:00:00,2026-03-18 07:49:00,1.76,Scheduled PM,204.15,Closed
MO0000447,P02,P02_L01,M014,Corrective,2026-03-17 06:44:00,2026-03-17 06:55:00,0.15,Mechanical Failure,109.38,Closed
MO0000448,P02,P02_L02,M020,Corrective,2026-03-17 07:44:00,2026-03-17 08:10:00,0.36,Mechanical Failure,0.0,Closed
MO0000449,P02,P02_L02,M018,Corrective,2026-03-17 08:13:00,2026-03-17 08:36:00,0.39,Mechanical Failure,77.08,Closed
MO0000450,P02,P02_L03,M021,Preventive,2026-03-17 14:00:00,2026-03-17 15:43:00,1.8,Scheduled PM,43.55,Closed
MO0000451,P02,P02_L03,M023,Corrective,2026-03-17 14:49:00,2026-03-17 14:54:00,0.1,Sensor/Controls Fault,498.6,Closed
MO0000452,P03,P03_L01,M028,Preventive,2026-03-17 14:00:00,2026-03-17 15:06:00,1.18,Scheduled PM,74.51,Closed
MO0000453,P03,P03_L03,M036,Corrective,2026-03-17 22:34:00,2026-03-17 23:07:00,0.5,Mechanical Failure,0.0,Closed
MO0000454,P01,P01_L01,M002,Corrective,2026-03-18 06:41:00,2026-03-18 06:50:00,0.19,Sensor/Controls Fault,0.0,Closed
MO0000455,P01,P01_L03,M011,Corrective,2026-03-18 22:24:00,2026-03-18 22:33:00,0.19,Mechanical Failure,128.7,Closed
MO0000456,P02,P02_L02,M020,Corrective,2026-03-18 14:44:00,2026-03-18 15:06:00,0.37,Electrical Fault,281.79,Closed
MO0000457,P02,P02_L03,M024,Corrective,2026-03-18 23:01:00,2026-03-18 23:19:00,0.4,Electrical Fault,31.12,Closed
MO0000458,P03,P03_L02,M031,Corrective,2026-03-18 14:48:00,2026-03-18 15:01:00,0.28,Mechanical Failure,0.0,Closed
MO0000459,P03,P03_L03,M033,Corrective,2026-03-18 06:29:00,2026-03-18 07:16:00,0.91,Mechanical Failure,108.64,Closed
MO0000460,P02,P02_L01,M016,Corrective,2026-03-19 14:27:00,2026-03-19 14:39:00,0.24,Sensor/Controls Fault,0.0,Closed
MO0000461,P03,P03_L02,M029,Corrective,2026-03-19 06:47:00,2026-03-19 07:15:00,0.49,Electrical Fault,332.62,Closed
MO0000462,P03,P03_L02,M029,Corrective,2026-03-19 22:21:00,2026-03-19 22:34:00,0.21,Electrical Fault,111.86,Closed
MO0000463,P03,P03_L03,M034,Preventive,2026-03-20 06:00:00,2026-03-20 07:26:00,1.52,Scheduled PM,212.41,Closed
MO0000464,P01,P01_L01,M004,Corrective,2026-03-20 07:08:00,2026-03-20 07:32:00,0.42,Electrical Fault,126.64,Closed
MO0000465,P01,P01_L01,M004,Corrective,2026-03-20 14:21:00,2026-03-20 14:46:00,0.58,Mechanical Failure,935.54,Closed
MO0000466,P01,P01_L01,M003,Corrective,2026-03-20 14:49:00,2026-03-20 15:16:00,0.45,Mechanical Failure,62.18,Closed
MO0000467,P02,P02_L01,M014,Preventive,2026-03-20 14:00:00,2026-03-20 14:58:00,1.13,Scheduled PM,236.3,Closed
MO0000468,P02,P02_L02,M019,Corrective,2026-03-20 06:24:00,2026-03-20 06:40:00,0.22,Mechanical Failure,0.0,Closed
MO0000469,P02,P02_L02,M017,Preventive,2026-03-20 14:00:00,2026-03-20 15:18:00,1.32,Scheduled PM,121.29,Closed
MO0000470,P02,P02_L03,M021,Corrective,2026-03-20 22:34:00,2026-03-20 22:44:00,0.2,Mechanical Failure,0.68,Closed
MO0000471,P03,P03_L01,M028,Corrective,2026-03-20 06:38:00,2026-03-20 07:29:00,0.67,Sensor/Controls Fault,97.59,Closed
MO0000472,P03,P03_L01,M028,Corrective,2026-03-20 07:32:00,2026-03-20 08:08:00,0.59,Electrical Fault,0.0,Closed
MO0000473,P03,P03_L01,M026,Preventive,2026-03-20 14:00:00,2026-03-20 15:27:00,1.4,Scheduled PM,203.62,Closed
MO0000474,P03,P03_L02,M029,Corrective,2026-03-20 14:40:00,2026-03-20 15:00:00,0.38,Sensor/Controls Fault,102.48,Closed
MO0000475,P03,P03_L03,M036,Corrective,2026-03-20 22:44:00,2026-03-20 22:57:00,0.2,Mechanical Failure,61.78,Closed
MO0000476,P01,P01_L01,M002,Preventive,2026-03-22 06:00:00,2026-03-22 07:16:00,1.49,Scheduled PM,163.06,Closed
MO0000477,P01,P01_L02,M007,Preventive,2026-03-22 06:00:00,2026-03-22 07:23:00,1.52,Scheduled PM,231.03,Closed
MO0000478,P03,P03_L02,M030,Corrective,2026-03-21 14:34:00,2026-03-21 14:46:00,0.21,Mechanical Failure,336.45,Closed
MO0000479,P03,P03_L03,M035,Preventive,2026-03-21 22:00:00,2026-03-21 23:46:00,1.79,Scheduled PM,106.51,Closed
MO0000480,P01,P01_L01,M004,Preventive,2026-03-22 22:00:00,2026-03-22 23:22:00,1.42,Scheduled PM,204.9,Closed
MO0000481,P01,P01_L03,M009,Corrective,2026-03-22 07:16:00,2026-03-22 08:20:00,1.0,Mechanical Failure,0.0,Closed
MO0000482,P02,P02_L03,M022,Corrective,2026-03-22 22:25:00,2026-03-22 22:48:00,0.44,Mechanical Failure,184.94,Closed
MO0000483,P03,P03_L01,M026,Corrective,2026-03-22 06:23:00,2026-03-22 06:34:00,0.2,Electrical Fault,135.17,Closed
MO0000484,P03,P03_L02,M031,Preventive,2026-03-22 22:00:00,2026-03-22 22:58:00,1.24,Scheduled PM,228.88,Closed
MO0000485,P01,P01_L02,M007,Corrective,2026-03-23 22:31:00,2026-03-23 23:08:00,0.68,Sensor/Controls Fault,68.93,Closed
MO0000486,P02,P02_L02,M018,Preventive,2026-03-23 14:00:00,2026-03-23 15:05:00,0.98,Scheduled PM,75.2,Closed
MO0000487,P02,P02_L02,M017,Corrective,2026-03-23 14:47:00,2026-03-23 15:33:00,0.76,Electrical Fault,58.79,Closed
MO0000488,P02,P02_L03,M023,Corrective,2026-03-23 23:01:00,2026-03-23 23:32:00,0.69,Mechanical Failure,89.92,Closed
MO0000489,P03,P03_L03,M033,Preventive,2026-03-23 22:00:00,2026-03-23 23:24:00,1.52,Scheduled PM,110.11,Closed
MO0000490,P01,P01_L01,M003,Preventive,2026-03-25 06:00:00,2026-03-25 07:07:00,1.16,Scheduled PM,242.4,Closed
MO0000491,P01,P01_L02,M005,Corrective,2026-03-24 14:34:00,2026-03-24 15:54:00,1.07,Mechanical Failure,205.52,Closed
MO0000492,P02,P02_L01,M014,Corrective,2026-03-24 06:32:00,2026-03-24 06:49:00,0.38,Sensor/Controls Fault,50.54,Closed
MO0000493,P02,P02_L02,M020,Preventive,2026-03-24 22:00:00,2026-03-24 23:33:00,1.43,Scheduled PM,173.59,Closed
MO0000494,P03,P03_L02,M029,Preventive,2026-03-25 06:00:00,2026-03-25 07:05:00,1.3,Scheduled PM,154.92,Closed
MO0000495,P03,P03_L03,M033,Corrective,2026-03-24 14:30:00,2026-03-24 15:05:00,0.53,Mechanical Failure,34.68,Closed
MO0000496,P01,P01_L03,M009,Corrective,2026-03-25 22:32:00,2026-03-26 00:08:00,1.41,Mechanical Failure,36.51,Closed
MO0000497,P02,P02_L01,M015,Corrective,2026-03-25 06:54:00,2026-03-25 07:02:00,0.16,Mechanical Failure,316.86,Closed
MO0000498,P03,P03_L01,M028,Corrective,2026-03-25 15:04:00,2026-03-25 15:14:00,0.17,Sensor/Controls Fault,0.0,Closed
MO0000499,P03,P03_L03,M034,Corrective,2026-03-25 23:22:00,2026-03-25 23:56:00,0.43,Mechanical Failure,142.01,Closed
MO0000500,P01,P01_L01,M004,Corrective,2026-03-26 14:20:00,2026-03-26 14:29:00,0.11,Mechanical Failure,177.96,Closed
MO0000501,P01,P01_L03,M012,Corrective,2026-03-26 07:19:00,2026-03-26 07:34:00,0.32,Electrical Fault,335.12,Closed
MO0000502,P02,P02_L01,M016,Corrective,2026-03-26 06:23:00,2026-03-26 06:39:00,0.28,Electrical Fault,7.91,Closed
MO0000503,P02,P02_L01,M013,Preventive,2026-03-26 14:00:00,2026-03-26 15:11:00,1.37,Scheduled PM,203.12,Closed
MO0000504,P02,P02_L02,M019,Preventive,2026-03-26 22:00:00,2026-03-26 23:23:00,1.33,Scheduled PM,104.2,Closed
MO0000505,P02,P02_L03,M024,Preventive,2026-03-27 06:00:00,2026-03-27 07:10:00,1.48,Scheduled PM,174.2,Closed
MO0000506,P03,P03_L02,M030,Preventive,2026-03-27 06:00:00,2026-03-27 07:19:00,1.23,Scheduled PM,55.09,Closed
MO0000507,P01,P01_L02,M005,Preventive,2026-03-27 14:00:00,2026-03-27 14:54:00,1.02,Scheduled PM,170.0,Closed
MO0000508,P01,P01_L03,M010,Preventive,2026-03-27 14:00:00,2026-03-27 15:02:00,1.27,Scheduled PM,191.14,Closed
MO0000509,P02,P02_L02,M020,Corrective,2026-03-27 14:19:00,2026-03-27 15:49:00,1.24,Mechanical Failure,0.0,Closed
MO0000510,P02,P02_L03,M023,Preventive,2026-03-27 22:00:00,2026-03-27 23:21:00,1.63,Scheduled PM,150.44,Closed
MO0000511,P03,P03_L02,M032,Preventive,2026-03-28 06:00:00,2026-03-28 07:28:00,1.48,Scheduled PM,43.11,Closed
MO0000512,P01,P01_L02,M008,Preventive,2026-03-28 22:00:00,2026-03-28 23:31:00,1.44,Scheduled PM,82.69,Closed
MO0000513,P02,P02_L01,M016,Corrective,2026-03-28 06:13:00,2026-03-28 06:28:00,0.32,Mechanical Failure,110.4,Closed
MO0000514,P02,P02_L01,M013,Corrective,2026-03-28 06:31:00,2026-03-28 06:50:00,0.22,Mechanical Failure,0.0,Closed
MO0000515,P02,P02_L02,M020,Corrective,2026-03-28 14:58:00,2026-03-28 15:02:00,0.06,Mechanical Failure,285.58,Closed
MO0000516,P03,P03_L02,M030,Corrective,2026-03-28 15:43:00,2026-03-28 15:56:00,0.21,Mechanical Failure,4.99,Closed
MO0000517,P03,P03_L02,M030,Corrective,2026-03-28 22:39:00,2026-03-28 23:19:00,0.72,Electrical Fault,59.88,Closed
MO0000518,P03,P03_L03,M036,Preventive,2026-03-28 14:00:00,2026-03-28 15:27:00,1.8,Scheduled PM,63.68,Closed
MO0000519,P03,P03_L03,M035,Corrective,2026-03-28 22:59:00,2026-03-28 23:06:00,0.11,Electrical Fault,132.11,Closed
MO0000520,P01,P01_L02,M006,Preventive,2026-03-30 06:00:00,2026-03-30 07:00:00,1.17,Scheduled PM,234.21,Closed
MO0000521,P01,P01_L03,M010,Corrective,2026-03-29 14:31:00,2026-03-29 14:53:00,0.33,Mechanical Failure,54.45,Closed
MO0000522,P01,P01_L01,M002,Corrective,2026-03-30 14:55:00,2026-03-30 15:18:00,0.45,Sensor/Controls Fault,110.44,Closed
MO0000523,P02,P02_L01,M015,Preventive,2026-03-30 22:00:00,2026-03-30 23:46:00,2.01,Scheduled PM,235.72,Closed
MO0000524,P02,P02_L02,M018,Corrective,2026-03-30 22:36:00,2026-03-30 22:46:00,0.16,Mechanical Failure,492.14,Closed
MO0000525,P02,P02_L03,M024,Corrective,2026-03-30 22:40:00,2026-03-30 23:06:00,0.56,Electrical Fault,536.47,Closed
MO0000526,P03,P03_L01,M028,Corrective,2026-03-30 06:36:00,2026-03-30 07:08:00,0.72,Mechanical Failure,0.0,Closed
MO0000527,P03,P03_L01,M025,Corrective,2026-03-30 07:11:00,2026-03-30 07:28:00,0.21,Mechanical Failure,42.87,Closed
MO0000528,P03,P03_L01,M025,Corrective,2026-03-30 15:26:00,2026-03-30 16:01:00,0.56,Mechanical Failure,33.39,Closed
MO0000529,P03,P03_L01,M027,Preventive,2026-03-30 22:00:00,2026-03-30 23:00:00,1.17,Scheduled PM,207.42,Closed
MO0000530,P03,P03_L01,M025,Corrective,2026-03-30 22:15:00,2026-03-30 22:47:00,0.5,Mechanical Failure,550.38,Closed
MO0000531,P03,P03_L03,M034,Corrective,2026-03-31 00:10:00,2026-03-31 00:58:00,0.59,Sensor/Controls Fault,110.61,Closed
MO0000532,P01,P01_L01,M004,Corrective,2026-03-31 06:46:00,2026-03-31 06:52:00,0.13,Electrical Fault,0.0,Closed
MO0000533,P01,P01_L02,M007,Corrective,2026-03-31 15:31:00,2026-03-31 15:55:00,0.49,Mechanical Failure,0.0,Closed
MO0000534,P01,P01_L03,M012,Preventive,2026-04-01 06:00:00,2026-04-01 07:29:00,1.8,Scheduled PM,200.5,Closed
MO0000535,P02,P02_L02,M020,Corrective,2026-03-31 14:58:00,2026-03-31 16:21:00,1.07,Sensor/Controls Fault,57.38,Closed
MO0000536,P01,P01_L02,M006,Corrective,2026-04-01 06:35:00,2026-04-01 06:41:00,0.12,Mechanical Failure,348.2,Closed
MO0000537,P01,P01_L02,M008,Corrective,2026-04-01 22:22:00,2026-04-01 22:57:00,0.52,Mechanical Failure,85.71,Closed
MO0000538,P01,P01_L03,M009,Corrective,2026-04-01 06:44:00,2026-04-01 06:54:00,0.18,Electrical Fault,32.47,Closed
MO0000539,P01,P01_L03,M011,Preventive,2026-04-02 06:00:00,2026-04-02 06:54:00,1.06,Scheduled PM,127.88,Closed
MO0000540,P03,P03_L02,M030,Corrective,2026-04-01 22:26:00,2026-04-01 23:16:00,0.75,Mechanical Failure,120.57,Closed
MO0000541,P03,P03_L02,M032,Corrective,2026-04-01 23:19:00,2026-04-01 23:25:00,0.08,Mechanical Failure,622.7,Closed
MO0000542,P03,P03_L03,M033,Corrective,2026-04-01 06:38:00,2026-04-01 06:59:00,0.4,Electrical Fault,0.0,Closed
MO0000543,P01,P01_L01,M001,Preventive,2026-04-02 22:00:00,2026-04-02 23:24:00,1.8,Scheduled PM,228.74,Closed
MO0000544,P01,P01_L02,M007,Corrective,2026-04-02 14:23:00,2026-04-02 14:32:00,0.18,Sensor/Controls Fault,0.0,Closed
MO0000545,P01,P01_L02,M007,Corrective,2026-04-02 14:35:00,2026-04-02 15:29:00,1.1,Mechanical Failure,0.0,Closed
MO0000546,P01,P01_L02,M006,Corrective,2026-04-02 23:13:00,2026-04-03 00:06:00,0.76,Mechanical Failure,0.0,Closed
MO0000547,P02,P02_L01,M013,Corrective,2026-04-02 06:49:00,2026-04-02 08:04:00,1.66,Electrical Fault,86.32,Closed
MO0000548,P02,P02_L01,M013,Corrective,2026-04-02 14:53:00,2026-04-02 15:13:00,0.36,Mechanical Failure,267.88,Closed
MO0000549,P02,P02_L01,M013,Corrective,2026-04-02 22:51:00,2026-04-02 23:05:00,0.2,Sensor/Controls Fault,1422.08,Closed
MO0000550,P02,P02_L03,M022,Corrective,2026-04-02 14:20:00,2026-04-02 15:22:00,0.77,Mechanical Failure,70.29,Closed
MO0000551,P03,P03_L01,M025,Corrective,2026-04-02 06:47:00,2026-04-02 07:08:00,0.46,Mechanical Failure,74.0,Closed
MO0000552,P03,P03_L03,M033,Corrective,2026-04-02 14:30:00,2026-04-02 15:00:00,0.49,Mechanical Failure,457.55,Closed
MO0000553,P03,P03_L03,M035,Corrective,2026-04-02 15:03:00,2026-04-02 15:23:00,0.38,Mechanical Failure,629.28,Closed
MO0000554,P01,P01_L01,M001,Corrective,2026-04-03 06:41:00,2026-04-03 06:48:00,0.1,Electrical Fault,138.86,Closed
MO0000555,P02,P02_L01,M016,Preventive,2026-04-03 14:00:00,2026-04-03 15:16:00,1.59,Scheduled PM,104.32,Closed
MO0000556,P02,P02_L03,M022,Preventive,2026-04-03 22:00:00,2026-04-03 23:18:00,1.33,Scheduled PM,102.89,Closed
MO0000557,P03,P03_L01,M027,Corrective,2026-04-03 14:15:00,2026-04-03 14:28:00,0.26,Mechanical Failure,44.81,Closed
MO0000558,P03,P03_L01,M027,Corrective,2026-04-03 15:58:00,2026-04-03 16:17:00,0.28,Mechanical Failure,297.35,Closed
MO0000559,P01,P01_L02,M008,Corrective,2026-04-04 14:52:00,2026-04-04 15:06:00,0.23,Electrical Fault,38.88,Closed
MO0000560,P01,P01_L02,M005,Corrective,2026-04-04 15:09:00,2026-04-04 15:26:00,0.23,Mechanical Failure,1479.84,Closed
MO0000561,P02,P02_L01,M014,Corrective,2026-04-04 07:35:00,2026-04-04 08:19:00,0.65,Mechanical Failure,0.0,Closed
MO0000562,P01,P01_L01,M001,Corrective,2026-04-05 14:34:00,2026-04-05 15:24:00,0.97,Mechanical Failure,356.91,Closed
MO0000563,P01,P01_L01,M004,Corrective,2026-04-05 23:41:00,2026-04-06 00:48:00,1.25,Electrical Fault,0.0,Closed
MO0000564,P01,P01_L03,M011,Corrective,2026-04-05 15:15:00,2026-04-05 15:31:00,0.21,Sensor/Controls Fault,69.4,Closed
MO0000565,P03,P03_L01,M025,Corrective,2026-04-05 06:32:00,2026-04-05 06:58:00,0.44,Electrical Fault,158.94,Closed
MO0000566,P03,P03_L02,M032,Corrective,2026-04-05 14:22:00,2026-04-05 14:57:00,0.69,Electrical Fault,149.36,Closed
MO0000567,P03,P03_L03,M036,Corrective,2026-04-05 14:58:00,2026-04-05 15:08:00,0.17,Electrical Fault,182.66,Closed
MO0000568,P02,P02_L02,M017,Corrective,2026-04-06 15:02:00,2026-04-06 15:27:00,0.41,Mechanical Failure,250.86,Closed
MO0000569,P02,P02_L03,M023,Corrective,2026-04-06 06:52:00,2026-04-06 07:08:00,0.33,Mechanical Failure,109.69,Closed
MO0000570,P03,P03_L01,M025,Preventive,2026-04-06 14:00:00,2026-04-06 15:11:00,1.42,Scheduled PM,211.03,Closed
MO0000571,P01,P01_L02,M005,Corrective,2026-04-07 22:41:00,2026-04-07 23:05:00,0.31,Electrical Fault,650.56,Closed
MO0000572,P01,P01_L02,M005,Corrective,2026-04-07 23:08:00,2026-04-07 23:17:00,0.15,Mechanical Failure,157.97,Closed
MO0000573,P01,P01_L03,M009,Corrective,2026-04-07 22:30:00,2026-04-07 22:49:00,0.39,Sensor/Controls Fault,217.94,Closed
MO0000574,P02,P02_L01,M015,Corrective,2026-04-07 14:51:00,2026-04-07 15:24:00,0.44,Mechanical Failure,309.2,Closed
MO0000575,P02,P02_L03,M024,Corrective,2026-04-07 06:35:00,2026-04-07 07:22:00,0.59,Sensor/Controls Fault,260.81,Closed
MO0000576,P01,P01_L02,M008,Corrective,2026-04-08 07:24:00,2026-04-08 07:33:00,0.15,Mechanical Failure,0.0,Closed
MO0000577,P01,P01_L02,M006,Corrective,2026-04-08 23:15:00,2026-04-08 23:43:00,0.47,Electrical Fault,154.4,Closed
MO0000578,P01,P01_L03,M010,Corrective,2026-04-08 07:48:00,2026-04-08 09:12:00,1.13,Electrical Fault,1794.99,Closed
MO0000579,P02,P02_L02,M020,Corrective,2026-04-08 06:40:00,2026-04-08 06:51:00,0.25,Sensor/Controls Fault,0.0,Closed
MO0000580,P02,P02_L03,M021,Preventive,2026-04-08 14:00:00,2026-04-08 15:11:00,1.29,Scheduled PM,61.41,Closed
MO0000581,P03,P03_L02,M030,Corrective,2026-04-08 15:32:00,2026-04-08 15:44:00,0.22,Sensor/Controls Fault,234.65,Closed
MO0000582,P03,P03_L03,M034,Corrective,2026-04-08 22:15:00,2026-04-08 22:27:00,0.23,Sensor/Controls Fault,0.0,Closed
MO0000583,P01,P01_L01,M003,Corrective,2026-04-09 06:24:00,2026-04-09 06:50:00,0.57,Electrical Fault,0.0,Closed
MO0000584,P02,P02_L03,M022,Corrective,2026-04-09 15:21:00,2026-04-09 15:44:00,0.29,Mechanical Failure,73.6,Closed
MO0000585,P03,P03_L01,M025,Corrective,2026-04-09 06:56:00,2026-04-09 07:05:00,0.19,Mechanical Failure,543.47,Closed
MO0000586,P03,P03_L01,M028,Corrective,2026-04-09 14:46:00,2026-04-09 14:55:00,0.15,Mechanical Failure,195.07,Closed
MO0000587,P03,P03_L01,M028,Preventive,2026-04-09 22:00:00,2026-04-09 23:15:00,1.32,Scheduled PM,102.14,Closed
MO0000588,P03,P03_L02,M031,Corrective,2026-04-09 14:21:00,2026-04-09 14:34:00,0.29,Electrical Fault,162.2,Closed
MO0000589,P03,P03_L03,M034,Preventive,2026-04-09 22:00:00,2026-04-09 23:34:00,1.64,Scheduled PM,128.55,Closed
MO0000590,P01,P01_L01,M004,Corrective,2026-04-10 22:47:00,2026-04-10 23:06:00,0.28,Mechanical Failure,12.76,Closed
MO0000591,P02,P02_L02,M019,Corrective,2026-04-10 14:33:00,2026-04-10 15:01:00,0.45,Mechanical Failure,862.45,Closed
MO0000592,P02,P02_L03,M023,Corrective,2026-04-10 22:51:00,2026-04-10 23:41:00,1.07,Mechanical Failure,107.38,Closed
MO0000593,P03,P03_L03,M035,Corrective,2026-04-10 22:47:00,2026-04-10 22:59:00,0.25,Mechanical Failure,145.67,Closed
MO0000594,P01,P01_L03,M009,Corrective,2026-04-11 14:43:00,2026-04-11 15:04:00,0.46,Mechanical Failure,60.27,Closed
MO0000595,P02,P02_L01,M015,Corrective,2026-04-11 06:38:00,2026-04-11 07:03:00,0.56,Mechanical Failure,139.96,Closed
MO0000596,P02,P02_L02,M019,Corrective,2026-04-11 07:25:00,2026-04-11 07:41:00,0.2,Mechanical Failure,149.06,Closed
MO0000597,P02,P02_L02,M017,Corrective,2026-04-11 15:44:00,2026-04-11 16:11:00,0.59,Mechanical Failure,5.07,Closed
MO0000598,P03,P03_L02,M030,Corrective,2026-04-11 14:20:00,2026-04-11 15:21:00,0.86,Mechanical Failure,0.0,Closed
MO0000599,P02,P02_L01,M013,Corrective,2026-04-12 22:42:00,2026-04-12 23:05:00,0.32,Electrical Fault,134.04,Closed
MO0000600,P02,P02_L02,M019,Corrective,2026-04-12 14:51:00,2026-04-12 15:06:00,0.24,Electrical Fault,94.13,Closed
MO0000601,P02,P02_L02,M019,Corrective,2026-04-12 22:44:00,2026-04-12 22:50:00,0.11,Mechanical Failure,90.11,Closed
MO0000602,P02,P02_L03,M022,Corrective,2026-04-12 23:21:00,2026-04-12 23:27:00,0.13,Sensor/Controls Fault,121.91,Closed
MO0000603,P03,P03_L02,M031,Corrective,2026-04-12 06:41:00,2026-04-12 07:05:00,0.43,Mechanical Failure,559.64,Closed
MO0000604,P03,P03_L03,M035,Preventive,2026-04-12 22:00:00,2026-04-12 22:59:00,1.05,Scheduled PM,100.24,Closed
MO0000605,P01,P01_L01,M002,Preventive,2026-04-14 06:00:00,2026-04-14 07:04:00,1.19,Scheduled PM,93.27,Closed
MO0000606,P01,P01_L01,M004,Preventive,2026-04-14 06:00:00,2026-04-14 07:57:00,1.88,Scheduled PM,208.02,Closed
MO0000607,P01,P01_L03,M010,Corrective,2026-04-13 23:23:00,2026-04-13 23:39:00,0.24,Mechanical Failure,51.18,Closed
MO0000608,P02,P02_L02,M017,Preventive,2026-04-14 06:00:00,2026-04-14 07:37:00,2.07,Scheduled PM,138.51,Closed
MO0000609,P02,P02_L02,M018,Preventive,2026-04-14 06:00:00,2026-04-14 07:46:00,2.21,Scheduled PM,42.58,Closed
MO0000610,P03,P03_L01,M027,Corrective,2026-04-13 22:49:00,2026-04-13 23:08:00,0.4,Mechanical Failure,31.56,Closed
MO0000611,P03,P03_L01,M026,Preventive,2026-04-14 06:00:00,2026-04-14 06:59:00,1.24,Scheduled PM,153.56,Closed
MO0000612,P03,P03_L02,M029,Corrective,2026-04-13 06:50:00,2026-04-13 07:29:00,0.47,Electrical Fault,167.07,Closed
MO0000613,P01,P01_L02,M008,Corrective,2026-04-14 22:24:00,2026-04-14 23:12:00,0.89,Mechanical Failure,0.0,Closed
MO0000614,P01,P01_L03,M009,Preventive,2026-04-14 22:00:00,2026-04-14 22:58:00,0.92,Scheduled PM,120.6,Closed
MO0000615,P02,P02_L01,M014,Preventive,2026-04-14 22:00:00,2026-04-14 23:28:00,1.53,Scheduled PM,32.82,Closed
MO0000616,P02,P02_L03,M022,Corrective,2026-04-14 22:49:00,2026-04-14 23:23:00,0.55,Mechanical Failure,0.0,Closed
MO0000617,P03,P03_L02,M029,Preventive,2026-04-14 22:00:00,2026-04-14 23:32:00,1.69,Scheduled PM,212.4,Closed
MO0000618,P03,P03_L02,M031,Preventive,2026-04-14 22:00:00,2026-04-14 23:00:00,1.13,Scheduled PM,154.84,Closed
MO0000619,P03,P03_L03,M035,Corrective,2026-04-14 07:06:00,2026-04-14 07:14:00,0.12,Mechanical Failure,476.02,Closed
MO0000620,P03,P03_L03,M036,Corrective,2026-04-14 07:17:00,2026-04-14 09:06:00,2.05,Sensor/Controls Fault,1214.07,Closed
MO0000621,P01,P01_L01,M003,Preventive,2026-04-15 22:00:00,2026-04-15 23:28:00,1.67,Scheduled PM,230.28,Closed
MO0000622,P01,P01_L03,M011,Corrective,2026-04-15 14:27:00,2026-04-15 15:25:00,0.97,Sensor/Controls Fault,142.79,Closed
MO0000623,P02,P02_L01,M015,Corrective,2026-04-15 22:37:00,2026-04-15 23:11:00,0.79,Mechanical Failure,79.91,Closed
MO0000624,P03,P03_L02,M030,Corrective,2026-04-15 14:32:00,2026-04-15 15:28:00,1.26,Electrical Fault,0.0,Closed
MO0000625,P03,P03_L03,M033,Corrective,2026-04-15 06:15:00,2026-04-15 06:43:00,0.54,Mechanical Failure,23.57,Closed
MO0000626,P03,P03_L03,M033,Preventive,2026-04-15 22:00:00,2026-04-15 23:16:00,1.37,Scheduled PM,90.43,Closed
MO0000627,P01,P01_L02,M007,Preventive,2026-04-16 14:00:00,2026-04-16 15:05:00,1.14,Scheduled PM,28.56,Closed
MO0000628,P02,P02_L01,M016,Corrective,2026-04-16 06:33:00,2026-04-16 06:55:00,0.51,Sensor/Controls Fault,38.32,Closed
MO0000629,P02,P02_L02,M020,Preventive,2026-04-16 14:00:00,2026-04-16 15:42:00,2.09,Scheduled PM,243.63,Closed
MO0000630,P02,P02_L02,M020,Corrective,2026-04-16 22:38:00,2026-04-16 22:49:00,0.2,Mechanical Failure,81.36,Closed
MO0000631,P02,P02_L03,M022,Corrective,2026-04-16 22:15:00,2026-04-16 22:30:00,0.23,Mechanical Failure,115.62,Closed
MO0000632,P03,P03_L01,M028,Corrective,2026-04-16 07:01:00,2026-04-16 07:23:00,0.28,Sensor/Controls Fault,429.35,Closed
MO0000633,P03,P03_L02,M029,Corrective,2026-04-16 23:05:00,2026-04-16 23:16:00,0.23,Sensor/Controls Fault,195.05,Closed
MO0000634,P01,P01_L02,M008,Corrective,2026-04-17 22:20:00,2026-04-17 23:25:00,1.28,Mechanical Failure,65.14,Closed
MO0000635,P02,P02_L01,M013,Preventive,2026-04-17 14:00:00,2026-04-17 15:01:00,1.18,Scheduled PM,127.28,Closed
MO0000636,P02,P02_L02,M019,Preventive,2026-04-18 06:00:00,2026-04-18 07:06:00,1.32,Scheduled PM,232.33,Closed
MO0000637,P02,P02_L03,M023,Preventive,2026-04-18 14:00:00,2026-04-18 15:23:00,1.75,Scheduled PM,207.06,Closed
MO0000638,P01,P01_L02,M005,Preventive,2026-04-20 06:00:00,2026-04-20 07:09:00,1.44,Scheduled PM,157.44,Closed
MO0000639,P01,P01_L02,M008,Preventive,2026-04-20 06:00:00,2026-04-20 07:44:00,1.63,Scheduled PM,243.0,Closed
MO0000640,P03,P03_L01,M027,Corrective,2026-04-19 14:24:00,2026-04-19 14:54:00,0.46,Sensor/Controls Fault,490.32,Closed
MO0000641,P03,P03_L02,M032,Preventive,2026-04-20 06:00:00,2026-04-20 07:15:00,1.62,Scheduled PM,27.58,Closed
MO0000642,P01,P01_L02,M008,Corrective,2026-04-20 14:32:00,2026-04-20 14:51:00,0.3,Mechanical Failure,59.71,Closed
MO0000643,P01,P01_L02,M006,Corrective,2026-04-20 14:54:00,2026-04-20 15:19:00,0.55,Mechanical Failure,94.11,Closed
MO0000644,P02,P02_L02,M017,Corrective,2026-04-20 15:41:00,2026-04-20 16:16:00,0.79,Electrical Fault,0.0,Closed
MO0000645,P02,P02_L02,M017,Corrective,2026-04-20 16:19:00,2026-04-20 16:59:00,0.83,Mechanical Failure,42.4,Closed
MO0000646,P02,P02_L03,M024,Preventive,2026-04-20 14:00:00,2026-04-20 14:51:00,1.1,Scheduled PM,177.09,Closed
MO0000647,P03,P03_L01,M028,Corrective,2026-04-20 06:31:00,2026-04-20 07:18:00,0.71,Mechanical Failure,636.98,Closed
MO0000648,P03,P03_L02,M030,Preventive,2026-04-20 14:00:00,2026-04-20 15:19:00,1.56,Scheduled PM,128.42,Closed
MO0000649,P03,P03_L03,M036,Preventive,2026-04-20 22:00:00,2026-04-20 23:13:00,1.45,Scheduled PM,112.65,Closed
MO0000650,P01,P01_L02,M006,Preventive,2026-04-22 06:00:00,2026-04-22 07:48:00,1.88,Scheduled PM,138.84,Closed
MO0000651,P02,P02_L01,M013,Corrective,2026-04-21 07:02:00,2026-04-21 07:16:00,0.26,Mechanical Failure,132.61,Closed
MO0000652,P02,P02_L01,M015,Preventive,2026-04-21 14:00:00,2026-04-21 15:33:00,1.92,Scheduled PM,78.14,Closed
MO0000653,P02,P02_L03,M021,Corrective,2026-04-21 14:47:00,2026-04-21 15:01:00,0.31,Mechanical Failure,100.95,Closed
MO0000654,P03,P03_L03,M033,Corrective,2026-04-21 14:29:00,2026-04-21 16:16:00,1.64,Sensor/Controls Fault,387.6,Closed
MO0000655,P02,P02_L01,M016,Corrective,2026-04-22 14:34:00,2026-04-22 14:42:00,0.12,Electrical Fault,65.15,Closed
MO0000656,P02,P02_L01,M013,Corrective,2026-04-22 22:49:00,2026-04-22 22:59:00,0.14,Mechanical Failure,28.96,Closed
MO0000657,P02,P02_L03,M022,Corrective,2026-04-22 22:39:00,2026-04-23 00:04:00,1.29,Electrical Fault,351.25,Closed
MO0000658,P03,P03_L01,M027,Preventive,2026-04-22 22:00:00,2026-04-22 23:47:00,1.92,Scheduled PM,43.57,Closed
MO0000659,P03,P03_L03,M034,Corrective,2026-04-22 06:16:00,2026-04-22 06:55:00,0.68,Mechanical Failure,459.34,Closed
MO0000660,P01,P01_L01,M003,Corrective,2026-04-23 06:45:00,2026-04-23 06:54:00,0.13,Sensor/Controls Fault,15.11,Closed
MO0000661,P01,P01_L01,M003,Corrective,2026-04-23 06:57:00,2026-04-23 07:30:00,0.44,Sensor/Controls Fault,246.65,Closed
MO0000662,P02,P02_L03,M024,Corrective,2026-04-23 14:13:00,2026-04-23 15:18:00,1.52,Electrical Fault,208.2,Closed
MO0000663,P02,P02_L03,M023,Corrective,2026-04-23 15:21:00,2026-04-23 15:52:00,0.56,Mechanical Failure,315.86,Closed
MO0000664,P02,P02_L03,M024,Corrective,2026-04-23 22:47:00,2026-04-23 23:08:00,0.43,Electrical Fault,478.88,Closed
MO0000665,P02,P02_L03,M024,Corrective,2026-04-23 23:11:00,2026-04-23 23:35:00,0.4,Sensor/Controls Fault,110.03,Closed
MO0000666,P01,P01_L02,M005,Corrective,2026-04-24 15:50:00,2026-04-24 16:23:00,0.43,Electrical Fault,1075.35,Closed
MO0000667,P01,P01_L03,M010,Preventive,2026-04-24 14:00:00,2026-04-24 15:42:00,1.72,Scheduled PM,53.86,Closed
MO0000668,P03,P03_L03,M033,Corrective,2026-04-24 06:33:00,2026-04-24 07:13:00,0.78,Mechanical Failure,174.58,Closed
MO0000669,P01,P01_L02,M007,Corrective,2026-04-25 06:35:00,2026-04-25 06:50:00,0.25,Mechanical Failure,46.73,Closed
MO0000670,P02,P02_L03,M022,Preventive,2026-04-26 06:00:00,2026-04-26 07:04:00,1.07,Scheduled PM,157.21,Closed
MO0000671,P03,P03_L01,M028,Corrective,2026-04-25 07:24:00,2026-04-25 07:43:00,0.36,Mechanical Failure,0.0,Closed
MO0000672,P01,P01_L01,M003,Corrective,2026-04-26 23:25:00,2026-04-26 23:41:00,0.22,Sensor/Controls Fault,243.53,Closed
MO0000673,P02,P02_L01,M016,Preventive,2026-04-27 06:00:00,2026-04-27 06:49:00,0.98,Scheduled PM,44.73,Closed
MO0000674,P03,P03_L02,M030,Corrective,2026-04-26 07:23:00,2026-04-26 07:48:00,0.45,Mechanical Failure,289.48,Closed
MO0000675,P01,P01_L01,M001,Preventive,2026-04-27 14:00:00,2026-04-27 15:30:00,1.9,Scheduled PM,93.86,Closed
MO0000676,P01,P01_L02,M007,Corrective,2026-04-27 07:15:00,2026-04-27 07:43:00,0.55,Mechanical Failure,106.77,Closed
MO0000677,P01,P01_L03,M011,Corrective,2026-04-27 06:20:00,2026-04-27 06:39:00,0.24,Mechanical Failure,64.61,Closed
MO0000678,P01,P01_L03,M011,Preventive,2026-04-27 14:00:00,2026-04-27 15:13:00,1.44,Scheduled PM,72.29,Closed
MO0000679,P01,P01_L03,M009,Corrective,2026-04-27 22:47:00,2026-04-27 22:56:00,0.14,Mechanical Failure,280.4,Closed
MO0000680,P03,P03_L01,M025,Preventive,2026-04-27 14:00:00,2026-04-27 15:40:00,1.89,Scheduled PM,80.58,Closed
MO0000681,P01,P01_L02,M007,Corrective,2026-04-28 14:31:00,2026-04-28 14:55:00,0.44,Mechanical Failure,25.53,Closed
MO0000682,P01,P01_L02,M005,Corrective,2026-04-28 22:35:00,2026-04-28 23:00:00,0.49,Mechanical Failure,161.33,Closed
MO0000683,P01,P01_L03,M010,Corrective,2026-04-28 22:42:00,2026-04-28 23:11:00,0.64,Mechanical Failure,462.51,Closed
MO0000684,P02,P02_L02,M018,Corrective,2026-04-28 06:24:00,2026-04-28 06:48:00,0.44,Mechanical Failure,66.79,Closed
MO0000685,P03,P03_L02,M029,Corrective,2026-04-28 06:19:00,2026-04-28 07:01:00,0.73,Mechanical Failure,1356.97,Closed
MO0000686,P01,P01_L01,M004,Corrective,2026-04-29 23:22:00,2026-04-29 23:30:00,0.11,Electrical Fault,213.3,Closed
MO0000687,P01,P01_L02,M005,Corrective,2026-04-29 22:37:00,2026-04-29 23:19:00,0.75,Mechanical Failure,1423.18,Closed
MO0000688,P01,P01_L03,M012,Corrective,2026-04-29 14:15:00,2026-04-29 14:43:00,0.55,Sensor/Controls Fault,23.0,Closed
MO0000689,P01,P01_L03,M012,Preventive,2026-04-29 22:00:00,2026-04-29 22:59:00,1.06,Scheduled PM,99.93,Closed
MO0000690,P01,P01_L03,M011,Corrective,2026-04-29 22:51:00,2026-04-29 23:07:00,0.28,Electrical Fault,403.07,Closed
MO0000691,P02,P02_L02,M019,Corrective,2026-04-29 14:17:00,2026-04-29 14:40:00,0.27,Mechanical Failure,120.29,Closed
MO0000692,P02,P02_L02,M019,Corrective,2026-04-29 23:12:00,2026-04-29 23:34:00,0.32,Electrical Fault,471.88,Closed
MO0000693,P01,P01_L01,M004,Corrective,2026-04-30 06:35:00,2026-04-30 07:55:00,1.62,Mechanical Failure,54.05,Closed
MO0000694,P01,P01_L01,M003,Corrective,2026-04-30 15:19:00,2026-04-30 15:59:00,0.85,Mechanical Failure,31.12,Closed
MO0000695,P02,P02_L01,M013,Corrective,2026-04-30 07:29:00,2026-04-30 07:33:00,0.05,Mechanical Failure,1.34,Closed
MO0000696,P02,P02_L01,M014,Corrective,2026-04-30 22:22:00,2026-04-30 22:43:00,0.29,Sensor/Controls Fault,625.66,Closed
MO0000697,P02,P02_L02,M018,Corrective,2026-04-30 06:45:00,2026-04-30 06:58:00,0.28,Sensor/Controls Fault,0.0,Closed
MO0000698,P02,P02_L02,M019,Corrective,2026-04-30 07:01:00,2026-04-30 07:24:00,0.5,Electrical Fault,87.35,Closed
MO0000699,P02,P02_L03,M023,Corrective,2026-04-30 23:22:00,2026-05-01 00:06:00,0.8,Mechanical Failure,111.32,Closed
MO0000700,P02,P02_L03,M021,Preventive,2026-05-01 06:00:00,2026-05-01 07:45:00,1.61,Scheduled PM,220.2,Closed
MO0000701,P03,P03_L01,M028,Corrective,2026-04-30 22:25:00,2026-04-30 22:54:00,0.44,Electrical Fault,243.97,Closed
MO0000702,P03,P03_L03,M033,Corrective,2026-04-30 22:28:00,2026-04-30 23:03:00,0.64,Mechanical Failure,17.48,Closed
MO0000703,P01,P01_L02,M008,Corrective,2026-05-01 06:43:00,2026-05-01 06:51:00,0.11,Sensor/Controls Fault,444.82,Closed
MO0000704,P01,P01_L03,M010,Corrective,2026-05-01 15:03:00,2026-05-01 15:53:00,1.13,Mechanical Failure,18.03,Closed
MO0000705,P03,P03_L02,M032,Corrective,2026-05-01 14:52:00,2026-05-01 15:21:00,0.49,Electrical Fault,73.96,Closed
MO0000706,P01,P01_L01,M001,Corrective,2026-05-02 07:26:00,2026-05-02 07:34:00,0.16,Mechanical Failure,965.91,Closed
MO0000707,P03,P03_L01,M028,Corrective,2026-05-02 07:01:00,2026-05-02 07:09:00,0.13,Electrical Fault,80.78,Closed
MO0000708,P01,P01_L01,M001,Corrective,2026-05-03 23:04:00,2026-05-03 23:24:00,0.34,Electrical Fault,0.0,Closed
MO0000709,P02,P02_L03,M022,Corrective,2026-05-03 23:13:00,2026-05-03 23:36:00,0.47,Mechanical Failure,726.15,Closed
MO0000710,P03,P03_L01,M026,Preventive,2026-05-03 22:00:00,2026-05-03 22:56:00,1.0,Scheduled PM,58.44,Closed
MO0000711,P03,P03_L01,M028,Preventive,2026-05-03 22:00:00,2026-05-03 23:45:00,1.62,Scheduled PM,87.33,Closed
MO0000712,P03,P03_L03,M034,Corrective,2026-05-03 15:15:00,2026-05-03 15:31:00,0.35,Mechanical Failure,0.0,Closed
MO0000713,P03,P03_L03,M033,Corrective,2026-05-03 15:34:00,2026-05-03 15:42:00,0.17,Mechanical Failure,155.54,Closed
MO0000714,P03,P03_L02,M029,Corrective,2026-05-04 23:23:00,2026-05-04 23:31:00,0.14,Electrical Fault,121.05,Closed
MO0000715,P03,P03_L03,M034,Preventive,2026-05-04 14:00:00,2026-05-04 15:34:00,1.63,Scheduled PM,235.32,Closed
MO0000716,P01,P01_L01,M004,Corrective,2026-05-05 23:29:00,2026-05-06 00:01:00,0.4,Electrical Fault,863.22,Closed
MO0000717,P02,P02_L01,M013,Corrective,2026-05-05 22:18:00,2026-05-05 22:59:00,0.65,Sensor/Controls Fault,0.0,Closed
MO0000718,P02,P02_L03,M024,Corrective,2026-05-05 06:31:00,2026-05-05 06:46:00,0.24,Mechanical Failure,70.52,Closed
MO0000719,P03,P03_L01,M025,Corrective,2026-05-05 23:12:00,2026-05-05 23:27:00,0.2,Mechanical Failure,291.3,Closed
MO0000720,P03,P03_L02,M031,Preventive,2026-05-05 22:00:00,2026-05-05 23:51:00,2.27,Scheduled PM,150.17,Closed
MO0000721,P01,P01_L01,M004,Preventive,2026-05-06 22:00:00,2026-05-06 23:43:00,1.94,Scheduled PM,205.72,Closed
MO0000722,P01,P01_L01,M002,Preventive,2026-05-07 06:00:00,2026-05-07 06:55:00,1.07,Scheduled PM,190.95,Closed
MO0000723,P01,P01_L02,M007,Preventive,2026-05-06 14:00:00,2026-05-06 15:16:00,1.62,Scheduled PM,240.92,Closed
MO0000724,P01,P01_L02,M007,Corrective,2026-05-06 15:30:00,2026-05-06 15:47:00,0.27,Mechanical Failure,8.76,Closed
MO0000725,P02,P02_L01,M014,Preventive,2026-05-06 14:00:00,2026-05-06 15:41:00,2.19,Scheduled PM,138.16,Closed
MO0000726,P02,P02_L01,M015,Corrective,2026-05-06 15:17:00,2026-05-06 15:35:00,0.33,Electrical Fault,107.32,Closed
MO0000727,P02,P02_L03,M022,Corrective,2026-05-06 06:50:00,2026-05-06 07:13:00,0.3,Mechanical Failure,228.95,Closed
MO0000728,P03,P03_L02,M029,Preventive,2026-05-06 14:00:00,2026-05-06 15:32:00,1.87,Scheduled PM,31.44,Closed
MO0000729,P03,P03_L03,M035,Preventive,2026-05-06 22:00:00,2026-05-06 22:45:00,0.9,Scheduled PM,88.23,Closed
MO0000730,P01,P01_L01,M004,Corrective,2026-05-07 15:04:00,2026-05-07 15:11:00,0.16,Sensor/Controls Fault,231.7,Closed
MO0000731,P02,P02_L01,M016,Corrective,2026-05-07 23:12:00,2026-05-07 23:44:00,0.54,Sensor/Controls Fault,215.32,Closed
MO0000732,P02,P02_L02,M018,Corrective,2026-05-07 07:13:00,2026-05-07 07:33:00,0.35,Mechanical Failure,172.87,Closed
MO0000733,P02,P02_L02,M019,Corrective,2026-05-07 14:41:00,2026-05-07 14:56:00,0.2,Mechanical Failure,6.68,Closed
MO0000734,P02,P02_L02,M017,Preventive,2026-05-07 22:00:00,2026-05-07 23:11:00,1.2,Scheduled PM,25.09,Closed
MO0000735,P02,P02_L02,M018,Preventive,2026-05-08 06:00:00,2026-05-08 07:14:00,1.17,Scheduled PM,202.3,Closed
MO0000736,P01,P01_L02,M007,Corrective,2026-05-08 14:35:00,2026-05-08 15:51:00,1.17,Sensor/Controls Fault,65.8,Closed
MO0000737,P01,P01_L03,M009,Preventive,2026-05-09 06:00:00,2026-05-09 07:00:00,1.15,Scheduled PM,182.39,Closed
MO0000738,P02,P02_L03,M024,Corrective,2026-05-08 22:16:00,2026-05-08 22:43:00,0.6,Sensor/Controls Fault,556.74,Closed
MO0000739,P03,P03_L02,M029,Corrective,2026-05-08 14:25:00,2026-05-08 14:52:00,0.38,Mechanical Failure,0.0,Closed
MO0000740,P03,P03_L02,M030,Corrective,2026-05-08 22:36:00,2026-05-08 22:54:00,0.24,Mechanical Failure,227.18,Closed
MO0000741,P01,P01_L02,M005,Corrective,2026-05-09 06:42:00,2026-05-09 07:46:00,1.16,Mechanical Failure,51.49,Closed
MO0000742,P02,P02_L02,M019,Corrective,2026-05-09 07:17:00,2026-05-09 07:35:00,0.41,Mechanical Failure,65.66,Closed
MO0000743,P02,P02_L03,M023,Corrective,2026-05-09 22:22:00,2026-05-09 22:39:00,0.21,Mechanical Failure,0.0,Closed
MO0000744,P01,P01_L01,M002,Corrective,2026-05-10 22:56:00,2026-05-10 23:11:00,0.27,Mechanical Failure,24.13,Closed
MO0000745,P01,P01_L01,M003,Preventive,2026-05-11 14:00:00,2026-05-11 15:42:00,1.64,Scheduled PM,121.42,Closed
MO0000746,P01,P01_L01,M001,Corrective,2026-05-11 14:41:00,2026-05-11 15:32:00,0.98,Electrical Fault,27.71,Closed
MO0000747,P01,P01_L02,M005,Corrective,2026-05-11 22:23:00,2026-05-11 22:36:00,0.25,Sensor/Controls Fault,0.0,Closed
MO0000748,P02,P02_L01,M013,Preventive,2026-05-11 14:00:00,2026-05-11 15:10:00,1.32,Scheduled PM,196.6,Closed
MO0000749,P02,P02_L01,M016,Corrective,2026-05-11 22:52:00,2026-05-11 22:59:00,0.15,Sensor/Controls Fault,79.93,Closed
MO0000750,P02,P02_L02,M020,Preventive,2026-05-11 22:00:00,2026-05-11 22:52:00,1.05,Scheduled PM,48.31,Closed
MO0000751,P03,P03_L01,M027,Corrective,2026-05-11 08:45:00,2026-05-11 10:41:00,1.46,Mechanical Failure,16.02,Closed
MO0000752,P03,P03_L02,M031,Corrective,2026-05-11 06:57:00,2026-05-11 07:20:00,0.37,Mechanical Failure,55.06,Closed
MO0000753,P03,P03_L02,M030,Corrective,2026-05-11 07:23:00,2026-05-11 07:27:00,0.07,Mechanical Failure,450.04,Closed
MO0000754,P03,P03_L03,M033,Preventive,2026-05-11 14:00:00,2026-05-11 15:37:00,1.58,Scheduled PM,109.29,Closed
MO0000755,P01,P01_L01,M004,Corrective,2026-05-12 06:17:00,2026-05-12 06:29:00,0.24,Electrical Fault,191.48,Closed
MO0000756,P01,P01_L02,M005,Preventive,2026-05-12 14:00:00,2026-05-12 14:51:00,0.92,Scheduled PM,203.25,Closed
MO0000757,P01,P01_L02,M006,Preventive,2026-05-12 14:00:00,2026-05-12 15:37:00,1.65,Scheduled PM,102.94,Closed
MO0000758,P01,P01_L02,M008,Preventive,2026-05-12 14:00:00,2026-05-12 14:47:00,0.91,Scheduled PM,40.25,Closed
MO0000759,P02,P02_L02,M019,Preventive,2026-05-12 14:00:00,2026-05-12 15:09:00,1.06,Scheduled PM,199.91,Closed
MO0000760,P02,P02_L03,M022,Corrective,2026-05-12 15:29:00,2026-05-12 15:46:00,0.2,Mechanical Failure,1.11,Closed
MO0000761,P02,P02_L03,M024,Preventive,2026-05-12 22:00:00,2026-05-12 23:29:00,1.4,Scheduled PM,79.34,Closed
MO0000762,P03,P03_L01,M026,Corrective,2026-05-12 09:00:00,2026-05-12 09:18:00,0.4,Sensor/Controls Fault,533.1,Closed
MO0000763,P03,P03_L01,M025,Corrective,2026-05-12 15:13:00,2026-05-12 15:34:00,0.27,Mechanical Failure,11.3,Closed
MO0000764,P03,P03_L01,M027,Preventive,2026-05-13 06:00:00,2026-05-13 07:29:00,1.73,Scheduled PM,108.58,Closed
MO0000765,P03,P03_L02,M032,Preventive,2026-05-12 14:00:00,2026-05-12 16:18:00,2.55,Scheduled PM,151.92,Closed
MO0000766,P03,P03_L02,M030,Preventive,2026-05-12 22:00:00,2026-05-12 23:21:00,1.58,Scheduled PM,169.6,Closed
MO0000767,P03,P03_L03,M036,Preventive,2026-05-12 14:00:00,2026-05-12 15:41:00,2.11,Scheduled PM,28.85,Closed
MO0000768,P02,P02_L01,M016,Corrective,2026-05-13 15:09:00,2026-05-13 15:34:00,0.56,Electrical Fault,668.76,Closed
MO0000769,P02,P02_L01,M013,Corrective,2026-05-13 22:25:00,2026-05-13 23:16:00,1.0,Electrical Fault,449.34,Closed
MO0000770,P02,P02_L03,M023,Preventive,2026-05-13 14:00:00,2026-05-13 15:48:00,1.65,Scheduled PM,115.17,Closed
MO0000771,P02,P02_L03,M024,Corrective,2026-05-13 14:16:00,2026-05-13 14:20:00,0.08,Electrical Fault,812.5,Closed
MO0000772,P02,P02_L01,M016,Corrective,2026-05-14 06:43:00,2026-05-14 07:09:00,0.31,Mechanical Failure,0.0,Closed
MO0000773,P02,P02_L01,M015,Preventive,2026-05-15 06:00:00,2026-05-15 07:51:00,2.07,Scheduled PM,161.05,Closed
MO0000774,P02,P02_L03,M021,Corrective,2026-05-14 15:10:00,2026-05-14 15:24:00,0.19,Electrical Fault,0.0,Closed
MO0000775,P03,P03_L03,M034,Corrective,2026-05-14 14:50:00,2026-05-14 14:59:00,0.11,Mechanical Failure,825.44,Closed
MO0000776,P01,P01_L02,M006,Corrective,2026-05-15 14:58:00,2026-05-15 15:21:00,0.42,Mechanical Failure,145.83,Closed
MO0000777,P01,P01_L03,M010,Corrective,2026-05-15 07:07:00,2026-05-15 07:55:00,0.86,Electrical Fault,53.9,Closed
MO0000778,P02,P02_L01,M016,Corrective,2026-05-16 22:50:00,2026-05-16 23:05:00,0.31,Electrical Fault,110.5,Closed
MO0000779,P02,P02_L01,M016,Corrective,2026-05-16 23:08:00,2026-05-17 00:08:00,1.28,Electrical Fault,748.01,Closed
MO0000780,P02,P02_L02,M019,Corrective,2026-05-16 15:17:00,2026-05-16 15:31:00,0.3,Sensor/Controls Fault,340.33,Closed
MO0000781,P02,P02_L02,M017,Corrective,2026-05-16 15:34:00,2026-05-16 15:59:00,0.43,Sensor/Controls Fault,420.2,Closed
MO0000782,P02,P02_L02,M020,Corrective,2026-05-16 22:52:00,2026-05-16 23:25:00,0.75,Mechanical Failure,35.15,Closed
MO0000783,P03,P03_L01,M028,Corrective,2026-05-16 06:20:00,2026-05-16 07:01:00,0.82,Electrical Fault,228.62,Closed
MO0000784,P03,P03_L03,M036,Corrective,2026-05-16 23:37:00,2026-05-17 00:16:00,0.52,Mechanical Failure,0.0,Closed
MO0000785,P01,P01_L03,M011,Preventive,2026-05-18 06:00:00,2026-05-18 07:34:00,1.71,Scheduled PM,99.69,Closed
MO0000786,P03,P03_L01,M028,Corrective,2026-05-17 07:14:00,2026-05-17 07:37:00,0.51,Electrical Fault,0.0,Closed
MO0000787,P01,P01_L01,M002,Corrective,2026-05-18 22:50:00,2026-05-18 23:04:00,0.18,Sensor/Controls Fault,316.99,Closed
MO0000788,P01,P01_L01,M001,Preventive,2026-05-19 06:00:00,2026-05-19 07:47:00,1.98,Scheduled PM,227.22,Closed
MO0000789,P02,P02_L01,M015,Corrective,2026-05-18 22:34:00,2026-05-18 23:07:00,0.53,Mechanical Failure,102.34,Closed
MO0000790,P02,P02_L01,M016,Preventive,2026-05-19 06:00:00,2026-05-19 07:07:00,1.24,Scheduled PM,178.83,Closed
MO0000791,P02,P02_L03,M024,Corrective,2026-05-18 06:44:00,2026-05-18 07:40:00,0.67,Electrical Fault,142.74,Closed
MO0000792,P02,P02_L03,M022,Preventive,2026-05-18 22:00:00,2026-05-18 23:25:00,1.45,Scheduled PM,155.77,Closed
MO0000793,P03,P03_L03,M033,Corrective,2026-05-18 23:55:00,2026-05-19 02:11:00,2.17,Mechanical Failure,393.28,Closed
MO0000794,P01,P01_L02,M007,Corrective,2026-05-19 22:13:00,2026-05-19 22:38:00,0.57,Electrical Fault,0.0,Closed
MO0000795,P01,P01_L03,M010,Corrective,2026-05-19 06:39:00,2026-05-19 07:08:00,0.57,Sensor/Controls Fault,2.48,Closed
MO0000796,P01,P01_L03,M010,Preventive,2026-05-20 06:00:00,2026-05-20 07:42:00,1.99,Scheduled PM,176.23,Closed
MO0000797,P02,P02_L02,M019,Corrective,2026-05-19 14:49:00,2026-05-19 15:12:00,0.53,Mechanical Failure,27.81,Closed
MO0000798,P03,P03_L01,M026,Corrective,2026-05-19 14:54:00,2026-05-19 15:22:00,0.56,Sensor/Controls Fault,488.44,Closed
MO0000799,P01,P01_L03,M012,Corrective,2026-05-20 22:23:00,2026-05-20 22:44:00,0.26,Electrical Fault,1115.5,Closed
MO0000800,P02,P02_L01,M015,Corrective,2026-05-20 22:34:00,2026-05-20 23:02:00,0.4,Electrical Fault,129.09,Closed
MO0000801,P03,P03_L01,M027,Corrective,2026-05-20 07:13:00,2026-05-20 07:23:00,0.16,Mechanical Failure,39.75,Closed
MO0000802,P03,P03_L01,M028,Corrective,2026-05-20 22:22:00,2026-05-20 22:34:00,0.24,Mechanical Failure,692.29,Closed
MO0000803,P01,P01_L01,M002,Corrective,2026-05-21 14:42:00,2026-05-21 14:47:00,0.11,Mechanical Failure,229.82,Closed
MO0000804,P01,P01_L03,M012,Preventive,2026-05-21 14:00:00,2026-05-21 15:29:00,1.51,Scheduled PM,207.11,Closed
MO0000805,P02,P02_L02,M019,Corrective,2026-05-21 06:47:00,2026-05-21 07:31:00,0.52,Sensor/Controls Fault,544.16,Closed
MO0000806,P03,P03_L01,M025,Preventive,2026-05-21 22:00:00,2026-05-21 23:24:00,1.42,Scheduled PM,100.34,Closed
MO0000807,P01,P01_L01,M001,Corrective,2026-05-22 07:39:00,2026-05-22 07:46:00,0.11,Electrical Fault,399.29,Closed
MO0000808,P02,P02_L02,M020,Corrective,2026-05-22 06:49:00,2026-05-22 07:02:00,0.19,Electrical Fault,0.0,Closed
MO0000809,P02,P02_L02,M020,Corrective,2026-05-22 14:30:00,2026-05-22 14:38:00,0.13,Mechanical Failure,121.2,Closed
MO0000810,P02,P02_L03,M021,Preventive,2026-05-23 06:00:00,2026-05-23 07:21:00,1.45,Scheduled PM,37.49,Closed
MO0000811,P03,P03_L02,M030,Corrective,2026-05-22 14:16:00,2026-05-22 14:36:00,0.43,Sensor/Controls Fault,0.0,Closed
MO0000812,P01,P01_L02,M008,Corrective,2026-05-23 22:16:00,2026-05-23 22:37:00,0.37,Mechanical Failure,161.75,Closed
MO0000813,P01,P01_L03,M011,Corrective,2026-05-23 06:50:00,2026-05-23 07:02:00,0.21,Sensor/Controls Fault,95.25,Closed
MO0000814,P01,P01_L03,M010,Corrective,2026-05-23 07:05:00,2026-05-23 07:16:00,0.23,Electrical Fault,406.51,Closed
MO0000815,P01,P01_L03,M010,Corrective,2026-05-23 15:25:00,2026-05-23 15:38:00,0.3,Electrical Fault,196.53,Closed
MO0000816,P03,P03_L02,M030,Corrective,2026-05-23 06:45:00,2026-05-23 07:34:00,0.72,Electrical Fault,114.17,Closed
MO0000817,P02,P02_L01,M014,Corrective,2026-05-24 07:22:00,2026-05-24 08:04:00,0.7,Mechanical Failure,226.54,Closed
MO0000818,P03,P03_L03,M034,Corrective,2026-05-24 15:15:00,2026-05-24 15:56:00,0.74,Electrical Fault,439.89,Closed
MO0000819,P03,P03_L03,M034,Preventive,2026-05-25 06:00:00,2026-05-25 07:17:00,1.55,Scheduled PM,66.17,Closed
MO0000820,P02,P02_L03,M022,Corrective,2026-05-25 22:25:00,2026-05-25 22:40:00,0.19,Mechanical Failure,1292.08,Closed
MO0000821,P03,P03_L01,M026,Preventive,2026-05-25 22:00:00,2026-05-25 23:18:00,1.19,Scheduled PM,134.2,Closed
MO0000822,P03,P03_L03,M035,Corrective,2026-05-25 23:17:00,2026-05-25 23:42:00,0.31,Mechanical Failure,11.25,Closed
MO0000823,P01,P01_L01,M001,Corrective,2026-05-26 14:32:00,2026-05-26 14:40:00,0.11,Mechanical Failure,223.08,Closed
MO0000824,P01,P01_L01,M004,Corrective,2026-05-26 14:43:00,2026-05-26 14:47:00,0.09,Mechanical Failure,900.17,Closed
MO0000825,P02,P02_L02,M018,Corrective,2026-05-26 06:33:00,2026-05-26 06:54:00,0.44,Electrical Fault,417.69,Closed
MO0000826,P03,P03_L01,M028,Preventive,2026-05-26 14:00:00,2026-05-26 15:51:00,2.37,Scheduled PM,36.17,Closed
MO0000827,P03,P03_L02,M029,Preventive,2026-05-27 06:00:00,2026-05-27 06:52:00,1.0,Scheduled PM,54.58,Closed
MO0000828,P03,P03_L02,M031,Preventive,2026-05-27 06:00:00,2026-05-27 07:07:00,1.37,Scheduled PM,225.69,Closed
MO0000829,P01,P01_L03,M012,Corrective,2026-05-27 14:44:00,2026-05-27 15:05:00,0.44,Mechanical Failure,26.97,Closed
MO0000830,P02,P02_L03,M024,Corrective,2026-05-27 14:27:00,2026-05-27 14:41:00,0.32,Electrical Fault,221.34,Closed
MO0000831,P03,P03_L01,M028,Corrective,2026-05-27 23:32:00,2026-05-27 23:51:00,0.31,Mechanical Failure,662.41,Closed
MO0000832,P03,P03_L02,M031,Corrective,2026-05-27 14:45:00,2026-05-27 14:58:00,0.23,Mechanical Failure,84.43,Closed
MO0000833,P01,P01_L01,M003,Corrective,2026-05-28 06:18:00,2026-05-28 06:58:00,0.93,Mechanical Failure,402.99,Closed
MO0000834,P01,P01_L01,M003,Corrective,2026-05-28 07:01:00,2026-05-28 07:23:00,0.29,Electrical Fault,156.09,Closed
MO0000835,P01,P01_L01,M004,Preventive,2026-05-29 06:00:00,2026-05-29 07:41:00,1.73,Scheduled PM,40.71,Closed
MO0000836,P01,P01_L02,M005,Corrective,2026-05-28 06:37:00,2026-05-28 08:17:00,2.17,Electrical Fault,122.88,Closed
MO0000837,P01,P01_L02,M006,Corrective,2026-05-28 14:39:00,2026-05-28 15:10:00,0.54,Electrical Fault,154.67,Closed
MO0000838,P02,P02_L01,M013,Corrective,2026-05-28 06:51:00,2026-05-28 06:59:00,0.17,Sensor/Controls Fault,311.08,Closed
MO0000839,P03,P03_L02,M030,Corrective,2026-05-28 06:24:00,2026-05-28 06:51:00,0.5,Mechanical Failure,53.13,Closed
MO0000840,P03,P03_L03,M035,Preventive,2026-05-28 14:00:00,2026-05-28 15:08:00,1.46,Scheduled PM,223.2,Closed
MO0000841,P01,P01_L01,M002,Preventive,2026-05-29 22:00:00,2026-05-29 23:00:00,1.21,Scheduled PM,46.86,Closed
MO0000842,P01,P01_L02,M007,Preventive,2026-05-29 14:00:00,2026-05-29 16:07:00,2.37,Scheduled PM,217.11,Closed
MO0000843,P01,P01_L02,M008,Corrective,2026-05-29 23:08:00,2026-05-29 23:26:00,0.33,Sensor/Controls Fault,12.77,Closed
MO0000844,P01,P01_L03,M009,Preventive,2026-05-29 14:00:00,2026-05-29 15:34:00,1.94,Scheduled PM,135.25,Closed
MO0000845,P02,P02_L01,M014,Preventive,2026-05-29 22:00:00,2026-05-29 23:06:00,1.33,Scheduled PM,225.27,Closed
MO0000846,P02,P02_L01,M014,Corrective,2026-05-29 22:42:00,2026-05-29 22:54:00,0.24,Mechanical Failure,39.23,Closed
MO0000847,P02,P02_L02,M017,Corrective,2026-05-29 07:17:00,2026-05-29 07:32:00,0.28,Mechanical Failure,39.24,Closed
MO0000848,P02,P02_L02,M018,Preventive,2026-05-29 22:00:00,2026-05-30 00:02:00,2.52,Scheduled PM,218.27,Closed
MO0000849,P02,P02_L03,M022,Corrective,2026-05-29 06:16:00,2026-05-29 06:21:00,0.1,Mechanical Failure,176.65,Closed
MO0000850,P03,P03_L02,M029,Corrective,2026-05-29 23:13:00,2026-05-29 23:27:00,0.2,Sensor/Controls Fault,60.26,Closed
MO0000851,P03,P03_L03,M033,Corrective,2026-05-29 23:58:00,2026-05-30 00:38:00,0.91,Mechanical Failure,0.0,Closed
MO0000852,P02,P02_L02,M017,Corrective,2026-05-30 14:19:00,2026-05-30 14:33:00,0.28,Mechanical Failure,111.65,Closed
MO0000853,P02,P02_L02,M017,Preventive,2026-05-30 22:00:00,2026-05-30 23:05:00,1.34,Scheduled PM,173.8,Closed
MO0000854,P03,P03_L02,M031,Corrective,2026-05-30 15:55:00,2026-05-30 17:04:00,0.88,Electrical Fault,1228.42,Closed
MO0000855,P02,P02_L01,M013,Corrective,2026-06-01 14:44:00,2026-06-01 15:08:00,0.37,Mechanical Failure,40.97,Closed
MO0000856,P02,P02_L03,M023,Corrective,2026-06-01 14:43:00,2026-06-01 15:42:00,0.81,Mechanical Failure,109.53,Closed
MO0000857,P03,P03_L03,M035,Corrective,2026-06-01 06:41:00,2026-06-01 07:20:00,0.9,Electrical Fault,204.41,Closed
MO0000858,P03,P03_L03,M036,Corrective,2026-06-01 15:00:00,2026-06-01 15:52:00,1.1,Mechanical Failure,10.71,Closed
MO0000859,P01,P01_L01,M003,Preventive,2026-06-02 14:00:00,2026-06-02 15:11:00,1.09,Scheduled PM,243.32,Closed
MO0000860,P01,P01_L02,M007,Corrective,2026-06-02 06:21:00,2026-06-02 06:42:00,0.29,Mechanical Failure,367.12,Closed
MO0000861,P02,P02_L01,M014,Corrective,2026-06-02 07:39:00,2026-06-02 08:04:00,0.57,Electrical Fault,41.03,Closed
MO0000862,P02,P02_L01,M013,Preventive,2026-06-02 14:00:00,2026-06-02 15:22:00,1.46,Scheduled PM,167.4,Closed
MO0000863,P02,P02_L02,M020,Preventive,2026-06-02 14:00:00,2026-06-02 15:01:00,1.17,Scheduled PM,183.12,Closed
MO0000864,P02,P02_L02,M020,Corrective,2026-06-02 22:40:00,2026-06-02 22:54:00,0.26,Mechanical Failure,14.87,Closed
MO0000865,P02,P02_L03,M024,Corrective,2026-06-02 07:04:00,2026-06-02 07:14:00,0.15,Electrical Fault,894.62,Closed
MO0000866,P02,P02_L03,M022,Corrective,2026-06-02 22:45:00,2026-06-02 23:04:00,0.23,Mechanical Failure,73.2,Closed
MO0000867,P03,P03_L01,M027,Corrective,2026-06-02 15:53:00,2026-06-02 16:27:00,0.51,Electrical Fault,60.98,Closed
MO0000868,P03,P03_L01,M027,Corrective,2026-06-02 23:49:00,2026-06-03 00:21:00,0.72,Mechanical Failure,0.0,Closed
MO0000869,P03,P03_L03,M036,Preventive,2026-06-02 14:00:00,2026-06-02 15:03:00,1.28,Scheduled PM,248.34,Closed
MO0000870,P01,P01_L02,M005,Preventive,2026-06-03 22:00:00,2026-06-03 23:23:00,1.69,Scheduled PM,189.89,Closed
MO0000871,P02,P02_L02,M018,Corrective,2026-06-03 15:30:00,2026-06-03 15:46:00,0.24,Mechanical Failure,163.82,Closed
MO0000872,P03,P03_L02,M030,Corrective,2026-06-03 06:15:00,2026-06-03 06:33:00,0.31,Mechanical Failure,181.86,Closed
MO0000873,P01,P01_L01,M004,Corrective,2026-06-04 07:01:00,2026-06-04 07:24:00,0.35,Electrical Fault,28.34,Closed
MO0000874,P01,P01_L01,M004,Corrective,2026-06-04 14:21:00,2026-06-04 14:38:00,0.23,Mechanical Failure,54.12,Closed
MO0000875,P01,P01_L02,M006,Corrective,2026-06-04 14:35:00,2026-06-04 14:59:00,0.37,Electrical Fault,53.33,Closed
MO0000876,P01,P01_L02,M006,Preventive,2026-06-04 22:00:00,2026-06-04 22:53:00,0.95,Scheduled PM,209.87,Closed
MO0000877,P01,P01_L02,M008,Preventive,2026-06-05 06:00:00,2026-06-05 07:16:00,1.55,Scheduled PM,212.19,Closed
MO0000878,P01,P01_L03,M012,Corrective,2026-06-04 06:18:00,2026-06-04 08:48:00,2.7,Mechanical Failure,21.36,Closed
MO0000879,P02,P02_L03,M024,Preventive,2026-06-04 14:00:00,2026-06-04 15:45:00,1.76,Scheduled PM,203.95,Closed
MO0000880,P03,P03_L01,M027,Corrective,2026-06-04 14:25:00,2026-06-04 14:40:00,0.19,Electrical Fault,118.21,Closed
MO0000881,P03,P03_L01,M027,Preventive,2026-06-05 06:00:00,2026-06-05 07:30:00,1.77,Scheduled PM,126.88,Closed
MO0000882,P03,P03_L02,M030,Preventive,2026-06-04 14:00:00,2026-06-04 15:10:00,1.29,Scheduled PM,103.33,Closed
MO0000883,P03,P03_L02,M032,Preventive,2026-06-05 06:00:00,2026-06-05 07:31:00,1.9,Scheduled PM,45.95,Closed
MO0000884,P03,P03_L03,M033,Preventive,2026-06-04 14:00:00,2026-06-04 15:14:00,1.45,Scheduled PM,117.38,Closed
MO0000885,P01,P01_L01,M004,Corrective,2026-06-05 06:48:00,2026-06-05 07:00:00,0.22,Mechanical Failure,169.73,Closed
MO0000886,P01,P01_L03,M012,Corrective,2026-06-05 14:16:00,2026-06-05 14:37:00,0.25,Sensor/Controls Fault,93.33,Closed
MO0000887,P02,P02_L02,M018,Corrective,2026-06-05 14:31:00,2026-06-05 14:53:00,0.34,Sensor/Controls Fault,198.87,Closed
MO0000888,P02,P02_L02,M019,Preventive,2026-06-05 22:00:00,2026-06-05 23:25:00,1.68,Scheduled PM,122.09,Closed
MO0000889,P02,P02_L03,M021,Corrective,2026-06-05 06:44:00,2026-06-05 07:31:00,1.03,Mechanical Failure,233.56,Closed
MO0000890,P02,P02_L03,M022,Corrective,2026-06-05 23:27:00,2026-06-05 23:49:00,0.28,Electrical Fault,244.01,Closed
MO0000891,P03,P03_L01,M028,Corrective,2026-06-05 14:43:00,2026-06-05 15:06:00,0.33,Mechanical Failure,33.71,Closed
MO0000892,P03,P03_L01,M025,Corrective,2026-06-05 15:09:00,2026-06-05 15:22:00,0.2,Mechanical Failure,1158.94,Closed
MO0000893,P03,P03_L03,M035,Corrective,2026-06-05 23:36:00,2026-06-06 00:18:00,0.67,Electrical Fault,257.72,Closed
MO0000894,P03,P03_L01,M028,Corrective,2026-06-06 22:44:00,2026-06-06 23:06:00,0.36,Electrical Fault,37.82,Closed
MO0000895,P03,P03_L03,M035,Corrective,2026-06-06 06:24:00,2026-06-06 06:31:00,0.09,Mechanical Failure,69.49,Closed
MO0000896,P03,P03_L03,M036,Corrective,2026-06-06 15:20:00,2026-06-06 15:42:00,0.5,Electrical Fault,0.69,Closed
MO0000897,P01,P01_L01,M001,Corrective,2026-06-07 14:48:00,2026-06-07 15:12:00,0.51,Mechanical Failure,60.16,Closed
MO0000898,P01,P01_L03,M010,Corrective,2026-06-07 06:36:00,2026-06-07 07:33:00,0.79,Mechanical Failure,508.73,Closed
MO0000899,P02,P02_L01,M016,Corrective,2026-06-07 06:15:00,2026-06-07 06:37:00,0.31,Sensor/Controls Fault,34.47,Closed
MO0000900,P02,P02_L01,M015,Preventive,2026-06-07 22:00:00,2026-06-07 22:45:00,0.91,Scheduled PM,27.59,Closed
MO0000901,P02,P02_L02,M017,Corrective,2026-06-07 23:07:00,2026-06-08 00:05:00,0.72,Mechanical Failure,0.0,Closed
MO0000902,P03,P03_L02,M032,Corrective,2026-06-07 06:20:00,2026-06-07 06:51:00,0.71,Electrical Fault,98.05,Closed
MO0000903,P03,P03_L03,M033,Corrective,2026-06-07 14:28:00,2026-06-07 14:52:00,0.42,Mechanical Failure,135.06,Closed
MO0000904,P03,P03_L03,M035,Corrective,2026-06-07 14:55:00,2026-06-07 15:18:00,0.43,Mechanical Failure,0.0,Closed
MO0000905,P01,P01_L03,M010,Corrective,2026-06-08 14:37:00,2026-06-08 15:09:00,0.53,Mechanical Failure,0.0,Closed
MO0000906,P02,P02_L01,M014,Corrective,2026-06-08 06:39:00,2026-06-08 08:08:00,1.83,Mechanical Failure,78.93,Closed
MO0000907,P02,P02_L01,M013,Corrective,2026-06-08 08:11:00,2026-06-08 08:29:00,0.21,Mechanical Failure,463.25,Closed
MO0000908,P02,P02_L03,M023,Preventive,2026-06-08 14:00:00,2026-06-08 15:41:00,2.02,Scheduled PM,32.74,Closed
MO0000909,P02,P02_L03,M022,Corrective,2026-06-08 15:07:00,2026-06-08 15:12:00,0.1,Mechanical Failure,99.23,Closed
MO0000910,P03,P03_L01,M027,Corrective,2026-06-08 14:45:00,2026-06-08 15:06:00,0.25,Mechanical Failure,783.04,Closed
MO0000911,P03,P03_L02,M032,Corrective,2026-06-08 14:58:00,2026-06-08 15:05:00,0.15,Electrical Fault,259.85,Closed
MO0000912,P01,P01_L03,M011,Preventive,2026-06-09 14:00:00,2026-06-09 15:14:00,1.12,Scheduled PM,56.23,Closed
MO0000913,P02,P02_L02,M020,Corrective,2026-06-09 07:29:00,2026-06-09 08:09:00,0.48,Electrical Fault,7.07,Closed
MO0000914,P02,P02_L03,M023,Corrective,2026-06-09 22:51:00,2026-06-09 23:25:00,0.64,Mechanical Failure,32.66,Closed
MO0000915,P03,P03_L02,M030,Corrective,2026-06-09 06:37:00,2026-06-09 06:53:00,0.37,Electrical Fault,47.31,Closed
MO0000916,P01,P01_L01,M002,Corrective,2026-06-10 14:42:00,2026-06-10 14:52:00,0.15,Electrical Fault,223.12,Closed
MO0000917,P01,P01_L01,M004,Corrective,2026-06-10 23:32:00,2026-06-10 23:51:00,0.25,Electrical Fault,214.5,Closed
MO0000918,P01,P01_L03,M009,Corrective,2026-06-10 22:28:00,2026-06-10 22:38:00,0.16,Electrical Fault,742.57,Closed
MO0000919,P02,P02_L01,M016,Preventive,2026-06-11 06:00:00,2026-06-11 07:33:00,1.67,Scheduled PM,122.65,Closed
MO0000920,P02,P02_L02,M018,Corrective,2026-06-10 06:35:00,2026-06-10 06:55:00,0.45,Electrical Fault,68.09,Closed
MO0000921,P02,P02_L03,M022,Preventive,2026-06-11 06:00:00,2026-06-11 07:55:00,2.36,Scheduled PM,78.06,Closed
MO0000922,P03,P03_L02,M032,Corrective,2026-06-10 22:47:00,2026-06-10 23:09:00,0.48,Electrical Fault,1165.9,Closed
MO0000923,P01,P01_L01,M002,Corrective,2026-06-11 15:02:00,2026-06-11 15:47:00,0.88,Sensor/Controls Fault,300.81,Closed
MO0000924,P01,P01_L02,M007,Corrective,2026-06-11 07:32:00,2026-06-11 07:46:00,0.23,Mechanical Failure,0.0,Closed
MO0000925,P01,P01_L02,M005,Corrective,2026-06-11 08:08:00,2026-06-11 10:02:00,2.55,Electrical Fault,19.95,Closed
MO0000926,P01,P01_L03,M012,Preventive,2026-06-12 06:00:00,2026-06-12 06:59:00,0.93,Scheduled PM,118.22,Closed
MO0000927,P02,P02_L02,M019,Corrective,2026-06-11 22:23:00,2026-06-11 22:34:00,0.16,Electrical Fault,0.0,Closed
MO0000928,P02,P02_L03,M021,Corrective,2026-06-11 15:05:00,2026-06-11 15:23:00,0.24,Mechanical Failure,0.0,Closed
MO0000929,P03,P03_L01,M025,Corrective,2026-06-11 06:33:00,2026-06-11 06:42:00,0.11,Electrical Fault,112.78,Closed
MO0000930,P03,P03_L02,M031,Corrective,2026-06-11 22:23:00,2026-06-11 23:06:00,0.93,Electrical Fault,114.48,Closed
MO0000931,P01,P01_L01,M001,Preventive,2026-06-12 22:00:00,2026-06-12 23:23:00,1.71,Scheduled PM,214.03,Closed
MO0000932,P01,P01_L03,M010,Preventive,2026-06-12 22:00:00,2026-06-12 23:19:00,1.57,Scheduled PM,53.73,Closed
MO0000933,P03,P03_L01,M027,Corrective,2026-06-12 23:08:00,2026-06-12 23:16:00,0.15,Sensor/Controls Fault,33.88,Closed
MO0000934,P03,P03_L01,M025,Preventive,2026-06-13 06:00:00,2026-06-13 07:20:00,1.51,Scheduled PM,30.18,Closed
MO0000935,P03,P03_L02,M029,Corrective,2026-06-12 15:03:00,2026-06-12 15:38:00,0.42,Electrical Fault,325.65,Closed
MO0000936,P01,P01_L02,M006,Corrective,2026-06-13 06:13:00,2026-06-13 06:42:00,0.38,Mechanical Failure,47.24,Closed
MO0000937,P01,P01_L02,M007,Corrective,2026-06-13 06:45:00,2026-06-13 06:57:00,0.19,Electrical Fault,156.8,Closed
MO0000938,P03,P03_L01,M025,Corrective,2026-06-13 14:16:00,2026-06-13 14:31:00,0.35,Mechanical Failure,0.0,Closed
MO0000939,P01,P01_L01,M002,Corrective,2026-06-14 15:21:00,2026-06-14 15:50:00,0.58,Electrical Fault,0.0,Closed
MO0000940,P02,P02_L02,M017,Corrective,2026-06-14 14:13:00,2026-06-14 14:55:00,0.87,Mechanical Failure,81.03,Closed
MO0000941,P01,P01_L01,M004,Corrective,2026-06-15 06:37:00,2026-06-15 07:05:00,0.62,Sensor/Controls Fault,0.0,Closed
MO0000942,P01,P01_L03,M011,Corrective,2026-06-15 15:44:00,2026-06-15 16:16:00,0.51,Mechanical Failure,114.38,Closed
MO0000943,P02,P02_L03,M021,Preventive,2026-06-15 14:00:00,2026-06-15 15:17:00,1.18,Scheduled PM,45.87,Closed
MO0000944,P02,P02_L03,M023,Corrective,2026-06-15 22:50:00,2026-06-15 23:10:00,0.42,Electrical Fault,519.92,Closed
MO0000945,P03,P03_L02,M032,Corrective,2026-06-15 07:10:00,2026-06-15 08:32:00,1.84,Mechanical Failure,161.35,Closed
MO0000946,P03,P03_L01,M027,Corrective,2026-06-16 07:32:00,2026-06-16 08:06:00,0.78,Sensor/Controls Fault,351.24,Closed
MO0000947,P03,P03_L02,M031,Corrective,2026-06-16 06:39:00,2026-06-16 07:20:00,0.52,Sensor/Controls Fault,0.0,Closed
MO0000948,P03,P03_L03,M036,Corrective,2026-06-16 07:25:00,2026-06-16 07:41:00,0.22,Electrical Fault,480.3,Closed
MO0000949,P01,P01_L02,M006,Corrective,2026-06-17 14:30:00,2026-06-17 14:41:00,0.15,Mechanical Failure,72.72,Closed
MO0000950,P01,P01_L03,M010,Corrective,2026-06-17 23:21:00,2026-06-18 01:18:00,2.68,Sensor/Controls Fault,244.48,Closed
MO0000951,P01,P01_L03,M010,Corrective,2026-06-18 01:21:00,2026-06-18 02:08:00,0.9,Electrical Fault,459.82,Closed
MO0000952,P03,P03_L02,M031,Corrective,2026-06-17 07:33:00,2026-06-17 07:55:00,0.26,Electrical Fault,473.26,Closed
MO0000953,P03,P03_L02,M029,Corrective,2026-06-17 14:37:00,2026-06-17 15:14:00,0.81,Sensor/Controls Fault,54.34,Closed
MO0000954,P03,P03_L03,M034,Preventive,2026-06-18 06:00:00,2026-06-18 06:54:00,0.87,Scheduled PM,117.55,Closed
MO0000955,P01,P01_L01,M003,Corrective,2026-06-18 22:43:00,2026-06-18 22:49:00,0.14,Electrical Fault,110.8,Closed
MO0000956,P01,P01_L03,M011,Corrective,2026-06-18 14:23:00,2026-06-18 14:41:00,0.23,Mechanical Failure,128.53,Closed
MO0000957,P02,P02_L01,M013,Corrective,2026-06-18 23:17:00,2026-06-18 23:56:00,0.77,Mechanical Failure,0.0,Closed
MO0000958,P02,P02_L02,M017,Corrective,2026-06-18 06:30:00,2026-06-18 06:49:00,0.42,Sensor/Controls Fault,0.0,Closed
MO0000959,P03,P03_L02,M029,Corrective,2026-06-18 06:38:00,2026-06-18 06:59:00,0.37,Mechanical Failure,188.35,Closed
MO0000960,P03,P03_L02,M031,Corrective,2026-06-18 22:15:00,2026-06-18 22:30:00,0.2,Electrical Fault,20.89,Closed
MO0000961,P03,P03_L02,M029,Preventive,2026-06-19 06:00:00,2026-06-19 07:40:00,1.99,Scheduled PM,79.64,Closed
MO0000962,P01,P01_L01,M002,Corrective,2026-06-19 06:15:00,2026-06-19 07:26:00,1.13,Sensor/Controls Fault,0.0,Closed
MO0000963,P01,P01_L02,M008,Corrective,2026-06-19 15:29:00,2026-06-19 15:42:00,0.27,Electrical Fault,78.23,Closed
MO0000964,P01,P01_L03,M011,Corrective,2026-06-19 06:42:00,2026-06-19 06:50:00,0.14,Electrical Fault,27.26,Closed
MO0000965,P02,P02_L01,M013,Corrective,2026-06-19 22:23:00,2026-06-19 23:00:00,0.45,Mechanical Failure,0.0,Closed
MO0000966,P02,P02_L02,M017,Corrective,2026-06-19 14:49:00,2026-06-19 14:58:00,0.15,Electrical Fault,0.0,Closed
MO0000967,P02,P02_L03,M021,Corrective,2026-06-19 22:36:00,2026-06-19 22:45:00,0.12,Mechanical Failure,898.26,Closed
MO0000968,P03,P03_L01,M025,Corrective,2026-06-19 06:48:00,2026-06-19 08:01:00,1.6,Mechanical Failure,80.16,Closed
MO0000969,P03,P03_L01,M026,Preventive,2026-06-19 14:00:00,2026-06-19 15:27:00,1.74,Scheduled PM,44.67,Closed
MO0000970,P01,P01_L01,M004,Preventive,2026-06-20 14:00:00,2026-06-20 14:45:00,0.83,Scheduled PM,169.4,Closed
MO0000971,P01,P01_L03,M009,Preventive,2026-06-20 22:00:00,2026-06-20 23:41:00,1.54,Scheduled PM,42.6,Closed
MO0000972,P02,P02_L02,M017,Preventive,2026-06-20 14:00:00,2026-06-20 15:03:00,1.36,Scheduled PM,71.68,Closed
MO0000973,P03,P03_L01,M028,Preventive,2026-06-20 14:00:00,2026-06-20 15:12:00,1.4,Scheduled PM,178.53,Closed
MO0000974,P03,P03_L02,M029,Corrective,2026-06-20 06:41:00,2026-06-20 08:33:00,2.09,Sensor/Controls Fault,25.08,Closed
MO0000975,P03,P03_L03,M034,Corrective,2026-06-20 07:40:00,2026-06-20 08:35:00,1.04,Sensor/Controls Fault,63.51,Closed
MO0000976,P01,P01_L02,M007,Preventive,2026-06-21 14:00:00,2026-06-21 15:24:00,1.62,Scheduled PM,206.13,Closed
MO0000977,P02,P02_L01,M014,Preventive,2026-06-21 22:00:00,2026-06-21 23:21:00,1.29,Scheduled PM,229.75,Closed
MO0000978,P03,P03_L02,M031,Preventive,2026-06-21 14:00:00,2026-06-21 15:00:00,1.29,Scheduled PM,175.55,Closed
MO0000979,P03,P03_L03,M035,Preventive,2026-06-21 22:00:00,2026-06-21 23:43:00,1.69,Scheduled PM,96.46,Closed
MO0000980,P01,P01_L01,M002,Preventive,2026-06-22 22:00:00,2026-06-22 23:55:00,2.32,Scheduled PM,100.16,Closed
MO0000981,P02,P02_L01,M013,Preventive,2026-06-22 22:00:00,2026-06-22 23:23:00,1.29,Scheduled PM,47.33,Closed
MO0000982,P02,P02_L02,M018,Preventive,2026-06-22 22:00:00,2026-06-22 23:12:00,1.26,Scheduled PM,197.36,Closed
MO0000983,P03,P03_L01,M027,Corrective,2026-06-22 06:39:00,2026-06-22 07:00:00,0.46,Mechanical Failure,840.02,Closed
MO0000984,P03,P03_L03,M033,Corrective,2026-06-22 14:19:00,2026-06-22 15:00:00,0.95,Electrical Fault,103.54,Closed
MO0000985,P01,P01_L02,M005,Corrective,2026-06-23 14:52:00,2026-06-23 15:09:00,0.27,Electrical Fault,0.0,Closed
MO0000986,P01,P01_L02,M006,Corrective,2026-06-23 23:53:00,2026-06-24 00:12:00,0.25,Mechanical Failure,108.26,Closed
MO0000987,P02,P02_L01,M014,Corrective,2026-06-23 14:27:00,2026-06-23 15:14:00,0.59,Electrical Fault,89.57,Closed
MO0000988,P01,P01_L02,M007,Corrective,2026-06-24 14:30:00,2026-06-24 14:53:00,0.52,Electrical Fault,336.93,Closed
MO0000989,P02,P02_L01,M015,Corrective,2026-06-24 06:28:00,2026-06-24 06:53:00,0.3,Mechanical Failure,55.25,Closed
MO0000990,P02,P02_L03,M022,Corrective,2026-06-24 06:36:00,2026-06-24 07:08:00,0.64,Sensor/Controls Fault,0.0,Closed
MO0000991,P02,P02_L03,M024,Preventive,2026-06-25 06:00:00,2026-06-25 06:56:00,1.17,Scheduled PM,30.36,Closed
MO0000992,P03,P03_L02,M030,Corrective,2026-06-24 06:14:00,2026-06-24 06:36:00,0.36,Electrical Fault,0.0,Closed
MO0000993,P03,P03_L03,M036,Preventive,2026-06-24 22:00:00,2026-06-24 22:59:00,0.92,Scheduled PM,80.64,Closed
MO0000994,P03,P03_L03,M036,Corrective,2026-06-24 22:33:00,2026-06-24 22:54:00,0.29,Sensor/Controls Fault,33.71,Closed
MO0000995,P01,P01_L01,M003,Preventive,2026-06-26 06:00:00,2026-06-26 07:06:00,1.29,Scheduled PM,166.68,Closed
MO0000996,P01,P01_L02,M006,Corrective,2026-06-25 07:07:00,2026-06-25 07:16:00,0.18,Mechanical Failure,13.33,Closed
MO0000997,P01,P01_L02,M005,Corrective,2026-06-25 14:30:00,2026-06-25 15:03:00,0.73,Electrical Fault,216.74,Closed
MO0000998,P01,P01_L02,M005,Preventive,2026-06-25 22:00:00,2026-06-25 23:03:00,1.28,Scheduled PM,152.7,Closed
MO0000999,P01,P01_L03,M011,Corrective,2026-06-25 06:40:00,2026-06-25 06:59:00,0.32,Electrical Fault,207.1,Closed
MO0001000,P02,P02_L01,M013,Corrective,2026-06-25 08:34:00,2026-06-25 08:56:00,0.5,Mechanical Failure,173.5,Closed
MO0001001,P02,P02_L02,M020,Preventive,2026-06-25 14:00:00,2026-06-25 15:39:00,1.86,Scheduled PM,231.6,Closed
MO0001002,P02,P02_L02,M018,Corrective,2026-06-25 22:44:00,2026-06-25 22:51:00,0.13,Mechanical Failure,48.6,Closed
MO0001003,P03,P03_L03,M033,Corrective,2026-06-25 06:16:00,2026-06-25 07:03:00,0.78,Electrical Fault,0.0,Closed
MO0001004,P03,P03_L03,M034,Corrective,2026-06-25 07:06:00,2026-06-25 07:13:00,0.1,Electrical Fault,36.43,Closed
MO0001005,P03,P03_L01,M026,Corrective,2026-06-26 23:54:00,2026-06-27 00:30:00,0.46,Sensor/Controls Fault,2556.87,Closed
MO0001006,P01,P01_L02,M008,Preventive,2026-06-27 14:00:00,2026-06-27 15:33:00,1.79,Scheduled PM,184.67,Closed
MO0001007,P02,P02_L02,M019,Preventive,2026-06-27 14:00:00,2026-06-27 15:14:00,1.28,Scheduled PM,88.4,Closed
MO0001008,P03,P03_L02,M030,Preventive,2026-06-27 14:00:00,2026-06-27 15:20:00,1.55,Scheduled PM,248.94,Closed
MO0001009,P01,P01_L02,M006,Corrective,2026-06-28 14:24:00,2026-06-28 14:40:00,0.25,Electrical Fault,87.19,Closed
MO0001010,P02,P02_L01,M015,Preventive,2026-06-28 14:00:00,2026-06-28 15:20:00,1.49,Scheduled PM,183.9,Closed
MO0001011,P03,P03_L01,M027,Corrective,2026-06-28 14:25:00,2026-06-28 14:46:00,0.25,Mechanical Failure,115.07,Closed
MO0001012,P03,P03_L01,M027,Corrective,2026-06-28 22:52:00,2026-06-28 23:04:00,0.25,Sensor/Controls Fault,47.87,Closed
MO0001013,P03,P03_L03,M033,Preventive,2026-06-29 06:00:00,2026-06-29 07:30:00,1.94,Scheduled PM,140.94,Closed
MO0001014,P01,P01_L02,M006,Preventive,2026-06-29 14:00:00,2026-06-29 15:37:00,1.76,Scheduled PM,80.28,Closed
MO0001015,P01,P01_L02,M007,Corrective,2026-06-29 14:52:00,2026-06-29 15:05:00,0.29,Sensor/Controls Fault,510.64,Closed
MO0001016,P02,P02_L01,M013,Corrective,2026-06-29 06:18:00,2026-06-29 06:32:00,0.25,Mechanical Failure,825.93,Closed
MO0001017,P02,P02_L02,M017,Corrective,2026-06-29 14:46:00,2026-06-29 17:21:00,3.58,Sensor/Controls Fault,142.34,Closed
MO0001018,P03,P03_L01,M025,Corrective,2026-06-29 06:42:00,2026-06-29 06:58:00,0.29,Mechanical Failure,127.49,Closed
MO0001019,P03,P03_L01,M028,Corrective,2026-06-29 23:46:00,2026-06-30 00:13:00,0.5,Mechanical Failure,451.85,Closed
MO0001020,P03,P03_L01,M027,Preventive,2026-06-30 06:00:00,2026-06-30 07:35:00,1.75,Scheduled PM,160.78,Closed
MO0001021,P03,P03_L02,M032,Preventive,2026-06-29 14:00:00,2026-06-29 15:20:00,1.59,Scheduled PM,226.63,Closed
MO0001022,P03,P03_L02,M031,Corrective,2026-06-29 14:27:00,2026-06-29 14:58:00,0.47,Electrical Fault,83.41,Closed
