work_order_id,plant_id,line_id,product_id,scheduled_start,scheduled_end,planned_qty,order_status
WO00000001,P01,P01_L01,SKU001,2026-01-01 06:00:00,2026-01-01 14:00:00,351,Completed
WO00000002,P01,P01_L01,SKU007,2026-01-01 14:00:00,2026-01-01 22:00:00,492,Completed
WO00000003,P01,P01_L01,SKU005,2026-01-01 22:00:00,2026-01-02 06:00:00,355,Completed
WO00000004,P01,P01_L02,SKU004,2026-01-01 06:00:00,2026-01-01 14:00:00,399,Completed
WO00000005,P01,P01_L02,SKU003,2026-01-01 14:00:00,2026-01-01 22:00:00,436,Completed
WO00000006,P01,P01_L02,SKU004,2026-01-01 22:00:00,2026-01-02 06:00:00,399,Completed
WO00000007,P01,P01_L03,SKU003,2026-01-01 06:00:00,2026-01-01 14:00:00,436,Completed
WO00000008,P01,P01_L03,SKU002,2026-01-01 14:00:00,2026-01-01 22:00:00,507,Completed
WO00000009,P01,P01_L03,SKU003,2026-01-01 22:00:00,2026-01-02 06:00:00,436,Completed
WO00000010,P02,P02_L01,SKU001,2026-01-01 06:00:00,2026-01-01 14:00:00,344,Completed
WO00000011,P02,P02_L01,SKU001,2026-01-01 14:00:00,2026-01-01 22:00:00,344,Completed
WO00000012,P02,P02_L01,SKU006,2026-01-01 22:00:00,2026-01-02 06:00:00,344,Completed
WO00000013,P02,P02_L02,SKU005,2026-01-01 06:00:00,2026-01-01 14:00:00,355,Completed
WO00000014,P02,P02_L02,SKU002,2026-01-01 14:00:00,2026-01-01 22:00:00,394,Completed
WO00000015,P02,P02_L02,SKU004,2026-01-01 22:00:00,2026-01-02 06:00:00,394,Completed
WO00000016,P02,P02_L03,SKU007,2026-01-01 06:00:00,2026-01-01 14:00:00,331,Completed
WO00000017,P02,P02_L03,SKU003,2026-01-01 14:00:00,2026-01-01 22:00:00,331,Completed
WO00000018,P02,P02_L03,SKU004,2026-01-01 22:00:00,2026-01-02 06:00:00,331,Completed
WO00000019,P03,P03_L01,SKU001,2026-01-01 06:00:00,2026-01-01 14:00:00,351,Completed
WO00000020,P03,P03_L01,SKU001,2026-01-01 14:00:00,2026-01-01 22:00:00,351,Completed
WO00000021,P03,P03_L01,SKU004,2026-01-01 22:00:00,2026-01-02 06:00:00,399,Completed
WO00000022,P03,P03_L02,SKU006,2026-01-01 06:00:00,2026-01-01 14:00:00,386,Completed
WO00000023,P03,P03_L02,SKU001,2026-01-01 14:00:00,2026-01-01 22:00:00,351,Completed
WO00000024,P03,P03_L02,SKU006,2026-01-01 22:00:00,2026-01-02 06:00:00,386,Completed
WO00000025,P03,P03_L03,SKU004,2026-01-01 06:00:00,2026-01-01 14:00:00,399,Completed
WO00000026,P03,P03_L03,SKU003,2026-01-01 14:00:00,2026-01-01 22:00:00,409,Completed
WO00000027,P03,P03_L03,SKU003,2026-01-01 22:00:00,2026-01-02 06:00:00,409,Completed
WO00000028,P01,P01_L01,SKU007,2026-01-02 06:00:00,2026-01-02 14:00:00,492,Completed
WO00000029,P01,P01_L01,SKU001,2026-01-02 14:00:00,2026-01-02 22:00:00,351,Completed
WO00000030,P01,P01_L01,SKU004,2026-01-02 22:00:00,2026-01-03 06:00:00,399,Completed
WO00000031,P01,P01_L02,SKU001,2026-01-02 06:00:00,2026-01-02 14:00:00,351,Completed
WO00000032,P01,P01_L02,SKU008,2026-01-02 14:00:00,2026-01-02 22:00:00,425,Completed
WO00000033,P01,P01_L02,SKU008,2026-01-02 22:00:00,2026-01-03 06:00:00,425,Completed
WO00000034,P01,P01_L03,SKU008,2026-01-02 06:00:00,2026-01-02 14:00:00,425,Completed
WO00000035,P01,P01_L03,SKU003,2026-01-02 14:00:00,2026-01-02 22:00:00,436,Completed
WO00000036,P01,P01_L03,SKU008,2026-01-02 22:00:00,2026-01-03 06:00:00,425,Completed
WO00000037,P02,P02_L01,SKU002,2026-01-02 06:00:00,2026-01-02 14:00:00,344,Completed
WO00000038,P02,P02_L01,SKU004,2026-01-02 14:00:00,2026-01-02 22:00:00,344,Completed
WO00000039,P02,P02_L01,SKU003,2026-01-02 22:00:00,2026-01-03 06:00:00,344,Completed
WO00000040,P02,P02_L02,SKU002,2026-01-02 06:00:00,2026-01-02 14:00:00,394,Completed
WO00000041,P02,P02_L02,SKU006,2026-01-02 14:00:00,2026-01-02 22:00:00,386,Completed
WO00000042,P02,P02_L02,SKU004,2026-01-02 22:00:00,2026-01-03 06:00:00,394,Completed
WO00000043,P02,P02_L03,SKU004,2026-01-02 06:00:00,2026-01-02 14:00:00,331,Completed
WO00000044,P02,P02_L03,SKU005,2026-01-02 14:00:00,2026-01-02 22:00:00,331,Completed
WO00000045,P02,P02_L03,SKU007,2026-01-02 22:00:00,2026-01-03 06:00:00,331,Completed
WO00000046,P03,P03_L01,SKU004,2026-01-02 06:00:00,2026-01-02 14:00:00,399,Completed
WO00000047,P03,P03_L01,SKU001,2026-01-02 14:00:00,2026-01-02 22:00:00,351,Completed
WO00000048,P03,P03_L01,SKU006,2026-01-02 22:00:00,2026-01-03 06:00:00,386,Completed
WO00000049,P03,P03_L02,SKU006,2026-01-02 06:00:00,2026-01-02 14:00:00,386,Completed
WO00000050,P03,P03_L02,SKU008,2026-01-02 14:00:00,2026-01-02 22:00:00,398,Completed
WO00000051,P03,P03_L02,SKU004,2026-01-02 22:00:00,2026-01-03 06:00:00,398,Completed
WO00000052,P03,P03_L03,SKU001,2026-01-02 06:00:00,2026-01-02 14:00:00,351,Completed
WO00000053,P03,P03_L03,SKU003,2026-01-02 14:00:00,2026-01-02 22:00:00,409,Completed
WO00000054,P03,P03_L03,SKU003,2026-01-02 22:00:00,2026-01-03 06:00:00,409,Completed
WO00000055,P01,P01_L01,SKU006,2026-01-03 14:00:00,2026-01-03 22:00:00,386,Completed
WO00000056,P01,P01_L01,SKU001,2026-01-03 22:00:00,2026-01-04 06:00:00,351,Completed
WO00000057,P01,P01_L02,SKU008,2026-01-03 06:00:00,2026-01-03 14:00:00,425,Completed
WO00000058,P01,P01_L02,SKU004,2026-01-03 22:00:00,2026-01-04 06:00:00,399,Completed
WO00000059,P01,P01_L03,SKU003,2026-01-03 14:00:00,2026-01-03 22:00:00,436,Completed
WO00000060,P01,P01_L03,SKU006,2026-01-03 22:00:00,2026-01-04 06:00:00,386,Completed
WO00000061,P02,P02_L01,SKU006,2026-01-03 22:00:00,2026-01-04 06:00:00,344,Completed
WO00000062,P02,P02_L02,SKU006,2026-01-03 22:00:00,2026-01-04 06:00:00,386,Completed
WO00000063,P02,P02_L03,SKU003,2026-01-03 22:00:00,2026-01-04 06:00:00,331,Completed
WO00000064,P03,P03_L01,SKU001,2026-01-03 22:00:00,2026-01-04 06:00:00,351,Completed
WO00000065,P03,P03_L02,SKU006,2026-01-03 14:00:00,2026-01-03 22:00:00,386,Completed
WO00000066,P03,P03_L02,SKU001,2026-01-03 22:00:00,2026-01-04 06:00:00,351,Completed
WO00000067,P03,P03_L03,SKU004,2026-01-03 14:00:00,2026-01-03 22:00:00,399,Completed
WO00000068,P03,P03_L03,SKU004,2026-01-03 22:00:00,2026-01-04 06:00:00,399,Completed
WO00000069,P01,P01_L01,SKU005,2026-01-04 06:00:00,2026-01-04 14:00:00,355,Completed
WO00000070,P01,P01_L01,SKU001,2026-01-04 22:00:00,2026-01-05 06:00:00,351,Completed
WO00000071,P01,P01_L02,SKU004,2026-01-04 14:00:00,2026-01-04 22:00:00,399,Completed
WO00000072,P01,P01_L03,SKU004,2026-01-04 06:00:00,2026-01-04 14:00:00,399,Completed
WO00000073,P01,P01_L03,SKU008,2026-01-04 14:00:00,2026-01-04 22:00:00,425,Completed
WO00000074,P02,P02_L01,SKU003,2026-01-04 06:00:00,2026-01-04 14:00:00,344,Completed
WO00000075,P02,P02_L01,SKU003,2026-01-04 14:00:00,2026-01-04 22:00:00,344,Completed
WO00000076,P02,P02_L01,SKU006,2026-01-04 22:00:00,2026-01-05 06:00:00,344,Completed
WO00000077,P02,P02_L02,SKU004,2026-01-04 06:00:00,2026-01-04 14:00:00,394,Completed
WO00000078,P02,P02_L02,SKU006,2026-01-04 22:00:00,2026-01-05 06:00:00,386,Completed
WO00000079,P02,P02_L03,SKU007,2026-01-04 06:00:00,2026-01-04 14:00:00,331,Completed
WO00000080,P02,P02_L03,SKU008,2026-01-04 14:00:00,2026-01-04 22:00:00,331,Completed
WO00000081,P03,P03_L01,SKU006,2026-01-04 06:00:00,2026-01-04 14:00:00,386,Completed
WO00000082,P03,P03_L01,SKU003,2026-01-04 14:00:00,2026-01-04 22:00:00,406,Completed
WO00000083,P03,P03_L01,SKU001,2026-01-04 22:00:00,2026-01-05 06:00:00,351,Completed
WO00000084,P03,P03_L02,SKU008,2026-01-04 06:00:00,2026-01-04 14:00:00,398,Completed
WO00000085,P03,P03_L02,SKU008,2026-01-04 22:00:00,2026-01-05 06:00:00,398,Completed
WO00000086,P01,P01_L01,SKU001,2026-01-05 06:00:00,2026-01-05 14:00:00,351,Completed
WO00000087,P01,P01_L01,SKU001,2026-01-05 14:00:00,2026-01-05 22:00:00,351,Completed
WO00000088,P01,P01_L01,SKU005,2026-01-05 22:00:00,2026-01-06 06:00:00,355,Completed
WO00000089,P01,P01_L02,SKU001,2026-01-05 06:00:00,2026-01-05 14:00:00,351,Completed
WO00000090,P01,P01_L02,SKU001,2026-01-05 14:00:00,2026-01-05 22:00:00,351,Completed
WO00000091,P01,P01_L02,SKU006,2026-01-05 22:00:00,2026-01-06 06:00:00,386,Completed
WO00000092,P01,P01_L03,SKU003,2026-01-05 06:00:00,2026-01-05 14:00:00,436,Completed
WO00000093,P01,P01_L03,SKU003,2026-01-05 14:00:00,2026-01-05 22:00:00,436,Completed
WO00000094,P01,P01_L03,SKU003,2026-01-05 22:00:00,2026-01-06 06:00:00,436,Completed
WO00000095,P02,P02_L01,SKU004,2026-01-05 06:00:00,2026-01-05 14:00:00,344,Completed
WO00000096,P02,P02_L01,SKU003,2026-01-05 14:00:00,2026-01-05 22:00:00,344,Completed
WO00000097,P02,P02_L01,SKU006,2026-01-05 22:00:00,2026-01-06 06:00:00,344,Completed
WO00000098,P02,P02_L02,SKU004,2026-01-05 06:00:00,2026-01-05 14:00:00,394,Completed
WO00000099,P02,P02_L02,SKU006,2026-01-05 14:00:00,2026-01-05 22:00:00,386,Completed
WO00000100,P02,P02_L02,SKU004,2026-01-05 22:00:00,2026-01-06 06:00:00,394,Completed
WO00000101,P02,P02_L03,SKU005,2026-01-05 06:00:00,2026-01-05 14:00:00,331,Completed
WO00000102,P02,P02_L03,SKU003,2026-01-05 14:00:00,2026-01-05 22:00:00,331,Completed
WO00000103,P02,P02_L03,SKU003,2026-01-05 22:00:00,2026-01-06 06:00:00,331,Completed
WO00000104,P03,P03_L01,SKU001,2026-01-05 06:00:00,2026-01-05 14:00:00,351,Completed
WO00000105,P03,P03_L01,SKU004,2026-01-05 14:00:00,2026-01-05 22:00:00,399,Completed
WO00000106,P03,P03_L01,SKU008,2026-01-05 22:00:00,2026-01-06 06:00:00,406,Completed
WO00000107,P03,P03_L02,SKU008,2026-01-05 06:00:00,2026-01-05 14:00:00,398,Completed
WO00000108,P03,P03_L02,SKU004,2026-01-05 14:00:00,2026-01-05 22:00:00,398,Completed
WO00000109,P03,P03_L02,SKU002,2026-01-05 22:00:00,2026-01-06 06:00:00,398,Completed
WO00000110,P03,P03_L03,SKU001,2026-01-05 06:00:00,2026-01-05 14:00:00,351,Completed
WO00000111,P03,P03_L03,SKU004,2026-01-05 14:00:00,2026-01-05 22:00:00,399,Completed
WO00000112,P03,P03_L03,SKU003,2026-01-05 22:00:00,2026-01-06 06:00:00,409,Completed
WO00000113,P01,P01_L01,SKU005,2026-01-06 06:00:00,2026-01-06 14:00:00,355,Completed
WO00000114,P01,P01_L01,SKU001,2026-01-06 14:00:00,2026-01-06 22:00:00,351,Completed
WO00000115,P01,P01_L01,SKU006,2026-01-06 22:00:00,2026-01-07 06:00:00,386,Completed
WO00000116,P01,P01_L02,SKU008,2026-01-06 06:00:00,2026-01-06 14:00:00,425,Completed
WO00000117,P01,P01_L02,SKU004,2026-01-06 14:00:00,2026-01-06 22:00:00,399,Completed
WO00000118,P01,P01_L02,SKU002,2026-01-06 22:00:00,2026-01-07 06:00:00,459,Completed
WO00000119,P01,P01_L03,SKU003,2026-01-06 06:00:00,2026-01-06 14:00:00,436,Completed
WO00000120,P01,P01_L03,SKU003,2026-01-06 14:00:00,2026-01-06 22:00:00,436,Completed
WO00000121,P01,P01_L03,SKU003,2026-01-06 22:00:00,2026-01-07 06:00:00,436,Completed
WO00000122,P02,P02_L01,SKU004,2026-01-06 06:00:00,2026-01-06 14:00:00,344,Completed
WO00000123,P02,P02_L01,SKU001,2026-01-06 14:00:00,2026-01-06 22:00:00,344,Completed
WO00000124,P02,P02_L01,SKU005,2026-01-06 22:00:00,2026-01-07 06:00:00,344,Completed
WO00000125,P02,P02_L02,SKU006,2026-01-06 06:00:00,2026-01-06 14:00:00,386,Completed
WO00000126,P02,P02_L02,SKU002,2026-01-06 14:00:00,2026-01-06 22:00:00,394,Completed
WO00000127,P02,P02_L02,SKU002,2026-01-06 22:00:00,2026-01-07 06:00:00,394,Completed
WO00000128,P02,P02_L03,SKU007,2026-01-06 06:00:00,2026-01-06 14:00:00,331,Completed
WO00000129,P02,P02_L03,SKU006,2026-01-06 14:00:00,2026-01-06 22:00:00,331,Completed
WO00000130,P02,P02_L03,SKU001,2026-01-06 22:00:00,2026-01-07 06:00:00,331,Completed
WO00000131,P03,P03_L01,SKU003,2026-01-06 06:00:00,2026-01-06 14:00:00,406,Completed
WO00000132,P03,P03_L01,SKU004,2026-01-06 14:00:00,2026-01-06 22:00:00,399,Completed
WO00000133,P03,P03_L01,SKU006,2026-01-06 22:00:00,2026-01-07 06:00:00,386,Completed
WO00000134,P03,P03_L02,SKU006,2026-01-06 06:00:00,2026-01-06 14:00:00,386,Completed
WO00000135,P03,P03_L02,SKU001,2026-01-06 14:00:00,2026-01-06 22:00:00,351,Completed
WO00000136,P03,P03_L02,SKU002,2026-01-06 22:00:00,2026-01-07 06:00:00,398,Completed
WO00000137,P03,P03_L03,SKU003,2026-01-06 06:00:00,2026-01-06 14:00:00,409,Completed
WO00000138,P03,P03_L03,SKU006,2026-01-06 14:00:00,2026-01-06 22:00:00,386,Completed
WO00000139,P03,P03_L03,SKU004,2026-01-06 22:00:00,2026-01-07 06:00:00,399,Completed
WO00000140,P01,P01_L01,SKU005,2026-01-07 06:00:00,2026-01-07 14:00:00,355,Completed
WO00000141,P01,P01_L01,SKU004,2026-01-07 14:00:00,2026-01-07 22:00:00,399,Completed
WO00000142,P01,P01_L01,SKU007,2026-01-07 22:00:00,2026-01-08 06:00:00,492,Completed
WO00000143,P01,P01_L02,SKU008,2026-01-07 06:00:00,2026-01-07 14:00:00,425,Completed
WO00000144,P01,P01_L02,SKU008,2026-01-07 14:00:00,2026-01-07 22:00:00,425,Completed
WO00000145,P01,P01_L02,SKU002,2026-01-07 22:00:00,2026-01-08 06:00:00,459,Completed
WO00000146,P01,P01_L03,SKU004,2026-01-07 06:00:00,2026-01-07 14:00:00,399,Completed
WO00000147,P01,P01_L03,SKU008,2026-01-07 14:00:00,2026-01-07 22:00:00,425,Completed
WO00000148,P01,P01_L03,SKU002,2026-01-07 22:00:00,2026-01-08 06:00:00,507,Completed
WO00000149,P02,P02_L01,SKU006,2026-01-07 06:00:00,2026-01-07 14:00:00,344,Completed
WO00000150,P02,P02_L01,SKU003,2026-01-07 14:00:00,2026-01-07 22:00:00,344,Completed
WO00000151,P02,P02_L01,SKU001,2026-01-07 22:00:00,2026-01-08 06:00:00,344,Completed
WO00000152,P02,P02_L02,SKU003,2026-01-07 06:00:00,2026-01-07 14:00:00,394,Completed
WO00000153,P02,P02_L02,SKU002,2026-01-07 14:00:00,2026-01-07 22:00:00,394,Completed
WO00000154,P02,P02_L02,SKU002,2026-01-07 22:00:00,2026-01-08 06:00:00,394,Completed
WO00000155,P02,P02_L03,SKU001,2026-01-07 06:00:00,2026-01-07 14:00:00,331,Completed
WO00000156,P02,P02_L03,SKU007,2026-01-07 14:00:00,2026-01-07 22:00:00,331,Completed
WO00000157,P02,P02_L03,SKU003,2026-01-07 22:00:00,2026-01-08 06:00:00,331,Completed
WO00000158,P03,P03_L01,SKU007,2026-01-07 06:00:00,2026-01-07 14:00:00,406,Completed
WO00000159,P03,P03_L01,SKU001,2026-01-07 14:00:00,2026-01-07 22:00:00,351,Completed
WO00000160,P03,P03_L01,SKU001,2026-01-07 22:00:00,2026-01-08 06:00:00,351,Completed
WO00000161,P03,P03_L02,SKU006,2026-01-07 06:00:00,2026-01-07 14:00:00,386,Completed
WO00000162,P03,P03_L02,SKU006,2026-01-07 14:00:00,2026-01-07 22:00:00,386,Completed
WO00000163,P03,P03_L02,SKU001,2026-01-07 22:00:00,2026-01-08 06:00:00,351,Completed
WO00000164,P03,P03_L03,SKU001,2026-01-07 06:00:00,2026-01-07 14:00:00,351,Completed
WO00000165,P03,P03_L03,SKU004,2026-01-07 14:00:00,2026-01-07 22:00:00,399,Completed
WO00000166,P03,P03_L03,SKU001,2026-01-07 22:00:00,2026-01-08 06:00:00,351,Completed
WO00000167,P01,P01_L01,SKU006,2026-01-08 06:00:00,2026-01-08 14:00:00,386,Completed
WO00000168,P01,P01_L01,SKU006,2026-01-08 14:00:00,2026-01-08 22:00:00,386,Completed
WO00000169,P01,P01_L01,SKU001,2026-01-08 22:00:00,2026-01-09 06:00:00,351,Completed
WO00000170,P01,P01_L02,SKU004,2026-01-08 06:00:00,2026-01-08 14:00:00,399,Completed
WO00000171,P01,P01_L02,SKU002,2026-01-08 14:00:00,2026-01-08 22:00:00,459,Completed
WO00000172,P01,P01_L02,SKU003,2026-01-08 22:00:00,2026-01-09 06:00:00,436,Completed
WO00000173,P01,P01_L03,SKU003,2026-01-08 06:00:00,2026-01-08 14:00:00,436,Completed
WO00000174,P01,P01_L03,SKU003,2026-01-08 14:00:00,2026-01-08 22:00:00,436,Completed
WO00000175,P01,P01_L03,SKU008,2026-01-08 22:00:00,2026-01-09 06:00:00,425,Completed
WO00000176,P02,P02_L01,SKU003,2026-01-08 06:00:00,2026-01-08 14:00:00,344,Completed
WO00000177,P02,P02_L01,SKU005,2026-01-08 14:00:00,2026-01-08 22:00:00,344,Completed
WO00000178,P02,P02_L01,SKU002,2026-01-08 22:00:00,2026-01-09 06:00:00,344,Completed
WO00000179,P02,P02_L02,SKU002,2026-01-08 06:00:00,2026-01-08 14:00:00,394,Completed
WO00000180,P02,P02_L02,SKU006,2026-01-08 14:00:00,2026-01-08 22:00:00,386,Completed
WO00000181,P02,P02_L02,SKU004,2026-01-08 22:00:00,2026-01-09 06:00:00,394,Completed
WO00000182,P02,P02_L03,SKU003,2026-01-08 06:00:00,2026-01-08 14:00:00,331,Completed
WO00000183,P02,P02_L03,SKU007,2026-01-08 14:00:00,2026-01-08 22:00:00,331,Completed
WO00000184,P02,P02_L03,SKU004,2026-01-08 22:00:00,2026-01-09 06:00:00,331,Completed
WO00000185,P03,P03_L01,SKU001,2026-01-08 06:00:00,2026-01-08 14:00:00,351,Completed
WO00000186,P03,P03_L01,SKU004,2026-01-08 14:00:00,2026-01-08 22:00:00,399,Completed
WO00000187,P03,P03_L01,SKU001,2026-01-08 22:00:00,2026-01-09 06:00:00,351,Completed
WO00000188,P03,P03_L02,SKU006,2026-01-08 06:00:00,2026-01-08 14:00:00,386,Completed
WO00000189,P03,P03_L02,SKU006,2026-01-08 14:00:00,2026-01-08 22:00:00,386,Completed
WO00000190,P03,P03_L02,SKU006,2026-01-08 22:00:00,2026-01-09 06:00:00,386,Completed
WO00000191,P03,P03_L03,SKU004,2026-01-08 06:00:00,2026-01-08 14:00:00,399,Completed
WO00000192,P03,P03_L03,SKU008,2026-01-08 14:00:00,2026-01-08 22:00:00,409,Completed
WO00000193,P03,P03_L03,SKU001,2026-01-08 22:00:00,2026-01-09 06:00:00,351,Completed
WO00000194,P01,P01_L01,SKU005,2026-01-09 06:00:00,2026-01-09 14:00:00,355,Completed
WO00000195,P01,P01_L01,SKU004,2026-01-09 14:00:00,2026-01-09 22:00:00,399,Completed
WO00000196,P01,P01_L01,SKU006,2026-01-09 22:00:00,2026-01-10 06:00:00,386,Completed
WO00000197,P01,P01_L02,SKU001,2026-01-09 06:00:00,2026-01-09 14:00:00,351,Completed
WO00000198,P01,P01_L02,SKU002,2026-01-09 14:00:00,2026-01-09 22:00:00,459,Completed
WO00000199,P01,P01_L02,SKU007,2026-01-09 22:00:00,2026-01-10 06:00:00,459,Completed
WO00000200,P01,P01_L03,SKU004,2026-01-09 06:00:00,2026-01-09 14:00:00,399,Completed
WO00000201,P01,P01_L03,SKU003,2026-01-09 14:00:00,2026-01-09 22:00:00,436,Completed
WO00000202,P01,P01_L03,SKU003,2026-01-09 22:00:00,2026-01-10 06:00:00,436,Completed
WO00000203,P02,P02_L01,SKU003,2026-01-09 06:00:00,2026-01-09 14:00:00,344,Completed
WO00000204,P02,P02_L01,SKU003,2026-01-09 14:00:00,2026-01-09 22:00:00,344,Completed
WO00000205,P02,P02_L01,SKU003,2026-01-09 22:00:00,2026-01-10 06:00:00,344,Completed
WO00000206,P02,P02_L02,SKU004,2026-01-09 06:00:00,2026-01-09 14:00:00,394,Completed
WO00000207,P02,P02_L02,SKU005,2026-01-09 14:00:00,2026-01-09 22:00:00,355,Completed
WO00000208,P02,P02_L02,SKU006,2026-01-09 22:00:00,2026-01-10 06:00:00,386,Completed
WO00000209,P02,P02_L03,SKU003,2026-01-09 06:00:00,2026-01-09 14:00:00,331,Completed
WO00000210,P02,P02_L03,SKU003,2026-01-09 14:00:00,2026-01-09 22:00:00,331,Completed
WO00000211,P02,P02_L03,SKU007,2026-01-09 22:00:00,2026-01-10 06:00:00,331,Completed
WO00000212,P03,P03_L01,SKU004,2026-01-09 06:00:00,2026-01-09 14:00:00,399,Completed
WO00000213,P03,P03_L01,SKU003,2026-01-09 14:00:00,2026-01-09 22:00:00,406,Completed
WO00000214,P03,P03_L01,SKU001,2026-01-09 22:00:00,2026-01-10 06:00:00,351,Completed
WO00000215,P03,P03_L02,SKU001,2026-01-09 06:00:00,2026-01-09 14:00:00,351,Completed
WO00000216,P03,P03_L02,SKU004,2026-01-09 14:00:00,2026-01-09 22:00:00,398,Completed
WO00000217,P03,P03_L02,SKU004,2026-01-09 22:00:00,2026-01-10 06:00:00,398,Completed
WO00000218,P03,P03_L03,SKU004,2026-01-09 06:00:00,2026-01-09 14:00:00,399,Completed
WO00000219,P03,P03_L03,SKU006,2026-01-09 14:00:00,2026-01-09 22:00:00,386,Completed
WO00000220,P03,P03_L03,SKU001,2026-01-09 22:00:00,2026-01-10 06:00:00,351,Completed
WO00000221,P01,P01_L01,SKU001,2026-01-10 22:00:00,2026-01-11 06:00:00,351,Completed
WO00000222,P01,P01_L02,SKU003,2026-01-10 22:00:00,2026-01-11 06:00:00,436,Completed
WO00000223,P01,P01_L03,SKU004,2026-01-10 14:00:00,2026-01-10 22:00:00,399,Completed
WO00000224,P01,P01_L03,SKU004,2026-01-10 22:00:00,2026-01-11 06:00:00,399,Completed
WO00000225,P02,P02_L02,SKU002,2026-01-10 06:00:00,2026-01-10 14:00:00,394,Completed
WO00000226,P02,P02_L02,SKU004,2026-01-10 14:00:00,2026-01-10 22:00:00,394,Completed
WO00000227,P02,P02_L03,SKU003,2026-01-10 06:00:00,2026-01-10 14:00:00,331,Completed
WO00000228,P02,P02_L03,SKU001,2026-01-10 22:00:00,2026-01-11 06:00:00,331,Completed
WO00000229,P03,P03_L01,SKU007,2026-01-10 14:00:00,2026-01-10 22:00:00,406,Completed
WO00000230,P03,P03_L01,SKU004,2026-01-10 22:00:00,2026-01-11 06:00:00,399,Completed
WO00000231,P03,P03_L02,SKU004,2026-01-10 06:00:00,2026-01-10 14:00:00,398,Completed
WO00000232,P03,P03_L02,SKU002,2026-01-10 14:00:00,2026-01-10 22:00:00,398,Completed
WO00000233,P03,P03_L02,SKU001,2026-01-10 22:00:00,2026-01-11 06:00:00,351,Completed
WO00000234,P03,P03_L03,SKU003,2026-01-10 06:00:00,2026-01-10 14:00:00,409,Completed
WO00000235,P03,P03_L03,SKU003,2026-01-10 14:00:00,2026-01-10 22:00:00,409,Completed
WO00000236,P01,P01_L01,SKU004,2026-01-11 06:00:00,2026-01-11 14:00:00,399,Completed
WO00000237,P01,P01_L01,SKU002,2026-01-11 22:00:00,2026-01-12 06:00:00,492,Completed
WO00000238,P01,P01_L02,SKU003,2026-01-11 06:00:00,2026-01-11 14:00:00,436,Completed
WO00000239,P01,P01_L02,SKU006,2026-01-11 14:00:00,2026-01-11 22:00:00,386,Completed
WO00000240,P01,P01_L02,SKU002,2026-01-11 22:00:00,2026-01-12 06:00:00,459,Completed
WO00000241,P01,P01_L03,SKU003,2026-01-11 06:00:00,2026-01-11 14:00:00,436,Completed
WO00000242,P01,P01_L03,SKU004,2026-01-11 22:00:00,2026-01-12 06:00:00,399,Completed
WO00000243,P02,P02_L01,SKU006,2026-01-11 06:00:00,2026-01-11 14:00:00,344,Completed
WO00000244,P02,P02_L01,SKU008,2026-01-11 22:00:00,2026-01-12 06:00:00,344,Completed
WO00000245,P02,P02_L02,SKU002,2026-01-11 06:00:00,2026-01-11 14:00:00,394,Completed
WO00000246,P02,P02_L02,SKU004,2026-01-11 14:00:00,2026-01-11 22:00:00,394,Completed
WO00000247,P02,P02_L03,SKU003,2026-01-11 14:00:00,2026-01-11 22:00:00,331,Completed
WO00000248,P02,P02_L03,SKU003,2026-01-11 22:00:00,2026-01-12 06:00:00,331,Completed
WO00000249,P03,P03_L01,SKU001,2026-01-11 06:00:00,2026-01-11 14:00:00,351,Completed
WO00000250,P03,P03_L01,SKU003,2026-01-11 14:00:00,2026-01-11 22:00:00,406,Completed
WO00000251,P03,P03_L02,SKU001,2026-01-11 22:00:00,2026-01-12 06:00:00,351,Completed
WO00000252,P03,P03_L03,SKU004,2026-01-11 06:00:00,2026-01-11 14:00:00,399,Completed
WO00000253,P01,P01_L01,SKU001,2026-01-12 06:00:00,2026-01-12 14:00:00,351,Completed
WO00000254,P01,P01_L01,SKU001,2026-01-12 14:00:00,2026-01-12 22:00:00,351,Completed
WO00000255,P01,P01_L01,SKU001,2026-01-12 22:00:00,2026-01-13 06:00:00,351,Completed
WO00000256,P01,P01_L02,SKU008,2026-01-12 06:00:00,2026-01-12 14:00:00,425,Completed
WO00000257,P01,P01_L02,SKU001,2026-01-12 14:00:00,2026-01-12 22:00:00,351,Completed
WO00000258,P01,P01_L02,SKU008,2026-01-12 22:00:00,2026-01-13 06:00:00,425,Completed
WO00000259,P01,P01_L03,SKU008,2026-01-12 06:00:00,2026-01-12 14:00:00,425,Completed
WO00000260,P01,P01_L03,SKU008,2026-01-12 14:00:00,2026-01-12 22:00:00,425,Completed
WO00000261,P01,P01_L03,SKU003,2026-01-12 22:00:00,2026-01-13 06:00:00,436,Completed
WO00000262,P02,P02_L01,SKU003,2026-01-12 06:00:00,2026-01-12 14:00:00,344,Completed
WO00000263,P02,P02_L01,SKU004,2026-01-12 14:00:00,2026-01-12 22:00:00,344,Completed
WO00000264,P02,P02_L01,SKU004,2026-01-12 22:00:00,2026-01-13 06:00:00,344,Completed
WO00000265,P02,P02_L02,SKU004,2026-01-12 06:00:00,2026-01-12 14:00:00,394,Completed
WO00000266,P02,P02_L02,SKU004,2026-01-12 14:00:00,2026-01-12 22:00:00,394,Completed
WO00000267,P02,P02_L02,SKU004,2026-01-12 22:00:00,2026-01-13 06:00:00,394,Completed
WO00000268,P02,P02_L03,SKU004,2026-01-12 06:00:00,2026-01-12 14:00:00,331,Completed
WO00000269,P02,P02_L03,SKU005,2026-01-12 14:00:00,2026-01-12 22:00:00,331,Completed
WO00000270,P02,P02_L03,SKU005,2026-01-12 22:00:00,2026-01-13 06:00:00,331,Completed
WO00000271,P03,P03_L01,SKU001,2026-01-12 06:00:00,2026-01-12 14:00:00,351,Completed
WO00000272,P03,P03_L01,SKU004,2026-01-12 14:00:00,2026-01-12 22:00:00,399,Completed
WO00000273,P03,P03_L01,SKU001,2026-01-12 22:00:00,2026-01-13 06:00:00,351,Completed
WO00000274,P03,P03_L02,SKU001,2026-01-12 06:00:00,2026-01-12 14:00:00,351,Completed
WO00000275,P03,P03_L02,SKU002,2026-01-12 14:00:00,2026-01-12 22:00:00,398,Completed
WO00000276,P03,P03_L02,SKU001,2026-01-12 22:00:00,2026-01-13 06:00:00,351,Completed
WO00000277,P03,P03_L03,SKU006,2026-01-12 06:00:00,2026-01-12 14:00:00,386,Completed
WO00000278,P03,P03_L03,SKU004,2026-01-12 14:00:00,2026-01-12 22:00:00,399,Completed
WO00000279,P03,P03_L03,SKU001,2026-01-12 22:00:00,2026-01-13 06:00:00,351,Completed
WO00000280,P01,P01_L01,SKU005,2026-01-13 06:00:00,2026-01-13 14:00:00,355,Completed
WO00000281,P01,P01_L01,SKU005,2026-01-13 14:00:00,2026-01-13 22:00:00,355,Completed
WO00000282,P01,P01_L01,SKU001,2026-01-13 22:00:00,2026-01-14 06:00:00,351,Completed
WO00000283,P01,P01_L02,SKU002,2026-01-13 06:00:00,2026-01-13 14:00:00,459,Completed
WO00000284,P01,P01_L02,SKU006,2026-01-13 14:00:00,2026-01-13 22:00:00,386,Completed
WO00000285,P01,P01_L02,SKU001,2026-01-13 22:00:00,2026-01-14 06:00:00,351,Completed
WO00000286,P01,P01_L03,SKU003,2026-01-13 06:00:00,2026-01-13 14:00:00,436,Completed
WO00000287,P01,P01_L03,SKU008,2026-01-13 14:00:00,2026-01-13 22:00:00,425,Completed
WO00000288,P01,P01_L03,SKU003,2026-01-13 22:00:00,2026-01-14 06:00:00,436,Completed
WO00000289,P02,P02_L01,SKU003,2026-01-13 06:00:00,2026-01-13 14:00:00,344,Completed
WO00000290,P02,P02_L01,SKU003,2026-01-13 14:00:00,2026-01-13 22:00:00,344,Completed
WO00000291,P02,P02_L01,SKU005,2026-01-13 22:00:00,2026-01-14 06:00:00,344,Completed
WO00000292,P02,P02_L02,SKU004,2026-01-13 06:00:00,2026-01-13 14:00:00,394,Completed
WO00000293,P02,P02_L02,SKU002,2026-01-13 14:00:00,2026-01-13 22:00:00,394,Completed
WO00000294,P02,P02_L02,SKU004,2026-01-13 22:00:00,2026-01-14 06:00:00,394,Completed
WO00000295,P02,P02_L03,SKU007,2026-01-13 06:00:00,2026-01-13 14:00:00,331,Completed
WO00000296,P02,P02_L03,SKU003,2026-01-13 14:00:00,2026-01-13 22:00:00,331,Completed
WO00000297,P02,P02_L03,SKU003,2026-01-13 22:00:00,2026-01-14 06:00:00,331,Completed
WO00000298,P03,P03_L01,SKU004,2026-01-13 06:00:00,2026-01-13 14:00:00,399,Completed
WO00000299,P03,P03_L01,SKU001,2026-01-13 14:00:00,2026-01-13 22:00:00,351,Completed
WO00000300,P03,P03_L01,SKU001,2026-01-13 22:00:00,2026-01-14 06:00:00,351,Completed
WO00000301,P03,P03_L02,SKU006,2026-01-13 06:00:00,2026-01-13 14:00:00,386,Completed
WO00000302,P03,P03_L02,SKU006,2026-01-13 14:00:00,2026-01-13 22:00:00,386,Completed
WO00000303,P03,P03_L02,SKU005,2026-01-13 22:00:00,2026-01-14 06:00:00,355,Completed
WO00000304,P03,P03_L03,SKU001,2026-01-13 06:00:00,2026-01-13 14:00:00,351,Completed
WO00000305,P03,P03_L03,SKU003,2026-01-13 14:00:00,2026-01-13 22:00:00,409,Completed
WO00000306,P03,P03_L03,SKU001,2026-01-13 22:00:00,2026-01-14 06:00:00,351,Completed
WO00000307,P01,P01_L01,SKU005,2026-01-14 06:00:00,2026-01-14 14:00:00,355,Completed
WO00000308,P01,P01_L01,SKU005,2026-01-14 14:00:00,2026-01-14 22:00:00,355,Completed
WO00000309,P01,P01_L01,SKU008,2026-01-14 22:00:00,2026-01-15 06:00:00,425,Completed
WO00000310,P01,P01_L02,SKU006,2026-01-14 06:00:00,2026-01-14 14:00:00,386,Completed
WO00000311,P01,P01_L02,SKU006,2026-01-14 14:00:00,2026-01-14 22:00:00,386,Completed
WO00000312,P01,P01_L02,SKU002,2026-01-14 22:00:00,2026-01-15 06:00:00,459,Completed
WO00000313,P01,P01_L03,SKU008,2026-01-14 06:00:00,2026-01-14 14:00:00,425,Completed
WO00000314,P01,P01_L03,SKU003,2026-01-14 14:00:00,2026-01-14 22:00:00,436,Completed
WO00000315,P01,P01_L03,SKU003,2026-01-14 22:00:00,2026-01-15 06:00:00,436,Completed
WO00000316,P02,P02_L01,SKU005,2026-01-14 06:00:00,2026-01-14 14:00:00,344,Completed
WO00000317,P02,P02_L01,SKU006,2026-01-14 14:00:00,2026-01-14 22:00:00,344,Completed
WO00000318,P02,P02_L01,SKU003,2026-01-14 22:00:00,2026-01-15 06:00:00,344,Completed
WO00000319,P02,P02_L02,SKU002,2026-01-14 06:00:00,2026-01-14 14:00:00,394,Completed
WO00000320,P02,P02_L02,SKU008,2026-01-14 14:00:00,2026-01-14 22:00:00,394,Completed
WO00000321,P02,P02_L02,SKU006,2026-01-14 22:00:00,2026-01-15 06:00:00,386,Completed
WO00000322,P02,P02_L03,SKU007,2026-01-14 06:00:00,2026-01-14 14:00:00,331,Completed
WO00000323,P02,P02_L03,SKU003,2026-01-14 14:00:00,2026-01-14 22:00:00,331,Completed
WO00000324,P02,P02_L03,SKU003,2026-01-14 22:00:00,2026-01-15 06:00:00,331,Completed
WO00000325,P03,P03_L01,SKU001,2026-01-14 06:00:00,2026-01-14 14:00:00,351,Completed
WO00000326,P03,P03_L01,SKU003,2026-01-14 14:00:00,2026-01-14 22:00:00,406,Completed
WO00000327,P03,P03_L01,SKU004,2026-01-14 22:00:00,2026-01-15 06:00:00,399,Completed
WO00000328,P03,P03_L02,SKU001,2026-01-14 06:00:00,2026-01-14 14:00:00,351,Completed
WO00000329,P03,P03_L02,SKU006,2026-01-14 14:00:00,2026-01-14 22:00:00,386,Completed
WO00000330,P03,P03_L02,SKU001,2026-01-14 22:00:00,2026-01-15 06:00:00,351,Completed
WO00000331,P03,P03_L03,SKU004,2026-01-14 06:00:00,2026-01-14 14:00:00,399,Completed
WO00000332,P03,P03_L03,SKU006,2026-01-14 14:00:00,2026-01-14 22:00:00,386,Completed
WO00000333,P03,P03_L03,SKU004,2026-01-14 22:00:00,2026-01-15 06:00:00,399,Completed
WO00000334,P01,P01_L01,SKU001,2026-01-15 06:00:00,2026-01-15 14:00:00,351,Completed
WO00000335,P01,P01_L01,SKU005,2026-01-15 14:00:00,2026-01-15 22:00:00,355,Completed
WO00000336,P01,P01_L01,SKU006,2026-01-15 22:00:00,2026-01-16 06:00:00,386,Completed
WO00000337,P01,P01_L02,SKU001,2026-01-15 06:00:00,2026-01-15 14:00:00,351,Completed
WO00000338,P01,P01_L02,SKU004,2026-01-15 14:00:00,2026-01-15 22:00:00,399,Completed
WO00000339,P01,P01_L02,SKU002,2026-01-15 22:00:00,2026-01-16 06:00:00,459,Completed
WO00000340,P01,P01_L03,SKU002,2026-01-15 06:00:00,2026-01-15 14:00:00,507,Completed
WO00000341,P01,P01_L03,SKU002,2026-01-15 14:00:00,2026-01-15 22:00:00,507,Completed
WO00000342,P01,P01_L03,SKU008,2026-01-15 22:00:00,2026-01-16 06:00:00,425,Completed
WO00000343,P02,P02_L01,SKU003,2026-01-15 06:00:00,2026-01-15 14:00:00,344,Completed
WO00000344,P02,P02_L01,SKU002,2026-01-15 14:00:00,2026-01-15 22:00:00,344,Completed
WO00000345,P02,P02_L01,SKU006,2026-01-15 22:00:00,2026-01-16 06:00:00,344,Completed
WO00000346,P02,P02_L02,SKU006,2026-01-15 06:00:00,2026-01-15 14:00:00,386,Completed
WO00000347,P02,P02_L02,SKU004,2026-01-15 14:00:00,2026-01-15 22:00:00,394,Completed
WO00000348,P02,P02_L02,SKU004,2026-01-15 22:00:00,2026-01-16 06:00:00,394,Completed
WO00000349,P02,P02_L03,SKU003,2026-01-15 06:00:00,2026-01-15 14:00:00,331,Completed
WO00000350,P02,P02_L03,SKU005,2026-01-15 14:00:00,2026-01-15 22:00:00,331,Completed
WO00000351,P02,P02_L03,SKU008,2026-01-15 22:00:00,2026-01-16 06:00:00,331,Completed
WO00000352,P03,P03_L01,SKU001,2026-01-15 06:00:00,2026-01-15 14:00:00,351,Completed
WO00000353,P03,P03_L01,SKU001,2026-01-15 14:00:00,2026-01-15 22:00:00,351,Completed
WO00000354,P03,P03_L01,SKU004,2026-01-15 22:00:00,2026-01-16 06:00:00,399,Completed
WO00000355,P03,P03_L02,SKU001,2026-01-15 06:00:00,2026-01-15 14:00:00,351,Completed
WO00000356,P03,P03_L02,SKU001,2026-01-15 14:00:00,2026-01-15 22:00:00,351,Completed
WO00000357,P03,P03_L02,SKU006,2026-01-15 22:00:00,2026-01-16 06:00:00,386,Completed
WO00000358,P03,P03_L03,SKU004,2026-01-15 06:00:00,2026-01-15 14:00:00,399,Completed
WO00000359,P03,P03_L03,SKU004,2026-01-15 14:00:00,2026-01-15 22:00:00,399,Completed
WO00000360,P03,P03_L03,SKU001,2026-01-15 22:00:00,2026-01-16 06:00:00,351,Completed
WO00000361,P01,P01_L01,SKU001,2026-01-16 06:00:00,2026-01-16 14:00:00,351,Completed
WO00000362,P01,P01_L01,SKU005,2026-01-16 14:00:00,2026-01-16 22:00:00,355,Completed
WO00000363,P01,P01_L01,SKU005,2026-01-16 22:00:00,2026-01-17 06:00:00,355,Completed
WO00000364,P01,P01_L02,SKU001,2026-01-16 06:00:00,2026-01-16 14:00:00,351,Completed
WO00000365,P01,P01_L02,SKU003,2026-01-16 14:00:00,2026-01-16 22:00:00,436,Completed
WO00000366,P01,P01_L02,SKU004,2026-01-16 22:00:00,2026-01-17 06:00:00,399,Completed
WO00000367,P01,P01_L03,SKU003,2026-01-16 06:00:00,2026-01-16 14:00:00,436,Completed
WO00000368,P01,P01_L03,SKU004,2026-01-16 14:00:00,2026-01-16 22:00:00,399,Completed
WO00000369,P01,P01_L03,SKU003,2026-01-16 22:00:00,2026-01-17 06:00:00,436,Completed
WO00000370,P02,P02_L01,SKU003,2026-01-16 06:00:00,2026-01-16 14:00:00,344,Completed
WO00000371,P02,P02_L01,SKU002,2026-01-16 14:00:00,2026-01-16 22:00:00,344,Completed
WO00000372,P02,P02_L01,SKU003,2026-01-16 22:00:00,2026-01-17 06:00:00,344,Completed
WO00000373,P02,P02_L02,SKU006,2026-01-16 06:00:00,2026-01-16 14:00:00,386,Completed
WO00000374,P02,P02_L02,SKU006,2026-01-16 14:00:00,2026-01-16 22:00:00,386,Completed
WO00000375,P02,P02_L02,SKU006,2026-01-16 22:00:00,2026-01-17 06:00:00,386,Completed
WO00000376,P02,P02_L03,SKU003,2026-01-16 06:00:00,2026-01-16 14:00:00,331,Completed
WO00000377,P02,P02_L03,SKU004,2026-01-16 14:00:00,2026-01-16 22:00:00,331,Completed
WO00000378,P02,P02_L03,SKU007,2026-01-16 22:00:00,2026-01-17 06:00:00,331,Completed
WO00000379,P03,P03_L01,SKU001,2026-01-16 06:00:00,2026-01-16 14:00:00,351,Completed
WO00000380,P03,P03_L01,SKU003,2026-01-16 14:00:00,2026-01-16 22:00:00,406,Completed
WO00000381,P03,P03_L01,SKU003,2026-01-16 22:00:00,2026-01-17 06:00:00,406,Completed
WO00000382,P03,P03_L02,SKU002,2026-01-16 06:00:00,2026-01-16 14:00:00,398,Completed
WO00000383,P03,P03_L02,SKU006,2026-01-16 14:00:00,2026-01-16 22:00:00,386,Completed
WO00000384,P03,P03_L02,SKU001,2026-01-16 22:00:00,2026-01-17 06:00:00,351,Completed
WO00000385,P03,P03_L03,SKU004,2026-01-16 06:00:00,2026-01-16 14:00:00,399,Completed
WO00000386,P03,P03_L03,SKU003,2026-01-16 14:00:00,2026-01-16 22:00:00,409,Completed
WO00000387,P03,P03_L03,SKU004,2026-01-16 22:00:00,2026-01-17 06:00:00,399,Completed
WO00000388,P01,P01_L01,SKU001,2026-01-17 14:00:00,2026-01-17 22:00:00,351,Completed
WO00000389,P01,P01_L02,SKU002,2026-01-17 06:00:00,2026-01-17 14:00:00,459,Completed
WO00000390,P01,P01_L02,SKU003,2026-01-17 22:00:00,2026-01-18 06:00:00,436,Completed
WO00000391,P01,P01_L03,SKU003,2026-01-17 06:00:00,2026-01-17 14:00:00,436,Completed
WO00000392,P01,P01_L03,SKU003,2026-01-17 22:00:00,2026-01-18 06:00:00,436,Completed
WO00000393,P02,P02_L01,SKU005,2026-01-17 06:00:00,2026-01-17 14:00:00,344,Completed
WO00000394,P02,P02_L01,SKU005,2026-01-17 14:00:00,2026-01-17 22:00:00,344,Completed
WO00000395,P02,P02_L01,SKU001,2026-01-17 22:00:00,2026-01-18 06:00:00,344,Completed
WO00000396,P02,P02_L02,SKU004,2026-01-17 06:00:00,2026-01-17 14:00:00,394,Completed
WO00000397,P02,P02_L02,SKU003,2026-01-17 14:00:00,2026-01-17 22:00:00,394,Completed
WO00000398,P02,P02_L02,SKU002,2026-01-17 22:00:00,2026-01-18 06:00:00,394,Completed
WO00000399,P02,P02_L03,SKU005,2026-01-17 14:00:00,2026-01-17 22:00:00,331,Completed
WO00000400,P03,P03_L01,SKU003,2026-01-17 06:00:00,2026-01-17 14:00:00,406,Completed
WO00000401,P03,P03_L01,SKU007,2026-01-17 22:00:00,2026-01-18 06:00:00,406,Completed
WO00000402,P03,P03_L02,SKU006,2026-01-17 06:00:00,2026-01-17 14:00:00,386,Completed
WO00000403,P03,P03_L02,SKU006,2026-01-17 14:00:00,2026-01-17 22:00:00,386,Completed
WO00000404,P03,P03_L03,SKU001,2026-01-17 06:00:00,2026-01-17 14:00:00,351,Completed
WO00000405,P03,P03_L03,SKU006,2026-01-17 14:00:00,2026-01-17 22:00:00,386,Completed
WO00000406,P01,P01_L01,SKU001,2026-01-18 06:00:00,2026-01-18 14:00:00,351,Completed
WO00000407,P01,P01_L01,SKU004,2026-01-18 14:00:00,2026-01-18 22:00:00,399,Completed
WO00000408,P01,P01_L01,SKU007,2026-01-18 22:00:00,2026-01-19 06:00:00,492,Completed
WO00000409,P01,P01_L02,SKU004,2026-01-18 06:00:00,2026-01-18 14:00:00,399,Completed
WO00000410,P01,P01_L03,SKU003,2026-01-18 06:00:00,2026-01-18 14:00:00,436,Completed
WO00000411,P01,P01_L03,SKU003,2026-01-18 22:00:00,2026-01-19 06:00:00,436,Completed
WO00000412,P02,P02_L01,SKU003,2026-01-18 06:00:00,2026-01-18 14:00:00,344,Completed
WO00000413,P02,P02_L01,SKU003,2026-01-18 14:00:00,2026-01-18 22:00:00,344,Completed
WO00000414,P02,P02_L01,SKU001,2026-01-18 22:00:00,2026-01-19 06:00:00,344,Completed
WO00000415,P02,P02_L02,SKU002,2026-01-18 06:00:00,2026-01-18 14:00:00,394,Completed
WO00000416,P02,P02_L02,SKU002,2026-01-18 14:00:00,2026-01-18 22:00:00,394,Completed
WO00000417,P02,P02_L03,SKU003,2026-01-18 22:00:00,2026-01-19 06:00:00,331,Completed
WO00000418,P03,P03_L01,SKU001,2026-01-18 06:00:00,2026-01-18 14:00:00,351,Completed
WO00000419,P03,P03_L01,SKU004,2026-01-18 14:00:00,2026-01-18 22:00:00,399,Completed
WO00000420,P03,P03_L01,SKU001,2026-01-18 22:00:00,2026-01-19 06:00:00,351,Completed
WO00000421,P03,P03_L02,SKU006,2026-01-18 06:00:00,2026-01-18 14:00:00,386,Completed
WO00000422,P03,P03_L02,SKU006,2026-01-18 22:00:00,2026-01-19 06:00:00,386,Completed
WO00000423,P03,P03_L03,SKU004,2026-01-18 14:00:00,2026-01-18 22:00:00,399,Completed
WO00000424,P01,P01_L01,SKU005,2026-01-19 06:00:00,2026-01-19 14:00:00,355,Completed
WO00000425,P01,P01_L01,SKU005,2026-01-19 14:00:00,2026-01-19 22:00:00,355,Completed
WO00000426,P01,P01_L01,SKU005,2026-01-19 22:00:00,2026-01-20 06:00:00,355,Completed
WO00000427,P01,P01_L02,SKU004,2026-01-19 06:00:00,2026-01-19 14:00:00,399,Completed
WO00000428,P01,P01_L02,SKU001,2026-01-19 14:00:00,2026-01-19 22:00:00,351,Completed
WO00000429,P01,P01_L02,SKU004,2026-01-19 22:00:00,2026-01-20 06:00:00,399,Completed
WO00000430,P01,P01_L03,SKU004,2026-01-19 06:00:00,2026-01-19 14:00:00,399,Completed
WO00000431,P01,P01_L03,SKU005,2026-01-19 14:00:00,2026-01-19 22:00:00,355,Completed
WO00000432,P01,P01_L03,SKU008,2026-01-19 22:00:00,2026-01-20 06:00:00,425,Completed
WO00000433,P02,P02_L01,SKU005,2026-01-19 06:00:00,2026-01-19 14:00:00,344,Completed
WO00000434,P02,P02_L01,SKU003,2026-01-19 14:00:00,2026-01-19 22:00:00,344,Completed
WO00000435,P02,P02_L01,SKU003,2026-01-19 22:00:00,2026-01-20 06:00:00,344,Completed
WO00000436,P02,P02_L02,SKU006,2026-01-19 06:00:00,2026-01-19 14:00:00,386,Completed
WO00000437,P02,P02_L02,SKU005,2026-01-19 14:00:00,2026-01-19 22:00:00,355,Completed
WO00000438,P02,P02_L02,SKU004,2026-01-19 22:00:00,2026-01-20 06:00:00,394,Completed
WO00000439,P02,P02_L03,SKU005,2026-01-19 06:00:00,2026-01-19 14:00:00,331,Completed
WO00000440,P02,P02_L03,SKU003,2026-01-19 14:00:00,2026-01-19 22:00:00,331,Completed
WO00000441,P02,P02_L03,SKU005,2026-01-19 22:00:00,2026-01-20 06:00:00,331,Completed
WO00000442,P03,P03_L01,SKU001,2026-01-19 06:00:00,2026-01-19 14:00:00,351,Completed
WO00000443,P03,P03_L01,SKU004,2026-01-19 14:00:00,2026-01-19 22:00:00,399,Completed
WO00000444,P03,P03_L01,SKU001,2026-01-19 22:00:00,2026-01-20 06:00:00,351,Completed
WO00000445,P03,P03_L02,SKU001,2026-01-19 06:00:00,2026-01-19 14:00:00,351,Completed
WO00000446,P03,P03_L02,SKU001,2026-01-19 14:00:00,2026-01-19 22:00:00,351,Completed
WO00000447,P03,P03_L02,SKU006,2026-01-19 22:00:00,2026-01-20 06:00:00,386,Completed
WO00000448,P03,P03_L03,SKU004,2026-01-19 06:00:00,2026-01-19 14:00:00,399,Completed
WO00000449,P03,P03_L03,SKU001,2026-01-19 14:00:00,2026-01-19 22:00:00,351,Completed
WO00000450,P03,P03_L03,SKU001,2026-01-19 22:00:00,2026-01-20 06:00:00,351,Completed
WO00000451,P01,P01_L01,SKU005,2026-01-20 06:00:00,2026-01-20 14:00:00,355,Completed
WO00000452,P01,P01_L01,SKU005,2026-01-20 14:00:00,2026-01-20 22:00:00,355,Completed
WO00000453,P01,P01_L01,SKU004,2026-01-20 22:00:00,2026-01-21 06:00:00,399,Completed
WO00000454,P01,P01_L02,SKU003,2026-01-20 06:00:00,2026-01-20 14:00:00,436,Completed
WO00000455,P01,P01_L02,SKU001,2026-01-20 14:00:00,2026-01-20 22:00:00,351,Completed
WO00000456,P01,P01_L02,SKU008,2026-01-20 22:00:00,2026-01-21 06:00:00,425,Completed
WO00000457,P01,P01_L03,SKU003,2026-01-20 06:00:00,2026-01-20 14:00:00,436,Completed
WO00000458,P01,P01_L03,SKU004,2026-01-20 14:00:00,2026-01-20 22:00:00,399,Completed
WO00000459,P01,P01_L03,SKU003,2026-01-20 22:00:00,2026-01-21 06:00:00,436,Completed
WO00000460,P02,P02_L01,SKU001,2026-01-20 06:00:00,2026-01-20 14:00:00,344,Completed
WO00000461,P02,P02_L01,SKU003,2026-01-20 14:00:00,2026-01-20 22:00:00,344,Completed
WO00000462,P02,P02_L01,SKU001,2026-01-20 22:00:00,2026-01-21 06:00:00,344,Completed
WO00000463,P02,P02_L02,SKU002,2026-01-20 06:00:00,2026-01-20 14:00:00,394,Completed
WO00000464,P02,P02_L02,SKU002,2026-01-20 14:00:00,2026-01-20 22:00:00,394,Completed
WO00000465,P02,P02_L02,SKU006,2026-01-20 22:00:00,2026-01-21 06:00:00,386,Completed
WO00000466,P02,P02_L03,SKU003,2026-01-20 06:00:00,2026-01-20 14:00:00,331,Completed
WO00000467,P02,P02_L03,SKU004,2026-01-20 14:00:00,2026-01-20 22:00:00,331,Completed
WO00000468,P02,P02_L03,SKU007,2026-01-20 22:00:00,2026-01-21 06:00:00,331,Completed
WO00000469,P03,P03_L01,SKU004,2026-01-20 06:00:00,2026-01-20 14:00:00,399,Completed
WO00000470,P03,P03_L01,SKU003,2026-01-20 14:00:00,2026-01-20 22:00:00,406,Completed
WO00000471,P03,P03_L01,SKU001,2026-01-20 22:00:00,2026-01-21 06:00:00,351,Completed
WO00000472,P03,P03_L02,SKU008,2026-01-20 06:00:00,2026-01-20 14:00:00,398,Completed
WO00000473,P03,P03_L02,SKU001,2026-01-20 14:00:00,2026-01-20 22:00:00,351,Completed
WO00000474,P03,P03_L02,SKU001,2026-01-20 22:00:00,2026-01-21 06:00:00,351,Completed
WO00000475,P03,P03_L03,SKU003,2026-01-20 06:00:00,2026-01-20 14:00:00,409,Completed
WO00000476,P03,P03_L03,SKU003,2026-01-20 14:00:00,2026-01-20 22:00:00,409,Completed
WO00000477,P03,P03_L03,SKU003,2026-01-20 22:00:00,2026-01-21 06:00:00,409,Completed
WO00000478,P01,P01_L01,SKU005,2026-01-21 06:00:00,2026-01-21 14:00:00,355,Completed
WO00000479,P01,P01_L01,SKU005,2026-01-21 14:00:00,2026-01-21 22:00:00,355,Completed
WO00000480,P01,P01_L01,SKU007,2026-01-21 22:00:00,2026-01-22 06:00:00,492,Completed
WO00000481,P01,P01_L02,SKU004,2026-01-21 06:00:00,2026-01-21 14:00:00,399,Completed
WO00000482,P01,P01_L02,SKU004,2026-01-21 14:00:00,2026-01-21 22:00:00,399,Completed
WO00000483,P01,P01_L02,SKU001,2026-01-21 22:00:00,2026-01-22 06:00:00,351,Completed
WO00000484,P01,P01_L03,SKU003,2026-01-21 06:00:00,2026-01-21 14:00:00,436,Completed
WO00000485,P01,P01_L03,SKU003,2026-01-21 14:00:00,2026-01-21 22:00:00,436,Completed
WO00000486,P01,P01_L03,SKU003,2026-01-21 22:00:00,2026-01-22 06:00:00,436,Completed
WO00000487,P02,P02_L01,SKU003,2026-01-21 06:00:00,2026-01-21 14:00:00,344,Completed
WO00000488,P02,P02_L01,SKU001,2026-01-21 14:00:00,2026-01-21 22:00:00,344,Completed
WO00000489,P02,P02_L01,SKU002,2026-01-21 22:00:00,2026-01-22 06:00:00,344,Completed
WO00000490,P02,P02_L02,SKU004,2026-01-21 06:00:00,2026-01-21 14:00:00,394,Completed
WO00000491,P02,P02_L02,SKU004,2026-01-21 14:00:00,2026-01-21 22:00:00,394,Completed
WO00000492,P02,P02_L02,SKU004,2026-01-21 22:00:00,2026-01-22 06:00:00,394,Completed
WO00000493,P02,P02_L03,SKU001,2026-01-21 06:00:00,2026-01-21 14:00:00,331,Completed
WO00000494,P02,P02_L03,SKU001,2026-01-21 14:00:00,2026-01-21 22:00:00,331,Completed
WO00000495,P02,P02_L03,SKU007,2026-01-21 22:00:00,2026-01-22 06:00:00,331,Completed
WO00000496,P03,P03_L01,SKU004,2026-01-21 06:00:00,2026-01-21 14:00:00,399,Completed
WO00000497,P03,P03_L01,SKU001,2026-01-21 14:00:00,2026-01-21 22:00:00,351,Completed
WO00000498,P03,P03_L01,SKU001,2026-01-21 22:00:00,2026-01-22 06:00:00,351,Completed
WO00000499,P03,P03_L02,SKU001,2026-01-21 06:00:00,2026-01-21 14:00:00,351,Completed
WO00000500,P03,P03_L02,SKU006,2026-01-21 14:00:00,2026-01-21 22:00:00,386,Completed
WO00000501,P03,P03_L02,SKU008,2026-01-21 22:00:00,2026-01-22 06:00:00,398,Completed
WO00000502,P03,P03_L03,SKU001,2026-01-21 06:00:00,2026-01-21 14:00:00,351,Completed
WO00000503,P03,P03_L03,SKU004,2026-01-21 14:00:00,2026-01-21 22:00:00,399,Completed
WO00000504,P03,P03_L03,SKU004,2026-01-21 22:00:00,2026-01-22 06:00:00,399,Completed
WO00000505,P01,P01_L01,SKU007,2026-01-22 06:00:00,2026-01-22 14:00:00,492,Completed
WO00000506,P01,P01_L01,SKU001,2026-01-22 14:00:00,2026-01-22 22:00:00,351,Completed
WO00000507,P01,P01_L01,SKU001,2026-01-22 22:00:00,2026-01-23 06:00:00,351,Completed
WO00000508,P01,P01_L02,SKU004,2026-01-22 06:00:00,2026-01-22 14:00:00,399,Completed
WO00000509,P01,P01_L02,SKU004,2026-01-22 14:00:00,2026-01-22 22:00:00,399,Completed
WO00000510,P01,P01_L02,SKU002,2026-01-22 22:00:00,2026-01-23 06:00:00,459,Completed
WO00000511,P01,P01_L03,SKU004,2026-01-22 06:00:00,2026-01-22 14:00:00,399,Completed
WO00000512,P01,P01_L03,SKU003,2026-01-22 14:00:00,2026-01-22 22:00:00,436,Completed
WO00000513,P01,P01_L03,SKU003,2026-01-22 22:00:00,2026-01-23 06:00:00,436,Completed
WO00000514,P02,P02_L01,SKU006,2026-01-22 06:00:00,2026-01-22 14:00:00,344,Completed
WO00000515,P02,P02_L01,SKU003,2026-01-22 14:00:00,2026-01-22 22:00:00,344,Completed
WO00000516,P02,P02_L01,SKU003,2026-01-22 22:00:00,2026-01-23 06:00:00,344,Completed
WO00000517,P02,P02_L02,SKU004,2026-01-22 06:00:00,2026-01-22 14:00:00,394,Completed
WO00000518,P02,P02_L02,SKU002,2026-01-22 14:00:00,2026-01-22 22:00:00,394,Completed
WO00000519,P02,P02_L02,SKU006,2026-01-22 22:00:00,2026-01-23 06:00:00,386,Completed
WO00000520,P02,P02_L03,SKU003,2026-01-22 06:00:00,2026-01-22 14:00:00,331,Completed
WO00000521,P02,P02_L03,SKU003,2026-01-22 14:00:00,2026-01-22 22:00:00,331,Completed
WO00000522,P02,P02_L03,SKU007,2026-01-22 22:00:00,2026-01-23 06:00:00,331,Completed
WO00000523,P03,P03_L01,SKU001,2026-01-22 06:00:00,2026-01-22 14:00:00,351,Completed
WO00000524,P03,P03_L01,SKU004,2026-01-22 14:00:00,2026-01-22 22:00:00,399,Completed
WO00000525,P03,P03_L01,SKU001,2026-01-22 22:00:00,2026-01-23 06:00:00,351,Completed
WO00000526,P03,P03_L02,SKU001,2026-01-22 06:00:00,2026-01-22 14:00:00,351,Completed
WO00000527,P03,P03_L02,SKU001,2026-01-22 14:00:00,2026-01-22 22:00:00,351,Completed
WO00000528,P03,P03_L02,SKU004,2026-01-22 22:00:00,2026-01-23 06:00:00,398,Completed
WO00000529,P03,P03_L03,SKU003,2026-01-22 06:00:00,2026-01-22 14:00:00,409,Completed
WO00000530,P03,P03_L03,SKU003,2026-01-22 14:00:00,2026-01-22 22:00:00,409,Completed
WO00000531,P03,P03_L03,SKU004,2026-01-22 22:00:00,2026-01-23 06:00:00,399,Completed
WO00000532,P01,P01_L01,SKU004,2026-01-23 06:00:00,2026-01-23 14:00:00,399,Completed
WO00000533,P01,P01_L01,SKU001,2026-01-23 14:00:00,2026-01-23 22:00:00,351,Completed
WO00000534,P01,P01_L01,SKU005,2026-01-23 22:00:00,2026-01-24 06:00:00,355,Completed
WO00000535,P01,P01_L02,SKU006,2026-01-23 06:00:00,2026-01-23 14:00:00,386,Completed
WO00000536,P01,P01_L02,SKU004,2026-01-23 14:00:00,2026-01-23 22:00:00,399,Completed
WO00000537,P01,P01_L02,SKU001,2026-01-23 22:00:00,2026-01-24 06:00:00,351,Completed
WO00000538,P01,P01_L03,SKU003,2026-01-23 06:00:00,2026-01-23 14:00:00,436,Completed
WO00000539,P01,P01_L03,SKU008,2026-01-23 14:00:00,2026-01-23 22:00:00,425,Completed
WO00000540,P01,P01_L03,SKU003,2026-01-23 22:00:00,2026-01-24 06:00:00,436,Completed
WO00000541,P02,P02_L01,SKU006,2026-01-23 06:00:00,2026-01-23 14:00:00,344,Completed
WO00000542,P02,P02_L01,SKU003,2026-01-23 14:00:00,2026-01-23 22:00:00,344,Completed
WO00000543,P02,P02_L01,SKU006,2026-01-23 22:00:00,2026-01-24 06:00:00,344,Completed
WO00000544,P02,P02_L02,SKU002,2026-01-23 06:00:00,2026-01-23 14:00:00,394,Completed
WO00000545,P02,P02_L02,SKU002,2026-01-23 14:00:00,2026-01-23 22:00:00,394,Completed
WO00000546,P02,P02_L02,SKU002,2026-01-23 22:00:00,2026-01-24 06:00:00,394,Completed
WO00000547,P02,P02_L03,SKU005,2026-01-23 06:00:00,2026-01-23 14:00:00,331,Completed
WO00000548,P02,P02_L03,SKU001,2026-01-23 14:00:00,2026-01-23 22:00:00,331,Completed
WO00000549,P02,P02_L03,SKU003,2026-01-23 22:00:00,2026-01-24 06:00:00,331,Completed
WO00000550,P03,P03_L01,SKU007,2026-01-23 06:00:00,2026-01-23 14:00:00,406,Completed
WO00000551,P03,P03_L01,SKU001,2026-01-23 14:00:00,2026-01-23 22:00:00,351,Completed
WO00000552,P03,P03_L01,SKU004,2026-01-23 22:00:00,2026-01-24 06:00:00,399,Completed
WO00000553,P03,P03_L02,SKU002,2026-01-23 06:00:00,2026-01-23 14:00:00,398,Completed
WO00000554,P03,P03_L02,SKU006,2026-01-23 14:00:00,2026-01-23 22:00:00,386,Completed
WO00000555,P03,P03_L02,SKU002,2026-01-23 22:00:00,2026-01-24 06:00:00,398,Completed
WO00000556,P03,P03_L03,SKU003,2026-01-23 06:00:00,2026-01-23 14:00:00,409,Completed
WO00000557,P03,P03_L03,SKU004,2026-01-23 14:00:00,2026-01-23 22:00:00,399,Completed
WO00000558,P03,P03_L03,SKU004,2026-01-23 22:00:00,2026-01-24 06:00:00,399,Completed
WO00000559,P01,P01_L01,SKU005,2026-01-24 06:00:00,2026-01-24 14:00:00,355,Completed
WO00000560,P01,P01_L01,SKU001,2026-01-24 22:00:00,2026-01-25 06:00:00,351,Completed
WO00000561,P01,P01_L02,SKU001,2026-01-24 14:00:00,2026-01-24 22:00:00,351,Completed
WO00000562,P01,P01_L03,SKU003,2026-01-24 06:00:00,2026-01-24 14:00:00,436,Completed
WO00000563,P01,P01_L03,SKU003,2026-01-24 22:00:00,2026-01-25 06:00:00,436,Completed
WO00000564,P02,P02_L01,SKU006,2026-01-24 06:00:00,2026-01-24 14:00:00,344,Completed
WO00000565,P02,P02_L02,SKU002,2026-01-24 22:00:00,2026-01-25 06:00:00,394,Completed
WO00000566,P02,P02_L03,SKU003,2026-01-24 14:00:00,2026-01-24 22:00:00,331,Completed
WO00000567,P03,P03_L01,SKU003,2026-01-24 06:00:00,2026-01-24 14:00:00,406,Completed
WO00000568,P03,P03_L01,SKU001,2026-01-24 14:00:00,2026-01-24 22:00:00,351,Completed
WO00000569,P03,P03_L03,SKU003,2026-01-24 06:00:00,2026-01-24 14:00:00,409,Completed
WO00000570,P03,P03_L03,SKU004,2026-01-24 14:00:00,2026-01-24 22:00:00,399,Completed
WO00000571,P03,P03_L03,SKU004,2026-01-24 22:00:00,2026-01-25 06:00:00,399,Completed
WO00000572,P01,P01_L01,SKU001,2026-01-25 06:00:00,2026-01-25 14:00:00,351,Completed
WO00000573,P01,P01_L01,SKU001,2026-01-25 14:00:00,2026-01-25 22:00:00,351,Completed
WO00000574,P01,P01_L02,SKU008,2026-01-25 06:00:00,2026-01-25 14:00:00,425,Completed
WO00000575,P01,P01_L02,SKU001,2026-01-25 14:00:00,2026-01-25 22:00:00,351,Completed
WO00000576,P01,P01_L02,SKU001,2026-01-25 22:00:00,2026-01-26 06:00:00,351,Completed
WO00000577,P01,P01_L03,SKU008,2026-01-25 06:00:00,2026-01-25 14:00:00,425,Completed
WO00000578,P01,P01_L03,SKU008,2026-01-25 14:00:00,2026-01-25 22:00:00,425,Completed
WO00000579,P01,P01_L03,SKU003,2026-01-25 22:00:00,2026-01-26 06:00:00,436,Completed
WO00000580,P02,P02_L01,SKU006,2026-01-25 06:00:00,2026-01-25 14:00:00,344,Completed
WO00000581,P02,P02_L01,SKU008,2026-01-25 22:00:00,2026-01-26 06:00:00,344,Completed
WO00000582,P02,P02_L02,SKU006,2026-01-25 06:00:00,2026-01-25 14:00:00,386,Completed
WO00000583,P02,P02_L03,SKU007,2026-01-25 06:00:00,2026-01-25 14:00:00,331,Completed
WO00000584,P02,P02_L03,SKU008,2026-01-25 22:00:00,2026-01-26 06:00:00,331,Completed
WO00000585,P03,P03_L01,SKU001,2026-01-25 06:00:00,2026-01-25 14:00:00,351,Completed
WO00000586,P03,P03_L02,SKU006,2026-01-25 06:00:00,2026-01-25 14:00:00,386,Completed
WO00000587,P03,P03_L02,SKU006,2026-01-25 14:00:00,2026-01-25 22:00:00,386,Completed
WO00000588,P03,P03_L02,SKU001,2026-01-25 22:00:00,2026-01-26 06:00:00,351,Completed
WO00000589,P03,P03_L03,SKU004,2026-01-25 06:00:00,2026-01-25 14:00:00,399,Completed
WO00000590,P03,P03_L03,SKU003,2026-01-25 22:00:00,2026-01-26 06:00:00,409,Completed
WO00000591,P01,P01_L01,SKU002,2026-01-26 06:00:00,2026-01-26 14:00:00,492,Completed
WO00000592,P01,P01_L01,SKU007,2026-01-26 14:00:00,2026-01-26 22:00:00,492,Completed
WO00000593,P01,P01_L01,SKU007,2026-01-26 22:00:00,2026-01-27 06:00:00,492,Completed
WO00000594,P01,P01_L02,SKU008,2026-01-26 06:00:00,2026-01-26 14:00:00,425,Completed
WO00000595,P01,P01_L02,SKU006,2026-01-26 14:00:00,2026-01-26 22:00:00,386,Completed
WO00000596,P01,P01_L02,SKU004,2026-01-26 22:00:00,2026-01-27 06:00:00,399,Completed
WO00000597,P01,P01_L03,SKU004,2026-01-26 06:00:00,2026-01-26 14:00:00,399,Completed
WO00000598,P01,P01_L03,SKU003,2026-01-26 14:00:00,2026-01-26 22:00:00,436,Completed
WO00000599,P01,P01_L03,SKU008,2026-01-26 22:00:00,2026-01-27 06:00:00,425,Completed
WO00000600,P02,P02_L01,SKU003,2026-01-26 06:00:00,2026-01-26 14:00:00,344,Completed
WO00000601,P02,P02_L01,SKU003,2026-01-26 14:00:00,2026-01-26 22:00:00,344,Completed
WO00000602,P02,P02_L01,SKU002,2026-01-26 22:00:00,2026-01-27 06:00:00,344,Completed
WO00000603,P02,P02_L02,SKU006,2026-01-26 06:00:00,2026-01-26 14:00:00,386,Completed
WO00000604,P02,P02_L02,SKU002,2026-01-26 14:00:00,2026-01-26 22:00:00,394,Completed
WO00000605,P02,P02_L02,SKU004,2026-01-26 22:00:00,2026-01-27 06:00:00,394,Completed
WO00000606,P02,P02_L03,SKU007,2026-01-26 06:00:00,2026-01-26 14:00:00,331,Completed
WO00000607,P02,P02_L03,SKU003,2026-01-26 14:00:00,2026-01-26 22:00:00,331,Completed
WO00000608,P02,P02_L03,SKU005,2026-01-26 22:00:00,2026-01-27 06:00:00,331,Completed
WO00000609,P03,P03_L01,SKU001,2026-01-26 06:00:00,2026-01-26 14:00:00,351,Completed
WO00000610,P03,P03_L01,SKU001,2026-01-26 14:00:00,2026-01-26 22:00:00,351,Completed
WO00000611,P03,P03_L01,SKU004,2026-01-26 22:00:00,2026-01-27 06:00:00,399,Completed
WO00000612,P03,P03_L02,SKU004,2026-01-26 06:00:00,2026-01-26 14:00:00,398,Completed
WO00000613,P03,P03_L02,SKU006,2026-01-26 14:00:00,2026-01-26 22:00:00,386,Completed
WO00000614,P03,P03_L02,SKU006,2026-01-26 22:00:00,2026-01-27 06:00:00,386,Completed
WO00000615,P03,P03_L03,SKU004,2026-01-26 06:00:00,2026-01-26 14:00:00,399,Completed
WO00000616,P03,P03_L03,SKU003,2026-01-26 14:00:00,2026-01-26 22:00:00,409,Completed
WO00000617,P03,P03_L03,SKU004,2026-01-26 22:00:00,2026-01-27 06:00:00,399,Completed
WO00000618,P01,P01_L01,SKU005,2026-01-27 06:00:00,2026-01-27 14:00:00,355,Completed
WO00000619,P01,P01_L01,SKU005,2026-01-27 14:00:00,2026-01-27 22:00:00,355,Completed
WO00000620,P01,P01_L01,SKU005,2026-01-27 22:00:00,2026-01-28 06:00:00,355,Completed
WO00000621,P01,P01_L02,SKU001,2026-01-27 06:00:00,2026-01-27 14:00:00,351,Completed
WO00000622,P01,P01_L02,SKU004,2026-01-27 14:00:00,2026-01-27 22:00:00,399,Completed
WO00000623,P01,P01_L02,SKU003,2026-01-27 22:00:00,2026-01-28 06:00:00,436,Completed
WO00000624,P01,P01_L03,SKU008,2026-01-27 06:00:00,2026-01-27 14:00:00,425,Completed
WO00000625,P01,P01_L03,SKU003,2026-01-27 14:00:00,2026-01-27 22:00:00,436,Completed
WO00000626,P01,P01_L03,SKU003,2026-01-27 22:00:00,2026-01-28 06:00:00,436,Completed
WO00000627,P02,P02_L01,SKU003,2026-01-27 06:00:00,2026-01-27 14:00:00,344,Completed
WO00000628,P02,P02_L01,SKU002,2026-01-27 14:00:00,2026-01-27 22:00:00,344,Completed
WO00000629,P02,P02_L01,SKU003,2026-01-27 22:00:00,2026-01-28 06:00:00,344,Completed
WO00000630,P02,P02_L02,SKU002,2026-01-27 06:00:00,2026-01-27 14:00:00,394,Completed
WO00000631,P02,P02_L02,SKU006,2026-01-27 14:00:00,2026-01-27 22:00:00,386,Completed
WO00000632,P02,P02_L02,SKU006,2026-01-27 22:00:00,2026-01-28 06:00:00,386,Completed
WO00000633,P02,P02_L03,SKU007,2026-01-27 06:00:00,2026-01-27 14:00:00,331,Completed
WO00000634,P02,P02_L03,SKU005,2026-01-27 14:00:00,2026-01-27 22:00:00,331,Completed
WO00000635,P02,P02_L03,SKU007,2026-01-27 22:00:00,2026-01-28 06:00:00,331,Completed
WO00000636,P03,P03_L01,SKU003,2026-01-27 06:00:00,2026-01-27 14:00:00,406,Completed
WO00000637,P03,P03_L01,SKU001,2026-01-27 14:00:00,2026-01-27 22:00:00,351,Completed
WO00000638,P03,P03_L01,SKU006,2026-01-27 22:00:00,2026-01-28 06:00:00,386,Completed
WO00000639,P03,P03_L02,SKU001,2026-01-27 06:00:00,2026-01-27 14:00:00,351,Completed
WO00000640,P03,P03_L02,SKU006,2026-01-27 14:00:00,2026-01-27 22:00:00,386,Completed
WO00000641,P03,P03_L02,SKU002,2026-01-27 22:00:00,2026-01-28 06:00:00,398,Completed
WO00000642,P03,P03_L03,SKU004,2026-01-27 06:00:00,2026-01-27 14:00:00,399,Completed
WO00000643,P03,P03_L03,SKU001,2026-01-27 14:00:00,2026-01-27 22:00:00,351,Completed
WO00000644,P03,P03_L03,SKU001,2026-01-27 22:00:00,2026-01-28 06:00:00,351,Completed
WO00000645,P01,P01_L01,SKU007,2026-01-28 06:00:00,2026-01-28 14:00:00,492,Completed
WO00000646,P01,P01_L01,SKU004,2026-01-28 14:00:00,2026-01-28 22:00:00,399,Completed
WO00000647,P01,P01_L01,SKU007,2026-01-28 22:00:00,2026-01-29 06:00:00,492,Completed
WO00000648,P01,P01_L02,SKU004,2026-01-28 06:00:00,2026-01-28 14:00:00,399,Completed
WO00000649,P01,P01_L02,SKU001,2026-01-28 14:00:00,2026-01-28 22:00:00,351,Completed
WO00000650,P01,P01_L02,SKU008,2026-01-28 22:00:00,2026-01-29 06:00:00,425,Completed
WO00000651,P01,P01_L03,SKU003,2026-01-28 06:00:00,2026-01-28 14:00:00,436,Completed
WO00000652,P01,P01_L03,SKU003,2026-01-28 14:00:00,2026-01-28 22:00:00,436,Completed
WO00000653,P01,P01_L03,SKU003,2026-01-28 22:00:00,2026-01-29 06:00:00,436,Completed
WO00000654,P02,P02_L01,SKU004,2026-01-28 06:00:00,2026-01-28 14:00:00,344,Completed
WO00000655,P02,P02_L01,SKU003,2026-01-28 14:00:00,2026-01-28 22:00:00,344,Completed
WO00000656,P02,P02_L01,SKU001,2026-01-28 22:00:00,2026-01-29 06:00:00,344,Completed
WO00000657,P02,P02_L02,SKU004,2026-01-28 06:00:00,2026-01-28 14:00:00,394,Completed
WO00000658,P02,P02_L02,SKU002,2026-01-28 14:00:00,2026-01-28 22:00:00,394,Completed
WO00000659,P02,P02_L02,SKU004,2026-01-28 22:00:00,2026-01-29 06:00:00,394,Completed
WO00000660,P02,P02_L03,SKU004,2026-01-28 06:00:00,2026-01-28 14:00:00,331,Completed
WO00000661,P02,P02_L03,SKU001,2026-01-28 14:00:00,2026-01-28 22:00:00,331,Completed
WO00000662,P02,P02_L03,SKU005,2026-01-28 22:00:00,2026-01-29 06:00:00,331,Completed
WO00000663,P03,P03_L01,SKU004,2026-01-28 06:00:00,2026-01-28 14:00:00,399,Completed
WO00000664,P03,P03_L01,SKU004,2026-01-28 14:00:00,2026-01-28 22:00:00,399,Completed
WO00000665,P03,P03_L01,SKU005,2026-01-28 22:00:00,2026-01-29 06:00:00,355,Completed
WO00000666,P03,P03_L02,SKU001,2026-01-28 06:00:00,2026-01-28 14:00:00,351,Completed
WO00000667,P03,P03_L02,SKU002,2026-01-28 14:00:00,2026-01-28 22:00:00,398,Completed
WO00000668,P03,P03_L02,SKU006,2026-01-28 22:00:00,2026-01-29 06:00:00,386,Completed
WO00000669,P03,P03_L03,SKU001,2026-01-28 06:00:00,2026-01-28 14:00:00,351,Completed
WO00000670,P03,P03_L03,SKU001,2026-01-28 14:00:00,2026-01-28 22:00:00,351,Completed
WO00000671,P03,P03_L03,SKU001,2026-01-28 22:00:00,2026-01-29 06:00:00,351,Completed
WO00000672,P01,P01_L01,SKU001,2026-01-29 06:00:00,2026-01-29 14:00:00,351,Completed
WO00000673,P01,P01_L01,SKU007,2026-01-29 14:00:00,2026-01-29 22:00:00,492,Completed
WO00000674,P01,P01_L01,SKU001,2026-01-29 22:00:00,2026-01-30 06:00:00,351,Completed
WO00000675,P01,P01_L02,SKU008,2026-01-29 06:00:00,2026-01-29 14:00:00,425,Completed
WO00000676,P01,P01_L02,SKU003,2026-01-29 14:00:00,2026-01-29 22:00:00,436,Completed
WO00000677,P01,P01_L02,SKU001,2026-01-29 22:00:00,2026-01-30 06:00:00,351,Completed
WO00000678,P01,P01_L03,SKU008,2026-01-29 06:00:00,2026-01-29 14:00:00,425,Completed
WO00000679,P01,P01_L03,SKU006,2026-01-29 14:00:00,2026-01-29 22:00:00,386,Completed
WO00000680,P01,P01_L03,SKU003,2026-01-29 22:00:00,2026-01-30 06:00:00,436,Completed
WO00000681,P02,P02_L01,SKU003,2026-01-29 06:00:00,2026-01-29 14:00:00,344,Completed
WO00000682,P02,P02_L01,SKU003,2026-01-29 14:00:00,2026-01-29 22:00:00,344,Completed
WO00000683,P02,P02_L01,SKU001,2026-01-29 22:00:00,2026-01-30 06:00:00,344,Completed
WO00000684,P02,P02_L02,SKU004,2026-01-29 06:00:00,2026-01-29 14:00:00,394,Completed
WO00000685,P02,P02_L02,SKU004,2026-01-29 14:00:00,2026-01-29 22:00:00,394,Completed
WO00000686,P02,P02_L02,SKU002,2026-01-29 22:00:00,2026-01-30 06:00:00,394,Completed
WO00000687,P02,P02_L03,SKU004,2026-01-29 06:00:00,2026-01-29 14:00:00,331,Completed
WO00000688,P02,P02_L03,SKU008,2026-01-29 14:00:00,2026-01-29 22:00:00,331,Completed
WO00000689,P02,P02_L03,SKU007,2026-01-29 22:00:00,2026-01-30 06:00:00,331,Completed
WO00000690,P03,P03_L01,SKU003,2026-01-29 06:00:00,2026-01-29 14:00:00,406,Completed
WO00000691,P03,P03_L01,SKU005,2026-01-29 14:00:00,2026-01-29 22:00:00,355,Completed
WO00000692,P03,P03_L01,SKU006,2026-01-29 22:00:00,2026-01-30 06:00:00,386,Completed
WO00000693,P03,P03_L02,SKU006,2026-01-29 06:00:00,2026-01-29 14:00:00,386,Completed
WO00000694,P03,P03_L02,SKU006,2026-01-29 14:00:00,2026-01-29 22:00:00,386,Completed
WO00000695,P03,P03_L02,SKU008,2026-01-29 22:00:00,2026-01-30 06:00:00,398,Completed
WO00000696,P03,P03_L03,SKU001,2026-01-29 06:00:00,2026-01-29 14:00:00,351,Completed
WO00000697,P03,P03_L03,SKU004,2026-01-29 14:00:00,2026-01-29 22:00:00,399,Completed
WO00000698,P03,P03_L03,SKU003,2026-01-29 22:00:00,2026-01-30 06:00:00,409,Completed
WO00000699,P01,P01_L01,SKU005,2026-01-30 06:00:00,2026-01-30 14:00:00,355,Completed
WO00000700,P01,P01_L01,SKU005,2026-01-30 14:00:00,2026-01-30 22:00:00,355,Completed
WO00000701,P01,P01_L01,SKU005,2026-01-30 22:00:00,2026-01-31 06:00:00,355,Completed
WO00000702,P01,P01_L02,SKU008,2026-01-30 06:00:00,2026-01-30 14:00:00,425,Completed
WO00000703,P01,P01_L02,SKU004,2026-01-30 14:00:00,2026-01-30 22:00:00,399,Completed
WO00000704,P01,P01_L02,SKU004,2026-01-30 22:00:00,2026-01-31 06:00:00,399,Completed
WO00000705,P01,P01_L03,SKU002,2026-01-30 06:00:00,2026-01-30 14:00:00,507,Completed
WO00000706,P01,P01_L03,SKU003,2026-01-30 14:00:00,2026-01-30 22:00:00,436,Completed
WO00000707,P01,P01_L03,SKU003,2026-01-30 22:00:00,2026-01-31 06:00:00,436,Completed
WO00000708,P02,P02_L01,SKU001,2026-01-30 06:00:00,2026-01-30 14:00:00,344,Completed
WO00000709,P02,P02_L01,SKU004,2026-01-30 14:00:00,2026-01-30 22:00:00,344,Completed
WO00000710,P02,P02_L01,SKU003,2026-01-30 22:00:00,2026-01-31 06:00:00,344,Completed
WO00000711,P02,P02_L02,SKU002,2026-01-30 06:00:00,2026-01-30 14:00:00,394,Completed
WO00000712,P02,P02_L02,SKU002,2026-01-30 14:00:00,2026-01-30 22:00:00,394,Completed
WO00000713,P02,P02_L02,SKU005,2026-01-30 22:00:00,2026-01-31 06:00:00,355,Completed
WO00000714,P02,P02_L03,SKU007,2026-01-30 06:00:00,2026-01-30 14:00:00,331,Completed
WO00000715,P02,P02_L03,SKU003,2026-01-30 14:00:00,2026-01-30 22:00:00,331,Completed
WO00000716,P02,P02_L03,SKU001,2026-01-30 22:00:00,2026-01-31 06:00:00,331,Completed
WO00000717,P03,P03_L01,SKU001,2026-01-30 06:00:00,2026-01-30 14:00:00,351,Completed
WO00000718,P03,P03_L01,SKU004,2026-01-30 14:00:00,2026-01-30 22:00:00,399,Completed
WO00000719,P03,P03_L01,SKU003,2026-01-30 22:00:00,2026-01-31 06:00:00,406,Completed
WO00000720,P03,P03_L02,SKU004,2026-01-30 06:00:00,2026-01-30 14:00:00,398,Completed
WO00000721,P03,P03_L02,SKU001,2026-01-30 14:00:00,2026-01-30 22:00:00,351,Completed
WO00000722,P03,P03_L02,SKU006,2026-01-30 22:00:00,2026-01-31 06:00:00,386,Completed
WO00000723,P03,P03_L03,SKU007,2026-01-30 06:00:00,2026-01-30 14:00:00,409,Completed
WO00000724,P03,P03_L03,SKU004,2026-01-30 14:00:00,2026-01-30 22:00:00,399,Completed
WO00000725,P03,P03_L03,SKU006,2026-01-30 22:00:00,2026-01-31 06:00:00,386,Completed
WO00000726,P01,P01_L01,SKU001,2026-01-31 14:00:00,2026-01-31 22:00:00,351,Completed
WO00000727,P01,P01_L01,SKU005,2026-01-31 22:00:00,2026-02-01 06:00:00,355,Completed
WO00000728,P01,P01_L02,SKU004,2026-01-31 22:00:00,2026-02-01 06:00:00,399,Completed
WO00000729,P01,P01_L03,SKU004,2026-01-31 06:00:00,2026-01-31 14:00:00,399,Completed
WO00000730,P01,P01_L03,SKU003,2026-01-31 22:00:00,2026-02-01 06:00:00,436,Completed
WO00000731,P02,P02_L01,SKU002,2026-01-31 14:00:00,2026-01-31 22:00:00,344,Completed
WO00000732,P02,P02_L01,SKU003,2026-01-31 22:00:00,2026-02-01 06:00:00,344,Completed
WO00000733,P02,P02_L02,SKU006,2026-01-31 06:00:00,2026-01-31 14:00:00,386,Completed
WO00000734,P02,P02_L02,SKU004,2026-01-31 14:00:00,2026-01-31 22:00:00,394,Completed
WO00000735,P02,P02_L03,SKU007,2026-01-31 06:00:00,2026-01-31 14:00:00,331,Completed
WO00000736,P02,P02_L03,SKU004,2026-01-31 14:00:00,2026-01-31 22:00:00,331,Completed
WO00000737,P02,P02_L03,SKU007,2026-01-31 22:00:00,2026-02-01 06:00:00,331,Completed
WO00000738,P03,P03_L01,SKU003,2026-01-31 22:00:00,2026-02-01 06:00:00,406,Completed
WO00000739,P03,P03_L02,SKU001,2026-01-31 14:00:00,2026-01-31 22:00:00,351,Completed
WO00000740,P03,P03_L03,SKU004,2026-01-31 06:00:00,2026-01-31 14:00:00,399,Completed
WO00000741,P01,P01_L01,SKU007,2026-02-01 06:00:00,2026-02-01 14:00:00,492,Completed
WO00000742,P01,P01_L01,SKU001,2026-02-01 14:00:00,2026-02-01 22:00:00,351,Completed
WO00000743,P01,P01_L01,SKU001,2026-02-01 22:00:00,2026-02-02 06:00:00,351,Completed
WO00000744,P01,P01_L02,SKU001,2026-02-01 06:00:00,2026-02-01 14:00:00,351,Completed
WO00000745,P01,P01_L02,SKU006,2026-02-01 14:00:00,2026-02-01 22:00:00,386,Completed
WO00000746,P01,P01_L03,SKU003,2026-02-01 14:00:00,2026-02-01 22:00:00,436,Completed
WO00000747,P01,P01_L03,SKU003,2026-02-01 22:00:00,2026-02-02 06:00:00,436,Completed
WO00000748,P02,P02_L01,SKU004,2026-02-01 06:00:00,2026-02-01 14:00:00,344,Completed
WO00000749,P02,P02_L01,SKU002,2026-02-01 14:00:00,2026-02-01 22:00:00,344,Completed
WO00000750,P02,P02_L01,SKU006,2026-02-01 22:00:00,2026-02-02 06:00:00,344,Completed
WO00000751,P02,P02_L02,SKU002,2026-02-01 06:00:00,2026-02-01 14:00:00,394,Completed
WO00000752,P02,P02_L03,SKU005,2026-02-01 06:00:00,2026-02-01 14:00:00,331,Completed
WO00000753,P02,P02_L03,SKU005,2026-02-01 14:00:00,2026-02-01 22:00:00,331,Completed
WO00000754,P02,P02_L03,SKU007,2026-02-01 22:00:00,2026-02-02 06:00:00,331,Completed
WO00000755,P03,P03_L01,SKU004,2026-02-01 14:00:00,2026-02-01 22:00:00,399,Completed
WO00000756,P03,P03_L01,SKU001,2026-02-01 22:00:00,2026-02-02 06:00:00,351,Completed
WO00000757,P03,P03_L02,SKU006,2026-02-01 06:00:00,2026-02-01 14:00:00,386,Completed
WO00000758,P03,P03_L02,SKU006,2026-02-01 14:00:00,2026-02-01 22:00:00,386,Completed
WO00000759,P03,P03_L02,SKU002,2026-02-01 22:00:00,2026-02-02 06:00:00,398,Completed
WO00000760,P03,P03_L03,SKU001,2026-02-01 06:00:00,2026-02-01 14:00:00,351,Completed
WO00000761,P03,P03_L03,SKU004,2026-02-01 14:00:00,2026-02-01 22:00:00,399,Completed
WO00000762,P01,P01_L01,SKU005,2026-02-02 06:00:00,2026-02-02 14:00:00,355,Completed
WO00000763,P01,P01_L01,SKU001,2026-02-02 14:00:00,2026-02-02 22:00:00,351,Completed
WO00000764,P01,P01_L01,SKU005,2026-02-02 22:00:00,2026-02-03 06:00:00,355,Completed
WO00000765,P01,P01_L02,SKU001,2026-02-02 06:00:00,2026-02-02 14:00:00,351,Completed
WO00000766,P01,P01_L02,SKU004,2026-02-02 14:00:00,2026-02-02 22:00:00,399,Completed
WO00000767,P01,P01_L02,SKU004,2026-02-02 22:00:00,2026-02-03 06:00:00,399,Completed
WO00000768,P01,P01_L03,SKU003,2026-02-02 06:00:00,2026-02-02 14:00:00,436,Completed
WO00000769,P01,P01_L03,SKU004,2026-02-02 14:00:00,2026-02-02 22:00:00,399,Completed
WO00000770,P01,P01_L03,SKU003,2026-02-02 22:00:00,2026-02-03 06:00:00,436,Completed
WO00000771,P02,P02_L01,SKU005,2026-02-02 06:00:00,2026-02-02 14:00:00,344,Completed
WO00000772,P02,P02_L01,SKU001,2026-02-02 14:00:00,2026-02-02 22:00:00,344,Completed
WO00000773,P02,P02_L01,SKU003,2026-02-02 22:00:00,2026-02-03 06:00:00,344,Completed
WO00000774,P02,P02_L02,SKU004,2026-02-02 06:00:00,2026-02-02 14:00:00,394,Completed
WO00000775,P02,P02_L02,SKU002,2026-02-02 14:00:00,2026-02-02 22:00:00,394,Completed
WO00000776,P02,P02_L02,SKU002,2026-02-02 22:00:00,2026-02-03 06:00:00,394,Completed
WO00000777,P02,P02_L03,SKU003,2026-02-02 06:00:00,2026-02-02 14:00:00,331,Completed
WO00000778,P02,P02_L03,SKU003,2026-02-02 14:00:00,2026-02-02 22:00:00,331,Completed
WO00000779,P02,P02_L03,SKU007,2026-02-02 22:00:00,2026-02-03 06:00:00,331,Completed
WO00000780,P03,P03_L01,SKU006,2026-02-02 06:00:00,2026-02-02 14:00:00,386,Completed
WO00000781,P03,P03_L01,SKU001,2026-02-02 14:00:00,2026-02-02 22:00:00,351,Completed
WO00000782,P03,P03_L01,SKU001,2026-02-02 22:00:00,2026-02-03 06:00:00,351,Completed
WO00000783,P03,P03_L02,SKU001,2026-02-02 06:00:00,2026-02-02 14:00:00,351,Completed
WO00000784,P03,P03_L02,SKU002,2026-02-02 14:00:00,2026-02-02 22:00:00,398,Completed
WO00000785,P03,P03_L02,SKU006,2026-02-02 22:00:00,2026-02-03 06:00:00,386,Completed
WO00000786,P03,P03_L03,SKU003,2026-02-02 06:00:00,2026-02-02 14:00:00,409,Completed
WO00000787,P03,P03_L03,SKU003,2026-02-02 14:00:00,2026-02-02 22:00:00,409,Completed
WO00000788,P03,P03_L03,SKU004,2026-02-02 22:00:00,2026-02-03 06:00:00,399,Completed
WO00000789,P01,P01_L01,SKU005,2026-02-03 06:00:00,2026-02-03 14:00:00,355,Completed
WO00000790,P01,P01_L01,SKU007,2026-02-03 14:00:00,2026-02-03 22:00:00,492,Completed
WO00000791,P01,P01_L01,SKU002,2026-02-03 22:00:00,2026-02-04 06:00:00,492,Completed
WO00000792,P01,P01_L02,SKU001,2026-02-03 06:00:00,2026-02-03 14:00:00,351,Completed
WO00000793,P01,P01_L02,SKU008,2026-02-03 14:00:00,2026-02-03 22:00:00,425,Completed
WO00000794,P01,P01_L02,SKU004,2026-02-03 22:00:00,2026-02-04 06:00:00,399,Completed
WO00000795,P01,P01_L03,SKU008,2026-02-03 06:00:00,2026-02-03 14:00:00,425,Completed
WO00000796,P01,P01_L03,SKU008,2026-02-03 14:00:00,2026-02-03 22:00:00,425,Completed
WO00000797,P01,P01_L03,SKU003,2026-02-03 22:00:00,2026-02-04 06:00:00,436,Completed
WO00000798,P02,P02_L01,SKU003,2026-02-03 06:00:00,2026-02-03 14:00:00,344,Completed
WO00000799,P02,P02_L01,SKU003,2026-02-03 14:00:00,2026-02-03 22:00:00,344,Completed
WO00000800,P02,P02_L01,SKU003,2026-02-03 22:00:00,2026-02-04 06:00:00,344,Completed
WO00000801,P02,P02_L02,SKU004,2026-02-03 06:00:00,2026-02-03 14:00:00,394,Completed
WO00000802,P02,P02_L02,SKU002,2026-02-03 14:00:00,2026-02-03 22:00:00,394,Completed
WO00000803,P02,P02_L02,SKU004,2026-02-03 22:00:00,2026-02-04 06:00:00,394,Completed
WO00000804,P02,P02_L03,SKU007,2026-02-03 06:00:00,2026-02-03 14:00:00,331,Completed
WO00000805,P02,P02_L03,SKU001,2026-02-03 14:00:00,2026-02-03 22:00:00,331,Completed
WO00000806,P02,P02_L03,SKU005,2026-02-03 22:00:00,2026-02-04 06:00:00,331,Completed
WO00000807,P03,P03_L01,SKU001,2026-02-03 06:00:00,2026-02-03 14:00:00,351,Completed
WO00000808,P03,P03_L01,SKU003,2026-02-03 14:00:00,2026-02-03 22:00:00,406,Completed
WO00000809,P03,P03_L01,SKU001,2026-02-03 22:00:00,2026-02-04 06:00:00,351,Completed
WO00000810,P03,P03_L02,SKU004,2026-02-03 06:00:00,2026-02-03 14:00:00,398,Completed
WO00000811,P03,P03_L02,SKU004,2026-02-03 14:00:00,2026-02-03 22:00:00,398,Completed
WO00000812,P03,P03_L02,SKU006,2026-02-03 22:00:00,2026-02-04 06:00:00,386,Completed
WO00000813,P03,P03_L03,SKU001,2026-02-03 06:00:00,2026-02-03 14:00:00,351,Completed
WO00000814,P03,P03_L03,SKU004,2026-02-03 14:00:00,2026-02-03 22:00:00,399,Completed
WO00000815,P03,P03_L03,SKU001,2026-02-03 22:00:00,2026-02-04 06:00:00,351,Completed
WO00000816,P01,P01_L01,SKU007,2026-02-04 06:00:00,2026-02-04 14:00:00,492,Completed
WO00000817,P01,P01_L01,SKU001,2026-02-04 14:00:00,2026-02-04 22:00:00,351,Completed
WO00000818,P01,P01_L01,SKU001,2026-02-04 22:00:00,2026-02-05 06:00:00,351,Completed
WO00000819,P01,P01_L02,SKU004,2026-02-04 06:00:00,2026-02-04 14:00:00,399,Completed
WO00000820,P01,P01_L02,SKU001,2026-02-04 14:00:00,2026-02-04 22:00:00,351,Completed
WO00000821,P01,P01_L02,SKU008,2026-02-04 22:00:00,2026-02-05 06:00:00,425,Completed
WO00000822,P01,P01_L03,SKU008,2026-02-04 06:00:00,2026-02-04 14:00:00,425,Completed
WO00000823,P01,P01_L03,SKU004,2026-02-04 14:00:00,2026-02-04 22:00:00,399,Completed
WO00000824,P01,P01_L03,SKU008,2026-02-04 22:00:00,2026-02-05 06:00:00,425,Completed
WO00000825,P02,P02_L01,SKU004,2026-02-04 06:00:00,2026-02-04 14:00:00,344,Completed
WO00000826,P02,P02_L01,SKU001,2026-02-04 14:00:00,2026-02-04 22:00:00,344,Completed
WO00000827,P02,P02_L01,SKU001,2026-02-04 22:00:00,2026-02-05 06:00:00,344,Completed
WO00000828,P02,P02_L02,SKU006,2026-02-04 06:00:00,2026-02-04 14:00:00,386,Completed
WO00000829,P02,P02_L02,SKU004,2026-02-04 14:00:00,2026-02-04 22:00:00,394,Completed
WO00000830,P02,P02_L02,SKU004,2026-02-04 22:00:00,2026-02-05 06:00:00,394,Completed
WO00000831,P02,P02_L03,SKU003,2026-02-04 06:00:00,2026-02-04 14:00:00,331,Completed
WO00000832,P02,P02_L03,SKU003,2026-02-04 14:00:00,2026-02-04 22:00:00,331,Completed
WO00000833,P02,P02_L03,SKU003,2026-02-04 22:00:00,2026-02-05 06:00:00,331,Completed
WO00000834,P03,P03_L01,SKU003,2026-02-04 06:00:00,2026-02-04 14:00:00,406,Completed
WO00000835,P03,P03_L01,SKU001,2026-02-04 14:00:00,2026-02-04 22:00:00,351,Completed
WO00000836,P03,P03_L01,SKU001,2026-02-04 22:00:00,2026-02-05 06:00:00,351,Completed
WO00000837,P03,P03_L02,SKU001,2026-02-04 06:00:00,2026-02-04 14:00:00,351,Completed
WO00000838,P03,P03_L02,SKU006,2026-02-04 14:00:00,2026-02-04 22:00:00,386,Completed
WO00000839,P03,P03_L02,SKU004,2026-02-04 22:00:00,2026-02-05 06:00:00,398,Completed
WO00000840,P03,P03_L03,SKU004,2026-02-04 06:00:00,2026-02-04 14:00:00,399,Completed
WO00000841,P03,P03_L03,SKU004,2026-02-04 14:00:00,2026-02-04 22:00:00,399,Completed
WO00000842,P03,P03_L03,SKU004,2026-02-04 22:00:00,2026-02-05 06:00:00,399,Completed
WO00000843,P01,P01_L01,SKU007,2026-02-05 06:00:00,2026-02-05 14:00:00,492,Completed
WO00000844,P01,P01_L01,SKU004,2026-02-05 14:00:00,2026-02-05 22:00:00,399,Completed
WO00000845,P01,P01_L01,SKU006,2026-02-05 22:00:00,2026-02-06 06:00:00,386,Completed
WO00000846,P01,P01_L02,SKU002,2026-02-05 06:00:00,2026-02-05 14:00:00,459,Completed
WO00000847,P01,P01_L02,SKU002,2026-02-05 14:00:00,2026-02-05 22:00:00,459,Completed
WO00000848,P01,P01_L02,SKU004,2026-02-05 22:00:00,2026-02-06 06:00:00,399,Completed
WO00000849,P01,P01_L03,SKU007,2026-02-05 06:00:00,2026-02-05 14:00:00,522,Completed
WO00000850,P01,P01_L03,SKU008,2026-02-05 14:00:00,2026-02-05 22:00:00,425,Completed
WO00000851,P01,P01_L03,SKU003,2026-02-05 22:00:00,2026-02-06 06:00:00,436,Completed
WO00000852,P02,P02_L01,SKU003,2026-02-05 06:00:00,2026-02-05 14:00:00,344,Completed
WO00000853,P02,P02_L01,SKU003,2026-02-05 14:00:00,2026-02-05 22:00:00,344,Completed
WO00000854,P02,P02_L01,SKU004,2026-02-05 22:00:00,2026-02-06 06:00:00,344,Completed
WO00000855,P02,P02_L02,SKU004,2026-02-05 06:00:00,2026-02-05 14:00:00,394,Completed
WO00000856,P02,P02_L02,SKU004,2026-02-05 14:00:00,2026-02-05 22:00:00,394,Completed
WO00000857,P02,P02_L02,SKU006,2026-02-05 22:00:00,2026-02-06 06:00:00,386,Completed
WO00000858,P02,P02_L03,SKU008,2026-02-05 06:00:00,2026-02-05 14:00:00,331,Completed
WO00000859,P02,P02_L03,SKU005,2026-02-05 14:00:00,2026-02-05 22:00:00,331,Completed
WO00000860,P02,P02_L03,SKU005,2026-02-05 22:00:00,2026-02-06 06:00:00,331,Completed
WO00000861,P03,P03_L01,SKU007,2026-02-05 06:00:00,2026-02-05 14:00:00,406,Completed
WO00000862,P03,P03_L01,SKU001,2026-02-05 14:00:00,2026-02-05 22:00:00,351,Completed
WO00000863,P03,P03_L01,SKU006,2026-02-05 22:00:00,2026-02-06 06:00:00,386,Completed
WO00000864,P03,P03_L02,SKU006,2026-02-05 06:00:00,2026-02-05 14:00:00,386,Completed
WO00000865,P03,P03_L02,SKU001,2026-02-05 14:00:00,2026-02-05 22:00:00,351,Completed
WO00000866,P03,P03_L02,SKU006,2026-02-05 22:00:00,2026-02-06 06:00:00,386,Completed
WO00000867,P03,P03_L03,SKU007,2026-02-05 06:00:00,2026-02-05 14:00:00,409,Completed
WO00000868,P03,P03_L03,SKU004,2026-02-05 14:00:00,2026-02-05 22:00:00,399,Completed
WO00000869,P03,P03_L03,SKU004,2026-02-05 22:00:00,2026-02-06 06:00:00,399,Completed
WO00000870,P01,P01_L01,SKU004,2026-02-06 06:00:00,2026-02-06 14:00:00,399,Completed
WO00000871,P01,P01_L01,SKU007,2026-02-06 14:00:00,2026-02-06 22:00:00,492,Completed
WO00000872,P01,P01_L01,SKU007,2026-02-06 22:00:00,2026-02-07 06:00:00,492,Completed
WO00000873,P01,P01_L02,SKU001,2026-02-06 06:00:00,2026-02-06 14:00:00,351,Completed
WO00000874,P01,P01_L02,SKU001,2026-02-06 14:00:00,2026-02-06 22:00:00,351,Completed
WO00000875,P01,P01_L02,SKU001,2026-02-06 22:00:00,2026-02-07 06:00:00,351,Completed
WO00000876,P01,P01_L03,SKU003,2026-02-06 06:00:00,2026-02-06 14:00:00,436,Completed
WO00000877,P01,P01_L03,SKU005,2026-02-06 14:00:00,2026-02-06 22:00:00,355,Completed
WO00000878,P01,P01_L03,SKU006,2026-02-06 22:00:00,2026-02-07 06:00:00,386,Completed
WO00000879,P02,P02_L01,SKU001,2026-02-06 06:00:00,2026-02-06 14:00:00,344,Completed
WO00000880,P02,P02_L01,SKU003,2026-02-06 14:00:00,2026-02-06 22:00:00,344,Completed
WO00000881,P02,P02_L01,SKU004,2026-02-06 22:00:00,2026-02-07 06:00:00,344,Completed
WO00000882,P02,P02_L02,SKU008,2026-02-06 06:00:00,2026-02-06 14:00:00,394,Completed
WO00000883,P02,P02_L02,SKU006,2026-02-06 14:00:00,2026-02-06 22:00:00,386,Completed
WO00000884,P02,P02_L02,SKU001,2026-02-06 22:00:00,2026-02-07 06:00:00,351,Completed
WO00000885,P02,P02_L03,SKU007,2026-02-06 06:00:00,2026-02-06 14:00:00,331,Completed
WO00000886,P02,P02_L03,SKU002,2026-02-06 14:00:00,2026-02-06 22:00:00,331,Completed
WO00000887,P02,P02_L03,SKU003,2026-02-06 22:00:00,2026-02-07 06:00:00,331,Completed
WO00000888,P03,P03_L01,SKU001,2026-02-06 06:00:00,2026-02-06 14:00:00,351,Completed
WO00000889,P03,P03_L01,SKU001,2026-02-06 14:00:00,2026-02-06 22:00:00,351,Completed
WO00000890,P03,P03_L01,SKU003,2026-02-06 22:00:00,2026-02-07 06:00:00,406,Completed
WO00000891,P03,P03_L02,SKU001,2026-02-06 06:00:00,2026-02-06 14:00:00,351,Completed
WO00000892,P03,P03_L02,SKU006,2026-02-06 14:00:00,2026-02-06 22:00:00,386,Completed
WO00000893,P03,P03_L02,SKU002,2026-02-06 22:00:00,2026-02-07 06:00:00,398,Completed
WO00000894,P03,P03_L03,SKU001,2026-02-06 06:00:00,2026-02-06 14:00:00,351,Completed
WO00000895,P03,P03_L03,SKU004,2026-02-06 14:00:00,2026-02-06 22:00:00,399,Completed
WO00000896,P03,P03_L03,SKU001,2026-02-06 22:00:00,2026-02-07 06:00:00,351,Completed
WO00000897,P01,P01_L01,SKU008,2026-02-07 06:00:00,2026-02-07 14:00:00,425,Completed
WO00000898,P01,P01_L01,SKU005,2026-02-07 14:00:00,2026-02-07 22:00:00,355,Completed
WO00000899,P01,P01_L01,SKU004,2026-02-07 22:00:00,2026-02-08 06:00:00,399,Completed
WO00000900,P01,P01_L02,SKU001,2026-02-07 22:00:00,2026-02-08 06:00:00,351,Completed
WO00000901,P01,P01_L03,SKU006,2026-02-07 06:00:00,2026-02-07 14:00:00,386,Completed
WO00000902,P01,P01_L03,SKU008,2026-02-07 14:00:00,2026-02-07 22:00:00,425,Completed
WO00000903,P01,P01_L03,SKU003,2026-02-07 22:00:00,2026-02-08 06:00:00,436,Completed
WO00000904,P02,P02_L01,SKU001,2026-02-07 14:00:00,2026-02-07 22:00:00,344,Completed
WO00000905,P02,P02_L01,SKU005,2026-02-07 22:00:00,2026-02-08 06:00:00,344,Completed
WO00000906,P02,P02_L02,SKU002,2026-02-07 06:00:00,2026-02-07 14:00:00,394,Completed
WO00000907,P02,P02_L02,SKU002,2026-02-07 14:00:00,2026-02-07 22:00:00,394,Completed
WO00000908,P02,P02_L02,SKU004,2026-02-07 22:00:00,2026-02-08 06:00:00,394,Completed
WO00000909,P02,P02_L03,SKU005,2026-02-07 06:00:00,2026-02-07 14:00:00,331,Completed
WO00000910,P02,P02_L03,SKU007,2026-02-07 14:00:00,2026-02-07 22:00:00,331,Completed
WO00000911,P03,P03_L01,SKU004,2026-02-07 22:00:00,2026-02-08 06:00:00,399,Completed
WO00000912,P03,P03_L02,SKU006,2026-02-07 06:00:00,2026-02-07 14:00:00,386,Completed
WO00000913,P03,P03_L02,SKU001,2026-02-07 22:00:00,2026-02-08 06:00:00,351,Completed
WO00000914,P03,P03_L03,SKU004,2026-02-07 06:00:00,2026-02-07 14:00:00,399,Completed
WO00000915,P03,P03_L03,SKU006,2026-02-07 14:00:00,2026-02-07 22:00:00,386,Completed
WO00000916,P03,P03_L03,SKU003,2026-02-07 22:00:00,2026-02-08 06:00:00,409,Completed
WO00000917,P01,P01_L01,SKU007,2026-02-08 14:00:00,2026-02-08 22:00:00,492,Completed
WO00000918,P01,P01_L01,SKU001,2026-02-08 22:00:00,2026-02-09 06:00:00,351,Completed
WO00000919,P01,P01_L02,SKU001,2026-02-08 06:00:00,2026-02-08 14:00:00,351,Completed
WO00000920,P01,P01_L02,SKU001,2026-02-08 22:00:00,2026-02-09 06:00:00,351,Completed
WO00000921,P01,P01_L03,SKU004,2026-02-08 06:00:00,2026-02-08 14:00:00,399,Completed
WO00000922,P02,P02_L01,SKU006,2026-02-08 06:00:00,2026-02-08 14:00:00,344,Completed
WO00000923,P02,P02_L02,SKU006,2026-02-08 22:00:00,2026-02-09 06:00:00,386,Completed
WO00000924,P02,P02_L03,SKU003,2026-02-08 14:00:00,2026-02-08 22:00:00,331,Completed
WO00000925,P03,P03_L01,SKU003,2026-02-08 06:00:00,2026-02-08 14:00:00,406,Completed
WO00000926,P03,P03_L01,SKU001,2026-02-08 22:00:00,2026-02-09 06:00:00,351,Completed
WO00000927,P03,P03_L02,SKU006,2026-02-08 14:00:00,2026-02-08 22:00:00,386,Completed
WO00000928,P03,P03_L02,SKU006,2026-02-08 22:00:00,2026-02-09 06:00:00,386,Completed
WO00000929,P03,P03_L03,SKU003,2026-02-08 14:00:00,2026-02-08 22:00:00,409,Completed
WO00000930,P01,P01_L01,SKU001,2026-02-09 06:00:00,2026-02-09 14:00:00,351,Completed
WO00000931,P01,P01_L01,SKU005,2026-02-09 14:00:00,2026-02-09 22:00:00,355,Completed
WO00000932,P01,P01_L01,SKU005,2026-02-09 22:00:00,2026-02-10 06:00:00,355,Completed
WO00000933,P01,P01_L02,SKU004,2026-02-09 06:00:00,2026-02-09 14:00:00,399,Completed
WO00000934,P01,P01_L02,SKU001,2026-02-09 14:00:00,2026-02-09 22:00:00,351,Completed
WO00000935,P01,P01_L02,SKU004,2026-02-09 22:00:00,2026-02-10 06:00:00,399,Completed
WO00000936,P01,P01_L03,SKU002,2026-02-09 06:00:00,2026-02-09 14:00:00,507,Completed
WO00000937,P01,P01_L03,SKU003,2026-02-09 14:00:00,2026-02-09 22:00:00,436,Completed
WO00000938,P01,P01_L03,SKU007,2026-02-09 22:00:00,2026-02-10 06:00:00,522,Completed
WO00000939,P02,P02_L01,SKU003,2026-02-09 06:00:00,2026-02-09 14:00:00,344,Completed
WO00000940,P02,P02_L01,SKU002,2026-02-09 14:00:00,2026-02-09 22:00:00,344,Completed
WO00000941,P02,P02_L01,SKU002,2026-02-09 22:00:00,2026-02-10 06:00:00,344,Completed
WO00000942,P02,P02_L02,SKU004,2026-02-09 06:00:00,2026-02-09 14:00:00,394,Completed
WO00000943,P02,P02_L02,SKU002,2026-02-09 14:00:00,2026-02-09 22:00:00,394,Completed
WO00000944,P02,P02_L02,SKU004,2026-02-09 22:00:00,2026-02-10 06:00:00,394,Completed
WO00000945,P02,P02_L03,SKU006,2026-02-09 06:00:00,2026-02-09 14:00:00,331,Completed
WO00000946,P02,P02_L03,SKU007,2026-02-09 14:00:00,2026-02-09 22:00:00,331,Completed
WO00000947,P02,P02_L03,SKU007,2026-02-09 22:00:00,2026-02-10 06:00:00,331,Completed
WO00000948,P03,P03_L01,SKU001,2026-02-09 06:00:00,2026-02-09 14:00:00,351,Completed
WO00000949,P03,P03_L01,SKU001,2026-02-09 14:00:00,2026-02-09 22:00:00,351,Completed
WO00000950,P03,P03_L01,SKU001,2026-02-09 22:00:00,2026-02-10 06:00:00,351,Completed
WO00000951,P03,P03_L02,SKU008,2026-02-09 06:00:00,2026-02-09 14:00:00,398,Completed
WO00000952,P03,P03_L02,SKU006,2026-02-09 14:00:00,2026-02-09 22:00:00,386,Completed
WO00000953,P03,P03_L02,SKU001,2026-02-09 22:00:00,2026-02-10 06:00:00,351,Completed
WO00000954,P03,P03_L03,SKU003,2026-02-09 06:00:00,2026-02-09 14:00:00,409,Completed
WO00000955,P03,P03_L03,SKU004,2026-02-09 14:00:00,2026-02-09 22:00:00,399,Completed
WO00000956,P03,P03_L03,SKU004,2026-02-09 22:00:00,2026-02-10 06:00:00,399,Completed
WO00000957,P01,P01_L01,SKU007,2026-02-10 06:00:00,2026-02-10 14:00:00,492,Completed
WO00000958,P01,P01_L01,SKU001,2026-02-10 14:00:00,2026-02-10 22:00:00,351,Completed
WO00000959,P01,P01_L01,SKU005,2026-02-10 22:00:00,2026-02-11 06:00:00,355,Completed
WO00000960,P01,P01_L02,SKU004,2026-02-10 06:00:00,2026-02-10 14:00:00,399,Completed
WO00000961,P01,P01_L02,SKU006,2026-02-10 14:00:00,2026-02-10 22:00:00,386,Completed
WO00000962,P01,P01_L02,SKU008,2026-02-10 22:00:00,2026-02-11 06:00:00,425,Completed
WO00000963,P01,P01_L03,SKU003,2026-02-10 06:00:00,2026-02-10 14:00:00,436,Completed
WO00000964,P01,P01_L03,SKU008,2026-02-10 14:00:00,2026-02-10 22:00:00,425,Completed
WO00000965,P01,P01_L03,SKU003,2026-02-10 22:00:00,2026-02-11 06:00:00,436,Completed
WO00000966,P02,P02_L01,SKU001,2026-02-10 06:00:00,2026-02-10 14:00:00,344,Completed
WO00000967,P02,P02_L01,SKU005,2026-02-10 14:00:00,2026-02-10 22:00:00,344,Completed
WO00000968,P02,P02_L01,SKU003,2026-02-10 22:00:00,2026-02-11 06:00:00,344,Completed
WO00000969,P02,P02_L02,SKU002,2026-02-10 06:00:00,2026-02-10 14:00:00,394,Completed
WO00000970,P02,P02_L02,SKU004,2026-02-10 14:00:00,2026-02-10 22:00:00,394,Completed
WO00000971,P02,P02_L02,SKU004,2026-02-10 22:00:00,2026-02-11 06:00:00,394,Completed
WO00000972,P02,P02_L03,SKU007,2026-02-10 06:00:00,2026-02-10 14:00:00,331,Completed
WO00000973,P02,P02_L03,SKU008,2026-02-10 14:00:00,2026-02-10 22:00:00,331,Completed
WO00000974,P02,P02_L03,SKU007,2026-02-10 22:00:00,2026-02-11 06:00:00,331,Completed
WO00000975,P03,P03_L01,SKU004,2026-02-10 06:00:00,2026-02-10 14:00:00,399,Completed
WO00000976,P03,P03_L01,SKU006,2026-02-10 14:00:00,2026-02-10 22:00:00,386,Completed
WO00000977,P03,P03_L01,SKU002,2026-02-10 22:00:00,2026-02-11 06:00:00,406,Completed
WO00000978,P03,P03_L02,SKU004,2026-02-10 06:00:00,2026-02-10 14:00:00,398,Completed
WO00000979,P03,P03_L02,SKU006,2026-02-10 14:00:00,2026-02-10 22:00:00,386,Completed
WO00000980,P03,P03_L02,SKU004,2026-02-10 22:00:00,2026-02-11 06:00:00,398,Completed
WO00000981,P03,P03_L03,SKU003,2026-02-10 06:00:00,2026-02-10 14:00:00,409,Completed
WO00000982,P03,P03_L03,SKU004,2026-02-10 14:00:00,2026-02-10 22:00:00,399,Completed
WO00000983,P03,P03_L03,SKU003,2026-02-10 22:00:00,2026-02-11 06:00:00,409,Completed
WO00000984,P01,P01_L01,SKU007,2026-02-11 06:00:00,2026-02-11 14:00:00,492,Completed
WO00000985,P01,P01_L01,SKU001,2026-02-11 14:00:00,2026-02-11 22:00:00,351,Completed
WO00000986,P01,P01_L01,SKU008,2026-02-11 22:00:00,2026-02-12 06:00:00,425,Completed
WO00000987,P01,P01_L02,SKU001,2026-02-11 06:00:00,2026-02-11 14:00:00,351,Completed
WO00000988,P01,P01_L02,SKU001,2026-02-11 14:00:00,2026-02-11 22:00:00,351,Completed
WO00000989,P01,P01_L02,SKU004,2026-02-11 22:00:00,2026-02-12 06:00:00,399,Completed
WO00000990,P01,P01_L03,SKU003,2026-02-11 06:00:00,2026-02-11 14:00:00,436,Completed
WO00000991,P01,P01_L03,SKU003,2026-02-11 14:00:00,2026-02-11 22:00:00,436,Completed
WO00000992,P01,P01_L03,SKU006,2026-02-11 22:00:00,2026-02-12 06:00:00,386,Completed
WO00000993,P02,P02_L01,SKU001,2026-02-11 06:00:00,2026-02-11 14:00:00,344,Completed
WO00000994,P02,P02_L01,SKU003,2026-02-11 14:00:00,2026-02-11 22:00:00,344,Completed
WO00000995,P02,P02_L01,SKU001,2026-02-11 22:00:00,2026-02-12 06:00:00,344,Completed
WO00000996,P02,P02_L02,SKU002,2026-02-11 06:00:00,2026-02-11 14:00:00,394,Completed
WO00000997,P02,P02_L02,SKU002,2026-02-11 14:00:00,2026-02-11 22:00:00,394,Completed
WO00000998,P02,P02_L02,SKU003,2026-02-11 22:00:00,2026-02-12 06:00:00,394,Completed
WO00000999,P02,P02_L03,SKU005,2026-02-11 06:00:00,2026-02-11 14:00:00,331,Completed
WO00001000,P02,P02_L03,SKU001,2026-02-11 14:00:00,2026-02-11 22:00:00,331,Completed
WO00001001,P02,P02_L03,SKU003,2026-02-11 22:00:00,2026-02-12 06:00:00,331,Completed
WO00001002,P03,P03_L01,SKU001,2026-02-11 06:00:00,2026-02-11 14:00:00,351,Completed
WO00001003,P03,P03_L01,SKU004,2026-02-11 14:00:00,2026-02-11 22:00:00,399,Completed
WO00001004,P03,P03_L01,SKU003,2026-02-11 22:00:00,2026-02-12 06:00:00,406,Completed
WO00001005,P03,P03_L02,SKU006,2026-02-11 06:00:00,2026-02-11 14:00:00,386,Completed
WO00001006,P03,P03_L02,SKU006,2026-02-11 14:00:00,2026-02-11 22:00:00,386,Completed
WO00001007,P03,P03_L02,SKU002,2026-02-11 22:00:00,2026-02-12 06:00:00,398,Completed
WO00001008,P03,P03_L03,SKU001,2026-02-11 06:00:00,2026-02-11 14:00:00,351,Completed
WO00001009,P03,P03_L03,SKU001,2026-02-11 14:00:00,2026-02-11 22:00:00,351,Completed
WO00001010,P03,P03_L03,SKU004,2026-02-11 22:00:00,2026-02-12 06:00:00,399,Completed
WO00001011,P01,P01_L01,SKU007,2026-02-12 06:00:00,2026-02-12 14:00:00,492,Completed
WO00001012,P01,P01_L01,SKU002,2026-02-12 14:00:00,2026-02-12 22:00:00,492,Completed
WO00001013,P01,P01_L01,SKU005,2026-02-12 22:00:00,2026-02-13 06:00:00,355,Completed
WO00001014,P01,P01_L02,SKU001,2026-02-12 06:00:00,2026-02-12 14:00:00,351,Completed
WO00001015,P01,P01_L02,SKU001,2026-02-12 14:00:00,2026-02-12 22:00:00,351,Completed
WO00001016,P01,P01_L02,SKU001,2026-02-12 22:00:00,2026-02-13 06:00:00,351,Completed
WO00001017,P01,P01_L03,SKU002,2026-02-12 06:00:00,2026-02-12 14:00:00,507,Completed
WO00001018,P01,P01_L03,SKU008,2026-02-12 14:00:00,2026-02-12 22:00:00,425,Completed
WO00001019,P01,P01_L03,SKU004,2026-02-12 22:00:00,2026-02-13 06:00:00,399,Completed
WO00001020,P02,P02_L01,SKU003,2026-02-12 06:00:00,2026-02-12 14:00:00,344,Completed
WO00001021,P02,P02_L01,SKU002,2026-02-12 14:00:00,2026-02-12 22:00:00,344,Completed
WO00001022,P02,P02_L01,SKU003,2026-02-12 22:00:00,2026-02-13 06:00:00,344,Completed
WO00001023,P02,P02_L02,SKU004,2026-02-12 06:00:00,2026-02-12 14:00:00,394,Completed
WO00001024,P02,P02_L02,SKU003,2026-02-12 14:00:00,2026-02-12 22:00:00,394,Completed
WO00001025,P02,P02_L02,SKU004,2026-02-12 22:00:00,2026-02-13 06:00:00,394,Completed
WO00001026,P02,P02_L03,SKU007,2026-02-12 06:00:00,2026-02-12 14:00:00,331,Completed
WO00001027,P02,P02_L03,SKU003,2026-02-12 14:00:00,2026-02-12 22:00:00,331,Completed
WO00001028,P02,P02_L03,SKU005,2026-02-12 22:00:00,2026-02-13 06:00:00,331,Completed
WO00001029,P03,P03_L01,SKU003,2026-02-12 06:00:00,2026-02-12 14:00:00,406,Completed
WO00001030,P03,P03_L01,SKU003,2026-02-12 14:00:00,2026-02-12 22:00:00,406,Completed
WO00001031,P03,P03_L01,SKU001,2026-02-12 22:00:00,2026-02-13 06:00:00,351,Completed
WO00001032,P03,P03_L02,SKU006,2026-02-12 06:00:00,2026-02-12 14:00:00,386,Completed
WO00001033,P03,P03_L02,SKU002,2026-02-12 14:00:00,2026-02-12 22:00:00,398,Completed
WO00001034,P03,P03_L02,SKU006,2026-02-12 22:00:00,2026-02-13 06:00:00,386,Completed
WO00001035,P03,P03_L03,SKU001,2026-02-12 06:00:00,2026-02-12 14:00:00,351,Completed
WO00001036,P03,P03_L03,SKU006,2026-02-12 14:00:00,2026-02-12 22:00:00,386,Completed
WO00001037,P03,P03_L03,SKU003,2026-02-12 22:00:00,2026-02-13 06:00:00,409,Completed
WO00001038,P01,P01_L01,SKU004,2026-02-13 06:00:00,2026-02-13 14:00:00,399,Completed
WO00001039,P01,P01_L01,SKU004,2026-02-13 14:00:00,2026-02-13 22:00:00,399,Completed
WO00001040,P01,P01_L01,SKU001,2026-02-13 22:00:00,2026-02-14 06:00:00,351,Completed
WO00001041,P01,P01_L02,SKU004,2026-02-13 06:00:00,2026-02-13 14:00:00,399,Completed
WO00001042,P01,P01_L02,SKU008,2026-02-13 14:00:00,2026-02-13 22:00:00,425,Completed
WO00001043,P01,P01_L02,SKU004,2026-02-13 22:00:00,2026-02-14 06:00:00,399,Completed
WO00001044,P01,P01_L03,SKU004,2026-02-13 06:00:00,2026-02-13 14:00:00,399,Completed
WO00001045,P01,P01_L03,SKU004,2026-02-13 14:00:00,2026-02-13 22:00:00,399,Completed
WO00001046,P01,P01_L03,SKU003,2026-02-13 22:00:00,2026-02-14 06:00:00,436,Completed
WO00001047,P02,P02_L01,SKU003,2026-02-13 06:00:00,2026-02-13 14:00:00,344,Completed
WO00001048,P02,P02_L01,SKU003,2026-02-13 14:00:00,2026-02-13 22:00:00,344,Completed
WO00001049,P02,P02_L01,SKU003,2026-02-13 22:00:00,2026-02-14 06:00:00,344,Completed
WO00001050,P02,P02_L02,SKU004,2026-02-13 06:00:00,2026-02-13 14:00:00,394,Completed
WO00001051,P02,P02_L02,SKU002,2026-02-13 14:00:00,2026-02-13 22:00:00,394,Completed
WO00001052,P02,P02_L02,SKU002,2026-02-13 22:00:00,2026-02-14 06:00:00,394,Completed
WO00001053,P02,P02_L03,SKU003,2026-02-13 06:00:00,2026-02-13 14:00:00,331,Completed
WO00001054,P02,P02_L03,SKU007,2026-02-13 14:00:00,2026-02-13 22:00:00,331,Completed
WO00001055,P02,P02_L03,SKU007,2026-02-13 22:00:00,2026-02-14 06:00:00,331,Completed
WO00001056,P03,P03_L01,SKU001,2026-02-13 06:00:00,2026-02-13 14:00:00,351,Completed
WO00001057,P03,P03_L01,SKU001,2026-02-13 14:00:00,2026-02-13 22:00:00,351,Completed
WO00001058,P03,P03_L01,SKU004,2026-02-13 22:00:00,2026-02-14 06:00:00,399,Completed
WO00001059,P03,P03_L02,SKU006,2026-02-13 06:00:00,2026-02-13 14:00:00,386,Completed
WO00001060,P03,P03_L02,SKU001,2026-02-13 14:00:00,2026-02-13 22:00:00,351,Completed
WO00001061,P03,P03_L02,SKU004,2026-02-13 22:00:00,2026-02-14 06:00:00,398,Completed
WO00001062,P03,P03_L03,SKU004,2026-02-13 06:00:00,2026-02-13 14:00:00,399,Completed
WO00001063,P03,P03_L03,SKU004,2026-02-13 14:00:00,2026-02-13 22:00:00,399,Completed
WO00001064,P03,P03_L03,SKU001,2026-02-13 22:00:00,2026-02-14 06:00:00,351,Completed
WO00001065,P01,P01_L01,SKU001,2026-02-14 14:00:00,2026-02-14 22:00:00,351,Completed
WO00001066,P01,P01_L02,SKU004,2026-02-14 06:00:00,2026-02-14 14:00:00,399,Completed
WO00001067,P01,P01_L02,SKU008,2026-02-14 14:00:00,2026-02-14 22:00:00,425,Completed
WO00001068,P01,P01_L03,SKU004,2026-02-14 22:00:00,2026-02-15 06:00:00,399,Completed
WO00001069,P02,P02_L01,SKU003,2026-02-14 06:00:00,2026-02-14 14:00:00,344,Completed
WO00001070,P02,P02_L02,SKU002,2026-02-14 14:00:00,2026-02-14 22:00:00,394,Completed
WO00001071,P02,P02_L03,SKU004,2026-02-14 06:00:00,2026-02-14 14:00:00,331,Completed
WO00001072,P02,P02_L03,SKU002,2026-02-14 22:00:00,2026-02-15 06:00:00,331,Completed
WO00001073,P03,P03_L01,SKU001,2026-02-14 06:00:00,2026-02-14 14:00:00,351,Completed
WO00001074,P03,P03_L02,SKU001,2026-02-14 06:00:00,2026-02-14 14:00:00,351,Completed
WO00001075,P03,P03_L03,SKU003,2026-02-14 14:00:00,2026-02-14 22:00:00,409,Completed
WO00001076,P01,P01_L01,SKU005,2026-02-15 06:00:00,2026-02-15 14:00:00,355,Completed
WO00001077,P01,P01_L02,SKU001,2026-02-15 22:00:00,2026-02-16 06:00:00,351,Completed
WO00001078,P01,P01_L03,SKU003,2026-02-15 06:00:00,2026-02-15 14:00:00,436,Completed
WO00001079,P01,P01_L03,SKU003,2026-02-15 14:00:00,2026-02-15 22:00:00,436,Completed
WO00001080,P02,P02_L01,SKU002,2026-02-15 06:00:00,2026-02-15 14:00:00,344,Completed
WO00001081,P02,P02_L01,SKU003,2026-02-15 14:00:00,2026-02-15 22:00:00,344,Completed
WO00001082,P02,P02_L01,SKU003,2026-02-15 22:00:00,2026-02-16 06:00:00,344,Completed
WO00001083,P02,P02_L02,SKU008,2026-02-15 06:00:00,2026-02-15 14:00:00,394,Completed
WO00001084,P02,P02_L02,SKU002,2026-02-15 14:00:00,2026-02-15 22:00:00,394,Completed
WO00001085,P02,P02_L02,SKU006,2026-02-15 22:00:00,2026-02-16 06:00:00,386,Completed
WO00001086,P02,P02_L03,SKU008,2026-02-15 06:00:00,2026-02-15 14:00:00,331,Completed
WO00001087,P02,P02_L03,SKU005,2026-02-15 14:00:00,2026-02-15 22:00:00,331,Completed
WO00001088,P02,P02_L03,SKU001,2026-02-15 22:00:00,2026-02-16 06:00:00,331,Completed
WO00001089,P03,P03_L01,SKU001,2026-02-15 06:00:00,2026-02-15 14:00:00,351,Completed
WO00001090,P03,P03_L01,SKU003,2026-02-15 14:00:00,2026-02-15 22:00:00,406,Completed
WO00001091,P03,P03_L02,SKU006,2026-02-15 06:00:00,2026-02-15 14:00:00,386,Completed
WO00001092,P03,P03_L02,SKU001,2026-02-15 22:00:00,2026-02-16 06:00:00,351,Completed
WO00001093,P03,P03_L03,SKU001,2026-02-15 06:00:00,2026-02-15 14:00:00,351,Completed
WO00001094,P01,P01_L01,SKU007,2026-02-16 06:00:00,2026-02-16 14:00:00,492,Completed
WO00001095,P01,P01_L01,SKU001,2026-02-16 14:00:00,2026-02-16 22:00:00,351,Completed
WO00001096,P01,P01_L01,SKU001,2026-02-16 22:00:00,2026-02-17 06:00:00,351,Completed
WO00001097,P01,P01_L02,SKU004,2026-02-16 06:00:00,2026-02-16 14:00:00,399,Completed
WO00001098,P01,P01_L02,SKU004,2026-02-16 14:00:00,2026-02-16 22:00:00,399,Completed
WO00001099,P01,P01_L02,SKU001,2026-02-16 22:00:00,2026-02-17 06:00:00,351,Completed
WO00001100,P01,P01_L03,SKU004,2026-02-16 06:00:00,2026-02-16 14:00:00,399,Completed
WO00001101,P01,P01_L03,SKU003,2026-02-16 14:00:00,2026-02-16 22:00:00,436,Completed
WO00001102,P01,P01_L03,SKU008,2026-02-16 22:00:00,2026-02-17 06:00:00,425,Completed
WO00001103,P02,P02_L01,SKU003,2026-02-16 06:00:00,2026-02-16 14:00:00,344,Completed
WO00001104,P02,P02_L01,SKU003,2026-02-16 14:00:00,2026-02-16 22:00:00,344,Completed
WO00001105,P02,P02_L01,SKU003,2026-02-16 22:00:00,2026-02-17 06:00:00,344,Completed
WO00001106,P02,P02_L02,SKU002,2026-02-16 06:00:00,2026-02-16 14:00:00,394,Completed
WO00001107,P02,P02_L02,SKU003,2026-02-16 14:00:00,2026-02-16 22:00:00,394,Completed
WO00001108,P02,P02_L02,SKU006,2026-02-16 22:00:00,2026-02-17 06:00:00,386,Completed
WO00001109,P02,P02_L03,SKU007,2026-02-16 06:00:00,2026-02-16 14:00:00,331,Completed
WO00001110,P02,P02_L03,SKU008,2026-02-16 14:00:00,2026-02-16 22:00:00,331,Completed
WO00001111,P02,P02_L03,SKU007,2026-02-16 22:00:00,2026-02-17 06:00:00,331,Completed
WO00001112,P03,P03_L01,SKU005,2026-02-16 06:00:00,2026-02-16 14:00:00,355,Completed
WO00001113,P03,P03_L01,SKU004,2026-02-16 14:00:00,2026-02-16 22:00:00,399,Completed
WO00001114,P03,P03_L01,SKU003,2026-02-16 22:00:00,2026-02-17 06:00:00,406,Completed
WO00001115,P03,P03_L02,SKU001,2026-02-16 06:00:00,2026-02-16 14:00:00,351,Completed
WO00001116,P03,P03_L02,SKU006,2026-02-16 14:00:00,2026-02-16 22:00:00,386,Completed
WO00001117,P03,P03_L02,SKU001,2026-02-16 22:00:00,2026-02-17 06:00:00,351,Completed
WO00001118,P03,P03_L03,SKU001,2026-02-16 06:00:00,2026-02-16 14:00:00,351,Completed
WO00001119,P03,P03_L03,SKU004,2026-02-16 14:00:00,2026-02-16 22:00:00,399,Completed
WO00001120,P03,P03_L03,SKU001,2026-02-16 22:00:00,2026-02-17 06:00:00,351,Completed
WO00001121,P01,P01_L01,SKU001,2026-02-17 06:00:00,2026-02-17 14:00:00,351,Completed
WO00001122,P01,P01_L01,SKU005,2026-02-17 14:00:00,2026-02-17 22:00:00,355,Completed
WO00001123,P01,P01_L01,SKU007,2026-02-17 22:00:00,2026-02-18 06:00:00,492,Completed
WO00001124,P01,P01_L02,SKU001,2026-02-17 06:00:00,2026-02-17 14:00:00,351,Completed
WO00001125,P01,P01_L02,SKU004,2026-02-17 14:00:00,2026-02-17 22:00:00,399,Completed
WO00001126,P01,P01_L02,SKU001,2026-02-17 22:00:00,2026-02-18 06:00:00,351,Completed
WO00001127,P01,P01_L03,SKU003,2026-02-17 06:00:00,2026-02-17 14:00:00,436,Completed
WO00001128,P01,P01_L03,SKU003,2026-02-17 14:00:00,2026-02-17 22:00:00,436,Completed
WO00001129,P01,P01_L03,SKU003,2026-02-17 22:00:00,2026-02-18 06:00:00,436,Completed
WO00001130,P02,P02_L01,SKU002,2026-02-17 06:00:00,2026-02-17 14:00:00,344,Completed
WO00001131,P02,P02_L01,SKU003,2026-02-17 14:00:00,2026-02-17 22:00:00,344,Completed
WO00001132,P02,P02_L01,SKU006,2026-02-17 22:00:00,2026-02-18 06:00:00,344,Completed
WO00001133,P02,P02_L02,SKU006,2026-02-17 06:00:00,2026-02-17 14:00:00,386,Completed
WO00001134,P02,P02_L02,SKU006,2026-02-17 14:00:00,2026-02-17 22:00:00,386,Completed
WO00001135,P02,P02_L02,SKU002,2026-02-17 22:00:00,2026-02-18 06:00:00,394,Completed
WO00001136,P02,P02_L03,SKU001,2026-02-17 06:00:00,2026-02-17 14:00:00,331,Completed
WO00001137,P02,P02_L03,SKU004,2026-02-17 14:00:00,2026-02-17 22:00:00,331,Completed
WO00001138,P02,P02_L03,SKU007,2026-02-17 22:00:00,2026-02-18 06:00:00,331,Completed
WO00001139,P03,P03_L01,SKU001,2026-02-17 06:00:00,2026-02-17 14:00:00,351,Completed
WO00001140,P03,P03_L01,SKU001,2026-02-17 14:00:00,2026-02-17 22:00:00,351,Completed
WO00001141,P03,P03_L01,SKU004,2026-02-17 22:00:00,2026-02-18 06:00:00,399,Completed
WO00001142,P03,P03_L02,SKU006,2026-02-17 06:00:00,2026-02-17 14:00:00,386,Completed
WO00001143,P03,P03_L02,SKU006,2026-02-17 14:00:00,2026-02-17 22:00:00,386,Completed
WO00001144,P03,P03_L02,SKU006,2026-02-17 22:00:00,2026-02-18 06:00:00,386,Completed
WO00001145,P03,P03_L03,SKU001,2026-02-17 06:00:00,2026-02-17 14:00:00,351,Completed
WO00001146,P03,P03_L03,SKU001,2026-02-17 14:00:00,2026-02-17 22:00:00,351,Completed
WO00001147,P03,P03_L03,SKU006,2026-02-17 22:00:00,2026-02-18 06:00:00,386,Completed
WO00001148,P01,P01_L01,SKU001,2026-02-18 06:00:00,2026-02-18 14:00:00,351,Completed
WO00001149,P01,P01_L01,SKU008,2026-02-18 14:00:00,2026-02-18 22:00:00,425,Completed
WO00001150,P01,P01_L01,SKU005,2026-02-18 22:00:00,2026-02-19 06:00:00,355,Completed
WO00001151,P01,P01_L02,SKU001,2026-02-18 06:00:00,2026-02-18 14:00:00,351,Completed
WO00001152,P01,P01_L02,SKU001,2026-02-18 14:00:00,2026-02-18 22:00:00,351,Completed
WO00001153,P01,P01_L02,SKU001,2026-02-18 22:00:00,2026-02-19 06:00:00,351,Completed
WO00001154,P01,P01_L03,SKU008,2026-02-18 06:00:00,2026-02-18 14:00:00,425,Completed
WO00001155,P01,P01_L03,SKU002,2026-02-18 14:00:00,2026-02-18 22:00:00,507,Completed
WO00001156,P01,P01_L03,SKU004,2026-02-18 22:00:00,2026-02-19 06:00:00,399,Completed
WO00001157,P02,P02_L01,SKU003,2026-02-18 06:00:00,2026-02-18 14:00:00,344,Completed
WO00001158,P02,P02_L01,SKU003,2026-02-18 14:00:00,2026-02-18 22:00:00,344,Completed
WO00001159,P02,P02_L01,SKU003,2026-02-18 22:00:00,2026-02-19 06:00:00,344,Completed
WO00001160,P02,P02_L02,SKU002,2026-02-18 06:00:00,2026-02-18 14:00:00,394,Completed
WO00001161,P02,P02_L02,SKU004,2026-02-18 14:00:00,2026-02-18 22:00:00,394,Completed
WO00001162,P02,P02_L02,SKU002,2026-02-18 22:00:00,2026-02-19 06:00:00,394,Completed
WO00001163,P02,P02_L03,SKU003,2026-02-18 06:00:00,2026-02-18 14:00:00,331,Completed
WO00001164,P02,P02_L03,SKU007,2026-02-18 14:00:00,2026-02-18 22:00:00,331,Completed
WO00001165,P02,P02_L03,SKU008,2026-02-18 22:00:00,2026-02-19 06:00:00,331,Completed
WO00001166,P03,P03_L01,SKU003,2026-02-18 06:00:00,2026-02-18 14:00:00,406,Completed
WO00001167,P03,P03_L01,SKU003,2026-02-18 14:00:00,2026-02-18 22:00:00,406,Completed
WO00001168,P03,P03_L01,SKU001,2026-02-18 22:00:00,2026-02-19 06:00:00,351,Completed
WO00001169,P03,P03_L02,SKU006,2026-02-18 06:00:00,2026-02-18 14:00:00,386,Completed
WO00001170,P03,P03_L02,SKU008,2026-02-18 14:00:00,2026-02-18 22:00:00,398,Completed
WO00001171,P03,P03_L02,SKU002,2026-02-18 22:00:00,2026-02-19 06:00:00,398,Completed
WO00001172,P03,P03_L03,SKU001,2026-02-18 06:00:00,2026-02-18 14:00:00,351,Completed
WO00001173,P03,P03_L03,SKU003,2026-02-18 14:00:00,2026-02-18 22:00:00,409,Completed
WO00001174,P03,P03_L03,SKU004,2026-02-18 22:00:00,2026-02-19 06:00:00,399,Completed
WO00001175,P01,P01_L01,SKU007,2026-02-19 06:00:00,2026-02-19 14:00:00,492,Completed
WO00001176,P01,P01_L01,SKU001,2026-02-19 14:00:00,2026-02-19 22:00:00,351,Completed
WO00001177,P01,P01_L01,SKU001,2026-02-19 22:00:00,2026-02-20 06:00:00,351,Completed
WO00001178,P01,P01_L02,SKU004,2026-02-19 06:00:00,2026-02-19 14:00:00,399,Completed
WO00001179,P01,P01_L02,SKU008,2026-02-19 14:00:00,2026-02-19 22:00:00,425,Completed
WO00001180,P01,P01_L02,SKU006,2026-02-19 22:00:00,2026-02-20 06:00:00,386,Completed
WO00001181,P01,P01_L03,SKU003,2026-02-19 06:00:00,2026-02-19 14:00:00,436,Completed
WO00001182,P01,P01_L03,SKU003,2026-02-19 14:00:00,2026-02-19 22:00:00,436,Completed
WO00001183,P01,P01_L03,SKU003,2026-02-19 22:00:00,2026-02-20 06:00:00,436,Completed
WO00001184,P02,P02_L01,SKU004,2026-02-19 06:00:00,2026-02-19 14:00:00,344,Completed
WO00001185,P02,P02_L01,SKU004,2026-02-19 14:00:00,2026-02-19 22:00:00,344,Completed
WO00001186,P02,P02_L01,SKU002,2026-02-19 22:00:00,2026-02-20 06:00:00,344,Completed
WO00001187,P02,P02_L02,SKU003,2026-02-19 06:00:00,2026-02-19 14:00:00,394,Completed
WO00001188,P02,P02_L02,SKU002,2026-02-19 14:00:00,2026-02-19 22:00:00,394,Completed
WO00001189,P02,P02_L02,SKU004,2026-02-19 22:00:00,2026-02-20 06:00:00,394,Completed
WO00001190,P02,P02_L03,SKU007,2026-02-19 06:00:00,2026-02-19 14:00:00,331,Completed
WO00001191,P02,P02_L03,SKU003,2026-02-19 14:00:00,2026-02-19 22:00:00,331,Completed
WO00001192,P02,P02_L03,SKU007,2026-02-19 22:00:00,2026-02-20 06:00:00,331,Completed
WO00001193,P03,P03_L01,SKU003,2026-02-19 06:00:00,2026-02-19 14:00:00,406,Completed
WO00001194,P03,P03_L01,SKU003,2026-02-19 14:00:00,2026-02-19 22:00:00,406,Completed
WO00001195,P03,P03_L01,SKU002,2026-02-19 22:00:00,2026-02-20 06:00:00,406,Completed
WO00001196,P03,P03_L02,SKU006,2026-02-19 06:00:00,2026-02-19 14:00:00,386,Completed
WO00001197,P03,P03_L02,SKU006,2026-02-19 14:00:00,2026-02-19 22:00:00,386,Completed
WO00001198,P03,P03_L02,SKU002,2026-02-19 22:00:00,2026-02-20 06:00:00,398,Completed
WO00001199,P03,P03_L03,SKU004,2026-02-19 06:00:00,2026-02-19 14:00:00,399,Completed
WO00001200,P03,P03_L03,SKU007,2026-02-19 14:00:00,2026-02-19 22:00:00,409,Completed
WO00001201,P03,P03_L03,SKU003,2026-02-19 22:00:00,2026-02-20 06:00:00,409,Completed
WO00001202,P01,P01_L01,SKU005,2026-02-20 06:00:00,2026-02-20 14:00:00,355,Completed
WO00001203,P01,P01_L01,SKU004,2026-02-20 14:00:00,2026-02-20 22:00:00,399,Completed
WO00001204,P01,P01_L01,SKU001,2026-02-20 22:00:00,2026-02-21 06:00:00,351,Completed
WO00001205,P01,P01_L02,SKU001,2026-02-20 06:00:00,2026-02-20 14:00:00,351,Completed
WO00001206,P01,P01_L02,SKU008,2026-02-20 14:00:00,2026-02-20 22:00:00,425,Completed
WO00001207,P01,P01_L02,SKU001,2026-02-20 22:00:00,2026-02-21 06:00:00,351,Completed
WO00001208,P01,P01_L03,SKU007,2026-02-20 06:00:00,2026-02-20 14:00:00,522,Completed
WO00001209,P01,P01_L03,SKU003,2026-02-20 14:00:00,2026-02-20 22:00:00,436,Completed
WO00001210,P01,P01_L03,SKU003,2026-02-20 22:00:00,2026-02-21 06:00:00,436,Completed
WO00001211,P02,P02_L01,SKU003,2026-02-20 06:00:00,2026-02-20 14:00:00,344,Completed
WO00001212,P02,P02_L01,SKU001,2026-02-20 14:00:00,2026-02-20 22:00:00,344,Completed
WO00001213,P02,P02_L01,SKU004,2026-02-20 22:00:00,2026-02-21 06:00:00,344,Completed
WO00001214,P02,P02_L02,SKU002,2026-02-20 06:00:00,2026-02-20 14:00:00,394,Completed
WO00001215,P02,P02_L02,SKU004,2026-02-20 14:00:00,2026-02-20 22:00:00,394,Completed
WO00001216,P02,P02_L02,SKU002,2026-02-20 22:00:00,2026-02-21 06:00:00,394,Completed
WO00001217,P02,P02_L03,SKU007,2026-02-20 06:00:00,2026-02-20 14:00:00,331,Completed
WO00001218,P02,P02_L03,SKU007,2026-02-20 14:00:00,2026-02-20 22:00:00,331,Completed
WO00001219,P02,P02_L03,SKU008,2026-02-20 22:00:00,2026-02-21 06:00:00,331,Completed
WO00001220,P03,P03_L01,SKU001,2026-02-20 06:00:00,2026-02-20 14:00:00,351,Completed
WO00001221,P03,P03_L01,SKU001,2026-02-20 14:00:00,2026-02-20 22:00:00,351,Completed
WO00001222,P03,P03_L01,SKU001,2026-02-20 22:00:00,2026-02-21 06:00:00,351,Completed
WO00001223,P03,P03_L02,SKU006,2026-02-20 06:00:00,2026-02-20 14:00:00,386,Completed
WO00001224,P03,P03_L02,SKU006,2026-02-20 14:00:00,2026-02-20 22:00:00,386,Completed
WO00001225,P03,P03_L02,SKU002,2026-02-20 22:00:00,2026-02-21 06:00:00,398,Completed
WO00001226,P03,P03_L03,SKU004,2026-02-20 06:00:00,2026-02-20 14:00:00,399,Completed
WO00001227,P03,P03_L03,SKU004,2026-02-20 14:00:00,2026-02-20 22:00:00,399,Completed
WO00001228,P03,P03_L03,SKU003,2026-02-20 22:00:00,2026-02-21 06:00:00,409,Completed
WO00001229,P01,P01_L01,SKU007,2026-02-21 14:00:00,2026-02-21 22:00:00,492,Completed
WO00001230,P01,P01_L01,SKU001,2026-02-21 22:00:00,2026-02-22 06:00:00,351,Completed
WO00001231,P01,P01_L02,SKU001,2026-02-21 06:00:00,2026-02-21 14:00:00,351,Completed
WO00001232,P01,P01_L02,SKU004,2026-02-21 14:00:00,2026-02-21 22:00:00,399,Completed
WO00001233,P01,P01_L02,SKU004,2026-02-21 22:00:00,2026-02-22 06:00:00,399,Completed
WO00001234,P01,P01_L03,SKU002,2026-02-21 06:00:00,2026-02-21 14:00:00,507,Completed
WO00001235,P02,P02_L01,SKU003,2026-02-21 06:00:00,2026-02-21 14:00:00,344,Completed
WO00001236,P02,P02_L02,SKU002,2026-02-21 06:00:00,2026-02-21 14:00:00,394,Completed
WO00001237,P02,P02_L02,SKU006,2026-02-21 22:00:00,2026-02-22 06:00:00,386,Completed
WO00001238,P02,P02_L03,SKU003,2026-02-21 06:00:00,2026-02-21 14:00:00,331,Completed
WO00001239,P02,P02_L03,SKU002,2026-02-21 14:00:00,2026-02-21 22:00:00,331,Completed
WO00001240,P03,P03_L01,SKU001,2026-02-21 06:00:00,2026-02-21 14:00:00,351,Completed
WO00001241,P03,P03_L01,SKU003,2026-02-21 22:00:00,2026-02-22 06:00:00,406,Completed
WO00001242,P03,P03_L02,SKU001,2026-02-21 06:00:00,2026-02-21 14:00:00,351,Completed
WO00001243,P03,P03_L02,SKU001,2026-02-21 14:00:00,2026-02-21 22:00:00,351,Completed
WO00001244,P03,P03_L02,SKU001,2026-02-21 22:00:00,2026-02-22 06:00:00,351,Completed
WO00001245,P03,P03_L03,SKU001,2026-02-21 06:00:00,2026-02-21 14:00:00,351,Completed
WO00001246,P03,P03_L03,SKU004,2026-02-21 14:00:00,2026-02-21 22:00:00,399,Completed
WO00001247,P03,P03_L03,SKU001,2026-02-21 22:00:00,2026-02-22 06:00:00,351,Completed
WO00001248,P01,P01_L01,SKU005,2026-02-22 14:00:00,2026-02-22 22:00:00,355,Completed
WO00001249,P01,P01_L01,SKU001,2026-02-22 22:00:00,2026-02-23 06:00:00,351,Completed
WO00001250,P01,P01_L02,SKU001,2026-02-22 06:00:00,2026-02-22 14:00:00,351,Completed
WO00001251,P01,P01_L02,SKU001,2026-02-22 14:00:00,2026-02-22 22:00:00,351,Completed
WO00001252,P01,P01_L02,SKU002,2026-02-22 22:00:00,2026-02-23 06:00:00,459,Completed
WO00001253,P02,P02_L01,SKU003,2026-02-22 06:00:00,2026-02-22 14:00:00,344,Completed
WO00001254,P02,P02_L01,SKU002,2026-02-22 14:00:00,2026-02-22 22:00:00,344,Completed
WO00001255,P02,P02_L01,SKU003,2026-02-22 22:00:00,2026-02-23 06:00:00,344,Completed
WO00001256,P02,P02_L02,SKU002,2026-02-22 06:00:00,2026-02-22 14:00:00,394,Completed
WO00001257,P02,P02_L03,SKU007,2026-02-22 06:00:00,2026-02-22 14:00:00,331,Completed
WO00001258,P02,P02_L03,SKU003,2026-02-22 14:00:00,2026-02-22 22:00:00,331,Completed
WO00001259,P02,P02_L03,SKU003,2026-02-22 22:00:00,2026-02-23 06:00:00,331,Completed
WO00001260,P03,P03_L01,SKU003,2026-02-22 06:00:00,2026-02-22 14:00:00,406,Completed
WO00001261,P03,P03_L02,SKU002,2026-02-22 06:00:00,2026-02-22 14:00:00,398,Completed
WO00001262,P03,P03_L02,SKU004,2026-02-22 14:00:00,2026-02-22 22:00:00,398,Completed
WO00001263,P03,P03_L02,SKU001,2026-02-22 22:00:00,2026-02-23 06:00:00,351,Completed
WO00001264,P03,P03_L03,SKU001,2026-02-22 06:00:00,2026-02-22 14:00:00,351,Completed
WO00001265,P03,P03_L03,SKU004,2026-02-22 22:00:00,2026-02-23 06:00:00,399,Completed
WO00001266,P01,P01_L01,SKU001,2026-02-23 06:00:00,2026-02-23 14:00:00,351,Completed
WO00001267,P01,P01_L01,SKU001,2026-02-23 14:00:00,2026-02-23 22:00:00,351,Completed
WO00001268,P01,P01_L01,SKU001,2026-02-23 22:00:00,2026-02-24 06:00:00,351,Completed
WO00001269,P01,P01_L02,SKU001,2026-02-23 06:00:00,2026-02-23 14:00:00,351,Completed
WO00001270,P01,P01_L02,SKU001,2026-02-23 14:00:00,2026-02-23 22:00:00,351,Completed
WO00001271,P01,P01_L02,SKU001,2026-02-23 22:00:00,2026-02-24 06:00:00,351,Completed
WO00001272,P01,P01_L03,SKU003,2026-02-23 06:00:00,2026-02-23 14:00:00,436,Completed
WO00001273,P01,P01_L03,SKU004,2026-02-23 14:00:00,2026-02-23 22:00:00,399,Completed
WO00001274,P01,P01_L03,SKU003,2026-02-23 22:00:00,2026-02-24 06:00:00,436,Completed
WO00001275,P02,P02_L01,SKU003,2026-02-23 06:00:00,2026-02-23 14:00:00,344,Completed
WO00001276,P02,P02_L01,SKU002,2026-02-23 14:00:00,2026-02-23 22:00:00,344,Completed
WO00001277,P02,P02_L01,SKU003,2026-02-23 22:00:00,2026-02-24 06:00:00,344,Completed
WO00001278,P02,P02_L02,SKU004,2026-02-23 06:00:00,2026-02-23 14:00:00,394,Completed
WO00001279,P02,P02_L02,SKU006,2026-02-23 14:00:00,2026-02-23 22:00:00,386,Completed
WO00001280,P02,P02_L02,SKU002,2026-02-23 22:00:00,2026-02-24 06:00:00,394,Completed
WO00001281,P02,P02_L03,SKU003,2026-02-23 06:00:00,2026-02-23 14:00:00,331,Completed
WO00001282,P02,P02_L03,SKU003,2026-02-23 14:00:00,2026-02-23 22:00:00,331,Completed
WO00001283,P02,P02_L03,SKU004,2026-02-23 22:00:00,2026-02-24 06:00:00,331,Completed
WO00001284,P03,P03_L01,SKU001,2026-02-23 06:00:00,2026-02-23 14:00:00,351,Completed
WO00001285,P03,P03_L01,SKU001,2026-02-23 14:00:00,2026-02-23 22:00:00,351,Completed
WO00001286,P03,P03_L01,SKU003,2026-02-23 22:00:00,2026-02-24 06:00:00,406,Completed
WO00001287,P03,P03_L02,SKU006,2026-02-23 06:00:00,2026-02-23 14:00:00,386,Completed
WO00001288,P03,P03_L02,SKU002,2026-02-23 14:00:00,2026-02-23 22:00:00,398,Completed
WO00001289,P03,P03_L02,SKU004,2026-02-23 22:00:00,2026-02-24 06:00:00,398,Completed
WO00001290,P03,P03_L03,SKU004,2026-02-23 06:00:00,2026-02-23 14:00:00,399,Completed
WO00001291,P03,P03_L03,SKU003,2026-02-23 14:00:00,2026-02-23 22:00:00,409,Completed
WO00001292,P03,P03_L03,SKU001,2026-02-23 22:00:00,2026-02-24 06:00:00,351,Completed
WO00001293,P01,P01_L01,SKU001,2026-02-24 06:00:00,2026-02-24 14:00:00,351,Completed
WO00001294,P01,P01_L01,SKU005,2026-02-24 14:00:00,2026-02-24 22:00:00,355,Completed
WO00001295,P01,P01_L01,SKU005,2026-02-24 22:00:00,2026-02-25 06:00:00,355,Completed
WO00001296,P01,P01_L02,SKU001,2026-02-24 06:00:00,2026-02-24 14:00:00,351,Completed
WO00001297,P01,P01_L02,SKU002,2026-02-24 14:00:00,2026-02-24 22:00:00,459,Completed
WO00001298,P01,P01_L02,SKU004,2026-02-24 22:00:00,2026-02-25 06:00:00,399,Completed
WO00001299,P01,P01_L03,SKU003,2026-02-24 06:00:00,2026-02-24 14:00:00,436,Completed
WO00001300,P01,P01_L03,SKU008,2026-02-24 14:00:00,2026-02-24 22:00:00,425,Completed
WO00001301,P01,P01_L03,SKU002,2026-02-24 22:00:00,2026-02-25 06:00:00,507,Completed
WO00001302,P02,P02_L01,SKU003,2026-02-24 06:00:00,2026-02-24 14:00:00,344,Completed
WO00001303,P02,P02_L01,SKU003,2026-02-24 14:00:00,2026-02-24 22:00:00,344,Completed
WO00001304,P02,P02_L01,SKU002,2026-02-24 22:00:00,2026-02-25 06:00:00,344,Completed
WO00001305,P02,P02_L02,SKU002,2026-02-24 06:00:00,2026-02-24 14:00:00,394,Completed
WO00001306,P02,P02_L02,SKU006,2026-02-24 14:00:00,2026-02-24 22:00:00,386,Completed
WO00001307,P02,P02_L02,SKU002,2026-02-24 22:00:00,2026-02-25 06:00:00,394,Completed
WO00001308,P02,P02_L03,SKU007,2026-02-24 06:00:00,2026-02-24 14:00:00,331,Completed
WO00001309,P02,P02_L03,SKU005,2026-02-24 14:00:00,2026-02-24 22:00:00,331,Completed
WO00001310,P02,P02_L03,SKU005,2026-02-24 22:00:00,2026-02-25 06:00:00,331,Completed
WO00001311,P03,P03_L01,SKU001,2026-02-24 06:00:00,2026-02-24 14:00:00,351,Completed
WO00001312,P03,P03_L01,SKU005,2026-02-24 14:00:00,2026-02-24 22:00:00,355,Completed
WO00001313,P03,P03_L01,SKU003,2026-02-24 22:00:00,2026-02-25 06:00:00,406,Completed
WO00001314,P03,P03_L02,SKU005,2026-02-24 06:00:00,2026-02-24 14:00:00,355,Completed
WO00001315,P03,P03_L02,SKU001,2026-02-24 14:00:00,2026-02-24 22:00:00,351,Completed
WO00001316,P03,P03_L02,SKU006,2026-02-24 22:00:00,2026-02-25 06:00:00,386,Completed
WO00001317,P03,P03_L03,SKU003,2026-02-24 06:00:00,2026-02-24 14:00:00,409,Completed
WO00001318,P03,P03_L03,SKU003,2026-02-24 14:00:00,2026-02-24 22:00:00,409,Completed
WO00001319,P03,P03_L03,SKU001,2026-02-24 22:00:00,2026-02-25 06:00:00,351,Completed
WO00001320,P01,P01_L01,SKU004,2026-02-25 06:00:00,2026-02-25 14:00:00,399,Completed
WO00001321,P01,P01_L01,SKU001,2026-02-25 14:00:00,2026-02-25 22:00:00,351,Completed
WO00001322,P01,P01_L01,SKU005,2026-02-25 22:00:00,2026-02-26 06:00:00,355,Completed
WO00001323,P01,P01_L02,SKU001,2026-02-25 06:00:00,2026-02-25 14:00:00,351,Completed
WO00001324,P01,P01_L02,SKU002,2026-02-25 14:00:00,2026-02-25 22:00:00,459,Completed
WO00001325,P01,P01_L02,SKU006,2026-02-25 22:00:00,2026-02-26 06:00:00,386,Completed
WO00001326,P01,P01_L03,SKU004,2026-02-25 06:00:00,2026-02-25 14:00:00,399,Completed
WO00001327,P01,P01_L03,SKU008,2026-02-25 14:00:00,2026-02-25 22:00:00,425,Completed
WO00001328,P01,P01_L03,SKU004,2026-02-25 22:00:00,2026-02-26 06:00:00,399,Completed
WO00001329,P02,P02_L01,SKU002,2026-02-25 06:00:00,2026-02-25 14:00:00,344,Completed
WO00001330,P02,P02_L01,SKU005,2026-02-25 14:00:00,2026-02-25 22:00:00,344,Completed
WO00001331,P02,P02_L01,SKU006,2026-02-25 22:00:00,2026-02-26 06:00:00,344,Completed
WO00001332,P02,P02_L02,SKU002,2026-02-25 06:00:00,2026-02-25 14:00:00,394,Completed
WO00001333,P02,P02_L02,SKU004,2026-02-25 14:00:00,2026-02-25 22:00:00,394,Completed
WO00001334,P02,P02_L02,SKU002,2026-02-25 22:00:00,2026-02-26 06:00:00,394,Completed
WO00001335,P02,P02_L03,SKU007,2026-02-25 06:00:00,2026-02-25 14:00:00,331,Completed
WO00001336,P02,P02_L03,SKU007,2026-02-25 14:00:00,2026-02-25 22:00:00,331,Completed
WO00001337,P02,P02_L03,SKU003,2026-02-25 22:00:00,2026-02-26 06:00:00,331,Completed
WO00001338,P03,P03_L01,SKU003,2026-02-25 06:00:00,2026-02-25 14:00:00,406,Completed
WO00001339,P03,P03_L01,SKU001,2026-02-25 14:00:00,2026-02-25 22:00:00,351,Completed
WO00001340,P03,P03_L01,SKU003,2026-02-25 22:00:00,2026-02-26 06:00:00,406,Completed
WO00001341,P03,P03_L02,SKU004,2026-02-25 06:00:00,2026-02-25 14:00:00,398,Completed
WO00001342,P03,P03_L02,SKU008,2026-02-25 14:00:00,2026-02-25 22:00:00,398,Completed
WO00001343,P03,P03_L02,SKU001,2026-02-25 22:00:00,2026-02-26 06:00:00,351,Completed
WO00001344,P03,P03_L03,SKU004,2026-02-25 06:00:00,2026-02-25 14:00:00,399,Completed
WO00001345,P03,P03_L03,SKU001,2026-02-25 14:00:00,2026-02-25 22:00:00,351,Completed
WO00001346,P03,P03_L03,SKU001,2026-02-25 22:00:00,2026-02-26 06:00:00,351,Completed
WO00001347,P01,P01_L01,SKU005,2026-02-26 06:00:00,2026-02-26 14:00:00,355,Completed
WO00001348,P01,P01_L01,SKU001,2026-02-26 14:00:00,2026-02-26 22:00:00,351,Completed
WO00001349,P01,P01_L01,SKU007,2026-02-26 22:00:00,2026-02-27 06:00:00,492,Completed
WO00001350,P01,P01_L02,SKU001,2026-02-26 06:00:00,2026-02-26 14:00:00,351,Completed
WO00001351,P01,P01_L02,SKU001,2026-02-26 14:00:00,2026-02-26 22:00:00,351,Completed
WO00001352,P01,P01_L02,SKU008,2026-02-26 22:00:00,2026-02-27 06:00:00,425,Completed
WO00001353,P01,P01_L03,SKU004,2026-02-26 06:00:00,2026-02-26 14:00:00,399,Completed
WO00001354,P01,P01_L03,SKU002,2026-02-26 14:00:00,2026-02-26 22:00:00,507,Completed
WO00001355,P01,P01_L03,SKU008,2026-02-26 22:00:00,2026-02-27 06:00:00,425,Completed
WO00001356,P02,P02_L01,SKU003,2026-02-26 06:00:00,2026-02-26 14:00:00,344,Completed
WO00001357,P02,P02_L01,SKU004,2026-02-26 14:00:00,2026-02-26 22:00:00,344,Completed
WO00001358,P02,P02_L01,SKU003,2026-02-26 22:00:00,2026-02-27 06:00:00,344,Completed
WO00001359,P02,P02_L02,SKU006,2026-02-26 06:00:00,2026-02-26 14:00:00,386,Completed
WO00001360,P02,P02_L02,SKU002,2026-02-26 14:00:00,2026-02-26 22:00:00,394,Completed
WO00001361,P02,P02_L02,SKU001,2026-02-26 22:00:00,2026-02-27 06:00:00,351,Completed
WO00001362,P02,P02_L03,SKU008,2026-02-26 06:00:00,2026-02-26 14:00:00,331,Completed
WO00001363,P02,P02_L03,SKU003,2026-02-26 14:00:00,2026-02-26 22:00:00,331,Completed
WO00001364,P02,P02_L03,SKU003,2026-02-26 22:00:00,2026-02-27 06:00:00,331,Completed
WO00001365,P03,P03_L01,SKU001,2026-02-26 06:00:00,2026-02-26 14:00:00,351,Completed
WO00001366,P03,P03_L01,SKU001,2026-02-26 14:00:00,2026-02-26 22:00:00,351,Completed
WO00001367,P03,P03_L01,SKU001,2026-02-26 22:00:00,2026-02-27 06:00:00,351,Completed
WO00001368,P03,P03_L02,SKU006,2026-02-26 06:00:00,2026-02-26 14:00:00,386,Completed
WO00001369,P03,P03_L02,SKU004,2026-02-26 14:00:00,2026-02-26 22:00:00,398,Completed
WO00001370,P03,P03_L02,SKU008,2026-02-26 22:00:00,2026-02-27 06:00:00,398,Completed
WO00001371,P03,P03_L03,SKU006,2026-02-26 06:00:00,2026-02-26 14:00:00,386,Completed
WO00001372,P03,P03_L03,SKU001,2026-02-26 14:00:00,2026-02-26 22:00:00,351,Completed
WO00001373,P03,P03_L03,SKU004,2026-02-26 22:00:00,2026-02-27 06:00:00,399,Completed
WO00001374,P01,P01_L01,SKU005,2026-02-27 06:00:00,2026-02-27 14:00:00,355,Completed
WO00001375,P01,P01_L01,SKU004,2026-02-27 14:00:00,2026-02-27 22:00:00,399,Completed
WO00001376,P01,P01_L01,SKU001,2026-02-27 22:00:00,2026-02-28 06:00:00,351,Completed
WO00001377,P01,P01_L02,SKU001,2026-02-27 06:00:00,2026-02-27 14:00:00,351,Completed
WO00001378,P01,P01_L02,SKU004,2026-02-27 14:00:00,2026-02-27 22:00:00,399,Completed
WO00001379,P01,P01_L02,SKU004,2026-02-27 22:00:00,2026-02-28 06:00:00,399,Completed
WO00001380,P01,P01_L03,SKU003,2026-02-27 06:00:00,2026-02-27 14:00:00,436,Completed
WO00001381,P01,P01_L03,SKU007,2026-02-27 14:00:00,2026-02-27 22:00:00,522,Completed
WO00001382,P01,P01_L03,SKU003,2026-02-27 22:00:00,2026-02-28 06:00:00,436,Completed
WO00001383,P02,P02_L01,SKU001,2026-02-27 06:00:00,2026-02-27 14:00:00,344,Completed
WO00001384,P02,P02_L01,SKU001,2026-02-27 14:00:00,2026-02-27 22:00:00,344,Completed
WO00001385,P02,P02_L01,SKU003,2026-02-27 22:00:00,2026-02-28 06:00:00,344,Completed
WO00001386,P02,P02_L02,SKU005,2026-02-27 06:00:00,2026-02-27 14:00:00,355,Completed
WO00001387,P02,P02_L02,SKU004,2026-02-27 14:00:00,2026-02-27 22:00:00,394,Completed
WO00001388,P02,P02_L02,SKU002,2026-02-27 22:00:00,2026-02-28 06:00:00,394,Completed
WO00001389,P02,P02_L03,SKU003,2026-02-27 06:00:00,2026-02-27 14:00:00,331,Completed
WO00001390,P02,P02_L03,SKU005,2026-02-27 14:00:00,2026-02-27 22:00:00,331,Completed
WO00001391,P02,P02_L03,SKU006,2026-02-27 22:00:00,2026-02-28 06:00:00,331,Completed
WO00001392,P03,P03_L01,SKU001,2026-02-27 06:00:00,2026-02-27 14:00:00,351,Completed
WO00001393,P03,P03_L01,SKU001,2026-02-27 14:00:00,2026-02-27 22:00:00,351,Completed
WO00001394,P03,P03_L01,SKU004,2026-02-27 22:00:00,2026-02-28 06:00:00,399,Completed
WO00001395,P03,P03_L02,SKU006,2026-02-27 06:00:00,2026-02-27 14:00:00,386,Completed
WO00001396,P03,P03_L02,SKU002,2026-02-27 14:00:00,2026-02-27 22:00:00,398,Completed
WO00001397,P03,P03_L02,SKU006,2026-02-27 22:00:00,2026-02-28 06:00:00,386,Completed
WO00001398,P03,P03_L03,SKU001,2026-02-27 06:00:00,2026-02-27 14:00:00,351,Completed
WO00001399,P03,P03_L03,SKU003,2026-02-27 14:00:00,2026-02-27 22:00:00,409,Completed
WO00001400,P03,P03_L03,SKU001,2026-02-27 22:00:00,2026-02-28 06:00:00,351,Completed
WO00001401,P01,P01_L01,SKU001,2026-02-28 06:00:00,2026-02-28 14:00:00,351,Completed
WO00001402,P01,P01_L02,SKU003,2026-02-28 06:00:00,2026-02-28 14:00:00,436,Completed
WO00001403,P01,P01_L02,SKU002,2026-02-28 22:00:00,2026-03-01 06:00:00,459,Completed
WO00001404,P01,P01_L03,SKU003,2026-02-28 06:00:00,2026-02-28 14:00:00,436,Completed
WO00001405,P01,P01_L03,SKU003,2026-02-28 14:00:00,2026-02-28 22:00:00,436,Completed
WO00001406,P01,P01_L03,SKU002,2026-02-28 22:00:00,2026-03-01 06:00:00,507,Completed
WO00001407,P02,P02_L01,SKU002,2026-02-28 06:00:00,2026-02-28 14:00:00,344,Completed
WO00001408,P02,P02_L01,SKU006,2026-02-28 22:00:00,2026-03-01 06:00:00,344,Completed
WO00001409,P02,P02_L02,SKU002,2026-02-28 06:00:00,2026-02-28 14:00:00,394,Completed
WO00001410,P02,P02_L02,SKU002,2026-02-28 14:00:00,2026-02-28 22:00:00,394,Completed
WO00001411,P02,P02_L02,SKU002,2026-02-28 22:00:00,2026-03-01 06:00:00,394,Completed
WO00001412,P02,P02_L03,SKU003,2026-02-28 06:00:00,2026-02-28 14:00:00,331,Completed
WO00001413,P02,P02_L03,SKU006,2026-02-28 14:00:00,2026-02-28 22:00:00,331,Completed
WO00001414,P03,P03_L01,SKU003,2026-02-28 06:00:00,2026-02-28 14:00:00,406,Completed
WO00001415,P03,P03_L01,SKU004,2026-02-28 22:00:00,2026-03-01 06:00:00,399,Completed
WO00001416,P03,P03_L02,SKU002,2026-02-28 06:00:00,2026-02-28 14:00:00,398,Completed
WO00001417,P03,P03_L02,SKU001,2026-02-28 14:00:00,2026-02-28 22:00:00,351,Completed
WO00001418,P03,P03_L02,SKU008,2026-02-28 22:00:00,2026-03-01 06:00:00,398,Completed
WO00001419,P03,P03_L03,SKU004,2026-02-28 06:00:00,2026-02-28 14:00:00,399,Completed
WO00001420,P03,P03_L03,SKU003,2026-02-28 14:00:00,2026-02-28 22:00:00,409,Completed
WO00001421,P03,P03_L03,SKU003,2026-02-28 22:00:00,2026-03-01 06:00:00,409,Completed
WO00001422,P01,P01_L01,SKU007,2026-03-01 14:00:00,2026-03-01 22:00:00,492,Completed
WO00001423,P01,P01_L01,SKU005,2026-03-01 22:00:00,2026-03-02 06:00:00,355,Completed
WO00001424,P01,P01_L02,SKU001,2026-03-01 22:00:00,2026-03-02 06:00:00,351,Completed
WO00001425,P01,P01_L03,SKU008,2026-03-01 06:00:00,2026-03-01 14:00:00,425,Completed
WO00001426,P01,P01_L03,SKU003,2026-03-01 14:00:00,2026-03-01 22:00:00,436,Completed
WO00001427,P01,P01_L03,SKU008,2026-03-01 22:00:00,2026-03-02 06:00:00,425,Completed
WO00001428,P02,P02_L01,SKU003,2026-03-01 06:00:00,2026-03-01 14:00:00,344,Completed
WO00001429,P02,P02_L01,SKU002,2026-03-01 22:00:00,2026-03-02 06:00:00,344,Completed
WO00001430,P02,P02_L02,SKU003,2026-03-01 06:00:00,2026-03-01 14:00:00,394,Completed
WO00001431,P02,P02_L02,SKU002,2026-03-01 22:00:00,2026-03-02 06:00:00,394,Completed
WO00001432,P02,P02_L03,SKU007,2026-03-01 06:00:00,2026-03-01 14:00:00,331,Completed
WO00001433,P03,P03_L01,SKU007,2026-03-01 06:00:00,2026-03-01 14:00:00,406,Completed
WO00001434,P03,P03_L01,SKU007,2026-03-01 14:00:00,2026-03-01 22:00:00,406,Completed
WO00001435,P03,P03_L02,SKU006,2026-03-01 06:00:00,2026-03-01 14:00:00,386,Completed
WO00001436,P03,P03_L02,SKU001,2026-03-01 22:00:00,2026-03-02 06:00:00,351,Completed
WO00001437,P01,P01_L01,SKU007,2026-03-02 06:00:00,2026-03-02 14:00:00,492,Completed
WO00001438,P01,P01_L01,SKU005,2026-03-02 14:00:00,2026-03-02 22:00:00,355,Completed
WO00001439,P01,P01_L01,SKU004,2026-03-02 22:00:00,2026-03-03 06:00:00,399,Completed
WO00001440,P01,P01_L02,SKU008,2026-03-02 06:00:00,2026-03-02 14:00:00,425,Completed
WO00001441,P01,P01_L02,SKU001,2026-03-02 14:00:00,2026-03-02 22:00:00,351,Completed
WO00001442,P01,P01_L02,SKU002,2026-03-02 22:00:00,2026-03-03 06:00:00,459,Completed
WO00001443,P01,P01_L03,SKU003,2026-03-02 06:00:00,2026-03-02 14:00:00,436,Completed
WO00001444,P01,P01_L03,SKU003,2026-03-02 14:00:00,2026-03-02 22:00:00,436,Completed
WO00001445,P01,P01_L03,SKU003,2026-03-02 22:00:00,2026-03-03 06:00:00,436,Completed
WO00001446,P02,P02_L01,SKU003,2026-03-02 06:00:00,2026-03-02 14:00:00,344,Completed
WO00001447,P02,P02_L01,SKU003,2026-03-02 14:00:00,2026-03-02 22:00:00,344,Completed
WO00001448,P02,P02_L01,SKU005,2026-03-02 22:00:00,2026-03-03 06:00:00,344,Completed
WO00001449,P02,P02_L02,SKU002,2026-03-02 06:00:00,2026-03-02 14:00:00,394,Completed
WO00001450,P02,P02_L02,SKU004,2026-03-02 14:00:00,2026-03-02 22:00:00,394,Completed
WO00001451,P02,P02_L02,SKU002,2026-03-02 22:00:00,2026-03-03 06:00:00,394,Completed
WO00001452,P02,P02_L03,SKU007,2026-03-02 06:00:00,2026-03-02 14:00:00,331,Completed
WO00001453,P02,P02_L03,SKU007,2026-03-02 14:00:00,2026-03-02 22:00:00,331,Completed
WO00001454,P02,P02_L03,SKU007,2026-03-02 22:00:00,2026-03-03 06:00:00,331,Completed
WO00001455,P03,P03_L01,SKU004,2026-03-02 06:00:00,2026-03-02 14:00:00,399,Completed
WO00001456,P03,P03_L01,SKU001,2026-03-02 14:00:00,2026-03-02 22:00:00,351,Completed
WO00001457,P03,P03_L01,SKU001,2026-03-02 22:00:00,2026-03-03 06:00:00,351,Completed
WO00001458,P03,P03_L02,SKU001,2026-03-02 06:00:00,2026-03-02 14:00:00,351,Completed
WO00001459,P03,P03_L02,SKU008,2026-03-02 14:00:00,2026-03-02 22:00:00,398,Completed
WO00001460,P03,P03_L02,SKU008,2026-03-02 22:00:00,2026-03-03 06:00:00,398,Completed
WO00001461,P03,P03_L03,SKU006,2026-03-02 06:00:00,2026-03-02 14:00:00,386,Completed
WO00001462,P03,P03_L03,SKU001,2026-03-02 14:00:00,2026-03-02 22:00:00,351,Completed
WO00001463,P03,P03_L03,SKU001,2026-03-02 22:00:00,2026-03-03 06:00:00,351,Completed
WO00001464,P01,P01_L01,SKU005,2026-03-03 06:00:00,2026-03-03 14:00:00,355,Completed
WO00001465,P01,P01_L01,SKU005,2026-03-03 14:00:00,2026-03-03 22:00:00,355,Completed
WO00001466,P01,P01_L01,SKU008,2026-03-03 22:00:00,2026-03-04 06:00:00,425,Completed
WO00001467,P01,P01_L02,SKU004,2026-03-03 06:00:00,2026-03-03 14:00:00,399,Completed
WO00001468,P01,P01_L02,SKU008,2026-03-03 14:00:00,2026-03-03 22:00:00,425,Completed
WO00001469,P01,P01_L02,SKU004,2026-03-03 22:00:00,2026-03-04 06:00:00,399,Completed
WO00001470,P01,P01_L03,SKU008,2026-03-03 06:00:00,2026-03-03 14:00:00,425,Completed
WO00001471,P01,P01_L03,SKU005,2026-03-03 14:00:00,2026-03-03 22:00:00,355,Completed
WO00001472,P01,P01_L03,SKU004,2026-03-03 22:00:00,2026-03-04 06:00:00,399,Completed
WO00001473,P02,P02_L01,SKU006,2026-03-03 06:00:00,2026-03-03 14:00:00,344,Completed
WO00001474,P02,P02_L01,SKU001,2026-03-03 14:00:00,2026-03-03 22:00:00,344,Completed
WO00001475,P02,P02_L01,SKU006,2026-03-03 22:00:00,2026-03-04 06:00:00,344,Completed
WO00001476,P02,P02_L02,SKU002,2026-03-03 06:00:00,2026-03-03 14:00:00,394,Completed
WO00001477,P02,P02_L02,SKU002,2026-03-03 14:00:00,2026-03-03 22:00:00,394,Completed
WO00001478,P02,P02_L02,SKU004,2026-03-03 22:00:00,2026-03-04 06:00:00,394,Completed
WO00001479,P02,P02_L03,SKU007,2026-03-03 06:00:00,2026-03-03 14:00:00,331,Completed
WO00001480,P02,P02_L03,SKU003,2026-03-03 14:00:00,2026-03-03 22:00:00,331,Completed
WO00001481,P02,P02_L03,SKU002,2026-03-03 22:00:00,2026-03-04 06:00:00,331,Completed
WO00001482,P03,P03_L01,SKU004,2026-03-03 06:00:00,2026-03-03 14:00:00,399,Completed
WO00001483,P03,P03_L01,SKU004,2026-03-03 14:00:00,2026-03-03 22:00:00,399,Completed
WO00001484,P03,P03_L01,SKU001,2026-03-03 22:00:00,2026-03-04 06:00:00,351,Completed
WO00001485,P03,P03_L02,SKU008,2026-03-03 06:00:00,2026-03-03 14:00:00,398,Completed
WO00001486,P03,P03_L02,SKU002,2026-03-03 14:00:00,2026-03-03 22:00:00,398,Completed
WO00001487,P03,P03_L02,SKU008,2026-03-03 22:00:00,2026-03-04 06:00:00,398,Completed
WO00001488,P03,P03_L03,SKU004,2026-03-03 06:00:00,2026-03-03 14:00:00,399,Completed
WO00001489,P03,P03_L03,SKU004,2026-03-03 14:00:00,2026-03-03 22:00:00,399,Completed
WO00001490,P03,P03_L03,SKU001,2026-03-03 22:00:00,2026-03-04 06:00:00,351,Completed
WO00001491,P01,P01_L01,SKU004,2026-03-04 06:00:00,2026-03-04 14:00:00,399,Completed
WO00001492,P01,P01_L01,SKU001,2026-03-04 14:00:00,2026-03-04 22:00:00,351,Completed
WO00001493,P01,P01_L01,SKU005,2026-03-04 22:00:00,2026-03-05 06:00:00,355,Completed
WO00001494,P01,P01_L02,SKU002,2026-03-04 06:00:00,2026-03-04 14:00:00,459,Completed
WO00001495,P01,P01_L02,SKU001,2026-03-04 14:00:00,2026-03-04 22:00:00,351,Completed
WO00001496,P01,P01_L02,SKU003,2026-03-04 22:00:00,2026-03-05 06:00:00,436,Completed
WO00001497,P01,P01_L03,SKU004,2026-03-04 06:00:00,2026-03-04 14:00:00,399,Completed
WO00001498,P01,P01_L03,SKU004,2026-03-04 14:00:00,2026-03-04 22:00:00,399,Completed
WO00001499,P01,P01_L03,SKU003,2026-03-04 22:00:00,2026-03-05 06:00:00,436,Completed
WO00001500,P02,P02_L01,SKU003,2026-03-04 06:00:00,2026-03-04 14:00:00,344,Completed
WO00001501,P02,P02_L01,SKU001,2026-03-04 14:00:00,2026-03-04 22:00:00,344,Completed
WO00001502,P02,P02_L01,SKU003,2026-03-04 22:00:00,2026-03-05 06:00:00,344,Completed
WO00001503,P02,P02_L02,SKU004,2026-03-04 06:00:00,2026-03-04 14:00:00,394,Completed
WO00001504,P02,P02_L02,SKU002,2026-03-04 14:00:00,2026-03-04 22:00:00,394,Completed
WO00001505,P02,P02_L02,SKU002,2026-03-04 22:00:00,2026-03-05 06:00:00,394,Completed
WO00001506,P02,P02_L03,SKU004,2026-03-04 06:00:00,2026-03-04 14:00:00,331,Completed
WO00001507,P02,P02_L03,SKU007,2026-03-04 14:00:00,2026-03-04 22:00:00,331,Completed
WO00001508,P02,P02_L03,SKU007,2026-03-04 22:00:00,2026-03-05 06:00:00,331,Completed
WO00001509,P03,P03_L01,SKU001,2026-03-04 06:00:00,2026-03-04 14:00:00,351,Completed
WO00001510,P03,P03_L01,SKU004,2026-03-04 14:00:00,2026-03-04 22:00:00,399,Completed
WO00001511,P03,P03_L01,SKU006,2026-03-04 22:00:00,2026-03-05 06:00:00,386,Completed
WO00001512,P03,P03_L02,SKU001,2026-03-04 06:00:00,2026-03-04 14:00:00,351,Completed
WO00001513,P03,P03_L02,SKU001,2026-03-04 14:00:00,2026-03-04 22:00:00,351,Completed
WO00001514,P03,P03_L02,SKU004,2026-03-04 22:00:00,2026-03-05 06:00:00,398,Completed
WO00001515,P03,P03_L03,SKU004,2026-03-04 06:00:00,2026-03-04 14:00:00,399,Completed
WO00001516,P03,P03_L03,SKU006,2026-03-04 14:00:00,2026-03-04 22:00:00,386,Completed
WO00001517,P03,P03_L03,SKU001,2026-03-04 22:00:00,2026-03-05 06:00:00,351,Completed
WO00001518,P01,P01_L01,SKU005,2026-03-05 06:00:00,2026-03-05 14:00:00,355,Completed
WO00001519,P01,P01_L01,SKU004,2026-03-05 14:00:00,2026-03-05 22:00:00,399,Completed
WO00001520,P01,P01_L01,SKU006,2026-03-05 22:00:00,2026-03-06 06:00:00,386,Completed
WO00001521,P01,P01_L02,SKU004,2026-03-05 06:00:00,2026-03-05 14:00:00,399,Completed
WO00001522,P01,P01_L02,SKU004,2026-03-05 14:00:00,2026-03-05 22:00:00,399,Completed
WO00001523,P01,P01_L02,SKU001,2026-03-05 22:00:00,2026-03-06 06:00:00,351,Completed
WO00001524,P01,P01_L03,SKU007,2026-03-05 06:00:00,2026-03-05 14:00:00,522,Completed
WO00001525,P01,P01_L03,SKU003,2026-03-05 14:00:00,2026-03-05 22:00:00,436,Completed
WO00001526,P01,P01_L03,SKU008,2026-03-05 22:00:00,2026-03-06 06:00:00,425,Completed
WO00001527,P02,P02_L01,SKU003,2026-03-05 06:00:00,2026-03-05 14:00:00,344,Completed
WO00001528,P02,P02_L01,SKU001,2026-03-05 14:00:00,2026-03-05 22:00:00,344,Completed
WO00001529,P02,P02_L01,SKU006,2026-03-05 22:00:00,2026-03-06 06:00:00,344,Completed
WO00001530,P02,P02_L02,SKU006,2026-03-05 06:00:00,2026-03-05 14:00:00,386,Completed
WO00001531,P02,P02_L02,SKU004,2026-03-05 14:00:00,2026-03-05 22:00:00,394,Completed
WO00001532,P02,P02_L02,SKU006,2026-03-05 22:00:00,2026-03-06 06:00:00,386,Completed
WO00001533,P02,P02_L03,SKU005,2026-03-05 06:00:00,2026-03-05 14:00:00,331,Completed
WO00001534,P02,P02_L03,SKU005,2026-03-05 14:00:00,2026-03-05 22:00:00,331,Completed
WO00001535,P02,P02_L03,SKU001,2026-03-05 22:00:00,2026-03-06 06:00:00,331,Completed
WO00001536,P03,P03_L01,SKU004,2026-03-05 06:00:00,2026-03-05 14:00:00,399,Completed
WO00001537,P03,P03_L01,SKU001,2026-03-05 14:00:00,2026-03-05 22:00:00,351,Completed
WO00001538,P03,P03_L01,SKU001,2026-03-05 22:00:00,2026-03-06 06:00:00,351,Completed
WO00001539,P03,P03_L02,SKU001,2026-03-05 06:00:00,2026-03-05 14:00:00,351,Completed
WO00001540,P03,P03_L02,SKU001,2026-03-05 14:00:00,2026-03-05 22:00:00,351,Completed
WO00001541,P03,P03_L02,SKU002,2026-03-05 22:00:00,2026-03-06 06:00:00,398,Completed
WO00001542,P03,P03_L03,SKU003,2026-03-05 06:00:00,2026-03-05 14:00:00,409,Completed
WO00001543,P03,P03_L03,SKU001,2026-03-05 14:00:00,2026-03-05 22:00:00,351,Completed
WO00001544,P03,P03_L03,SKU006,2026-03-05 22:00:00,2026-03-06 06:00:00,386,Completed
WO00001545,P01,P01_L01,SKU006,2026-03-06 06:00:00,2026-03-06 14:00:00,386,Completed
WO00001546,P01,P01_L01,SKU004,2026-03-06 14:00:00,2026-03-06 22:00:00,399,Completed
WO00001547,P01,P01_L01,SKU005,2026-03-06 22:00:00,2026-03-07 06:00:00,355,Completed
WO00001548,P01,P01_L02,SKU003,2026-03-06 06:00:00,2026-03-06 14:00:00,436,Completed
WO00001549,P01,P01_L02,SKU001,2026-03-06 14:00:00,2026-03-06 22:00:00,351,Completed
WO00001550,P01,P01_L02,SKU001,2026-03-06 22:00:00,2026-03-07 06:00:00,351,Completed
WO00001551,P01,P01_L03,SKU006,2026-03-06 06:00:00,2026-03-06 14:00:00,386,Completed
WO00001552,P01,P01_L03,SKU003,2026-03-06 14:00:00,2026-03-06 22:00:00,436,Completed
WO00001553,P01,P01_L03,SKU002,2026-03-06 22:00:00,2026-03-07 06:00:00,507,Completed
WO00001554,P02,P02_L01,SKU002,2026-03-06 06:00:00,2026-03-06 14:00:00,344,Completed
WO00001555,P02,P02_L01,SKU004,2026-03-06 14:00:00,2026-03-06 22:00:00,344,Completed
WO00001556,P02,P02_L01,SKU006,2026-03-06 22:00:00,2026-03-07 06:00:00,344,Completed
WO00001557,P02,P02_L02,SKU002,2026-03-06 06:00:00,2026-03-06 14:00:00,394,Completed
WO00001558,P02,P02_L02,SKU002,2026-03-06 14:00:00,2026-03-06 22:00:00,394,Completed
WO00001559,P02,P02_L02,SKU003,2026-03-06 22:00:00,2026-03-07 06:00:00,394,Completed
WO00001560,P02,P02_L03,SKU005,2026-03-06 06:00:00,2026-03-06 14:00:00,331,Completed
WO00001561,P02,P02_L03,SKU007,2026-03-06 14:00:00,2026-03-06 22:00:00,331,Completed
WO00001562,P02,P02_L03,SKU005,2026-03-06 22:00:00,2026-03-07 06:00:00,331,Completed
WO00001563,P03,P03_L01,SKU003,2026-03-06 06:00:00,2026-03-06 14:00:00,406,Completed
WO00001564,P03,P03_L01,SKU001,2026-03-06 14:00:00,2026-03-06 22:00:00,351,Completed
WO00001565,P03,P03_L01,SKU003,2026-03-06 22:00:00,2026-03-07 06:00:00,406,Completed
WO00001566,P03,P03_L02,SKU006,2026-03-06 06:00:00,2026-03-06 14:00:00,386,Completed
WO00001567,P03,P03_L02,SKU008,2026-03-06 14:00:00,2026-03-06 22:00:00,398,Completed
WO00001568,P03,P03_L02,SKU001,2026-03-06 22:00:00,2026-03-07 06:00:00,351,Completed
WO00001569,P03,P03_L03,SKU003,2026-03-06 06:00:00,2026-03-06 14:00:00,409,Completed
WO00001570,P03,P03_L03,SKU004,2026-03-06 14:00:00,2026-03-06 22:00:00,399,Completed
WO00001571,P03,P03_L03,SKU001,2026-03-06 22:00:00,2026-03-07 06:00:00,351,Completed
WO00001572,P01,P01_L01,SKU007,2026-03-07 14:00:00,2026-03-07 22:00:00,492,Completed
WO00001573,P01,P01_L01,SKU001,2026-03-07 22:00:00,2026-03-08 06:00:00,351,Completed
WO00001574,P01,P01_L02,SKU001,2026-03-07 14:00:00,2026-03-07 22:00:00,351,Completed
WO00001575,P01,P01_L03,SKU002,2026-03-07 06:00:00,2026-03-07 14:00:00,507,Completed
WO00001576,P01,P01_L03,SKU003,2026-03-07 14:00:00,2026-03-07 22:00:00,436,Completed
WO00001577,P01,P01_L03,SKU005,2026-03-07 22:00:00,2026-03-08 06:00:00,355,Completed
WO00001578,P02,P02_L01,SKU003,2026-03-07 06:00:00,2026-03-07 14:00:00,344,Completed
WO00001579,P02,P02_L01,SKU003,2026-03-07 14:00:00,2026-03-07 22:00:00,344,Completed
WO00001580,P02,P02_L02,SKU004,2026-03-07 06:00:00,2026-03-07 14:00:00,394,Completed
WO00001581,P02,P02_L02,SKU002,2026-03-07 14:00:00,2026-03-07 22:00:00,394,Completed
WO00001582,P02,P02_L02,SKU002,2026-03-07 22:00:00,2026-03-08 06:00:00,394,Completed
WO00001583,P02,P02_L03,SKU007,2026-03-07 06:00:00,2026-03-07 14:00:00,331,Completed
WO00001584,P02,P02_L03,SKU007,2026-03-07 14:00:00,2026-03-07 22:00:00,331,Completed
WO00001585,P03,P03_L01,SKU001,2026-03-07 06:00:00,2026-03-07 14:00:00,351,Completed
WO00001586,P03,P03_L01,SKU004,2026-03-07 22:00:00,2026-03-08 06:00:00,399,Completed
WO00001587,P03,P03_L02,SKU006,2026-03-07 06:00:00,2026-03-07 14:00:00,386,Completed
WO00001588,P03,P03_L02,SKU006,2026-03-07 14:00:00,2026-03-07 22:00:00,386,Completed
WO00001589,P03,P03_L02,SKU001,2026-03-07 22:00:00,2026-03-08 06:00:00,351,Completed
WO00001590,P03,P03_L03,SKU004,2026-03-07 06:00:00,2026-03-07 14:00:00,399,Completed
WO00001591,P01,P01_L01,SKU007,2026-03-08 14:00:00,2026-03-08 22:00:00,492,Completed
WO00001592,P01,P01_L01,SKU005,2026-03-08 22:00:00,2026-03-09 06:00:00,355,Completed
WO00001593,P01,P01_L02,SKU004,2026-03-08 06:00:00,2026-03-08 14:00:00,399,Completed
WO00001594,P01,P01_L03,SKU003,2026-03-08 06:00:00,2026-03-08 14:00:00,436,Completed
WO00001595,P02,P02_L01,SKU003,2026-03-08 14:00:00,2026-03-08 22:00:00,344,Completed
WO00001596,P02,P02_L01,SKU008,2026-03-08 22:00:00,2026-03-09 06:00:00,344,Completed
WO00001597,P02,P02_L02,SKU001,2026-03-08 06:00:00,2026-03-08 14:00:00,351,Completed
WO00001598,P02,P02_L02,SKU002,2026-03-08 14:00:00,2026-03-08 22:00:00,394,Completed
WO00001599,P02,P02_L02,SKU008,2026-03-08 22:00:00,2026-03-09 06:00:00,394,Completed
WO00001600,P02,P02_L03,SKU007,2026-03-08 14:00:00,2026-03-08 22:00:00,331,Completed
WO00001601,P02,P02_L03,SKU006,2026-03-08 22:00:00,2026-03-09 06:00:00,331,Completed
WO00001602,P03,P03_L01,SKU007,2026-03-08 06:00:00,2026-03-08 14:00:00,406,Completed
WO00001603,P03,P03_L02,SKU002,2026-03-08 06:00:00,2026-03-08 14:00:00,398,Completed
WO00001604,P03,P03_L02,SKU001,2026-03-08 14:00:00,2026-03-08 22:00:00,351,Completed
WO00001605,P03,P03_L02,SKU001,2026-03-08 22:00:00,2026-03-09 06:00:00,351,Completed
WO00001606,P03,P03_L03,SKU003,2026-03-08 06:00:00,2026-03-08 14:00:00,409,Completed
WO00001607,P03,P03_L03,SKU001,2026-03-08 14:00:00,2026-03-08 22:00:00,351,Completed
WO00001608,P01,P01_L01,SKU005,2026-03-09 06:00:00,2026-03-09 14:00:00,355,Completed
WO00001609,P01,P01_L01,SKU007,2026-03-09 14:00:00,2026-03-09 22:00:00,492,Completed
WO00001610,P01,P01_L01,SKU005,2026-03-09 22:00:00,2026-03-10 06:00:00,355,Completed
WO00001611,P01,P01_L02,SKU004,2026-03-09 06:00:00,2026-03-09 14:00:00,399,Completed
WO00001612,P01,P01_L02,SKU002,2026-03-09 14:00:00,2026-03-09 22:00:00,459,Completed
WO00001613,P01,P01_L02,SKU001,2026-03-09 22:00:00,2026-03-10 06:00:00,351,Completed
WO00001614,P01,P01_L03,SKU008,2026-03-09 06:00:00,2026-03-09 14:00:00,425,Completed
WO00001615,P01,P01_L03,SKU003,2026-03-09 14:00:00,2026-03-09 22:00:00,436,Completed
WO00001616,P01,P01_L03,SKU004,2026-03-09 22:00:00,2026-03-10 06:00:00,399,Completed
WO00001617,P02,P02_L01,SKU003,2026-03-09 06:00:00,2026-03-09 14:00:00,344,Completed
WO00001618,P02,P02_L01,SKU003,2026-03-09 14:00:00,2026-03-09 22:00:00,344,Completed
WO00001619,P02,P02_L01,SKU003,2026-03-09 22:00:00,2026-03-10 06:00:00,344,Completed
WO00001620,P02,P02_L02,SKU004,2026-03-09 06:00:00,2026-03-09 14:00:00,394,Completed
WO00001621,P02,P02_L02,SKU004,2026-03-09 14:00:00,2026-03-09 22:00:00,394,Completed
WO00001622,P02,P02_L02,SKU004,2026-03-09 22:00:00,2026-03-10 06:00:00,394,Completed
WO00001623,P02,P02_L03,SKU005,2026-03-09 06:00:00,2026-03-09 14:00:00,331,Completed
WO00001624,P02,P02_L03,SKU005,2026-03-09 14:00:00,2026-03-09 22:00:00,331,Completed
WO00001625,P02,P02_L03,SKU003,2026-03-09 22:00:00,2026-03-10 06:00:00,331,Completed
WO00001626,P03,P03_L01,SKU004,2026-03-09 06:00:00,2026-03-09 14:00:00,399,Completed
WO00001627,P03,P03_L01,SKU002,2026-03-09 14:00:00,2026-03-09 22:00:00,406,Completed
WO00001628,P03,P03_L01,SKU001,2026-03-09 22:00:00,2026-03-10 06:00:00,351,Completed
WO00001629,P03,P03_L02,SKU006,2026-03-09 06:00:00,2026-03-09 14:00:00,386,Completed
WO00001630,P03,P03_L02,SKU001,2026-03-09 14:00:00,2026-03-09 22:00:00,351,Completed
WO00001631,P03,P03_L02,SKU006,2026-03-09 22:00:00,2026-03-10 06:00:00,386,Completed
WO00001632,P03,P03_L03,SKU004,2026-03-09 06:00:00,2026-03-09 14:00:00,399,Completed
WO00001633,P03,P03_L03,SKU007,2026-03-09 14:00:00,2026-03-09 22:00:00,409,Completed
WO00001634,P03,P03_L03,SKU008,2026-03-09 22:00:00,2026-03-10 06:00:00,409,Completed
WO00001635,P01,P01_L01,SKU005,2026-03-10 06:00:00,2026-03-10 14:00:00,355,Completed
WO00001636,P01,P01_L01,SKU001,2026-03-10 14:00:00,2026-03-10 22:00:00,351,Completed
WO00001637,P01,P01_L01,SKU007,2026-03-10 22:00:00,2026-03-11 06:00:00,492,Completed
WO00001638,P01,P01_L02,SKU001,2026-03-10 06:00:00,2026-03-10 14:00:00,351,Completed
WO00001639,P01,P01_L02,SKU008,2026-03-10 14:00:00,2026-03-10 22:00:00,425,Completed
WO00001640,P01,P01_L02,SKU001,2026-03-10 22:00:00,2026-03-11 06:00:00,351,Completed
WO00001641,P01,P01_L03,SKU003,2026-03-10 06:00:00,2026-03-10 14:00:00,436,Completed
WO00001642,P01,P01_L03,SKU003,2026-03-10 14:00:00,2026-03-10 22:00:00,436,Completed
WO00001643,P01,P01_L03,SKU003,2026-03-10 22:00:00,2026-03-11 06:00:00,436,Completed
WO00001644,P02,P02_L01,SKU006,2026-03-10 06:00:00,2026-03-10 14:00:00,344,Completed
WO00001645,P02,P02_L01,SKU003,2026-03-10 14:00:00,2026-03-10 22:00:00,344,Completed
WO00001646,P02,P02_L01,SKU003,2026-03-10 22:00:00,2026-03-11 06:00:00,344,Completed
WO00001647,P02,P02_L02,SKU006,2026-03-10 06:00:00,2026-03-10 14:00:00,386,Completed
WO00001648,P02,P02_L02,SKU002,2026-03-10 14:00:00,2026-03-10 22:00:00,394,Completed
WO00001649,P02,P02_L02,SKU004,2026-03-10 22:00:00,2026-03-11 06:00:00,394,Completed
WO00001650,P02,P02_L03,SKU007,2026-03-10 06:00:00,2026-03-10 14:00:00,331,Completed
WO00001651,P02,P02_L03,SKU001,2026-03-10 14:00:00,2026-03-10 22:00:00,331,Completed
WO00001652,P02,P02_L03,SKU007,2026-03-10 22:00:00,2026-03-11 06:00:00,331,Completed
WO00001653,P03,P03_L01,SKU001,2026-03-10 06:00:00,2026-03-10 14:00:00,351,Completed
WO00001654,P03,P03_L01,SKU001,2026-03-10 14:00:00,2026-03-10 22:00:00,351,Completed
WO00001655,P03,P03_L01,SKU003,2026-03-10 22:00:00,2026-03-11 06:00:00,406,Completed
WO00001656,P03,P03_L02,SKU002,2026-03-10 06:00:00,2026-03-10 14:00:00,398,Completed
WO00001657,P03,P03_L02,SKU006,2026-03-10 14:00:00,2026-03-10 22:00:00,386,Completed
WO00001658,P03,P03_L02,SKU004,2026-03-10 22:00:00,2026-03-11 06:00:00,398,Completed
WO00001659,P03,P03_L03,SKU004,2026-03-10 06:00:00,2026-03-10 14:00:00,399,Completed
WO00001660,P03,P03_L03,SKU003,2026-03-10 14:00:00,2026-03-10 22:00:00,409,Completed
WO00001661,P03,P03_L03,SKU001,2026-03-10 22:00:00,2026-03-11 06:00:00,351,Completed
WO00001662,P01,P01_L01,SKU001,2026-03-11 06:00:00,2026-03-11 14:00:00,351,Completed
WO00001663,P01,P01_L01,SKU005,2026-03-11 14:00:00,2026-03-11 22:00:00,355,Completed
WO00001664,P01,P01_L01,SKU004,2026-03-11 22:00:00,2026-03-12 06:00:00,399,Completed
WO00001665,P01,P01_L02,SKU001,2026-03-11 06:00:00,2026-03-11 14:00:00,351,Completed
WO00001666,P01,P01_L02,SKU001,2026-03-11 14:00:00,2026-03-11 22:00:00,351,Completed
WO00001667,P01,P01_L02,SKU001,2026-03-11 22:00:00,2026-03-12 06:00:00,351,Completed
WO00001668,P01,P01_L03,SKU003,2026-03-11 06:00:00,2026-03-11 14:00:00,436,Completed
WO00001669,P01,P01_L03,SKU003,2026-03-11 14:00:00,2026-03-11 22:00:00,436,Completed
WO00001670,P01,P01_L03,SKU003,2026-03-11 22:00:00,2026-03-12 06:00:00,436,Completed
WO00001671,P02,P02_L01,SKU001,2026-03-11 06:00:00,2026-03-11 14:00:00,344,Completed
WO00001672,P02,P02_L01,SKU003,2026-03-11 14:00:00,2026-03-11 22:00:00,344,Completed
WO00001673,P02,P02_L01,SKU004,2026-03-11 22:00:00,2026-03-12 06:00:00,344,Completed
WO00001674,P02,P02_L02,SKU002,2026-03-11 06:00:00,2026-03-11 14:00:00,394,Completed
WO00001675,P02,P02_L02,SKU008,2026-03-11 14:00:00,2026-03-11 22:00:00,394,Completed
WO00001676,P02,P02_L02,SKU002,2026-03-11 22:00:00,2026-03-12 06:00:00,394,Completed
WO00001677,P02,P02_L03,SKU007,2026-03-11 06:00:00,2026-03-11 14:00:00,331,Completed
WO00001678,P02,P02_L03,SKU003,2026-03-11 14:00:00,2026-03-11 22:00:00,331,Completed
WO00001679,P02,P02_L03,SKU002,2026-03-11 22:00:00,2026-03-12 06:00:00,331,Completed
WO00001680,P03,P03_L01,SKU003,2026-03-11 06:00:00,2026-03-11 14:00:00,406,Completed
WO00001681,P03,P03_L01,SKU001,2026-03-11 14:00:00,2026-03-11 22:00:00,351,Completed
WO00001682,P03,P03_L01,SKU001,2026-03-11 22:00:00,2026-03-12 06:00:00,351,Completed
WO00001683,P03,P03_L02,SKU002,2026-03-11 06:00:00,2026-03-11 14:00:00,398,Completed
WO00001684,P03,P03_L02,SKU006,2026-03-11 14:00:00,2026-03-11 22:00:00,386,Completed
WO00001685,P03,P03_L02,SKU001,2026-03-11 22:00:00,2026-03-12 06:00:00,351,Completed
WO00001686,P03,P03_L03,SKU007,2026-03-11 06:00:00,2026-03-11 14:00:00,409,Completed
WO00001687,P03,P03_L03,SKU001,2026-03-11 14:00:00,2026-03-11 22:00:00,351,Completed
WO00001688,P03,P03_L03,SKU001,2026-03-11 22:00:00,2026-03-12 06:00:00,351,Completed
WO00001689,P01,P01_L01,SKU004,2026-03-12 06:00:00,2026-03-12 14:00:00,399,Completed
WO00001690,P01,P01_L01,SKU005,2026-03-12 14:00:00,2026-03-12 22:00:00,355,Completed
WO00001691,P01,P01_L01,SKU007,2026-03-12 22:00:00,2026-03-13 06:00:00,492,Completed
WO00001692,P01,P01_L02,SKU007,2026-03-12 06:00:00,2026-03-12 14:00:00,459,Completed
WO00001693,P01,P01_L02,SKU001,2026-03-12 14:00:00,2026-03-12 22:00:00,351,Completed
WO00001694,P01,P01_L02,SKU001,2026-03-12 22:00:00,2026-03-13 06:00:00,351,Completed
WO00001695,P01,P01_L03,SKU003,2026-03-12 06:00:00,2026-03-12 14:00:00,436,Completed
WO00001696,P01,P01_L03,SKU003,2026-03-12 14:00:00,2026-03-12 22:00:00,436,Completed
WO00001697,P01,P01_L03,SKU003,2026-03-12 22:00:00,2026-03-13 06:00:00,436,Completed
WO00001698,P02,P02_L01,SKU003,2026-03-12 06:00:00,2026-03-12 14:00:00,344,Completed
WO00001699,P02,P02_L01,SKU002,2026-03-12 14:00:00,2026-03-12 22:00:00,344,Completed
WO00001700,P02,P02_L01,SKU003,2026-03-12 22:00:00,2026-03-13 06:00:00,344,Completed
WO00001701,P02,P02_L02,SKU003,2026-03-12 06:00:00,2026-03-12 14:00:00,394,Completed
WO00001702,P02,P02_L02,SKU002,2026-03-12 14:00:00,2026-03-12 22:00:00,394,Completed
WO00001703,P02,P02_L02,SKU008,2026-03-12 22:00:00,2026-03-13 06:00:00,394,Completed
WO00001704,P02,P02_L03,SKU003,2026-03-12 06:00:00,2026-03-12 14:00:00,331,Completed
WO00001705,P02,P02_L03,SKU007,2026-03-12 14:00:00,2026-03-12 22:00:00,331,Completed
WO00001706,P02,P02_L03,SKU007,2026-03-12 22:00:00,2026-03-13 06:00:00,331,Completed
WO00001707,P03,P03_L01,SKU004,2026-03-12 06:00:00,2026-03-12 14:00:00,399,Completed
WO00001708,P03,P03_L01,SKU001,2026-03-12 14:00:00,2026-03-12 22:00:00,351,Completed
WO00001709,P03,P03_L01,SKU001,2026-03-12 22:00:00,2026-03-13 06:00:00,351,Completed
WO00001710,P03,P03_L02,SKU004,2026-03-12 06:00:00,2026-03-12 14:00:00,398,Completed
WO00001711,P03,P03_L02,SKU006,2026-03-12 14:00:00,2026-03-12 22:00:00,386,Completed
WO00001712,P03,P03_L02,SKU008,2026-03-12 22:00:00,2026-03-13 06:00:00,398,Completed
WO00001713,P03,P03_L03,SKU001,2026-03-12 06:00:00,2026-03-12 14:00:00,351,Completed
WO00001714,P03,P03_L03,SKU006,2026-03-12 14:00:00,2026-03-12 22:00:00,386,Completed
WO00001715,P03,P03_L03,SKU004,2026-03-12 22:00:00,2026-03-13 06:00:00,399,Completed
WO00001716,P01,P01_L01,SKU005,2026-03-13 06:00:00,2026-03-13 14:00:00,355,Completed
WO00001717,P01,P01_L01,SKU006,2026-03-13 14:00:00,2026-03-13 22:00:00,386,Completed
WO00001718,P01,P01_L01,SKU005,2026-03-13 22:00:00,2026-03-14 06:00:00,355,Completed
WO00001719,P01,P01_L02,SKU004,2026-03-13 06:00:00,2026-03-13 14:00:00,399,Completed
WO00001720,P01,P01_L02,SKU008,2026-03-13 14:00:00,2026-03-13 22:00:00,425,Completed
WO00001721,P01,P01_L02,SKU001,2026-03-13 22:00:00,2026-03-14 06:00:00,351,Completed
WO00001722,P01,P01_L03,SKU003,2026-03-13 06:00:00,2026-03-13 14:00:00,436,Completed
WO00001723,P01,P01_L03,SKU004,2026-03-13 14:00:00,2026-03-13 22:00:00,399,Completed
WO00001724,P01,P01_L03,SKU004,2026-03-13 22:00:00,2026-03-14 06:00:00,399,Completed
WO00001725,P02,P02_L01,SKU003,2026-03-13 06:00:00,2026-03-13 14:00:00,344,Completed
WO00001726,P02,P02_L01,SKU003,2026-03-13 14:00:00,2026-03-13 22:00:00,344,Completed
WO00001727,P02,P02_L01,SKU006,2026-03-13 22:00:00,2026-03-14 06:00:00,344,Completed
WO00001728,P02,P02_L02,SKU002,2026-03-13 06:00:00,2026-03-13 14:00:00,394,Completed
WO00001729,P02,P02_L02,SKU004,2026-03-13 14:00:00,2026-03-13 22:00:00,394,Completed
WO00001730,P02,P02_L02,SKU004,2026-03-13 22:00:00,2026-03-14 06:00:00,394,Completed
WO00001731,P02,P02_L03,SKU003,2026-03-13 06:00:00,2026-03-13 14:00:00,331,Completed
WO00001732,P02,P02_L03,SKU006,2026-03-13 14:00:00,2026-03-13 22:00:00,331,Completed
WO00001733,P02,P02_L03,SKU003,2026-03-13 22:00:00,2026-03-14 06:00:00,331,Completed
WO00001734,P03,P03_L01,SKU001,2026-03-13 06:00:00,2026-03-13 14:00:00,351,Completed
WO00001735,P03,P03_L01,SKU001,2026-03-13 14:00:00,2026-03-13 22:00:00,351,Completed
WO00001736,P03,P03_L01,SKU001,2026-03-13 22:00:00,2026-03-14 06:00:00,351,Completed
WO00001737,P03,P03_L02,SKU001,2026-03-13 06:00:00,2026-03-13 14:00:00,351,Completed
WO00001738,P03,P03_L02,SKU001,2026-03-13 14:00:00,2026-03-13 22:00:00,351,Completed
WO00001739,P03,P03_L02,SKU004,2026-03-13 22:00:00,2026-03-14 06:00:00,398,Completed
WO00001740,P03,P03_L03,SKU008,2026-03-13 06:00:00,2026-03-13 14:00:00,409,Completed
WO00001741,P03,P03_L03,SKU004,2026-03-13 14:00:00,2026-03-13 22:00:00,399,Completed
WO00001742,P03,P03_L03,SKU001,2026-03-13 22:00:00,2026-03-14 06:00:00,351,Completed
WO00001743,P01,P01_L01,SKU005,2026-03-14 06:00:00,2026-03-14 14:00:00,355,Completed
WO00001744,P01,P01_L01,SKU001,2026-03-14 14:00:00,2026-03-14 22:00:00,351,Completed
WO00001745,P01,P01_L01,SKU005,2026-03-14 22:00:00,2026-03-15 06:00:00,355,Completed
WO00001746,P01,P01_L02,SKU004,2026-03-14 06:00:00,2026-03-14 14:00:00,399,Completed
WO00001747,P01,P01_L02,SKU001,2026-03-14 22:00:00,2026-03-15 06:00:00,351,Completed
WO00001748,P01,P01_L03,SKU002,2026-03-14 14:00:00,2026-03-14 22:00:00,507,Completed
WO00001749,P01,P01_L03,SKU002,2026-03-14 22:00:00,2026-03-15 06:00:00,507,Completed
WO00001750,P02,P02_L01,SKU003,2026-03-14 06:00:00,2026-03-14 14:00:00,344,Completed
WO00001751,P02,P02_L01,SKU006,2026-03-14 14:00:00,2026-03-14 22:00:00,344,Completed
WO00001752,P02,P02_L01,SKU006,2026-03-14 22:00:00,2026-03-15 06:00:00,344,Completed
WO00001753,P02,P02_L02,SKU003,2026-03-14 06:00:00,2026-03-14 14:00:00,394,Completed
WO00001754,P02,P02_L02,SKU006,2026-03-14 22:00:00,2026-03-15 06:00:00,386,Completed
WO00001755,P02,P02_L03,SKU001,2026-03-14 22:00:00,2026-03-15 06:00:00,331,Completed
WO00001756,P03,P03_L01,SKU001,2026-03-14 06:00:00,2026-03-14 14:00:00,351,Completed
WO00001757,P03,P03_L01,SKU006,2026-03-14 14:00:00,2026-03-14 22:00:00,386,Completed
WO00001758,P03,P03_L02,SKU006,2026-03-14 06:00:00,2026-03-14 14:00:00,386,Completed
WO00001759,P03,P03_L02,SKU006,2026-03-14 14:00:00,2026-03-14 22:00:00,386,Completed
WO00001760,P03,P03_L03,SKU004,2026-03-14 14:00:00,2026-03-14 22:00:00,399,Completed
WO00001761,P03,P03_L03,SKU001,2026-03-14 22:00:00,2026-03-15 06:00:00,351,Completed
WO00001762,P01,P01_L01,SKU001,2026-03-15 06:00:00,2026-03-15 14:00:00,351,Completed
WO00001763,P01,P01_L01,SKU007,2026-03-15 14:00:00,2026-03-15 22:00:00,492,Completed
WO00001764,P01,P01_L02,SKU001,2026-03-15 06:00:00,2026-03-15 14:00:00,351,Completed
WO00001765,P01,P01_L02,SKU008,2026-03-15 14:00:00,2026-03-15 22:00:00,425,Completed
WO00001766,P01,P01_L02,SKU008,2026-03-15 22:00:00,2026-03-16 06:00:00,425,Completed
WO00001767,P01,P01_L03,SKU008,2026-03-15 06:00:00,2026-03-15 14:00:00,425,Completed
WO00001768,P02,P02_L01,SKU003,2026-03-15 06:00:00,2026-03-15 14:00:00,344,Completed
WO00001769,P02,P02_L01,SKU001,2026-03-15 22:00:00,2026-03-16 06:00:00,344,Completed
WO00001770,P02,P02_L02,SKU002,2026-03-15 06:00:00,2026-03-15 14:00:00,394,Completed
WO00001771,P02,P02_L02,SKU002,2026-03-15 14:00:00,2026-03-15 22:00:00,394,Completed
WO00001772,P02,P02_L02,SKU006,2026-03-15 22:00:00,2026-03-16 06:00:00,386,Completed
WO00001773,P02,P02_L03,SKU001,2026-03-15 14:00:00,2026-03-15 22:00:00,331,Completed
WO00001774,P03,P03_L01,SKU003,2026-03-15 14:00:00,2026-03-15 22:00:00,406,Completed
WO00001775,P03,P03_L02,SKU006,2026-03-15 22:00:00,2026-03-16 06:00:00,386,Completed
WO00001776,P03,P03_L03,SKU006,2026-03-15 14:00:00,2026-03-15 22:00:00,386,Completed
WO00001777,P03,P03_L03,SKU003,2026-03-15 22:00:00,2026-03-16 06:00:00,409,Completed
WO00001778,P01,P01_L01,SKU001,2026-03-16 06:00:00,2026-03-16 14:00:00,351,Completed
WO00001779,P01,P01_L01,SKU001,2026-03-16 14:00:00,2026-03-16 22:00:00,351,Completed
WO00001780,P01,P01_L01,SKU007,2026-03-16 22:00:00,2026-03-17 06:00:00,492,Completed
WO00001781,P01,P01_L02,SKU006,2026-03-16 06:00:00,2026-03-16 14:00:00,386,Completed
WO00001782,P01,P01_L02,SKU001,2026-03-16 14:00:00,2026-03-16 22:00:00,351,Completed
WO00001783,P01,P01_L02,SKU002,2026-03-16 22:00:00,2026-03-17 06:00:00,459,Completed
WO00001784,P01,P01_L03,SKU003,2026-03-16 06:00:00,2026-03-16 14:00:00,436,Completed
WO00001785,P01,P01_L03,SKU004,2026-03-16 14:00:00,2026-03-16 22:00:00,399,Completed
WO00001786,P01,P01_L03,SKU008,2026-03-16 22:00:00,2026-03-17 06:00:00,425,Completed
WO00001787,P02,P02_L01,SKU005,2026-03-16 06:00:00,2026-03-16 14:00:00,344,Completed
WO00001788,P02,P02_L01,SKU001,2026-03-16 14:00:00,2026-03-16 22:00:00,344,Completed
WO00001789,P02,P02_L01,SKU003,2026-03-16 22:00:00,2026-03-17 06:00:00,344,Completed
WO00001790,P02,P02_L02,SKU002,2026-03-16 06:00:00,2026-03-16 14:00:00,394,Completed
WO00001791,P02,P02_L02,SKU004,2026-03-16 14:00:00,2026-03-16 22:00:00,394,Completed
WO00001792,P02,P02_L02,SKU002,2026-03-16 22:00:00,2026-03-17 06:00:00,394,Completed
WO00001793,P02,P02_L03,SKU007,2026-03-16 06:00:00,2026-03-16 14:00:00,331,Completed
WO00001794,P02,P02_L03,SKU007,2026-03-16 14:00:00,2026-03-16 22:00:00,331,Completed
WO00001795,P02,P02_L03,SKU007,2026-03-16 22:00:00,2026-03-17 06:00:00,331,Completed
WO00001796,P03,P03_L01,SKU001,2026-03-16 06:00:00,2026-03-16 14:00:00,351,Completed
WO00001797,P03,P03_L01,SKU004,2026-03-16 14:00:00,2026-03-16 22:00:00,399,Completed
WO00001798,P03,P03_L01,SKU003,2026-03-16 22:00:00,2026-03-17 06:00:00,406,Completed
WO00001799,P03,P03_L02,SKU001,2026-03-16 06:00:00,2026-03-16 14:00:00,351,Completed
WO00001800,P03,P03_L02,SKU006,2026-03-16 14:00:00,2026-03-16 22:00:00,386,Completed
WO00001801,P03,P03_L02,SKU002,2026-03-16 22:00:00,2026-03-17 06:00:00,398,Completed
WO00001802,P03,P03_L03,SKU006,2026-03-16 06:00:00,2026-03-16 14:00:00,386,Completed
WO00001803,P03,P03_L03,SKU003,2026-03-16 14:00:00,2026-03-16 22:00:00,409,Completed
WO00001804,P03,P03_L03,SKU004,2026-03-16 22:00:00,2026-03-17 06:00:00,399,Completed
WO00001805,P01,P01_L01,SKU007,2026-03-17 06:00:00,2026-03-17 14:00:00,492,Completed
WO00001806,P01,P01_L01,SKU006,2026-03-17 14:00:00,2026-03-17 22:00:00,386,Completed
WO00001807,P01,P01_L01,SKU007,2026-03-17 22:00:00,2026-03-18 06:00:00,492,Completed
WO00001808,P01,P01_L02,SKU004,2026-03-17 06:00:00,2026-03-17 14:00:00,399,Completed
WO00001809,P01,P01_L02,SKU001,2026-03-17 14:00:00,2026-03-17 22:00:00,351,Completed
WO00001810,P01,P01_L02,SKU004,2026-03-17 22:00:00,2026-03-18 06:00:00,399,Completed
WO00001811,P01,P01_L03,SKU008,2026-03-17 06:00:00,2026-03-17 14:00:00,425,Completed
WO00001812,P01,P01_L03,SKU002,2026-03-17 14:00:00,2026-03-17 22:00:00,507,Completed
WO00001813,P01,P01_L03,SKU004,2026-03-17 22:00:00,2026-03-18 06:00:00,399,Completed
WO00001814,P02,P02_L01,SKU006,2026-03-17 06:00:00,2026-03-17 14:00:00,344,Completed
WO00001815,P02,P02_L01,SKU002,2026-03-17 14:00:00,2026-03-17 22:00:00,344,Completed
WO00001816,P02,P02_L01,SKU002,2026-03-17 22:00:00,2026-03-18 06:00:00,344,Completed
WO00001817,P02,P02_L02,SKU004,2026-03-17 06:00:00,2026-03-17 14:00:00,394,Completed
WO00001818,P02,P02_L02,SKU006,2026-03-17 14:00:00,2026-03-17 22:00:00,386,Completed
WO00001819,P02,P02_L02,SKU001,2026-03-17 22:00:00,2026-03-18 06:00:00,351,Completed
WO00001820,P02,P02_L03,SKU004,2026-03-17 06:00:00,2026-03-17 14:00:00,331,Completed
WO00001821,P02,P02_L03,SKU005,2026-03-17 14:00:00,2026-03-17 22:00:00,331,Completed
WO00001822,P02,P02_L03,SKU001,2026-03-17 22:00:00,2026-03-18 06:00:00,331,Completed
WO00001823,P03,P03_L01,SKU003,2026-03-17 06:00:00,2026-03-17 14:00:00,406,Completed
WO00001824,P03,P03_L01,SKU003,2026-03-17 14:00:00,2026-03-17 22:00:00,406,Completed
WO00001825,P03,P03_L01,SKU004,2026-03-17 22:00:00,2026-03-18 06:00:00,399,Completed
WO00001826,P03,P03_L02,SKU001,2026-03-17 06:00:00,2026-03-17 14:00:00,351,Completed
WO00001827,P03,P03_L02,SKU005,2026-03-17 14:00:00,2026-03-17 22:00:00,355,Completed
WO00001828,P03,P03_L02,SKU006,2026-03-17 22:00:00,2026-03-18 06:00:00,386,Completed
WO00001829,P03,P03_L03,SKU006,2026-03-17 06:00:00,2026-03-17 14:00:00,386,Completed
WO00001830,P03,P03_L03,SKU003,2026-03-17 14:00:00,2026-03-17 22:00:00,409,Completed
WO00001831,P03,P03_L03,SKU004,2026-03-17 22:00:00,2026-03-18 06:00:00,399,Completed
WO00001832,P01,P01_L01,SKU005,2026-03-18 06:00:00,2026-03-18 14:00:00,355,Completed
WO00001833,P01,P01_L01,SKU001,2026-03-18 14:00:00,2026-03-18 22:00:00,351,Completed
WO00001834,P01,P01_L01,SKU004,2026-03-18 22:00:00,2026-03-19 06:00:00,399,Completed
WO00001835,P01,P01_L02,SKU001,2026-03-18 06:00:00,2026-03-18 14:00:00,351,Completed
WO00001836,P01,P01_L02,SKU001,2026-03-18 14:00:00,2026-03-18 22:00:00,351,Completed
WO00001837,P01,P01_L02,SKU002,2026-03-18 22:00:00,2026-03-19 06:00:00,459,Completed
WO00001838,P01,P01_L03,SKU004,2026-03-18 06:00:00,2026-03-18 14:00:00,399,Completed
WO00001839,P01,P01_L03,SKU008,2026-03-18 14:00:00,2026-03-18 22:00:00,425,Completed
WO00001840,P01,P01_L03,SKU003,2026-03-18 22:00:00,2026-03-19 06:00:00,436,Completed
WO00001841,P02,P02_L01,SKU002,2026-03-18 06:00:00,2026-03-18 14:00:00,344,Completed
WO00001842,P02,P02_L01,SKU004,2026-03-18 14:00:00,2026-03-18 22:00:00,344,Completed
WO00001843,P02,P02_L01,SKU006,2026-03-18 22:00:00,2026-03-19 06:00:00,344,Completed
WO00001844,P02,P02_L02,SKU002,2026-03-18 06:00:00,2026-03-18 14:00:00,394,Completed
WO00001845,P02,P02_L02,SKU004,2026-03-18 14:00:00,2026-03-18 22:00:00,394,Completed
WO00001846,P02,P02_L02,SKU008,2026-03-18 22:00:00,2026-03-19 06:00:00,394,Completed
WO00001847,P02,P02_L03,SKU008,2026-03-18 06:00:00,2026-03-18 14:00:00,331,Completed
WO00001848,P02,P02_L03,SKU007,2026-03-18 14:00:00,2026-03-18 22:00:00,331,Completed
WO00001849,P02,P02_L03,SKU007,2026-03-18 22:00:00,2026-03-19 06:00:00,331,Completed
WO00001850,P03,P03_L01,SKU005,2026-03-18 06:00:00,2026-03-18 14:00:00,355,Completed
WO00001851,P03,P03_L01,SKU001,2026-03-18 14:00:00,2026-03-18 22:00:00,351,Completed
WO00001852,P03,P03_L01,SKU001,2026-03-18 22:00:00,2026-03-19 06:00:00,351,Completed
WO00001853,P03,P03_L02,SKU002,2026-03-18 06:00:00,2026-03-18 14:00:00,398,Completed
WO00001854,P03,P03_L02,SKU006,2026-03-18 14:00:00,2026-03-18 22:00:00,386,Completed
WO00001855,P03,P03_L02,SKU001,2026-03-18 22:00:00,2026-03-19 06:00:00,351,Completed
WO00001856,P03,P03_L03,SKU001,2026-03-18 06:00:00,2026-03-18 14:00:00,351,Completed
WO00001857,P03,P03_L03,SKU003,2026-03-18 14:00:00,2026-03-18 22:00:00,409,Completed
WO00001858,P03,P03_L03,SKU004,2026-03-18 22:00:00,2026-03-19 06:00:00,399,Completed
WO00001859,P01,P01_L01,SKU002,2026-03-19 06:00:00,2026-03-19 14:00:00,492,Completed
WO00001860,P01,P01_L01,SKU005,2026-03-19 14:00:00,2026-03-19 22:00:00,355,Completed
WO00001861,P01,P01_L01,SKU001,2026-03-19 22:00:00,2026-03-20 06:00:00,351,Completed
WO00001862,P01,P01_L02,SKU001,2026-03-19 06:00:00,2026-03-19 14:00:00,351,Completed
WO00001863,P01,P01_L02,SKU006,2026-03-19 14:00:00,2026-03-19 22:00:00,386,Completed
WO00001864,P01,P01_L02,SKU005,2026-03-19 22:00:00,2026-03-20 06:00:00,355,Completed
WO00001865,P01,P01_L03,SKU003,2026-03-19 06:00:00,2026-03-19 14:00:00,436,Completed
WO00001866,P01,P01_L03,SKU003,2026-03-19 14:00:00,2026-03-19 22:00:00,436,Completed
WO00001867,P01,P01_L03,SKU008,2026-03-19 22:00:00,2026-03-20 06:00:00,425,Completed
WO00001868,P02,P02_L01,SKU002,2026-03-19 06:00:00,2026-03-19 14:00:00,344,Completed
WO00001869,P02,P02_L01,SKU004,2026-03-19 14:00:00,2026-03-19 22:00:00,344,Completed
WO00001870,P02,P02_L01,SKU003,2026-03-19 22:00:00,2026-03-20 06:00:00,344,Completed
WO00001871,P02,P02_L02,SKU004,2026-03-19 06:00:00,2026-03-19 14:00:00,394,Completed
WO00001872,P02,P02_L02,SKU002,2026-03-19 14:00:00,2026-03-19 22:00:00,394,Completed
WO00001873,P02,P02_L02,SKU008,2026-03-19 22:00:00,2026-03-20 06:00:00,394,Completed
WO00001874,P02,P02_L03,SKU007,2026-03-19 06:00:00,2026-03-19 14:00:00,331,Completed
WO00001875,P02,P02_L03,SKU004,2026-03-19 14:00:00,2026-03-19 22:00:00,331,Completed
WO00001876,P02,P02_L03,SKU007,2026-03-19 22:00:00,2026-03-20 06:00:00,331,Completed
WO00001877,P03,P03_L01,SKU001,2026-03-19 06:00:00,2026-03-19 14:00:00,351,Completed
WO00001878,P03,P03_L01,SKU001,2026-03-19 14:00:00,2026-03-19 22:00:00,351,Completed
WO00001879,P03,P03_L01,SKU004,2026-03-19 22:00:00,2026-03-20 06:00:00,399,Completed
WO00001880,P03,P03_L02,SKU006,2026-03-19 06:00:00,2026-03-19 14:00:00,386,Completed
WO00001881,P03,P03_L02,SKU006,2026-03-19 14:00:00,2026-03-19 22:00:00,386,Completed
WO00001882,P03,P03_L02,SKU002,2026-03-19 22:00:00,2026-03-20 06:00:00,398,Completed
WO00001883,P03,P03_L03,SKU004,2026-03-19 06:00:00,2026-03-19 14:00:00,399,Completed
WO00001884,P03,P03_L03,SKU004,2026-03-19 14:00:00,2026-03-19 22:00:00,399,Completed
WO00001885,P03,P03_L03,SKU006,2026-03-19 22:00:00,2026-03-20 06:00:00,386,Completed
WO00001886,P01,P01_L01,SKU006,2026-03-20 06:00:00,2026-03-20 14:00:00,386,Completed
WO00001887,P01,P01_L01,SKU008,2026-03-20 14:00:00,2026-03-20 22:00:00,425,Completed
WO00001888,P01,P01_L01,SKU001,2026-03-20 22:00:00,2026-03-21 06:00:00,351,Completed
WO00001889,P01,P01_L02,SKU002,2026-03-20 06:00:00,2026-03-20 14:00:00,459,Completed
WO00001890,P01,P01_L02,SKU004,2026-03-20 14:00:00,2026-03-20 22:00:00,399,Completed
WO00001891,P01,P01_L02,SKU008,2026-03-20 22:00:00,2026-03-21 06:00:00,425,Completed
WO00001892,P01,P01_L03,SKU004,2026-03-20 06:00:00,2026-03-20 14:00:00,399,Completed
WO00001893,P01,P01_L03,SKU003,2026-03-20 14:00:00,2026-03-20 22:00:00,436,Completed
WO00001894,P01,P01_L03,SKU004,2026-03-20 22:00:00,2026-03-21 06:00:00,399,Completed
WO00001895,P02,P02_L01,SKU003,2026-03-20 06:00:00,2026-03-20 14:00:00,344,Completed
WO00001896,P02,P02_L01,SKU003,2026-03-20 14:00:00,2026-03-20 22:00:00,344,Completed
WO00001897,P02,P02_L01,SKU001,2026-03-20 22:00:00,2026-03-21 06:00:00,344,Completed
WO00001898,P02,P02_L02,SKU004,2026-03-20 06:00:00,2026-03-20 14:00:00,394,Completed
WO00001899,P02,P02_L02,SKU002,2026-03-20 14:00:00,2026-03-20 22:00:00,394,Completed
WO00001900,P02,P02_L02,SKU004,2026-03-20 22:00:00,2026-03-21 06:00:00,394,Completed
WO00001901,P02,P02_L03,SKU001,2026-03-20 06:00:00,2026-03-20 14:00:00,331,Completed
WO00001902,P02,P02_L03,SKU003,2026-03-20 14:00:00,2026-03-20 22:00:00,331,Completed
WO00001903,P02,P02_L03,SKU004,2026-03-20 22:00:00,2026-03-21 06:00:00,331,Completed
WO00001904,P03,P03_L01,SKU001,2026-03-20 06:00:00,2026-03-20 14:00:00,351,Completed
WO00001905,P03,P03_L01,SKU001,2026-03-20 14:00:00,2026-03-20 22:00:00,351,Completed
WO00001906,P03,P03_L01,SKU004,2026-03-20 22:00:00,2026-03-21 06:00:00,399,Completed
WO00001907,P03,P03_L02,SKU004,2026-03-20 06:00:00,2026-03-20 14:00:00,398,Completed
WO00001908,P03,P03_L02,SKU001,2026-03-20 14:00:00,2026-03-20 22:00:00,351,Completed
WO00001909,P03,P03_L02,SKU006,2026-03-20 22:00:00,2026-03-21 06:00:00,386,Completed
WO00001910,P03,P03_L03,SKU004,2026-03-20 06:00:00,2026-03-20 14:00:00,399,Completed
WO00001911,P03,P03_L03,SKU003,2026-03-20 14:00:00,2026-03-20 22:00:00,409,Completed
WO00001912,P03,P03_L03,SKU001,2026-03-20 22:00:00,2026-03-21 06:00:00,351,Completed
WO00001913,P01,P01_L01,SKU001,2026-03-21 14:00:00,2026-03-21 22:00:00,351,Completed
WO00001914,P01,P01_L01,SKU008,2026-03-21 22:00:00,2026-03-22 06:00:00,425,Completed
WO00001915,P01,P01_L02,SKU001,2026-03-21 06:00:00,2026-03-21 14:00:00,351,Completed
WO00001916,P01,P01_L02,SKU002,2026-03-21 14:00:00,2026-03-21 22:00:00,459,Completed
WO00001917,P01,P01_L02,SKU008,2026-03-21 22:00:00,2026-03-22 06:00:00,425,Completed
WO00001918,P01,P01_L03,SKU003,2026-03-21 06:00:00,2026-03-21 14:00:00,436,Completed
WO00001919,P02,P02_L01,SKU001,2026-03-21 06:00:00,2026-03-21 14:00:00,344,Completed
WO00001920,P02,P02_L01,SKU003,2026-03-21 14:00:00,2026-03-21 22:00:00,344,Completed
WO00001921,P02,P02_L01,SKU002,2026-03-21 22:00:00,2026-03-22 06:00:00,344,Completed
WO00001922,P02,P02_L02,SKU006,2026-03-21 06:00:00,2026-03-21 14:00:00,386,Completed
WO00001923,P02,P02_L02,SKU004,2026-03-21 14:00:00,2026-03-21 22:00:00,394,Completed
WO00001924,P02,P02_L03,SKU003,2026-03-21 06:00:00,2026-03-21 14:00:00,331,Completed
WO00001925,P02,P02_L03,SKU004,2026-03-21 14:00:00,2026-03-21 22:00:00,331,Completed
WO00001926,P02,P02_L03,SKU003,2026-03-21 22:00:00,2026-03-22 06:00:00,331,Completed
WO00001927,P03,P03_L01,SKU001,2026-03-21 22:00:00,2026-03-22 06:00:00,351,Completed
WO00001928,P03,P03_L02,SKU005,2026-03-21 06:00:00,2026-03-21 14:00:00,355,Completed
WO00001929,P03,P03_L02,SKU001,2026-03-21 14:00:00,2026-03-21 22:00:00,351,Completed
WO00001930,P03,P03_L03,SKU003,2026-03-21 06:00:00,2026-03-21 14:00:00,409,Completed
WO00001931,P03,P03_L03,SKU004,2026-03-21 14:00:00,2026-03-21 22:00:00,399,Completed
WO00001932,P01,P01_L01,SKU001,2026-03-22 06:00:00,2026-03-22 14:00:00,351,Completed
WO00001933,P01,P01_L01,SKU001,2026-03-22 14:00:00,2026-03-22 22:00:00,351,Completed
WO00001934,P01,P01_L01,SKU002,2026-03-22 22:00:00,2026-03-23 06:00:00,492,Completed
WO00001935,P01,P01_L02,SKU008,2026-03-22 22:00:00,2026-03-23 06:00:00,425,Completed
WO00001936,P01,P01_L03,SKU003,2026-03-22 06:00:00,2026-03-22 14:00:00,436,Completed
WO00001937,P02,P02_L01,SKU003,2026-03-22 14:00:00,2026-03-22 22:00:00,344,Completed
WO00001938,P02,P02_L02,SKU002,2026-03-22 06:00:00,2026-03-22 14:00:00,394,Completed
WO00001939,P02,P02_L03,SKU002,2026-03-22 06:00:00,2026-03-22 14:00:00,331,Completed
WO00001940,P02,P02_L03,SKU007,2026-03-22 14:00:00,2026-03-22 22:00:00,331,Completed
WO00001941,P02,P02_L03,SKU008,2026-03-22 22:00:00,2026-03-23 06:00:00,331,Completed
WO00001942,P03,P03_L01,SKU001,2026-03-22 06:00:00,2026-03-22 14:00:00,351,Completed
WO00001943,P03,P03_L01,SKU006,2026-03-22 14:00:00,2026-03-22 22:00:00,386,Completed
WO00001944,P03,P03_L02,SKU001,2026-03-22 06:00:00,2026-03-22 14:00:00,351,Completed
WO00001945,P03,P03_L02,SKU001,2026-03-22 14:00:00,2026-03-22 22:00:00,351,Completed
WO00001946,P03,P03_L02,SKU008,2026-03-22 22:00:00,2026-03-23 06:00:00,398,Completed
WO00001947,P03,P03_L03,SKU003,2026-03-22 06:00:00,2026-03-22 14:00:00,409,Completed
WO00001948,P03,P03_L03,SKU004,2026-03-22 22:00:00,2026-03-23 06:00:00,399,Completed
WO00001949,P01,P01_L01,SKU004,2026-03-23 06:00:00,2026-03-23 14:00:00,399,Completed
WO00001950,P01,P01_L01,SKU002,2026-03-23 14:00:00,2026-03-23 22:00:00,492,Completed
WO00001951,P01,P01_L01,SKU005,2026-03-23 22:00:00,2026-03-24 06:00:00,355,Completed
WO00001952,P01,P01_L02,SKU006,2026-03-23 06:00:00,2026-03-23 14:00:00,386,Completed
WO00001953,P01,P01_L02,SKU004,2026-03-23 14:00:00,2026-03-23 22:00:00,399,Completed
WO00001954,P01,P01_L02,SKU002,2026-03-23 22:00:00,2026-03-24 06:00:00,459,Completed
WO00001955,P01,P01_L03,SKU002,2026-03-23 06:00:00,2026-03-23 14:00:00,507,Completed
WO00001956,P01,P01_L03,SKU003,2026-03-23 14:00:00,2026-03-23 22:00:00,436,Completed
WO00001957,P01,P01_L03,SKU003,2026-03-23 22:00:00,2026-03-24 06:00:00,436,Completed
WO00001958,P02,P02_L01,SKU001,2026-03-23 06:00:00,2026-03-23 14:00:00,344,Completed
WO00001959,P02,P02_L01,SKU003,2026-03-23 14:00:00,2026-03-23 22:00:00,344,Completed
WO00001960,P02,P02_L01,SKU003,2026-03-23 22:00:00,2026-03-24 06:00:00,344,Completed
WO00001961,P02,P02_L02,SKU006,2026-03-23 06:00:00,2026-03-23 14:00:00,386,Completed
WO00001962,P02,P02_L02,SKU002,2026-03-23 14:00:00,2026-03-23 22:00:00,394,Completed
WO00001963,P02,P02_L02,SKU002,2026-03-23 22:00:00,2026-03-24 06:00:00,394,Completed
WO00001964,P02,P02_L03,SKU002,2026-03-23 06:00:00,2026-03-23 14:00:00,331,Completed
WO00001965,P02,P02_L03,SKU007,2026-03-23 14:00:00,2026-03-23 22:00:00,331,Completed
WO00001966,P02,P02_L03,SKU003,2026-03-23 22:00:00,2026-03-24 06:00:00,331,Completed
WO00001967,P03,P03_L01,SKU004,2026-03-23 06:00:00,2026-03-23 14:00:00,399,Completed
WO00001968,P03,P03_L01,SKU001,2026-03-23 14:00:00,2026-03-23 22:00:00,351,Completed
WO00001969,P03,P03_L01,SKU003,2026-03-23 22:00:00,2026-03-24 06:00:00,406,Completed
WO00001970,P03,P03_L02,SKU006,2026-03-23 06:00:00,2026-03-23 14:00:00,386,Completed
WO00001971,P03,P03_L02,SKU001,2026-03-23 14:00:00,2026-03-23 22:00:00,351,Completed
WO00001972,P03,P03_L02,SKU008,2026-03-23 22:00:00,2026-03-24 06:00:00,398,Completed
WO00001973,P03,P03_L03,SKU001,2026-03-23 06:00:00,2026-03-23 14:00:00,351,Completed
WO00001974,P03,P03_L03,SKU004,2026-03-23 14:00:00,2026-03-23 22:00:00,399,Completed
WO00001975,P03,P03_L03,SKU004,2026-03-23 22:00:00,2026-03-24 06:00:00,399,Completed
WO00001976,P01,P01_L01,SKU005,2026-03-24 06:00:00,2026-03-24 14:00:00,355,Completed
WO00001977,P01,P01_L01,SKU004,2026-03-24 14:00:00,2026-03-24 22:00:00,399,Completed
WO00001978,P01,P01_L01,SKU001,2026-03-24 22:00:00,2026-03-25 06:00:00,351,Completed
WO00001979,P01,P01_L02,SKU001,2026-03-24 06:00:00,2026-03-24 14:00:00,351,Completed
WO00001980,P01,P01_L02,SKU001,2026-03-24 14:00:00,2026-03-24 22:00:00,351,Completed
WO00001981,P01,P01_L02,SKU001,2026-03-24 22:00:00,2026-03-25 06:00:00,351,Completed
WO00001982,P01,P01_L03,SKU008,2026-03-24 06:00:00,2026-03-24 14:00:00,425,Completed
WO00001983,P01,P01_L03,SKU008,2026-03-24 14:00:00,2026-03-24 22:00:00,425,Completed
WO00001984,P01,P01_L03,SKU003,2026-03-24 22:00:00,2026-03-25 06:00:00,436,Completed
WO00001985,P02,P02_L01,SKU006,2026-03-24 06:00:00,2026-03-24 14:00:00,344,Completed
WO00001986,P02,P02_L01,SKU003,2026-03-24 14:00:00,2026-03-24 22:00:00,344,Completed
WO00001987,P02,P02_L01,SKU003,2026-03-24 22:00:00,2026-03-25 06:00:00,344,Completed
WO00001988,P02,P02_L02,SKU002,2026-03-24 06:00:00,2026-03-24 14:00:00,394,Completed
WO00001989,P02,P02_L02,SKU006,2026-03-24 14:00:00,2026-03-24 22:00:00,386,Completed
WO00001990,P02,P02_L02,SKU006,2026-03-24 22:00:00,2026-03-25 06:00:00,386,Completed
WO00001991,P02,P02_L03,SKU007,2026-03-24 06:00:00,2026-03-24 14:00:00,331,Completed
WO00001992,P02,P02_L03,SKU007,2026-03-24 14:00:00,2026-03-24 22:00:00,331,Completed
WO00001993,P02,P02_L03,SKU001,2026-03-24 22:00:00,2026-03-25 06:00:00,331,Completed
WO00001994,P03,P03_L01,SKU006,2026-03-24 06:00:00,2026-03-24 14:00:00,386,Completed
WO00001995,P03,P03_L01,SKU007,2026-03-24 14:00:00,2026-03-24 22:00:00,406,Completed
WO00001996,P03,P03_L01,SKU001,2026-03-24 22:00:00,2026-03-25 06:00:00,351,Completed
WO00001997,P03,P03_L02,SKU004,2026-03-24 06:00:00,2026-03-24 14:00:00,398,Completed
WO00001998,P03,P03_L02,SKU006,2026-03-24 14:00:00,2026-03-24 22:00:00,386,Completed
WO00001999,P03,P03_L02,SKU004,2026-03-24 22:00:00,2026-03-25 06:00:00,398,Completed
WO00002000,P03,P03_L03,SKU004,2026-03-24 06:00:00,2026-03-24 14:00:00,399,Completed
WO00002001,P03,P03_L03,SKU003,2026-03-24 14:00:00,2026-03-24 22:00:00,409,Completed
WO00002002,P03,P03_L03,SKU003,2026-03-24 22:00:00,2026-03-25 06:00:00,409,Completed
WO00002003,P01,P01_L01,SKU001,2026-03-25 06:00:00,2026-03-25 14:00:00,351,Completed
WO00002004,P01,P01_L01,SKU005,2026-03-25 14:00:00,2026-03-25 22:00:00,355,Completed
WO00002005,P01,P01_L01,SKU001,2026-03-25 22:00:00,2026-03-26 06:00:00,351,Completed
WO00002006,P01,P01_L02,SKU002,2026-03-25 06:00:00,2026-03-25 14:00:00,459,Completed
WO00002007,P01,P01_L02,SKU006,2026-03-25 14:00:00,2026-03-25 22:00:00,386,Completed
WO00002008,P01,P01_L02,SKU001,2026-03-25 22:00:00,2026-03-26 06:00:00,351,Completed
WO00002009,P01,P01_L03,SKU002,2026-03-25 06:00:00,2026-03-25 14:00:00,507,Completed
WO00002010,P01,P01_L03,SKU003,2026-03-25 14:00:00,2026-03-25 22:00:00,436,Completed
WO00002011,P01,P01_L03,SKU003,2026-03-25 22:00:00,2026-03-26 06:00:00,436,Completed
WO00002012,P02,P02_L01,SKU002,2026-03-25 06:00:00,2026-03-25 14:00:00,344,Completed
WO00002013,P02,P02_L01,SKU003,2026-03-25 14:00:00,2026-03-25 22:00:00,344,Completed
WO00002014,P02,P02_L01,SKU006,2026-03-25 22:00:00,2026-03-26 06:00:00,344,Completed
WO00002015,P02,P02_L02,SKU004,2026-03-25 06:00:00,2026-03-25 14:00:00,394,Completed
WO00002016,P02,P02_L02,SKU005,2026-03-25 14:00:00,2026-03-25 22:00:00,355,Completed
WO00002017,P02,P02_L02,SKU004,2026-03-25 22:00:00,2026-03-26 06:00:00,394,Completed
WO00002018,P02,P02_L03,SKU001,2026-03-25 06:00:00,2026-03-25 14:00:00,331,Completed
WO00002019,P02,P02_L03,SKU001,2026-03-25 14:00:00,2026-03-25 22:00:00,331,Completed
WO00002020,P02,P02_L03,SKU007,2026-03-25 22:00:00,2026-03-26 06:00:00,331,Completed
WO00002021,P03,P03_L01,SKU004,2026-03-25 06:00:00,2026-03-25 14:00:00,399,Completed
WO00002022,P03,P03_L01,SKU004,2026-03-25 14:00:00,2026-03-25 22:00:00,399,Completed
WO00002023,P03,P03_L01,SKU003,2026-03-25 22:00:00,2026-03-26 06:00:00,406,Completed
WO00002024,P03,P03_L02,SKU006,2026-03-25 06:00:00,2026-03-25 14:00:00,386,Completed
WO00002025,P03,P03_L02,SKU006,2026-03-25 14:00:00,2026-03-25 22:00:00,386,Completed
WO00002026,P03,P03_L02,SKU006,2026-03-25 22:00:00,2026-03-26 06:00:00,386,Completed
WO00002027,P03,P03_L03,SKU004,2026-03-25 06:00:00,2026-03-25 14:00:00,399,Completed
WO00002028,P03,P03_L03,SKU004,2026-03-25 14:00:00,2026-03-25 22:00:00,399,Completed
WO00002029,P03,P03_L03,SKU001,2026-03-25 22:00:00,2026-03-26 06:00:00,351,Completed
WO00002030,P01,P01_L01,SKU005,2026-03-26 06:00:00,2026-03-26 14:00:00,355,Completed
WO00002031,P01,P01_L01,SKU005,2026-03-26 14:00:00,2026-03-26 22:00:00,355,Completed
WO00002032,P01,P01_L01,SKU006,2026-03-26 22:00:00,2026-03-27 06:00:00,386,Completed
WO00002033,P01,P01_L02,SKU003,2026-03-26 06:00:00,2026-03-26 14:00:00,436,Completed
WO00002034,P01,P01_L02,SKU001,2026-03-26 14:00:00,2026-03-26 22:00:00,351,Completed
WO00002035,P01,P01_L02,SKU001,2026-03-26 22:00:00,2026-03-27 06:00:00,351,Completed
WO00002036,P01,P01_L03,SKU003,2026-03-26 06:00:00,2026-03-26 14:00:00,436,Completed
WO00002037,P01,P01_L03,SKU004,2026-03-26 14:00:00,2026-03-26 22:00:00,399,Completed
WO00002038,P01,P01_L03,SKU003,2026-03-26 22:00:00,2026-03-27 06:00:00,436,Completed
WO00002039,P02,P02_L01,SKU008,2026-03-26 06:00:00,2026-03-26 14:00:00,344,Completed
WO00002040,P02,P02_L01,SKU008,2026-03-26 14:00:00,2026-03-26 22:00:00,344,Completed
WO00002041,P02,P02_L01,SKU003,2026-03-26 22:00:00,2026-03-27 06:00:00,344,Completed
WO00002042,P02,P02_L02,SKU004,2026-03-26 06:00:00,2026-03-26 14:00:00,394,Completed
WO00002043,P02,P02_L02,SKU004,2026-03-26 14:00:00,2026-03-26 22:00:00,394,Completed
WO00002044,P02,P02_L02,SKU004,2026-03-26 22:00:00,2026-03-27 06:00:00,394,Completed
WO00002045,P02,P02_L03,SKU007,2026-03-26 06:00:00,2026-03-26 14:00:00,331,Completed
WO00002046,P02,P02_L03,SKU003,2026-03-26 14:00:00,2026-03-26 22:00:00,331,Completed
WO00002047,P02,P02_L03,SKU003,2026-03-26 22:00:00,2026-03-27 06:00:00,331,Completed
WO00002048,P03,P03_L01,SKU004,2026-03-26 06:00:00,2026-03-26 14:00:00,399,Completed
WO00002049,P03,P03_L01,SKU001,2026-03-26 14:00:00,2026-03-26 22:00:00,351,Completed
WO00002050,P03,P03_L01,SKU004,2026-03-26 22:00:00,2026-03-27 06:00:00,399,Completed
WO00002051,P03,P03_L02,SKU001,2026-03-26 06:00:00,2026-03-26 14:00:00,351,Completed
WO00002052,P03,P03_L02,SKU002,2026-03-26 14:00:00,2026-03-26 22:00:00,398,Completed
WO00002053,P03,P03_L02,SKU006,2026-03-26 22:00:00,2026-03-27 06:00:00,386,Completed
WO00002054,P03,P03_L03,SKU004,2026-03-26 06:00:00,2026-03-26 14:00:00,399,Completed
WO00002055,P03,P03_L03,SKU004,2026-03-26 14:00:00,2026-03-26 22:00:00,399,Completed
WO00002056,P03,P03_L03,SKU004,2026-03-26 22:00:00,2026-03-27 06:00:00,399,Completed
WO00002057,P01,P01_L01,SKU005,2026-03-27 06:00:00,2026-03-27 14:00:00,355,Completed
WO00002058,P01,P01_L01,SKU005,2026-03-27 14:00:00,2026-03-27 22:00:00,355,Completed
WO00002059,P01,P01_L01,SKU002,2026-03-27 22:00:00,2026-03-28 06:00:00,492,Completed
WO00002060,P01,P01_L02,SKU001,2026-03-27 06:00:00,2026-03-27 14:00:00,351,Completed
WO00002061,P01,P01_L02,SKU001,2026-03-27 14:00:00,2026-03-27 22:00:00,351,Completed
WO00002062,P01,P01_L02,SKU004,2026-03-27 22:00:00,2026-03-28 06:00:00,399,Completed
WO00002063,P01,P01_L03,SKU008,2026-03-27 06:00:00,2026-03-27 14:00:00,425,Completed
WO00002064,P01,P01_L03,SKU003,2026-03-27 14:00:00,2026-03-27 22:00:00,436,Completed
WO00002065,P01,P01_L03,SKU003,2026-03-27 22:00:00,2026-03-28 06:00:00,436,Completed
WO00002066,P02,P02_L01,SKU003,2026-03-27 06:00:00,2026-03-27 14:00:00,344,Completed
WO00002067,P02,P02_L01,SKU003,2026-03-27 14:00:00,2026-03-27 22:00:00,344,Completed
WO00002068,P02,P02_L01,SKU003,2026-03-27 22:00:00,2026-03-28 06:00:00,344,Completed
WO00002069,P02,P02_L02,SKU006,2026-03-27 06:00:00,2026-03-27 14:00:00,386,Completed
WO00002070,P02,P02_L02,SKU002,2026-03-27 14:00:00,2026-03-27 22:00:00,394,Completed
WO00002071,P02,P02_L02,SKU006,2026-03-27 22:00:00,2026-03-28 06:00:00,386,Completed
WO00002072,P02,P02_L03,SKU007,2026-03-27 06:00:00,2026-03-27 14:00:00,331,Completed
WO00002073,P02,P02_L03,SKU003,2026-03-27 14:00:00,2026-03-27 22:00:00,331,Completed
WO00002074,P02,P02_L03,SKU003,2026-03-27 22:00:00,2026-03-28 06:00:00,331,Completed
WO00002075,P03,P03_L01,SKU001,2026-03-27 06:00:00,2026-03-27 14:00:00,351,Completed
WO00002076,P03,P03_L01,SKU004,2026-03-27 14:00:00,2026-03-27 22:00:00,399,Completed
WO00002077,P03,P03_L01,SKU003,2026-03-27 22:00:00,2026-03-28 06:00:00,406,Completed
WO00002078,P03,P03_L02,SKU006,2026-03-27 06:00:00,2026-03-27 14:00:00,386,Completed
WO00002079,P03,P03_L02,SKU006,2026-03-27 14:00:00,2026-03-27 22:00:00,386,Completed
WO00002080,P03,P03_L02,SKU006,2026-03-27 22:00:00,2026-03-28 06:00:00,386,Completed
WO00002081,P03,P03_L03,SKU007,2026-03-27 06:00:00,2026-03-27 14:00:00,409,Completed
WO00002082,P03,P03_L03,SKU003,2026-03-27 14:00:00,2026-03-27 22:00:00,409,Completed
WO00002083,P03,P03_L03,SKU001,2026-03-27 22:00:00,2026-03-28 06:00:00,351,Completed
WO00002084,P01,P01_L01,SKU005,2026-03-28 06:00:00,2026-03-28 14:00:00,355,Completed
WO00002085,P01,P01_L01,SKU007,2026-03-28 14:00:00,2026-03-28 22:00:00,492,Completed
WO00002086,P01,P01_L01,SKU005,2026-03-28 22:00:00,2026-03-29 06:00:00,355,Completed
WO00002087,P01,P01_L02,SKU001,2026-03-28 14:00:00,2026-03-28 22:00:00,351,Completed
WO00002088,P01,P01_L02,SKU004,2026-03-28 22:00:00,2026-03-29 06:00:00,399,Completed
WO00002089,P01,P01_L03,SKU003,2026-03-28 06:00:00,2026-03-28 14:00:00,436,Completed
WO00002090,P01,P01_L03,SKU008,2026-03-28 22:00:00,2026-03-29 06:00:00,425,Completed
WO00002091,P02,P02_L01,SKU006,2026-03-28 06:00:00,2026-03-28 14:00:00,344,Completed
WO00002092,P02,P02_L01,SKU001,2026-03-28 22:00:00,2026-03-29 06:00:00,344,Completed
WO00002093,P02,P02_L02,SKU002,2026-03-28 06:00:00,2026-03-28 14:00:00,394,Completed
WO00002094,P02,P02_L02,SKU002,2026-03-28 14:00:00,2026-03-28 22:00:00,394,Completed
WO00002095,P03,P03_L01,SKU001,2026-03-28 14:00:00,2026-03-28 22:00:00,351,Completed
WO00002096,P03,P03_L01,SKU003,2026-03-28 22:00:00,2026-03-29 06:00:00,406,Completed
WO00002097,P03,P03_L02,SKU008,2026-03-28 06:00:00,2026-03-28 14:00:00,398,Completed
WO00002098,P03,P03_L02,SKU001,2026-03-28 14:00:00,2026-03-28 22:00:00,351,Completed
WO00002099,P03,P03_L02,SKU006,2026-03-28 22:00:00,2026-03-29 06:00:00,386,Completed
WO00002100,P03,P03_L03,SKU003,2026-03-28 06:00:00,2026-03-28 14:00:00,409,Completed
WO00002101,P03,P03_L03,SKU003,2026-03-28 14:00:00,2026-03-28 22:00:00,409,Completed
WO00002102,P03,P03_L03,SKU004,2026-03-28 22:00:00,2026-03-29 06:00:00,399,Completed
WO00002103,P01,P01_L01,SKU001,2026-03-29 06:00:00,2026-03-29 14:00:00,351,Completed
WO00002104,P01,P01_L01,SKU008,2026-03-29 14:00:00,2026-03-29 22:00:00,425,Completed
WO00002105,P01,P01_L01,SKU005,2026-03-29 22:00:00,2026-03-30 06:00:00,355,Completed
WO00002106,P01,P01_L02,SKU004,2026-03-29 06:00:00,2026-03-29 14:00:00,399,Completed
WO00002107,P01,P01_L02,SKU001,2026-03-29 22:00:00,2026-03-30 06:00:00,351,Completed
WO00002108,P01,P01_L03,SKU003,2026-03-29 14:00:00,2026-03-29 22:00:00,436,Completed
WO00002109,P01,P01_L03,SKU003,2026-03-29 22:00:00,2026-03-30 06:00:00,436,Completed
WO00002110,P02,P02_L01,SKU003,2026-03-29 06:00:00,2026-03-29 14:00:00,344,Completed
WO00002111,P02,P02_L02,SKU002,2026-03-29 06:00:00,2026-03-29 14:00:00,394,Completed
WO00002112,P02,P02_L02,SKU003,2026-03-29 14:00:00,2026-03-29 22:00:00,394,Completed
WO00002113,P02,P02_L02,SKU001,2026-03-29 22:00:00,2026-03-30 06:00:00,351,Completed
WO00002114,P03,P03_L01,SKU005,2026-03-29 06:00:00,2026-03-29 14:00:00,355,Completed
WO00002115,P03,P03_L01,SKU004,2026-03-29 14:00:00,2026-03-29 22:00:00,399,Completed
WO00002116,P03,P03_L01,SKU001,2026-03-29 22:00:00,2026-03-30 06:00:00,351,Completed
WO00002117,P03,P03_L02,SKU006,2026-03-29 14:00:00,2026-03-29 22:00:00,386,Completed
WO00002118,P03,P03_L03,SKU004,2026-03-29 06:00:00,2026-03-29 14:00:00,399,Completed
WO00002119,P03,P03_L03,SKU003,2026-03-29 14:00:00,2026-03-29 22:00:00,409,Completed
WO00002120,P03,P03_L03,SKU004,2026-03-29 22:00:00,2026-03-30 06:00:00,399,Completed
WO00002121,P01,P01_L01,SKU005,2026-03-30 06:00:00,2026-03-30 14:00:00,355,Completed
WO00002122,P01,P01_L01,SKU005,2026-03-30 14:00:00,2026-03-30 22:00:00,355,Completed
WO00002123,P01,P01_L01,SKU007,2026-03-30 22:00:00,2026-03-31 06:00:00,492,Completed
WO00002124,P01,P01_L02,SKU001,2026-03-30 06:00:00,2026-03-30 14:00:00,351,Completed
WO00002125,P01,P01_L02,SKU006,2026-03-30 14:00:00,2026-03-30 22:00:00,386,Completed
WO00002126,P01,P01_L02,SKU004,2026-03-30 22:00:00,2026-03-31 06:00:00,399,Completed
WO00002127,P01,P01_L03,SKU003,2026-03-30 06:00:00,2026-03-30 14:00:00,436,Completed
WO00002128,P01,P01_L03,SKU004,2026-03-30 14:00:00,2026-03-30 22:00:00,399,Completed
WO00002129,P01,P01_L03,SKU003,2026-03-30 22:00:00,2026-03-31 06:00:00,436,Completed
WO00002130,P02,P02_L01,SKU003,2026-03-30 06:00:00,2026-03-30 14:00:00,344,Completed
WO00002131,P02,P02_L01,SKU004,2026-03-30 14:00:00,2026-03-30 22:00:00,344,Completed
WO00002132,P02,P02_L01,SKU006,2026-03-30 22:00:00,2026-03-31 06:00:00,344,Completed
WO00002133,P02,P02_L02,SKU002,2026-03-30 06:00:00,2026-03-30 14:00:00,394,Completed
WO00002134,P02,P02_L02,SKU001,2026-03-30 14:00:00,2026-03-30 22:00:00,351,Completed
WO00002135,P02,P02_L02,SKU004,2026-03-30 22:00:00,2026-03-31 06:00:00,394,Completed
WO00002136,P02,P02_L03,SKU007,2026-03-30 06:00:00,2026-03-30 14:00:00,331,Completed
WO00002137,P02,P02_L03,SKU003,2026-03-30 14:00:00,2026-03-30 22:00:00,331,Completed
WO00002138,P02,P02_L03,SKU007,2026-03-30 22:00:00,2026-03-31 06:00:00,331,Completed
WO00002139,P03,P03_L01,SKU004,2026-03-30 06:00:00,2026-03-30 14:00:00,399,Completed
WO00002140,P03,P03_L01,SKU003,2026-03-30 14:00:00,2026-03-30 22:00:00,406,Completed
WO00002141,P03,P03_L01,SKU003,2026-03-30 22:00:00,2026-03-31 06:00:00,406,Completed
WO00002142,P03,P03_L02,SKU006,2026-03-30 06:00:00,2026-03-30 14:00:00,386,Completed
WO00002143,P03,P03_L02,SKU007,2026-03-30 14:00:00,2026-03-30 22:00:00,398,Completed
WO00002144,P03,P03_L02,SKU006,2026-03-30 22:00:00,2026-03-31 06:00:00,386,Completed
WO00002145,P03,P03_L03,SKU001,2026-03-30 06:00:00,2026-03-30 14:00:00,351,Completed
WO00002146,P03,P03_L03,SKU007,2026-03-30 14:00:00,2026-03-30 22:00:00,409,Completed
WO00002147,P03,P03_L03,SKU003,2026-03-30 22:00:00,2026-03-31 06:00:00,409,Completed
WO00002148,P01,P01_L01,SKU005,2026-03-31 06:00:00,2026-03-31 14:00:00,355,Completed
WO00002149,P01,P01_L01,SKU004,2026-03-31 14:00:00,2026-03-31 22:00:00,399,Completed
WO00002150,P01,P01_L01,SKU007,2026-03-31 22:00:00,2026-04-01 06:00:00,492,Completed
WO00002151,P01,P01_L02,SKU008,2026-03-31 06:00:00,2026-03-31 14:00:00,425,Completed
WO00002152,P01,P01_L02,SKU002,2026-03-31 14:00:00,2026-03-31 22:00:00,459,Completed
WO00002153,P01,P01_L02,SKU008,2026-03-31 22:00:00,2026-04-01 06:00:00,425,Completed
WO00002154,P01,P01_L03,SKU003,2026-03-31 06:00:00,2026-03-31 14:00:00,436,Completed
WO00002155,P01,P01_L03,SKU008,2026-03-31 14:00:00,2026-03-31 22:00:00,425,Completed
WO00002156,P01,P01_L03,SKU003,2026-03-31 22:00:00,2026-04-01 06:00:00,436,Completed
WO00002157,P02,P02_L01,SKU006,2026-03-31 06:00:00,2026-03-31 14:00:00,344,Completed
WO00002158,P02,P02_L01,SKU003,2026-03-31 14:00:00,2026-03-31 22:00:00,344,Completed
WO00002159,P02,P02_L01,SKU003,2026-03-31 22:00:00,2026-04-01 06:00:00,344,Completed
WO00002160,P02,P02_L02,SKU002,2026-03-31 06:00:00,2026-03-31 14:00:00,394,Completed
WO00002161,P02,P02_L02,SKU002,2026-03-31 14:00:00,2026-03-31 22:00:00,394,Completed
WO00002162,P02,P02_L02,SKU004,2026-03-31 22:00:00,2026-04-01 06:00:00,394,Completed
WO00002163,P02,P02_L03,SKU007,2026-03-31 06:00:00,2026-03-31 14:00:00,331,Completed
WO00002164,P02,P02_L03,SKU007,2026-03-31 14:00:00,2026-03-31 22:00:00,331,Completed
WO00002165,P02,P02_L03,SKU001,2026-03-31 22:00:00,2026-04-01 06:00:00,331,Completed
WO00002166,P03,P03_L01,SKU003,2026-03-31 06:00:00,2026-03-31 14:00:00,406,Completed
WO00002167,P03,P03_L01,SKU004,2026-03-31 14:00:00,2026-03-31 22:00:00,399,Completed
WO00002168,P03,P03_L01,SKU001,2026-03-31 22:00:00,2026-04-01 06:00:00,351,Completed
WO00002169,P03,P03_L02,SKU006,2026-03-31 06:00:00,2026-03-31 14:00:00,386,Completed
WO00002170,P03,P03_L02,SKU001,2026-03-31 14:00:00,2026-03-31 22:00:00,351,Completed
WO00002171,P03,P03_L02,SKU002,2026-03-31 22:00:00,2026-04-01 06:00:00,398,Completed
WO00002172,P03,P03_L03,SKU004,2026-03-31 06:00:00,2026-03-31 14:00:00,399,Completed
WO00002173,P03,P03_L03,SKU001,2026-03-31 14:00:00,2026-03-31 22:00:00,351,Completed
WO00002174,P03,P03_L03,SKU006,2026-03-31 22:00:00,2026-04-01 06:00:00,386,Completed
WO00002175,P01,P01_L01,SKU005,2026-04-01 06:00:00,2026-04-01 14:00:00,355,Completed
WO00002176,P01,P01_L01,SKU005,2026-04-01 14:00:00,2026-04-01 22:00:00,355,Completed
WO00002177,P01,P01_L01,SKU001,2026-04-01 22:00:00,2026-04-02 06:00:00,351,Completed
WO00002178,P01,P01_L02,SKU002,2026-04-01 06:00:00,2026-04-01 14:00:00,459,Completed
WO00002179,P01,P01_L02,SKU006,2026-04-01 14:00:00,2026-04-01 22:00:00,386,Completed
WO00002180,P01,P01_L02,SKU001,2026-04-01 22:00:00,2026-04-02 06:00:00,351,Completed
WO00002181,P01,P01_L03,SKU003,2026-04-01 06:00:00,2026-04-01 14:00:00,436,Completed
WO00002182,P01,P01_L03,SKU007,2026-04-01 14:00:00,2026-04-01 22:00:00,522,Completed
WO00002183,P01,P01_L03,SKU003,2026-04-01 22:00:00,2026-04-02 06:00:00,436,Completed
WO00002184,P02,P02_L01,SKU004,2026-04-01 06:00:00,2026-04-01 14:00:00,344,Completed
WO00002185,P02,P02_L01,SKU006,2026-04-01 14:00:00,2026-04-01 22:00:00,344,Completed
WO00002186,P02,P02_L01,SKU006,2026-04-01 22:00:00,2026-04-02 06:00:00,344,Completed
WO00002187,P02,P02_L02,SKU006,2026-04-01 06:00:00,2026-04-01 14:00:00,386,Completed
WO00002188,P02,P02_L02,SKU003,2026-04-01 14:00:00,2026-04-01 22:00:00,394,Completed
WO00002189,P02,P02_L02,SKU002,2026-04-01 22:00:00,2026-04-02 06:00:00,394,Completed
WO00002190,P02,P02_L03,SKU007,2026-04-01 06:00:00,2026-04-01 14:00:00,331,Completed
WO00002191,P02,P02_L03,SKU008,2026-04-01 14:00:00,2026-04-01 22:00:00,331,Completed
WO00002192,P02,P02_L03,SKU003,2026-04-01 22:00:00,2026-04-02 06:00:00,331,Completed
WO00002193,P03,P03_L01,SKU004,2026-04-01 06:00:00,2026-04-01 14:00:00,399,Completed
WO00002194,P03,P03_L01,SKU004,2026-04-01 14:00:00,2026-04-01 22:00:00,399,Completed
WO00002195,P03,P03_L01,SKU001,2026-04-01 22:00:00,2026-04-02 06:00:00,351,Completed
WO00002196,P03,P03_L02,SKU008,2026-04-01 06:00:00,2026-04-01 14:00:00,398,Completed
WO00002197,P03,P03_L02,SKU001,2026-04-01 14:00:00,2026-04-01 22:00:00,351,Completed
WO00002198,P03,P03_L02,SKU001,2026-04-01 22:00:00,2026-04-02 06:00:00,351,Completed
WO00002199,P03,P03_L03,SKU003,2026-04-01 06:00:00,2026-04-01 14:00:00,409,Completed
WO00002200,P03,P03_L03,SKU004,2026-04-01 14:00:00,2026-04-01 22:00:00,399,Completed
WO00002201,P03,P03_L03,SKU004,2026-04-01 22:00:00,2026-04-02 06:00:00,399,Completed
WO00002202,P01,P01_L01,SKU006,2026-04-02 06:00:00,2026-04-02 14:00:00,386,Completed
WO00002203,P01,P01_L01,SKU005,2026-04-02 14:00:00,2026-04-02 22:00:00,355,Completed
WO00002204,P01,P01_L01,SKU005,2026-04-02 22:00:00,2026-04-03 06:00:00,355,Completed
WO00002205,P01,P01_L02,SKU002,2026-04-02 06:00:00,2026-04-02 14:00:00,459,Completed
WO00002206,P01,P01_L02,SKU001,2026-04-02 14:00:00,2026-04-02 22:00:00,351,Completed
WO00002207,P01,P01_L02,SKU004,2026-04-02 22:00:00,2026-04-03 06:00:00,399,Completed
WO00002208,P01,P01_L03,SKU008,2026-04-02 06:00:00,2026-04-02 14:00:00,425,Completed
WO00002209,P01,P01_L03,SKU003,2026-04-02 14:00:00,2026-04-02 22:00:00,436,Completed
WO00002210,P01,P01_L03,SKU003,2026-04-02 22:00:00,2026-04-03 06:00:00,436,Completed
WO00002211,P02,P02_L01,SKU003,2026-04-02 06:00:00,2026-04-02 14:00:00,344,Completed
WO00002212,P02,P02_L01,SKU006,2026-04-02 14:00:00,2026-04-02 22:00:00,344,Completed
WO00002213,P02,P02_L01,SKU003,2026-04-02 22:00:00,2026-04-03 06:00:00,344,Completed
WO00002214,P02,P02_L02,SKU004,2026-04-02 06:00:00,2026-04-02 14:00:00,394,Completed
WO00002215,P02,P02_L02,SKU006,2026-04-02 14:00:00,2026-04-02 22:00:00,386,Completed
WO00002216,P02,P02_L02,SKU004,2026-04-02 22:00:00,2026-04-03 06:00:00,394,Completed
WO00002217,P02,P02_L03,SKU003,2026-04-02 06:00:00,2026-04-02 14:00:00,331,Completed
WO00002218,P02,P02_L03,SKU007,2026-04-02 14:00:00,2026-04-02 22:00:00,331,Completed
WO00002219,P02,P02_L03,SKU006,2026-04-02 22:00:00,2026-04-03 06:00:00,331,Completed
WO00002220,P03,P03_L01,SKU001,2026-04-02 06:00:00,2026-04-02 14:00:00,351,Completed
WO00002221,P03,P03_L01,SKU004,2026-04-02 14:00:00,2026-04-02 22:00:00,399,Completed
WO00002222,P03,P03_L01,SKU001,2026-04-02 22:00:00,2026-04-03 06:00:00,351,Completed
WO00002223,P03,P03_L02,SKU006,2026-04-02 06:00:00,2026-04-02 14:00:00,386,Completed
WO00002224,P03,P03_L02,SKU006,2026-04-02 14:00:00,2026-04-02 22:00:00,386,Completed
WO00002225,P03,P03_L02,SKU002,2026-04-02 22:00:00,2026-04-03 06:00:00,398,Completed
WO00002226,P03,P03_L03,SKU006,2026-04-02 06:00:00,2026-04-02 14:00:00,386,Completed
WO00002227,P03,P03_L03,SKU004,2026-04-02 14:00:00,2026-04-02 22:00:00,399,Completed
WO00002228,P03,P03_L03,SKU001,2026-04-02 22:00:00,2026-04-03 06:00:00,351,Completed
WO00002229,P01,P01_L01,SKU004,2026-04-03 06:00:00,2026-04-03 14:00:00,399,Completed
WO00002230,P01,P01_L01,SKU004,2026-04-03 14:00:00,2026-04-03 22:00:00,399,Completed
WO00002231,P01,P01_L01,SKU005,2026-04-03 22:00:00,2026-04-04 06:00:00,355,Completed
WO00002232,P01,P01_L02,SKU004,2026-04-03 06:00:00,2026-04-03 14:00:00,399,Completed
WO00002233,P01,P01_L02,SKU002,2026-04-03 14:00:00,2026-04-03 22:00:00,459,Completed
WO00002234,P01,P01_L02,SKU004,2026-04-03 22:00:00,2026-04-04 06:00:00,399,Completed
WO00002235,P01,P01_L03,SKU003,2026-04-03 06:00:00,2026-04-03 14:00:00,436,Completed
WO00002236,P01,P01_L03,SKU003,2026-04-03 14:00:00,2026-04-03 22:00:00,436,Completed
WO00002237,P01,P01_L03,SKU008,2026-04-03 22:00:00,2026-04-04 06:00:00,425,Completed
WO00002238,P02,P02_L01,SKU002,2026-04-03 06:00:00,2026-04-03 14:00:00,344,Completed
WO00002239,P02,P02_L01,SKU005,2026-04-03 14:00:00,2026-04-03 22:00:00,344,Completed
WO00002240,P02,P02_L01,SKU003,2026-04-03 22:00:00,2026-04-04 06:00:00,344,Completed
WO00002241,P02,P02_L02,SKU004,2026-04-03 06:00:00,2026-04-03 14:00:00,394,Completed
WO00002242,P02,P02_L02,SKU002,2026-04-03 14:00:00,2026-04-03 22:00:00,394,Completed
WO00002243,P02,P02_L02,SKU004,2026-04-03 22:00:00,2026-04-04 06:00:00,394,Completed
WO00002244,P02,P02_L03,SKU004,2026-04-03 06:00:00,2026-04-03 14:00:00,331,Completed
WO00002245,P02,P02_L03,SKU005,2026-04-03 14:00:00,2026-04-03 22:00:00,331,Completed
WO00002246,P02,P02_L03,SKU004,2026-04-03 22:00:00,2026-04-04 06:00:00,331,Completed
WO00002247,P03,P03_L01,SKU001,2026-04-03 06:00:00,2026-04-03 14:00:00,351,Completed
WO00002248,P03,P03_L01,SKU004,2026-04-03 14:00:00,2026-04-03 22:00:00,399,Completed
WO00002249,P03,P03_L01,SKU001,2026-04-03 22:00:00,2026-04-04 06:00:00,351,Completed
WO00002250,P03,P03_L02,SKU006,2026-04-03 06:00:00,2026-04-03 14:00:00,386,Completed
WO00002251,P03,P03_L02,SKU006,2026-04-03 14:00:00,2026-04-03 22:00:00,386,Completed
WO00002252,P03,P03_L02,SKU006,2026-04-03 22:00:00,2026-04-04 06:00:00,386,Completed
WO00002253,P03,P03_L03,SKU002,2026-04-03 06:00:00,2026-04-03 14:00:00,409,Completed
WO00002254,P03,P03_L03,SKU001,2026-04-03 14:00:00,2026-04-03 22:00:00,351,Completed
WO00002255,P03,P03_L03,SKU003,2026-04-03 22:00:00,2026-04-04 06:00:00,409,Completed
WO00002256,P01,P01_L01,SKU005,2026-04-04 06:00:00,2026-04-04 14:00:00,355,Completed
WO00002257,P01,P01_L01,SKU005,2026-04-04 14:00:00,2026-04-04 22:00:00,355,Completed
WO00002258,P01,P01_L01,SKU001,2026-04-04 22:00:00,2026-04-05 06:00:00,351,Completed
WO00002259,P01,P01_L02,SKU004,2026-04-04 06:00:00,2026-04-04 14:00:00,399,Completed
WO00002260,P01,P01_L02,SKU006,2026-04-04 14:00:00,2026-04-04 22:00:00,386,Completed
WO00002261,P01,P01_L02,SKU008,2026-04-04 22:00:00,2026-04-05 06:00:00,425,Completed
WO00002262,P02,P02_L01,SKU003,2026-04-04 06:00:00,2026-04-04 14:00:00,344,Completed
WO00002263,P02,P02_L01,SKU002,2026-04-04 14:00:00,2026-04-04 22:00:00,344,Completed
WO00002264,P02,P02_L02,SKU001,2026-04-04 06:00:00,2026-04-04 14:00:00,351,Completed
WO00002265,P02,P02_L02,SKU002,2026-04-04 14:00:00,2026-04-04 22:00:00,394,Completed
WO00002266,P02,P02_L02,SKU004,2026-04-04 22:00:00,2026-04-05 06:00:00,394,Completed
WO00002267,P02,P02_L03,SKU001,2026-04-04 06:00:00,2026-04-04 14:00:00,331,Completed
WO00002268,P02,P02_L03,SKU007,2026-04-04 14:00:00,2026-04-04 22:00:00,331,Completed
WO00002269,P03,P03_L01,SKU002,2026-04-04 14:00:00,2026-04-04 22:00:00,406,Completed
WO00002270,P03,P03_L02,SKU002,2026-04-04 14:00:00,2026-04-04 22:00:00,398,Completed
WO00002271,P03,P03_L02,SKU002,2026-04-04 22:00:00,2026-04-05 06:00:00,398,Completed
WO00002272,P03,P03_L03,SKU008,2026-04-04 06:00:00,2026-04-04 14:00:00,409,Completed
WO00002273,P03,P03_L03,SKU003,2026-04-04 14:00:00,2026-04-04 22:00:00,409,Completed
WO00002274,P03,P03_L03,SKU001,2026-04-04 22:00:00,2026-04-05 06:00:00,351,Completed
WO00002275,P01,P01_L01,SKU007,2026-04-05 06:00:00,2026-04-05 14:00:00,492,Completed
WO00002276,P01,P01_L01,SKU004,2026-04-05 14:00:00,2026-04-05 22:00:00,399,Completed
WO00002277,P01,P01_L01,SKU001,2026-04-05 22:00:00,2026-04-06 06:00:00,351,Completed
WO00002278,P01,P01_L02,SKU007,2026-04-05 14:00:00,2026-04-05 22:00:00,459,Completed
WO00002279,P01,P01_L03,SKU003,2026-04-05 14:00:00,2026-04-05 22:00:00,436,Completed
WO00002280,P02,P02_L01,SKU003,2026-04-05 14:00:00,2026-04-05 22:00:00,344,Completed
WO00002281,P02,P02_L02,SKU002,2026-04-05 14:00:00,2026-04-05 22:00:00,394,Completed
WO00002282,P02,P02_L03,SKU005,2026-04-05 06:00:00,2026-04-05 14:00:00,331,Completed
WO00002283,P02,P02_L03,SKU007,2026-04-05 14:00:00,2026-04-05 22:00:00,331,Completed
WO00002284,P02,P02_L03,SKU008,2026-04-05 22:00:00,2026-04-06 06:00:00,331,Completed
WO00002285,P03,P03_L01,SKU003,2026-04-05 06:00:00,2026-04-05 14:00:00,406,Completed
WO00002286,P03,P03_L01,SKU006,2026-04-05 14:00:00,2026-04-05 22:00:00,386,Completed
WO00002287,P03,P03_L01,SKU001,2026-04-05 22:00:00,2026-04-06 06:00:00,351,Completed
WO00002288,P03,P03_L02,SKU004,2026-04-05 06:00:00,2026-04-05 14:00:00,398,Completed
WO00002289,P03,P03_L02,SKU006,2026-04-05 14:00:00,2026-04-05 22:00:00,386,Completed
WO00002290,P03,P03_L03,SKU003,2026-04-05 06:00:00,2026-04-05 14:00:00,409,Completed
WO00002291,P03,P03_L03,SKU004,2026-04-05 14:00:00,2026-04-05 22:00:00,399,Completed
WO00002292,P03,P03_L03,SKU006,2026-04-05 22:00:00,2026-04-06 06:00:00,386,Completed
WO00002293,P01,P01_L01,SKU001,2026-04-06 06:00:00,2026-04-06 14:00:00,351,Completed
WO00002294,P01,P01_L01,SKU007,2026-04-06 14:00:00,2026-04-06 22:00:00,492,Completed
WO00002295,P01,P01_L01,SKU004,2026-04-06 22:00:00,2026-04-07 06:00:00,399,Completed
WO00002296,P01,P01_L02,SKU001,2026-04-06 06:00:00,2026-04-06 14:00:00,351,Completed
WO00002297,P01,P01_L02,SKU001,2026-04-06 14:00:00,2026-04-06 22:00:00,351,Completed
WO00002298,P01,P01_L02,SKU001,2026-04-06 22:00:00,2026-04-07 06:00:00,351,Completed
WO00002299,P01,P01_L03,SKU004,2026-04-06 06:00:00,2026-04-06 14:00:00,399,Completed
WO00002300,P01,P01_L03,SKU003,2026-04-06 14:00:00,2026-04-06 22:00:00,436,Completed
WO00002301,P01,P01_L03,SKU008,2026-04-06 22:00:00,2026-04-07 06:00:00,425,Completed
WO00002302,P02,P02_L01,SKU002,2026-04-06 06:00:00,2026-04-06 14:00:00,344,Completed
WO00002303,P02,P02_L01,SKU005,2026-04-06 14:00:00,2026-04-06 22:00:00,344,Completed
WO00002304,P02,P02_L01,SKU003,2026-04-06 22:00:00,2026-04-07 06:00:00,344,Completed
WO00002305,P02,P02_L02,SKU004,2026-04-06 06:00:00,2026-04-06 14:00:00,394,Completed
WO00002306,P02,P02_L02,SKU004,2026-04-06 14:00:00,2026-04-06 22:00:00,394,Completed
WO00002307,P02,P02_L02,SKU002,2026-04-06 22:00:00,2026-04-07 06:00:00,394,Completed
WO00002308,P02,P02_L03,SKU005,2026-04-06 06:00:00,2026-04-06 14:00:00,331,Completed
WO00002309,P02,P02_L03,SKU004,2026-04-06 14:00:00,2026-04-06 22:00:00,331,Completed
WO00002310,P02,P02_L03,SKU007,2026-04-06 22:00:00,2026-04-07 06:00:00,331,Completed
WO00002311,P03,P03_L01,SKU004,2026-04-06 06:00:00,2026-04-06 14:00:00,399,Completed
WO00002312,P03,P03_L01,SKU004,2026-04-06 14:00:00,2026-04-06 22:00:00,399,Completed
WO00002313,P03,P03_L01,SKU005,2026-04-06 22:00:00,2026-04-07 06:00:00,355,Completed
WO00002314,P03,P03_L02,SKU008,2026-04-06 06:00:00,2026-04-06 14:00:00,398,Completed
WO00002315,P03,P03_L02,SKU006,2026-04-06 14:00:00,2026-04-06 22:00:00,386,Completed
WO00002316,P03,P03_L02,SKU006,2026-04-06 22:00:00,2026-04-07 06:00:00,386,Completed
WO00002317,P03,P03_L03,SKU006,2026-04-06 06:00:00,2026-04-06 14:00:00,386,Completed
WO00002318,P03,P03_L03,SKU004,2026-04-06 14:00:00,2026-04-06 22:00:00,399,Completed
WO00002319,P03,P03_L03,SKU004,2026-04-06 22:00:00,2026-04-07 06:00:00,399,Completed
WO00002320,P01,P01_L01,SKU005,2026-04-07 06:00:00,2026-04-07 14:00:00,355,Completed
WO00002321,P01,P01_L01,SKU002,2026-04-07 14:00:00,2026-04-07 22:00:00,492,Completed
WO00002322,P01,P01_L01,SKU001,2026-04-07 22:00:00,2026-04-08 06:00:00,351,Completed
WO00002323,P01,P01_L02,SKU001,2026-04-07 06:00:00,2026-04-07 14:00:00,351,Completed
WO00002324,P01,P01_L02,SKU002,2026-04-07 14:00:00,2026-04-07 22:00:00,459,Completed
WO00002325,P01,P01_L02,SKU008,2026-04-07 22:00:00,2026-04-08 06:00:00,425,Completed
WO00002326,P01,P01_L03,SKU007,2026-04-07 06:00:00,2026-04-07 14:00:00,522,Completed
WO00002327,P01,P01_L03,SKU007,2026-04-07 14:00:00,2026-04-07 22:00:00,522,Completed
WO00002328,P01,P01_L03,SKU003,2026-04-07 22:00:00,2026-04-08 06:00:00,436,Completed
WO00002329,P02,P02_L01,SKU006,2026-04-07 06:00:00,2026-04-07 14:00:00,344,Completed
WO00002330,P02,P02_L01,SKU003,2026-04-07 14:00:00,2026-04-07 22:00:00,344,Completed
WO00002331,P02,P02_L01,SKU001,2026-04-07 22:00:00,2026-04-08 06:00:00,344,Completed
WO00002332,P02,P02_L02,SKU004,2026-04-07 06:00:00,2026-04-07 14:00:00,394,Completed
WO00002333,P02,P02_L02,SKU005,2026-04-07 14:00:00,2026-04-07 22:00:00,355,Completed
WO00002334,P02,P02_L02,SKU001,2026-04-07 22:00:00,2026-04-08 06:00:00,351,Completed
WO00002335,P02,P02_L03,SKU003,2026-04-07 06:00:00,2026-04-07 14:00:00,331,Completed
WO00002336,P02,P02_L03,SKU006,2026-04-07 14:00:00,2026-04-07 22:00:00,331,Completed
WO00002337,P02,P02_L03,SKU007,2026-04-07 22:00:00,2026-04-08 06:00:00,331,Completed
WO00002338,P03,P03_L01,SKU003,2026-04-07 06:00:00,2026-04-07 14:00:00,406,Completed
WO00002339,P03,P03_L01,SKU001,2026-04-07 14:00:00,2026-04-07 22:00:00,351,Completed
WO00002340,P03,P03_L01,SKU003,2026-04-07 22:00:00,2026-04-08 06:00:00,406,Completed
WO00002341,P03,P03_L02,SKU006,2026-04-07 06:00:00,2026-04-07 14:00:00,386,Completed
WO00002342,P03,P03_L02,SKU001,2026-04-07 14:00:00,2026-04-07 22:00:00,351,Completed
WO00002343,P03,P03_L02,SKU008,2026-04-07 22:00:00,2026-04-08 06:00:00,398,Completed
WO00002344,P03,P03_L03,SKU004,2026-04-07 06:00:00,2026-04-07 14:00:00,399,Completed
WO00002345,P03,P03_L03,SKU003,2026-04-07 14:00:00,2026-04-07 22:00:00,409,Completed
WO00002346,P03,P03_L03,SKU004,2026-04-07 22:00:00,2026-04-08 06:00:00,399,Completed
WO00002347,P01,P01_L01,SKU004,2026-04-08 06:00:00,2026-04-08 14:00:00,399,Completed
WO00002348,P01,P01_L01,SKU005,2026-04-08 14:00:00,2026-04-08 22:00:00,355,Completed
WO00002349,P01,P01_L01,SKU007,2026-04-08 22:00:00,2026-04-09 06:00:00,492,Completed
WO00002350,P01,P01_L02,SKU004,2026-04-08 06:00:00,2026-04-08 14:00:00,399,Completed
WO00002351,P01,P01_L02,SKU008,2026-04-08 14:00:00,2026-04-08 22:00:00,425,Completed
WO00002352,P01,P01_L02,SKU004,2026-04-08 22:00:00,2026-04-09 06:00:00,399,Completed
WO00002353,P01,P01_L03,SKU003,2026-04-08 06:00:00,2026-04-08 14:00:00,436,Completed
WO00002354,P01,P01_L03,SKU001,2026-04-08 14:00:00,2026-04-08 22:00:00,351,Completed
WO00002355,P01,P01_L03,SKU003,2026-04-08 22:00:00,2026-04-09 06:00:00,436,Completed
WO00002356,P02,P02_L01,SKU003,2026-04-08 06:00:00,2026-04-08 14:00:00,344,Completed
WO00002357,P02,P02_L01,SKU003,2026-04-08 14:00:00,2026-04-08 22:00:00,344,Completed
WO00002358,P02,P02_L01,SKU003,2026-04-08 22:00:00,2026-04-09 06:00:00,344,Completed
WO00002359,P02,P02_L02,SKU006,2026-04-08 06:00:00,2026-04-08 14:00:00,386,Completed
WO00002360,P02,P02_L02,SKU004,2026-04-08 14:00:00,2026-04-08 22:00:00,394,Completed
WO00002361,P02,P02_L02,SKU002,2026-04-08 22:00:00,2026-04-09 06:00:00,394,Completed
WO00002362,P02,P02_L03,SKU005,2026-04-08 06:00:00,2026-04-08 14:00:00,331,Completed
WO00002363,P02,P02_L03,SKU007,2026-04-08 14:00:00,2026-04-08 22:00:00,331,Completed
WO00002364,P02,P02_L03,SKU004,2026-04-08 22:00:00,2026-04-09 06:00:00,331,Completed
WO00002365,P03,P03_L01,SKU001,2026-04-08 06:00:00,2026-04-08 14:00:00,351,Completed
WO00002366,P03,P03_L01,SKU005,2026-04-08 14:00:00,2026-04-08 22:00:00,355,Completed
WO00002367,P03,P03_L01,SKU004,2026-04-08 22:00:00,2026-04-09 06:00:00,399,Completed
WO00002368,P03,P03_L02,SKU006,2026-04-08 06:00:00,2026-04-08 14:00:00,386,Completed
WO00002369,P03,P03_L02,SKU006,2026-04-08 14:00:00,2026-04-08 22:00:00,386,Completed
WO00002370,P03,P03_L02,SKU002,2026-04-08 22:00:00,2026-04-09 06:00:00,398,Completed
WO00002371,P03,P03_L03,SKU004,2026-04-08 06:00:00,2026-04-08 14:00:00,399,Completed
WO00002372,P03,P03_L03,SKU004,2026-04-08 14:00:00,2026-04-08 22:00:00,399,Completed
WO00002373,P03,P03_L03,SKU004,2026-04-08 22:00:00,2026-04-09 06:00:00,399,Completed
WO00002374,P01,P01_L01,SKU001,2026-04-09 06:00:00,2026-04-09 14:00:00,351,Completed
WO00002375,P01,P01_L01,SKU006,2026-04-09 14:00:00,2026-04-09 22:00:00,386,Completed
WO00002376,P01,P01_L01,SKU007,2026-04-09 22:00:00,2026-04-10 06:00:00,492,Completed
WO00002377,P01,P01_L02,SKU008,2026-04-09 06:00:00,2026-04-09 14:00:00,425,Completed
WO00002378,P01,P01_L02,SKU001,2026-04-09 14:00:00,2026-04-09 22:00:00,351,Completed
WO00002379,P01,P01_L02,SKU002,2026-04-09 22:00:00,2026-04-10 06:00:00,459,Completed
WO00002380,P01,P01_L03,SKU004,2026-04-09 06:00:00,2026-04-09 14:00:00,399,Completed
WO00002381,P01,P01_L03,SKU003,2026-04-09 14:00:00,2026-04-09 22:00:00,436,Completed
WO00002382,P01,P01_L03,SKU004,2026-04-09 22:00:00,2026-04-10 06:00:00,399,Completed
WO00002383,P02,P02_L01,SKU006,2026-04-09 06:00:00,2026-04-09 14:00:00,344,Completed
WO00002384,P02,P02_L01,SKU001,2026-04-09 14:00:00,2026-04-09 22:00:00,344,Completed
WO00002385,P02,P02_L01,SKU006,2026-04-09 22:00:00,2026-04-10 06:00:00,344,Completed
WO00002386,P02,P02_L02,SKU004,2026-04-09 06:00:00,2026-04-09 14:00:00,394,Completed
WO00002387,P02,P02_L02,SKU004,2026-04-09 14:00:00,2026-04-09 22:00:00,394,Completed
WO00002388,P02,P02_L02,SKU002,2026-04-09 22:00:00,2026-04-10 06:00:00,394,Completed
WO00002389,P02,P02_L03,SKU003,2026-04-09 06:00:00,2026-04-09 14:00:00,331,Completed
WO00002390,P02,P02_L03,SKU003,2026-04-09 14:00:00,2026-04-09 22:00:00,331,Completed
WO00002391,P02,P02_L03,SKU007,2026-04-09 22:00:00,2026-04-10 06:00:00,331,Completed
WO00002392,P03,P03_L01,SKU001,2026-04-09 06:00:00,2026-04-09 14:00:00,351,Completed
WO00002393,P03,P03_L01,SKU003,2026-04-09 14:00:00,2026-04-09 22:00:00,406,Completed
WO00002394,P03,P03_L01,SKU001,2026-04-09 22:00:00,2026-04-10 06:00:00,351,Completed
WO00002395,P03,P03_L02,SKU006,2026-04-09 06:00:00,2026-04-09 14:00:00,386,Completed
WO00002396,P03,P03_L02,SKU001,2026-04-09 14:00:00,2026-04-09 22:00:00,351,Completed
WO00002397,P03,P03_L02,SKU005,2026-04-09 22:00:00,2026-04-10 06:00:00,355,Completed
WO00002398,P03,P03_L03,SKU003,2026-04-09 06:00:00,2026-04-09 14:00:00,409,Completed
WO00002399,P03,P03_L03,SKU004,2026-04-09 14:00:00,2026-04-09 22:00:00,399,Completed
WO00002400,P03,P03_L03,SKU004,2026-04-09 22:00:00,2026-04-10 06:00:00,399,Completed
WO00002401,P01,P01_L01,SKU004,2026-04-10 06:00:00,2026-04-10 14:00:00,399,Completed
WO00002402,P01,P01_L01,SKU001,2026-04-10 14:00:00,2026-04-10 22:00:00,351,Completed
WO00002403,P01,P01_L01,SKU005,2026-04-10 22:00:00,2026-04-11 06:00:00,355,Completed
WO00002404,P01,P01_L02,SKU006,2026-04-10 06:00:00,2026-04-10 14:00:00,386,Completed
WO00002405,P01,P01_L02,SKU001,2026-04-10 14:00:00,2026-04-10 22:00:00,351,Completed
WO00002406,P01,P01_L02,SKU004,2026-04-10 22:00:00,2026-04-11 06:00:00,399,Completed
WO00002407,P01,P01_L03,SKU004,2026-04-10 06:00:00,2026-04-10 14:00:00,399,Completed
WO00002408,P01,P01_L03,SKU003,2026-04-10 14:00:00,2026-04-10 22:00:00,436,Completed
WO00002409,P01,P01_L03,SKU005,2026-04-10 22:00:00,2026-04-11 06:00:00,355,Completed
WO00002410,P02,P02_L01,SKU002,2026-04-10 06:00:00,2026-04-10 14:00:00,344,Completed
WO00002411,P02,P02_L01,SKU003,2026-04-10 14:00:00,2026-04-10 22:00:00,344,Completed
WO00002412,P02,P02_L01,SKU003,2026-04-10 22:00:00,2026-04-11 06:00:00,344,Completed
WO00002413,P02,P02_L02,SKU006,2026-04-10 06:00:00,2026-04-10 14:00:00,386,Completed
WO00002414,P02,P02_L02,SKU002,2026-04-10 14:00:00,2026-04-10 22:00:00,394,Completed
WO00002415,P02,P02_L02,SKU004,2026-04-10 22:00:00,2026-04-11 06:00:00,394,Completed
WO00002416,P02,P02_L03,SKU003,2026-04-10 06:00:00,2026-04-10 14:00:00,331,Completed
WO00002417,P02,P02_L03,SKU003,2026-04-10 14:00:00,2026-04-10 22:00:00,331,Completed
WO00002418,P02,P02_L03,SKU003,2026-04-10 22:00:00,2026-04-11 06:00:00,331,Completed
WO00002419,P03,P03_L01,SKU004,2026-04-10 06:00:00,2026-04-10 14:00:00,399,Completed
WO00002420,P03,P03_L01,SKU004,2026-04-10 14:00:00,2026-04-10 22:00:00,399,Completed
WO00002421,P03,P03_L01,SKU001,2026-04-10 22:00:00,2026-04-11 06:00:00,351,Completed
WO00002422,P03,P03_L02,SKU008,2026-04-10 06:00:00,2026-04-10 14:00:00,398,Completed
WO00002423,P03,P03_L02,SKU001,2026-04-10 14:00:00,2026-04-10 22:00:00,351,Completed
WO00002424,P03,P03_L02,SKU001,2026-04-10 22:00:00,2026-04-11 06:00:00,351,Completed
WO00002425,P03,P03_L03,SKU001,2026-04-10 06:00:00,2026-04-10 14:00:00,351,Completed
WO00002426,P03,P03_L03,SKU001,2026-04-10 14:00:00,2026-04-10 22:00:00,351,Completed
WO00002427,P03,P03_L03,SKU004,2026-04-10 22:00:00,2026-04-11 06:00:00,399,Completed
WO00002428,P01,P01_L01,SKU005,2026-04-11 14:00:00,2026-04-11 22:00:00,355,Completed
WO00002429,P01,P01_L02,SKU001,2026-04-11 06:00:00,2026-04-11 14:00:00,351,Completed
WO00002430,P01,P01_L02,SKU001,2026-04-11 14:00:00,2026-04-11 22:00:00,351,Completed
WO00002431,P01,P01_L03,SKU008,2026-04-11 14:00:00,2026-04-11 22:00:00,425,Completed
WO00002432,P01,P01_L03,SKU004,2026-04-11 22:00:00,2026-04-12 06:00:00,399,Completed
WO00002433,P02,P02_L01,SKU006,2026-04-11 06:00:00,2026-04-11 14:00:00,344,Completed
WO00002434,P02,P02_L01,SKU003,2026-04-11 22:00:00,2026-04-12 06:00:00,344,Completed
WO00002435,P02,P02_L02,SKU002,2026-04-11 06:00:00,2026-04-11 14:00:00,394,Completed
WO00002436,P02,P02_L02,SKU002,2026-04-11 14:00:00,2026-04-11 22:00:00,394,Completed
WO00002437,P02,P02_L03,SKU007,2026-04-11 14:00:00,2026-04-11 22:00:00,331,Completed
WO00002438,P02,P02_L03,SKU007,2026-04-11 22:00:00,2026-04-12 06:00:00,331,Completed
WO00002439,P03,P03_L01,SKU003,2026-04-11 22:00:00,2026-04-12 06:00:00,406,Completed
WO00002440,P03,P03_L02,SKU002,2026-04-11 14:00:00,2026-04-11 22:00:00,398,Completed
WO00002441,P03,P03_L02,SKU006,2026-04-11 22:00:00,2026-04-12 06:00:00,386,Completed
WO00002442,P01,P01_L01,SKU005,2026-04-12 06:00:00,2026-04-12 14:00:00,355,Completed
WO00002443,P01,P01_L01,SKU005,2026-04-12 14:00:00,2026-04-12 22:00:00,355,Completed
WO00002444,P01,P01_L01,SKU007,2026-04-12 22:00:00,2026-04-13 06:00:00,492,Completed
WO00002445,P01,P01_L02,SKU002,2026-04-12 06:00:00,2026-04-12 14:00:00,459,Completed
WO00002446,P01,P01_L03,SKU003,2026-04-12 22:00:00,2026-04-13 06:00:00,436,Completed
WO00002447,P02,P02_L01,SKU001,2026-04-12 14:00:00,2026-04-12 22:00:00,344,Completed
WO00002448,P02,P02_L01,SKU001,2026-04-12 22:00:00,2026-04-13 06:00:00,344,Completed
WO00002449,P02,P02_L02,SKU002,2026-04-12 06:00:00,2026-04-12 14:00:00,394,Completed
WO00002450,P02,P02_L02,SKU004,2026-04-12 14:00:00,2026-04-12 22:00:00,394,Completed
WO00002451,P02,P02_L02,SKU002,2026-04-12 22:00:00,2026-04-13 06:00:00,394,Completed
WO00002452,P02,P02_L03,SKU004,2026-04-12 06:00:00,2026-04-12 14:00:00,331,Completed
WO00002453,P02,P02_L03,SKU003,2026-04-12 22:00:00,2026-04-13 06:00:00,331,Completed
WO00002454,P03,P03_L01,SKU006,2026-04-12 14:00:00,2026-04-12 22:00:00,386,Completed
WO00002455,P03,P03_L01,SKU004,2026-04-12 22:00:00,2026-04-13 06:00:00,399,Completed
WO00002456,P03,P03_L02,SKU001,2026-04-12 06:00:00,2026-04-12 14:00:00,351,Completed
WO00002457,P03,P03_L02,SKU002,2026-04-12 14:00:00,2026-04-12 22:00:00,398,Completed
WO00002458,P03,P03_L02,SKU006,2026-04-12 22:00:00,2026-04-13 06:00:00,386,Completed
WO00002459,P03,P03_L03,SKU001,2026-04-12 14:00:00,2026-04-12 22:00:00,351,Completed
WO00002460,P03,P03_L03,SKU001,2026-04-12 22:00:00,2026-04-13 06:00:00,351,Completed
WO00002461,P01,P01_L01,SKU001,2026-04-13 06:00:00,2026-04-13 14:00:00,351,Completed
WO00002462,P01,P01_L01,SKU004,2026-04-13 14:00:00,2026-04-13 22:00:00,399,Completed
WO00002463,P01,P01_L01,SKU005,2026-04-13 22:00:00,2026-04-14 06:00:00,355,Completed
WO00002464,P01,P01_L02,SKU001,2026-04-13 06:00:00,2026-04-13 14:00:00,351,Completed
WO00002465,P01,P01_L02,SKU001,2026-04-13 14:00:00,2026-04-13 22:00:00,351,Completed
WO00002466,P01,P01_L02,SKU006,2026-04-13 22:00:00,2026-04-14 06:00:00,386,Completed
WO00002467,P01,P01_L03,SKU003,2026-04-13 06:00:00,2026-04-13 14:00:00,436,Completed
WO00002468,P01,P01_L03,SKU004,2026-04-13 14:00:00,2026-04-13 22:00:00,399,Completed
WO00002469,P01,P01_L03,SKU004,2026-04-13 22:00:00,2026-04-14 06:00:00,399,Completed
WO00002470,P02,P02_L01,SKU001,2026-04-13 06:00:00,2026-04-13 14:00:00,344,Completed
WO00002471,P02,P02_L01,SKU003,2026-04-13 14:00:00,2026-04-13 22:00:00,344,Completed
WO00002472,P02,P02_L01,SKU005,2026-04-13 22:00:00,2026-04-14 06:00:00,344,Completed
WO00002473,P02,P02_L02,SKU006,2026-04-13 06:00:00,2026-04-13 14:00:00,386,Completed
WO00002474,P02,P02_L02,SKU002,2026-04-13 14:00:00,2026-04-13 22:00:00,394,Completed
WO00002475,P02,P02_L02,SKU008,2026-04-13 22:00:00,2026-04-14 06:00:00,394,Completed
WO00002476,P02,P02_L03,SKU002,2026-04-13 06:00:00,2026-04-13 14:00:00,331,Completed
WO00002477,P02,P02_L03,SKU003,2026-04-13 14:00:00,2026-04-13 22:00:00,331,Completed
WO00002478,P02,P02_L03,SKU005,2026-04-13 22:00:00,2026-04-14 06:00:00,331,Completed
WO00002479,P03,P03_L01,SKU001,2026-04-13 06:00:00,2026-04-13 14:00:00,351,Completed
WO00002480,P03,P03_L01,SKU001,2026-04-13 14:00:00,2026-04-13 22:00:00,351,Completed
WO00002481,P03,P03_L01,SKU001,2026-04-13 22:00:00,2026-04-14 06:00:00,351,Completed
WO00002482,P03,P03_L02,SKU006,2026-04-13 06:00:00,2026-04-13 14:00:00,386,Completed
WO00002483,P03,P03_L02,SKU006,2026-04-13 14:00:00,2026-04-13 22:00:00,386,Completed
WO00002484,P03,P03_L02,SKU001,2026-04-13 22:00:00,2026-04-14 06:00:00,351,Completed
WO00002485,P03,P03_L03,SKU001,2026-04-13 06:00:00,2026-04-13 14:00:00,351,Completed
WO00002486,P03,P03_L03,SKU001,2026-04-13 14:00:00,2026-04-13 22:00:00,351,Completed
WO00002487,P03,P03_L03,SKU004,2026-04-13 22:00:00,2026-04-14 06:00:00,399,Completed
WO00002488,P01,P01_L01,SKU001,2026-04-14 06:00:00,2026-04-14 14:00:00,351,Completed
WO00002489,P01,P01_L01,SKU007,2026-04-14 14:00:00,2026-04-14 22:00:00,492,Completed
WO00002490,P01,P01_L01,SKU001,2026-04-14 22:00:00,2026-04-15 06:00:00,351,Completed
WO00002491,P01,P01_L02,SKU003,2026-04-14 06:00:00,2026-04-14 14:00:00,436,Completed
WO00002492,P01,P01_L02,SKU001,2026-04-14 14:00:00,2026-04-14 22:00:00,351,Completed
WO00002493,P01,P01_L02,SKU008,2026-04-14 22:00:00,2026-04-15 06:00:00,425,Completed
WO00002494,P01,P01_L03,SKU003,2026-04-14 06:00:00,2026-04-14 14:00:00,436,Completed
WO00002495,P01,P01_L03,SKU008,2026-04-14 14:00:00,2026-04-14 22:00:00,425,Completed
WO00002496,P01,P01_L03,SKU003,2026-04-14 22:00:00,2026-04-15 06:00:00,436,Completed
WO00002497,P02,P02_L01,SKU005,2026-04-14 06:00:00,2026-04-14 14:00:00,344,Completed
WO00002498,P02,P02_L01,SKU002,2026-04-14 14:00:00,2026-04-14 22:00:00,344,Completed
WO00002499,P02,P02_L01,SKU006,2026-04-14 22:00:00,2026-04-15 06:00:00,344,Completed
WO00002500,P02,P02_L02,SKU006,2026-04-14 06:00:00,2026-04-14 14:00:00,386,Completed
WO00002501,P02,P02_L02,SKU002,2026-04-14 14:00:00,2026-04-14 22:00:00,394,Completed
WO00002502,P02,P02_L02,SKU002,2026-04-14 22:00:00,2026-04-15 06:00:00,394,Completed
WO00002503,P02,P02_L03,SKU007,2026-04-14 06:00:00,2026-04-14 14:00:00,331,Completed
WO00002504,P02,P02_L03,SKU003,2026-04-14 14:00:00,2026-04-14 22:00:00,331,Completed
WO00002505,P02,P02_L03,SKU004,2026-04-14 22:00:00,2026-04-15 06:00:00,331,Completed
WO00002506,P03,P03_L01,SKU001,2026-04-14 06:00:00,2026-04-14 14:00:00,351,Completed
WO00002507,P03,P03_L01,SKU001,2026-04-14 14:00:00,2026-04-14 22:00:00,351,Completed
WO00002508,P03,P03_L01,SKU003,2026-04-14 22:00:00,2026-04-15 06:00:00,406,Completed
WO00002509,P03,P03_L02,SKU001,2026-04-14 06:00:00,2026-04-14 14:00:00,351,Completed
WO00002510,P03,P03_L02,SKU001,2026-04-14 14:00:00,2026-04-14 22:00:00,351,Completed
WO00002511,P03,P03_L02,SKU006,2026-04-14 22:00:00,2026-04-15 06:00:00,386,Completed
WO00002512,P03,P03_L03,SKU001,2026-04-14 06:00:00,2026-04-14 14:00:00,351,Completed
WO00002513,P03,P03_L03,SKU003,2026-04-14 14:00:00,2026-04-14 22:00:00,409,Completed
WO00002514,P03,P03_L03,SKU003,2026-04-14 22:00:00,2026-04-15 06:00:00,409,Completed
WO00002515,P01,P01_L01,SKU001,2026-04-15 06:00:00,2026-04-15 14:00:00,351,Completed
WO00002516,P01,P01_L01,SKU006,2026-04-15 14:00:00,2026-04-15 22:00:00,386,Completed
WO00002517,P01,P01_L01,SKU005,2026-04-15 22:00:00,2026-04-16 06:00:00,355,Completed
WO00002518,P01,P01_L02,SKU001,2026-04-15 06:00:00,2026-04-15 14:00:00,351,Completed
WO00002519,P01,P01_L02,SKU001,2026-04-15 14:00:00,2026-04-15 22:00:00,351,Completed
WO00002520,P01,P01_L02,SKU001,2026-04-15 22:00:00,2026-04-16 06:00:00,351,Completed
WO00002521,P01,P01_L03,SKU003,2026-04-15 06:00:00,2026-04-15 14:00:00,436,Completed
WO00002522,P01,P01_L03,SKU007,2026-04-15 14:00:00,2026-04-15 22:00:00,522,Completed
WO00002523,P01,P01_L03,SKU003,2026-04-15 22:00:00,2026-04-16 06:00:00,436,Completed
WO00002524,P02,P02_L01,SKU001,2026-04-15 06:00:00,2026-04-15 14:00:00,344,Completed
WO00002525,P02,P02_L01,SKU006,2026-04-15 14:00:00,2026-04-15 22:00:00,344,Completed
WO00002526,P02,P02_L01,SKU003,2026-04-15 22:00:00,2026-04-16 06:00:00,344,Completed
WO00002527,P02,P02_L02,SKU002,2026-04-15 06:00:00,2026-04-15 14:00:00,394,Completed
WO00002528,P02,P02_L02,SKU002,2026-04-15 14:00:00,2026-04-15 22:00:00,394,Completed
WO00002529,P02,P02_L02,SKU002,2026-04-15 22:00:00,2026-04-16 06:00:00,394,Completed
WO00002530,P02,P02_L03,SKU005,2026-04-15 06:00:00,2026-04-15 14:00:00,331,Completed
WO00002531,P02,P02_L03,SKU001,2026-04-15 14:00:00,2026-04-15 22:00:00,331,Completed
WO00002532,P02,P02_L03,SKU007,2026-04-15 22:00:00,2026-04-16 06:00:00,331,Completed
WO00002533,P03,P03_L01,SKU001,2026-04-15 06:00:00,2026-04-15 14:00:00,351,Completed
WO00002534,P03,P03_L01,SKU003,2026-04-15 14:00:00,2026-04-15 22:00:00,406,Completed
WO00002535,P03,P03_L01,SKU003,2026-04-15 22:00:00,2026-04-16 06:00:00,406,Completed
WO00002536,P03,P03_L02,SKU006,2026-04-15 06:00:00,2026-04-15 14:00:00,386,Completed
WO00002537,P03,P03_L02,SKU006,2026-04-15 14:00:00,2026-04-15 22:00:00,386,Completed
WO00002538,P03,P03_L02,SKU004,2026-04-15 22:00:00,2026-04-16 06:00:00,398,Completed
WO00002539,P03,P03_L03,SKU004,2026-04-15 06:00:00,2026-04-15 14:00:00,399,Completed
WO00002540,P03,P03_L03,SKU001,2026-04-15 14:00:00,2026-04-15 22:00:00,351,Completed
WO00002541,P03,P03_L03,SKU003,2026-04-15 22:00:00,2026-04-16 06:00:00,409,Completed
WO00002542,P01,P01_L01,SKU005,2026-04-16 06:00:00,2026-04-16 14:00:00,355,Completed
WO00002543,P01,P01_L01,SKU005,2026-04-16 14:00:00,2026-04-16 22:00:00,355,Completed
WO00002544,P01,P01_L01,SKU007,2026-04-16 22:00:00,2026-04-17 06:00:00,492,Completed
WO00002545,P01,P01_L02,SKU008,2026-04-16 06:00:00,2026-04-16 14:00:00,425,Completed
WO00002546,P01,P01_L02,SKU008,2026-04-16 14:00:00,2026-04-16 22:00:00,425,Completed
WO00002547,P01,P01_L02,SKU008,2026-04-16 22:00:00,2026-04-17 06:00:00,425,Completed
WO00002548,P01,P01_L03,SKU008,2026-04-16 06:00:00,2026-04-16 14:00:00,425,Completed
WO00002549,P01,P01_L03,SKU008,2026-04-16 14:00:00,2026-04-16 22:00:00,425,Completed
WO00002550,P01,P01_L03,SKU008,2026-04-16 22:00:00,2026-04-17 06:00:00,425,Completed
WO00002551,P02,P02_L01,SKU005,2026-04-16 06:00:00,2026-04-16 14:00:00,344,Completed
WO00002552,P02,P02_L01,SKU001,2026-04-16 14:00:00,2026-04-16 22:00:00,344,Completed
WO00002553,P02,P02_L01,SKU003,2026-04-16 22:00:00,2026-04-17 06:00:00,344,Completed
WO00002554,P02,P02_L02,SKU001,2026-04-16 06:00:00,2026-04-16 14:00:00,351,Completed
WO00002555,P02,P02_L02,SKU002,2026-04-16 14:00:00,2026-04-16 22:00:00,394,Completed
WO00002556,P02,P02_L02,SKU004,2026-04-16 22:00:00,2026-04-17 06:00:00,394,Completed
WO00002557,P02,P02_L03,SKU005,2026-04-16 06:00:00,2026-04-16 14:00:00,331,Completed
WO00002558,P02,P02_L03,SKU003,2026-04-16 14:00:00,2026-04-16 22:00:00,331,Completed
WO00002559,P02,P02_L03,SKU007,2026-04-16 22:00:00,2026-04-17 06:00:00,331,Completed
WO00002560,P03,P03_L01,SKU004,2026-04-16 06:00:00,2026-04-16 14:00:00,399,Completed
WO00002561,P03,P03_L01,SKU003,2026-04-16 14:00:00,2026-04-16 22:00:00,406,Completed
WO00002562,P03,P03_L01,SKU005,2026-04-16 22:00:00,2026-04-17 06:00:00,355,Completed
WO00002563,P03,P03_L02,SKU008,2026-04-16 06:00:00,2026-04-16 14:00:00,398,Completed
WO00002564,P03,P03_L02,SKU004,2026-04-16 14:00:00,2026-04-16 22:00:00,398,Completed
WO00002565,P03,P03_L02,SKU006,2026-04-16 22:00:00,2026-04-17 06:00:00,386,Completed
WO00002566,P03,P03_L03,SKU004,2026-04-16 06:00:00,2026-04-16 14:00:00,399,Completed
WO00002567,P03,P03_L03,SKU004,2026-04-16 14:00:00,2026-04-16 22:00:00,399,Completed
WO00002568,P03,P03_L03,SKU008,2026-04-16 22:00:00,2026-04-17 06:00:00,409,Completed
WO00002569,P01,P01_L01,SKU006,2026-04-17 06:00:00,2026-04-17 14:00:00,386,Completed
WO00002570,P01,P01_L01,SKU001,2026-04-17 14:00:00,2026-04-17 22:00:00,351,Completed
WO00002571,P01,P01_L01,SKU005,2026-04-17 22:00:00,2026-04-18 06:00:00,355,Completed
WO00002572,P01,P01_L02,SKU006,2026-04-17 06:00:00,2026-04-17 14:00:00,386,Completed
WO00002573,P01,P01_L02,SKU001,2026-04-17 14:00:00,2026-04-17 22:00:00,351,Completed
WO00002574,P01,P01_L02,SKU004,2026-04-17 22:00:00,2026-04-18 06:00:00,399,Completed
WO00002575,P01,P01_L03,SKU008,2026-04-17 06:00:00,2026-04-17 14:00:00,425,Completed
WO00002576,P01,P01_L03,SKU008,2026-04-17 14:00:00,2026-04-17 22:00:00,425,Completed
WO00002577,P01,P01_L03,SKU004,2026-04-17 22:00:00,2026-04-18 06:00:00,399,Completed
WO00002578,P02,P02_L01,SKU003,2026-04-17 06:00:00,2026-04-17 14:00:00,344,Completed
WO00002579,P02,P02_L01,SKU003,2026-04-17 14:00:00,2026-04-17 22:00:00,344,Completed
WO00002580,P02,P02_L01,SKU001,2026-04-17 22:00:00,2026-04-18 06:00:00,344,Completed
WO00002581,P02,P02_L02,SKU006,2026-04-17 06:00:00,2026-04-17 14:00:00,386,Completed
WO00002582,P02,P02_L02,SKU002,2026-04-17 14:00:00,2026-04-17 22:00:00,394,Completed
WO00002583,P02,P02_L02,SKU005,2026-04-17 22:00:00,2026-04-18 06:00:00,355,Completed
WO00002584,P02,P02_L03,SKU003,2026-04-17 06:00:00,2026-04-17 14:00:00,331,Completed
WO00002585,P02,P02_L03,SKU002,2026-04-17 14:00:00,2026-04-17 22:00:00,331,Completed
WO00002586,P02,P02_L03,SKU007,2026-04-17 22:00:00,2026-04-18 06:00:00,331,Completed
WO00002587,P03,P03_L01,SKU001,2026-04-17 06:00:00,2026-04-17 14:00:00,351,Completed
WO00002588,P03,P03_L01,SKU003,2026-04-17 14:00:00,2026-04-17 22:00:00,406,Completed
WO00002589,P03,P03_L01,SKU001,2026-04-17 22:00:00,2026-04-18 06:00:00,351,Completed
WO00002590,P03,P03_L02,SKU002,2026-04-17 06:00:00,2026-04-17 14:00:00,398,Completed
WO00002591,P03,P03_L02,SKU006,2026-04-17 14:00:00,2026-04-17 22:00:00,386,Completed
WO00002592,P03,P03_L02,SKU001,2026-04-17 22:00:00,2026-04-18 06:00:00,351,Completed
WO00002593,P03,P03_L03,SKU001,2026-04-17 06:00:00,2026-04-17 14:00:00,351,Completed
WO00002594,P03,P03_L03,SKU003,2026-04-17 14:00:00,2026-04-17 22:00:00,409,Completed
WO00002595,P03,P03_L03,SKU003,2026-04-17 22:00:00,2026-04-18 06:00:00,409,Completed
WO00002596,P01,P01_L01,SKU002,2026-04-18 14:00:00,2026-04-18 22:00:00,492,Completed
WO00002597,P01,P01_L01,SKU001,2026-04-18 22:00:00,2026-04-19 06:00:00,351,Completed
WO00002598,P01,P01_L02,SKU001,2026-04-18 14:00:00,2026-04-18 22:00:00,351,Completed
WO00002599,P01,P01_L02,SKU001,2026-04-18 22:00:00,2026-04-19 06:00:00,351,Completed
WO00002600,P01,P01_L03,SKU008,2026-04-18 06:00:00,2026-04-18 14:00:00,425,Completed
WO00002601,P02,P02_L01,SKU003,2026-04-18 14:00:00,2026-04-18 22:00:00,344,Completed
WO00002602,P02,P02_L01,SKU006,2026-04-18 22:00:00,2026-04-19 06:00:00,344,Completed
WO00002603,P02,P02_L02,SKU003,2026-04-18 14:00:00,2026-04-18 22:00:00,394,Completed
WO00002604,P02,P02_L03,SKU007,2026-04-18 06:00:00,2026-04-18 14:00:00,331,Completed
WO00002605,P02,P02_L03,SKU005,2026-04-18 14:00:00,2026-04-18 22:00:00,331,Completed
WO00002606,P02,P02_L03,SKU003,2026-04-18 22:00:00,2026-04-19 06:00:00,331,Completed
WO00002607,P03,P03_L01,SKU001,2026-04-18 06:00:00,2026-04-18 14:00:00,351,Completed
WO00002608,P03,P03_L01,SKU004,2026-04-18 14:00:00,2026-04-18 22:00:00,399,Completed
WO00002609,P03,P03_L01,SKU004,2026-04-18 22:00:00,2026-04-19 06:00:00,399,Completed
WO00002610,P03,P03_L02,SKU008,2026-04-18 06:00:00,2026-04-18 14:00:00,398,Completed
WO00002611,P03,P03_L02,SKU001,2026-04-18 14:00:00,2026-04-18 22:00:00,351,Completed
WO00002612,P03,P03_L03,SKU006,2026-04-18 14:00:00,2026-04-18 22:00:00,386,Completed
WO00002613,P01,P01_L01,SKU004,2026-04-19 22:00:00,2026-04-20 06:00:00,399,Completed
WO00002614,P01,P01_L02,SKU006,2026-04-19 06:00:00,2026-04-19 14:00:00,386,Completed
WO00002615,P01,P01_L02,SKU008,2026-04-19 22:00:00,2026-04-20 06:00:00,425,Completed
WO00002616,P02,P02_L01,SKU005,2026-04-19 06:00:00,2026-04-19 14:00:00,344,Completed
WO00002617,P02,P02_L01,SKU003,2026-04-19 14:00:00,2026-04-19 22:00:00,344,Completed
WO00002618,P02,P02_L01,SKU006,2026-04-19 22:00:00,2026-04-20 06:00:00,344,Completed
WO00002619,P02,P02_L02,SKU004,2026-04-19 06:00:00,2026-04-19 14:00:00,394,Completed
WO00002620,P02,P02_L02,SKU002,2026-04-19 22:00:00,2026-04-20 06:00:00,394,Completed
WO00002621,P02,P02_L03,SKU007,2026-04-19 06:00:00,2026-04-19 14:00:00,331,Completed
WO00002622,P02,P02_L03,SKU007,2026-04-19 14:00:00,2026-04-19 22:00:00,331,Completed
WO00002623,P02,P02_L03,SKU007,2026-04-19 22:00:00,2026-04-20 06:00:00,331,Completed
WO00002624,P03,P03_L01,SKU004,2026-04-19 06:00:00,2026-04-19 14:00:00,399,Completed
WO00002625,P03,P03_L01,SKU001,2026-04-19 14:00:00,2026-04-19 22:00:00,351,Completed
WO00002626,P03,P03_L02,SKU008,2026-04-19 14:00:00,2026-04-19 22:00:00,398,Completed
WO00002627,P03,P03_L02,SKU001,2026-04-19 22:00:00,2026-04-20 06:00:00,351,Completed
WO00002628,P03,P03_L03,SKU006,2026-04-19 06:00:00,2026-04-19 14:00:00,386,Completed
WO00002629,P03,P03_L03,SKU004,2026-04-19 22:00:00,2026-04-20 06:00:00,399,Completed
WO00002630,P01,P01_L01,SKU001,2026-04-20 06:00:00,2026-04-20 14:00:00,351,Completed
WO00002631,P01,P01_L01,SKU005,2026-04-20 14:00:00,2026-04-20 22:00:00,355,Completed
WO00002632,P01,P01_L01,SKU001,2026-04-20 22:00:00,2026-04-21 06:00:00,351,Completed
WO00002633,P01,P01_L02,SKU001,2026-04-20 06:00:00,2026-04-20 14:00:00,351,Completed
WO00002634,P01,P01_L02,SKU001,2026-04-20 14:00:00,2026-04-20 22:00:00,351,Completed
WO00002635,P01,P01_L02,SKU004,2026-04-20 22:00:00,2026-04-21 06:00:00,399,Completed
WO00002636,P01,P01_L03,SKU003,2026-04-20 06:00:00,2026-04-20 14:00:00,436,Completed
WO00002637,P01,P01_L03,SKU008,2026-04-20 14:00:00,2026-04-20 22:00:00,425,Completed
WO00002638,P01,P01_L03,SKU008,2026-04-20 22:00:00,2026-04-21 06:00:00,425,Completed
WO00002639,P02,P02_L01,SKU001,2026-04-20 06:00:00,2026-04-20 14:00:00,344,Completed
WO00002640,P02,P02_L01,SKU004,2026-04-20 14:00:00,2026-04-20 22:00:00,344,Completed
WO00002641,P02,P02_L01,SKU002,2026-04-20 22:00:00,2026-04-21 06:00:00,344,Completed
WO00002642,P02,P02_L02,SKU001,2026-04-20 06:00:00,2026-04-20 14:00:00,351,Completed
WO00002643,P02,P02_L02,SKU002,2026-04-20 14:00:00,2026-04-20 22:00:00,394,Completed
WO00002644,P02,P02_L02,SKU006,2026-04-20 22:00:00,2026-04-21 06:00:00,386,Completed
WO00002645,P02,P02_L03,SKU007,2026-04-20 06:00:00,2026-04-20 14:00:00,331,Completed
WO00002646,P02,P02_L03,SKU003,2026-04-20 14:00:00,2026-04-20 22:00:00,331,Completed
WO00002647,P02,P02_L03,SKU007,2026-04-20 22:00:00,2026-04-21 06:00:00,331,Completed
WO00002648,P03,P03_L01,SKU001,2026-04-20 06:00:00,2026-04-20 14:00:00,351,Completed
WO00002649,P03,P03_L01,SKU001,2026-04-20 14:00:00,2026-04-20 22:00:00,351,Completed
WO00002650,P03,P03_L01,SKU003,2026-04-20 22:00:00,2026-04-21 06:00:00,406,Completed
WO00002651,P03,P03_L02,SKU008,2026-04-20 06:00:00,2026-04-20 14:00:00,398,Completed
WO00002652,P03,P03_L02,SKU006,2026-04-20 14:00:00,2026-04-20 22:00:00,386,Completed
WO00002653,P03,P03_L02,SKU008,2026-04-20 22:00:00,2026-04-21 06:00:00,398,Completed
WO00002654,P03,P03_L03,SKU001,2026-04-20 06:00:00,2026-04-20 14:00:00,351,Completed
WO00002655,P03,P03_L03,SKU004,2026-04-20 14:00:00,2026-04-20 22:00:00,399,Completed
WO00002656,P03,P03_L03,SKU001,2026-04-20 22:00:00,2026-04-21 06:00:00,351,Completed
WO00002657,P01,P01_L01,SKU001,2026-04-21 06:00:00,2026-04-21 14:00:00,351,Completed
WO00002658,P01,P01_L01,SKU002,2026-04-21 14:00:00,2026-04-21 22:00:00,492,Completed
WO00002659,P01,P01_L01,SKU007,2026-04-21 22:00:00,2026-04-22 06:00:00,492,Completed
WO00002660,P01,P01_L02,SKU004,2026-04-21 06:00:00,2026-04-21 14:00:00,399,Completed
WO00002661,P01,P01_L02,SKU004,2026-04-21 14:00:00,2026-04-21 22:00:00,399,Completed
WO00002662,P01,P01_L02,SKU001,2026-04-21 22:00:00,2026-04-22 06:00:00,351,Completed
WO00002663,P01,P01_L03,SKU004,2026-04-21 06:00:00,2026-04-21 14:00:00,399,Completed
WO00002664,P01,P01_L03,SKU003,2026-04-21 14:00:00,2026-04-21 22:00:00,436,Completed
WO00002665,P01,P01_L03,SKU004,2026-04-21 22:00:00,2026-04-22 06:00:00,399,Completed
WO00002666,P02,P02_L01,SKU003,2026-04-21 06:00:00,2026-04-21 14:00:00,344,Completed
WO00002667,P02,P02_L01,SKU001,2026-04-21 14:00:00,2026-04-21 22:00:00,344,Completed
WO00002668,P02,P02_L01,SKU006,2026-04-21 22:00:00,2026-04-22 06:00:00,344,Completed
WO00002669,P02,P02_L02,SKU002,2026-04-21 06:00:00,2026-04-21 14:00:00,394,Completed
WO00002670,P02,P02_L02,SKU002,2026-04-21 14:00:00,2026-04-21 22:00:00,394,Completed
WO00002671,P02,P02_L02,SKU002,2026-04-21 22:00:00,2026-04-22 06:00:00,394,Completed
WO00002672,P02,P02_L03,SKU007,2026-04-21 06:00:00,2026-04-21 14:00:00,331,Completed
WO00002673,P02,P02_L03,SKU001,2026-04-21 14:00:00,2026-04-21 22:00:00,331,Completed
WO00002674,P02,P02_L03,SKU005,2026-04-21 22:00:00,2026-04-22 06:00:00,331,Completed
WO00002675,P03,P03_L01,SKU001,2026-04-21 06:00:00,2026-04-21 14:00:00,351,Completed
WO00002676,P03,P03_L01,SKU001,2026-04-21 14:00:00,2026-04-21 22:00:00,351,Completed
WO00002677,P03,P03_L01,SKU001,2026-04-21 22:00:00,2026-04-22 06:00:00,351,Completed
WO00002678,P03,P03_L02,SKU006,2026-04-21 06:00:00,2026-04-21 14:00:00,386,Completed
WO00002679,P03,P03_L02,SKU008,2026-04-21 14:00:00,2026-04-21 22:00:00,398,Completed
WO00002680,P03,P03_L02,SKU006,2026-04-21 22:00:00,2026-04-22 06:00:00,386,Completed
WO00002681,P03,P03_L03,SKU007,2026-04-21 06:00:00,2026-04-21 14:00:00,409,Completed
WO00002682,P03,P03_L03,SKU004,2026-04-21 14:00:00,2026-04-21 22:00:00,399,Completed
WO00002683,P03,P03_L03,SKU003,2026-04-21 22:00:00,2026-04-22 06:00:00,409,Completed
WO00002684,P01,P01_L01,SKU001,2026-04-22 06:00:00,2026-04-22 14:00:00,351,Completed
WO00002685,P01,P01_L01,SKU007,2026-04-22 14:00:00,2026-04-22 22:00:00,492,Completed
WO00002686,P01,P01_L01,SKU001,2026-04-22 22:00:00,2026-04-23 06:00:00,351,Completed
WO00002687,P01,P01_L02,SKU001,2026-04-22 06:00:00,2026-04-22 14:00:00,351,Completed
WO00002688,P01,P01_L02,SKU004,2026-04-22 14:00:00,2026-04-22 22:00:00,399,Completed
WO00002689,P01,P01_L02,SKU001,2026-04-22 22:00:00,2026-04-23 06:00:00,351,Completed
WO00002690,P01,P01_L03,SKU003,2026-04-22 06:00:00,2026-04-22 14:00:00,436,Completed
WO00002691,P01,P01_L03,SKU003,2026-04-22 14:00:00,2026-04-22 22:00:00,436,Completed
WO00002692,P01,P01_L03,SKU003,2026-04-22 22:00:00,2026-04-23 06:00:00,436,Completed
WO00002693,P02,P02_L01,SKU003,2026-04-22 06:00:00,2026-04-22 14:00:00,344,Completed
WO00002694,P02,P02_L01,SKU006,2026-04-22 14:00:00,2026-04-22 22:00:00,344,Completed
WO00002695,P02,P02_L01,SKU005,2026-04-22 22:00:00,2026-04-23 06:00:00,344,Completed
WO00002696,P02,P02_L02,SKU004,2026-04-22 06:00:00,2026-04-22 14:00:00,394,Completed
WO00002697,P02,P02_L02,SKU004,2026-04-22 14:00:00,2026-04-22 22:00:00,394,Completed
WO00002698,P02,P02_L02,SKU004,2026-04-22 22:00:00,2026-04-23 06:00:00,394,Completed
WO00002699,P02,P02_L03,SKU007,2026-04-22 06:00:00,2026-04-22 14:00:00,331,Completed
WO00002700,P02,P02_L03,SKU002,2026-04-22 14:00:00,2026-04-22 22:00:00,331,Completed
WO00002701,P02,P02_L03,SKU001,2026-04-22 22:00:00,2026-04-23 06:00:00,331,Completed
WO00002702,P03,P03_L01,SKU001,2026-04-22 06:00:00,2026-04-22 14:00:00,351,Completed
WO00002703,P03,P03_L01,SKU001,2026-04-22 14:00:00,2026-04-22 22:00:00,351,Completed
WO00002704,P03,P03_L01,SKU003,2026-04-22 22:00:00,2026-04-23 06:00:00,406,Completed
WO00002705,P03,P03_L02,SKU008,2026-04-22 06:00:00,2026-04-22 14:00:00,398,Completed
WO00002706,P03,P03_L02,SKU001,2026-04-22 14:00:00,2026-04-22 22:00:00,351,Completed
WO00002707,P03,P03_L02,SKU006,2026-04-22 22:00:00,2026-04-23 06:00:00,386,Completed
WO00002708,P03,P03_L03,SKU003,2026-04-22 06:00:00,2026-04-22 14:00:00,409,Completed
WO00002709,P03,P03_L03,SKU001,2026-04-22 14:00:00,2026-04-22 22:00:00,351,Completed
WO00002710,P03,P03_L03,SKU004,2026-04-22 22:00:00,2026-04-23 06:00:00,399,Completed
WO00002711,P01,P01_L01,SKU007,2026-04-23 06:00:00,2026-04-23 14:00:00,492,Completed
WO00002712,P01,P01_L01,SKU002,2026-04-23 14:00:00,2026-04-23 22:00:00,492,Completed
WO00002713,P01,P01_L01,SKU006,2026-04-23 22:00:00,2026-04-24 06:00:00,386,Completed
WO00002714,P01,P01_L02,SKU004,2026-04-23 06:00:00,2026-04-23 14:00:00,399,Completed
WO00002715,P01,P01_L02,SKU001,2026-04-23 14:00:00,2026-04-23 22:00:00,351,Completed
WO00002716,P01,P01_L02,SKU002,2026-04-23 22:00:00,2026-04-24 06:00:00,459,Completed
WO00002717,P01,P01_L03,SKU003,2026-04-23 06:00:00,2026-04-23 14:00:00,436,Completed
WO00002718,P01,P01_L03,SKU002,2026-04-23 14:00:00,2026-04-23 22:00:00,507,Completed
WO00002719,P01,P01_L03,SKU004,2026-04-23 22:00:00,2026-04-24 06:00:00,399,Completed
WO00002720,P02,P02_L01,SKU002,2026-04-23 06:00:00,2026-04-23 14:00:00,344,Completed
WO00002721,P02,P02_L01,SKU001,2026-04-23 14:00:00,2026-04-23 22:00:00,344,Completed
WO00002722,P02,P02_L01,SKU005,2026-04-23 22:00:00,2026-04-24 06:00:00,344,Completed
WO00002723,P02,P02_L02,SKU007,2026-04-23 06:00:00,2026-04-23 14:00:00,394,Completed
WO00002724,P02,P02_L02,SKU004,2026-04-23 14:00:00,2026-04-23 22:00:00,394,Completed
WO00002725,P02,P02_L02,SKU004,2026-04-23 22:00:00,2026-04-24 06:00:00,394,Completed
WO00002726,P02,P02_L03,SKU007,2026-04-23 06:00:00,2026-04-23 14:00:00,331,Completed
WO00002727,P02,P02_L03,SKU003,2026-04-23 14:00:00,2026-04-23 22:00:00,331,Completed
WO00002728,P02,P02_L03,SKU003,2026-04-23 22:00:00,2026-04-24 06:00:00,331,Completed
WO00002729,P03,P03_L01,SKU003,2026-04-23 06:00:00,2026-04-23 14:00:00,406,Completed
WO00002730,P03,P03_L01,SKU001,2026-04-23 14:00:00,2026-04-23 22:00:00,351,Completed
WO00002731,P03,P03_L01,SKU004,2026-04-23 22:00:00,2026-04-24 06:00:00,399,Completed
WO00002732,P03,P03_L02,SKU002,2026-04-23 06:00:00,2026-04-23 14:00:00,398,Completed
WO00002733,P03,P03_L02,SKU002,2026-04-23 14:00:00,2026-04-23 22:00:00,398,Completed
WO00002734,P03,P03_L02,SKU001,2026-04-23 22:00:00,2026-04-24 06:00:00,351,Completed
WO00002735,P03,P03_L03,SKU006,2026-04-23 06:00:00,2026-04-23 14:00:00,386,Completed
WO00002736,P03,P03_L03,SKU003,2026-04-23 14:00:00,2026-04-23 22:00:00,409,Completed
WO00002737,P03,P03_L03,SKU004,2026-04-23 22:00:00,2026-04-24 06:00:00,399,Completed
WO00002738,P01,P01_L01,SKU001,2026-04-24 06:00:00,2026-04-24 14:00:00,351,Completed
WO00002739,P01,P01_L01,SKU004,2026-04-24 14:00:00,2026-04-24 22:00:00,399,Completed
WO00002740,P01,P01_L01,SKU007,2026-04-24 22:00:00,2026-04-25 06:00:00,492,Completed
WO00002741,P01,P01_L02,SKU001,2026-04-24 06:00:00,2026-04-24 14:00:00,351,Completed
WO00002742,P01,P01_L02,SKU002,2026-04-24 14:00:00,2026-04-24 22:00:00,459,Completed
WO00002743,P01,P01_L02,SKU001,2026-04-24 22:00:00,2026-04-25 06:00:00,351,Completed
WO00002744,P01,P01_L03,SKU003,2026-04-24 06:00:00,2026-04-24 14:00:00,436,Completed
WO00002745,P01,P01_L03,SKU003,2026-04-24 14:00:00,2026-04-24 22:00:00,436,Completed
WO00002746,P01,P01_L03,SKU008,2026-04-24 22:00:00,2026-04-25 06:00:00,425,Completed
WO00002747,P02,P02_L01,SKU002,2026-04-24 06:00:00,2026-04-24 14:00:00,344,Completed
WO00002748,P02,P02_L01,SKU003,2026-04-24 14:00:00,2026-04-24 22:00:00,344,Completed
WO00002749,P02,P02_L01,SKU006,2026-04-24 22:00:00,2026-04-25 06:00:00,344,Completed
WO00002750,P02,P02_L02,SKU004,2026-04-24 06:00:00,2026-04-24 14:00:00,394,Completed
WO00002751,P02,P02_L02,SKU004,2026-04-24 14:00:00,2026-04-24 22:00:00,394,Completed
WO00002752,P02,P02_L02,SKU002,2026-04-24 22:00:00,2026-04-25 06:00:00,394,Completed
WO00002753,P02,P02_L03,SKU006,2026-04-24 06:00:00,2026-04-24 14:00:00,331,Completed
WO00002754,P02,P02_L03,SKU001,2026-04-24 14:00:00,2026-04-24 22:00:00,331,Completed
WO00002755,P02,P02_L03,SKU003,2026-04-24 22:00:00,2026-04-25 06:00:00,331,Completed
WO00002756,P03,P03_L01,SKU003,2026-04-24 06:00:00,2026-04-24 14:00:00,406,Completed
WO00002757,P03,P03_L01,SKU004,2026-04-24 14:00:00,2026-04-24 22:00:00,399,Completed
WO00002758,P03,P03_L01,SKU001,2026-04-24 22:00:00,2026-04-25 06:00:00,351,Completed
WO00002759,P03,P03_L02,SKU006,2026-04-24 06:00:00,2026-04-24 14:00:00,386,Completed
WO00002760,P03,P03_L02,SKU001,2026-04-24 14:00:00,2026-04-24 22:00:00,351,Completed
WO00002761,P03,P03_L02,SKU006,2026-04-24 22:00:00,2026-04-25 06:00:00,386,Completed
WO00002762,P03,P03_L03,SKU004,2026-04-24 06:00:00,2026-04-24 14:00:00,399,Completed
WO00002763,P03,P03_L03,SKU001,2026-04-24 14:00:00,2026-04-24 22:00:00,351,Completed
WO00002764,P03,P03_L03,SKU004,2026-04-24 22:00:00,2026-04-25 06:00:00,399,Completed
WO00002765,P01,P01_L01,SKU001,2026-04-25 14:00:00,2026-04-25 22:00:00,351,Completed
WO00002766,P01,P01_L02,SKU006,2026-04-25 06:00:00,2026-04-25 14:00:00,386,Completed
WO00002767,P01,P01_L02,SKU001,2026-04-25 22:00:00,2026-04-26 06:00:00,351,Completed
WO00002768,P01,P01_L03,SKU003,2026-04-25 22:00:00,2026-04-26 06:00:00,436,Completed
WO00002769,P02,P02_L01,SKU003,2026-04-25 14:00:00,2026-04-25 22:00:00,344,Completed
WO00002770,P02,P02_L02,SKU001,2026-04-25 14:00:00,2026-04-25 22:00:00,351,Completed
WO00002771,P02,P02_L02,SKU004,2026-04-25 22:00:00,2026-04-26 06:00:00,394,Completed
WO00002772,P02,P02_L03,SKU002,2026-04-25 06:00:00,2026-04-25 14:00:00,331,Completed
WO00002773,P02,P02_L03,SKU002,2026-04-25 14:00:00,2026-04-25 22:00:00,331,Completed
WO00002774,P02,P02_L03,SKU007,2026-04-25 22:00:00,2026-04-26 06:00:00,331,Completed
WO00002775,P03,P03_L01,SKU001,2026-04-25 06:00:00,2026-04-25 14:00:00,351,Completed
WO00002776,P03,P03_L01,SKU007,2026-04-25 22:00:00,2026-04-26 06:00:00,406,Completed
WO00002777,P03,P03_L02,SKU004,2026-04-25 06:00:00,2026-04-25 14:00:00,398,Completed
WO00002778,P03,P03_L02,SKU001,2026-04-25 14:00:00,2026-04-25 22:00:00,351,Completed
WO00002779,P03,P03_L03,SKU006,2026-04-25 06:00:00,2026-04-25 14:00:00,386,Completed
WO00002780,P03,P03_L03,SKU007,2026-04-25 22:00:00,2026-04-26 06:00:00,409,Completed
WO00002781,P01,P01_L01,SKU004,2026-04-26 14:00:00,2026-04-26 22:00:00,399,Completed
WO00002782,P01,P01_L01,SKU001,2026-04-26 22:00:00,2026-04-27 06:00:00,351,Completed
WO00002783,P01,P01_L02,SKU004,2026-04-26 06:00:00,2026-04-26 14:00:00,399,Completed
WO00002784,P01,P01_L02,SKU002,2026-04-26 14:00:00,2026-04-26 22:00:00,459,Completed
WO00002785,P01,P01_L03,SKU003,2026-04-26 14:00:00,2026-04-26 22:00:00,436,Completed
WO00002786,P02,P02_L01,SKU001,2026-04-26 14:00:00,2026-04-26 22:00:00,344,Completed
WO00002787,P02,P02_L01,SKU004,2026-04-26 22:00:00,2026-04-27 06:00:00,344,Completed
WO00002788,P02,P02_L02,SKU004,2026-04-26 06:00:00,2026-04-26 14:00:00,394,Completed
WO00002789,P02,P02_L02,SKU006,2026-04-26 22:00:00,2026-04-27 06:00:00,386,Completed
WO00002790,P02,P02_L03,SKU003,2026-04-26 14:00:00,2026-04-26 22:00:00,331,Completed
WO00002791,P03,P03_L01,SKU005,2026-04-26 14:00:00,2026-04-26 22:00:00,355,Completed
WO00002792,P03,P03_L01,SKU001,2026-04-26 22:00:00,2026-04-27 06:00:00,351,Completed
WO00002793,P03,P03_L02,SKU001,2026-04-26 06:00:00,2026-04-26 14:00:00,351,Completed
WO00002794,P03,P03_L02,SKU002,2026-04-26 14:00:00,2026-04-26 22:00:00,398,Completed
WO00002795,P03,P03_L02,SKU006,2026-04-26 22:00:00,2026-04-27 06:00:00,386,Completed
WO00002796,P03,P03_L03,SKU004,2026-04-26 06:00:00,2026-04-26 14:00:00,399,Completed
WO00002797,P03,P03_L03,SKU004,2026-04-26 14:00:00,2026-04-26 22:00:00,399,Completed
WO00002798,P01,P01_L01,SKU004,2026-04-27 06:00:00,2026-04-27 14:00:00,399,Completed
WO00002799,P01,P01_L01,SKU006,2026-04-27 14:00:00,2026-04-27 22:00:00,386,Completed
WO00002800,P01,P01_L01,SKU007,2026-04-27 22:00:00,2026-04-28 06:00:00,492,Completed
WO00002801,P01,P01_L02,SKU004,2026-04-27 06:00:00,2026-04-27 14:00:00,399,Completed
WO00002802,P01,P01_L02,SKU006,2026-04-27 14:00:00,2026-04-27 22:00:00,386,Completed
WO00002803,P01,P01_L02,SKU008,2026-04-27 22:00:00,2026-04-28 06:00:00,425,Completed
WO00002804,P01,P01_L03,SKU003,2026-04-27 06:00:00,2026-04-27 14:00:00,436,Completed
WO00002805,P01,P01_L03,SKU003,2026-04-27 14:00:00,2026-04-27 22:00:00,436,Completed
WO00002806,P01,P01_L03,SKU008,2026-04-27 22:00:00,2026-04-28 06:00:00,425,Completed
WO00002807,P02,P02_L01,SKU006,2026-04-27 06:00:00,2026-04-27 14:00:00,344,Completed
WO00002808,P02,P02_L01,SKU001,2026-04-27 14:00:00,2026-04-27 22:00:00,344,Completed
WO00002809,P02,P02_L01,SKU004,2026-04-27 22:00:00,2026-04-28 06:00:00,344,Completed
WO00002810,P02,P02_L02,SKU002,2026-04-27 06:00:00,2026-04-27 14:00:00,394,Completed
WO00002811,P02,P02_L02,SKU001,2026-04-27 14:00:00,2026-04-27 22:00:00,351,Completed
WO00002812,P02,P02_L02,SKU006,2026-04-27 22:00:00,2026-04-28 06:00:00,386,Completed
WO00002813,P02,P02_L03,SKU007,2026-04-27 06:00:00,2026-04-27 14:00:00,331,Completed
WO00002814,P02,P02_L03,SKU003,2026-04-27 14:00:00,2026-04-27 22:00:00,331,Completed
WO00002815,P02,P02_L03,SKU003,2026-04-27 22:00:00,2026-04-28 06:00:00,331,Completed
WO00002816,P03,P03_L01,SKU004,2026-04-27 06:00:00,2026-04-27 14:00:00,399,Completed
WO00002817,P03,P03_L01,SKU003,2026-04-27 14:00:00,2026-04-27 22:00:00,406,Completed
WO00002818,P03,P03_L01,SKU001,2026-04-27 22:00:00,2026-04-28 06:00:00,351,Completed
WO00002819,P03,P03_L02,SKU008,2026-04-27 06:00:00,2026-04-27 14:00:00,398,Completed
WO00002820,P03,P03_L02,SKU006,2026-04-27 14:00:00,2026-04-27 22:00:00,386,Completed
WO00002821,P03,P03_L02,SKU006,2026-04-27 22:00:00,2026-04-28 06:00:00,386,Completed
WO00002822,P03,P03_L03,SKU003,2026-04-27 06:00:00,2026-04-27 14:00:00,409,Completed
WO00002823,P03,P03_L03,SKU004,2026-04-27 14:00:00,2026-04-27 22:00:00,399,Completed
WO00002824,P03,P03_L03,SKU001,2026-04-27 22:00:00,2026-04-28 06:00:00,351,Completed
WO00002825,P01,P01_L01,SKU005,2026-04-28 06:00:00,2026-04-28 14:00:00,355,Completed
WO00002826,P01,P01_L01,SKU007,2026-04-28 14:00:00,2026-04-28 22:00:00,492,Completed
WO00002827,P01,P01_L01,SKU001,2026-04-28 22:00:00,2026-04-29 06:00:00,351,Completed
WO00002828,P01,P01_L02,SKU002,2026-04-28 06:00:00,2026-04-28 14:00:00,459,Completed
WO00002829,P01,P01_L02,SKU001,2026-04-28 14:00:00,2026-04-28 22:00:00,351,Completed
WO00002830,P01,P01_L02,SKU003,2026-04-28 22:00:00,2026-04-29 06:00:00,436,Completed
WO00002831,P01,P01_L03,SKU008,2026-04-28 06:00:00,2026-04-28 14:00:00,425,Completed
WO00002832,P01,P01_L03,SKU002,2026-04-28 14:00:00,2026-04-28 22:00:00,507,Completed
WO00002833,P01,P01_L03,SKU003,2026-04-28 22:00:00,2026-04-29 06:00:00,436,Completed
WO00002834,P02,P02_L01,SKU001,2026-04-28 06:00:00,2026-04-28 14:00:00,344,Completed
WO00002835,P02,P02_L01,SKU003,2026-04-28 14:00:00,2026-04-28 22:00:00,344,Completed
WO00002836,P02,P02_L01,SKU006,2026-04-28 22:00:00,2026-04-29 06:00:00,344,Completed
WO00002837,P02,P02_L02,SKU004,2026-04-28 06:00:00,2026-04-28 14:00:00,394,Completed
WO00002838,P02,P02_L02,SKU004,2026-04-28 14:00:00,2026-04-28 22:00:00,394,Completed
WO00002839,P02,P02_L02,SKU002,2026-04-28 22:00:00,2026-04-29 06:00:00,394,Completed
WO00002840,P02,P02_L03,SKU001,2026-04-28 06:00:00,2026-04-28 14:00:00,331,Completed
WO00002841,P02,P02_L03,SKU003,2026-04-28 14:00:00,2026-04-28 22:00:00,331,Completed
WO00002842,P02,P02_L03,SKU008,2026-04-28 22:00:00,2026-04-29 06:00:00,331,Completed
WO00002843,P03,P03_L01,SKU001,2026-04-28 06:00:00,2026-04-28 14:00:00,351,Completed
WO00002844,P03,P03_L01,SKU006,2026-04-28 14:00:00,2026-04-28 22:00:00,386,Completed
WO00002845,P03,P03_L01,SKU001,2026-04-28 22:00:00,2026-04-29 06:00:00,351,Completed
WO00002846,P03,P03_L02,SKU001,2026-04-28 06:00:00,2026-04-28 14:00:00,351,Completed
WO00002847,P03,P03_L02,SKU008,2026-04-28 14:00:00,2026-04-28 22:00:00,398,Completed
WO00002848,P03,P03_L02,SKU002,2026-04-28 22:00:00,2026-04-29 06:00:00,398,Completed
WO00002849,P03,P03_L03,SKU003,2026-04-28 06:00:00,2026-04-28 14:00:00,409,Completed
WO00002850,P03,P03_L03,SKU004,2026-04-28 14:00:00,2026-04-28 22:00:00,399,Completed
WO00002851,P03,P03_L03,SKU004,2026-04-28 22:00:00,2026-04-29 06:00:00,399,Completed
WO00002852,P01,P01_L01,SKU007,2026-04-29 06:00:00,2026-04-29 14:00:00,492,Completed
WO00002853,P01,P01_L01,SKU007,2026-04-29 14:00:00,2026-04-29 22:00:00,492,Completed
WO00002854,P01,P01_L01,SKU004,2026-04-29 22:00:00,2026-04-30 06:00:00,399,Completed
WO00002855,P01,P01_L02,SKU004,2026-04-29 06:00:00,2026-04-29 14:00:00,399,Completed
WO00002856,P01,P01_L02,SKU001,2026-04-29 14:00:00,2026-04-29 22:00:00,351,Completed
WO00002857,P01,P01_L02,SKU001,2026-04-29 22:00:00,2026-04-30 06:00:00,351,Completed
WO00002858,P01,P01_L03,SKU008,2026-04-29 06:00:00,2026-04-29 14:00:00,425,Completed
WO00002859,P01,P01_L03,SKU003,2026-04-29 14:00:00,2026-04-29 22:00:00,436,Completed
WO00002860,P01,P01_L03,SKU003,2026-04-29 22:00:00,2026-04-30 06:00:00,436,Completed
WO00002861,P02,P02_L01,SKU002,2026-04-29 06:00:00,2026-04-29 14:00:00,344,Completed
WO00002862,P02,P02_L01,SKU003,2026-04-29 14:00:00,2026-04-29 22:00:00,344,Completed
WO00002863,P02,P02_L01,SKU003,2026-04-29 22:00:00,2026-04-30 06:00:00,344,Completed
WO00002864,P02,P02_L02,SKU004,2026-04-29 06:00:00,2026-04-29 14:00:00,394,Completed
WO00002865,P02,P02_L02,SKU002,2026-04-29 14:00:00,2026-04-29 22:00:00,394,Completed
WO00002866,P02,P02_L02,SKU004,2026-04-29 22:00:00,2026-04-30 06:00:00,394,Completed
WO00002867,P02,P02_L03,SKU007,2026-04-29 06:00:00,2026-04-29 14:00:00,331,Completed
WO00002868,P02,P02_L03,SKU007,2026-04-29 14:00:00,2026-04-29 22:00:00,331,Completed
WO00002869,P02,P02_L03,SKU003,2026-04-29 22:00:00,2026-04-30 06:00:00,331,Completed
WO00002870,P03,P03_L01,SKU001,2026-04-29 06:00:00,2026-04-29 14:00:00,351,Completed
WO00002871,P03,P03_L01,SKU001,2026-04-29 14:00:00,2026-04-29 22:00:00,351,Completed
WO00002872,P03,P03_L01,SKU004,2026-04-29 22:00:00,2026-04-30 06:00:00,399,Completed
WO00002873,P03,P03_L02,SKU002,2026-04-29 06:00:00,2026-04-29 14:00:00,398,Completed
WO00002874,P03,P03_L02,SKU001,2026-04-29 14:00:00,2026-04-29 22:00:00,351,Completed
WO00002875,P03,P03_L02,SKU008,2026-04-29 22:00:00,2026-04-30 06:00:00,398,Completed
WO00002876,P03,P03_L03,SKU006,2026-04-29 06:00:00,2026-04-29 14:00:00,386,Completed
WO00002877,P03,P03_L03,SKU001,2026-04-29 14:00:00,2026-04-29 22:00:00,351,Completed
WO00002878,P03,P03_L03,SKU006,2026-04-29 22:00:00,2026-04-30 06:00:00,386,Completed
WO00002879,P01,P01_L01,SKU001,2026-04-30 06:00:00,2026-04-30 14:00:00,351,Completed
WO00002880,P01,P01_L01,SKU007,2026-04-30 14:00:00,2026-04-30 22:00:00,492,Completed
WO00002881,P01,P01_L01,SKU007,2026-04-30 22:00:00,2026-05-01 06:00:00,492,Completed
WO00002882,P01,P01_L02,SKU001,2026-04-30 06:00:00,2026-04-30 14:00:00,351,Completed
WO00002883,P01,P01_L02,SKU001,2026-04-30 14:00:00,2026-04-30 22:00:00,351,Completed
WO00002884,P01,P01_L02,SKU001,2026-04-30 22:00:00,2026-05-01 06:00:00,351,Completed
WO00002885,P01,P01_L03,SKU003,2026-04-30 06:00:00,2026-04-30 14:00:00,436,Completed
WO00002886,P01,P01_L03,SKU003,2026-04-30 14:00:00,2026-04-30 22:00:00,436,Completed
WO00002887,P01,P01_L03,SKU004,2026-04-30 22:00:00,2026-05-01 06:00:00,399,Completed
WO00002888,P02,P02_L01,SKU003,2026-04-30 06:00:00,2026-04-30 14:00:00,344,Completed
WO00002889,P02,P02_L01,SKU003,2026-04-30 14:00:00,2026-04-30 22:00:00,344,Completed
WO00002890,P02,P02_L01,SKU005,2026-04-30 22:00:00,2026-05-01 06:00:00,344,Completed
WO00002891,P02,P02_L02,SKU004,2026-04-30 06:00:00,2026-04-30 14:00:00,394,Completed
WO00002892,P02,P02_L02,SKU006,2026-04-30 14:00:00,2026-04-30 22:00:00,386,Completed
WO00002893,P02,P02_L02,SKU002,2026-04-30 22:00:00,2026-05-01 06:00:00,394,Completed
WO00002894,P02,P02_L03,SKU007,2026-04-30 06:00:00,2026-04-30 14:00:00,331,Completed
WO00002895,P02,P02_L03,SKU007,2026-04-30 14:00:00,2026-04-30 22:00:00,331,Completed
WO00002896,P02,P02_L03,SKU001,2026-04-30 22:00:00,2026-05-01 06:00:00,331,Completed
WO00002897,P03,P03_L01,SKU001,2026-04-30 06:00:00,2026-04-30 14:00:00,351,Completed
WO00002898,P03,P03_L01,SKU003,2026-04-30 14:00:00,2026-04-30 22:00:00,406,Completed
WO00002899,P03,P03_L01,SKU001,2026-04-30 22:00:00,2026-05-01 06:00:00,351,Completed
WO00002900,P03,P03_L02,SKU001,2026-04-30 06:00:00,2026-04-30 14:00:00,351,Completed
WO00002901,P03,P03_L02,SKU006,2026-04-30 14:00:00,2026-04-30 22:00:00,386,Completed
WO00002902,P03,P03_L02,SKU006,2026-04-30 22:00:00,2026-05-01 06:00:00,386,Completed
WO00002903,P03,P03_L03,SKU001,2026-04-30 06:00:00,2026-04-30 14:00:00,351,Completed
WO00002904,P03,P03_L03,SKU007,2026-04-30 14:00:00,2026-04-30 22:00:00,409,Completed
WO00002905,P03,P03_L03,SKU003,2026-04-30 22:00:00,2026-05-01 06:00:00,409,Completed
WO00002906,P01,P01_L01,SKU004,2026-05-01 06:00:00,2026-05-01 14:00:00,399,Completed
WO00002907,P01,P01_L01,SKU007,2026-05-01 14:00:00,2026-05-01 22:00:00,492,Completed
WO00002908,P01,P01_L01,SKU001,2026-05-01 22:00:00,2026-05-02 06:00:00,351,Completed
WO00002909,P01,P01_L02,SKU003,2026-05-01 06:00:00,2026-05-01 14:00:00,436,Completed
WO00002910,P01,P01_L02,SKU001,2026-05-01 14:00:00,2026-05-01 22:00:00,351,Completed
WO00002911,P01,P01_L02,SKU008,2026-05-01 22:00:00,2026-05-02 06:00:00,425,Completed
WO00002912,P01,P01_L03,SKU003,2026-05-01 06:00:00,2026-05-01 14:00:00,436,Completed
WO00002913,P01,P01_L03,SKU004,2026-05-01 14:00:00,2026-05-01 22:00:00,399,Completed
WO00002914,P01,P01_L03,SKU008,2026-05-01 22:00:00,2026-05-02 06:00:00,425,Completed
WO00002915,P02,P02_L01,SKU005,2026-05-01 06:00:00,2026-05-01 14:00:00,344,Completed
WO00002916,P02,P02_L01,SKU005,2026-05-01 14:00:00,2026-05-01 22:00:00,344,Completed
WO00002917,P02,P02_L01,SKU003,2026-05-01 22:00:00,2026-05-02 06:00:00,344,Completed
WO00002918,P02,P02_L02,SKU002,2026-05-01 06:00:00,2026-05-01 14:00:00,394,Completed
WO00002919,P02,P02_L02,SKU002,2026-05-01 14:00:00,2026-05-01 22:00:00,394,Completed
WO00002920,P02,P02_L02,SKU002,2026-05-01 22:00:00,2026-05-02 06:00:00,394,Completed
WO00002921,P02,P02_L03,SKU007,2026-05-01 06:00:00,2026-05-01 14:00:00,331,Completed
WO00002922,P02,P02_L03,SKU005,2026-05-01 14:00:00,2026-05-01 22:00:00,331,Completed
WO00002923,P02,P02_L03,SKU003,2026-05-01 22:00:00,2026-05-02 06:00:00,331,Completed
WO00002924,P03,P03_L01,SKU006,2026-05-01 06:00:00,2026-05-01 14:00:00,386,Completed
WO00002925,P03,P03_L01,SKU004,2026-05-01 14:00:00,2026-05-01 22:00:00,399,Completed
WO00002926,P03,P03_L01,SKU001,2026-05-01 22:00:00,2026-05-02 06:00:00,351,Completed
WO00002927,P03,P03_L02,SKU001,2026-05-01 06:00:00,2026-05-01 14:00:00,351,Completed
WO00002928,P03,P03_L02,SKU006,2026-05-01 14:00:00,2026-05-01 22:00:00,386,Completed
WO00002929,P03,P03_L02,SKU006,2026-05-01 22:00:00,2026-05-02 06:00:00,386,Completed
WO00002930,P03,P03_L03,SKU001,2026-05-01 06:00:00,2026-05-01 14:00:00,351,Completed
WO00002931,P03,P03_L03,SKU004,2026-05-01 14:00:00,2026-05-01 22:00:00,399,Completed
WO00002932,P03,P03_L03,SKU004,2026-05-01 22:00:00,2026-05-02 06:00:00,399,Completed
WO00002933,P01,P01_L01,SKU005,2026-05-02 06:00:00,2026-05-02 14:00:00,355,Completed
WO00002934,P01,P01_L01,SKU005,2026-05-02 14:00:00,2026-05-02 22:00:00,355,Completed
WO00002935,P01,P01_L01,SKU001,2026-05-02 22:00:00,2026-05-03 06:00:00,351,Completed
WO00002936,P01,P01_L02,SKU006,2026-05-02 14:00:00,2026-05-02 22:00:00,386,Completed
WO00002937,P01,P01_L03,SKU003,2026-05-02 14:00:00,2026-05-02 22:00:00,436,Completed
WO00002938,P01,P01_L03,SKU003,2026-05-02 22:00:00,2026-05-03 06:00:00,436,Completed
WO00002939,P02,P02_L01,SKU006,2026-05-02 06:00:00,2026-05-02 14:00:00,344,Completed
WO00002940,P02,P02_L01,SKU003,2026-05-02 14:00:00,2026-05-02 22:00:00,344,Completed
WO00002941,P02,P02_L01,SKU003,2026-05-02 22:00:00,2026-05-03 06:00:00,344,Completed
WO00002942,P02,P02_L02,SKU006,2026-05-02 06:00:00,2026-05-02 14:00:00,386,Completed
WO00002943,P02,P02_L02,SKU005,2026-05-02 14:00:00,2026-05-02 22:00:00,355,Completed
WO00002944,P03,P03_L01,SKU003,2026-05-02 06:00:00,2026-05-02 14:00:00,406,Completed
WO00002945,P03,P03_L01,SKU001,2026-05-02 22:00:00,2026-05-03 06:00:00,351,Completed
WO00002946,P03,P03_L02,SKU004,2026-05-02 06:00:00,2026-05-02 14:00:00,398,Completed
WO00002947,P01,P01_L01,SKU001,2026-05-03 06:00:00,2026-05-03 14:00:00,351,Completed
WO00002948,P01,P01_L01,SKU001,2026-05-03 14:00:00,2026-05-03 22:00:00,351,Completed
WO00002949,P01,P01_L01,SKU005,2026-05-03 22:00:00,2026-05-04 06:00:00,355,Completed
WO00002950,P01,P01_L02,SKU001,2026-05-03 06:00:00,2026-05-03 14:00:00,351,Completed
WO00002951,P01,P01_L02,SKU006,2026-05-03 14:00:00,2026-05-03 22:00:00,386,Completed
WO00002952,P01,P01_L02,SKU007,2026-05-03 22:00:00,2026-05-04 06:00:00,459,Completed
WO00002953,P01,P01_L03,SKU003,2026-05-03 14:00:00,2026-05-03 22:00:00,436,Completed
WO00002954,P01,P01_L03,SKU003,2026-05-03 22:00:00,2026-05-04 06:00:00,436,Completed
WO00002955,P02,P02_L02,SKU008,2026-05-03 22:00:00,2026-05-04 06:00:00,394,Completed
WO00002956,P02,P02_L03,SKU005,2026-05-03 06:00:00,2026-05-03 14:00:00,331,Completed
WO00002957,P02,P02_L03,SKU004,2026-05-03 14:00:00,2026-05-03 22:00:00,331,Completed
WO00002958,P02,P02_L03,SKU002,2026-05-03 22:00:00,2026-05-04 06:00:00,331,Completed
WO00002959,P03,P03_L01,SKU003,2026-05-03 06:00:00,2026-05-03 14:00:00,406,Completed
WO00002960,P03,P03_L01,SKU004,2026-05-03 14:00:00,2026-05-03 22:00:00,399,Completed
WO00002961,P03,P03_L01,SKU006,2026-05-03 22:00:00,2026-05-04 06:00:00,386,Completed
WO00002962,P03,P03_L03,SKU008,2026-05-03 06:00:00,2026-05-03 14:00:00,409,Completed
WO00002963,P03,P03_L03,SKU004,2026-05-03 14:00:00,2026-05-03 22:00:00,399,Completed
WO00002964,P01,P01_L01,SKU005,2026-05-04 06:00:00,2026-05-04 14:00:00,355,Completed
WO00002965,P01,P01_L01,SKU005,2026-05-04 14:00:00,2026-05-04 22:00:00,355,Completed
WO00002966,P01,P01_L01,SKU005,2026-05-04 22:00:00,2026-05-05 06:00:00,355,Completed
WO00002967,P01,P01_L02,SKU008,2026-05-04 06:00:00,2026-05-04 14:00:00,425,Completed
WO00002968,P01,P01_L02,SKU004,2026-05-04 14:00:00,2026-05-04 22:00:00,399,Completed
WO00002969,P01,P01_L02,SKU001,2026-05-04 22:00:00,2026-05-05 06:00:00,351,Completed
WO00002970,P01,P01_L03,SKU003,2026-05-04 06:00:00,2026-05-04 14:00:00,436,Completed
WO00002971,P01,P01_L03,SKU004,2026-05-04 14:00:00,2026-05-04 22:00:00,399,Completed
WO00002972,P01,P01_L03,SKU004,2026-05-04 22:00:00,2026-05-05 06:00:00,399,Completed
WO00002973,P02,P02_L01,SKU003,2026-05-04 06:00:00,2026-05-04 14:00:00,344,Completed
WO00002974,P02,P02_L01,SKU003,2026-05-04 14:00:00,2026-05-04 22:00:00,344,Completed
WO00002975,P02,P02_L01,SKU006,2026-05-04 22:00:00,2026-05-05 06:00:00,344,Completed
WO00002976,P02,P02_L02,SKU002,2026-05-04 06:00:00,2026-05-04 14:00:00,394,Completed
WO00002977,P02,P02_L02,SKU002,2026-05-04 14:00:00,2026-05-04 22:00:00,394,Completed
WO00002978,P02,P02_L02,SKU004,2026-05-04 22:00:00,2026-05-05 06:00:00,394,Completed
WO00002979,P02,P02_L03,SKU007,2026-05-04 06:00:00,2026-05-04 14:00:00,331,Completed
WO00002980,P02,P02_L03,SKU007,2026-05-04 14:00:00,2026-05-04 22:00:00,331,Completed
WO00002981,P02,P02_L03,SKU007,2026-05-04 22:00:00,2026-05-05 06:00:00,331,Completed
WO00002982,P03,P03_L01,SKU004,2026-05-04 06:00:00,2026-05-04 14:00:00,399,Completed
WO00002983,P03,P03_L01,SKU003,2026-05-04 14:00:00,2026-05-04 22:00:00,406,Completed
WO00002984,P03,P03_L01,SKU007,2026-05-04 22:00:00,2026-05-05 06:00:00,406,Completed
WO00002985,P03,P03_L02,SKU006,2026-05-04 06:00:00,2026-05-04 14:00:00,386,Completed
WO00002986,P03,P03_L02,SKU008,2026-05-04 14:00:00,2026-05-04 22:00:00,398,Completed
WO00002987,P03,P03_L02,SKU006,2026-05-04 22:00:00,2026-05-05 06:00:00,386,Completed
WO00002988,P03,P03_L03,SKU003,2026-05-04 06:00:00,2026-05-04 14:00:00,409,Completed
WO00002989,P03,P03_L03,SKU004,2026-05-04 14:00:00,2026-05-04 22:00:00,399,Completed
WO00002990,P03,P03_L03,SKU006,2026-05-04 22:00:00,2026-05-05 06:00:00,386,Completed
WO00002991,P01,P01_L01,SKU007,2026-05-05 06:00:00,2026-05-05 14:00:00,492,Completed
WO00002992,P01,P01_L01,SKU001,2026-05-05 14:00:00,2026-05-05 22:00:00,351,Completed
WO00002993,P01,P01_L01,SKU004,2026-05-05 22:00:00,2026-05-06 06:00:00,399,Completed
WO00002994,P01,P01_L02,SKU008,2026-05-05 06:00:00,2026-05-05 14:00:00,425,Completed
WO00002995,P01,P01_L02,SKU002,2026-05-05 14:00:00,2026-05-05 22:00:00,459,Completed
WO00002996,P01,P01_L02,SKU002,2026-05-05 22:00:00,2026-05-06 06:00:00,459,Completed
WO00002997,P01,P01_L03,SKU003,2026-05-05 06:00:00,2026-05-05 14:00:00,436,Completed
WO00002998,P01,P01_L03,SKU003,2026-05-05 14:00:00,2026-05-05 22:00:00,436,Completed
WO00002999,P01,P01_L03,SKU007,2026-05-05 22:00:00,2026-05-06 06:00:00,522,Completed
WO00003000,P02,P02_L01,SKU006,2026-05-05 06:00:00,2026-05-05 14:00:00,344,Completed
WO00003001,P02,P02_L01,SKU003,2026-05-05 14:00:00,2026-05-05 22:00:00,344,Completed
WO00003002,P02,P02_L01,SKU003,2026-05-05 22:00:00,2026-05-06 06:00:00,344,Completed
WO00003003,P02,P02_L02,SKU002,2026-05-05 06:00:00,2026-05-05 14:00:00,394,Completed
WO00003004,P02,P02_L02,SKU006,2026-05-05 14:00:00,2026-05-05 22:00:00,386,Completed
WO00003005,P02,P02_L02,SKU002,2026-05-05 22:00:00,2026-05-06 06:00:00,394,Completed
WO00003006,P02,P02_L03,SKU004,2026-05-05 06:00:00,2026-05-05 14:00:00,331,Completed
WO00003007,P02,P02_L03,SKU003,2026-05-05 14:00:00,2026-05-05 22:00:00,331,Completed
WO00003008,P02,P02_L03,SKU003,2026-05-05 22:00:00,2026-05-06 06:00:00,331,Completed
WO00003009,P03,P03_L01,SKU001,2026-05-05 06:00:00,2026-05-05 14:00:00,351,Completed
WO00003010,P03,P03_L01,SKU008,2026-05-05 14:00:00,2026-05-05 22:00:00,406,Completed
WO00003011,P03,P03_L01,SKU001,2026-05-05 22:00:00,2026-05-06 06:00:00,351,Completed
WO00003012,P03,P03_L02,SKU006,2026-05-05 06:00:00,2026-05-05 14:00:00,386,Completed
WO00003013,P03,P03_L02,SKU008,2026-05-05 14:00:00,2026-05-05 22:00:00,398,Completed
WO00003014,P03,P03_L02,SKU006,2026-05-05 22:00:00,2026-05-06 06:00:00,386,Completed
WO00003015,P03,P03_L03,SKU004,2026-05-05 06:00:00,2026-05-05 14:00:00,399,Completed
WO00003016,P03,P03_L03,SKU001,2026-05-05 14:00:00,2026-05-05 22:00:00,351,Completed
WO00003017,P03,P03_L03,SKU001,2026-05-05 22:00:00,2026-05-06 06:00:00,351,Completed
WO00003018,P01,P01_L01,SKU002,2026-05-06 06:00:00,2026-05-06 14:00:00,492,Completed
WO00003019,P01,P01_L01,SKU004,2026-05-06 14:00:00,2026-05-06 22:00:00,399,Completed
WO00003020,P01,P01_L01,SKU008,2026-05-06 22:00:00,2026-05-07 06:00:00,425,Completed
WO00003021,P01,P01_L02,SKU001,2026-05-06 06:00:00,2026-05-06 14:00:00,351,Completed
WO00003022,P01,P01_L02,SKU003,2026-05-06 14:00:00,2026-05-06 22:00:00,436,Completed
WO00003023,P01,P01_L02,SKU002,2026-05-06 22:00:00,2026-05-07 06:00:00,459,Completed
WO00003024,P01,P01_L03,SKU004,2026-05-06 06:00:00,2026-05-06 14:00:00,399,Completed
WO00003025,P01,P01_L03,SKU003,2026-05-06 14:00:00,2026-05-06 22:00:00,436,Completed
WO00003026,P01,P01_L03,SKU005,2026-05-06 22:00:00,2026-05-07 06:00:00,355,Completed
WO00003027,P02,P02_L01,SKU003,2026-05-06 06:00:00,2026-05-06 14:00:00,344,Completed
WO00003028,P02,P02_L01,SKU003,2026-05-06 14:00:00,2026-05-06 22:00:00,344,Completed
WO00003029,P02,P02_L01,SKU001,2026-05-06 22:00:00,2026-05-07 06:00:00,344,Completed
WO00003030,P02,P02_L02,SKU004,2026-05-06 06:00:00,2026-05-06 14:00:00,394,Completed
WO00003031,P02,P02_L02,SKU002,2026-05-06 14:00:00,2026-05-06 22:00:00,394,Completed
WO00003032,P02,P02_L02,SKU004,2026-05-06 22:00:00,2026-05-07 06:00:00,394,Completed
WO00003033,P02,P02_L03,SKU007,2026-05-06 06:00:00,2026-05-06 14:00:00,331,Completed
WO00003034,P02,P02_L03,SKU004,2026-05-06 14:00:00,2026-05-06 22:00:00,331,Completed
WO00003035,P02,P02_L03,SKU007,2026-05-06 22:00:00,2026-05-07 06:00:00,331,Completed
WO00003036,P03,P03_L01,SKU001,2026-05-06 06:00:00,2026-05-06 14:00:00,351,Completed
WO00003037,P03,P03_L01,SKU001,2026-05-06 14:00:00,2026-05-06 22:00:00,351,Completed
WO00003038,P03,P03_L01,SKU004,2026-05-06 22:00:00,2026-05-07 06:00:00,399,Completed
WO00003039,P03,P03_L02,SKU006,2026-05-06 06:00:00,2026-05-06 14:00:00,386,Completed
WO00003040,P03,P03_L02,SKU006,2026-05-06 14:00:00,2026-05-06 22:00:00,386,Completed
WO00003041,P03,P03_L02,SKU006,2026-05-06 22:00:00,2026-05-07 06:00:00,386,Completed
WO00003042,P03,P03_L03,SKU001,2026-05-06 06:00:00,2026-05-06 14:00:00,351,Completed
WO00003043,P03,P03_L03,SKU006,2026-05-06 14:00:00,2026-05-06 22:00:00,386,Completed
WO00003044,P03,P03_L03,SKU007,2026-05-06 22:00:00,2026-05-07 06:00:00,409,Completed
WO00003045,P01,P01_L01,SKU007,2026-05-07 06:00:00,2026-05-07 14:00:00,492,Completed
WO00003046,P01,P01_L01,SKU005,2026-05-07 14:00:00,2026-05-07 22:00:00,355,Completed
WO00003047,P01,P01_L01,SKU001,2026-05-07 22:00:00,2026-05-08 06:00:00,351,Completed
WO00003048,P01,P01_L02,SKU004,2026-05-07 06:00:00,2026-05-07 14:00:00,399,Completed
WO00003049,P01,P01_L02,SKU008,2026-05-07 14:00:00,2026-05-07 22:00:00,425,Completed
WO00003050,P01,P01_L02,SKU001,2026-05-07 22:00:00,2026-05-08 06:00:00,351,Completed
WO00003051,P01,P01_L03,SKU008,2026-05-07 06:00:00,2026-05-07 14:00:00,425,Completed
WO00003052,P01,P01_L03,SKU003,2026-05-07 14:00:00,2026-05-07 22:00:00,436,Completed
WO00003053,P01,P01_L03,SKU007,2026-05-07 22:00:00,2026-05-08 06:00:00,522,Completed
WO00003054,P02,P02_L01,SKU003,2026-05-07 06:00:00,2026-05-07 14:00:00,344,Completed
WO00003055,P02,P02_L01,SKU006,2026-05-07 14:00:00,2026-05-07 22:00:00,344,Completed
WO00003056,P02,P02_L01,SKU001,2026-05-07 22:00:00,2026-05-08 06:00:00,344,Completed
WO00003057,P02,P02_L02,SKU002,2026-05-07 06:00:00,2026-05-07 14:00:00,394,Completed
WO00003058,P02,P02_L02,SKU003,2026-05-07 14:00:00,2026-05-07 22:00:00,394,Completed
WO00003059,P02,P02_L02,SKU002,2026-05-07 22:00:00,2026-05-08 06:00:00,394,Completed
WO00003060,P02,P02_L03,SKU001,2026-05-07 06:00:00,2026-05-07 14:00:00,331,Completed
WO00003061,P02,P02_L03,SKU003,2026-05-07 14:00:00,2026-05-07 22:00:00,331,Completed
WO00003062,P02,P02_L03,SKU005,2026-05-07 22:00:00,2026-05-08 06:00:00,331,Completed
WO00003063,P03,P03_L01,SKU001,2026-05-07 06:00:00,2026-05-07 14:00:00,351,Completed
WO00003064,P03,P03_L01,SKU001,2026-05-07 14:00:00,2026-05-07 22:00:00,351,Completed
WO00003065,P03,P03_L01,SKU003,2026-05-07 22:00:00,2026-05-08 06:00:00,406,Completed
WO00003066,P03,P03_L02,SKU008,2026-05-07 06:00:00,2026-05-07 14:00:00,398,Completed
WO00003067,P03,P03_L02,SKU006,2026-05-07 14:00:00,2026-05-07 22:00:00,386,Completed
WO00003068,P03,P03_L02,SKU001,2026-05-07 22:00:00,2026-05-08 06:00:00,351,Completed
WO00003069,P03,P03_L03,SKU006,2026-05-07 06:00:00,2026-05-07 14:00:00,386,Completed
WO00003070,P03,P03_L03,SKU001,2026-05-07 14:00:00,2026-05-07 22:00:00,351,Completed
WO00003071,P03,P03_L03,SKU006,2026-05-07 22:00:00,2026-05-08 06:00:00,386,Completed
WO00003072,P01,P01_L01,SKU001,2026-05-08 06:00:00,2026-05-08 14:00:00,351,Completed
WO00003073,P01,P01_L01,SKU001,2026-05-08 14:00:00,2026-05-08 22:00:00,351,Completed
WO00003074,P01,P01_L01,SKU005,2026-05-08 22:00:00,2026-05-09 06:00:00,355,Completed
WO00003075,P01,P01_L02,SKU008,2026-05-08 06:00:00,2026-05-08 14:00:00,425,Completed
WO00003076,P01,P01_L02,SKU001,2026-05-08 14:00:00,2026-05-08 22:00:00,351,Completed
WO00003077,P01,P01_L02,SKU004,2026-05-08 22:00:00,2026-05-09 06:00:00,399,Completed
WO00003078,P01,P01_L03,SKU007,2026-05-08 06:00:00,2026-05-08 14:00:00,522,Completed
WO00003079,P01,P01_L03,SKU003,2026-05-08 14:00:00,2026-05-08 22:00:00,436,Completed
WO00003080,P01,P01_L03,SKU008,2026-05-08 22:00:00,2026-05-09 06:00:00,425,Completed
WO00003081,P02,P02_L01,SKU003,2026-05-08 06:00:00,2026-05-08 14:00:00,344,Completed
WO00003082,P02,P02_L01,SKU001,2026-05-08 14:00:00,2026-05-08 22:00:00,344,Completed
WO00003083,P02,P02_L01,SKU001,2026-05-08 22:00:00,2026-05-09 06:00:00,344,Completed
WO00003084,P02,P02_L02,SKU002,2026-05-08 06:00:00,2026-05-08 14:00:00,394,Completed
WO00003085,P02,P02_L02,SKU006,2026-05-08 14:00:00,2026-05-08 22:00:00,386,Completed
WO00003086,P02,P02_L02,SKU006,2026-05-08 22:00:00,2026-05-09 06:00:00,386,Completed
WO00003087,P02,P02_L03,SKU002,2026-05-08 06:00:00,2026-05-08 14:00:00,331,Completed
WO00003088,P02,P02_L03,SKU001,2026-05-08 14:00:00,2026-05-08 22:00:00,331,Completed
WO00003089,P02,P02_L03,SKU007,2026-05-08 22:00:00,2026-05-09 06:00:00,331,Completed
WO00003090,P03,P03_L01,SKU001,2026-05-08 06:00:00,2026-05-08 14:00:00,351,Completed
WO00003091,P03,P03_L01,SKU004,2026-05-08 14:00:00,2026-05-08 22:00:00,399,Completed
WO00003092,P03,P03_L01,SKU004,2026-05-08 22:00:00,2026-05-09 06:00:00,399,Completed
WO00003093,P03,P03_L02,SKU002,2026-05-08 06:00:00,2026-05-08 14:00:00,398,Completed
WO00003094,P03,P03_L02,SKU006,2026-05-08 14:00:00,2026-05-08 22:00:00,386,Completed
WO00003095,P03,P03_L02,SKU004,2026-05-08 22:00:00,2026-05-09 06:00:00,398,Completed
WO00003096,P03,P03_L03,SKU003,2026-05-08 06:00:00,2026-05-08 14:00:00,409,Completed
WO00003097,P03,P03_L03,SKU001,2026-05-08 14:00:00,2026-05-08 22:00:00,351,Completed
WO00003098,P03,P03_L03,SKU008,2026-05-08 22:00:00,2026-05-09 06:00:00,409,Completed
WO00003099,P01,P01_L01,SKU004,2026-05-09 14:00:00,2026-05-09 22:00:00,399,Completed
WO00003100,P01,P01_L01,SKU001,2026-05-09 22:00:00,2026-05-10 06:00:00,351,Completed
WO00003101,P01,P01_L02,SKU001,2026-05-09 06:00:00,2026-05-09 14:00:00,351,Completed
WO00003102,P01,P01_L02,SKU001,2026-05-09 14:00:00,2026-05-09 22:00:00,351,Completed
WO00003103,P01,P01_L02,SKU001,2026-05-09 22:00:00,2026-05-10 06:00:00,351,Completed
WO00003104,P01,P01_L03,SKU004,2026-05-09 06:00:00,2026-05-09 14:00:00,399,Completed
WO00003105,P01,P01_L03,SKU002,2026-05-09 14:00:00,2026-05-09 22:00:00,507,Completed
WO00003106,P02,P02_L01,SKU005,2026-05-09 06:00:00,2026-05-09 14:00:00,344,Completed
WO00003107,P02,P02_L02,SKU006,2026-05-09 06:00:00,2026-05-09 14:00:00,386,Completed
WO00003108,P02,P02_L02,SKU002,2026-05-09 14:00:00,2026-05-09 22:00:00,394,Completed
WO00003109,P02,P02_L02,SKU002,2026-05-09 22:00:00,2026-05-10 06:00:00,394,Completed
WO00003110,P02,P02_L03,SKU002,2026-05-09 14:00:00,2026-05-09 22:00:00,331,Completed
WO00003111,P02,P02_L03,SKU007,2026-05-09 22:00:00,2026-05-10 06:00:00,331,Completed
WO00003112,P03,P03_L01,SKU001,2026-05-09 06:00:00,2026-05-09 14:00:00,351,Completed
WO00003113,P03,P03_L01,SKU004,2026-05-09 14:00:00,2026-05-09 22:00:00,399,Completed
WO00003114,P03,P03_L02,SKU001,2026-05-09 06:00:00,2026-05-09 14:00:00,351,Completed
WO00003115,P03,P03_L02,SKU006,2026-05-09 14:00:00,2026-05-09 22:00:00,386,Completed
WO00003116,P03,P03_L03,SKU001,2026-05-09 06:00:00,2026-05-09 14:00:00,351,Completed
WO00003117,P03,P03_L03,SKU006,2026-05-09 14:00:00,2026-05-09 22:00:00,386,Completed
WO00003118,P01,P01_L01,SKU004,2026-05-10 22:00:00,2026-05-11 06:00:00,399,Completed
WO00003119,P01,P01_L02,SKU001,2026-05-10 14:00:00,2026-05-10 22:00:00,351,Completed
WO00003120,P01,P01_L02,SKU008,2026-05-10 22:00:00,2026-05-11 06:00:00,425,Completed
WO00003121,P01,P01_L03,SKU002,2026-05-10 06:00:00,2026-05-10 14:00:00,507,Completed
WO00003122,P01,P01_L03,SKU004,2026-05-10 14:00:00,2026-05-10 22:00:00,399,Completed
WO00003123,P02,P02_L01,SKU003,2026-05-10 06:00:00,2026-05-10 14:00:00,344,Completed
WO00003124,P02,P02_L01,SKU003,2026-05-10 14:00:00,2026-05-10 22:00:00,344,Completed
WO00003125,P02,P02_L01,SKU003,2026-05-10 22:00:00,2026-05-11 06:00:00,344,Completed
WO00003126,P02,P02_L02,SKU002,2026-05-10 22:00:00,2026-05-11 06:00:00,394,Completed
WO00003127,P02,P02_L03,SKU003,2026-05-10 06:00:00,2026-05-10 14:00:00,331,Completed
WO00003128,P02,P02_L03,SKU007,2026-05-10 14:00:00,2026-05-10 22:00:00,331,Completed
WO00003129,P02,P02_L03,SKU005,2026-05-10 22:00:00,2026-05-11 06:00:00,331,Completed
WO00003130,P03,P03_L01,SKU001,2026-05-10 06:00:00,2026-05-10 14:00:00,351,Completed
WO00003131,P03,P03_L01,SKU005,2026-05-10 14:00:00,2026-05-10 22:00:00,355,Completed
WO00003132,P03,P03_L01,SKU007,2026-05-10 22:00:00,2026-05-11 06:00:00,406,Completed
WO00003133,P03,P03_L02,SKU008,2026-05-10 06:00:00,2026-05-10 14:00:00,398,Completed
WO00003134,P03,P03_L02,SKU008,2026-05-10 22:00:00,2026-05-11 06:00:00,398,Completed
WO00003135,P03,P03_L03,SKU004,2026-05-10 06:00:00,2026-05-10 14:00:00,399,Completed
WO00003136,P01,P01_L01,SKU001,2026-05-11 06:00:00,2026-05-11 14:00:00,351,Completed
WO00003137,P01,P01_L01,SKU005,2026-05-11 14:00:00,2026-05-11 22:00:00,355,Completed
WO00003138,P01,P01_L01,SKU007,2026-05-11 22:00:00,2026-05-12 06:00:00,492,Completed
WO00003139,P01,P01_L02,SKU001,2026-05-11 06:00:00,2026-05-11 14:00:00,351,Completed
WO00003140,P01,P01_L02,SKU008,2026-05-11 14:00:00,2026-05-11 22:00:00,425,Completed
WO00003141,P01,P01_L02,SKU003,2026-05-11 22:00:00,2026-05-12 06:00:00,436,Completed
WO00003142,P01,P01_L03,SKU008,2026-05-11 06:00:00,2026-05-11 14:00:00,425,Completed
WO00003143,P01,P01_L03,SKU004,2026-05-11 14:00:00,2026-05-11 22:00:00,399,Completed
WO00003144,P01,P01_L03,SKU007,2026-05-11 22:00:00,2026-05-12 06:00:00,522,Completed
WO00003145,P02,P02_L01,SKU003,2026-05-11 06:00:00,2026-05-11 14:00:00,344,Completed
WO00003146,P02,P02_L01,SKU003,2026-05-11 14:00:00,2026-05-11 22:00:00,344,Completed
WO00003147,P02,P02_L01,SKU003,2026-05-11 22:00:00,2026-05-12 06:00:00,344,Completed
WO00003148,P02,P02_L02,SKU006,2026-05-11 06:00:00,2026-05-11 14:00:00,386,Completed
WO00003149,P02,P02_L02,SKU006,2026-05-11 14:00:00,2026-05-11 22:00:00,386,Completed
WO00003150,P02,P02_L02,SKU006,2026-05-11 22:00:00,2026-05-12 06:00:00,386,Completed
WO00003151,P02,P02_L03,SKU003,2026-05-11 06:00:00,2026-05-11 14:00:00,331,Completed
WO00003152,P02,P02_L03,SKU007,2026-05-11 14:00:00,2026-05-11 22:00:00,331,Completed
WO00003153,P02,P02_L03,SKU007,2026-05-11 22:00:00,2026-05-12 06:00:00,331,Completed
WO00003154,P03,P03_L01,SKU001,2026-05-11 06:00:00,2026-05-11 14:00:00,351,Completed
WO00003155,P03,P03_L01,SKU003,2026-05-11 14:00:00,2026-05-11 22:00:00,406,Completed
WO00003156,P03,P03_L01,SKU001,2026-05-11 22:00:00,2026-05-12 06:00:00,351,Completed
WO00003157,P03,P03_L02,SKU006,2026-05-11 06:00:00,2026-05-11 14:00:00,386,Completed
WO00003158,P03,P03_L02,SKU002,2026-05-11 14:00:00,2026-05-11 22:00:00,398,Completed
WO00003159,P03,P03_L02,SKU004,2026-05-11 22:00:00,2026-05-12 06:00:00,398,Completed
WO00003160,P03,P03_L03,SKU003,2026-05-11 06:00:00,2026-05-11 14:00:00,409,Completed
WO00003161,P03,P03_L03,SKU003,2026-05-11 14:00:00,2026-05-11 22:00:00,409,Completed
WO00003162,P03,P03_L03,SKU001,2026-05-11 22:00:00,2026-05-12 06:00:00,351,Completed
WO00003163,P01,P01_L01,SKU001,2026-05-12 06:00:00,2026-05-12 14:00:00,351,Completed
WO00003164,P01,P01_L01,SKU005,2026-05-12 14:00:00,2026-05-12 22:00:00,355,Completed
WO00003165,P01,P01_L01,SKU005,2026-05-12 22:00:00,2026-05-13 06:00:00,355,Completed
WO00003166,P01,P01_L02,SKU001,2026-05-12 06:00:00,2026-05-12 14:00:00,351,Completed
WO00003167,P01,P01_L02,SKU002,2026-05-12 14:00:00,2026-05-12 22:00:00,459,Completed
WO00003168,P01,P01_L02,SKU008,2026-05-12 22:00:00,2026-05-13 06:00:00,425,Completed
WO00003169,P01,P01_L03,SKU002,2026-05-12 06:00:00,2026-05-12 14:00:00,507,Completed
WO00003170,P01,P01_L03,SKU004,2026-05-12 14:00:00,2026-05-12 22:00:00,399,Completed
WO00003171,P01,P01_L03,SKU007,2026-05-12 22:00:00,2026-05-13 06:00:00,522,Completed
WO00003172,P02,P02_L01,SKU005,2026-05-12 06:00:00,2026-05-12 14:00:00,344,Completed
WO00003173,P02,P02_L01,SKU004,2026-05-12 14:00:00,2026-05-12 22:00:00,344,Completed
WO00003174,P02,P02_L01,SKU001,2026-05-12 22:00:00,2026-05-13 06:00:00,344,Completed
WO00003175,P02,P02_L02,SKU002,2026-05-12 06:00:00,2026-05-12 14:00:00,394,Completed
WO00003176,P02,P02_L02,SKU003,2026-05-12 14:00:00,2026-05-12 22:00:00,394,Completed
WO00003177,P02,P02_L02,SKU002,2026-05-12 22:00:00,2026-05-13 06:00:00,394,Completed
WO00003178,P02,P02_L03,SKU001,2026-05-12 06:00:00,2026-05-12 14:00:00,331,Completed
WO00003179,P02,P02_L03,SKU007,2026-05-12 14:00:00,2026-05-12 22:00:00,331,Completed
WO00003180,P02,P02_L03,SKU004,2026-05-12 22:00:00,2026-05-13 06:00:00,331,Completed
WO00003181,P03,P03_L01,SKU004,2026-05-12 06:00:00,2026-05-12 14:00:00,399,Completed
WO00003182,P03,P03_L01,SKU001,2026-05-12 14:00:00,2026-05-12 22:00:00,351,Completed
WO00003183,P03,P03_L01,SKU003,2026-05-12 22:00:00,2026-05-13 06:00:00,406,Completed
WO00003184,P03,P03_L02,SKU008,2026-05-12 06:00:00,2026-05-12 14:00:00,398,Completed
WO00003185,P03,P03_L02,SKU001,2026-05-12 14:00:00,2026-05-12 22:00:00,351,Completed
WO00003186,P03,P03_L02,SKU001,2026-05-12 22:00:00,2026-05-13 06:00:00,351,Completed
WO00003187,P03,P03_L03,SKU003,2026-05-12 06:00:00,2026-05-12 14:00:00,409,Completed
WO00003188,P03,P03_L03,SKU003,2026-05-12 14:00:00,2026-05-12 22:00:00,409,Completed
WO00003189,P03,P03_L03,SKU006,2026-05-12 22:00:00,2026-05-13 06:00:00,386,Completed
WO00003190,P01,P01_L01,SKU005,2026-05-13 06:00:00,2026-05-13 14:00:00,355,Completed
WO00003191,P01,P01_L01,SKU006,2026-05-13 14:00:00,2026-05-13 22:00:00,386,Completed
WO00003192,P01,P01_L01,SKU007,2026-05-13 22:00:00,2026-05-14 06:00:00,492,Completed
WO00003193,P01,P01_L02,SKU004,2026-05-13 06:00:00,2026-05-13 14:00:00,399,Completed
WO00003194,P01,P01_L02,SKU001,2026-05-13 14:00:00,2026-05-13 22:00:00,351,Completed
WO00003195,P01,P01_L02,SKU001,2026-05-13 22:00:00,2026-05-14 06:00:00,351,Completed
WO00003196,P01,P01_L03,SKU008,2026-05-13 06:00:00,2026-05-13 14:00:00,425,Completed
WO00003197,P01,P01_L03,SKU003,2026-05-13 14:00:00,2026-05-13 22:00:00,436,Completed
WO00003198,P01,P01_L03,SKU008,2026-05-13 22:00:00,2026-05-14 06:00:00,425,Completed
WO00003199,P02,P02_L01,SKU003,2026-05-13 06:00:00,2026-05-13 14:00:00,344,Completed
WO00003200,P02,P02_L01,SKU003,2026-05-13 14:00:00,2026-05-13 22:00:00,344,Completed
WO00003201,P02,P02_L01,SKU003,2026-05-13 22:00:00,2026-05-14 06:00:00,344,Completed
WO00003202,P02,P02_L02,SKU004,2026-05-13 06:00:00,2026-05-13 14:00:00,394,Completed
WO00003203,P02,P02_L02,SKU004,2026-05-13 14:00:00,2026-05-13 22:00:00,394,Completed
WO00003204,P02,P02_L02,SKU006,2026-05-13 22:00:00,2026-05-14 06:00:00,386,Completed
WO00003205,P02,P02_L03,SKU007,2026-05-13 06:00:00,2026-05-13 14:00:00,331,Completed
WO00003206,P02,P02_L03,SKU001,2026-05-13 14:00:00,2026-05-13 22:00:00,331,Completed
WO00003207,P02,P02_L03,SKU003,2026-05-13 22:00:00,2026-05-14 06:00:00,331,Completed
WO00003208,P03,P03_L01,SKU001,2026-05-13 06:00:00,2026-05-13 14:00:00,351,Completed
WO00003209,P03,P03_L01,SKU001,2026-05-13 14:00:00,2026-05-13 22:00:00,351,Completed
WO00003210,P03,P03_L01,SKU001,2026-05-13 22:00:00,2026-05-14 06:00:00,351,Completed
WO00003211,P03,P03_L02,SKU002,2026-05-13 06:00:00,2026-05-13 14:00:00,398,Completed
WO00003212,P03,P03_L02,SKU006,2026-05-13 14:00:00,2026-05-13 22:00:00,386,Completed
WO00003213,P03,P03_L02,SKU001,2026-05-13 22:00:00,2026-05-14 06:00:00,351,Completed
WO00003214,P03,P03_L03,SKU004,2026-05-13 06:00:00,2026-05-13 14:00:00,399,Completed
WO00003215,P03,P03_L03,SKU004,2026-05-13 14:00:00,2026-05-13 22:00:00,399,Completed
WO00003216,P03,P03_L03,SKU003,2026-05-13 22:00:00,2026-05-14 06:00:00,409,Completed
WO00003217,P01,P01_L01,SKU007,2026-05-14 06:00:00,2026-05-14 14:00:00,492,Completed
WO00003218,P01,P01_L01,SKU005,2026-05-14 14:00:00,2026-05-14 22:00:00,355,Completed
WO00003219,P01,P01_L01,SKU002,2026-05-14 22:00:00,2026-05-15 06:00:00,492,Completed
WO00003220,P01,P01_L02,SKU006,2026-05-14 06:00:00,2026-05-14 14:00:00,386,Completed
WO00003221,P01,P01_L02,SKU001,2026-05-14 14:00:00,2026-05-14 22:00:00,351,Completed
WO00003222,P01,P01_L02,SKU002,2026-05-14 22:00:00,2026-05-15 06:00:00,459,Completed
WO00003223,P01,P01_L03,SKU003,2026-05-14 06:00:00,2026-05-14 14:00:00,436,Completed
WO00003224,P01,P01_L03,SKU004,2026-05-14 14:00:00,2026-05-14 22:00:00,399,Completed
WO00003225,P01,P01_L03,SKU003,2026-05-14 22:00:00,2026-05-15 06:00:00,436,Completed
WO00003226,P02,P02_L01,SKU001,2026-05-14 06:00:00,2026-05-14 14:00:00,344,Completed
WO00003227,P02,P02_L01,SKU004,2026-05-14 14:00:00,2026-05-14 22:00:00,344,Completed
WO00003228,P02,P02_L01,SKU003,2026-05-14 22:00:00,2026-05-15 06:00:00,344,Completed
WO00003229,P02,P02_L02,SKU005,2026-05-14 06:00:00,2026-05-14 14:00:00,355,Completed
WO00003230,P02,P02_L02,SKU002,2026-05-14 14:00:00,2026-05-14 22:00:00,394,Completed
WO00003231,P02,P02_L02,SKU002,2026-05-14 22:00:00,2026-05-15 06:00:00,394,Completed
WO00003232,P02,P02_L03,SKU008,2026-05-14 06:00:00,2026-05-14 14:00:00,331,Completed
WO00003233,P02,P02_L03,SKU001,2026-05-14 14:00:00,2026-05-14 22:00:00,331,Completed
WO00003234,P02,P02_L03,SKU005,2026-05-14 22:00:00,2026-05-15 06:00:00,331,Completed
WO00003235,P03,P03_L01,SKU003,2026-05-14 06:00:00,2026-05-14 14:00:00,406,Completed
WO00003236,P03,P03_L01,SKU001,2026-05-14 14:00:00,2026-05-14 22:00:00,351,Completed
WO00003237,P03,P03_L01,SKU003,2026-05-14 22:00:00,2026-05-15 06:00:00,406,Completed
WO00003238,P03,P03_L02,SKU002,2026-05-14 06:00:00,2026-05-14 14:00:00,398,Completed
WO00003239,P03,P03_L02,SKU004,2026-05-14 14:00:00,2026-05-14 22:00:00,398,Completed
WO00003240,P03,P03_L02,SKU002,2026-05-14 22:00:00,2026-05-15 06:00:00,398,Completed
WO00003241,P03,P03_L03,SKU001,2026-05-14 06:00:00,2026-05-14 14:00:00,351,Completed
WO00003242,P03,P03_L03,SKU003,2026-05-14 14:00:00,2026-05-14 22:00:00,409,Completed
WO00003243,P03,P03_L03,SKU001,2026-05-14 22:00:00,2026-05-15 06:00:00,351,Completed
WO00003244,P01,P01_L01,SKU007,2026-05-15 06:00:00,2026-05-15 14:00:00,492,Completed
WO00003245,P01,P01_L01,SKU007,2026-05-15 14:00:00,2026-05-15 22:00:00,492,Completed
WO00003246,P01,P01_L01,SKU007,2026-05-15 22:00:00,2026-05-16 06:00:00,492,Completed
WO00003247,P01,P01_L02,SKU003,2026-05-15 06:00:00,2026-05-15 14:00:00,436,Completed
WO00003248,P01,P01_L02,SKU004,2026-05-15 14:00:00,2026-05-15 22:00:00,399,Completed
WO00003249,P01,P01_L02,SKU004,2026-05-15 22:00:00,2026-05-16 06:00:00,399,Completed
WO00003250,P01,P01_L03,SKU004,2026-05-15 06:00:00,2026-05-15 14:00:00,399,Completed
WO00003251,P01,P01_L03,SKU008,2026-05-15 14:00:00,2026-05-15 22:00:00,425,Completed
WO00003252,P01,P01_L03,SKU003,2026-05-15 22:00:00,2026-05-16 06:00:00,436,Completed
WO00003253,P02,P02_L01,SKU003,2026-05-15 06:00:00,2026-05-15 14:00:00,344,Completed
WO00003254,P02,P02_L01,SKU003,2026-05-15 14:00:00,2026-05-15 22:00:00,344,Completed
WO00003255,P02,P02_L01,SKU005,2026-05-15 22:00:00,2026-05-16 06:00:00,344,Completed
WO00003256,P02,P02_L02,SKU002,2026-05-15 06:00:00,2026-05-15 14:00:00,394,Completed
WO00003257,P02,P02_L02,SKU006,2026-05-15 14:00:00,2026-05-15 22:00:00,386,Completed
WO00003258,P02,P02_L02,SKU001,2026-05-15 22:00:00,2026-05-16 06:00:00,351,Completed
WO00003259,P02,P02_L03,SKU007,2026-05-15 06:00:00,2026-05-15 14:00:00,331,Completed
WO00003260,P02,P02_L03,SKU004,2026-05-15 14:00:00,2026-05-15 22:00:00,331,Completed
WO00003261,P02,P02_L03,SKU003,2026-05-15 22:00:00,2026-05-16 06:00:00,331,Completed
WO00003262,P03,P03_L01,SKU001,2026-05-15 06:00:00,2026-05-15 14:00:00,351,Completed
WO00003263,P03,P03_L01,SKU003,2026-05-15 14:00:00,2026-05-15 22:00:00,406,Completed
WO00003264,P03,P03_L01,SKU006,2026-05-15 22:00:00,2026-05-16 06:00:00,386,Completed
WO00003265,P03,P03_L02,SKU006,2026-05-15 06:00:00,2026-05-15 14:00:00,386,Completed
WO00003266,P03,P03_L02,SKU006,2026-05-15 14:00:00,2026-05-15 22:00:00,386,Completed
WO00003267,P03,P03_L02,SKU002,2026-05-15 22:00:00,2026-05-16 06:00:00,398,Completed
WO00003268,P03,P03_L03,SKU006,2026-05-15 06:00:00,2026-05-15 14:00:00,386,Completed
WO00003269,P03,P03_L03,SKU003,2026-05-15 14:00:00,2026-05-15 22:00:00,409,Completed
WO00003270,P03,P03_L03,SKU001,2026-05-15 22:00:00,2026-05-16 06:00:00,351,Completed
WO00003271,P01,P01_L01,SKU001,2026-05-16 14:00:00,2026-05-16 22:00:00,351,Completed
WO00003272,P01,P01_L01,SKU002,2026-05-16 22:00:00,2026-05-17 06:00:00,492,Completed
WO00003273,P01,P01_L02,SKU004,2026-05-16 06:00:00,2026-05-16 14:00:00,399,Completed
WO00003274,P01,P01_L02,SKU001,2026-05-16 14:00:00,2026-05-16 22:00:00,351,Completed
WO00003275,P01,P01_L02,SKU004,2026-05-16 22:00:00,2026-05-17 06:00:00,399,Completed
WO00003276,P01,P01_L03,SKU003,2026-05-16 22:00:00,2026-05-17 06:00:00,436,Completed
WO00003277,P02,P02_L01,SKU003,2026-05-16 06:00:00,2026-05-16 14:00:00,344,Completed
WO00003278,P02,P02_L01,SKU003,2026-05-16 22:00:00,2026-05-17 06:00:00,344,Completed
WO00003279,P02,P02_L02,SKU002,2026-05-16 14:00:00,2026-05-16 22:00:00,394,Completed
WO00003280,P02,P02_L02,SKU004,2026-05-16 22:00:00,2026-05-17 06:00:00,394,Completed
WO00003281,P02,P02_L03,SKU007,2026-05-16 14:00:00,2026-05-16 22:00:00,331,Completed
WO00003282,P02,P02_L03,SKU005,2026-05-16 22:00:00,2026-05-17 06:00:00,331,Completed
WO00003283,P03,P03_L01,SKU008,2026-05-16 06:00:00,2026-05-16 14:00:00,406,Completed
WO00003284,P03,P03_L01,SKU004,2026-05-16 14:00:00,2026-05-16 22:00:00,399,Completed
WO00003285,P03,P03_L01,SKU001,2026-05-16 22:00:00,2026-05-17 06:00:00,351,Completed
WO00003286,P03,P03_L02,SKU002,2026-05-16 06:00:00,2026-05-16 14:00:00,398,Completed
WO00003287,P03,P03_L02,SKU006,2026-05-16 14:00:00,2026-05-16 22:00:00,386,Completed
WO00003288,P03,P03_L02,SKU006,2026-05-16 22:00:00,2026-05-17 06:00:00,386,Completed
WO00003289,P03,P03_L03,SKU003,2026-05-16 06:00:00,2026-05-16 14:00:00,409,Completed
WO00003290,P03,P03_L03,SKU001,2026-05-16 14:00:00,2026-05-16 22:00:00,351,Completed
WO00003291,P03,P03_L03,SKU004,2026-05-16 22:00:00,2026-05-17 06:00:00,399,Completed
WO00003292,P01,P01_L01,SKU007,2026-05-17 06:00:00,2026-05-17 14:00:00,492,Completed
WO00003293,P01,P01_L01,SKU005,2026-05-17 14:00:00,2026-05-17 22:00:00,355,Completed
WO00003294,P01,P01_L02,SKU001,2026-05-17 14:00:00,2026-05-17 22:00:00,351,Completed
WO00003295,P01,P01_L03,SKU003,2026-05-17 06:00:00,2026-05-17 14:00:00,436,Completed
WO00003296,P01,P01_L03,SKU008,2026-05-17 14:00:00,2026-05-17 22:00:00,425,Completed
WO00003297,P01,P01_L03,SKU003,2026-05-17 22:00:00,2026-05-18 06:00:00,436,Completed
WO00003298,P02,P02_L01,SKU003,2026-05-17 14:00:00,2026-05-17 22:00:00,344,Completed
WO00003299,P02,P02_L01,SKU006,2026-05-17 22:00:00,2026-05-18 06:00:00,344,Completed
WO00003300,P02,P02_L02,SKU004,2026-05-17 06:00:00,2026-05-17 14:00:00,394,Completed
WO00003301,P02,P02_L02,SKU004,2026-05-17 14:00:00,2026-05-17 22:00:00,394,Completed
WO00003302,P02,P02_L02,SKU004,2026-05-17 22:00:00,2026-05-18 06:00:00,394,Completed
WO00003303,P02,P02_L03,SKU003,2026-05-17 14:00:00,2026-05-17 22:00:00,331,Completed
WO00003304,P02,P02_L03,SKU007,2026-05-17 22:00:00,2026-05-18 06:00:00,331,Completed
WO00003305,P03,P03_L01,SKU004,2026-05-17 06:00:00,2026-05-17 14:00:00,399,Completed
WO00003306,P03,P03_L02,SKU006,2026-05-17 06:00:00,2026-05-17 14:00:00,386,Completed
WO00003307,P03,P03_L02,SKU006,2026-05-17 14:00:00,2026-05-17 22:00:00,386,Completed
WO00003308,P03,P03_L02,SKU008,2026-05-17 22:00:00,2026-05-18 06:00:00,398,Completed
WO00003309,P03,P03_L03,SKU004,2026-05-17 14:00:00,2026-05-17 22:00:00,399,Completed
WO00003310,P03,P03_L03,SKU004,2026-05-17 22:00:00,2026-05-18 06:00:00,399,Completed
WO00003311,P01,P01_L01,SKU005,2026-05-18 06:00:00,2026-05-18 14:00:00,355,Completed
WO00003312,P01,P01_L01,SKU007,2026-05-18 14:00:00,2026-05-18 22:00:00,492,Completed
WO00003313,P01,P01_L01,SKU001,2026-05-18 22:00:00,2026-05-19 06:00:00,351,Completed
WO00003314,P01,P01_L02,SKU001,2026-05-18 06:00:00,2026-05-18 14:00:00,351,Completed
WO00003315,P01,P01_L02,SKU002,2026-05-18 14:00:00,2026-05-18 22:00:00,459,Completed
WO00003316,P01,P01_L02,SKU008,2026-05-18 22:00:00,2026-05-19 06:00:00,425,Completed
WO00003317,P01,P01_L03,SKU008,2026-05-18 06:00:00,2026-05-18 14:00:00,425,Completed
WO00003318,P01,P01_L03,SKU003,2026-05-18 14:00:00,2026-05-18 22:00:00,436,Completed
WO00003319,P01,P01_L03,SKU003,2026-05-18 22:00:00,2026-05-19 06:00:00,436,Completed
WO00003320,P02,P02_L01,SKU002,2026-05-18 06:00:00,2026-05-18 14:00:00,344,Completed
WO00003321,P02,P02_L01,SKU003,2026-05-18 14:00:00,2026-05-18 22:00:00,344,Completed
WO00003322,P02,P02_L01,SKU003,2026-05-18 22:00:00,2026-05-19 06:00:00,344,Completed
WO00003323,P02,P02_L02,SKU004,2026-05-18 06:00:00,2026-05-18 14:00:00,394,Completed
WO00003324,P02,P02_L02,SKU006,2026-05-18 14:00:00,2026-05-18 22:00:00,386,Completed
WO00003325,P02,P02_L02,SKU002,2026-05-18 22:00:00,2026-05-19 06:00:00,394,Completed
WO00003326,P02,P02_L03,SKU007,2026-05-18 06:00:00,2026-05-18 14:00:00,331,Completed
WO00003327,P02,P02_L03,SKU002,2026-05-18 14:00:00,2026-05-18 22:00:00,331,Completed
WO00003328,P02,P02_L03,SKU005,2026-05-18 22:00:00,2026-05-19 06:00:00,331,Completed
WO00003329,P03,P03_L01,SKU003,2026-05-18 06:00:00,2026-05-18 14:00:00,406,Completed
WO00003330,P03,P03_L01,SKU007,2026-05-18 14:00:00,2026-05-18 22:00:00,406,Completed
WO00003331,P03,P03_L01,SKU001,2026-05-18 22:00:00,2026-05-19 06:00:00,351,Completed
WO00003332,P03,P03_L02,SKU002,2026-05-18 06:00:00,2026-05-18 14:00:00,398,Completed
WO00003333,P03,P03_L02,SKU001,2026-05-18 14:00:00,2026-05-18 22:00:00,351,Completed
WO00003334,P03,P03_L02,SKU006,2026-05-18 22:00:00,2026-05-19 06:00:00,386,Completed
WO00003335,P03,P03_L03,SKU004,2026-05-18 06:00:00,2026-05-18 14:00:00,399,Completed
WO00003336,P03,P03_L03,SKU003,2026-05-18 14:00:00,2026-05-18 22:00:00,409,Completed
WO00003337,P03,P03_L03,SKU001,2026-05-18 22:00:00,2026-05-19 06:00:00,351,Completed
WO00003338,P01,P01_L01,SKU001,2026-05-19 06:00:00,2026-05-19 14:00:00,351,Completed
WO00003339,P01,P01_L01,SKU007,2026-05-19 14:00:00,2026-05-19 22:00:00,492,Completed
WO00003340,P01,P01_L01,SKU001,2026-05-19 22:00:00,2026-05-20 06:00:00,351,Completed
WO00003341,P01,P01_L02,SKU004,2026-05-19 06:00:00,2026-05-19 14:00:00,399,Completed
WO00003342,P01,P01_L02,SKU006,2026-05-19 14:00:00,2026-05-19 22:00:00,386,Completed
WO00003343,P01,P01_L02,SKU008,2026-05-19 22:00:00,2026-05-20 06:00:00,425,Completed
WO00003344,P01,P01_L03,SKU003,2026-05-19 06:00:00,2026-05-19 14:00:00,436,Completed
WO00003345,P01,P01_L03,SKU008,2026-05-19 14:00:00,2026-05-19 22:00:00,425,Completed
WO00003346,P01,P01_L03,SKU005,2026-05-19 22:00:00,2026-05-20 06:00:00,355,Completed
WO00003347,P02,P02_L01,SKU002,2026-05-19 06:00:00,2026-05-19 14:00:00,344,Completed
WO00003348,P02,P02_L01,SKU006,2026-05-19 14:00:00,2026-05-19 22:00:00,344,Completed
WO00003349,P02,P02_L01,SKU001,2026-05-19 22:00:00,2026-05-20 06:00:00,344,Completed
WO00003350,P02,P02_L02,SKU001,2026-05-19 06:00:00,2026-05-19 14:00:00,351,Completed
WO00003351,P02,P02_L02,SKU008,2026-05-19 14:00:00,2026-05-19 22:00:00,394,Completed
WO00003352,P02,P02_L02,SKU001,2026-05-19 22:00:00,2026-05-20 06:00:00,351,Completed
WO00003353,P02,P02_L03,SKU006,2026-05-19 06:00:00,2026-05-19 14:00:00,331,Completed
WO00003354,P02,P02_L03,SKU003,2026-05-19 14:00:00,2026-05-19 22:00:00,331,Completed
WO00003355,P02,P02_L03,SKU007,2026-05-19 22:00:00,2026-05-20 06:00:00,331,Completed
WO00003356,P03,P03_L01,SKU004,2026-05-19 06:00:00,2026-05-19 14:00:00,399,Completed
WO00003357,P03,P03_L01,SKU003,2026-05-19 14:00:00,2026-05-19 22:00:00,406,Completed
WO00003358,P03,P03_L01,SKU001,2026-05-19 22:00:00,2026-05-20 06:00:00,351,Completed
WO00003359,P03,P03_L02,SKU005,2026-05-19 06:00:00,2026-05-19 14:00:00,355,Completed
WO00003360,P03,P03_L02,SKU004,2026-05-19 14:00:00,2026-05-19 22:00:00,398,Completed
WO00003361,P03,P03_L02,SKU002,2026-05-19 22:00:00,2026-05-20 06:00:00,398,Completed
WO00003362,P03,P03_L03,SKU004,2026-05-19 06:00:00,2026-05-19 14:00:00,399,Completed
WO00003363,P03,P03_L03,SKU004,2026-05-19 14:00:00,2026-05-19 22:00:00,399,Completed
WO00003364,P03,P03_L03,SKU001,2026-05-19 22:00:00,2026-05-20 06:00:00,351,Completed
WO00003365,P01,P01_L01,SKU004,2026-05-20 06:00:00,2026-05-20 14:00:00,399,Completed
WO00003366,P01,P01_L01,SKU006,2026-05-20 14:00:00,2026-05-20 22:00:00,386,Completed
WO00003367,P01,P01_L01,SKU008,2026-05-20 22:00:00,2026-05-21 06:00:00,425,Completed
WO00003368,P01,P01_L02,SKU007,2026-05-20 06:00:00,2026-05-20 14:00:00,459,Completed
WO00003369,P01,P01_L02,SKU001,2026-05-20 14:00:00,2026-05-20 22:00:00,351,Completed
WO00003370,P01,P01_L02,SKU008,2026-05-20 22:00:00,2026-05-21 06:00:00,425,Completed
WO00003371,P01,P01_L03,SKU003,2026-05-20 06:00:00,2026-05-20 14:00:00,436,Completed
WO00003372,P01,P01_L03,SKU008,2026-05-20 14:00:00,2026-05-20 22:00:00,425,Completed
WO00003373,P01,P01_L03,SKU002,2026-05-20 22:00:00,2026-05-21 06:00:00,507,Completed
WO00003374,P02,P02_L01,SKU003,2026-05-20 06:00:00,2026-05-20 14:00:00,344,Completed
WO00003375,P02,P02_L01,SKU003,2026-05-20 14:00:00,2026-05-20 22:00:00,344,Completed
WO00003376,P02,P02_L01,SKU003,2026-05-20 22:00:00,2026-05-21 06:00:00,344,Completed
WO00003377,P02,P02_L02,SKU002,2026-05-20 06:00:00,2026-05-20 14:00:00,394,Completed
WO00003378,P02,P02_L02,SKU002,2026-05-20 14:00:00,2026-05-20 22:00:00,394,Completed
WO00003379,P02,P02_L02,SKU005,2026-05-20 22:00:00,2026-05-21 06:00:00,355,Completed
WO00003380,P02,P02_L03,SKU004,2026-05-20 06:00:00,2026-05-20 14:00:00,331,Completed
WO00003381,P02,P02_L03,SKU003,2026-05-20 14:00:00,2026-05-20 22:00:00,331,Completed
WO00003382,P02,P02_L03,SKU007,2026-05-20 22:00:00,2026-05-21 06:00:00,331,Completed
WO00003383,P03,P03_L01,SKU003,2026-05-20 06:00:00,2026-05-20 14:00:00,406,Completed
WO00003384,P03,P03_L01,SKU001,2026-05-20 14:00:00,2026-05-20 22:00:00,351,Completed
WO00003385,P03,P03_L01,SKU001,2026-05-20 22:00:00,2026-05-21 06:00:00,351,Completed
WO00003386,P03,P03_L02,SKU004,2026-05-20 06:00:00,2026-05-20 14:00:00,398,Completed
WO00003387,P03,P03_L02,SKU005,2026-05-20 14:00:00,2026-05-20 22:00:00,355,Completed
WO00003388,P03,P03_L02,SKU006,2026-05-20 22:00:00,2026-05-21 06:00:00,386,Completed
WO00003389,P03,P03_L03,SKU003,2026-05-20 06:00:00,2026-05-20 14:00:00,409,Completed
WO00003390,P03,P03_L03,SKU004,2026-05-20 14:00:00,2026-05-20 22:00:00,399,Completed
WO00003391,P03,P03_L03,SKU004,2026-05-20 22:00:00,2026-05-21 06:00:00,399,Completed
WO00003392,P01,P01_L01,SKU007,2026-05-21 06:00:00,2026-05-21 14:00:00,492,Completed
WO00003393,P01,P01_L01,SKU007,2026-05-21 14:00:00,2026-05-21 22:00:00,492,Completed
WO00003394,P01,P01_L01,SKU005,2026-05-21 22:00:00,2026-05-22 06:00:00,355,Completed
WO00003395,P01,P01_L02,SKU001,2026-05-21 06:00:00,2026-05-21 14:00:00,351,Completed
WO00003396,P01,P01_L02,SKU006,2026-05-21 14:00:00,2026-05-21 22:00:00,386,Completed
WO00003397,P01,P01_L02,SKU001,2026-05-21 22:00:00,2026-05-22 06:00:00,351,Completed
WO00003398,P01,P01_L03,SKU003,2026-05-21 06:00:00,2026-05-21 14:00:00,436,Completed
WO00003399,P01,P01_L03,SKU003,2026-05-21 14:00:00,2026-05-21 22:00:00,436,Completed
WO00003400,P01,P01_L03,SKU007,2026-05-21 22:00:00,2026-05-22 06:00:00,522,Completed
WO00003401,P02,P02_L01,SKU001,2026-05-21 06:00:00,2026-05-21 14:00:00,344,Completed
WO00003402,P02,P02_L01,SKU003,2026-05-21 14:00:00,2026-05-21 22:00:00,344,Completed
WO00003403,P02,P02_L01,SKU003,2026-05-21 22:00:00,2026-05-22 06:00:00,344,Completed
WO00003404,P02,P02_L02,SKU004,2026-05-21 06:00:00,2026-05-21 14:00:00,394,Completed
WO00003405,P02,P02_L02,SKU004,2026-05-21 14:00:00,2026-05-21 22:00:00,394,Completed
WO00003406,P02,P02_L02,SKU002,2026-05-21 22:00:00,2026-05-22 06:00:00,394,Completed
WO00003407,P02,P02_L03,SKU003,2026-05-21 06:00:00,2026-05-21 14:00:00,331,Completed
WO00003408,P02,P02_L03,SKU005,2026-05-21 14:00:00,2026-05-21 22:00:00,331,Completed
WO00003409,P02,P02_L03,SKU007,2026-05-21 22:00:00,2026-05-22 06:00:00,331,Completed
WO00003410,P03,P03_L01,SKU006,2026-05-21 06:00:00,2026-05-21 14:00:00,386,Completed
WO00003411,P03,P03_L01,SKU001,2026-05-21 14:00:00,2026-05-21 22:00:00,351,Completed
WO00003412,P03,P03_L01,SKU004,2026-05-21 22:00:00,2026-05-22 06:00:00,399,Completed
WO00003413,P03,P03_L02,SKU002,2026-05-21 06:00:00,2026-05-21 14:00:00,398,Completed
WO00003414,P03,P03_L02,SKU006,2026-05-21 14:00:00,2026-05-21 22:00:00,386,Completed
WO00003415,P03,P03_L02,SKU008,2026-05-21 22:00:00,2026-05-22 06:00:00,398,Completed
WO00003416,P03,P03_L03,SKU004,2026-05-21 06:00:00,2026-05-21 14:00:00,399,Completed
WO00003417,P03,P03_L03,SKU003,2026-05-21 14:00:00,2026-05-21 22:00:00,409,Completed
WO00003418,P03,P03_L03,SKU001,2026-05-21 22:00:00,2026-05-22 06:00:00,351,Completed
WO00003419,P01,P01_L01,SKU001,2026-05-22 06:00:00,2026-05-22 14:00:00,351,Completed
WO00003420,P01,P01_L01,SKU001,2026-05-22 14:00:00,2026-05-22 22:00:00,351,Completed
WO00003421,P01,P01_L01,SKU002,2026-05-22 22:00:00,2026-05-23 06:00:00,492,Completed
WO00003422,P01,P01_L02,SKU001,2026-05-22 06:00:00,2026-05-22 14:00:00,351,Completed
WO00003423,P01,P01_L02,SKU002,2026-05-22 14:00:00,2026-05-22 22:00:00,459,Completed
WO00003424,P01,P01_L02,SKU004,2026-05-22 22:00:00,2026-05-23 06:00:00,399,Completed
WO00003425,P01,P01_L03,SKU003,2026-05-22 06:00:00,2026-05-22 14:00:00,436,Completed
WO00003426,P01,P01_L03,SKU003,2026-05-22 14:00:00,2026-05-22 22:00:00,436,Completed
WO00003427,P01,P01_L03,SKU008,2026-05-22 22:00:00,2026-05-23 06:00:00,425,Completed
WO00003428,P02,P02_L01,SKU003,2026-05-22 06:00:00,2026-05-22 14:00:00,344,Completed
WO00003429,P02,P02_L01,SKU003,2026-05-22 14:00:00,2026-05-22 22:00:00,344,Completed
WO00003430,P02,P02_L01,SKU002,2026-05-22 22:00:00,2026-05-23 06:00:00,344,Completed
WO00003431,P02,P02_L02,SKU005,2026-05-22 06:00:00,2026-05-22 14:00:00,355,Completed
WO00003432,P02,P02_L02,SKU004,2026-05-22 14:00:00,2026-05-22 22:00:00,394,Completed
WO00003433,P02,P02_L02,SKU003,2026-05-22 22:00:00,2026-05-23 06:00:00,394,Completed
WO00003434,P02,P02_L03,SKU007,2026-05-22 06:00:00,2026-05-22 14:00:00,331,Completed
WO00003435,P02,P02_L03,SKU003,2026-05-22 14:00:00,2026-05-22 22:00:00,331,Completed
WO00003436,P02,P02_L03,SKU007,2026-05-22 22:00:00,2026-05-23 06:00:00,331,Completed
WO00003437,P03,P03_L01,SKU004,2026-05-22 06:00:00,2026-05-22 14:00:00,399,Completed
WO00003438,P03,P03_L01,SKU004,2026-05-22 14:00:00,2026-05-22 22:00:00,399,Completed
WO00003439,P03,P03_L01,SKU001,2026-05-22 22:00:00,2026-05-23 06:00:00,351,Completed
WO00003440,P03,P03_L02,SKU006,2026-05-22 06:00:00,2026-05-22 14:00:00,386,Completed
WO00003441,P03,P03_L02,SKU002,2026-05-22 14:00:00,2026-05-22 22:00:00,398,Completed
WO00003442,P03,P03_L02,SKU005,2026-05-22 22:00:00,2026-05-23 06:00:00,355,Completed
WO00003443,P03,P03_L03,SKU001,2026-05-22 06:00:00,2026-05-22 14:00:00,351,Completed
WO00003444,P03,P03_L03,SKU001,2026-05-22 14:00:00,2026-05-22 22:00:00,351,Completed
WO00003445,P03,P03_L03,SKU004,2026-05-22 22:00:00,2026-05-23 06:00:00,399,Completed
WO00003446,P01,P01_L01,SKU007,2026-05-23 06:00:00,2026-05-23 14:00:00,492,Completed
WO00003447,P01,P01_L02,SKU004,2026-05-23 06:00:00,2026-05-23 14:00:00,399,Completed
WO00003448,P01,P01_L02,SKU001,2026-05-23 14:00:00,2026-05-23 22:00:00,351,Completed
WO00003449,P01,P01_L02,SKU008,2026-05-23 22:00:00,2026-05-24 06:00:00,425,Completed
WO00003450,P01,P01_L03,SKU006,2026-05-23 06:00:00,2026-05-23 14:00:00,386,Completed
WO00003451,P01,P01_L03,SKU003,2026-05-23 14:00:00,2026-05-23 22:00:00,436,Completed
WO00003452,P01,P01_L03,SKU004,2026-05-23 22:00:00,2026-05-24 06:00:00,399,Completed
WO00003453,P02,P02_L02,SKU004,2026-05-23 06:00:00,2026-05-23 14:00:00,394,Completed
WO00003454,P02,P02_L02,SKU004,2026-05-23 22:00:00,2026-05-24 06:00:00,394,Completed
WO00003455,P02,P02_L03,SKU007,2026-05-23 06:00:00,2026-05-23 14:00:00,331,Completed
WO00003456,P02,P02_L03,SKU007,2026-05-23 14:00:00,2026-05-23 22:00:00,331,Completed
WO00003457,P02,P02_L03,SKU001,2026-05-23 22:00:00,2026-05-24 06:00:00,331,Completed
WO00003458,P03,P03_L01,SKU001,2026-05-23 06:00:00,2026-05-23 14:00:00,351,Completed
WO00003459,P03,P03_L02,SKU006,2026-05-23 06:00:00,2026-05-23 14:00:00,386,Completed
WO00003460,P03,P03_L03,SKU004,2026-05-23 14:00:00,2026-05-23 22:00:00,399,Completed
WO00003461,P03,P03_L03,SKU004,2026-05-23 22:00:00,2026-05-24 06:00:00,399,Completed
WO00003462,P01,P01_L01,SKU005,2026-05-24 22:00:00,2026-05-25 06:00:00,355,Completed
WO00003463,P01,P01_L02,SKU001,2026-05-24 14:00:00,2026-05-24 22:00:00,351,Completed
WO00003464,P01,P01_L03,SKU003,2026-05-24 06:00:00,2026-05-24 14:00:00,436,Completed
WO00003465,P01,P01_L03,SKU003,2026-05-24 14:00:00,2026-05-24 22:00:00,436,Completed
WO00003466,P01,P01_L03,SKU003,2026-05-24 22:00:00,2026-05-25 06:00:00,436,Completed
WO00003467,P02,P02_L01,SKU004,2026-05-24 06:00:00,2026-05-24 14:00:00,344,Completed
WO00003468,P02,P02_L01,SKU001,2026-05-24 14:00:00,2026-05-24 22:00:00,344,Completed
WO00003469,P02,P02_L02,SKU007,2026-05-24 06:00:00,2026-05-24 14:00:00,394,Completed
WO00003470,P02,P02_L02,SKU003,2026-05-24 14:00:00,2026-05-24 22:00:00,394,Completed
WO00003471,P02,P02_L03,SKU003,2026-05-24 06:00:00,2026-05-24 14:00:00,331,Completed
WO00003472,P02,P02_L03,SKU003,2026-05-24 22:00:00,2026-05-25 06:00:00,331,Completed
WO00003473,P03,P03_L01,SKU001,2026-05-24 06:00:00,2026-05-24 14:00:00,351,Completed
WO00003474,P03,P03_L01,SKU001,2026-05-24 14:00:00,2026-05-24 22:00:00,351,Completed
WO00003475,P03,P03_L01,SKU001,2026-05-24 22:00:00,2026-05-25 06:00:00,351,Completed
WO00003476,P03,P03_L02,SKU001,2026-05-24 22:00:00,2026-05-25 06:00:00,351,Completed
WO00003477,P03,P03_L03,SKU004,2026-05-24 06:00:00,2026-05-24 14:00:00,399,Completed
WO00003478,P03,P03_L03,SKU006,2026-05-24 14:00:00,2026-05-24 22:00:00,386,Completed
WO00003479,P03,P03_L03,SKU006,2026-05-24 22:00:00,2026-05-25 06:00:00,386,Completed
WO00003480,P01,P01_L01,SKU001,2026-05-25 06:00:00,2026-05-25 14:00:00,351,Completed
WO00003481,P01,P01_L01,SKU001,2026-05-25 14:00:00,2026-05-25 22:00:00,351,Completed
WO00003482,P01,P01_L01,SKU005,2026-05-25 22:00:00,2026-05-26 06:00:00,355,Completed
WO00003483,P01,P01_L02,SKU004,2026-05-25 06:00:00,2026-05-25 14:00:00,399,Completed
WO00003484,P01,P01_L02,SKU001,2026-05-25 14:00:00,2026-05-25 22:00:00,351,Completed
WO00003485,P01,P01_L02,SKU004,2026-05-25 22:00:00,2026-05-26 06:00:00,399,Completed
WO00003486,P01,P01_L03,SKU007,2026-05-25 06:00:00,2026-05-25 14:00:00,522,Completed
WO00003487,P01,P01_L03,SKU003,2026-05-25 14:00:00,2026-05-25 22:00:00,436,Completed
WO00003488,P01,P01_L03,SKU003,2026-05-25 22:00:00,2026-05-26 06:00:00,436,Completed
WO00003489,P02,P02_L01,SKU006,2026-05-25 06:00:00,2026-05-25 14:00:00,344,Completed
WO00003490,P02,P02_L01,SKU003,2026-05-25 14:00:00,2026-05-25 22:00:00,344,Completed
WO00003491,P02,P02_L01,SKU001,2026-05-25 22:00:00,2026-05-26 06:00:00,344,Completed
WO00003492,P02,P02_L02,SKU008,2026-05-25 06:00:00,2026-05-25 14:00:00,394,Completed
WO00003493,P02,P02_L02,SKU002,2026-05-25 14:00:00,2026-05-25 22:00:00,394,Completed
WO00003494,P02,P02_L02,SKU002,2026-05-25 22:00:00,2026-05-26 06:00:00,394,Completed
WO00003495,P02,P02_L03,SKU002,2026-05-25 06:00:00,2026-05-25 14:00:00,331,Completed
WO00003496,P02,P02_L03,SKU003,2026-05-25 14:00:00,2026-05-25 22:00:00,331,Completed
WO00003497,P02,P02_L03,SKU003,2026-05-25 22:00:00,2026-05-26 06:00:00,331,Completed
WO00003498,P03,P03_L01,SKU001,2026-05-25 06:00:00,2026-05-25 14:00:00,351,Completed
WO00003499,P03,P03_L01,SKU004,2026-05-25 14:00:00,2026-05-25 22:00:00,399,Completed
WO00003500,P03,P03_L01,SKU004,2026-05-25 22:00:00,2026-05-26 06:00:00,399,Completed
WO00003501,P03,P03_L02,SKU006,2026-05-25 06:00:00,2026-05-25 14:00:00,386,Completed
WO00003502,P03,P03_L02,SKU006,2026-05-25 14:00:00,2026-05-25 22:00:00,386,Completed
WO00003503,P03,P03_L02,SKU001,2026-05-25 22:00:00,2026-05-26 06:00:00,351,Completed
WO00003504,P03,P03_L03,SKU003,2026-05-25 06:00:00,2026-05-25 14:00:00,409,Completed
WO00003505,P03,P03_L03,SKU004,2026-05-25 14:00:00,2026-05-25 22:00:00,399,Completed
WO00003506,P03,P03_L03,SKU003,2026-05-25 22:00:00,2026-05-26 06:00:00,409,Completed
WO00003507,P01,P01_L01,SKU001,2026-05-26 06:00:00,2026-05-26 14:00:00,351,Completed
WO00003508,P01,P01_L01,SKU008,2026-05-26 14:00:00,2026-05-26 22:00:00,425,Completed
WO00003509,P01,P01_L01,SKU004,2026-05-26 22:00:00,2026-05-27 06:00:00,399,Completed
WO00003510,P01,P01_L02,SKU001,2026-05-26 06:00:00,2026-05-26 14:00:00,351,Completed
WO00003511,P01,P01_L02,SKU001,2026-05-26 14:00:00,2026-05-26 22:00:00,351,Completed
WO00003512,P01,P01_L02,SKU002,2026-05-26 22:00:00,2026-05-27 06:00:00,459,Completed
WO00003513,P01,P01_L03,SKU003,2026-05-26 06:00:00,2026-05-26 14:00:00,436,Completed
WO00003514,P01,P01_L03,SKU004,2026-05-26 14:00:00,2026-05-26 22:00:00,399,Completed
WO00003515,P01,P01_L03,SKU008,2026-05-26 22:00:00,2026-05-27 06:00:00,425,Completed
WO00003516,P02,P02_L01,SKU003,2026-05-26 06:00:00,2026-05-26 14:00:00,344,Completed
WO00003517,P02,P02_L01,SKU003,2026-05-26 14:00:00,2026-05-26 22:00:00,344,Completed
WO00003518,P02,P02_L01,SKU005,2026-05-26 22:00:00,2026-05-27 06:00:00,344,Completed
WO00003519,P02,P02_L02,SKU003,2026-05-26 06:00:00,2026-05-26 14:00:00,394,Completed
WO00003520,P02,P02_L02,SKU002,2026-05-26 14:00:00,2026-05-26 22:00:00,394,Completed
WO00003521,P02,P02_L02,SKU008,2026-05-26 22:00:00,2026-05-27 06:00:00,394,Completed
WO00003522,P02,P02_L03,SKU004,2026-05-26 06:00:00,2026-05-26 14:00:00,331,Completed
WO00003523,P02,P02_L03,SKU001,2026-05-26 14:00:00,2026-05-26 22:00:00,331,Completed
WO00003524,P02,P02_L03,SKU007,2026-05-26 22:00:00,2026-05-27 06:00:00,331,Completed
WO00003525,P03,P03_L01,SKU004,2026-05-26 06:00:00,2026-05-26 14:00:00,399,Completed
WO00003526,P03,P03_L01,SKU004,2026-05-26 14:00:00,2026-05-26 22:00:00,399,Completed
WO00003527,P03,P03_L01,SKU004,2026-05-26 22:00:00,2026-05-27 06:00:00,399,Completed
WO00003528,P03,P03_L02,SKU008,2026-05-26 06:00:00,2026-05-26 14:00:00,398,Completed
WO00003529,P03,P03_L02,SKU001,2026-05-26 14:00:00,2026-05-26 22:00:00,351,Completed
WO00003530,P03,P03_L02,SKU006,2026-05-26 22:00:00,2026-05-27 06:00:00,386,Completed
WO00003531,P03,P03_L03,SKU006,2026-05-26 06:00:00,2026-05-26 14:00:00,386,Completed
WO00003532,P03,P03_L03,SKU006,2026-05-26 14:00:00,2026-05-26 22:00:00,386,Completed
WO00003533,P03,P03_L03,SKU008,2026-05-26 22:00:00,2026-05-27 06:00:00,409,Completed
WO00003534,P01,P01_L01,SKU001,2026-05-27 06:00:00,2026-05-27 14:00:00,351,Completed
WO00003535,P01,P01_L01,SKU001,2026-05-27 14:00:00,2026-05-27 22:00:00,351,Completed
WO00003536,P01,P01_L01,SKU005,2026-05-27 22:00:00,2026-05-28 06:00:00,355,Completed
WO00003537,P01,P01_L02,SKU001,2026-05-27 06:00:00,2026-05-27 14:00:00,351,Completed
WO00003538,P01,P01_L02,SKU008,2026-05-27 14:00:00,2026-05-27 22:00:00,425,Completed
WO00003539,P01,P01_L02,SKU001,2026-05-27 22:00:00,2026-05-28 06:00:00,351,Completed
WO00003540,P01,P01_L03,SKU003,2026-05-27 06:00:00,2026-05-27 14:00:00,436,Completed
WO00003541,P01,P01_L03,SKU003,2026-05-27 14:00:00,2026-05-27 22:00:00,436,Completed
WO00003542,P01,P01_L03,SKU003,2026-05-27 22:00:00,2026-05-28 06:00:00,436,Completed
WO00003543,P02,P02_L01,SKU003,2026-05-27 06:00:00,2026-05-27 14:00:00,344,Completed
WO00003544,P02,P02_L01,SKU001,2026-05-27 14:00:00,2026-05-27 22:00:00,344,Completed
WO00003545,P02,P02_L01,SKU003,2026-05-27 22:00:00,2026-05-28 06:00:00,344,Completed
WO00003546,P02,P02_L02,SKU002,2026-05-27 06:00:00,2026-05-27 14:00:00,394,Completed
WO00003547,P02,P02_L02,SKU002,2026-05-27 14:00:00,2026-05-27 22:00:00,394,Completed
WO00003548,P02,P02_L02,SKU004,2026-05-27 22:00:00,2026-05-28 06:00:00,394,Completed
WO00003549,P02,P02_L03,SKU003,2026-05-27 06:00:00,2026-05-27 14:00:00,331,Completed
WO00003550,P02,P02_L03,SKU003,2026-05-27 14:00:00,2026-05-27 22:00:00,331,Completed
WO00003551,P02,P02_L03,SKU003,2026-05-27 22:00:00,2026-05-28 06:00:00,331,Completed
WO00003552,P03,P03_L01,SKU006,2026-05-27 06:00:00,2026-05-27 14:00:00,386,Completed
WO00003553,P03,P03_L01,SKU001,2026-05-27 14:00:00,2026-05-27 22:00:00,351,Completed
WO00003554,P03,P03_L01,SKU001,2026-05-27 22:00:00,2026-05-28 06:00:00,351,Completed
WO00003555,P03,P03_L02,SKU006,2026-05-27 06:00:00,2026-05-27 14:00:00,386,Completed
WO00003556,P03,P03_L02,SKU005,2026-05-27 14:00:00,2026-05-27 22:00:00,355,Completed
WO00003557,P03,P03_L02,SKU006,2026-05-27 22:00:00,2026-05-28 06:00:00,386,Completed
WO00003558,P03,P03_L03,SKU004,2026-05-27 06:00:00,2026-05-27 14:00:00,399,Completed
WO00003559,P03,P03_L03,SKU006,2026-05-27 14:00:00,2026-05-27 22:00:00,386,Completed
WO00003560,P03,P03_L03,SKU004,2026-05-27 22:00:00,2026-05-28 06:00:00,399,Completed
WO00003561,P01,P01_L01,SKU004,2026-05-28 06:00:00,2026-05-28 14:00:00,399,Completed
WO00003562,P01,P01_L01,SKU005,2026-05-28 14:00:00,2026-05-28 22:00:00,355,Completed
WO00003563,P01,P01_L01,SKU007,2026-05-28 22:00:00,2026-05-29 06:00:00,492,Completed
WO00003564,P01,P01_L02,SKU002,2026-05-28 06:00:00,2026-05-28 14:00:00,459,Completed
WO00003565,P01,P01_L02,SKU006,2026-05-28 14:00:00,2026-05-28 22:00:00,386,Completed
WO00003566,P01,P01_L02,SKU001,2026-05-28 22:00:00,2026-05-29 06:00:00,351,Completed
WO00003567,P01,P01_L03,SKU008,2026-05-28 06:00:00,2026-05-28 14:00:00,425,Completed
WO00003568,P01,P01_L03,SKU003,2026-05-28 14:00:00,2026-05-28 22:00:00,436,Completed
WO00003569,P01,P01_L03,SKU007,2026-05-28 22:00:00,2026-05-29 06:00:00,522,Completed
WO00003570,P02,P02_L01,SKU004,2026-05-28 06:00:00,2026-05-28 14:00:00,344,Completed
WO00003571,P02,P02_L01,SKU001,2026-05-28 14:00:00,2026-05-28 22:00:00,344,Completed
WO00003572,P02,P02_L01,SKU003,2026-05-28 22:00:00,2026-05-29 06:00:00,344,Completed
WO00003573,P02,P02_L02,SKU002,2026-05-28 06:00:00,2026-05-28 14:00:00,394,Completed
WO00003574,P02,P02_L02,SKU001,2026-05-28 14:00:00,2026-05-28 22:00:00,351,Completed
WO00003575,P02,P02_L02,SKU002,2026-05-28 22:00:00,2026-05-29 06:00:00,394,Completed
WO00003576,P02,P02_L03,SKU005,2026-05-28 06:00:00,2026-05-28 14:00:00,331,Completed
WO00003577,P02,P02_L03,SKU007,2026-05-28 14:00:00,2026-05-28 22:00:00,331,Completed
WO00003578,P02,P02_L03,SKU002,2026-05-28 22:00:00,2026-05-29 06:00:00,331,Completed
WO00003579,P03,P03_L01,SKU004,2026-05-28 06:00:00,2026-05-28 14:00:00,399,Completed
WO00003580,P03,P03_L01,SKU004,2026-05-28 14:00:00,2026-05-28 22:00:00,399,Completed
WO00003581,P03,P03_L01,SKU006,2026-05-28 22:00:00,2026-05-29 06:00:00,386,Completed
WO00003582,P03,P03_L02,SKU006,2026-05-28 06:00:00,2026-05-28 14:00:00,386,Completed
WO00003583,P03,P03_L02,SKU004,2026-05-28 14:00:00,2026-05-28 22:00:00,398,Completed
WO00003584,P03,P03_L02,SKU002,2026-05-28 22:00:00,2026-05-29 06:00:00,398,Completed
WO00003585,P03,P03_L03,SKU004,2026-05-28 06:00:00,2026-05-28 14:00:00,399,Completed
WO00003586,P03,P03_L03,SKU001,2026-05-28 14:00:00,2026-05-28 22:00:00,351,Completed
WO00003587,P03,P03_L03,SKU003,2026-05-28 22:00:00,2026-05-29 06:00:00,409,Completed
WO00003588,P01,P01_L01,SKU002,2026-05-29 06:00:00,2026-05-29 14:00:00,492,Completed
WO00003589,P01,P01_L01,SKU001,2026-05-29 14:00:00,2026-05-29 22:00:00,351,Completed
WO00003590,P01,P01_L01,SKU005,2026-05-29 22:00:00,2026-05-30 06:00:00,355,Completed
WO00003591,P01,P01_L02,SKU001,2026-05-29 06:00:00,2026-05-29 14:00:00,351,Completed
WO00003592,P01,P01_L02,SKU008,2026-05-29 14:00:00,2026-05-29 22:00:00,425,Completed
WO00003593,P01,P01_L02,SKU008,2026-05-29 22:00:00,2026-05-30 06:00:00,425,Completed
WO00003594,P01,P01_L03,SKU008,2026-05-29 06:00:00,2026-05-29 14:00:00,425,Completed
WO00003595,P01,P01_L03,SKU003,2026-05-29 14:00:00,2026-05-29 22:00:00,436,Completed
WO00003596,P01,P01_L03,SKU008,2026-05-29 22:00:00,2026-05-30 06:00:00,425,Completed
WO00003597,P02,P02_L01,SKU006,2026-05-29 06:00:00,2026-05-29 14:00:00,344,Completed
WO00003598,P02,P02_L01,SKU001,2026-05-29 14:00:00,2026-05-29 22:00:00,344,Completed
WO00003599,P02,P02_L01,SKU001,2026-05-29 22:00:00,2026-05-30 06:00:00,344,Completed
WO00003600,P02,P02_L02,SKU006,2026-05-29 06:00:00,2026-05-29 14:00:00,386,Completed
WO00003601,P02,P02_L02,SKU006,2026-05-29 14:00:00,2026-05-29 22:00:00,386,Completed
WO00003602,P02,P02_L02,SKU003,2026-05-29 22:00:00,2026-05-30 06:00:00,394,Completed
WO00003603,P02,P02_L03,SKU007,2026-05-29 06:00:00,2026-05-29 14:00:00,331,Completed
WO00003604,P02,P02_L03,SKU005,2026-05-29 14:00:00,2026-05-29 22:00:00,331,Completed
WO00003605,P02,P02_L03,SKU007,2026-05-29 22:00:00,2026-05-30 06:00:00,331,Completed
WO00003606,P03,P03_L01,SKU003,2026-05-29 06:00:00,2026-05-29 14:00:00,406,Completed
WO00003607,P03,P03_L01,SKU004,2026-05-29 14:00:00,2026-05-29 22:00:00,399,Completed
WO00003608,P03,P03_L01,SKU001,2026-05-29 22:00:00,2026-05-30 06:00:00,351,Completed
WO00003609,P03,P03_L02,SKU006,2026-05-29 06:00:00,2026-05-29 14:00:00,386,Completed
WO00003610,P03,P03_L02,SKU006,2026-05-29 14:00:00,2026-05-29 22:00:00,386,Completed
WO00003611,P03,P03_L02,SKU006,2026-05-29 22:00:00,2026-05-30 06:00:00,386,Completed
WO00003612,P03,P03_L03,SKU004,2026-05-29 06:00:00,2026-05-29 14:00:00,399,Completed
WO00003613,P03,P03_L03,SKU001,2026-05-29 14:00:00,2026-05-29 22:00:00,351,Completed
WO00003614,P03,P03_L03,SKU001,2026-05-29 22:00:00,2026-05-30 06:00:00,351,Completed
WO00003615,P01,P01_L01,SKU001,2026-05-30 06:00:00,2026-05-30 14:00:00,351,Completed
WO00003616,P01,P01_L01,SKU005,2026-05-30 22:00:00,2026-05-31 06:00:00,355,Completed
WO00003617,P01,P01_L02,SKU004,2026-05-30 06:00:00,2026-05-30 14:00:00,399,Completed
WO00003618,P01,P01_L02,SKU004,2026-05-30 14:00:00,2026-05-30 22:00:00,399,Completed
WO00003619,P01,P01_L02,SKU001,2026-05-30 22:00:00,2026-05-31 06:00:00,351,Completed
WO00003620,P01,P01_L03,SKU008,2026-05-30 06:00:00,2026-05-30 14:00:00,425,Completed
WO00003621,P01,P01_L03,SKU003,2026-05-30 22:00:00,2026-05-31 06:00:00,436,Completed
WO00003622,P02,P02_L01,SKU004,2026-05-30 14:00:00,2026-05-30 22:00:00,344,Completed
WO00003623,P02,P02_L01,SKU001,2026-05-30 22:00:00,2026-05-31 06:00:00,344,Completed
WO00003624,P02,P02_L02,SKU002,2026-05-30 14:00:00,2026-05-30 22:00:00,394,Completed
WO00003625,P02,P02_L02,SKU004,2026-05-30 22:00:00,2026-05-31 06:00:00,394,Completed
WO00003626,P02,P02_L03,SKU003,2026-05-30 06:00:00,2026-05-30 14:00:00,331,Completed
WO00003627,P02,P02_L03,SKU007,2026-05-30 22:00:00,2026-05-31 06:00:00,331,Completed
WO00003628,P03,P03_L01,SKU002,2026-05-30 14:00:00,2026-05-30 22:00:00,406,Completed
WO00003629,P03,P03_L02,SKU004,2026-05-30 06:00:00,2026-05-30 14:00:00,398,Completed
WO00003630,P03,P03_L02,SKU004,2026-05-30 14:00:00,2026-05-30 22:00:00,398,Completed
WO00003631,P03,P03_L03,SKU007,2026-05-30 06:00:00,2026-05-30 14:00:00,409,Completed
WO00003632,P03,P03_L03,SKU003,2026-05-30 22:00:00,2026-05-31 06:00:00,409,Completed
WO00003633,P01,P01_L01,SKU001,2026-05-31 06:00:00,2026-05-31 14:00:00,351,Completed
WO00003634,P01,P01_L02,SKU004,2026-05-31 14:00:00,2026-05-31 22:00:00,399,Completed
WO00003635,P01,P01_L02,SKU004,2026-05-31 22:00:00,2026-06-01 06:00:00,399,Completed
WO00003636,P01,P01_L03,SKU003,2026-05-31 06:00:00,2026-05-31 14:00:00,436,Completed
WO00003637,P01,P01_L03,SKU003,2026-05-31 14:00:00,2026-05-31 22:00:00,436,Completed
WO00003638,P02,P02_L01,SKU001,2026-05-31 14:00:00,2026-05-31 22:00:00,344,Completed
WO00003639,P02,P02_L01,SKU001,2026-05-31 22:00:00,2026-06-01 06:00:00,344,Completed
WO00003640,P02,P02_L02,SKU002,2026-05-31 06:00:00,2026-05-31 14:00:00,394,Completed
WO00003641,P02,P02_L02,SKU004,2026-05-31 22:00:00,2026-06-01 06:00:00,394,Completed
WO00003642,P02,P02_L03,SKU003,2026-05-31 14:00:00,2026-05-31 22:00:00,331,Completed
WO00003643,P02,P02_L03,SKU005,2026-05-31 22:00:00,2026-06-01 06:00:00,331,Completed
WO00003644,P03,P03_L01,SKU001,2026-05-31 14:00:00,2026-05-31 22:00:00,351,Completed
WO00003645,P03,P03_L01,SKU001,2026-05-31 22:00:00,2026-06-01 06:00:00,351,Completed
WO00003646,P03,P03_L02,SKU002,2026-05-31 14:00:00,2026-05-31 22:00:00,398,Completed
WO00003647,P03,P03_L02,SKU004,2026-05-31 22:00:00,2026-06-01 06:00:00,398,Completed
WO00003648,P01,P01_L01,SKU005,2026-06-01 06:00:00,2026-06-01 14:00:00,355,Completed
WO00003649,P01,P01_L01,SKU001,2026-06-01 14:00:00,2026-06-01 22:00:00,351,Completed
WO00003650,P01,P01_L01,SKU006,2026-06-01 22:00:00,2026-06-02 06:00:00,386,Completed
WO00003651,P01,P01_L02,SKU004,2026-06-01 06:00:00,2026-06-01 14:00:00,399,Completed
WO00003652,P01,P01_L02,SKU001,2026-06-01 14:00:00,2026-06-01 22:00:00,351,Completed
WO00003653,P01,P01_L02,SKU005,2026-06-01 22:00:00,2026-06-02 06:00:00,355,Completed
WO00003654,P01,P01_L03,SKU008,2026-06-01 06:00:00,2026-06-01 14:00:00,425,Completed
WO00003655,P01,P01_L03,SKU003,2026-06-01 14:00:00,2026-06-01 22:00:00,436,Completed
WO00003656,P01,P01_L03,SKU003,2026-06-01 22:00:00,2026-06-02 06:00:00,436,Completed
WO00003657,P02,P02_L01,SKU002,2026-06-01 06:00:00,2026-06-01 14:00:00,344,Completed
WO00003658,P02,P02_L01,SKU001,2026-06-01 14:00:00,2026-06-01 22:00:00,344,Completed
WO00003659,P02,P02_L01,SKU004,2026-06-01 22:00:00,2026-06-02 06:00:00,344,Completed
WO00003660,P02,P02_L02,SKU004,2026-06-01 06:00:00,2026-06-01 14:00:00,394,Completed
WO00003661,P02,P02_L02,SKU002,2026-06-01 14:00:00,2026-06-01 22:00:00,394,Completed
WO00003662,P02,P02_L02,SKU002,2026-06-01 22:00:00,2026-06-02 06:00:00,394,Completed
WO00003663,P02,P02_L03,SKU003,2026-06-01 06:00:00,2026-06-01 14:00:00,331,Completed
WO00003664,P02,P02_L03,SKU003,2026-06-01 14:00:00,2026-06-01 22:00:00,331,Completed
WO00003665,P02,P02_L03,SKU001,2026-06-01 22:00:00,2026-06-02 06:00:00,331,Completed
WO00003666,P03,P03_L01,SKU001,2026-06-01 06:00:00,2026-06-01 14:00:00,351,Completed
WO00003667,P03,P03_L01,SKU001,2026-06-01 14:00:00,2026-06-01 22:00:00,351,Completed
WO00003668,P03,P03_L01,SKU002,2026-06-01 22:00:00,2026-06-02 06:00:00,406,Completed
WO00003669,P03,P03_L02,SKU006,2026-06-01 06:00:00,2026-06-01 14:00:00,386,Completed
WO00003670,P03,P03_L02,SKU006,2026-06-01 14:00:00,2026-06-01 22:00:00,386,Completed
WO00003671,P03,P03_L02,SKU006,2026-06-01 22:00:00,2026-06-02 06:00:00,386,Completed
WO00003672,P03,P03_L03,SKU001,2026-06-01 06:00:00,2026-06-01 14:00:00,351,Completed
WO00003673,P03,P03_L03,SKU001,2026-06-01 14:00:00,2026-06-01 22:00:00,351,Completed
WO00003674,P03,P03_L03,SKU004,2026-06-01 22:00:00,2026-06-02 06:00:00,399,Completed
WO00003675,P01,P01_L01,SKU001,2026-06-02 06:00:00,2026-06-02 14:00:00,351,Completed
WO00003676,P01,P01_L01,SKU004,2026-06-02 14:00:00,2026-06-02 22:00:00,399,Completed
WO00003677,P01,P01_L01,SKU004,2026-06-02 22:00:00,2026-06-03 06:00:00,399,Completed
WO00003678,P01,P01_L02,SKU004,2026-06-02 06:00:00,2026-06-02 14:00:00,399,Completed
WO00003679,P01,P01_L02,SKU003,2026-06-02 14:00:00,2026-06-02 22:00:00,436,Completed
WO00003680,P01,P01_L02,SKU004,2026-06-02 22:00:00,2026-06-03 06:00:00,399,Completed
WO00003681,P01,P01_L03,SKU003,2026-06-02 06:00:00,2026-06-02 14:00:00,436,Completed
WO00003682,P01,P01_L03,SKU008,2026-06-02 14:00:00,2026-06-02 22:00:00,425,Completed
WO00003683,P01,P01_L03,SKU003,2026-06-02 22:00:00,2026-06-03 06:00:00,436,Completed
WO00003684,P02,P02_L01,SKU005,2026-06-02 06:00:00,2026-06-02 14:00:00,344,Completed
WO00003685,P02,P02_L01,SKU006,2026-06-02 14:00:00,2026-06-02 22:00:00,344,Completed
WO00003686,P02,P02_L01,SKU003,2026-06-02 22:00:00,2026-06-03 06:00:00,344,Completed
WO00003687,P02,P02_L02,SKU002,2026-06-02 06:00:00,2026-06-02 14:00:00,394,Completed
WO00003688,P02,P02_L02,SKU001,2026-06-02 14:00:00,2026-06-02 22:00:00,351,Completed
WO00003689,P02,P02_L02,SKU006,2026-06-02 22:00:00,2026-06-03 06:00:00,386,Completed
WO00003690,P02,P02_L03,SKU008,2026-06-02 06:00:00,2026-06-02 14:00:00,331,Completed
WO00003691,P02,P02_L03,SKU007,2026-06-02 14:00:00,2026-06-02 22:00:00,331,Completed
WO00003692,P02,P02_L03,SKU002,2026-06-02 22:00:00,2026-06-03 06:00:00,331,Completed
WO00003693,P03,P03_L01,SKU001,2026-06-02 06:00:00,2026-06-02 14:00:00,351,Completed
WO00003694,P03,P03_L01,SKU003,2026-06-02 14:00:00,2026-06-02 22:00:00,406,Completed
WO00003695,P03,P03_L01,SKU003,2026-06-02 22:00:00,2026-06-03 06:00:00,406,Completed
WO00003696,P03,P03_L02,SKU001,2026-06-02 06:00:00,2026-06-02 14:00:00,351,Completed
WO00003697,P03,P03_L02,SKU006,2026-06-02 14:00:00,2026-06-02 22:00:00,386,Completed
WO00003698,P03,P03_L02,SKU001,2026-06-02 22:00:00,2026-06-03 06:00:00,351,Completed
WO00003699,P03,P03_L03,SKU004,2026-06-02 06:00:00,2026-06-02 14:00:00,399,Completed
WO00003700,P03,P03_L03,SKU003,2026-06-02 14:00:00,2026-06-02 22:00:00,409,Completed
WO00003701,P03,P03_L03,SKU004,2026-06-02 22:00:00,2026-06-03 06:00:00,399,Completed
WO00003702,P01,P01_L01,SKU006,2026-06-03 06:00:00,2026-06-03 14:00:00,386,Completed
WO00003703,P01,P01_L01,SKU001,2026-06-03 14:00:00,2026-06-03 22:00:00,351,Completed
WO00003704,P01,P01_L01,SKU007,2026-06-03 22:00:00,2026-06-04 06:00:00,492,Completed
WO00003705,P01,P01_L02,SKU004,2026-06-03 06:00:00,2026-06-03 14:00:00,399,Completed
WO00003706,P01,P01_L02,SKU006,2026-06-03 14:00:00,2026-06-03 22:00:00,386,Completed
WO00003707,P01,P01_L02,SKU006,2026-06-03 22:00:00,2026-06-04 06:00:00,386,Completed
WO00003708,P01,P01_L03,SKU003,2026-06-03 06:00:00,2026-06-03 14:00:00,436,Completed
WO00003709,P01,P01_L03,SKU003,2026-06-03 14:00:00,2026-06-03 22:00:00,436,Completed
WO00003710,P01,P01_L03,SKU008,2026-06-03 22:00:00,2026-06-04 06:00:00,425,Completed
WO00003711,P02,P02_L01,SKU003,2026-06-03 06:00:00,2026-06-03 14:00:00,344,Completed
WO00003712,P02,P02_L01,SKU002,2026-06-03 14:00:00,2026-06-03 22:00:00,344,Completed
WO00003713,P02,P02_L01,SKU003,2026-06-03 22:00:00,2026-06-04 06:00:00,344,Completed
WO00003714,P02,P02_L02,SKU002,2026-06-03 06:00:00,2026-06-03 14:00:00,394,Completed
WO00003715,P02,P02_L02,SKU002,2026-06-03 14:00:00,2026-06-03 22:00:00,394,Completed
WO00003716,P02,P02_L02,SKU002,2026-06-03 22:00:00,2026-06-04 06:00:00,394,Completed
WO00003717,P02,P02_L03,SKU001,2026-06-03 06:00:00,2026-06-03 14:00:00,331,Completed
WO00003718,P02,P02_L03,SKU007,2026-06-03 14:00:00,2026-06-03 22:00:00,331,Completed
WO00003719,P02,P02_L03,SKU004,2026-06-03 22:00:00,2026-06-04 06:00:00,331,Completed
WO00003720,P03,P03_L01,SKU001,2026-06-03 06:00:00,2026-06-03 14:00:00,351,Completed
WO00003721,P03,P03_L01,SKU004,2026-06-03 14:00:00,2026-06-03 22:00:00,399,Completed
WO00003722,P03,P03_L01,SKU003,2026-06-03 22:00:00,2026-06-04 06:00:00,406,Completed
WO00003723,P03,P03_L02,SKU001,2026-06-03 06:00:00,2026-06-03 14:00:00,351,Completed
WO00003724,P03,P03_L02,SKU001,2026-06-03 14:00:00,2026-06-03 22:00:00,351,Completed
WO00003725,P03,P03_L02,SKU006,2026-06-03 22:00:00,2026-06-04 06:00:00,386,Completed
WO00003726,P03,P03_L03,SKU001,2026-06-03 06:00:00,2026-06-03 14:00:00,351,Completed
WO00003727,P03,P03_L03,SKU006,2026-06-03 14:00:00,2026-06-03 22:00:00,386,Completed
WO00003728,P03,P03_L03,SKU005,2026-06-03 22:00:00,2026-06-04 06:00:00,355,Completed
WO00003729,P01,P01_L01,SKU002,2026-06-04 06:00:00,2026-06-04 14:00:00,492,Completed
WO00003730,P01,P01_L01,SKU005,2026-06-04 14:00:00,2026-06-04 22:00:00,355,Completed
WO00003731,P01,P01_L01,SKU005,2026-06-04 22:00:00,2026-06-05 06:00:00,355,Completed
WO00003732,P01,P01_L02,SKU001,2026-06-04 06:00:00,2026-06-04 14:00:00,351,Completed
WO00003733,P01,P01_L02,SKU008,2026-06-04 14:00:00,2026-06-04 22:00:00,425,Completed
WO00003734,P01,P01_L02,SKU003,2026-06-04 22:00:00,2026-06-05 06:00:00,436,Completed
WO00003735,P01,P01_L03,SKU003,2026-06-04 06:00:00,2026-06-04 14:00:00,436,Completed
WO00003736,P01,P01_L03,SKU003,2026-06-04 14:00:00,2026-06-04 22:00:00,436,Completed
WO00003737,P01,P01_L03,SKU003,2026-06-04 22:00:00,2026-06-05 06:00:00,436,Completed
WO00003738,P02,P02_L01,SKU003,2026-06-04 06:00:00,2026-06-04 14:00:00,344,Completed
WO00003739,P02,P02_L01,SKU001,2026-06-04 14:00:00,2026-06-04 22:00:00,344,Completed
WO00003740,P02,P02_L01,SKU006,2026-06-04 22:00:00,2026-06-05 06:00:00,344,Completed
WO00003741,P02,P02_L02,SKU002,2026-06-04 06:00:00,2026-06-04 14:00:00,394,Completed
WO00003742,P02,P02_L02,SKU002,2026-06-04 14:00:00,2026-06-04 22:00:00,394,Completed
WO00003743,P02,P02_L02,SKU002,2026-06-04 22:00:00,2026-06-05 06:00:00,394,Completed
WO00003744,P02,P02_L03,SKU003,2026-06-04 06:00:00,2026-06-04 14:00:00,331,Completed
WO00003745,P02,P02_L03,SKU005,2026-06-04 14:00:00,2026-06-04 22:00:00,331,Completed
WO00003746,P02,P02_L03,SKU005,2026-06-04 22:00:00,2026-06-05 06:00:00,331,Completed
WO00003747,P03,P03_L01,SKU003,2026-06-04 06:00:00,2026-06-04 14:00:00,406,Completed
WO00003748,P03,P03_L01,SKU001,2026-06-04 14:00:00,2026-06-04 22:00:00,351,Completed
WO00003749,P03,P03_L01,SKU003,2026-06-04 22:00:00,2026-06-05 06:00:00,406,Completed
WO00003750,P03,P03_L02,SKU001,2026-06-04 06:00:00,2026-06-04 14:00:00,351,Completed
WO00003751,P03,P03_L02,SKU004,2026-06-04 14:00:00,2026-06-04 22:00:00,398,Completed
WO00003752,P03,P03_L02,SKU006,2026-06-04 22:00:00,2026-06-05 06:00:00,386,Completed
WO00003753,P03,P03_L03,SKU006,2026-06-04 06:00:00,2026-06-04 14:00:00,386,Completed
WO00003754,P03,P03_L03,SKU001,2026-06-04 14:00:00,2026-06-04 22:00:00,351,Completed
WO00003755,P03,P03_L03,SKU004,2026-06-04 22:00:00,2026-06-05 06:00:00,399,Completed
WO00003756,P01,P01_L01,SKU005,2026-06-05 06:00:00,2026-06-05 14:00:00,355,Completed
WO00003757,P01,P01_L01,SKU001,2026-06-05 14:00:00,2026-06-05 22:00:00,351,Completed
WO00003758,P01,P01_L01,SKU001,2026-06-05 22:00:00,2026-06-06 06:00:00,351,Completed
WO00003759,P01,P01_L02,SKU008,2026-06-05 06:00:00,2026-06-05 14:00:00,425,Completed
WO00003760,P01,P01_L02,SKU004,2026-06-05 14:00:00,2026-06-05 22:00:00,399,Completed
WO00003761,P01,P01_L02,SKU006,2026-06-05 22:00:00,2026-06-06 06:00:00,386,Completed
WO00003762,P01,P01_L03,SKU003,2026-06-05 06:00:00,2026-06-05 14:00:00,436,Completed
WO00003763,P01,P01_L03,SKU003,2026-06-05 14:00:00,2026-06-05 22:00:00,436,Completed
WO00003764,P01,P01_L03,SKU003,2026-06-05 22:00:00,2026-06-06 06:00:00,436,Completed
WO00003765,P02,P02_L01,SKU003,2026-06-05 06:00:00,2026-06-05 14:00:00,344,Completed
WO00003766,P02,P02_L01,SKU006,2026-06-05 14:00:00,2026-06-05 22:00:00,344,Completed
WO00003767,P02,P02_L01,SKU001,2026-06-05 22:00:00,2026-06-06 06:00:00,344,Completed
WO00003768,P02,P02_L02,SKU002,2026-06-05 06:00:00,2026-06-05 14:00:00,394,Completed
WO00003769,P02,P02_L02,SKU006,2026-06-05 14:00:00,2026-06-05 22:00:00,386,Completed
WO00003770,P02,P02_L02,SKU002,2026-06-05 22:00:00,2026-06-06 06:00:00,394,Completed
WO00003771,P02,P02_L03,SKU007,2026-06-05 06:00:00,2026-06-05 14:00:00,331,Completed
WO00003772,P02,P02_L03,SKU003,2026-06-05 14:00:00,2026-06-05 22:00:00,331,Completed
WO00003773,P02,P02_L03,SKU004,2026-06-05 22:00:00,2026-06-06 06:00:00,331,Completed
WO00003774,P03,P03_L01,SKU004,2026-06-05 06:00:00,2026-06-05 14:00:00,399,Completed
WO00003775,P03,P03_L01,SKU003,2026-06-05 14:00:00,2026-06-05 22:00:00,406,Completed
WO00003776,P03,P03_L01,SKU006,2026-06-05 22:00:00,2026-06-06 06:00:00,386,Completed
WO00003777,P03,P03_L02,SKU006,2026-06-05 06:00:00,2026-06-05 14:00:00,386,Completed
WO00003778,P03,P03_L02,SKU008,2026-06-05 14:00:00,2026-06-05 22:00:00,398,Completed
WO00003779,P03,P03_L02,SKU001,2026-06-05 22:00:00,2026-06-06 06:00:00,351,Completed
WO00003780,P03,P03_L03,SKU006,2026-06-05 06:00:00,2026-06-05 14:00:00,386,Completed
WO00003781,P03,P03_L03,SKU004,2026-06-05 14:00:00,2026-06-05 22:00:00,399,Completed
WO00003782,P03,P03_L03,SKU004,2026-06-05 22:00:00,2026-06-06 06:00:00,399,Completed
WO00003783,P01,P01_L01,SKU005,2026-06-06 06:00:00,2026-06-06 14:00:00,355,Completed
WO00003784,P01,P01_L01,SKU005,2026-06-06 22:00:00,2026-06-07 06:00:00,355,Completed
WO00003785,P01,P01_L02,SKU002,2026-06-06 14:00:00,2026-06-06 22:00:00,459,Completed
WO00003786,P01,P01_L03,SKU004,2026-06-06 06:00:00,2026-06-06 14:00:00,399,Completed
WO00003787,P01,P01_L03,SKU003,2026-06-06 22:00:00,2026-06-07 06:00:00,436,Completed
WO00003788,P02,P02_L01,SKU005,2026-06-06 06:00:00,2026-06-06 14:00:00,344,Completed
WO00003789,P02,P02_L01,SKU003,2026-06-06 14:00:00,2026-06-06 22:00:00,344,Completed
WO00003790,P02,P02_L01,SKU003,2026-06-06 22:00:00,2026-06-07 06:00:00,344,Completed
WO00003791,P02,P02_L02,SKU002,2026-06-06 06:00:00,2026-06-06 14:00:00,394,Completed
WO00003792,P02,P02_L02,SKU002,2026-06-06 14:00:00,2026-06-06 22:00:00,394,Completed
WO00003793,P02,P02_L02,SKU005,2026-06-06 22:00:00,2026-06-07 06:00:00,355,Completed
WO00003794,P02,P02_L03,SKU003,2026-06-06 22:00:00,2026-06-07 06:00:00,331,Completed
WO00003795,P03,P03_L01,SKU003,2026-06-06 06:00:00,2026-06-06 14:00:00,406,Completed
WO00003796,P03,P03_L01,SKU004,2026-06-06 14:00:00,2026-06-06 22:00:00,399,Completed
WO00003797,P03,P03_L01,SKU001,2026-06-06 22:00:00,2026-06-07 06:00:00,351,Completed
WO00003798,P03,P03_L02,SKU002,2026-06-06 06:00:00,2026-06-06 14:00:00,398,Completed
WO00003799,P03,P03_L02,SKU006,2026-06-06 22:00:00,2026-06-07 06:00:00,386,Completed
WO00003800,P03,P03_L03,SKU006,2026-06-06 06:00:00,2026-06-06 14:00:00,386,Completed
WO00003801,P03,P03_L03,SKU001,2026-06-06 14:00:00,2026-06-06 22:00:00,351,Completed
WO00003802,P01,P01_L01,SKU005,2026-06-07 14:00:00,2026-06-07 22:00:00,355,Completed
WO00003803,P01,P01_L02,SKU001,2026-06-07 06:00:00,2026-06-07 14:00:00,351,Completed
WO00003804,P01,P01_L02,SKU004,2026-06-07 14:00:00,2026-06-07 22:00:00,399,Completed
WO00003805,P01,P01_L02,SKU001,2026-06-07 22:00:00,2026-06-08 06:00:00,351,Completed
WO00003806,P01,P01_L03,SKU005,2026-06-07 06:00:00,2026-06-07 14:00:00,355,Completed
WO00003807,P01,P01_L03,SKU003,2026-06-07 14:00:00,2026-06-07 22:00:00,436,Completed
WO00003808,P02,P02_L01,SKU003,2026-06-07 06:00:00,2026-06-07 14:00:00,344,Completed
WO00003809,P02,P02_L01,SKU003,2026-06-07 14:00:00,2026-06-07 22:00:00,344,Completed
WO00003810,P02,P02_L01,SKU003,2026-06-07 22:00:00,2026-06-08 06:00:00,344,Completed
WO00003811,P02,P02_L02,SKU004,2026-06-07 06:00:00,2026-06-07 14:00:00,394,Completed
WO00003812,P02,P02_L02,SKU002,2026-06-07 14:00:00,2026-06-07 22:00:00,394,Completed
WO00003813,P02,P02_L02,SKU004,2026-06-07 22:00:00,2026-06-08 06:00:00,394,Completed
WO00003814,P02,P02_L03,SKU007,2026-06-07 14:00:00,2026-06-07 22:00:00,331,Completed
WO00003815,P03,P03_L01,SKU003,2026-06-07 06:00:00,2026-06-07 14:00:00,406,Completed
WO00003816,P03,P03_L01,SKU004,2026-06-07 22:00:00,2026-06-08 06:00:00,399,Completed
WO00003817,P03,P03_L02,SKU005,2026-06-07 06:00:00,2026-06-07 14:00:00,355,Completed
WO00003818,P03,P03_L02,SKU004,2026-06-07 22:00:00,2026-06-08 06:00:00,398,Completed
WO00003819,P03,P03_L03,SKU003,2026-06-07 14:00:00,2026-06-07 22:00:00,409,Completed
WO00003820,P01,P01_L01,SKU005,2026-06-08 06:00:00,2026-06-08 14:00:00,355,Completed
WO00003821,P01,P01_L01,SKU007,2026-06-08 14:00:00,2026-06-08 22:00:00,492,Completed
WO00003822,P01,P01_L01,SKU005,2026-06-08 22:00:00,2026-06-09 06:00:00,355,Completed
WO00003823,P01,P01_L02,SKU006,2026-06-08 06:00:00,2026-06-08 14:00:00,386,Completed
WO00003824,P01,P01_L02,SKU008,2026-06-08 14:00:00,2026-06-08 22:00:00,425,Completed
WO00003825,P01,P01_L02,SKU004,2026-06-08 22:00:00,2026-06-09 06:00:00,399,Completed
WO00003826,P01,P01_L03,SKU004,2026-06-08 06:00:00,2026-06-08 14:00:00,399,Completed
WO00003827,P01,P01_L03,SKU002,2026-06-08 14:00:00,2026-06-08 22:00:00,507,Completed
WO00003828,P01,P01_L03,SKU008,2026-06-08 22:00:00,2026-06-09 06:00:00,425,Completed
WO00003829,P02,P02_L01,SKU006,2026-06-08 06:00:00,2026-06-08 14:00:00,344,Completed
WO00003830,P02,P02_L01,SKU001,2026-06-08 14:00:00,2026-06-08 22:00:00,344,Completed
WO00003831,P02,P02_L01,SKU003,2026-06-08 22:00:00,2026-06-09 06:00:00,344,Completed
WO00003832,P02,P02_L02,SKU002,2026-06-08 06:00:00,2026-06-08 14:00:00,394,Completed
WO00003833,P02,P02_L02,SKU002,2026-06-08 14:00:00,2026-06-08 22:00:00,394,Completed
WO00003834,P02,P02_L02,SKU008,2026-06-08 22:00:00,2026-06-09 06:00:00,394,Completed
WO00003835,P02,P02_L03,SKU003,2026-06-08 06:00:00,2026-06-08 14:00:00,331,Completed
WO00003836,P02,P02_L03,SKU004,2026-06-08 14:00:00,2026-06-08 22:00:00,331,Completed
WO00003837,P02,P02_L03,SKU007,2026-06-08 22:00:00,2026-06-09 06:00:00,331,Completed
WO00003838,P03,P03_L01,SKU007,2026-06-08 06:00:00,2026-06-08 14:00:00,406,Completed
WO00003839,P03,P03_L01,SKU001,2026-06-08 14:00:00,2026-06-08 22:00:00,351,Completed
WO00003840,P03,P03_L01,SKU001,2026-06-08 22:00:00,2026-06-09 06:00:00,351,Completed
WO00003841,P03,P03_L02,SKU006,2026-06-08 06:00:00,2026-06-08 14:00:00,386,Completed
WO00003842,P03,P03_L02,SKU006,2026-06-08 14:00:00,2026-06-08 22:00:00,386,Completed
WO00003843,P03,P03_L02,SKU006,2026-06-08 22:00:00,2026-06-09 06:00:00,386,Completed
WO00003844,P03,P03_L03,SKU004,2026-06-08 06:00:00,2026-06-08 14:00:00,399,Completed
WO00003845,P03,P03_L03,SKU004,2026-06-08 14:00:00,2026-06-08 22:00:00,399,Completed
WO00003846,P03,P03_L03,SKU003,2026-06-08 22:00:00,2026-06-09 06:00:00,409,Completed
WO00003847,P01,P01_L01,SKU007,2026-06-09 06:00:00,2026-06-09 14:00:00,492,Completed
WO00003848,P01,P01_L01,SKU007,2026-06-09 14:00:00,2026-06-09 22:00:00,492,Completed
WO00003849,P01,P01_L01,SKU006,2026-06-09 22:00:00,2026-06-10 06:00:00,386,Completed
WO00003850,P01,P01_L02,SKU002,2026-06-09 06:00:00,2026-06-09 14:00:00,459,Completed
WO00003851,P01,P01_L02,SKU008,2026-06-09 14:00:00,2026-06-09 22:00:00,425,Completed
WO00003852,P01,P01_L02,SKU002,2026-06-09 22:00:00,2026-06-10 06:00:00,459,Completed
WO00003853,P01,P01_L03,SKU003,2026-06-09 06:00:00,2026-06-09 14:00:00,436,Completed
WO00003854,P01,P01_L03,SKU007,2026-06-09 14:00:00,2026-06-09 22:00:00,522,Completed
WO00003855,P01,P01_L03,SKU003,2026-06-09 22:00:00,2026-06-10 06:00:00,436,Completed
WO00003856,P02,P02_L01,SKU003,2026-06-09 06:00:00,2026-06-09 14:00:00,344,Completed
WO00003857,P02,P02_L01,SKU003,2026-06-09 14:00:00,2026-06-09 22:00:00,344,Completed
WO00003858,P02,P02_L01,SKU003,2026-06-09 22:00:00,2026-06-10 06:00:00,344,Completed
WO00003859,P02,P02_L02,SKU002,2026-06-09 06:00:00,2026-06-09 14:00:00,394,Completed
WO00003860,P02,P02_L02,SKU005,2026-06-09 14:00:00,2026-06-09 22:00:00,355,Completed
WO00003861,P02,P02_L02,SKU003,2026-06-09 22:00:00,2026-06-10 06:00:00,394,Completed
WO00003862,P02,P02_L03,SKU007,2026-06-09 06:00:00,2026-06-09 14:00:00,331,Completed
WO00003863,P02,P02_L03,SKU003,2026-06-09 14:00:00,2026-06-09 22:00:00,331,Completed
WO00003864,P02,P02_L03,SKU003,2026-06-09 22:00:00,2026-06-10 06:00:00,331,Completed
WO00003865,P03,P03_L01,SKU001,2026-06-09 06:00:00,2026-06-09 14:00:00,351,Completed
WO00003866,P03,P03_L01,SKU004,2026-06-09 14:00:00,2026-06-09 22:00:00,399,Completed
WO00003867,P03,P03_L01,SKU001,2026-06-09 22:00:00,2026-06-10 06:00:00,351,Completed
WO00003868,P03,P03_L02,SKU001,2026-06-09 06:00:00,2026-06-09 14:00:00,351,Completed
WO00003869,P03,P03_L02,SKU002,2026-06-09 14:00:00,2026-06-09 22:00:00,398,Completed
WO00003870,P03,P03_L02,SKU008,2026-06-09 22:00:00,2026-06-10 06:00:00,398,Completed
WO00003871,P03,P03_L03,SKU004,2026-06-09 06:00:00,2026-06-09 14:00:00,399,Completed
WO00003872,P03,P03_L03,SKU001,2026-06-09 14:00:00,2026-06-09 22:00:00,351,Completed
WO00003873,P03,P03_L03,SKU004,2026-06-09 22:00:00,2026-06-10 06:00:00,399,Completed
WO00003874,P01,P01_L01,SKU007,2026-06-10 06:00:00,2026-06-10 14:00:00,492,Completed
WO00003875,P01,P01_L01,SKU005,2026-06-10 14:00:00,2026-06-10 22:00:00,355,Completed
WO00003876,P01,P01_L01,SKU005,2026-06-10 22:00:00,2026-06-11 06:00:00,355,Completed
WO00003877,P01,P01_L02,SKU001,2026-06-10 06:00:00,2026-06-10 14:00:00,351,Completed
WO00003878,P01,P01_L02,SKU006,2026-06-10 14:00:00,2026-06-10 22:00:00,386,Completed
WO00003879,P01,P01_L02,SKU001,2026-06-10 22:00:00,2026-06-11 06:00:00,351,Completed
WO00003880,P01,P01_L03,SKU003,2026-06-10 06:00:00,2026-06-10 14:00:00,436,Completed
WO00003881,P01,P01_L03,SKU007,2026-06-10 14:00:00,2026-06-10 22:00:00,522,Completed
WO00003882,P01,P01_L03,SKU007,2026-06-10 22:00:00,2026-06-11 06:00:00,522,Completed
WO00003883,P02,P02_L01,SKU004,2026-06-10 06:00:00,2026-06-10 14:00:00,344,Completed
WO00003884,P02,P02_L01,SKU003,2026-06-10 14:00:00,2026-06-10 22:00:00,344,Completed
WO00003885,P02,P02_L01,SKU003,2026-06-10 22:00:00,2026-06-11 06:00:00,344,Completed
WO00003886,P02,P02_L02,SKU004,2026-06-10 06:00:00,2026-06-10 14:00:00,394,Completed
WO00003887,P02,P02_L02,SKU002,2026-06-10 14:00:00,2026-06-10 22:00:00,394,Completed
WO00003888,P02,P02_L02,SKU004,2026-06-10 22:00:00,2026-06-11 06:00:00,394,Completed
WO00003889,P02,P02_L03,SKU007,2026-06-10 06:00:00,2026-06-10 14:00:00,331,Completed
WO00003890,P02,P02_L03,SKU004,2026-06-10 14:00:00,2026-06-10 22:00:00,331,Completed
WO00003891,P02,P02_L03,SKU004,2026-06-10 22:00:00,2026-06-11 06:00:00,331,Completed
WO00003892,P03,P03_L01,SKU001,2026-06-10 06:00:00,2026-06-10 14:00:00,351,Completed
WO00003893,P03,P03_L01,SKU004,2026-06-10 14:00:00,2026-06-10 22:00:00,399,Completed
WO00003894,P03,P03_L01,SKU004,2026-06-10 22:00:00,2026-06-11 06:00:00,399,Completed
WO00003895,P03,P03_L02,SKU006,2026-06-10 06:00:00,2026-06-10 14:00:00,386,Completed
WO00003896,P03,P03_L02,SKU006,2026-06-10 14:00:00,2026-06-10 22:00:00,386,Completed
WO00003897,P03,P03_L02,SKU002,2026-06-10 22:00:00,2026-06-11 06:00:00,398,Completed
WO00003898,P03,P03_L03,SKU004,2026-06-10 06:00:00,2026-06-10 14:00:00,399,Completed
WO00003899,P03,P03_L03,SKU004,2026-06-10 14:00:00,2026-06-10 22:00:00,399,Completed
WO00003900,P03,P03_L03,SKU004,2026-06-10 22:00:00,2026-06-11 06:00:00,399,Completed
WO00003901,P01,P01_L01,SKU001,2026-06-11 06:00:00,2026-06-11 14:00:00,351,Completed
WO00003902,P01,P01_L01,SKU007,2026-06-11 14:00:00,2026-06-11 22:00:00,492,Completed
WO00003903,P01,P01_L01,SKU006,2026-06-11 22:00:00,2026-06-12 06:00:00,386,Completed
WO00003904,P01,P01_L02,SKU001,2026-06-11 06:00:00,2026-06-11 14:00:00,351,Completed
WO00003905,P01,P01_L02,SKU006,2026-06-11 14:00:00,2026-06-11 22:00:00,386,Completed
WO00003906,P01,P01_L02,SKU004,2026-06-11 22:00:00,2026-06-12 06:00:00,399,Completed
WO00003907,P01,P01_L03,SKU002,2026-06-11 06:00:00,2026-06-11 14:00:00,507,Completed
WO00003908,P01,P01_L03,SKU004,2026-06-11 14:00:00,2026-06-11 22:00:00,399,Completed
WO00003909,P01,P01_L03,SKU008,2026-06-11 22:00:00,2026-06-12 06:00:00,425,Completed
WO00003910,P02,P02_L01,SKU004,2026-06-11 06:00:00,2026-06-11 14:00:00,344,Completed
WO00003911,P02,P02_L01,SKU003,2026-06-11 14:00:00,2026-06-11 22:00:00,344,Completed
WO00003912,P02,P02_L01,SKU001,2026-06-11 22:00:00,2026-06-12 06:00:00,344,Completed
WO00003913,P02,P02_L02,SKU002,2026-06-11 06:00:00,2026-06-11 14:00:00,394,Completed
WO00003914,P02,P02_L02,SKU004,2026-06-11 14:00:00,2026-06-11 22:00:00,394,Completed
WO00003915,P02,P02_L02,SKU006,2026-06-11 22:00:00,2026-06-12 06:00:00,386,Completed
WO00003916,P02,P02_L03,SKU005,2026-06-11 06:00:00,2026-06-11 14:00:00,331,Completed
WO00003917,P02,P02_L03,SKU007,2026-06-11 14:00:00,2026-06-11 22:00:00,331,Completed
WO00003918,P02,P02_L03,SKU003,2026-06-11 22:00:00,2026-06-12 06:00:00,331,Completed
WO00003919,P03,P03_L01,SKU001,2026-06-11 06:00:00,2026-06-11 14:00:00,351,Completed
WO00003920,P03,P03_L01,SKU004,2026-06-11 14:00:00,2026-06-11 22:00:00,399,Completed
WO00003921,P03,P03_L01,SKU001,2026-06-11 22:00:00,2026-06-12 06:00:00,351,Completed
WO00003922,P03,P03_L02,SKU006,2026-06-11 06:00:00,2026-06-11 14:00:00,386,Completed
WO00003923,P03,P03_L02,SKU006,2026-06-11 14:00:00,2026-06-11 22:00:00,386,Completed
WO00003924,P03,P03_L02,SKU006,2026-06-11 22:00:00,2026-06-12 06:00:00,386,Completed
WO00003925,P03,P03_L03,SKU004,2026-06-11 06:00:00,2026-06-11 14:00:00,399,Completed
WO00003926,P03,P03_L03,SKU003,2026-06-11 14:00:00,2026-06-11 22:00:00,409,Completed
WO00003927,P03,P03_L03,SKU001,2026-06-11 22:00:00,2026-06-12 06:00:00,351,Completed
WO00003928,P01,P01_L01,SKU004,2026-06-12 06:00:00,2026-06-12 14:00:00,399,Completed
WO00003929,P01,P01_L01,SKU005,2026-06-12 14:00:00,2026-06-12 22:00:00,355,Completed
WO00003930,P01,P01_L01,SKU001,2026-06-12 22:00:00,2026-06-13 06:00:00,351,Completed
WO00003931,P01,P01_L02,SKU006,2026-06-12 06:00:00,2026-06-12 14:00:00,386,Completed
WO00003932,P01,P01_L02,SKU006,2026-06-12 14:00:00,2026-06-12 22:00:00,386,Completed
WO00003933,P01,P01_L02,SKU001,2026-06-12 22:00:00,2026-06-13 06:00:00,351,Completed
WO00003934,P01,P01_L03,SKU006,2026-06-12 06:00:00,2026-06-12 14:00:00,386,Completed
WO00003935,P01,P01_L03,SKU003,2026-06-12 14:00:00,2026-06-12 22:00:00,436,Completed
WO00003936,P01,P01_L03,SKU003,2026-06-12 22:00:00,2026-06-13 06:00:00,436,Completed
WO00003937,P02,P02_L01,SKU001,2026-06-12 06:00:00,2026-06-12 14:00:00,344,Completed
WO00003938,P02,P02_L01,SKU006,2026-06-12 14:00:00,2026-06-12 22:00:00,344,Completed
WO00003939,P02,P02_L01,SKU001,2026-06-12 22:00:00,2026-06-13 06:00:00,344,Completed
WO00003940,P02,P02_L02,SKU004,2026-06-12 06:00:00,2026-06-12 14:00:00,394,Completed
WO00003941,P02,P02_L02,SKU006,2026-06-12 14:00:00,2026-06-12 22:00:00,386,Completed
WO00003942,P02,P02_L02,SKU002,2026-06-12 22:00:00,2026-06-13 06:00:00,394,Completed
WO00003943,P02,P02_L03,SKU005,2026-06-12 06:00:00,2026-06-12 14:00:00,331,Completed
WO00003944,P02,P02_L03,SKU003,2026-06-12 14:00:00,2026-06-12 22:00:00,331,Completed
WO00003945,P02,P02_L03,SKU003,2026-06-12 22:00:00,2026-06-13 06:00:00,331,Completed
WO00003946,P03,P03_L01,SKU004,2026-06-12 06:00:00,2026-06-12 14:00:00,399,Completed
WO00003947,P03,P03_L01,SKU007,2026-06-12 14:00:00,2026-06-12 22:00:00,406,Completed
WO00003948,P03,P03_L01,SKU001,2026-06-12 22:00:00,2026-06-13 06:00:00,351,Completed
WO00003949,P03,P03_L02,SKU001,2026-06-12 06:00:00,2026-06-12 14:00:00,351,Completed
WO00003950,P03,P03_L02,SKU008,2026-06-12 14:00:00,2026-06-12 22:00:00,398,Completed
WO00003951,P03,P03_L02,SKU006,2026-06-12 22:00:00,2026-06-13 06:00:00,386,Completed
WO00003952,P03,P03_L03,SKU001,2026-06-12 06:00:00,2026-06-12 14:00:00,351,Completed
WO00003953,P03,P03_L03,SKU004,2026-06-12 14:00:00,2026-06-12 22:00:00,399,Completed
WO00003954,P03,P03_L03,SKU003,2026-06-12 22:00:00,2026-06-13 06:00:00,409,Completed
WO00003955,P01,P01_L01,SKU001,2026-06-13 22:00:00,2026-06-14 06:00:00,351,Completed
WO00003956,P01,P01_L02,SKU001,2026-06-13 06:00:00,2026-06-13 14:00:00,351,Completed
WO00003957,P01,P01_L02,SKU004,2026-06-13 14:00:00,2026-06-13 22:00:00,399,Completed
WO00003958,P01,P01_L03,SKU006,2026-06-13 06:00:00,2026-06-13 14:00:00,386,Completed
WO00003959,P02,P02_L01,SKU003,2026-06-13 06:00:00,2026-06-13 14:00:00,344,Completed
WO00003960,P02,P02_L01,SKU003,2026-06-13 14:00:00,2026-06-13 22:00:00,344,Completed
WO00003961,P02,P02_L01,SKU003,2026-06-13 22:00:00,2026-06-14 06:00:00,344,Completed
WO00003962,P02,P02_L02,SKU002,2026-06-13 06:00:00,2026-06-13 14:00:00,394,Completed
WO00003963,P02,P02_L03,SKU004,2026-06-13 06:00:00,2026-06-13 14:00:00,331,Completed
WO00003964,P02,P02_L03,SKU003,2026-06-13 14:00:00,2026-06-13 22:00:00,331,Completed
WO00003965,P02,P02_L03,SKU002,2026-06-13 22:00:00,2026-06-14 06:00:00,331,Completed
WO00003966,P03,P03_L01,SKU003,2026-06-13 06:00:00,2026-06-13 14:00:00,406,Completed
WO00003967,P03,P03_L01,SKU001,2026-06-13 14:00:00,2026-06-13 22:00:00,351,Completed
WO00003968,P03,P03_L01,SKU003,2026-06-13 22:00:00,2026-06-14 06:00:00,406,Completed
WO00003969,P03,P03_L02,SKU006,2026-06-13 06:00:00,2026-06-13 14:00:00,386,Completed
WO00003970,P03,P03_L02,SKU008,2026-06-13 14:00:00,2026-06-13 22:00:00,398,Completed
WO00003971,P03,P03_L02,SKU001,2026-06-13 22:00:00,2026-06-14 06:00:00,351,Completed
WO00003972,P03,P03_L03,SKU001,2026-06-13 06:00:00,2026-06-13 14:00:00,351,Completed
WO00003973,P03,P03_L03,SKU001,2026-06-13 14:00:00,2026-06-13 22:00:00,351,Completed
WO00003974,P01,P01_L01,SKU005,2026-06-14 14:00:00,2026-06-14 22:00:00,355,Completed
WO00003975,P01,P01_L01,SKU005,2026-06-14 22:00:00,2026-06-15 06:00:00,355,Completed
WO00003976,P01,P01_L02,SKU001,2026-06-14 14:00:00,2026-06-14 22:00:00,351,Completed
WO00003977,P01,P01_L02,SKU006,2026-06-14 22:00:00,2026-06-15 06:00:00,386,Completed
WO00003978,P01,P01_L03,SKU003,2026-06-14 06:00:00,2026-06-14 14:00:00,436,Completed
WO00003979,P01,P01_L03,SKU007,2026-06-14 14:00:00,2026-06-14 22:00:00,522,Completed
WO00003980,P01,P01_L03,SKU003,2026-06-14 22:00:00,2026-06-15 06:00:00,436,Completed
WO00003981,P02,P02_L01,SKU003,2026-06-14 14:00:00,2026-06-14 22:00:00,344,Completed
WO00003982,P02,P02_L01,SKU001,2026-06-14 22:00:00,2026-06-15 06:00:00,344,Completed
WO00003983,P02,P02_L02,SKU002,2026-06-14 14:00:00,2026-06-14 22:00:00,394,Completed
WO00003984,P02,P02_L02,SKU006,2026-06-14 22:00:00,2026-06-15 06:00:00,386,Completed
WO00003985,P02,P02_L03,SKU001,2026-06-14 06:00:00,2026-06-14 14:00:00,331,Completed
WO00003986,P03,P03_L02,SKU004,2026-06-14 14:00:00,2026-06-14 22:00:00,398,Completed
WO00003987,P03,P03_L03,SKU006,2026-06-14 06:00:00,2026-06-14 14:00:00,386,Completed
WO00003988,P03,P03_L03,SKU003,2026-06-14 14:00:00,2026-06-14 22:00:00,409,Completed
WO00003989,P03,P03_L03,SKU006,2026-06-14 22:00:00,2026-06-15 06:00:00,386,Completed
WO00003990,P01,P01_L01,SKU001,2026-06-15 06:00:00,2026-06-15 14:00:00,351,Completed
WO00003991,P01,P01_L01,SKU001,2026-06-15 14:00:00,2026-06-15 22:00:00,351,Completed
WO00003992,P01,P01_L01,SKU005,2026-06-15 22:00:00,2026-06-16 06:00:00,355,Completed
WO00003993,P01,P01_L02,SKU003,2026-06-15 06:00:00,2026-06-15 14:00:00,436,Completed
WO00003994,P01,P01_L02,SKU004,2026-06-15 14:00:00,2026-06-15 22:00:00,399,Completed
WO00003995,P01,P01_L02,SKU001,2026-06-15 22:00:00,2026-06-16 06:00:00,351,Completed
WO00003996,P01,P01_L03,SKU003,2026-06-15 06:00:00,2026-06-15 14:00:00,436,Completed
WO00003997,P01,P01_L03,SKU008,2026-06-15 14:00:00,2026-06-15 22:00:00,425,Completed
WO00003998,P01,P01_L03,SKU004,2026-06-15 22:00:00,2026-06-16 06:00:00,399,Completed
WO00003999,P02,P02_L01,SKU002,2026-06-15 06:00:00,2026-06-15 14:00:00,344,Completed
WO00004000,P02,P02_L01,SKU001,2026-06-15 14:00:00,2026-06-15 22:00:00,344,Completed
WO00004001,P02,P02_L01,SKU001,2026-06-15 22:00:00,2026-06-16 06:00:00,344,Completed
WO00004002,P02,P02_L02,SKU004,2026-06-15 06:00:00,2026-06-15 14:00:00,394,Completed
WO00004003,P02,P02_L02,SKU002,2026-06-15 14:00:00,2026-06-15 22:00:00,394,Completed
WO00004004,P02,P02_L02,SKU002,2026-06-15 22:00:00,2026-06-16 06:00:00,394,Completed
WO00004005,P02,P02_L03,SKU003,2026-06-15 06:00:00,2026-06-15 14:00:00,331,Completed
WO00004006,P02,P02_L03,SKU003,2026-06-15 14:00:00,2026-06-15 22:00:00,331,Completed
WO00004007,P02,P02_L03,SKU003,2026-06-15 22:00:00,2026-06-16 06:00:00,331,Completed
WO00004008,P03,P03_L01,SKU007,2026-06-15 06:00:00,2026-06-15 14:00:00,406,Completed
WO00004009,P03,P03_L01,SKU003,2026-06-15 14:00:00,2026-06-15 22:00:00,406,Completed
WO00004010,P03,P03_L01,SKU003,2026-06-15 22:00:00,2026-06-16 06:00:00,406,Completed
WO00004011,P03,P03_L02,SKU006,2026-06-15 06:00:00,2026-06-15 14:00:00,386,Completed
WO00004012,P03,P03_L02,SKU006,2026-06-15 14:00:00,2026-06-15 22:00:00,386,Completed
WO00004013,P03,P03_L02,SKU001,2026-06-15 22:00:00,2026-06-16 06:00:00,351,Completed
WO00004014,P03,P03_L03,SKU003,2026-06-15 06:00:00,2026-06-15 14:00:00,409,Completed
WO00004015,P03,P03_L03,SKU003,2026-06-15 14:00:00,2026-06-15 22:00:00,409,Completed
WO00004016,P03,P03_L03,SKU004,2026-06-15 22:00:00,2026-06-16 06:00:00,399,Completed
WO00004017,P01,P01_L01,SKU007,2026-06-16 06:00:00,2026-06-16 14:00:00,492,Completed
WO00004018,P01,P01_L01,SKU004,2026-06-16 14:00:00,2026-06-16 22:00:00,399,Completed
WO00004019,P01,P01_L01,SKU004,2026-06-16 22:00:00,2026-06-17 06:00:00,399,Completed
WO00004020,P01,P01_L02,SKU001,2026-06-16 06:00:00,2026-06-16 14:00:00,351,Completed
WO00004021,P01,P01_L02,SKU006,2026-06-16 14:00:00,2026-06-16 22:00:00,386,Completed
WO00004022,P01,P01_L02,SKU004,2026-06-16 22:00:00,2026-06-17 06:00:00,399,Completed
WO00004023,P01,P01_L03,SKU003,2026-06-16 06:00:00,2026-06-16 14:00:00,436,Completed
WO00004024,P01,P01_L03,SKU003,2026-06-16 14:00:00,2026-06-16 22:00:00,436,Completed
WO00004025,P01,P01_L03,SKU006,2026-06-16 22:00:00,2026-06-17 06:00:00,386,Completed
WO00004026,P02,P02_L01,SKU003,2026-06-16 06:00:00,2026-06-16 14:00:00,344,Completed
WO00004027,P02,P02_L01,SKU004,2026-06-16 14:00:00,2026-06-16 22:00:00,344,Completed
WO00004028,P02,P02_L01,SKU003,2026-06-16 22:00:00,2026-06-17 06:00:00,344,Completed
WO00004029,P02,P02_L02,SKU001,2026-06-16 06:00:00,2026-06-16 14:00:00,351,Completed
WO00004030,P02,P02_L02,SKU004,2026-06-16 14:00:00,2026-06-16 22:00:00,394,Completed
WO00004031,P02,P02_L02,SKU002,2026-06-16 22:00:00,2026-06-17 06:00:00,394,Completed
WO00004032,P02,P02_L03,SKU003,2026-06-16 06:00:00,2026-06-16 14:00:00,331,Completed
WO00004033,P02,P02_L03,SKU001,2026-06-16 14:00:00,2026-06-16 22:00:00,331,Completed
WO00004034,P02,P02_L03,SKU007,2026-06-16 22:00:00,2026-06-17 06:00:00,331,Completed
WO00004035,P03,P03_L01,SKU001,2026-06-16 06:00:00,2026-06-16 14:00:00,351,Completed
WO00004036,P03,P03_L01,SKU001,2026-06-16 14:00:00,2026-06-16 22:00:00,351,Completed
WO00004037,P03,P03_L01,SKU003,2026-06-16 22:00:00,2026-06-17 06:00:00,406,Completed
WO00004038,P03,P03_L02,SKU006,2026-06-16 06:00:00,2026-06-16 14:00:00,386,Completed
WO00004039,P03,P03_L02,SKU006,2026-06-16 14:00:00,2026-06-16 22:00:00,386,Completed
WO00004040,P03,P03_L02,SKU001,2026-06-16 22:00:00,2026-06-17 06:00:00,351,Completed
WO00004041,P03,P03_L03,SKU001,2026-06-16 06:00:00,2026-06-16 14:00:00,351,Completed
WO00004042,P03,P03_L03,SKU004,2026-06-16 14:00:00,2026-06-16 22:00:00,399,Completed
WO00004043,P03,P03_L03,SKU004,2026-06-16 22:00:00,2026-06-17 06:00:00,399,Completed
WO00004044,P01,P01_L01,SKU005,2026-06-17 06:00:00,2026-06-17 14:00:00,355,Completed
WO00004045,P01,P01_L01,SKU001,2026-06-17 14:00:00,2026-06-17 22:00:00,351,Completed
WO00004046,P01,P01_L01,SKU008,2026-06-17 22:00:00,2026-06-18 06:00:00,425,Completed
WO00004047,P01,P01_L02,SKU001,2026-06-17 06:00:00,2026-06-17 14:00:00,351,Completed
WO00004048,P01,P01_L02,SKU003,2026-06-17 14:00:00,2026-06-17 22:00:00,436,Completed
WO00004049,P01,P01_L02,SKU004,2026-06-17 22:00:00,2026-06-18 06:00:00,399,Completed
WO00004050,P01,P01_L03,SKU003,2026-06-17 06:00:00,2026-06-17 14:00:00,436,Completed
WO00004051,P01,P01_L03,SKU008,2026-06-17 14:00:00,2026-06-17 22:00:00,425,Completed
WO00004052,P01,P01_L03,SKU003,2026-06-17 22:00:00,2026-06-18 06:00:00,436,Completed
WO00004053,P02,P02_L01,SKU003,2026-06-17 06:00:00,2026-06-17 14:00:00,344,Completed
WO00004054,P02,P02_L01,SKU004,2026-06-17 14:00:00,2026-06-17 22:00:00,344,Completed
WO00004055,P02,P02_L01,SKU004,2026-06-17 22:00:00,2026-06-18 06:00:00,344,Completed
WO00004056,P02,P02_L02,SKU002,2026-06-17 06:00:00,2026-06-17 14:00:00,394,Completed
WO00004057,P02,P02_L02,SKU004,2026-06-17 14:00:00,2026-06-17 22:00:00,394,Completed
WO00004058,P02,P02_L02,SKU001,2026-06-17 22:00:00,2026-06-18 06:00:00,351,Completed
WO00004059,P02,P02_L03,SKU007,2026-06-17 06:00:00,2026-06-17 14:00:00,331,Completed
WO00004060,P02,P02_L03,SKU007,2026-06-17 14:00:00,2026-06-17 22:00:00,331,Completed
WO00004061,P02,P02_L03,SKU001,2026-06-17 22:00:00,2026-06-18 06:00:00,331,Completed
WO00004062,P03,P03_L01,SKU001,2026-06-17 06:00:00,2026-06-17 14:00:00,351,Completed
WO00004063,P03,P03_L01,SKU006,2026-06-17 14:00:00,2026-06-17 22:00:00,386,Completed
WO00004064,P03,P03_L01,SKU003,2026-06-17 22:00:00,2026-06-18 06:00:00,406,Completed
WO00004065,P03,P03_L02,SKU006,2026-06-17 06:00:00,2026-06-17 14:00:00,386,Completed
WO00004066,P03,P03_L02,SKU002,2026-06-17 14:00:00,2026-06-17 22:00:00,398,Completed
WO00004067,P03,P03_L02,SKU006,2026-06-17 22:00:00,2026-06-18 06:00:00,386,Completed
WO00004068,P03,P03_L03,SKU001,2026-06-17 06:00:00,2026-06-17 14:00:00,351,Completed
WO00004069,P03,P03_L03,SKU001,2026-06-17 14:00:00,2026-06-17 22:00:00,351,Completed
WO00004070,P03,P03_L03,SKU003,2026-06-17 22:00:00,2026-06-18 06:00:00,409,Completed
WO00004071,P01,P01_L01,SKU005,2026-06-18 06:00:00,2026-06-18 14:00:00,355,Completed
WO00004072,P01,P01_L01,SKU007,2026-06-18 14:00:00,2026-06-18 22:00:00,492,Completed
WO00004073,P01,P01_L01,SKU005,2026-06-18 22:00:00,2026-06-19 06:00:00,355,Completed
WO00004074,P01,P01_L02,SKU002,2026-06-18 06:00:00,2026-06-18 14:00:00,459,Completed
WO00004075,P01,P01_L02,SKU008,2026-06-18 14:00:00,2026-06-18 22:00:00,425,Completed
WO00004076,P01,P01_L02,SKU002,2026-06-18 22:00:00,2026-06-19 06:00:00,459,Completed
WO00004077,P01,P01_L03,SKU008,2026-06-18 06:00:00,2026-06-18 14:00:00,425,Completed
WO00004078,P01,P01_L03,SKU007,2026-06-18 14:00:00,2026-06-18 22:00:00,522,Completed
WO00004079,P01,P01_L03,SKU008,2026-06-18 22:00:00,2026-06-19 06:00:00,425,Completed
WO00004080,P02,P02_L01,SKU002,2026-06-18 06:00:00,2026-06-18 14:00:00,344,Completed
WO00004081,P02,P02_L01,SKU002,2026-06-18 14:00:00,2026-06-18 22:00:00,344,Completed
WO00004082,P02,P02_L01,SKU006,2026-06-18 22:00:00,2026-06-19 06:00:00,344,Completed
WO00004083,P02,P02_L02,SKU006,2026-06-18 06:00:00,2026-06-18 14:00:00,386,Completed
WO00004084,P02,P02_L02,SKU004,2026-06-18 14:00:00,2026-06-18 22:00:00,394,Completed
WO00004085,P02,P02_L02,SKU002,2026-06-18 22:00:00,2026-06-19 06:00:00,394,Completed
WO00004086,P02,P02_L03,SKU003,2026-06-18 06:00:00,2026-06-18 14:00:00,331,Completed
WO00004087,P02,P02_L03,SKU007,2026-06-18 14:00:00,2026-06-18 22:00:00,331,Completed
WO00004088,P02,P02_L03,SKU004,2026-06-18 22:00:00,2026-06-19 06:00:00,331,Completed
WO00004089,P03,P03_L01,SKU004,2026-06-18 06:00:00,2026-06-18 14:00:00,399,Completed
WO00004090,P03,P03_L01,SKU004,2026-06-18 14:00:00,2026-06-18 22:00:00,399,Completed
WO00004091,P03,P03_L01,SKU001,2026-06-18 22:00:00,2026-06-19 06:00:00,351,Completed
WO00004092,P03,P03_L02,SKU004,2026-06-18 06:00:00,2026-06-18 14:00:00,398,Completed
WO00004093,P03,P03_L02,SKU002,2026-06-18 14:00:00,2026-06-18 22:00:00,398,Completed
WO00004094,P03,P03_L02,SKU006,2026-06-18 22:00:00,2026-06-19 06:00:00,386,Completed
WO00004095,P03,P03_L03,SKU006,2026-06-18 06:00:00,2026-06-18 14:00:00,386,Completed
WO00004096,P03,P03_L03,SKU001,2026-06-18 14:00:00,2026-06-18 22:00:00,351,Completed
WO00004097,P03,P03_L03,SKU006,2026-06-18 22:00:00,2026-06-19 06:00:00,386,Completed
WO00004098,P01,P01_L01,SKU005,2026-06-19 06:00:00,2026-06-19 14:00:00,355,Completed
WO00004099,P01,P01_L01,SKU004,2026-06-19 14:00:00,2026-06-19 22:00:00,399,Completed
WO00004100,P01,P01_L01,SKU005,2026-06-19 22:00:00,2026-06-20 06:00:00,355,Completed
WO00004101,P01,P01_L02,SKU001,2026-06-19 06:00:00,2026-06-19 14:00:00,351,Completed
WO00004102,P01,P01_L02,SKU002,2026-06-19 14:00:00,2026-06-19 22:00:00,459,Completed
WO00004103,P01,P01_L02,SKU001,2026-06-19 22:00:00,2026-06-20 06:00:00,351,Completed
WO00004104,P01,P01_L03,SKU003,2026-06-19 06:00:00,2026-06-19 14:00:00,436,Completed
WO00004105,P01,P01_L03,SKU007,2026-06-19 14:00:00,2026-06-19 22:00:00,522,Completed
WO00004106,P01,P01_L03,SKU003,2026-06-19 22:00:00,2026-06-20 06:00:00,436,Completed
WO00004107,P02,P02_L01,SKU003,2026-06-19 06:00:00,2026-06-19 14:00:00,344,Completed
WO00004108,P02,P02_L01,SKU006,2026-06-19 14:00:00,2026-06-19 22:00:00,344,Completed
WO00004109,P02,P02_L01,SKU002,2026-06-19 22:00:00,2026-06-20 06:00:00,344,Completed
WO00004110,P02,P02_L02,SKU004,2026-06-19 06:00:00,2026-06-19 14:00:00,394,Completed
WO00004111,P02,P02_L02,SKU002,2026-06-19 14:00:00,2026-06-19 22:00:00,394,Completed
WO00004112,P02,P02_L02,SKU002,2026-06-19 22:00:00,2026-06-20 06:00:00,394,Completed
WO00004113,P02,P02_L03,SKU003,2026-06-19 06:00:00,2026-06-19 14:00:00,331,Completed
WO00004114,P02,P02_L03,SKU003,2026-06-19 14:00:00,2026-06-19 22:00:00,331,Completed
WO00004115,P02,P02_L03,SKU001,2026-06-19 22:00:00,2026-06-20 06:00:00,331,Completed
WO00004116,P03,P03_L01,SKU003,2026-06-19 06:00:00,2026-06-19 14:00:00,406,Completed
WO00004117,P03,P03_L01,SKU001,2026-06-19 14:00:00,2026-06-19 22:00:00,351,Completed
WO00004118,P03,P03_L01,SKU003,2026-06-19 22:00:00,2026-06-20 06:00:00,406,Completed
WO00004119,P03,P03_L02,SKU004,2026-06-19 06:00:00,2026-06-19 14:00:00,398,Completed
WO00004120,P03,P03_L02,SKU006,2026-06-19 14:00:00,2026-06-19 22:00:00,386,Completed
WO00004121,P03,P03_L02,SKU002,2026-06-19 22:00:00,2026-06-20 06:00:00,398,Completed
WO00004122,P03,P03_L03,SKU001,2026-06-19 06:00:00,2026-06-19 14:00:00,351,Completed
WO00004123,P03,P03_L03,SKU004,2026-06-19 14:00:00,2026-06-19 22:00:00,399,Completed
WO00004124,P03,P03_L03,SKU004,2026-06-19 22:00:00,2026-06-20 06:00:00,399,Completed
WO00004125,P01,P01_L01,SKU005,2026-06-20 06:00:00,2026-06-20 14:00:00,355,Completed
WO00004126,P01,P01_L01,SKU001,2026-06-20 14:00:00,2026-06-20 22:00:00,351,Completed
WO00004127,P01,P01_L02,SKU006,2026-06-20 06:00:00,2026-06-20 14:00:00,386,Completed
WO00004128,P01,P01_L03,SKU003,2026-06-20 06:00:00,2026-06-20 14:00:00,436,Completed
WO00004129,P01,P01_L03,SKU003,2026-06-20 14:00:00,2026-06-20 22:00:00,436,Completed
WO00004130,P02,P02_L01,SKU002,2026-06-20 06:00:00,2026-06-20 14:00:00,344,Completed
WO00004131,P02,P02_L01,SKU001,2026-06-20 22:00:00,2026-06-21 06:00:00,344,Completed
WO00004132,P02,P02_L02,SKU002,2026-06-20 06:00:00,2026-06-20 14:00:00,394,Completed
WO00004133,P02,P02_L02,SKU006,2026-06-20 14:00:00,2026-06-20 22:00:00,386,Completed
WO00004134,P02,P02_L02,SKU004,2026-06-20 22:00:00,2026-06-21 06:00:00,394,Completed
WO00004135,P02,P02_L03,SKU004,2026-06-20 06:00:00,2026-06-20 14:00:00,331,Completed
WO00004136,P03,P03_L01,SKU003,2026-06-20 06:00:00,2026-06-20 14:00:00,406,Completed
WO00004137,P03,P03_L01,SKU001,2026-06-20 22:00:00,2026-06-21 06:00:00,351,Completed
WO00004138,P03,P03_L02,SKU002,2026-06-20 06:00:00,2026-06-20 14:00:00,398,Completed
WO00004139,P03,P03_L02,SKU008,2026-06-20 14:00:00,2026-06-20 22:00:00,398,Completed
WO00004140,P03,P03_L02,SKU006,2026-06-20 22:00:00,2026-06-21 06:00:00,386,Completed
WO00004141,P03,P03_L03,SKU001,2026-06-20 06:00:00,2026-06-20 14:00:00,351,Completed
WO00004142,P03,P03_L03,SKU001,2026-06-20 14:00:00,2026-06-20 22:00:00,351,Completed
WO00004143,P03,P03_L03,SKU004,2026-06-20 22:00:00,2026-06-21 06:00:00,399,Completed
WO00004144,P01,P01_L01,SKU005,2026-06-21 06:00:00,2026-06-21 14:00:00,355,Completed
WO00004145,P01,P01_L01,SKU005,2026-06-21 22:00:00,2026-06-22 06:00:00,355,Completed
WO00004146,P01,P01_L02,SKU004,2026-06-21 06:00:00,2026-06-21 14:00:00,399,Completed
WO00004147,P01,P01_L02,SKU001,2026-06-21 14:00:00,2026-06-21 22:00:00,351,Completed
WO00004148,P01,P01_L03,SKU008,2026-06-21 06:00:00,2026-06-21 14:00:00,425,Completed
WO00004149,P01,P01_L03,SKU003,2026-06-21 22:00:00,2026-06-22 06:00:00,436,Completed
WO00004150,P02,P02_L01,SKU003,2026-06-21 06:00:00,2026-06-21 14:00:00,344,Completed
WO00004151,P02,P02_L01,SKU003,2026-06-21 14:00:00,2026-06-21 22:00:00,344,Completed
WO00004152,P02,P02_L01,SKU003,2026-06-21 22:00:00,2026-06-22 06:00:00,344,Completed
WO00004153,P02,P02_L02,SKU002,2026-06-21 06:00:00,2026-06-21 14:00:00,394,Completed
WO00004154,P02,P02_L02,SKU002,2026-06-21 14:00:00,2026-06-21 22:00:00,394,Completed
WO00004155,P02,P02_L03,SKU005,2026-06-21 06:00:00,2026-06-21 14:00:00,331,Completed
WO00004156,P02,P02_L03,SKU002,2026-06-21 22:00:00,2026-06-22 06:00:00,331,Completed
WO00004157,P03,P03_L01,SKU004,2026-06-21 14:00:00,2026-06-21 22:00:00,399,Completed
WO00004158,P03,P03_L02,SKU004,2026-06-21 06:00:00,2026-06-21 14:00:00,398,Completed
WO00004159,P03,P03_L02,SKU006,2026-06-21 14:00:00,2026-06-21 22:00:00,386,Completed
WO00004160,P03,P03_L02,SKU001,2026-06-21 22:00:00,2026-06-22 06:00:00,351,Completed
WO00004161,P03,P03_L03,SKU004,2026-06-21 14:00:00,2026-06-21 22:00:00,399,Completed
WO00004162,P01,P01_L01,SKU006,2026-06-22 06:00:00,2026-06-22 14:00:00,386,Completed
WO00004163,P01,P01_L01,SKU007,2026-06-22 14:00:00,2026-06-22 22:00:00,492,Completed
WO00004164,P01,P01_L01,SKU001,2026-06-22 22:00:00,2026-06-23 06:00:00,351,Completed
WO00004165,P01,P01_L02,SKU003,2026-06-22 06:00:00,2026-06-22 14:00:00,436,Completed
WO00004166,P01,P01_L02,SKU002,2026-06-22 14:00:00,2026-06-22 22:00:00,459,Completed
WO00004167,P01,P01_L02,SKU004,2026-06-22 22:00:00,2026-06-23 06:00:00,399,Completed
WO00004168,P01,P01_L03,SKU003,2026-06-22 06:00:00,2026-06-22 14:00:00,436,Completed
WO00004169,P01,P01_L03,SKU003,2026-06-22 14:00:00,2026-06-22 22:00:00,436,Completed
WO00004170,P01,P01_L03,SKU003,2026-06-22 22:00:00,2026-06-23 06:00:00,436,Completed
WO00004171,P02,P02_L01,SKU001,2026-06-22 06:00:00,2026-06-22 14:00:00,344,Completed
WO00004172,P02,P02_L01,SKU003,2026-06-22 14:00:00,2026-06-22 22:00:00,344,Completed
WO00004173,P02,P02_L01,SKU003,2026-06-22 22:00:00,2026-06-23 06:00:00,344,Completed
WO00004174,P02,P02_L02,SKU002,2026-06-22 06:00:00,2026-06-22 14:00:00,394,Completed
WO00004175,P02,P02_L02,SKU002,2026-06-22 14:00:00,2026-06-22 22:00:00,394,Completed
WO00004176,P02,P02_L02,SKU002,2026-06-22 22:00:00,2026-06-23 06:00:00,394,Completed
WO00004177,P02,P02_L03,SKU007,2026-06-22 06:00:00,2026-06-22 14:00:00,331,Completed
WO00004178,P02,P02_L03,SKU005,2026-06-22 14:00:00,2026-06-22 22:00:00,331,Completed
WO00004179,P02,P02_L03,SKU007,2026-06-22 22:00:00,2026-06-23 06:00:00,331,Completed
WO00004180,P03,P03_L01,SKU001,2026-06-22 06:00:00,2026-06-22 14:00:00,351,Completed
WO00004181,P03,P03_L01,SKU001,2026-06-22 14:00:00,2026-06-22 22:00:00,351,Completed
WO00004182,P03,P03_L01,SKU001,2026-06-22 22:00:00,2026-06-23 06:00:00,351,Completed
WO00004183,P03,P03_L02,SKU007,2026-06-22 06:00:00,2026-06-22 14:00:00,398,Completed
WO00004184,P03,P03_L02,SKU001,2026-06-22 14:00:00,2026-06-22 22:00:00,351,Completed
WO00004185,P03,P03_L02,SKU002,2026-06-22 22:00:00,2026-06-23 06:00:00,398,Completed
WO00004186,P03,P03_L03,SKU004,2026-06-22 06:00:00,2026-06-22 14:00:00,399,Completed
WO00004187,P03,P03_L03,SKU006,2026-06-22 14:00:00,2026-06-22 22:00:00,386,Completed
WO00004188,P03,P03_L03,SKU004,2026-06-22 22:00:00,2026-06-23 06:00:00,399,Completed
WO00004189,P01,P01_L01,SKU002,2026-06-23 06:00:00,2026-06-23 14:00:00,492,Completed
WO00004190,P01,P01_L01,SKU006,2026-06-23 14:00:00,2026-06-23 22:00:00,386,Completed
WO00004191,P01,P01_L01,SKU004,2026-06-23 22:00:00,2026-06-24 06:00:00,399,Completed
WO00004192,P01,P01_L02,SKU004,2026-06-23 06:00:00,2026-06-23 14:00:00,399,Completed
WO00004193,P01,P01_L02,SKU006,2026-06-23 14:00:00,2026-06-23 22:00:00,386,Completed
WO00004194,P01,P01_L02,SKU004,2026-06-23 22:00:00,2026-06-24 06:00:00,399,Completed
WO00004195,P01,P01_L03,SKU008,2026-06-23 06:00:00,2026-06-23 14:00:00,425,Completed
WO00004196,P01,P01_L03,SKU004,2026-06-23 14:00:00,2026-06-23 22:00:00,399,Completed
WO00004197,P01,P01_L03,SKU004,2026-06-23 22:00:00,2026-06-24 06:00:00,399,Completed
WO00004198,P02,P02_L01,SKU008,2026-06-23 06:00:00,2026-06-23 14:00:00,344,Completed
WO00004199,P02,P02_L01,SKU006,2026-06-23 14:00:00,2026-06-23 22:00:00,344,Completed
WO00004200,P02,P02_L01,SKU003,2026-06-23 22:00:00,2026-06-24 06:00:00,344,Completed
WO00004201,P02,P02_L02,SKU002,2026-06-23 06:00:00,2026-06-23 14:00:00,394,Completed
WO00004202,P02,P02_L02,SKU003,2026-06-23 14:00:00,2026-06-23 22:00:00,394,Completed
WO00004203,P02,P02_L02,SKU006,2026-06-23 22:00:00,2026-06-24 06:00:00,386,Completed
WO00004204,P02,P02_L03,SKU003,2026-06-23 06:00:00,2026-06-23 14:00:00,331,Completed
WO00004205,P02,P02_L03,SKU003,2026-06-23 14:00:00,2026-06-23 22:00:00,331,Completed
WO00004206,P02,P02_L03,SKU008,2026-06-23 22:00:00,2026-06-24 06:00:00,331,Completed
WO00004207,P03,P03_L01,SKU006,2026-06-23 06:00:00,2026-06-23 14:00:00,386,Completed
WO00004208,P03,P03_L01,SKU001,2026-06-23 14:00:00,2026-06-23 22:00:00,351,Completed
WO00004209,P03,P03_L01,SKU004,2026-06-23 22:00:00,2026-06-24 06:00:00,399,Completed
WO00004210,P03,P03_L02,SKU001,2026-06-23 06:00:00,2026-06-23 14:00:00,351,Completed
WO00004211,P03,P03_L02,SKU001,2026-06-23 14:00:00,2026-06-23 22:00:00,351,Completed
WO00004212,P03,P03_L02,SKU006,2026-06-23 22:00:00,2026-06-24 06:00:00,386,Completed
WO00004213,P03,P03_L03,SKU004,2026-06-23 06:00:00,2026-06-23 14:00:00,399,Completed
WO00004214,P03,P03_L03,SKU003,2026-06-23 14:00:00,2026-06-23 22:00:00,409,Completed
WO00004215,P03,P03_L03,SKU004,2026-06-23 22:00:00,2026-06-24 06:00:00,399,Completed
WO00004216,P01,P01_L01,SKU004,2026-06-24 06:00:00,2026-06-24 14:00:00,399,Completed
WO00004217,P01,P01_L01,SKU006,2026-06-24 14:00:00,2026-06-24 22:00:00,386,Completed
WO00004218,P01,P01_L01,SKU006,2026-06-24 22:00:00,2026-06-25 06:00:00,386,Completed
WO00004219,P01,P01_L02,SKU001,2026-06-24 06:00:00,2026-06-24 14:00:00,351,Completed
WO00004220,P01,P01_L02,SKU002,2026-06-24 14:00:00,2026-06-24 22:00:00,459,Completed
WO00004221,P01,P01_L02,SKU001,2026-06-24 22:00:00,2026-06-25 06:00:00,351,Completed
WO00004222,P01,P01_L03,SKU003,2026-06-24 06:00:00,2026-06-24 14:00:00,436,Completed
WO00004223,P01,P01_L03,SKU006,2026-06-24 14:00:00,2026-06-24 22:00:00,386,Completed
WO00004224,P01,P01_L03,SKU004,2026-06-24 22:00:00,2026-06-25 06:00:00,399,Completed
WO00004225,P02,P02_L01,SKU003,2026-06-24 06:00:00,2026-06-24 14:00:00,344,Completed
WO00004226,P02,P02_L01,SKU003,2026-06-24 14:00:00,2026-06-24 22:00:00,344,Completed
WO00004227,P02,P02_L01,SKU003,2026-06-24 22:00:00,2026-06-25 06:00:00,344,Completed
WO00004228,P02,P02_L02,SKU001,2026-06-24 06:00:00,2026-06-24 14:00:00,351,Completed
WO00004229,P02,P02_L02,SKU002,2026-06-24 14:00:00,2026-06-24 22:00:00,394,Completed
WO00004230,P02,P02_L02,SKU006,2026-06-24 22:00:00,2026-06-25 06:00:00,386,Completed
WO00004231,P02,P02_L03,SKU007,2026-06-24 06:00:00,2026-06-24 14:00:00,331,Completed
WO00004232,P02,P02_L03,SKU007,2026-06-24 14:00:00,2026-06-24 22:00:00,331,Completed
WO00004233,P02,P02_L03,SKU007,2026-06-24 22:00:00,2026-06-25 06:00:00,331,Completed
WO00004234,P03,P03_L01,SKU001,2026-06-24 06:00:00,2026-06-24 14:00:00,351,Completed
WO00004235,P03,P03_L01,SKU003,2026-06-24 14:00:00,2026-06-24 22:00:00,406,Completed
WO00004236,P03,P03_L01,SKU001,2026-06-24 22:00:00,2026-06-25 06:00:00,351,Completed
WO00004237,P03,P03_L02,SKU006,2026-06-24 06:00:00,2026-06-24 14:00:00,386,Completed
WO00004238,P03,P03_L02,SKU006,2026-06-24 14:00:00,2026-06-24 22:00:00,386,Completed
WO00004239,P03,P03_L02,SKU002,2026-06-24 22:00:00,2026-06-25 06:00:00,398,Completed
WO00004240,P03,P03_L03,SKU001,2026-06-24 06:00:00,2026-06-24 14:00:00,351,Completed
WO00004241,P03,P03_L03,SKU001,2026-06-24 14:00:00,2026-06-24 22:00:00,351,Completed
WO00004242,P03,P03_L03,SKU001,2026-06-24 22:00:00,2026-06-25 06:00:00,351,Completed
WO00004243,P01,P01_L01,SKU001,2026-06-25 06:00:00,2026-06-25 14:00:00,351,Completed
WO00004244,P01,P01_L01,SKU002,2026-06-25 14:00:00,2026-06-25 22:00:00,492,Completed
WO00004245,P01,P01_L01,SKU005,2026-06-25 22:00:00,2026-06-26 06:00:00,355,Completed
WO00004246,P01,P01_L02,SKU006,2026-06-25 06:00:00,2026-06-25 14:00:00,386,Completed
WO00004247,P01,P01_L02,SKU001,2026-06-25 14:00:00,2026-06-25 22:00:00,351,Completed
WO00004248,P01,P01_L02,SKU002,2026-06-25 22:00:00,2026-06-26 06:00:00,459,Completed
WO00004249,P01,P01_L03,SKU003,2026-06-25 06:00:00,2026-06-25 14:00:00,436,Completed
WO00004250,P01,P01_L03,SKU003,2026-06-25 14:00:00,2026-06-25 22:00:00,436,Completed
WO00004251,P01,P01_L03,SKU003,2026-06-25 22:00:00,2026-06-26 06:00:00,436,Completed
WO00004252,P02,P02_L01,SKU003,2026-06-25 06:00:00,2026-06-25 14:00:00,344,Completed
WO00004253,P02,P02_L01,SKU003,2026-06-25 14:00:00,2026-06-25 22:00:00,344,Completed
WO00004254,P02,P02_L01,SKU002,2026-06-25 22:00:00,2026-06-26 06:00:00,344,Completed
WO00004255,P02,P02_L02,SKU005,2026-06-25 06:00:00,2026-06-25 14:00:00,355,Completed
WO00004256,P02,P02_L02,SKU002,2026-06-25 14:00:00,2026-06-25 22:00:00,394,Completed
WO00004257,P02,P02_L02,SKU002,2026-06-25 22:00:00,2026-06-26 06:00:00,394,Completed
WO00004258,P02,P02_L03,SKU002,2026-06-25 06:00:00,2026-06-25 14:00:00,331,Completed
WO00004259,P02,P02_L03,SKU003,2026-06-25 14:00:00,2026-06-25 22:00:00,331,Completed
WO00004260,P02,P02_L03,SKU007,2026-06-25 22:00:00,2026-06-26 06:00:00,331,Completed
WO00004261,P03,P03_L01,SKU004,2026-06-25 06:00:00,2026-06-25 14:00:00,399,Completed
WO00004262,P03,P03_L01,SKU001,2026-06-25 14:00:00,2026-06-25 22:00:00,351,Completed
WO00004263,P03,P03_L01,SKU008,2026-06-25 22:00:00,2026-06-26 06:00:00,406,Completed
WO00004264,P03,P03_L02,SKU008,2026-06-25 06:00:00,2026-06-25 14:00:00,398,Completed
WO00004265,P03,P03_L02,SKU008,2026-06-25 14:00:00,2026-06-25 22:00:00,398,Completed
WO00004266,P03,P03_L02,SKU002,2026-06-25 22:00:00,2026-06-26 06:00:00,398,Completed
WO00004267,P03,P03_L03,SKU006,2026-06-25 06:00:00,2026-06-25 14:00:00,386,Completed
WO00004268,P03,P03_L03,SKU003,2026-06-25 14:00:00,2026-06-25 22:00:00,409,Completed
WO00004269,P03,P03_L03,SKU004,2026-06-25 22:00:00,2026-06-26 06:00:00,399,Completed
WO00004270,P01,P01_L01,SKU001,2026-06-26 06:00:00,2026-06-26 14:00:00,351,Completed
WO00004271,P01,P01_L01,SKU001,2026-06-26 14:00:00,2026-06-26 22:00:00,351,Completed
WO00004272,P01,P01_L01,SKU006,2026-06-26 22:00:00,2026-06-27 06:00:00,386,Completed
WO00004273,P01,P01_L02,SKU002,2026-06-26 06:00:00,2026-06-26 14:00:00,459,Completed
WO00004274,P01,P01_L02,SKU004,2026-06-26 14:00:00,2026-06-26 22:00:00,399,Completed
WO00004275,P01,P01_L02,SKU004,2026-06-26 22:00:00,2026-06-27 06:00:00,399,Completed
WO00004276,P01,P01_L03,SKU003,2026-06-26 06:00:00,2026-06-26 14:00:00,436,Completed
WO00004277,P01,P01_L03,SKU008,2026-06-26 14:00:00,2026-06-26 22:00:00,425,Completed
WO00004278,P01,P01_L03,SKU008,2026-06-26 22:00:00,2026-06-27 06:00:00,425,Completed
WO00004279,P02,P02_L01,SKU004,2026-06-26 06:00:00,2026-06-26 14:00:00,344,Completed
WO00004280,P02,P02_L01,SKU006,2026-06-26 14:00:00,2026-06-26 22:00:00,344,Completed
WO00004281,P02,P02_L01,SKU006,2026-06-26 22:00:00,2026-06-27 06:00:00,344,Completed
WO00004282,P02,P02_L02,SKU003,2026-06-26 06:00:00,2026-06-26 14:00:00,394,Completed
WO00004283,P02,P02_L02,SKU004,2026-06-26 14:00:00,2026-06-26 22:00:00,394,Completed
WO00004284,P02,P02_L02,SKU002,2026-06-26 22:00:00,2026-06-27 06:00:00,394,Completed
WO00004285,P02,P02_L03,SKU003,2026-06-26 06:00:00,2026-06-26 14:00:00,331,Completed
WO00004286,P02,P02_L03,SKU007,2026-06-26 14:00:00,2026-06-26 22:00:00,331,Completed
WO00004287,P02,P02_L03,SKU003,2026-06-26 22:00:00,2026-06-27 06:00:00,331,Completed
WO00004288,P03,P03_L01,SKU001,2026-06-26 06:00:00,2026-06-26 14:00:00,351,Completed
WO00004289,P03,P03_L01,SKU001,2026-06-26 14:00:00,2026-06-26 22:00:00,351,Completed
WO00004290,P03,P03_L01,SKU003,2026-06-26 22:00:00,2026-06-27 06:00:00,406,Completed
WO00004291,P03,P03_L02,SKU006,2026-06-26 06:00:00,2026-06-26 14:00:00,386,Completed
WO00004292,P03,P03_L02,SKU006,2026-06-26 14:00:00,2026-06-26 22:00:00,386,Completed
WO00004293,P03,P03_L02,SKU006,2026-06-26 22:00:00,2026-06-27 06:00:00,386,Completed
WO00004294,P03,P03_L03,SKU001,2026-06-26 06:00:00,2026-06-26 14:00:00,351,Completed
WO00004295,P03,P03_L03,SKU004,2026-06-26 14:00:00,2026-06-26 22:00:00,399,Completed
WO00004296,P03,P03_L03,SKU004,2026-06-26 22:00:00,2026-06-27 06:00:00,399,Completed
WO00004297,P01,P01_L01,SKU005,2026-06-27 06:00:00,2026-06-27 14:00:00,355,Completed
WO00004298,P01,P01_L01,SKU002,2026-06-27 14:00:00,2026-06-27 22:00:00,492,Completed
WO00004299,P01,P01_L01,SKU001,2026-06-27 22:00:00,2026-06-28 06:00:00,351,Completed
WO00004300,P01,P01_L02,SKU002,2026-06-27 06:00:00,2026-06-27 14:00:00,459,Completed
WO00004301,P01,P01_L02,SKU001,2026-06-27 14:00:00,2026-06-27 22:00:00,351,Completed
WO00004302,P02,P02_L01,SKU003,2026-06-27 06:00:00,2026-06-27 14:00:00,344,Completed
WO00004303,P02,P02_L02,SKU002,2026-06-27 06:00:00,2026-06-27 14:00:00,394,Completed
WO00004304,P02,P02_L02,SKU006,2026-06-27 14:00:00,2026-06-27 22:00:00,386,Completed
WO00004305,P02,P02_L02,SKU004,2026-06-27 22:00:00,2026-06-28 06:00:00,394,Completed
WO00004306,P02,P02_L03,SKU004,2026-06-27 06:00:00,2026-06-27 14:00:00,331,Completed
WO00004307,P02,P02_L03,SKU004,2026-06-27 14:00:00,2026-06-27 22:00:00,331,Completed
WO00004308,P03,P03_L01,SKU001,2026-06-27 06:00:00,2026-06-27 14:00:00,351,Completed
WO00004309,P03,P03_L01,SKU001,2026-06-27 14:00:00,2026-06-27 22:00:00,351,Completed
WO00004310,P03,P03_L02,SKU001,2026-06-27 06:00:00,2026-06-27 14:00:00,351,Completed
WO00004311,P03,P03_L03,SKU003,2026-06-27 14:00:00,2026-06-27 22:00:00,409,Completed
WO00004312,P01,P01_L02,SKU008,2026-06-28 06:00:00,2026-06-28 14:00:00,425,Completed
WO00004313,P01,P01_L02,SKU001,2026-06-28 14:00:00,2026-06-28 22:00:00,351,Completed
WO00004314,P01,P01_L02,SKU006,2026-06-28 22:00:00,2026-06-29 06:00:00,386,Completed
WO00004315,P01,P01_L03,SKU003,2026-06-28 06:00:00,2026-06-28 14:00:00,436,Completed
WO00004316,P01,P01_L03,SKU002,2026-06-28 14:00:00,2026-06-28 22:00:00,507,Completed
WO00004317,P01,P01_L03,SKU008,2026-06-28 22:00:00,2026-06-29 06:00:00,425,Completed
WO00004318,P02,P02_L01,SKU001,2026-06-28 06:00:00,2026-06-28 14:00:00,344,Completed
WO00004319,P02,P02_L01,SKU002,2026-06-28 14:00:00,2026-06-28 22:00:00,344,Completed
WO00004320,P02,P02_L01,SKU006,2026-06-28 22:00:00,2026-06-29 06:00:00,344,Completed
WO00004321,P02,P02_L02,SKU006,2026-06-28 14:00:00,2026-06-28 22:00:00,386,Completed
WO00004322,P02,P02_L02,SKU004,2026-06-28 22:00:00,2026-06-29 06:00:00,394,Completed
WO00004323,P02,P02_L03,SKU003,2026-06-28 06:00:00,2026-06-28 14:00:00,331,Completed
WO00004324,P03,P03_L01,SKU005,2026-06-28 06:00:00,2026-06-28 14:00:00,355,Completed
WO00004325,P03,P03_L01,SKU001,2026-06-28 14:00:00,2026-06-28 22:00:00,351,Completed
WO00004326,P03,P03_L01,SKU004,2026-06-28 22:00:00,2026-06-29 06:00:00,399,Completed
WO00004327,P03,P03_L02,SKU008,2026-06-28 14:00:00,2026-06-28 22:00:00,398,Completed
WO00004328,P03,P03_L02,SKU001,2026-06-28 22:00:00,2026-06-29 06:00:00,351,Completed
WO00004329,P03,P03_L03,SKU006,2026-06-28 22:00:00,2026-06-29 06:00:00,386,Completed
WO00004330,P01,P01_L01,SKU002,2026-06-29 06:00:00,2026-06-29 14:00:00,492,Completed
WO00004331,P01,P01_L01,SKU001,2026-06-29 14:00:00,2026-06-29 22:00:00,351,Completed
WO00004332,P01,P01_L01,SKU005,2026-06-29 22:00:00,2026-06-30 06:00:00,355,Completed
WO00004333,P01,P01_L02,SKU002,2026-06-29 06:00:00,2026-06-29 14:00:00,459,Completed
WO00004334,P01,P01_L02,SKU008,2026-06-29 14:00:00,2026-06-29 22:00:00,425,Completed
WO00004335,P01,P01_L02,SKU002,2026-06-29 22:00:00,2026-06-30 06:00:00,459,Completed
WO00004336,P01,P01_L03,SKU002,2026-06-29 06:00:00,2026-06-29 14:00:00,507,Completed
WO00004337,P01,P01_L03,SKU008,2026-06-29 14:00:00,2026-06-29 22:00:00,425,Completed
WO00004338,P01,P01_L03,SKU003,2026-06-29 22:00:00,2026-06-30 06:00:00,436,Completed
WO00004339,P02,P02_L01,SKU002,2026-06-29 06:00:00,2026-06-29 14:00:00,344,Completed
WO00004340,P02,P02_L01,SKU001,2026-06-29 14:00:00,2026-06-29 22:00:00,344,Completed
WO00004341,P02,P02_L01,SKU006,2026-06-29 22:00:00,2026-06-30 06:00:00,344,Completed
WO00004342,P02,P02_L02,SKU002,2026-06-29 06:00:00,2026-06-29 14:00:00,394,Completed
WO00004343,P02,P02_L02,SKU002,2026-06-29 14:00:00,2026-06-29 22:00:00,394,Completed
WO00004344,P02,P02_L02,SKU004,2026-06-29 22:00:00,2026-06-30 06:00:00,394,Completed
WO00004345,P02,P02_L03,SKU001,2026-06-29 06:00:00,2026-06-29 14:00:00,331,Completed
WO00004346,P02,P02_L03,SKU003,2026-06-29 14:00:00,2026-06-29 22:00:00,331,Completed
WO00004347,P02,P02_L03,SKU003,2026-06-29 22:00:00,2026-06-30 06:00:00,331,Completed
WO00004348,P03,P03_L01,SKU004,2026-06-29 06:00:00,2026-06-29 14:00:00,399,Completed
WO00004349,P03,P03_L01,SKU001,2026-06-29 14:00:00,2026-06-29 22:00:00,351,Completed
WO00004350,P03,P03_L01,SKU004,2026-06-29 22:00:00,2026-06-30 06:00:00,399,Completed
WO00004351,P03,P03_L02,SKU006,2026-06-29 06:00:00,2026-06-29 14:00:00,386,Completed
WO00004352,P03,P03_L02,SKU006,2026-06-29 14:00:00,2026-06-29 22:00:00,386,Completed
WO00004353,P03,P03_L02,SKU001,2026-06-29 22:00:00,2026-06-30 06:00:00,351,Completed
WO00004354,P03,P03_L03,SKU001,2026-06-29 06:00:00,2026-06-29 14:00:00,351,Completed
WO00004355,P03,P03_L03,SKU004,2026-06-29 14:00:00,2026-06-29 22:00:00,399,Completed
WO00004356,P03,P03_L03,SKU004,2026-06-29 22:00:00,2026-06-30 06:00:00,399,Completed
